2025-04-22 18:48:06,669 - IndustryTrendAnalysis - INFO - Loading data from JSON files...
2025-04-22 18:48:06,958 - IndustryTrendAnalysis - ERROR - Error loading data: 'employees'
2025-04-22 18:48:10,458 - IndustryTrendAnalysis - INFO - Loading data from JSON files...
2025-04-22 18:48:10,729 - IndustryTrendAnalysis - ERROR - Error loading data: 'employees'
2025-04-22 18:49:09,499 - IndustryTrendAnalysis - INFO - Loaded 1103 records from fundraiser data
2025-04-22 18:49:09,501 - IndustryTrendAnalysis - INFO - Loaded 100 records from growthlist data
2025-04-22 18:49:09,550 - IndustryTrendAnalysis - INFO - Loaded 546 records from topstartup data
2025-04-22 18:49:09,649 - IndustryTrendAnalysis - ERROR - Error loading data: 'IndustryTrendAnalyzer' object has no attribute '_clean_data'
2025-04-22 18:49:48,733 - IndustryTrendAnalysis - INFO - Loaded 1103 records from fundraiser data
2025-04-22 18:49:48,733 - IndustryTrendAnalysis - INFO - Loaded 100 records from growthlist data
2025-04-22 18:49:48,778 - IndustryTrendAnalysis - INFO - Loaded 546 records from topstartup data
2025-04-22 18:49:49,111 - IndustryTrendAnalysis - ERROR - Error loading data: Missing funding amounts after cleaning
2025-04-22 18:51:05,804 - IndustryTrendAnalysis - INFO - Loaded 1103 records from fundraiser data
2025-04-22 18:51:05,805 - IndustryTrendAnalysis - INFO - Loaded 100 records from growthlist data
2025-04-22 18:51:05,808 - IndustryTrendAnalysis - INFO - Loaded 546 records from topstartup data
2025-04-22 18:51:05,919 - IndustryTrendAnalysis - WARNING - Removed 546 rows with invalid dates
2025-04-22 18:51:05,930 - IndustryTrendAnalysis - INFO - Cleaned data summary:
2025-04-22 18:51:05,930 - IndustryTrendAnalysis - INFO - Total companies: 1184
2025-04-22 18:51:05,930 - IndustryTrendAnalysis - INFO - Total funding rounds: 1202
2025-04-22 18:51:05,931 - IndustryTrendAnalysis - INFO - Date range: 2024-01-01 to 2025-03-01
2025-04-22 18:51:05,931 - IndustryTrendAnalysis - INFO - Total funding amount: $102,311,608,279.00
2025-04-22 18:51:06,205 - IndustryTrendAnalysis - INFO - Final dataset contains 1202 valid records
2025-04-22 18:51:06,206 - IndustryTrendAnalysis - INFO - Analyzing industry trends...
2025-04-22 18:51:06,206 - IndustryTrendAnalysis - INFO - Preparing trend features...
2025-04-22 18:51:06,214 - IndustryTrendAnalysis - ERROR - Error preparing trend features: unsupported operand type(s) for -: 'float' and 'str'
2025-04-22 18:51:06,214 - IndustryTrendAnalysis - ERROR - Error in trend analysis: unsupported operand type(s) for -: 'float' and 'str'
2025-04-22 18:51:41,688 - IndustryTrendAnalysis - INFO - Loaded 1103 records from fundraiser data
2025-04-22 18:51:41,689 - IndustryTrendAnalysis - INFO - Loaded 100 records from growthlist data
2025-04-22 18:51:41,731 - IndustryTrendAnalysis - INFO - Loaded 546 records from topstartup data
2025-04-22 18:51:41,827 - IndustryTrendAnalysis - WARNING - Removed 546 rows with invalid dates
2025-04-22 18:51:41,836 - IndustryTrendAnalysis - INFO - Cleaned data summary:
2025-04-22 18:51:41,836 - IndustryTrendAnalysis - INFO - Total companies: 1184
2025-04-22 18:51:41,836 - IndustryTrendAnalysis - INFO - Total funding rounds: 1202
2025-04-22 18:51:41,836 - IndustryTrendAnalysis - INFO - Date range: 2024-01-01 to 2025-03-01
2025-04-22 18:51:41,837 - IndustryTrendAnalysis - INFO - Total funding amount: $102,311,608,279.00
2025-04-22 18:51:42,047 - IndustryTrendAnalysis - INFO - Final dataset contains 1202 valid records
2025-04-22 18:51:42,047 - IndustryTrendAnalysis - INFO - Analyzing industry trends...
2025-04-22 18:51:42,047 - IndustryTrendAnalysis - INFO - Preparing trend features...
2025-04-22 18:51:42,369 - IndustryTrendAnalysis - WARNING - Could not generate forecast for Research: 'DecomposeResult' object has no attribute 'rsquared'
2025-04-22 18:51:42,369 - IndustryTrendAnalysis - WARNING - Could not generate forecast for Information Technology & Services: 'DecomposeResult' object has no attribute 'rsquared'
2025-04-22 18:51:42,370 - IndustryTrendAnalysis - WARNING - Could not generate forecast for Financial Services: 'DecomposeResult' object has no attribute 'rsquared'
2025-04-22 18:51:42,370 - IndustryTrendAnalysis - INFO - Analyzing employee migration patterns...
2025-04-22 18:51:42,371 - IndustryTrendAnalysis - ERROR - Error analyzing employee migration: unsupported operand type(s) for /: 'str' and 'str'
2025-04-22 18:52:19,693 - IndustryTrendAnalysis - INFO - Loaded 1103 records from fundraiser data
2025-04-22 18:52:19,694 - IndustryTrendAnalysis - INFO - Loaded 100 records from growthlist data
2025-04-22 18:52:19,735 - IndustryTrendAnalysis - INFO - Loaded 546 records from topstartup data
2025-04-22 18:52:19,833 - IndustryTrendAnalysis - WARNING - Removed 546 rows with invalid dates
2025-04-22 18:52:19,842 - IndustryTrendAnalysis - INFO - Cleaned data summary:
2025-04-22 18:52:19,842 - IndustryTrendAnalysis - INFO - Total companies: 1184
2025-04-22 18:52:19,842 - IndustryTrendAnalysis - INFO - Total funding rounds: 1202
2025-04-22 18:52:19,843 - IndustryTrendAnalysis - INFO - Date range: 2024-01-01 to 2025-03-01
2025-04-22 18:52:19,843 - IndustryTrendAnalysis - INFO - Total funding amount: $102,311,608,279.00
2025-04-22 18:52:20,061 - IndustryTrendAnalysis - INFO - Final dataset contains 1202 valid records
2025-04-22 18:52:20,061 - IndustryTrendAnalysis - INFO - Analyzing industry trends...
2025-04-22 18:52:20,061 - IndustryTrendAnalysis - INFO - Preparing trend features...
2025-04-22 18:52:20,387 - IndustryTrendAnalysis - WARNING - Could not generate forecast for Research: 'DecomposeResult' object has no attribute 'rsquared'
2025-04-22 18:52:20,388 - IndustryTrendAnalysis - WARNING - Could not generate forecast for Information Technology & Services: 'DecomposeResult' object has no attribute 'rsquared'
2025-04-22 18:52:20,388 - IndustryTrendAnalysis - WARNING - Could not generate forecast for Financial Services: 'DecomposeResult' object has no attribute 'rsquared'
2025-04-22 18:52:20,388 - IndustryTrendAnalysis - INFO - Analyzing employee migration patterns...
2025-04-22 18:52:20,491 - IndustryTrendAnalysis - INFO - Employee migration analysis summary:
2025-04-22 18:52:20,491 - IndustryTrendAnalysis - INFO - Total industries analyzed: 102
2025-04-22 18:52:20,491 - IndustryTrendAnalysis - INFO - Growing industries: 42
2025-04-22 18:52:20,491 - IndustryTrendAnalysis - INFO - Shrinking industries: 13
2025-04-22 18:52:20,491 - IndustryTrendAnalysis - INFO - 
Top 5 fastest growing industries:
2025-04-22 18:52:20,492 - IndustryTrendAnalysis - INFO - Design: 16900.89% growth rate
2025-04-22 18:52:20,492 - IndustryTrendAnalysis - INFO - Environmental Services: 5078.14% growth rate
2025-04-22 18:52:20,492 - IndustryTrendAnalysis - INFO - Information Services: 4656.26% growth rate
2025-04-22 18:52:20,492 - IndustryTrendAnalysis - INFO - Aviation & Aerospace: 2354.67% growth rate
2025-04-22 18:52:20,492 - IndustryTrendAnalysis - INFO - Computer Games: 2175.58% growth rate
2025-04-22 18:52:20,492 - IndustryTrendAnalysis - INFO - Generating industry trend report...
2025-04-22 18:52:20,691 - IndustryTrendAnalysis - INFO - Report saved to ./outputIndustryTrends/industry_trend_report.json
2025-04-22 18:52:20,691 - IndustryTrendAnalysis - INFO - Creating trend visualizations...
2025-04-22 18:53:44,380 - IndustryTrendAnalysis - INFO - Loaded 1103 records from fundraiser data
2025-04-22 18:53:44,381 - IndustryTrendAnalysis - INFO - Loaded 100 records from growthlist data
2025-04-22 18:53:44,423 - IndustryTrendAnalysis - INFO - Loaded 546 records from topstartup data
2025-04-22 18:53:44,523 - IndustryTrendAnalysis - WARNING - Removed 546 rows with invalid dates
2025-04-22 18:53:44,534 - IndustryTrendAnalysis - INFO - Cleaned data summary:
2025-04-22 18:53:44,535 - IndustryTrendAnalysis - INFO - Total companies: 1184
2025-04-22 18:53:44,535 - IndustryTrendAnalysis - INFO - Total funding rounds: 1202
2025-04-22 18:53:44,535 - IndustryTrendAnalysis - INFO - Date range: 2024-01-01 to 2025-03-01
2025-04-22 18:53:44,535 - IndustryTrendAnalysis - INFO - Total funding amount: $102,311,608,279.00
2025-04-22 18:53:44,777 - IndustryTrendAnalysis - INFO - Final dataset contains 1202 valid records
2025-04-22 18:53:44,778 - IndustryTrendAnalysis - INFO - Analyzing industry trends...
2025-04-22 18:53:44,778 - IndustryTrendAnalysis - INFO - Preparing trend features...
2025-04-22 18:53:45,096 - IndustryTrendAnalysis - WARNING - Could not generate forecast for Research: 'DecomposeResult' object has no attribute 'rsquared'
2025-04-22 18:53:45,096 - IndustryTrendAnalysis - WARNING - Could not generate forecast for Information Technology & Services: 'DecomposeResult' object has no attribute 'rsquared'
2025-04-22 18:53:45,097 - IndustryTrendAnalysis - WARNING - Could not generate forecast for Financial Services: 'DecomposeResult' object has no attribute 'rsquared'
2025-04-22 18:53:45,097 - IndustryTrendAnalysis - INFO - Analyzing employee migration patterns...
2025-04-22 18:53:45,203 - IndustryTrendAnalysis - INFO - Employee migration analysis summary:
2025-04-22 18:53:45,204 - IndustryTrendAnalysis - INFO - Total industries analyzed: 102
2025-04-22 18:53:45,204 - IndustryTrendAnalysis - INFO - Growing industries: 42
2025-04-22 18:53:45,204 - IndustryTrendAnalysis - INFO - Shrinking industries: 13
2025-04-22 18:53:45,204 - IndustryTrendAnalysis - INFO - 
Top 5 fastest growing industries:
2025-04-22 18:53:45,204 - IndustryTrendAnalysis - INFO - Design: 16900.89% growth rate
2025-04-22 18:53:45,204 - IndustryTrendAnalysis - INFO - Environmental Services: 5078.14% growth rate
2025-04-22 18:53:45,204 - IndustryTrendAnalysis - INFO - Information Services: 4656.26% growth rate
2025-04-22 18:53:45,204 - IndustryTrendAnalysis - INFO - Aviation & Aerospace: 2354.67% growth rate
2025-04-22 18:53:45,204 - IndustryTrendAnalysis - INFO - Computer Games: 2175.58% growth rate
2025-04-22 18:53:45,205 - IndustryTrendAnalysis - INFO - Generating industry trend report...
2025-04-22 18:53:45,405 - IndustryTrendAnalysis - INFO - Report saved to ./outputIndustryTrends/industry_trend_report.json
2025-04-22 18:53:45,405 - IndustryTrendAnalysis - INFO - Creating trend visualizations...
2025-04-22 18:55:03,758 - IndustryTrendAnalysis - INFO - Loaded 1103 records from fundraiser data
2025-04-22 18:55:03,760 - IndustryTrendAnalysis - INFO - Loaded 100 records from growthlist data
2025-04-22 18:55:03,806 - IndustryTrendAnalysis - INFO - Loaded 546 records from topstartup data
2025-04-22 18:55:03,930 - IndustryTrendAnalysis - WARNING - Removed 546 rows with invalid dates
2025-04-22 18:55:03,946 - IndustryTrendAnalysis - INFO - Cleaned data summary:
2025-04-22 18:55:03,946 - IndustryTrendAnalysis - INFO - Total companies: 1184
2025-04-22 18:55:03,946 - IndustryTrendAnalysis - INFO - Total funding rounds: 1202
2025-04-22 18:55:03,947 - IndustryTrendAnalysis - INFO - Date range: 2024-01-01 to 2025-03-01
2025-04-22 18:55:03,947 - IndustryTrendAnalysis - INFO - Total funding amount: $102,311,608,279.00
2025-04-22 18:55:04,187 - IndustryTrendAnalysis - INFO - Final dataset contains 1202 valid records
2025-04-22 18:55:04,187 - IndustryTrendAnalysis - INFO - Analyzing industry trends...
2025-04-22 18:55:04,187 - IndustryTrendAnalysis - INFO - Preparing trend features...
2025-04-22 18:55:04,552 - IndustryTrendAnalysis - INFO - 
Overall Market Statistics:
2025-04-22 18:55:04,552 - IndustryTrendAnalysis - INFO - Total Funding: $102,311,608,279.00
2025-04-22 18:55:04,553 - IndustryTrendAnalysis - INFO - Total Companies: 1184
2025-04-22 18:55:04,553 - IndustryTrendAnalysis - INFO - Average Funding Round: $85,117,810.55
2025-04-22 18:55:04,568 - IndustryTrendAnalysis - INFO - 
Industry Analysis Summary:
2025-04-22 18:55:04,568 - IndustryTrendAnalysis - INFO - Total Industries Analyzed: 102
2025-04-22 18:55:04,569 - IndustryTrendAnalysis - INFO - Emerging Industries Found: 3
2025-04-22 18:55:04,569 - IndustryTrendAnalysis - INFO - Saturated Industries Found: 8
2025-04-22 18:55:04,569 - IndustryTrendAnalysis - INFO - Industries with Forecasts: 3
2025-04-22 18:55:04,569 - IndustryTrendAnalysis - INFO - 
Top 5 Emerging Industries by Growth Score:
2025-04-22 18:55:04,569 - IndustryTrendAnalysis - INFO - Computer Hardware:
2025-04-22 18:55:04,569 - IndustryTrendAnalysis - INFO -   Growth Score: 1.12
2025-04-22 18:55:04,569 - IndustryTrendAnalysis - INFO -   YoY Growth: 0.00%
2025-04-22 18:55:04,569 - IndustryTrendAnalysis - INFO -   Market Share: 1.28%
2025-04-22 18:55:04,569 - IndustryTrendAnalysis - INFO -   Companies: 10
2025-04-22 18:55:04,569 - IndustryTrendAnalysis - INFO - Computer & Network Security:
2025-04-22 18:55:04,569 - IndustryTrendAnalysis - INFO -   Growth Score: 0.73
2025-04-22 18:55:04,569 - IndustryTrendAnalysis - INFO -   YoY Growth: 0.00%
2025-04-22 18:55:04,569 - IndustryTrendAnalysis - INFO -   Market Share: 1.63%
2025-04-22 18:55:04,569 - IndustryTrendAnalysis - INFO -   Companies: 33
2025-04-22 18:55:04,569 - IndustryTrendAnalysis - INFO - Information Services:
2025-04-22 18:55:04,569 - IndustryTrendAnalysis - INFO -   Growth Score: 0.61
2025-04-22 18:55:04,569 - IndustryTrendAnalysis - INFO -   YoY Growth: 0.00%
2025-04-22 18:55:04,569 - IndustryTrendAnalysis - INFO -   Market Share: 0.04%
2025-04-22 18:55:04,569 - IndustryTrendAnalysis - INFO -   Companies: 8
2025-04-22 18:55:04,570 - IndustryTrendAnalysis - INFO - 
Top 5 Saturated Industries by Concentration:
2025-04-22 18:55:04,570 - IndustryTrendAnalysis - INFO - Fund-Raising:
2025-04-22 18:55:04,570 - IndustryTrendAnalysis - INFO -   Market Concentration: 0.91
2025-04-22 18:55:04,570 - IndustryTrendAnalysis - INFO -   Market Share: 0.00%
2025-04-22 18:55:04,570 - IndustryTrendAnalysis - INFO -   Funding Trend: -97.50%
2025-04-22 18:55:04,570 - IndustryTrendAnalysis - INFO - Food Production:
2025-04-22 18:55:04,570 - IndustryTrendAnalysis - INFO -   Market Concentration: 0.85
2025-04-22 18:55:04,570 - IndustryTrendAnalysis - INFO -   Market Share: 0.02%
2025-04-22 18:55:04,570 - IndustryTrendAnalysis - INFO -   Funding Trend: -100.00%
2025-04-22 18:55:04,570 - IndustryTrendAnalysis - INFO - Marketing & Advertising:
2025-04-22 18:55:04,570 - IndustryTrendAnalysis - INFO -   Market Concentration: 0.74
2025-04-22 18:55:04,570 - IndustryTrendAnalysis - INFO -   Market Share: 0.01%
2025-04-22 18:55:04,570 - IndustryTrendAnalysis - INFO -   Funding Trend: -97.45%
2025-04-22 18:55:04,570 - IndustryTrendAnalysis - INFO - Government Administration:
2025-04-22 18:55:04,570 - IndustryTrendAnalysis - INFO -   Market Concentration: 0.41
2025-04-22 18:55:04,570 - IndustryTrendAnalysis - INFO -   Market Share: 0.04%
2025-04-22 18:55:04,570 - IndustryTrendAnalysis - INFO -   Funding Trend: -38.61%
2025-04-22 18:55:04,570 - IndustryTrendAnalysis - INFO - Construction:
2025-04-22 18:55:04,570 - IndustryTrendAnalysis - INFO -   Market Concentration: 0.39
2025-04-22 18:55:04,570 - IndustryTrendAnalysis - INFO -   Market Share: 0.05%
2025-04-22 18:55:04,570 - IndustryTrendAnalysis - INFO -   Funding Trend: -15.56%
2025-04-22 18:55:04,570 - IndustryTrendAnalysis - INFO - Analyzing employee migration patterns...
2025-04-22 18:55:04,672 - IndustryTrendAnalysis - INFO - Employee migration analysis summary:
2025-04-22 18:55:04,672 - IndustryTrendAnalysis - INFO - Total industries analyzed: 102
2025-04-22 18:55:04,672 - IndustryTrendAnalysis - INFO - Growing industries: 42
2025-04-22 18:55:04,672 - IndustryTrendAnalysis - INFO - Shrinking industries: 13
2025-04-22 18:55:04,672 - IndustryTrendAnalysis - INFO - 
Top 5 fastest growing industries:
2025-04-22 18:55:04,672 - IndustryTrendAnalysis - INFO - Design: 16900.89% growth rate
2025-04-22 18:55:04,672 - IndustryTrendAnalysis - INFO - Environmental Services: 5078.14% growth rate
2025-04-22 18:55:04,672 - IndustryTrendAnalysis - INFO - Information Services: 4656.26% growth rate
2025-04-22 18:55:04,672 - IndustryTrendAnalysis - INFO - Aviation & Aerospace: 2354.67% growth rate
2025-04-22 18:55:04,672 - IndustryTrendAnalysis - INFO - Computer Games: 2175.58% growth rate
2025-04-22 18:55:04,672 - IndustryTrendAnalysis - INFO - Generating industry trend report...
2025-04-22 18:55:04,876 - IndustryTrendAnalysis - INFO - Report saved to ./outputIndustryTrends/industry_trend_report.json
2025-04-22 18:55:04,876 - IndustryTrendAnalysis - INFO - Creating trend visualizations...
2025-04-22 18:55:34,332 - IndustryTrendAnalysis - INFO - Loaded 1103 records from fundraiser data
2025-04-22 18:55:34,334 - IndustryTrendAnalysis - INFO - Loaded 100 records from growthlist data
2025-04-22 18:55:34,393 - IndustryTrendAnalysis - INFO - Loaded 546 records from topstartup data
2025-04-22 18:55:34,519 - IndustryTrendAnalysis - WARNING - Removed 546 rows with invalid dates
2025-04-22 18:55:34,530 - IndustryTrendAnalysis - INFO - Cleaned data summary:
2025-04-22 18:55:34,530 - IndustryTrendAnalysis - INFO - Total companies: 1184
2025-04-22 18:55:34,530 - IndustryTrendAnalysis - INFO - Total funding rounds: 1202
2025-04-22 18:55:34,531 - IndustryTrendAnalysis - INFO - Date range: 2024-01-01 to 2025-03-01
2025-04-22 18:55:34,531 - IndustryTrendAnalysis - INFO - Total funding amount: $102,311,608,279.00
2025-04-22 18:55:34,761 - IndustryTrendAnalysis - INFO - Final dataset contains 1202 valid records
2025-04-22 18:55:34,761 - IndustryTrendAnalysis - INFO - Analyzing industry trends...
2025-04-22 18:55:34,761 - IndustryTrendAnalysis - INFO - Preparing trend features...
2025-04-22 18:55:35,076 - IndustryTrendAnalysis - INFO - 
Overall Market Statistics:
2025-04-22 18:55:35,076 - IndustryTrendAnalysis - INFO - Total Funding: $102,311,608,279.00
2025-04-22 18:55:35,077 - IndustryTrendAnalysis - INFO - Total Companies: 1184
2025-04-22 18:55:35,077 - IndustryTrendAnalysis - INFO - Average Funding Round: $85,117,810.55
2025-04-22 18:55:35,090 - IndustryTrendAnalysis - INFO - 
Industry Analysis Summary:
2025-04-22 18:55:35,090 - IndustryTrendAnalysis - INFO - Total Industries Analyzed: 102
2025-04-22 18:55:35,090 - IndustryTrendAnalysis - INFO - Emerging Industries Found: 3
2025-04-22 18:55:35,090 - IndustryTrendAnalysis - INFO - Saturated Industries Found: 8
2025-04-22 18:55:35,090 - IndustryTrendAnalysis - INFO - Industries with Forecasts: 3
2025-04-22 18:55:35,090 - IndustryTrendAnalysis - INFO - 
Top 5 Emerging Industries by Growth Score:
2025-04-22 18:55:35,090 - IndustryTrendAnalysis - INFO - Computer Hardware:
2025-04-22 18:55:35,090 - IndustryTrendAnalysis - INFO -   Growth Score: 1.12
2025-04-22 18:55:35,091 - IndustryTrendAnalysis - INFO -   YoY Growth: 0.00%
2025-04-22 18:55:35,091 - IndustryTrendAnalysis - INFO -   Market Share: 1.28%
2025-04-22 18:55:35,091 - IndustryTrendAnalysis - INFO -   Companies: 10
2025-04-22 18:55:35,091 - IndustryTrendAnalysis - INFO - Computer & Network Security:
2025-04-22 18:55:35,091 - IndustryTrendAnalysis - INFO -   Growth Score: 0.73
2025-04-22 18:55:35,091 - IndustryTrendAnalysis - INFO -   YoY Growth: 0.00%
2025-04-22 18:55:35,091 - IndustryTrendAnalysis - INFO -   Market Share: 1.63%
2025-04-22 18:55:35,091 - IndustryTrendAnalysis - INFO -   Companies: 33
2025-04-22 18:55:35,091 - IndustryTrendAnalysis - INFO - Information Services:
2025-04-22 18:55:35,091 - IndustryTrendAnalysis - INFO -   Growth Score: 0.61
2025-04-22 18:55:35,091 - IndustryTrendAnalysis - INFO -   YoY Growth: 0.00%
2025-04-22 18:55:35,091 - IndustryTrendAnalysis - INFO -   Market Share: 0.04%
2025-04-22 18:55:35,091 - IndustryTrendAnalysis - INFO -   Companies: 8
2025-04-22 18:55:35,091 - IndustryTrendAnalysis - INFO - 
Top 5 Saturated Industries by Concentration:
2025-04-22 18:55:35,091 - IndustryTrendAnalysis - INFO - Fund-Raising:
2025-04-22 18:55:35,091 - IndustryTrendAnalysis - INFO -   Market Concentration: 0.91
2025-04-22 18:55:35,091 - IndustryTrendAnalysis - INFO -   Market Share: 0.00%
2025-04-22 18:55:35,091 - IndustryTrendAnalysis - INFO -   Funding Trend: -97.50%
2025-04-22 18:55:35,091 - IndustryTrendAnalysis - INFO - Food Production:
2025-04-22 18:55:35,091 - IndustryTrendAnalysis - INFO -   Market Concentration: 0.85
2025-04-22 18:55:35,091 - IndustryTrendAnalysis - INFO -   Market Share: 0.02%
2025-04-22 18:55:35,091 - IndustryTrendAnalysis - INFO -   Funding Trend: -100.00%
2025-04-22 18:55:35,091 - IndustryTrendAnalysis - INFO - Marketing & Advertising:
2025-04-22 18:55:35,091 - IndustryTrendAnalysis - INFO -   Market Concentration: 0.74
2025-04-22 18:55:35,091 - IndustryTrendAnalysis - INFO -   Market Share: 0.01%
2025-04-22 18:55:35,091 - IndustryTrendAnalysis - INFO -   Funding Trend: -97.45%
2025-04-22 18:55:35,092 - IndustryTrendAnalysis - INFO - Government Administration:
2025-04-22 18:55:35,092 - IndustryTrendAnalysis - INFO -   Market Concentration: 0.41
2025-04-22 18:55:35,092 - IndustryTrendAnalysis - INFO -   Market Share: 0.04%
2025-04-22 18:55:35,092 - IndustryTrendAnalysis - INFO -   Funding Trend: -38.61%
2025-04-22 18:55:35,092 - IndustryTrendAnalysis - INFO - Construction:
2025-04-22 18:55:35,092 - IndustryTrendAnalysis - INFO -   Market Concentration: 0.39
2025-04-22 18:55:35,092 - IndustryTrendAnalysis - INFO -   Market Share: 0.05%
2025-04-22 18:55:35,092 - IndustryTrendAnalysis - INFO -   Funding Trend: -15.56%
2025-04-22 18:55:35,092 - IndustryTrendAnalysis - INFO - Analyzing employee migration patterns...
2025-04-22 18:55:35,201 - IndustryTrendAnalysis - INFO - Employee migration analysis summary:
2025-04-22 18:55:35,201 - IndustryTrendAnalysis - INFO - Total industries analyzed: 102
2025-04-22 18:55:35,201 - IndustryTrendAnalysis - INFO - Growing industries: 42
2025-04-22 18:55:35,201 - IndustryTrendAnalysis - INFO - Shrinking industries: 13
2025-04-22 18:55:35,201 - IndustryTrendAnalysis - INFO - 
Top 5 fastest growing industries:
2025-04-22 18:55:35,201 - IndustryTrendAnalysis - INFO - Design: 16900.89% growth rate
2025-04-22 18:55:35,201 - IndustryTrendAnalysis - INFO - Environmental Services: 5078.14% growth rate
2025-04-22 18:55:35,201 - IndustryTrendAnalysis - INFO - Information Services: 4656.26% growth rate
2025-04-22 18:55:35,201 - IndustryTrendAnalysis - INFO - Aviation & Aerospace: 2354.67% growth rate
2025-04-22 18:55:35,201 - IndustryTrendAnalysis - INFO - Computer Games: 2175.58% growth rate
2025-04-22 18:55:35,201 - IndustryTrendAnalysis - INFO - Generating industry trend report...
2025-04-22 18:55:35,418 - IndustryTrendAnalysis - INFO - Report saved to ./outputIndustryTrends/industry_trend_report.json
2025-04-22 18:55:35,419 - IndustryTrendAnalysis - INFO - Creating trend visualizations...
2025-04-22 18:55:44,114 - IndustryTrendAnalysis - INFO - Loaded 1103 records from fundraiser data
2025-04-22 18:55:44,115 - IndustryTrendAnalysis - INFO - Loaded 100 records from growthlist data
2025-04-22 18:55:44,155 - IndustryTrendAnalysis - INFO - Loaded 546 records from topstartup data
2025-04-22 18:55:44,261 - IndustryTrendAnalysis - WARNING - Removed 546 rows with invalid dates
2025-04-22 18:55:44,276 - IndustryTrendAnalysis - INFO - Cleaned data summary:
2025-04-22 18:55:44,276 - IndustryTrendAnalysis - INFO - Total companies: 1184
2025-04-22 18:55:44,276 - IndustryTrendAnalysis - INFO - Total funding rounds: 1202
2025-04-22 18:55:44,277 - IndustryTrendAnalysis - INFO - Date range: 2024-01-01 to 2025-03-01
2025-04-22 18:55:44,277 - IndustryTrendAnalysis - INFO - Total funding amount: $102,311,608,279.00
2025-04-22 18:55:44,585 - IndustryTrendAnalysis - INFO - Final dataset contains 1202 valid records
2025-04-22 18:55:44,586 - IndustryTrendAnalysis - INFO - Analyzing industry trends...
2025-04-22 18:55:44,586 - IndustryTrendAnalysis - INFO - Preparing trend features...
2025-04-22 18:55:44,900 - IndustryTrendAnalysis - INFO - 
Overall Market Statistics:
2025-04-22 18:55:44,900 - IndustryTrendAnalysis - INFO - Total Funding: $102,311,608,279.00
2025-04-22 18:55:44,900 - IndustryTrendAnalysis - INFO - Total Companies: 1184
2025-04-22 18:55:44,900 - IndustryTrendAnalysis - INFO - Average Funding Round: $85,117,810.55
2025-04-22 18:55:44,914 - IndustryTrendAnalysis - INFO - 
Industry Analysis Summary:
2025-04-22 18:55:44,914 - IndustryTrendAnalysis - INFO - Total Industries Analyzed: 102
2025-04-22 18:55:44,915 - IndustryTrendAnalysis - INFO - Emerging Industries Found: 3
2025-04-22 18:55:44,915 - IndustryTrendAnalysis - INFO - Saturated Industries Found: 8
2025-04-22 18:55:44,915 - IndustryTrendAnalysis - INFO - Industries with Forecasts: 3
2025-04-22 18:55:44,915 - IndustryTrendAnalysis - INFO - 
Top 5 Emerging Industries by Growth Score:
2025-04-22 18:55:44,915 - IndustryTrendAnalysis - INFO - Computer Hardware:
2025-04-22 18:55:44,915 - IndustryTrendAnalysis - INFO -   Growth Score: 1.12
2025-04-22 18:55:44,915 - IndustryTrendAnalysis - INFO -   YoY Growth: 0.00%
2025-04-22 18:55:44,915 - IndustryTrendAnalysis - INFO -   Market Share: 1.28%
2025-04-22 18:55:44,915 - IndustryTrendAnalysis - INFO -   Companies: 10
2025-04-22 18:55:44,915 - IndustryTrendAnalysis - INFO - Computer & Network Security:
2025-04-22 18:55:44,915 - IndustryTrendAnalysis - INFO -   Growth Score: 0.73
2025-04-22 18:55:44,915 - IndustryTrendAnalysis - INFO -   YoY Growth: 0.00%
2025-04-22 18:55:44,915 - IndustryTrendAnalysis - INFO -   Market Share: 1.63%
2025-04-22 18:55:44,915 - IndustryTrendAnalysis - INFO -   Companies: 33
2025-04-22 18:55:44,915 - IndustryTrendAnalysis - INFO - Information Services:
2025-04-22 18:55:44,915 - IndustryTrendAnalysis - INFO -   Growth Score: 0.61
2025-04-22 18:55:44,915 - IndustryTrendAnalysis - INFO -   YoY Growth: 0.00%
2025-04-22 18:55:44,915 - IndustryTrendAnalysis - INFO -   Market Share: 0.04%
2025-04-22 18:55:44,915 - IndustryTrendAnalysis - INFO -   Companies: 8
2025-04-22 18:55:44,915 - IndustryTrendAnalysis - INFO - 
Top 5 Saturated Industries by Concentration:
2025-04-22 18:55:44,915 - IndustryTrendAnalysis - INFO - Fund-Raising:
2025-04-22 18:55:44,915 - IndustryTrendAnalysis - INFO -   Market Concentration: 0.91
2025-04-22 18:55:44,916 - IndustryTrendAnalysis - INFO -   Market Share: 0.00%
2025-04-22 18:55:44,916 - IndustryTrendAnalysis - INFO -   Funding Trend: -97.50%
2025-04-22 18:55:44,916 - IndustryTrendAnalysis - INFO - Food Production:
2025-04-22 18:55:44,916 - IndustryTrendAnalysis - INFO -   Market Concentration: 0.85
2025-04-22 18:55:44,916 - IndustryTrendAnalysis - INFO -   Market Share: 0.02%
2025-04-22 18:55:44,916 - IndustryTrendAnalysis - INFO -   Funding Trend: -100.00%
2025-04-22 18:55:44,916 - IndustryTrendAnalysis - INFO - Marketing & Advertising:
2025-04-22 18:55:44,916 - IndustryTrendAnalysis - INFO -   Market Concentration: 0.74
2025-04-22 18:55:44,916 - IndustryTrendAnalysis - INFO -   Market Share: 0.01%
2025-04-22 18:55:44,916 - IndustryTrendAnalysis - INFO -   Funding Trend: -97.45%
2025-04-22 18:55:44,916 - IndustryTrendAnalysis - INFO - Government Administration:
2025-04-22 18:55:44,916 - IndustryTrendAnalysis - INFO -   Market Concentration: 0.41
2025-04-22 18:55:44,916 - IndustryTrendAnalysis - INFO -   Market Share: 0.04%
2025-04-22 18:55:44,916 - IndustryTrendAnalysis - INFO -   Funding Trend: -38.61%
2025-04-22 18:55:44,916 - IndustryTrendAnalysis - INFO - Construction:
2025-04-22 18:55:44,916 - IndustryTrendAnalysis - INFO -   Market Concentration: 0.39
2025-04-22 18:55:44,916 - IndustryTrendAnalysis - INFO -   Market Share: 0.05%
2025-04-22 18:55:44,916 - IndustryTrendAnalysis - INFO -   Funding Trend: -15.56%
2025-04-22 18:55:44,916 - IndustryTrendAnalysis - INFO - Analyzing employee migration patterns...
2025-04-22 18:55:45,021 - IndustryTrendAnalysis - INFO - Employee migration analysis summary:
2025-04-22 18:55:45,021 - IndustryTrendAnalysis - INFO - Total industries analyzed: 102
2025-04-22 18:55:45,021 - IndustryTrendAnalysis - INFO - Growing industries: 42
2025-04-22 18:55:45,021 - IndustryTrendAnalysis - INFO - Shrinking industries: 13
2025-04-22 18:55:45,021 - IndustryTrendAnalysis - INFO - 
Top 5 fastest growing industries:
2025-04-22 18:55:45,021 - IndustryTrendAnalysis - INFO - Design: 16900.89% growth rate
2025-04-22 18:55:45,021 - IndustryTrendAnalysis - INFO - Environmental Services: 5078.14% growth rate
2025-04-22 18:55:45,021 - IndustryTrendAnalysis - INFO - Information Services: 4656.26% growth rate
2025-04-22 18:55:45,021 - IndustryTrendAnalysis - INFO - Aviation & Aerospace: 2354.67% growth rate
2025-04-22 18:55:45,021 - IndustryTrendAnalysis - INFO - Computer Games: 2175.58% growth rate
2025-04-22 18:55:45,021 - IndustryTrendAnalysis - INFO - Generating industry trend report...
2025-04-22 18:55:45,222 - IndustryTrendAnalysis - INFO - Report saved to ./outputIndustryTrends/industry_trend_report.json
2025-04-22 18:55:45,222 - IndustryTrendAnalysis - INFO - Creating trend visualizations...
2025-04-22 18:55:47,044 - IndustryTrendAnalysis - INFO - Trend visualizations created successfully
2025-04-22 18:58:05,646 - IndustryTrendAnalysis - INFO - Loaded 1103 records from fundraiser data
2025-04-22 18:58:05,648 - IndustryTrendAnalysis - INFO - Loaded 100 records from growthlist data
2025-04-22 18:58:05,717 - IndustryTrendAnalysis - INFO - Loaded 546 records from topstartup data
2025-04-22 18:58:05,850 - IndustryTrendAnalysis - WARNING - Removed 546 rows with invalid dates
2025-04-22 18:58:05,871 - IndustryTrendAnalysis - INFO - Cleaned data summary:
2025-04-22 18:58:05,872 - IndustryTrendAnalysis - INFO - Total companies: 1184
2025-04-22 18:58:05,872 - IndustryTrendAnalysis - INFO - Total funding rounds: 1202
2025-04-22 18:58:05,873 - IndustryTrendAnalysis - INFO - Date range: 2024-01-01 to 2025-03-01
2025-04-22 18:58:05,873 - IndustryTrendAnalysis - INFO - Total funding amount: $102,311,608,279.00
2025-04-22 18:58:06,117 - IndustryTrendAnalysis - INFO - Final dataset contains 1202 valid records
2025-04-22 18:58:06,118 - IndustryTrendAnalysis - INFO - Analyzing industry trends...
2025-04-22 18:58:06,118 - IndustryTrendAnalysis - INFO - Preparing trend features...
2025-04-22 18:58:06,430 - IndustryTrendAnalysis - INFO - 
Overall Market Statistics:
2025-04-22 18:58:06,430 - IndustryTrendAnalysis - INFO - Total Funding: $102,311,608,279.00
2025-04-22 18:58:06,430 - IndustryTrendAnalysis - INFO - Total Companies: 1184
2025-04-22 18:58:06,430 - IndustryTrendAnalysis - INFO - Average Funding Round: $85,117,810.55
2025-04-22 18:58:06,445 - IndustryTrendAnalysis - INFO - 
Industry Analysis Summary:
2025-04-22 18:58:06,445 - IndustryTrendAnalysis - INFO - Total Industries Analyzed: 102
2025-04-22 18:58:06,445 - IndustryTrendAnalysis - INFO - Emerging Industries Found: 3
2025-04-22 18:58:06,445 - IndustryTrendAnalysis - INFO - Saturated Industries Found: 8
2025-04-22 18:58:06,445 - IndustryTrendAnalysis - INFO - Industries with Forecasts: 3
2025-04-22 18:58:06,445 - IndustryTrendAnalysis - INFO - 
Top 5 Emerging Industries by Growth Score:
2025-04-22 18:58:06,445 - IndustryTrendAnalysis - INFO - Computer Hardware:
2025-04-22 18:58:06,445 - IndustryTrendAnalysis - INFO -   Growth Score: 1.12
2025-04-22 18:58:06,445 - IndustryTrendAnalysis - INFO -   YoY Growth: 0.00%
2025-04-22 18:58:06,446 - IndustryTrendAnalysis - INFO -   Market Share: 1.28%
2025-04-22 18:58:06,446 - IndustryTrendAnalysis - INFO -   Companies: 10
2025-04-22 18:58:06,446 - IndustryTrendAnalysis - INFO - Computer & Network Security:
2025-04-22 18:58:06,446 - IndustryTrendAnalysis - INFO -   Growth Score: 0.73
2025-04-22 18:58:06,446 - IndustryTrendAnalysis - INFO -   YoY Growth: 0.00%
2025-04-22 18:58:06,446 - IndustryTrendAnalysis - INFO -   Market Share: 1.63%
2025-04-22 18:58:06,446 - IndustryTrendAnalysis - INFO -   Companies: 33
2025-04-22 18:58:06,446 - IndustryTrendAnalysis - INFO - Information Services:
2025-04-22 18:58:06,446 - IndustryTrendAnalysis - INFO -   Growth Score: 0.61
2025-04-22 18:58:06,446 - IndustryTrendAnalysis - INFO -   YoY Growth: 0.00%
2025-04-22 18:58:06,446 - IndustryTrendAnalysis - INFO -   Market Share: 0.04%
2025-04-22 18:58:06,446 - IndustryTrendAnalysis - INFO -   Companies: 8
2025-04-22 18:58:06,446 - IndustryTrendAnalysis - INFO - 
Top 5 Saturated Industries by Concentration:
2025-04-22 18:58:06,446 - IndustryTrendAnalysis - INFO - Fund-Raising:
2025-04-22 18:58:06,446 - IndustryTrendAnalysis - INFO -   Market Concentration: 0.91
2025-04-22 18:58:06,446 - IndustryTrendAnalysis - INFO -   Market Share: 0.00%
2025-04-22 18:58:06,446 - IndustryTrendAnalysis - INFO -   Funding Trend: -97.50%
2025-04-22 18:58:06,446 - IndustryTrendAnalysis - INFO - Food Production:
2025-04-22 18:58:06,446 - IndustryTrendAnalysis - INFO -   Market Concentration: 0.85
2025-04-22 18:58:06,446 - IndustryTrendAnalysis - INFO -   Market Share: 0.02%
2025-04-22 18:58:06,446 - IndustryTrendAnalysis - INFO -   Funding Trend: -100.00%
2025-04-22 18:58:06,446 - IndustryTrendAnalysis - INFO - Marketing & Advertising:
2025-04-22 18:58:06,446 - IndustryTrendAnalysis - INFO -   Market Concentration: 0.74
2025-04-22 18:58:06,446 - IndustryTrendAnalysis - INFO -   Market Share: 0.01%
2025-04-22 18:58:06,446 - IndustryTrendAnalysis - INFO -   Funding Trend: -97.45%
2025-04-22 18:58:06,446 - IndustryTrendAnalysis - INFO - Government Administration:
2025-04-22 18:58:06,446 - IndustryTrendAnalysis - INFO -   Market Concentration: 0.41
2025-04-22 18:58:06,446 - IndustryTrendAnalysis - INFO -   Market Share: 0.04%
2025-04-22 18:58:06,446 - IndustryTrendAnalysis - INFO -   Funding Trend: -38.61%
2025-04-22 18:58:06,446 - IndustryTrendAnalysis - INFO - Construction:
2025-04-22 18:58:06,446 - IndustryTrendAnalysis - INFO -   Market Concentration: 0.39
2025-04-22 18:58:06,446 - IndustryTrendAnalysis - INFO -   Market Share: 0.05%
2025-04-22 18:58:06,446 - IndustryTrendAnalysis - INFO -   Funding Trend: -15.56%
2025-04-22 18:58:06,447 - IndustryTrendAnalysis - INFO - Analyzing employee migration patterns...
2025-04-22 18:58:06,548 - IndustryTrendAnalysis - INFO - Employee migration analysis summary:
2025-04-22 18:58:06,548 - IndustryTrendAnalysis - INFO - Total industries analyzed: 102
2025-04-22 18:58:06,548 - IndustryTrendAnalysis - INFO - Growing industries: 42
2025-04-22 18:58:06,548 - IndustryTrendAnalysis - INFO - Shrinking industries: 13
2025-04-22 18:58:06,548 - IndustryTrendAnalysis - INFO - 
Top 5 fastest growing industries:
2025-04-22 18:58:06,548 - IndustryTrendAnalysis - INFO - Design: 16900.89% growth rate
2025-04-22 18:58:06,549 - IndustryTrendAnalysis - INFO - Environmental Services: 5078.14% growth rate
2025-04-22 18:58:06,549 - IndustryTrendAnalysis - INFO - Information Services: 4656.26% growth rate
2025-04-22 18:58:06,549 - IndustryTrendAnalysis - INFO - Aviation & Aerospace: 2354.67% growth rate
2025-04-22 18:58:06,549 - IndustryTrendAnalysis - INFO - Computer Games: 2175.58% growth rate
2025-04-22 18:58:06,549 - IndustryTrendAnalysis - INFO - Generating industry trend report...
2025-04-22 18:58:06,756 - IndustryTrendAnalysis - INFO - Report saved to ./outputIndustryTrends/industry_trend_report.json
2025-04-22 18:58:06,756 - IndustryTrendAnalysis - INFO - Creating trend visualizations...
2025-04-22 18:58:08,482 - IndustryTrendAnalysis - INFO - Trend visualizations created successfully
2025-04-22 19:02:47,832 - IndustryTrendAnalysis - INFO - Loaded 1103 records from fundraiser data
2025-04-22 19:02:47,833 - IndustryTrendAnalysis - INFO - Loaded 100 records from growthlist data
2025-04-22 19:02:47,878 - IndustryTrendAnalysis - ERROR - Error loading topstartup data: time data "-01-01" doesn't match format "%Y-%m-%d", at position 10. You might want to try:
    - passing `format` if your strings have a consistent format;
    - passing `format='ISO8601'` if your strings are all ISO8601 but not necessarily in exactly the same format;
    - passing `format='mixed'`, and the format will be inferred for each element individually. You might want to use `dayfirst` alongside this.
2025-04-22 19:02:47,984 - IndustryTrendAnalysis - INFO - Cleaned data summary:
2025-04-22 19:02:47,985 - IndustryTrendAnalysis - INFO - Total companies: 1184
2025-04-22 19:02:47,985 - IndustryTrendAnalysis - INFO - Total funding rounds: 1202
2025-04-22 19:02:47,985 - IndustryTrendAnalysis - INFO - Date range: 2024-01-01 to 2025-03-01
2025-04-22 19:02:47,985 - IndustryTrendAnalysis - INFO - Total funding amount: $102,322,608,279.00
2025-04-22 19:02:48,203 - IndustryTrendAnalysis - INFO - Final dataset contains 1202 valid records
2025-04-22 19:02:48,203 - IndustryTrendAnalysis - INFO - Analyzing industry trends...
2025-04-22 19:02:48,203 - IndustryTrendAnalysis - INFO - Preparing trend features...
2025-04-22 19:02:48,507 - IndustryTrendAnalysis - INFO - 
Overall Market Statistics:
2025-04-22 19:02:48,508 - IndustryTrendAnalysis - INFO - Total Funding: $102,322,608,279.00
2025-04-22 19:02:48,508 - IndustryTrendAnalysis - INFO - Total Companies: 1184
2025-04-22 19:02:48,508 - IndustryTrendAnalysis - INFO - Average Funding Round: $85,126,961.96
2025-04-22 19:02:48,526 - IndustryTrendAnalysis - INFO - 
Industry Analysis Summary:
2025-04-22 19:02:48,527 - IndustryTrendAnalysis - INFO - Total Industries Analyzed: 102
2025-04-22 19:02:48,527 - IndustryTrendAnalysis - INFO - Emerging Industries Found: 3
2025-04-22 19:02:48,527 - IndustryTrendAnalysis - INFO - Saturated Industries Found: 8
2025-04-22 19:02:48,527 - IndustryTrendAnalysis - INFO - Industries with Forecasts: 3
2025-04-22 19:02:48,527 - IndustryTrendAnalysis - INFO - 
Top 5 Emerging Industries by Growth Score:
2025-04-22 19:02:48,527 - IndustryTrendAnalysis - INFO - Computer Hardware:
2025-04-22 19:02:48,527 - IndustryTrendAnalysis - INFO -   Growth Score: 1.12
2025-04-22 19:02:48,527 - IndustryTrendAnalysis - INFO -   YoY Growth: 0.00%
2025-04-22 19:02:48,527 - IndustryTrendAnalysis - INFO -   Market Share: 1.28%
2025-04-22 19:02:48,527 - IndustryTrendAnalysis - INFO -   Companies: 10
2025-04-22 19:02:48,527 - IndustryTrendAnalysis - INFO - Computer & Network Security:
2025-04-22 19:02:48,527 - IndustryTrendAnalysis - INFO -   Growth Score: 0.73
2025-04-22 19:02:48,527 - IndustryTrendAnalysis - INFO -   YoY Growth: 0.00%
2025-04-22 19:02:48,527 - IndustryTrendAnalysis - INFO -   Market Share: 1.63%
2025-04-22 19:02:48,527 - IndustryTrendAnalysis - INFO -   Companies: 33
2025-04-22 19:02:48,527 - IndustryTrendAnalysis - INFO - Information Services:
2025-04-22 19:02:48,527 - IndustryTrendAnalysis - INFO -   Growth Score: 0.61
2025-04-22 19:02:48,527 - IndustryTrendAnalysis - INFO -   YoY Growth: 0.00%
2025-04-22 19:02:48,527 - IndustryTrendAnalysis - INFO -   Market Share: 0.04%
2025-04-22 19:02:48,527 - IndustryTrendAnalysis - INFO -   Companies: 8
2025-04-22 19:02:48,527 - IndustryTrendAnalysis - INFO - 
Top 5 Saturated Industries by Concentration:
2025-04-22 19:02:48,527 - IndustryTrendAnalysis - INFO - Fund-Raising:
2025-04-22 19:02:48,527 - IndustryTrendAnalysis - INFO -   Market Concentration: 0.91
2025-04-22 19:02:48,527 - IndustryTrendAnalysis - INFO -   Market Share: 0.00%
2025-04-22 19:02:48,527 - IndustryTrendAnalysis - INFO -   Funding Trend: -97.50%
2025-04-22 19:02:48,527 - IndustryTrendAnalysis - INFO - Food Production:
2025-04-22 19:02:48,528 - IndustryTrendAnalysis - INFO -   Market Concentration: 0.85
2025-04-22 19:02:48,528 - IndustryTrendAnalysis - INFO -   Market Share: 0.02%
2025-04-22 19:02:48,528 - IndustryTrendAnalysis - INFO -   Funding Trend: -100.00%
2025-04-22 19:02:48,528 - IndustryTrendAnalysis - INFO - Marketing & Advertising:
2025-04-22 19:02:48,528 - IndustryTrendAnalysis - INFO -   Market Concentration: 0.74
2025-04-22 19:02:48,528 - IndustryTrendAnalysis - INFO -   Market Share: 0.01%
2025-04-22 19:02:48,528 - IndustryTrendAnalysis - INFO -   Funding Trend: -97.45%
2025-04-22 19:02:48,528 - IndustryTrendAnalysis - INFO - Government Administration:
2025-04-22 19:02:48,528 - IndustryTrendAnalysis - INFO -   Market Concentration: 0.41
2025-04-22 19:02:48,528 - IndustryTrendAnalysis - INFO -   Market Share: 0.04%
2025-04-22 19:02:48,528 - IndustryTrendAnalysis - INFO -   Funding Trend: -38.61%
2025-04-22 19:02:48,528 - IndustryTrendAnalysis - INFO - Construction:
2025-04-22 19:02:48,528 - IndustryTrendAnalysis - INFO -   Market Concentration: 0.39
2025-04-22 19:02:48,528 - IndustryTrendAnalysis - INFO -   Market Share: 0.05%
2025-04-22 19:02:48,528 - IndustryTrendAnalysis - INFO -   Funding Trend: -15.56%
2025-04-22 19:02:48,528 - IndustryTrendAnalysis - INFO - Analyzing employee migration patterns...
2025-04-22 19:02:48,631 - IndustryTrendAnalysis - INFO - Employee migration analysis summary:
2025-04-22 19:02:48,632 - IndustryTrendAnalysis - INFO - Total industries analyzed: 102
2025-04-22 19:02:48,632 - IndustryTrendAnalysis - INFO - Growing industries: 42
2025-04-22 19:02:48,632 - IndustryTrendAnalysis - INFO - Shrinking industries: 13
2025-04-22 19:02:48,632 - IndustryTrendAnalysis - INFO - 
Top 5 fastest growing industries:
2025-04-22 19:02:48,632 - IndustryTrendAnalysis - INFO - Design: 16900.89% growth rate
2025-04-22 19:02:48,632 - IndustryTrendAnalysis - INFO - Environmental Services: 5078.14% growth rate
2025-04-22 19:02:48,632 - IndustryTrendAnalysis - INFO - Information Services: 4656.26% growth rate
2025-04-22 19:02:48,632 - IndustryTrendAnalysis - INFO - Aviation & Aerospace: 2354.67% growth rate
2025-04-22 19:02:48,632 - IndustryTrendAnalysis - INFO - Computer Games: 2175.58% growth rate
2025-04-22 19:02:48,632 - IndustryTrendAnalysis - INFO - Generating industry trend report...
2025-04-22 19:02:48,828 - IndustryTrendAnalysis - INFO - Report saved to ./outputIndustryTrends/industry_trend_report.json
2025-04-22 19:02:48,828 - IndustryTrendAnalysis - INFO - Creating trend visualizations...
2025-04-22 19:02:50,778 - IndustryTrendAnalysis - INFO - Trend visualizations created successfully
2025-04-22 19:03:33,907 - IndustryTrendAnalysis - INFO - Loaded 1103 records from fundraiser data
2025-04-22 19:03:33,908 - IndustryTrendAnalysis - INFO - Loaded 100 records from growthlist data
2025-04-22 19:03:33,993 - IndustryTrendAnalysis - INFO - Loaded 546 records from topstartup data
2025-04-22 19:03:34,096 - IndustryTrendAnalysis - WARNING - Removed 1 rows with invalid dates
2025-04-22 19:03:34,107 - IndustryTrendAnalysis - INFO - Cleaned data summary:
2025-04-22 19:03:34,108 - IndustryTrendAnalysis - INFO - Total companies: 1668
2025-04-22 19:03:34,108 - IndustryTrendAnalysis - INFO - Total funding rounds: 1747
2025-04-22 19:03:34,108 - IndustryTrendAnalysis - INFO - Date range: 1999-01-01 to 2025-03-01
2025-04-22 19:03:34,108 - IndustryTrendAnalysis - INFO - Total funding amount: $384,936,758,279.00
2025-04-22 19:03:34,423 - IndustryTrendAnalysis - INFO - Final dataset contains 1747 valid records
2025-04-22 19:03:34,424 - IndustryTrendAnalysis - INFO - Analyzing industry trends...
2025-04-22 19:03:34,424 - IndustryTrendAnalysis - INFO - Preparing trend features...
2025-04-22 19:03:34,775 - IndustryTrendAnalysis - INFO - 
Overall Market Statistics:
2025-04-22 19:03:34,775 - IndustryTrendAnalysis - INFO - Total Funding: $384,936,758,279.00
2025-04-22 19:03:34,775 - IndustryTrendAnalysis - INFO - Total Companies: 1668
2025-04-22 19:03:34,775 - IndustryTrendAnalysis - INFO - Average Funding Round: $220,341,590.31
2025-04-22 19:03:34,790 - IndustryTrendAnalysis - INFO - 
Industry Analysis Summary:
2025-04-22 19:03:34,790 - IndustryTrendAnalysis - INFO - Total Industries Analyzed: 102
2025-04-22 19:03:34,790 - IndustryTrendAnalysis - INFO - Emerging Industries Found: 3
2025-04-22 19:03:34,790 - IndustryTrendAnalysis - INFO - Saturated Industries Found: 7
2025-04-22 19:03:34,790 - IndustryTrendAnalysis - INFO - Industries with Forecasts: 4
2025-04-22 19:03:34,790 - IndustryTrendAnalysis - INFO - 
Top 5 Emerging Industries by Growth Score:
2025-04-22 19:03:34,790 - IndustryTrendAnalysis - INFO - Computer Hardware:
2025-04-22 19:03:34,790 - IndustryTrendAnalysis - INFO -   Growth Score: 1.12
2025-04-22 19:03:34,790 - IndustryTrendAnalysis - INFO -   YoY Growth: 0.00%
2025-04-22 19:03:34,790 - IndustryTrendAnalysis - INFO -   Market Share: 0.34%
2025-04-22 19:03:34,790 - IndustryTrendAnalysis - INFO -   Companies: 10
2025-04-22 19:03:34,790 - IndustryTrendAnalysis - INFO - Computer & Network Security:
2025-04-22 19:03:34,790 - IndustryTrendAnalysis - INFO -   Growth Score: 0.73
2025-04-22 19:03:34,790 - IndustryTrendAnalysis - INFO -   YoY Growth: 0.00%
2025-04-22 19:03:34,790 - IndustryTrendAnalysis - INFO -   Market Share: 0.43%
2025-04-22 19:03:34,790 - IndustryTrendAnalysis - INFO -   Companies: 33
2025-04-22 19:03:34,791 - IndustryTrendAnalysis - INFO - Information Services:
2025-04-22 19:03:34,791 - IndustryTrendAnalysis - INFO -   Growth Score: 0.61
2025-04-22 19:03:34,791 - IndustryTrendAnalysis - INFO -   YoY Growth: 0.00%
2025-04-22 19:03:34,791 - IndustryTrendAnalysis - INFO -   Market Share: 0.01%
2025-04-22 19:03:34,791 - IndustryTrendAnalysis - INFO -   Companies: 8
2025-04-22 19:03:34,791 - IndustryTrendAnalysis - INFO - 
Top 5 Saturated Industries by Concentration:
2025-04-22 19:03:34,791 - IndustryTrendAnalysis - INFO - Fund-Raising:
2025-04-22 19:03:34,791 - IndustryTrendAnalysis - INFO -   Market Concentration: 0.91
2025-04-22 19:03:34,791 - IndustryTrendAnalysis - INFO -   Market Share: 0.00%
2025-04-22 19:03:34,791 - IndustryTrendAnalysis - INFO -   Funding Trend: -97.50%
2025-04-22 19:03:34,791 - IndustryTrendAnalysis - INFO - Food Production:
2025-04-22 19:03:34,791 - IndustryTrendAnalysis - INFO -   Market Concentration: 0.85
2025-04-22 19:03:34,791 - IndustryTrendAnalysis - INFO -   Market Share: 0.01%
2025-04-22 19:03:34,791 - IndustryTrendAnalysis - INFO -   Funding Trend: -100.00%
2025-04-22 19:03:34,791 - IndustryTrendAnalysis - INFO - Marketing & Advertising:
2025-04-22 19:03:34,791 - IndustryTrendAnalysis - INFO -   Market Concentration: 0.74
2025-04-22 19:03:34,791 - IndustryTrendAnalysis - INFO -   Market Share: 0.00%
2025-04-22 19:03:34,791 - IndustryTrendAnalysis - INFO -   Funding Trend: -97.45%
2025-04-22 19:03:34,791 - IndustryTrendAnalysis - INFO - Government Administration:
2025-04-22 19:03:34,791 - IndustryTrendAnalysis - INFO -   Market Concentration: 0.41
2025-04-22 19:03:34,791 - IndustryTrendAnalysis - INFO -   Market Share: 0.01%
2025-04-22 19:03:34,791 - IndustryTrendAnalysis - INFO -   Funding Trend: -38.61%
2025-04-22 19:03:34,791 - IndustryTrendAnalysis - INFO - Defense & Space:
2025-04-22 19:03:34,791 - IndustryTrendAnalysis - INFO -   Market Concentration: 0.35
2025-04-22 19:03:34,791 - IndustryTrendAnalysis - INFO -   Market Share: 0.06%
2025-04-22 19:03:34,791 - IndustryTrendAnalysis - INFO -   Funding Trend: 104.13%
2025-04-22 19:03:34,791 - IndustryTrendAnalysis - INFO - Analyzing employee migration patterns...
2025-04-22 19:03:34,992 - IndustryTrendAnalysis - INFO - Employee migration analysis summary:
2025-04-22 19:03:34,993 - IndustryTrendAnalysis - INFO - Total industries analyzed: 102
2025-04-22 19:03:34,993 - IndustryTrendAnalysis - INFO - Growing industries: 43
2025-04-22 19:03:34,993 - IndustryTrendAnalysis - INFO - Shrinking industries: 13
2025-04-22 19:03:34,993 - IndustryTrendAnalysis - INFO - 
Top 5 fastest growing industries:
2025-04-22 19:03:34,993 - IndustryTrendAnalysis - INFO - Design: 16900.89% growth rate
2025-04-22 19:03:34,993 - IndustryTrendAnalysis - INFO - Environmental Services: 5078.14% growth rate
2025-04-22 19:03:34,993 - IndustryTrendAnalysis - INFO - Information Services: 4656.26% growth rate
2025-04-22 19:03:34,993 - IndustryTrendAnalysis - INFO - Aviation & Aerospace: 2354.67% growth rate
2025-04-22 19:03:34,993 - IndustryTrendAnalysis - INFO - Computer Games: 2175.58% growth rate
2025-04-22 19:03:34,995 - IndustryTrendAnalysis - INFO - Generating industry trend report...
2025-04-22 19:03:35,433 - IndustryTrendAnalysis - INFO - Report saved to ./outputIndustryTrends/industry_trend_report.json
2025-04-22 19:03:35,434 - IndustryTrendAnalysis - INFO - Creating trend visualizations...
2025-04-22 19:03:37,516 - IndustryTrendAnalysis - INFO - Trend visualizations created successfully
2025-04-22 19:05:05,685 - IndustryTrendAnalysis - INFO - Loaded 1103 records from fundraiser data
2025-04-22 19:05:05,687 - IndustryTrendAnalysis - INFO - Loaded 100 records from growthlist data
2025-04-22 19:05:05,749 - IndustryTrendAnalysis - INFO - Loaded 546 records from topstartup data
2025-04-22 19:05:05,853 - IndustryTrendAnalysis - WARNING - Removed 1 rows with invalid dates
2025-04-22 19:05:05,866 - IndustryTrendAnalysis - INFO - Cleaned data summary:
2025-04-22 19:05:05,866 - IndustryTrendAnalysis - INFO - Total companies: 1668
2025-04-22 19:05:05,866 - IndustryTrendAnalysis - INFO - Total funding rounds: 1747
2025-04-22 19:05:05,867 - IndustryTrendAnalysis - INFO - Date range: 1999-01-01 to 2025-03-01
2025-04-22 19:05:05,867 - IndustryTrendAnalysis - INFO - Total funding amount: $384,936,758,279.00
2025-04-22 19:05:06,175 - IndustryTrendAnalysis - INFO - Final dataset contains 1747 valid records
2025-04-22 19:05:06,176 - IndustryTrendAnalysis - INFO - Analyzing industry trends...
2025-04-22 19:05:06,176 - IndustryTrendAnalysis - INFO - Preparing trend features...
2025-04-22 19:05:06,514 - IndustryTrendAnalysis - INFO - 
Overall Market Statistics:
2025-04-22 19:05:06,514 - IndustryTrendAnalysis - INFO - Total Funding: $384,936,758,279.00
2025-04-22 19:05:06,514 - IndustryTrendAnalysis - INFO - Total Companies: 1668
2025-04-22 19:05:06,514 - IndustryTrendAnalysis - INFO - Average Funding Round: $220,341,590.31
2025-04-22 19:05:06,530 - IndustryTrendAnalysis - INFO - 
Industry Analysis Summary:
2025-04-22 19:05:06,531 - IndustryTrendAnalysis - INFO - Total Industries Analyzed: 102
2025-04-22 19:05:06,531 - IndustryTrendAnalysis - INFO - Emerging Industries Found: 3
2025-04-22 19:05:06,531 - IndustryTrendAnalysis - INFO - Saturated Industries Found: 7
2025-04-22 19:05:06,531 - IndustryTrendAnalysis - INFO - Industries with Forecasts: 4
2025-04-22 19:05:06,531 - IndustryTrendAnalysis - INFO - 
Top 5 Emerging Industries by Growth Score:
2025-04-22 19:05:06,531 - IndustryTrendAnalysis - INFO - Computer Hardware:
2025-04-22 19:05:06,531 - IndustryTrendAnalysis - INFO -   Growth Score: 1.12
2025-04-22 19:05:06,531 - IndustryTrendAnalysis - INFO -   YoY Growth: 0.00%
2025-04-22 19:05:06,531 - IndustryTrendAnalysis - INFO -   Market Share: 0.34%
2025-04-22 19:05:06,531 - IndustryTrendAnalysis - INFO -   Companies: 10
2025-04-22 19:05:06,531 - IndustryTrendAnalysis - INFO - Computer & Network Security:
2025-04-22 19:05:06,531 - IndustryTrendAnalysis - INFO -   Growth Score: 0.73
2025-04-22 19:05:06,531 - IndustryTrendAnalysis - INFO -   YoY Growth: 0.00%
2025-04-22 19:05:06,531 - IndustryTrendAnalysis - INFO -   Market Share: 0.43%
2025-04-22 19:05:06,531 - IndustryTrendAnalysis - INFO -   Companies: 33
2025-04-22 19:05:06,531 - IndustryTrendAnalysis - INFO - Information Services:
2025-04-22 19:05:06,531 - IndustryTrendAnalysis - INFO -   Growth Score: 0.61
2025-04-22 19:05:06,531 - IndustryTrendAnalysis - INFO -   YoY Growth: 0.00%
2025-04-22 19:05:06,531 - IndustryTrendAnalysis - INFO -   Market Share: 0.01%
2025-04-22 19:05:06,531 - IndustryTrendAnalysis - INFO -   Companies: 8
2025-04-22 19:05:06,531 - IndustryTrendAnalysis - INFO - 
Top 5 Saturated Industries by Concentration:
2025-04-22 19:05:06,531 - IndustryTrendAnalysis - INFO - Fund-Raising:
2025-04-22 19:05:06,531 - IndustryTrendAnalysis - INFO -   Market Concentration: 0.91
2025-04-22 19:05:06,531 - IndustryTrendAnalysis - INFO -   Market Share: 0.00%
2025-04-22 19:05:06,532 - IndustryTrendAnalysis - INFO -   Funding Trend: -97.50%
2025-04-22 19:05:06,532 - IndustryTrendAnalysis - INFO - Food Production:
2025-04-22 19:05:06,532 - IndustryTrendAnalysis - INFO -   Market Concentration: 0.85
2025-04-22 19:05:06,532 - IndustryTrendAnalysis - INFO -   Market Share: 0.01%
2025-04-22 19:05:06,532 - IndustryTrendAnalysis - INFO -   Funding Trend: -100.00%
2025-04-22 19:05:06,532 - IndustryTrendAnalysis - INFO - Marketing & Advertising:
2025-04-22 19:05:06,532 - IndustryTrendAnalysis - INFO -   Market Concentration: 0.74
2025-04-22 19:05:06,532 - IndustryTrendAnalysis - INFO -   Market Share: 0.00%
2025-04-22 19:05:06,532 - IndustryTrendAnalysis - INFO -   Funding Trend: -97.45%
2025-04-22 19:05:06,532 - IndustryTrendAnalysis - INFO - Government Administration:
2025-04-22 19:05:06,532 - IndustryTrendAnalysis - INFO -   Market Concentration: 0.41
2025-04-22 19:05:06,532 - IndustryTrendAnalysis - INFO -   Market Share: 0.01%
2025-04-22 19:05:06,532 - IndustryTrendAnalysis - INFO -   Funding Trend: -38.61%
2025-04-22 19:05:06,532 - IndustryTrendAnalysis - INFO - Defense & Space:
2025-04-22 19:05:06,532 - IndustryTrendAnalysis - INFO -   Market Concentration: 0.35
2025-04-22 19:05:06,532 - IndustryTrendAnalysis - INFO -   Market Share: 0.06%
2025-04-22 19:05:06,532 - IndustryTrendAnalysis - INFO -   Funding Trend: 104.13%
2025-04-22 19:05:06,532 - IndustryTrendAnalysis - INFO - Analyzing employee migration patterns...
2025-04-22 19:05:06,692 - IndustryTrendAnalysis - INFO - Employee migration analysis summary:
2025-04-22 19:05:06,692 - IndustryTrendAnalysis - INFO - Total industries analyzed: 102
2025-04-22 19:05:06,692 - IndustryTrendAnalysis - INFO - Growing industries: 43
2025-04-22 19:05:06,692 - IndustryTrendAnalysis - INFO - Shrinking industries: 13
2025-04-22 19:05:06,692 - IndustryTrendAnalysis - INFO - 
Top 5 fastest growing industries:
2025-04-22 19:05:06,692 - IndustryTrendAnalysis - INFO - Design: 16900.89% growth rate
2025-04-22 19:05:06,692 - IndustryTrendAnalysis - INFO - Environmental Services: 5078.14% growth rate
2025-04-22 19:05:06,692 - IndustryTrendAnalysis - INFO - Information Services: 4656.26% growth rate
2025-04-22 19:05:06,693 - IndustryTrendAnalysis - INFO - Aviation & Aerospace: 2354.67% growth rate
2025-04-22 19:05:06,693 - IndustryTrendAnalysis - INFO - Computer Games: 2175.58% growth rate
2025-04-22 19:05:06,693 - IndustryTrendAnalysis - INFO - Generating industry trend report...
2025-04-22 19:05:06,893 - IndustryTrendAnalysis - INFO - Report saved to ./outputIndustryTrends/industry_trend_report.json
2025-04-22 19:05:06,893 - IndustryTrendAnalysis - INFO - Creating trend visualizations...
2025-04-22 19:05:08,686 - IndustryTrendAnalysis - INFO - Trend visualizations created successfully
2025-04-22 19:06:28,388 - IndustryTrendAnalysis - INFO - Loaded 1103 records from fundraiser data
2025-04-22 19:06:28,389 - IndustryTrendAnalysis - INFO - Loaded 100 records from growthlist data
2025-04-22 19:06:28,470 - IndustryTrendAnalysis - INFO - Loaded 546 records from topstartup data
2025-04-22 19:06:28,568 - IndustryTrendAnalysis - WARNING - Removed 1 rows with invalid dates
2025-04-22 19:06:28,581 - IndustryTrendAnalysis - INFO - Cleaned data summary:
2025-04-22 19:06:28,581 - IndustryTrendAnalysis - INFO - Total companies: 1668
2025-04-22 19:06:28,581 - IndustryTrendAnalysis - INFO - Total funding rounds: 1747
2025-04-22 19:06:28,582 - IndustryTrendAnalysis - INFO - Date range: 1999-01-01 to 2025-03-01
2025-04-22 19:06:28,582 - IndustryTrendAnalysis - INFO - Total funding amount: $384,936,758,279.00
2025-04-22 19:06:28,922 - IndustryTrendAnalysis - INFO - Final dataset contains 1747 valid records
2025-04-22 19:06:28,922 - IndustryTrendAnalysis - INFO - Analyzing industry trends...
2025-04-22 19:06:28,922 - IndustryTrendAnalysis - INFO - Preparing trend features...
2025-04-22 19:06:29,362 - IndustryTrendAnalysis - INFO - 
Overall Market Statistics:
2025-04-22 19:06:29,362 - IndustryTrendAnalysis - INFO - Total Funding: $384,936,758,279.00
2025-04-22 19:06:29,362 - IndustryTrendAnalysis - INFO - Total Companies: 1668
2025-04-22 19:06:29,362 - IndustryTrendAnalysis - INFO - Average Funding Round: $220,341,590.31
2025-04-22 19:06:29,379 - IndustryTrendAnalysis - INFO - 
Industry Analysis Summary:
2025-04-22 19:06:29,379 - IndustryTrendAnalysis - INFO - Total Industries Analyzed: 102
2025-04-22 19:06:29,379 - IndustryTrendAnalysis - INFO - Emerging Industries Found: 3
2025-04-22 19:06:29,379 - IndustryTrendAnalysis - INFO - Saturated Industries Found: 7
2025-04-22 19:06:29,379 - IndustryTrendAnalysis - INFO - Industries with Forecasts: 4
2025-04-22 19:06:29,379 - IndustryTrendAnalysis - INFO - 
Top 5 Emerging Industries by Growth Score:
2025-04-22 19:06:29,379 - IndustryTrendAnalysis - INFO - Computer Hardware:
2025-04-22 19:06:29,379 - IndustryTrendAnalysis - INFO -   Growth Score: 1.12
2025-04-22 19:06:29,379 - IndustryTrendAnalysis - INFO -   YoY Growth: 0.00%
2025-04-22 19:06:29,379 - IndustryTrendAnalysis - INFO -   Market Share: 0.34%
2025-04-22 19:06:29,380 - IndustryTrendAnalysis - INFO -   Companies: 10
2025-04-22 19:06:29,380 - IndustryTrendAnalysis - INFO - Computer & Network Security:
2025-04-22 19:06:29,380 - IndustryTrendAnalysis - INFO -   Growth Score: 0.73
2025-04-22 19:06:29,380 - IndustryTrendAnalysis - INFO -   YoY Growth: 0.00%
2025-04-22 19:06:29,380 - IndustryTrendAnalysis - INFO -   Market Share: 0.43%
2025-04-22 19:06:29,380 - IndustryTrendAnalysis - INFO -   Companies: 33
2025-04-22 19:06:29,380 - IndustryTrendAnalysis - INFO - Information Services:
2025-04-22 19:06:29,380 - IndustryTrendAnalysis - INFO -   Growth Score: 0.61
2025-04-22 19:06:29,380 - IndustryTrendAnalysis - INFO -   YoY Growth: 0.00%
2025-04-22 19:06:29,380 - IndustryTrendAnalysis - INFO -   Market Share: 0.01%
2025-04-22 19:06:29,380 - IndustryTrendAnalysis - INFO -   Companies: 8
2025-04-22 19:06:29,380 - IndustryTrendAnalysis - INFO - 
Top 5 Saturated Industries by Concentration:
2025-04-22 19:06:29,380 - IndustryTrendAnalysis - INFO - Fund-Raising:
2025-04-22 19:06:29,380 - IndustryTrendAnalysis - INFO -   Market Concentration: 0.91
2025-04-22 19:06:29,380 - IndustryTrendAnalysis - INFO -   Market Share: 0.00%
2025-04-22 19:06:29,380 - IndustryTrendAnalysis - INFO -   Funding Trend: -97.50%
2025-04-22 19:06:29,380 - IndustryTrendAnalysis - INFO - Food Production:
2025-04-22 19:06:29,380 - IndustryTrendAnalysis - INFO -   Market Concentration: 0.85
2025-04-22 19:06:29,380 - IndustryTrendAnalysis - INFO -   Market Share: 0.01%
2025-04-22 19:06:29,380 - IndustryTrendAnalysis - INFO -   Funding Trend: -100.00%
2025-04-22 19:06:29,380 - IndustryTrendAnalysis - INFO - Marketing & Advertising:
2025-04-22 19:06:29,380 - IndustryTrendAnalysis - INFO -   Market Concentration: 0.74
2025-04-22 19:06:29,381 - IndustryTrendAnalysis - INFO -   Market Share: 0.00%
2025-04-22 19:06:29,381 - IndustryTrendAnalysis - INFO -   Funding Trend: -97.45%
2025-04-22 19:06:29,381 - IndustryTrendAnalysis - INFO - Government Administration:
2025-04-22 19:06:29,381 - IndustryTrendAnalysis - INFO -   Market Concentration: 0.41
2025-04-22 19:06:29,381 - IndustryTrendAnalysis - INFO -   Market Share: 0.01%
2025-04-22 19:06:29,381 - IndustryTrendAnalysis - INFO -   Funding Trend: -38.61%
2025-04-22 19:06:29,381 - IndustryTrendAnalysis - INFO - Defense & Space:
2025-04-22 19:06:29,381 - IndustryTrendAnalysis - INFO -   Market Concentration: 0.35
2025-04-22 19:06:29,381 - IndustryTrendAnalysis - INFO -   Market Share: 0.06%
2025-04-22 19:06:29,381 - IndustryTrendAnalysis - INFO -   Funding Trend: 104.13%
2025-04-22 19:06:29,381 - IndustryTrendAnalysis - INFO - Analyzing employee migration patterns...
2025-04-22 19:06:29,385 - IndustryTrendAnalysis - ERROR - Error analyzing employee migration: unsupported operand type(s) for -: 'tuple' and 'tuple'
2025-04-22 19:07:11,737 - IndustryTrendAnalysis - INFO - Loaded 1103 records from fundraiser data
2025-04-22 19:07:11,738 - IndustryTrendAnalysis - INFO - Loaded 100 records from growthlist data
2025-04-22 19:07:11,817 - IndustryTrendAnalysis - INFO - Loaded 546 records from topstartup data
2025-04-22 19:07:11,913 - IndustryTrendAnalysis - WARNING - Removed 1 rows with invalid dates
2025-04-22 19:07:11,925 - IndustryTrendAnalysis - INFO - Cleaned data summary:
2025-04-22 19:07:11,926 - IndustryTrendAnalysis - INFO - Total companies: 1668
2025-04-22 19:07:11,926 - IndustryTrendAnalysis - INFO - Total funding rounds: 1747
2025-04-22 19:07:11,926 - IndustryTrendAnalysis - INFO - Date range: 1999-01-01 to 2025-03-01
2025-04-22 19:07:11,926 - IndustryTrendAnalysis - INFO - Total funding amount: $384,936,758,279.00
2025-04-22 19:07:12,250 - IndustryTrendAnalysis - INFO - Final dataset contains 1747 valid records
2025-04-22 19:07:12,251 - IndustryTrendAnalysis - INFO - Analyzing industry trends...
2025-04-22 19:07:12,251 - IndustryTrendAnalysis - INFO - Preparing trend features...
2025-04-22 19:07:12,575 - IndustryTrendAnalysis - INFO - 
Overall Market Statistics:
2025-04-22 19:07:12,575 - IndustryTrendAnalysis - INFO - Total Funding: $384,936,758,279.00
2025-04-22 19:07:12,575 - IndustryTrendAnalysis - INFO - Total Companies: 1668
2025-04-22 19:07:12,575 - IndustryTrendAnalysis - INFO - Average Funding Round: $220,341,590.31
2025-04-22 19:07:12,591 - IndustryTrendAnalysis - INFO - 
Industry Analysis Summary:
2025-04-22 19:07:12,592 - IndustryTrendAnalysis - INFO - Total Industries Analyzed: 102
2025-04-22 19:07:12,592 - IndustryTrendAnalysis - INFO - Emerging Industries Found: 3
2025-04-22 19:07:12,592 - IndustryTrendAnalysis - INFO - Saturated Industries Found: 7
2025-04-22 19:07:12,592 - IndustryTrendAnalysis - INFO - Industries with Forecasts: 4
2025-04-22 19:07:12,592 - IndustryTrendAnalysis - INFO - 
Top 5 Emerging Industries by Growth Score:
2025-04-22 19:07:12,592 - IndustryTrendAnalysis - INFO - Computer Hardware:
2025-04-22 19:07:12,592 - IndustryTrendAnalysis - INFO -   Growth Score: 1.12
2025-04-22 19:07:12,592 - IndustryTrendAnalysis - INFO -   YoY Growth: 0.00%
2025-04-22 19:07:12,592 - IndustryTrendAnalysis - INFO -   Market Share: 0.34%
2025-04-22 19:07:12,592 - IndustryTrendAnalysis - INFO -   Companies: 10
2025-04-22 19:07:12,592 - IndustryTrendAnalysis - INFO - Computer & Network Security:
2025-04-22 19:07:12,592 - IndustryTrendAnalysis - INFO -   Growth Score: 0.73
2025-04-22 19:07:12,592 - IndustryTrendAnalysis - INFO -   YoY Growth: 0.00%
2025-04-22 19:07:12,592 - IndustryTrendAnalysis - INFO -   Market Share: 0.43%
2025-04-22 19:07:12,592 - IndustryTrendAnalysis - INFO -   Companies: 33
2025-04-22 19:07:12,592 - IndustryTrendAnalysis - INFO - Information Services:
2025-04-22 19:07:12,592 - IndustryTrendAnalysis - INFO -   Growth Score: 0.61
2025-04-22 19:07:12,592 - IndustryTrendAnalysis - INFO -   YoY Growth: 0.00%
2025-04-22 19:07:12,592 - IndustryTrendAnalysis - INFO -   Market Share: 0.01%
2025-04-22 19:07:12,592 - IndustryTrendAnalysis - INFO -   Companies: 8
2025-04-22 19:07:12,593 - IndustryTrendAnalysis - INFO - 
Top 5 Saturated Industries by Concentration:
2025-04-22 19:07:12,593 - IndustryTrendAnalysis - INFO - Fund-Raising:
2025-04-22 19:07:12,593 - IndustryTrendAnalysis - INFO -   Market Concentration: 0.91
2025-04-22 19:07:12,593 - IndustryTrendAnalysis - INFO -   Market Share: 0.00%
2025-04-22 19:07:12,593 - IndustryTrendAnalysis - INFO -   Funding Trend: -97.50%
2025-04-22 19:07:12,593 - IndustryTrendAnalysis - INFO - Food Production:
2025-04-22 19:07:12,593 - IndustryTrendAnalysis - INFO -   Market Concentration: 0.85
2025-04-22 19:07:12,593 - IndustryTrendAnalysis - INFO -   Market Share: 0.01%
2025-04-22 19:07:12,593 - IndustryTrendAnalysis - INFO -   Funding Trend: -100.00%
2025-04-22 19:07:12,593 - IndustryTrendAnalysis - INFO - Marketing & Advertising:
2025-04-22 19:07:12,593 - IndustryTrendAnalysis - INFO -   Market Concentration: 0.74
2025-04-22 19:07:12,593 - IndustryTrendAnalysis - INFO -   Market Share: 0.00%
2025-04-22 19:07:12,593 - IndustryTrendAnalysis - INFO -   Funding Trend: -97.45%
2025-04-22 19:07:12,593 - IndustryTrendAnalysis - INFO - Government Administration:
2025-04-22 19:07:12,593 - IndustryTrendAnalysis - INFO -   Market Concentration: 0.41
2025-04-22 19:07:12,593 - IndustryTrendAnalysis - INFO -   Market Share: 0.01%
2025-04-22 19:07:12,593 - IndustryTrendAnalysis - INFO -   Funding Trend: -38.61%
2025-04-22 19:07:12,593 - IndustryTrendAnalysis - INFO - Defense & Space:
2025-04-22 19:07:12,593 - IndustryTrendAnalysis - INFO -   Market Concentration: 0.35
2025-04-22 19:07:12,593 - IndustryTrendAnalysis - INFO -   Market Share: 0.06%
2025-04-22 19:07:12,593 - IndustryTrendAnalysis - INFO -   Funding Trend: 104.13%
2025-04-22 19:07:12,593 - IndustryTrendAnalysis - INFO - Analyzing employee migration patterns...
2025-04-22 19:07:12,679 - IndustryTrendAnalysis - INFO - Employee migration analysis summary:
2025-04-22 19:07:12,679 - IndustryTrendAnalysis - INFO - Total industries analyzed: 102
2025-04-22 19:07:12,680 - IndustryTrendAnalysis - INFO - Growing industries: 24
2025-04-22 19:07:12,680 - IndustryTrendAnalysis - INFO - Shrinking industries: 32
2025-04-22 19:07:12,680 - IndustryTrendAnalysis - INFO - 
Top 5 fastest growing industries:
2025-04-22 19:07:12,680 - IndustryTrendAnalysis - INFO - Computer Software: 4095999900.00% growth rate
2025-04-22 19:07:12,680 - IndustryTrendAnalysis - INFO - Design: 135782.51% growth rate
2025-04-22 19:07:12,680 - IndustryTrendAnalysis - INFO - Legal Services: 34200.00% growth rate
2025-04-22 19:07:12,680 - IndustryTrendAnalysis - INFO - Chemicals: 16696.16% growth rate
2025-04-22 19:07:12,680 - IndustryTrendAnalysis - INFO - Mechanical Or Industrial Engineering: 13449.28% growth rate
2025-04-22 19:07:12,680 - IndustryTrendAnalysis - INFO - Generating industry trend report...
2025-04-22 19:07:12,918 - IndustryTrendAnalysis - INFO - Report saved to ./outputIndustryTrends/industry_trend_report.json
2025-04-22 19:07:12,918 - IndustryTrendAnalysis - INFO - Creating trend visualizations...
2025-04-22 19:07:14,781 - IndustryTrendAnalysis - INFO - Trend visualizations created successfully
2025-04-22 19:07:53,596 - IndustryTrendAnalysis - INFO - Loaded 1103 records from fundraiser data
2025-04-22 19:07:53,597 - IndustryTrendAnalysis - INFO - Loaded 100 records from growthlist data
2025-04-22 19:07:53,683 - IndustryTrendAnalysis - INFO - Loaded 546 records from topstartup data
2025-04-22 19:07:53,782 - IndustryTrendAnalysis - WARNING - Removed 1 rows with invalid dates
2025-04-22 19:07:53,796 - IndustryTrendAnalysis - INFO - Cleaned data summary:
2025-04-22 19:07:53,796 - IndustryTrendAnalysis - INFO - Total companies: 1668
2025-04-22 19:07:53,796 - IndustryTrendAnalysis - INFO - Total funding rounds: 1747
2025-04-22 19:07:53,797 - IndustryTrendAnalysis - INFO - Date range: 1999-01-01 to 2025-03-01
2025-04-22 19:07:53,797 - IndustryTrendAnalysis - INFO - Total funding amount: $384,936,758,279.00
2025-04-22 19:07:54,111 - IndustryTrendAnalysis - INFO - Final dataset contains 1747 valid records
2025-04-22 19:07:54,111 - IndustryTrendAnalysis - INFO - Analyzing industry trends...
2025-04-22 19:07:54,111 - IndustryTrendAnalysis - INFO - Preparing trend features...
2025-04-22 19:07:54,443 - IndustryTrendAnalysis - INFO - 
Overall Market Statistics:
2025-04-22 19:07:54,443 - IndustryTrendAnalysis - INFO - Total Funding: $384,936,758,279.00
2025-04-22 19:07:54,443 - IndustryTrendAnalysis - INFO - Total Companies: 1668
2025-04-22 19:07:54,443 - IndustryTrendAnalysis - INFO - Average Funding Round: $220,341,590.31
2025-04-22 19:07:54,457 - IndustryTrendAnalysis - INFO - 
Industry Analysis Summary:
2025-04-22 19:07:54,458 - IndustryTrendAnalysis - INFO - Total Industries Analyzed: 102
2025-04-22 19:07:54,458 - IndustryTrendAnalysis - INFO - Emerging Industries Found: 3
2025-04-22 19:07:54,458 - IndustryTrendAnalysis - INFO - Saturated Industries Found: 7
2025-04-22 19:07:54,458 - IndustryTrendAnalysis - INFO - Industries with Forecasts: 4
2025-04-22 19:07:54,458 - IndustryTrendAnalysis - INFO - 
Top 5 Emerging Industries by Growth Score:
2025-04-22 19:07:54,458 - IndustryTrendAnalysis - INFO - Computer Hardware:
2025-04-22 19:07:54,458 - IndustryTrendAnalysis - INFO -   Growth Score: 1.12
2025-04-22 19:07:54,458 - IndustryTrendAnalysis - INFO -   YoY Growth: 0.00%
2025-04-22 19:07:54,458 - IndustryTrendAnalysis - INFO -   Market Share: 0.34%
2025-04-22 19:07:54,458 - IndustryTrendAnalysis - INFO -   Companies: 10
2025-04-22 19:07:54,458 - IndustryTrendAnalysis - INFO - Computer & Network Security:
2025-04-22 19:07:54,458 - IndustryTrendAnalysis - INFO -   Growth Score: 0.73
2025-04-22 19:07:54,458 - IndustryTrendAnalysis - INFO -   YoY Growth: 0.00%
2025-04-22 19:07:54,458 - IndustryTrendAnalysis - INFO -   Market Share: 0.43%
2025-04-22 19:07:54,458 - IndustryTrendAnalysis - INFO -   Companies: 33
2025-04-22 19:07:54,458 - IndustryTrendAnalysis - INFO - Information Services:
2025-04-22 19:07:54,458 - IndustryTrendAnalysis - INFO -   Growth Score: 0.61
2025-04-22 19:07:54,458 - IndustryTrendAnalysis - INFO -   YoY Growth: 0.00%
2025-04-22 19:07:54,458 - IndustryTrendAnalysis - INFO -   Market Share: 0.01%
2025-04-22 19:07:54,458 - IndustryTrendAnalysis - INFO -   Companies: 8
2025-04-22 19:07:54,458 - IndustryTrendAnalysis - INFO - 
Top 5 Saturated Industries by Concentration:
2025-04-22 19:07:54,458 - IndustryTrendAnalysis - INFO - Fund-Raising:
2025-04-22 19:07:54,458 - IndustryTrendAnalysis - INFO -   Market Concentration: 0.91
2025-04-22 19:07:54,458 - IndustryTrendAnalysis - INFO -   Market Share: 0.00%
2025-04-22 19:07:54,459 - IndustryTrendAnalysis - INFO -   Funding Trend: -97.50%
2025-04-22 19:07:54,459 - IndustryTrendAnalysis - INFO - Food Production:
2025-04-22 19:07:54,459 - IndustryTrendAnalysis - INFO -   Market Concentration: 0.85
2025-04-22 19:07:54,459 - IndustryTrendAnalysis - INFO -   Market Share: 0.01%
2025-04-22 19:07:54,459 - IndustryTrendAnalysis - INFO -   Funding Trend: -100.00%
2025-04-22 19:07:54,459 - IndustryTrendAnalysis - INFO - Marketing & Advertising:
2025-04-22 19:07:54,459 - IndustryTrendAnalysis - INFO -   Market Concentration: 0.74
2025-04-22 19:07:54,459 - IndustryTrendAnalysis - INFO -   Market Share: 0.00%
2025-04-22 19:07:54,459 - IndustryTrendAnalysis - INFO -   Funding Trend: -97.45%
2025-04-22 19:07:54,459 - IndustryTrendAnalysis - INFO - Government Administration:
2025-04-22 19:07:54,459 - IndustryTrendAnalysis - INFO -   Market Concentration: 0.41
2025-04-22 19:07:54,459 - IndustryTrendAnalysis - INFO -   Market Share: 0.01%
2025-04-22 19:07:54,459 - IndustryTrendAnalysis - INFO -   Funding Trend: -38.61%
2025-04-22 19:07:54,459 - IndustryTrendAnalysis - INFO - Defense & Space:
2025-04-22 19:07:54,459 - IndustryTrendAnalysis - INFO -   Market Concentration: 0.35
2025-04-22 19:07:54,459 - IndustryTrendAnalysis - INFO -   Market Share: 0.06%
2025-04-22 19:07:54,459 - IndustryTrendAnalysis - INFO -   Funding Trend: 104.13%
2025-04-22 19:07:54,459 - IndustryTrendAnalysis - INFO - Analyzing employee migration patterns...
2025-04-22 19:07:54,539 - IndustryTrendAnalysis - INFO - Employee migration analysis summary:
2025-04-22 19:07:54,539 - IndustryTrendAnalysis - INFO - Total industries analyzed: 102
2025-04-22 19:07:54,539 - IndustryTrendAnalysis - INFO - Growing industries: 16
2025-04-22 19:07:54,539 - IndustryTrendAnalysis - INFO - Shrinking industries: 16
2025-04-22 19:07:54,539 - IndustryTrendAnalysis - INFO - 
Top 5 fastest growing industries:
2025-04-22 19:07:54,539 - IndustryTrendAnalysis - INFO - Information Services: 975.86% growth rate
2025-04-22 19:07:54,539 - IndustryTrendAnalysis - INFO - Environmental Services: 815.09% growth rate
2025-04-22 19:07:54,539 - IndustryTrendAnalysis - INFO - Computer & Network Security: 371.68% growth rate
2025-04-22 19:07:54,539 - IndustryTrendAnalysis - INFO - Research: 275.76% growth rate
2025-04-22 19:07:54,539 - IndustryTrendAnalysis - INFO - Food & Beverages: 226.74% growth rate
2025-04-22 19:07:54,540 - IndustryTrendAnalysis - INFO - Generating industry trend report...
2025-04-22 19:07:54,800 - IndustryTrendAnalysis - INFO - Report saved to ./outputIndustryTrends/industry_trend_report.json
2025-04-22 19:07:54,800 - IndustryTrendAnalysis - INFO - Creating trend visualizations...
2025-04-22 19:07:56,506 - IndustryTrendAnalysis - INFO - Trend visualizations created successfully
2025-04-22 19:09:47,138 - IndustryTrendAnalysis - INFO - Loaded 1103 records from fundraiser data
2025-04-22 19:09:47,139 - IndustryTrendAnalysis - INFO - Loaded 100 records from growthlist data
2025-04-22 19:09:47,221 - IndustryTrendAnalysis - INFO - Loaded 546 records from topstartup data
2025-04-22 19:09:47,325 - IndustryTrendAnalysis - WARNING - Removed 1 rows with invalid dates
2025-04-22 19:09:47,338 - IndustryTrendAnalysis - INFO - Cleaned data summary:
2025-04-22 19:09:47,338 - IndustryTrendAnalysis - INFO - Total companies: 1668
2025-04-22 19:09:47,338 - IndustryTrendAnalysis - INFO - Total funding rounds: 1747
2025-04-22 19:09:47,338 - IndustryTrendAnalysis - INFO - Date range: 1999-01-01 to 2025-03-01
2025-04-22 19:09:47,339 - IndustryTrendAnalysis - INFO - Total funding amount: $384,936,758,279.00
2025-04-22 19:09:47,655 - IndustryTrendAnalysis - INFO - Final dataset contains 1747 valid records
2025-04-22 19:09:47,655 - IndustryTrendAnalysis - INFO - Analyzing industry trends...
2025-04-22 19:09:47,655 - IndustryTrendAnalysis - INFO - Preparing trend features...
2025-04-22 19:09:47,988 - IndustryTrendAnalysis - INFO - 
Overall Market Statistics:
2025-04-22 19:09:47,988 - IndustryTrendAnalysis - INFO - Total Funding: $384,936,758,279.00
2025-04-22 19:09:47,988 - IndustryTrendAnalysis - INFO - Total Companies: 1668
2025-04-22 19:09:47,988 - IndustryTrendAnalysis - INFO - Average Funding Round: $220,341,590.31
2025-04-22 19:09:48,006 - IndustryTrendAnalysis - INFO - 
Industry Analysis Summary:
2025-04-22 19:09:48,006 - IndustryTrendAnalysis - INFO - Total Industries Analyzed: 102
2025-04-22 19:09:48,006 - IndustryTrendAnalysis - INFO - Emerging Industries Found: 3
2025-04-22 19:09:48,006 - IndustryTrendAnalysis - INFO - Saturated Industries Found: 7
2025-04-22 19:09:48,006 - IndustryTrendAnalysis - INFO - Industries with Forecasts: 4
2025-04-22 19:09:48,006 - IndustryTrendAnalysis - INFO - 
Top 5 Emerging Industries by Growth Score:
2025-04-22 19:09:48,006 - IndustryTrendAnalysis - INFO - Computer Hardware:
2025-04-22 19:09:48,006 - IndustryTrendAnalysis - INFO -   Growth Score: 1.12
2025-04-22 19:09:48,006 - IndustryTrendAnalysis - INFO -   YoY Growth: 0.00%
2025-04-22 19:09:48,007 - IndustryTrendAnalysis - INFO -   Market Share: 0.34%
2025-04-22 19:09:48,007 - IndustryTrendAnalysis - INFO -   Companies: 10
2025-04-22 19:09:48,007 - IndustryTrendAnalysis - INFO - Computer & Network Security:
2025-04-22 19:09:48,007 - IndustryTrendAnalysis - INFO -   Growth Score: 0.73
2025-04-22 19:09:48,007 - IndustryTrendAnalysis - INFO -   YoY Growth: 0.00%
2025-04-22 19:09:48,007 - IndustryTrendAnalysis - INFO -   Market Share: 0.43%
2025-04-22 19:09:48,007 - IndustryTrendAnalysis - INFO -   Companies: 33
2025-04-22 19:09:48,007 - IndustryTrendAnalysis - INFO - Information Services:
2025-04-22 19:09:48,007 - IndustryTrendAnalysis - INFO -   Growth Score: 0.61
2025-04-22 19:09:48,007 - IndustryTrendAnalysis - INFO -   YoY Growth: 0.00%
2025-04-22 19:09:48,007 - IndustryTrendAnalysis - INFO -   Market Share: 0.01%
2025-04-22 19:09:48,007 - IndustryTrendAnalysis - INFO -   Companies: 8
2025-04-22 19:09:48,007 - IndustryTrendAnalysis - INFO - 
Top 5 Saturated Industries by Concentration:
2025-04-22 19:09:48,007 - IndustryTrendAnalysis - INFO - Fund-Raising:
2025-04-22 19:09:48,007 - IndustryTrendAnalysis - INFO -   Market Concentration: 0.91
2025-04-22 19:09:48,007 - IndustryTrendAnalysis - INFO -   Market Share: 0.00%
2025-04-22 19:09:48,007 - IndustryTrendAnalysis - INFO -   Funding Trend: -97.50%
2025-04-22 19:09:48,007 - IndustryTrendAnalysis - INFO - Food Production:
2025-04-22 19:09:48,007 - IndustryTrendAnalysis - INFO -   Market Concentration: 0.85
2025-04-22 19:09:48,007 - IndustryTrendAnalysis - INFO -   Market Share: 0.01%
2025-04-22 19:09:48,007 - IndustryTrendAnalysis - INFO -   Funding Trend: -100.00%
2025-04-22 19:09:48,007 - IndustryTrendAnalysis - INFO - Marketing & Advertising:
2025-04-22 19:09:48,007 - IndustryTrendAnalysis - INFO -   Market Concentration: 0.74
2025-04-22 19:09:48,008 - IndustryTrendAnalysis - INFO -   Market Share: 0.00%
2025-04-22 19:09:48,008 - IndustryTrendAnalysis - INFO -   Funding Trend: -97.45%
2025-04-22 19:09:48,008 - IndustryTrendAnalysis - INFO - Government Administration:
2025-04-22 19:09:48,008 - IndustryTrendAnalysis - INFO -   Market Concentration: 0.41
2025-04-22 19:09:48,008 - IndustryTrendAnalysis - INFO -   Market Share: 0.01%
2025-04-22 19:09:48,008 - IndustryTrendAnalysis - INFO -   Funding Trend: -38.61%
2025-04-22 19:09:48,008 - IndustryTrendAnalysis - INFO - Defense & Space:
2025-04-22 19:09:48,008 - IndustryTrendAnalysis - INFO -   Market Concentration: 0.35
2025-04-22 19:09:48,008 - IndustryTrendAnalysis - INFO -   Market Share: 0.06%
2025-04-22 19:09:48,008 - IndustryTrendAnalysis - INFO -   Funding Trend: 104.13%
2025-04-22 19:09:48,008 - IndustryTrendAnalysis - INFO - Analyzing employee migration patterns...
2025-04-22 19:09:48,109 - IndustryTrendAnalysis - INFO - Employee migration analysis summary:
2025-04-22 19:09:48,109 - IndustryTrendAnalysis - INFO - Total industries analyzed: 102
2025-04-22 19:09:48,110 - IndustryTrendAnalysis - INFO - Growing industries: 16
2025-04-22 19:09:48,110 - IndustryTrendAnalysis - INFO - Shrinking industries: 16
2025-04-22 19:09:48,110 - IndustryTrendAnalysis - INFO - 
Top 5 fastest growing industries:
2025-04-22 19:09:48,110 - IndustryTrendAnalysis - INFO - Information Services: 975.86% growth rate
2025-04-22 19:09:48,110 - IndustryTrendAnalysis - INFO - Environmental Services: 815.09% growth rate
2025-04-22 19:09:48,110 - IndustryTrendAnalysis - INFO - Computer & Network Security: 371.68% growth rate
2025-04-22 19:09:48,110 - IndustryTrendAnalysis - INFO - Research: 275.76% growth rate
2025-04-22 19:09:48,110 - IndustryTrendAnalysis - INFO - Food & Beverages: 226.74% growth rate
2025-04-22 19:09:48,110 - IndustryTrendAnalysis - INFO - Generating industry trend report...
2025-04-22 19:09:48,344 - IndustryTrendAnalysis - INFO - Report saved to ./outputIndustryTrends/industry_trend_report.json
2025-04-22 19:09:48,344 - IndustryTrendAnalysis - INFO - Creating trend visualizations...
2025-04-22 19:09:50,145 - IndustryTrendAnalysis - INFO - Trend visualizations created successfully
2025-04-22 19:10:57,813 - IndustryTrendAnalysis - INFO - Loaded 1103 records from fundraiser data
2025-04-22 19:10:57,814 - IndustryTrendAnalysis - INFO - Loaded 100 records from growthlist data
2025-04-22 19:10:57,851 - IndustryTrendAnalysis - INFO - Loaded 546 records from topstartup data
2025-04-22 19:10:57,952 - IndustryTrendAnalysis - WARNING - Removed 1 rows with invalid dates
2025-04-22 19:10:57,968 - IndustryTrendAnalysis - INFO - Cleaned data summary:
2025-04-22 19:10:57,968 - IndustryTrendAnalysis - INFO - Total companies: 1668
2025-04-22 19:10:57,969 - IndustryTrendAnalysis - INFO - Total funding rounds: 1747
2025-04-22 19:10:57,969 - IndustryTrendAnalysis - INFO - Date range: 1999-01-01 to 2025-03-01
2025-04-22 19:10:57,969 - IndustryTrendAnalysis - INFO - Total funding amount: $384,936,758,279.00
2025-04-22 19:10:58,290 - IndustryTrendAnalysis - INFO - Final dataset contains 1747 valid records
2025-04-22 19:10:58,290 - IndustryTrendAnalysis - INFO - Analyzing industry trends...
2025-04-22 19:10:58,290 - IndustryTrendAnalysis - INFO - Preparing trend features...
2025-04-22 19:10:58,621 - IndustryTrendAnalysis - INFO - 
Overall Market Statistics (Last 12 Months):
2025-04-22 19:10:58,621 - IndustryTrendAnalysis - INFO - Total Funding: $98,061,119,378.00
2025-04-22 19:10:58,622 - IndustryTrendAnalysis - INFO - Total Companies: 1028
2025-04-22 19:10:58,622 - IndustryTrendAnalysis - INFO - Average Funding Round: $94,108,559.86
2025-04-22 19:10:58,779 - IndustryTrendAnalysis - INFO - 
Industry Analysis Summary:
2025-04-22 19:10:58,780 - IndustryTrendAnalysis - INFO - Total Industries Analyzed: 102
2025-04-22 19:10:58,780 - IndustryTrendAnalysis - INFO - Emerging Industries Found: 3
2025-04-22 19:10:58,780 - IndustryTrendAnalysis - INFO - Saturated Industries Found: 7
2025-04-22 19:10:58,780 - IndustryTrendAnalysis - INFO - Industries with Forecasts: 4
2025-04-22 19:10:58,780 - IndustryTrendAnalysis - INFO - 
Top 5 Emerging Industries by Growth Score:
2025-04-22 19:10:58,780 - IndustryTrendAnalysis - INFO - Computer & Network Security:
2025-04-22 19:10:58,780 - IndustryTrendAnalysis - INFO -   Growth Score: 0.85
2025-04-22 19:10:58,780 - IndustryTrendAnalysis - INFO -   YoY Growth: 0.00%
2025-04-22 19:10:58,780 - IndustryTrendAnalysis - INFO -   Market Share: 1.66%
2025-04-22 19:10:58,780 - IndustryTrendAnalysis - INFO -   Companies: 33
2025-04-22 19:10:58,780 - IndustryTrendAnalysis - INFO -   Employee Growth: -22.92%
2025-04-22 19:10:58,780 - IndustryTrendAnalysis - INFO - Information Services:
2025-04-22 19:10:58,780 - IndustryTrendAnalysis - INFO -   Growth Score: 0.64
2025-04-22 19:10:58,780 - IndustryTrendAnalysis - INFO -   YoY Growth: 0.00%
2025-04-22 19:10:58,780 - IndustryTrendAnalysis - INFO -   Market Share: 0.03%
2025-04-22 19:10:58,780 - IndustryTrendAnalysis - INFO -   Companies: 8
2025-04-22 19:10:58,780 - IndustryTrendAnalysis - INFO -   Employee Growth: 10.34%
2025-04-22 19:10:58,780 - IndustryTrendAnalysis - INFO - Computer Hardware:
2025-04-22 19:10:58,780 - IndustryTrendAnalysis - INFO -   Growth Score: 0.63
2025-04-22 19:10:58,780 - IndustryTrendAnalysis - INFO -   YoY Growth: 0.00%
2025-04-22 19:10:58,780 - IndustryTrendAnalysis - INFO -   Market Share: 1.23%
2025-04-22 19:10:58,780 - IndustryTrendAnalysis - INFO -   Companies: 10
2025-04-22 19:10:58,780 - IndustryTrendAnalysis - INFO -   Employee Growth: 4.43%
2025-04-22 19:10:58,780 - IndustryTrendAnalysis - INFO - 
Top 5 Saturated Industries by Concentration:
2025-04-22 19:10:58,780 - IndustryTrendAnalysis - INFO - Fund-Raising:
2025-04-22 19:10:58,780 - IndustryTrendAnalysis - INFO -   Market Concentration: 0.91
2025-04-22 19:10:58,780 - IndustryTrendAnalysis - INFO -   Market Share: 0.00%
2025-04-22 19:10:58,780 - IndustryTrendAnalysis - INFO -   Funding Trend: -97.50%
2025-04-22 19:10:58,781 - IndustryTrendAnalysis - INFO - Food Production:
2025-04-22 19:10:58,781 - IndustryTrendAnalysis - INFO -   Market Concentration: 0.85
2025-04-22 19:10:58,781 - IndustryTrendAnalysis - INFO -   Market Share: 0.00%
2025-04-22 19:10:58,781 - IndustryTrendAnalysis - INFO -   Funding Trend: -100.00%
2025-04-22 19:10:58,781 - IndustryTrendAnalysis - INFO - Marketing & Advertising:
2025-04-22 19:10:58,781 - IndustryTrendAnalysis - INFO -   Market Concentration: 0.74
2025-04-22 19:10:58,781 - IndustryTrendAnalysis - INFO -   Market Share: 0.00%
2025-04-22 19:10:58,781 - IndustryTrendAnalysis - INFO -   Funding Trend: -97.45%
2025-04-22 19:10:58,781 - IndustryTrendAnalysis - INFO - Government Administration:
2025-04-22 19:10:58,781 - IndustryTrendAnalysis - INFO -   Market Concentration: 0.41
2025-04-22 19:10:58,781 - IndustryTrendAnalysis - INFO -   Market Share: 0.04%
2025-04-22 19:10:58,781 - IndustryTrendAnalysis - INFO -   Funding Trend: -38.61%
2025-04-22 19:10:58,781 - IndustryTrendAnalysis - INFO - Defense & Space:
2025-04-22 19:10:58,781 - IndustryTrendAnalysis - INFO -   Market Concentration: 0.35
2025-04-22 19:10:58,781 - IndustryTrendAnalysis - INFO -   Market Share: 0.11%
2025-04-22 19:10:58,781 - IndustryTrendAnalysis - INFO -   Funding Trend: 104.13%
2025-04-22 19:10:58,781 - IndustryTrendAnalysis - INFO - Analyzing employee migration patterns...
2025-04-22 19:10:58,868 - IndustryTrendAnalysis - INFO - Employee migration analysis summary:
2025-04-22 19:10:58,868 - IndustryTrendAnalysis - INFO - Total industries analyzed: 102
2025-04-22 19:10:58,868 - IndustryTrendAnalysis - INFO - Growing industries: 16
2025-04-22 19:10:58,868 - IndustryTrendAnalysis - INFO - Shrinking industries: 16
2025-04-22 19:10:58,868 - IndustryTrendAnalysis - INFO - 
Top 5 fastest growing industries:
2025-04-22 19:10:58,868 - IndustryTrendAnalysis - INFO - Information Services: 975.86% growth rate
2025-04-22 19:10:58,868 - IndustryTrendAnalysis - INFO - Environmental Services: 815.09% growth rate
2025-04-22 19:10:58,868 - IndustryTrendAnalysis - INFO - Computer & Network Security: 371.68% growth rate
2025-04-22 19:10:58,869 - IndustryTrendAnalysis - INFO - Research: 275.76% growth rate
2025-04-22 19:10:58,869 - IndustryTrendAnalysis - INFO - Food & Beverages: 226.74% growth rate
2025-04-22 19:10:58,869 - IndustryTrendAnalysis - INFO - Generating industry trend report...
2025-04-22 19:10:59,075 - IndustryTrendAnalysis - INFO - Report saved to ./outputIndustryTrends/industry_trend_report.json
2025-04-22 19:10:59,075 - IndustryTrendAnalysis - INFO - Creating trend visualizations...
2025-04-22 19:11:00,725 - IndustryTrendAnalysis - INFO - Trend visualizations created successfully
2025-04-22 19:13:46,981 - IndustryTrendAnalysis - INFO - Loaded 1103 records from fundraiser data
2025-04-22 19:13:46,983 - IndustryTrendAnalysis - INFO - Loaded 100 records from growthlist data
2025-04-22 19:13:47,064 - IndustryTrendAnalysis - INFO - Loaded 546 records from topstartup data
2025-04-22 19:13:47,161 - IndustryTrendAnalysis - WARNING - Removed 1 rows with invalid dates
2025-04-22 19:13:47,172 - IndustryTrendAnalysis - INFO - Cleaned data summary:
2025-04-22 19:13:47,172 - IndustryTrendAnalysis - INFO - Total companies: 1668
2025-04-22 19:13:47,172 - IndustryTrendAnalysis - INFO - Total funding rounds: 1747
2025-04-22 19:13:47,173 - IndustryTrendAnalysis - INFO - Date range: 1999-01-01 to 2025-03-01
2025-04-22 19:13:47,173 - IndustryTrendAnalysis - INFO - Total funding amount: $384,936,758,279.00
2025-04-22 19:13:47,475 - IndustryTrendAnalysis - INFO - Final dataset contains 1747 valid records
2025-04-22 19:13:47,475 - IndustryTrendAnalysis - INFO - Analyzing industry trends...
2025-04-22 19:13:47,475 - IndustryTrendAnalysis - INFO - Preparing trend features...
2025-04-22 19:13:47,783 - IndustryTrendAnalysis - INFO - 
Overall Market Statistics (Last 12 Months):
2025-04-22 19:13:47,783 - IndustryTrendAnalysis - INFO - Total Funding: $98,061,119,378.00
2025-04-22 19:13:47,783 - IndustryTrendAnalysis - INFO - Total Companies: 1028
2025-04-22 19:13:47,783 - IndustryTrendAnalysis - INFO - Average Funding Round: $94,108,559.86
2025-04-22 19:13:47,900 - IndustryTrendAnalysis - INFO - 
Industry Analysis Summary:
2025-04-22 19:13:47,900 - IndustryTrendAnalysis - INFO - Total Industries Analyzed: 102
2025-04-22 19:13:47,900 - IndustryTrendAnalysis - INFO - Emerging Industries Found: 3
2025-04-22 19:13:47,900 - IndustryTrendAnalysis - INFO - Saturated Industries Found: 7
2025-04-22 19:13:47,900 - IndustryTrendAnalysis - INFO - Industries with Forecasts: 4
2025-04-22 19:13:47,900 - IndustryTrendAnalysis - INFO - 
Top 5 Emerging Industries by Growth Score:
2025-04-22 19:13:47,900 - IndustryTrendAnalysis - INFO - Computer & Network Security:
2025-04-22 19:13:47,900 - IndustryTrendAnalysis - INFO -   Growth Score: 0.85
2025-04-22 19:13:47,901 - IndustryTrendAnalysis - INFO -   YoY Growth: 0.00%
2025-04-22 19:13:47,901 - IndustryTrendAnalysis - INFO -   Market Share: 1.66%
2025-04-22 19:13:47,901 - IndustryTrendAnalysis - INFO -   Companies: 33
2025-04-22 19:13:47,901 - IndustryTrendAnalysis - INFO -   Employee Growth: -22.92%
2025-04-22 19:13:47,901 - IndustryTrendAnalysis - INFO - Information Services:
2025-04-22 19:13:47,901 - IndustryTrendAnalysis - INFO -   Growth Score: 0.64
2025-04-22 19:13:47,901 - IndustryTrendAnalysis - INFO -   YoY Growth: 0.00%
2025-04-22 19:13:47,901 - IndustryTrendAnalysis - INFO -   Market Share: 0.03%
2025-04-22 19:13:47,901 - IndustryTrendAnalysis - INFO -   Companies: 8
2025-04-22 19:13:47,901 - IndustryTrendAnalysis - INFO -   Employee Growth: 10.34%
2025-04-22 19:13:47,901 - IndustryTrendAnalysis - INFO - Computer Hardware:
2025-04-22 19:13:47,901 - IndustryTrendAnalysis - INFO -   Growth Score: 0.63
2025-04-22 19:13:47,902 - IndustryTrendAnalysis - INFO -   YoY Growth: 0.00%
2025-04-22 19:13:47,902 - IndustryTrendAnalysis - INFO -   Market Share: 1.23%
2025-04-22 19:13:47,902 - IndustryTrendAnalysis - INFO -   Companies: 10
2025-04-22 19:13:47,902 - IndustryTrendAnalysis - INFO -   Employee Growth: 4.43%
2025-04-22 19:13:47,902 - IndustryTrendAnalysis - INFO - 
Top 5 Saturated Industries by Concentration:
2025-04-22 19:13:47,902 - IndustryTrendAnalysis - INFO - Fund-Raising:
2025-04-22 19:13:47,902 - IndustryTrendAnalysis - INFO -   Market Concentration: 0.91
2025-04-22 19:13:47,902 - IndustryTrendAnalysis - INFO -   Market Share: 0.00%
2025-04-22 19:13:47,902 - IndustryTrendAnalysis - INFO -   Funding Trend: -97.50%
2025-04-22 19:13:47,902 - IndustryTrendAnalysis - INFO - Food Production:
2025-04-22 19:13:47,902 - IndustryTrendAnalysis - INFO -   Market Concentration: 0.85
2025-04-22 19:13:47,902 - IndustryTrendAnalysis - INFO -   Market Share: 0.00%
2025-04-22 19:13:47,902 - IndustryTrendAnalysis - INFO -   Funding Trend: -100.00%
2025-04-22 19:13:47,902 - IndustryTrendAnalysis - INFO - Marketing & Advertising:
2025-04-22 19:13:47,902 - IndustryTrendAnalysis - INFO -   Market Concentration: 0.74
2025-04-22 19:13:47,902 - IndustryTrendAnalysis - INFO -   Market Share: 0.00%
2025-04-22 19:13:47,903 - IndustryTrendAnalysis - INFO -   Funding Trend: -97.45%
2025-04-22 19:13:47,903 - IndustryTrendAnalysis - INFO - Government Administration:
2025-04-22 19:13:47,903 - IndustryTrendAnalysis - INFO -   Market Concentration: 0.41
2025-04-22 19:13:47,903 - IndustryTrendAnalysis - INFO -   Market Share: 0.04%
2025-04-22 19:13:47,903 - IndustryTrendAnalysis - INFO -   Funding Trend: -38.61%
2025-04-22 19:13:47,903 - IndustryTrendAnalysis - INFO - Defense & Space:
2025-04-22 19:13:47,903 - IndustryTrendAnalysis - INFO -   Market Concentration: 0.35
2025-04-22 19:13:47,903 - IndustryTrendAnalysis - INFO -   Market Share: 0.11%
2025-04-22 19:13:47,903 - IndustryTrendAnalysis - INFO -   Funding Trend: 104.13%
2025-04-22 19:13:47,903 - IndustryTrendAnalysis - INFO - Analyzing employee migration patterns...
2025-04-22 19:13:48,036 - IndustryTrendAnalysis - INFO - Employee migration analysis summary:
2025-04-22 19:13:48,036 - IndustryTrendAnalysis - INFO - Total industries analyzed: 102
2025-04-22 19:13:48,037 - IndustryTrendAnalysis - INFO - Growing industries: 16
2025-04-22 19:13:48,037 - IndustryTrendAnalysis - INFO - Shrinking industries: 16
2025-04-22 19:13:48,037 - IndustryTrendAnalysis - INFO - 
Top 5 fastest growing industries:
2025-04-22 19:13:48,037 - IndustryTrendAnalysis - INFO - Information Services: 975.86% growth rate
2025-04-22 19:13:48,037 - IndustryTrendAnalysis - INFO - Environmental Services: 815.09% growth rate
2025-04-22 19:13:48,037 - IndustryTrendAnalysis - INFO - Computer & Network Security: 371.68% growth rate
2025-04-22 19:13:48,037 - IndustryTrendAnalysis - INFO - Research: 275.76% growth rate
2025-04-22 19:13:48,037 - IndustryTrendAnalysis - INFO - Food & Beverages: 226.74% growth rate
2025-04-22 19:13:48,037 - IndustryTrendAnalysis - INFO - Generating industry trend report...
2025-04-22 19:13:48,234 - IndustryTrendAnalysis - INFO - Report saved to ./outputIndustryTrends/industry_trend_report.json
2025-04-22 19:13:48,234 - IndustryTrendAnalysis - INFO - Creating trend visualizations...
2025-04-22 19:13:49,979 - IndustryTrendAnalysis - INFO - Trend visualizations created successfully
2025-04-22 19:14:36,534 - IndustryTrendAnalysis - INFO - Loaded 1103 records from fundraiser data
2025-04-22 19:14:36,535 - IndustryTrendAnalysis - INFO - Loaded 100 records from growthlist data
2025-04-22 19:14:36,577 - IndustryTrendAnalysis - INFO - Loaded 546 records from topstartup data
2025-04-22 19:14:36,668 - IndustryTrendAnalysis - WARNING - Removed 1 rows with invalid dates
2025-04-22 19:14:36,680 - IndustryTrendAnalysis - INFO - Cleaned data summary:
2025-04-22 19:14:36,680 - IndustryTrendAnalysis - INFO - Total companies: 1668
2025-04-22 19:14:36,680 - IndustryTrendAnalysis - INFO - Total funding rounds: 1747
2025-04-22 19:14:36,681 - IndustryTrendAnalysis - INFO - Date range: 1999-01-01 to 2025-03-01
2025-04-22 19:14:36,681 - IndustryTrendAnalysis - INFO - Total funding amount: $384,936,758,279.00
2025-04-22 19:14:36,981 - IndustryTrendAnalysis - INFO - Final dataset contains 1747 valid records
2025-04-22 19:14:36,981 - IndustryTrendAnalysis - INFO - Analyzing industry trends...
2025-04-22 19:14:36,981 - IndustryTrendAnalysis - INFO - Preparing trend features...
2025-04-22 19:14:37,278 - IndustryTrendAnalysis - INFO - 
Overall Market Statistics (Last 12 Months):
2025-04-22 19:14:37,278 - IndustryTrendAnalysis - INFO - Total Funding: $98,061,119,378.00
2025-04-22 19:14:37,278 - IndustryTrendAnalysis - INFO - Total Companies: 1028
2025-04-22 19:14:37,278 - IndustryTrendAnalysis - INFO - Average Funding Round: $94,108,559.86
2025-04-22 19:14:37,428 - IndustryTrendAnalysis - INFO - 
Industry Analysis Summary:
2025-04-22 19:14:37,428 - IndustryTrendAnalysis - INFO - Total Industries Analyzed: 102
2025-04-22 19:14:37,428 - IndustryTrendAnalysis - INFO - Emerging Industries Found: 3
2025-04-22 19:14:37,429 - IndustryTrendAnalysis - INFO - Saturated Industries Found: 7
2025-04-22 19:14:37,429 - IndustryTrendAnalysis - INFO - Industries with Forecasts: 4
2025-04-22 19:14:37,429 - IndustryTrendAnalysis - INFO - 
Top 5 Emerging Industries by Growth Score:
2025-04-22 19:14:37,429 - IndustryTrendAnalysis - INFO - Computer & Network Security:
2025-04-22 19:14:37,429 - IndustryTrendAnalysis - INFO -   Growth Score: 0.85
2025-04-22 19:14:37,429 - IndustryTrendAnalysis - INFO -   YoY Growth: 0.00%
2025-04-22 19:14:37,429 - IndustryTrendAnalysis - INFO -   Market Share: 1.66%
2025-04-22 19:14:37,429 - IndustryTrendAnalysis - INFO -   Companies: 33
2025-04-22 19:14:37,429 - IndustryTrendAnalysis - INFO -   Employee Growth: -22.92%
2025-04-22 19:14:37,429 - IndustryTrendAnalysis - INFO - Information Services:
2025-04-22 19:14:37,429 - IndustryTrendAnalysis - INFO -   Growth Score: 0.64
2025-04-22 19:14:37,429 - IndustryTrendAnalysis - INFO -   YoY Growth: 0.00%
2025-04-22 19:14:37,429 - IndustryTrendAnalysis - INFO -   Market Share: 0.03%
2025-04-22 19:14:37,429 - IndustryTrendAnalysis - INFO -   Companies: 8
2025-04-22 19:14:37,429 - IndustryTrendAnalysis - INFO -   Employee Growth: 10.34%
2025-04-22 19:14:37,429 - IndustryTrendAnalysis - INFO - Computer Hardware:
2025-04-22 19:14:37,429 - IndustryTrendAnalysis - INFO -   Growth Score: 0.63
2025-04-22 19:14:37,429 - IndustryTrendAnalysis - INFO -   YoY Growth: 0.00%
2025-04-22 19:14:37,429 - IndustryTrendAnalysis - INFO -   Market Share: 1.23%
2025-04-22 19:14:37,429 - IndustryTrendAnalysis - INFO -   Companies: 10
2025-04-22 19:14:37,429 - IndustryTrendAnalysis - INFO -   Employee Growth: 4.43%
2025-04-22 19:14:37,429 - IndustryTrendAnalysis - INFO - 
Top 5 Saturated Industries by Concentration:
2025-04-22 19:14:37,429 - IndustryTrendAnalysis - INFO - Fund-Raising:
2025-04-22 19:14:37,429 - IndustryTrendAnalysis - INFO -   Market Concentration: 0.91
2025-04-22 19:14:37,429 - IndustryTrendAnalysis - INFO -   Market Share: 0.00%
2025-04-22 19:14:37,429 - IndustryTrendAnalysis - INFO -   Funding Trend: -97.50%
2025-04-22 19:14:37,429 - IndustryTrendAnalysis - INFO - Food Production:
2025-04-22 19:14:37,430 - IndustryTrendAnalysis - INFO -   Market Concentration: 0.85
2025-04-22 19:14:37,430 - IndustryTrendAnalysis - INFO -   Market Share: 0.00%
2025-04-22 19:14:37,430 - IndustryTrendAnalysis - INFO -   Funding Trend: -100.00%
2025-04-22 19:14:37,430 - IndustryTrendAnalysis - INFO - Marketing & Advertising:
2025-04-22 19:14:37,430 - IndustryTrendAnalysis - INFO -   Market Concentration: 0.74
2025-04-22 19:14:37,430 - IndustryTrendAnalysis - INFO -   Market Share: 0.00%
2025-04-22 19:14:37,430 - IndustryTrendAnalysis - INFO -   Funding Trend: -97.45%
2025-04-22 19:14:37,430 - IndustryTrendAnalysis - INFO - Government Administration:
2025-04-22 19:14:37,430 - IndustryTrendAnalysis - INFO -   Market Concentration: 0.41
2025-04-22 19:14:37,430 - IndustryTrendAnalysis - INFO -   Market Share: 0.04%
2025-04-22 19:14:37,430 - IndustryTrendAnalysis - INFO -   Funding Trend: -38.61%
2025-04-22 19:14:37,430 - IndustryTrendAnalysis - INFO - Defense & Space:
2025-04-22 19:14:37,430 - IndustryTrendAnalysis - INFO -   Market Concentration: 0.35
2025-04-22 19:14:37,430 - IndustryTrendAnalysis - INFO -   Market Share: 0.11%
2025-04-22 19:14:37,430 - IndustryTrendAnalysis - INFO -   Funding Trend: 104.13%
2025-04-22 19:14:37,430 - IndustryTrendAnalysis - INFO - Analyzing employee migration patterns...
2025-04-22 19:14:37,530 - IndustryTrendAnalysis - INFO - Employee migration analysis summary:
2025-04-22 19:14:37,531 - IndustryTrendAnalysis - INFO - Total industries analyzed: 102
2025-04-22 19:14:37,531 - IndustryTrendAnalysis - INFO - Growing industries: 16
2025-04-22 19:14:37,531 - IndustryTrendAnalysis - INFO - Shrinking industries: 16
2025-04-22 19:14:37,531 - IndustryTrendAnalysis - INFO - 
Top 5 fastest growing industries:
2025-04-22 19:14:37,531 - IndustryTrendAnalysis - INFO - Information Services: 975.86% growth rate
2025-04-22 19:14:37,531 - IndustryTrendAnalysis - INFO - Environmental Services: 815.09% growth rate
2025-04-22 19:14:37,531 - IndustryTrendAnalysis - INFO - Computer & Network Security: 371.68% growth rate
2025-04-22 19:14:37,531 - IndustryTrendAnalysis - INFO - Research: 275.76% growth rate
2025-04-22 19:14:37,531 - IndustryTrendAnalysis - INFO - Food & Beverages: 226.74% growth rate
2025-04-22 19:14:37,531 - IndustryTrendAnalysis - INFO - Generating industry trend report...
2025-04-22 19:14:37,900 - IndustryTrendAnalysis - INFO - Report saved to ./outputIndustryTrends/industry_trend_report.json
2025-04-22 19:14:37,900 - IndustryTrendAnalysis - INFO - Creating trend visualizations...
2025-04-22 19:14:39,662 - IndustryTrendAnalysis - INFO - Trend visualizations created successfully
2025-04-22 19:16:05,945 - IndustryTrendAnalysis - INFO - Loaded 1103 records from fundraiser data
2025-04-22 19:16:05,946 - IndustryTrendAnalysis - INFO - Loaded 100 records from growthlist data
2025-04-22 19:16:06,039 - IndustryTrendAnalysis - INFO - Loaded 546 records from topstartup data
2025-04-22 19:16:06,408 - IndustryTrendAnalysis - WARNING - Removed 1 rows with invalid dates
2025-04-22 19:16:06,466 - IndustryTrendAnalysis - INFO - Cleaned data summary:
2025-04-22 19:16:06,466 - IndustryTrendAnalysis - INFO - Total companies: 1668
2025-04-22 19:16:06,466 - IndustryTrendAnalysis - INFO - Total funding rounds: 1747
2025-04-22 19:16:06,466 - IndustryTrendAnalysis - INFO - Date range: 1999-01-01 to 2025-03-01
2025-04-22 19:16:06,466 - IndustryTrendAnalysis - INFO - Total funding amount: $384,936,758,279.00
2025-04-22 19:16:07,322 - IndustryTrendAnalysis - INFO - Final dataset contains 1747 valid records
2025-04-22 19:16:07,324 - IndustryTrendAnalysis - INFO - Analyzing industry trends...
2025-04-22 19:16:07,324 - IndustryTrendAnalysis - INFO - Preparing trend features...
2025-04-22 19:16:08,272 - IndustryTrendAnalysis - INFO - 
Overall Market Statistics (Last 12 Months):
2025-04-22 19:16:08,273 - IndustryTrendAnalysis - INFO - Total Funding: $98,061,119,378.00
2025-04-22 19:16:08,273 - IndustryTrendAnalysis - INFO - Total Companies: 1028
2025-04-22 19:16:08,273 - IndustryTrendAnalysis - INFO - Average Funding Round: $94,108,559.86
2025-04-22 19:16:08,526 - IndustryTrendAnalysis - INFO - 
Industry Analysis Summary:
2025-04-22 19:16:08,526 - IndustryTrendAnalysis - INFO - Total Industries Analyzed: 102
2025-04-22 19:16:08,526 - IndustryTrendAnalysis - INFO - Emerging Industries Found: 2
2025-04-22 19:16:08,526 - IndustryTrendAnalysis - INFO - Saturated Industries Found: 7
2025-04-22 19:16:08,526 - IndustryTrendAnalysis - INFO - Industries with Forecasts: 4
2025-04-22 19:16:08,526 - IndustryTrendAnalysis - INFO - 
Top 5 Emerging Industries by Growth Score:
2025-04-22 19:16:08,526 - IndustryTrendAnalysis - INFO - Information Services:
2025-04-22 19:16:08,526 - IndustryTrendAnalysis - INFO -   Growth Score: 0.29
2025-04-22 19:16:08,526 - IndustryTrendAnalysis - INFO -   YoY Growth: 0.00%
2025-04-22 19:16:08,526 - IndustryTrendAnalysis - INFO -   Market Share: 0.03%
2025-04-22 19:16:08,527 - IndustryTrendAnalysis - INFO -   Companies: 8
2025-04-22 19:16:08,527 - IndustryTrendAnalysis - INFO -   Employee Growth: 12.46%
2025-04-22 19:16:08,527 - IndustryTrendAnalysis - INFO - Computer & Network Security:
2025-04-22 19:16:08,527 - IndustryTrendAnalysis - INFO -   Growth Score: 0.27
2025-04-22 19:16:08,527 - IndustryTrendAnalysis - INFO -   YoY Growth: 0.00%
2025-04-22 19:16:08,527 - IndustryTrendAnalysis - INFO -   Market Share: 1.66%
2025-04-22 19:16:08,527 - IndustryTrendAnalysis - INFO -   Companies: 33
2025-04-22 19:16:08,527 - IndustryTrendAnalysis - INFO -   Employee Growth: -26.11%
2025-04-22 19:16:08,527 - IndustryTrendAnalysis - INFO - 
Top 5 Saturated Industries by Concentration:
2025-04-22 19:16:08,527 - IndustryTrendAnalysis - INFO - Fund-Raising:
2025-04-22 19:16:08,527 - IndustryTrendAnalysis - INFO -   Market Concentration: 0.91
2025-04-22 19:16:08,527 - IndustryTrendAnalysis - INFO -   Market Share: 0.00%
2025-04-22 19:16:08,527 - IndustryTrendAnalysis - INFO -   Funding Trend: -97.50%
2025-04-22 19:16:08,528 - IndustryTrendAnalysis - INFO - Food Production:
2025-04-22 19:16:08,528 - IndustryTrendAnalysis - INFO -   Market Concentration: 0.85
2025-04-22 19:16:08,528 - IndustryTrendAnalysis - INFO -   Market Share: 0.00%
2025-04-22 19:16:08,528 - IndustryTrendAnalysis - INFO -   Funding Trend: -100.00%
2025-04-22 19:16:08,528 - IndustryTrendAnalysis - INFO - Marketing & Advertising:
2025-04-22 19:16:08,528 - IndustryTrendAnalysis - INFO -   Market Concentration: 0.74
2025-04-22 19:16:08,528 - IndustryTrendAnalysis - INFO -   Market Share: 0.00%
2025-04-22 19:16:08,528 - IndustryTrendAnalysis - INFO -   Funding Trend: -97.45%
2025-04-22 19:16:08,528 - IndustryTrendAnalysis - INFO - Government Administration:
2025-04-22 19:16:08,528 - IndustryTrendAnalysis - INFO -   Market Concentration: 0.41
2025-04-22 19:16:08,528 - IndustryTrendAnalysis - INFO -   Market Share: 0.04%
2025-04-22 19:16:08,528 - IndustryTrendAnalysis - INFO -   Funding Trend: -38.61%
2025-04-22 19:16:08,528 - IndustryTrendAnalysis - INFO - Defense & Space:
2025-04-22 19:16:08,528 - IndustryTrendAnalysis - INFO -   Market Concentration: 0.35
2025-04-22 19:16:08,528 - IndustryTrendAnalysis - INFO -   Market Share: 0.11%
2025-04-22 19:16:08,528 - IndustryTrendAnalysis - INFO -   Funding Trend: 104.13%
2025-04-22 19:16:08,529 - IndustryTrendAnalysis - INFO - Analyzing employee migration patterns...
2025-04-22 19:16:09,637 - IndustryTrendAnalysis - INFO - Employee migration analysis summary:
2025-04-22 19:16:09,638 - IndustryTrendAnalysis - INFO - Total industries analyzed: 102
2025-04-22 19:16:09,638 - IndustryTrendAnalysis - INFO - Growing industries: 16
2025-04-22 19:16:09,638 - IndustryTrendAnalysis - INFO - Shrinking industries: 16
2025-04-22 19:16:09,638 - IndustryTrendAnalysis - INFO - 
Top 5 fastest growing industries:
2025-04-22 19:16:09,638 - IndustryTrendAnalysis - INFO - Information Services: 975.86% growth rate
2025-04-22 19:16:09,639 - IndustryTrendAnalysis - INFO - Environmental Services: 815.09% growth rate
2025-04-22 19:16:09,639 - IndustryTrendAnalysis - INFO - Computer & Network Security: 371.68% growth rate
2025-04-22 19:16:09,639 - IndustryTrendAnalysis - INFO - Research: 275.76% growth rate
2025-04-22 19:16:09,639 - IndustryTrendAnalysis - INFO - Food & Beverages: 226.74% growth rate
2025-04-22 19:16:09,639 - IndustryTrendAnalysis - INFO - Generating industry trend report...
2025-04-22 19:16:09,946 - IndustryTrendAnalysis - INFO - Report saved to ./outputIndustryTrends/industry_trend_report.json
2025-04-22 19:16:09,947 - IndustryTrendAnalysis - INFO - Creating trend visualizations...
2025-04-22 19:16:12,028 - IndustryTrendAnalysis - INFO - Trend visualizations created successfully
2025-04-22 19:16:41,168 - IndustryTrendAnalysis - INFO - Loaded 1103 records from fundraiser data
2025-04-22 19:16:41,169 - IndustryTrendAnalysis - INFO - Loaded 100 records from growthlist data
2025-04-22 19:16:41,245 - IndustryTrendAnalysis - INFO - Loaded 546 records from topstartup data
2025-04-22 19:16:41,338 - IndustryTrendAnalysis - WARNING - Removed 1 rows with invalid dates
2025-04-22 19:16:41,354 - IndustryTrendAnalysis - INFO - Cleaned data summary:
2025-04-22 19:16:41,355 - IndustryTrendAnalysis - INFO - Total companies: 1668
2025-04-22 19:16:41,355 - IndustryTrendAnalysis - INFO - Total funding rounds: 1747
2025-04-22 19:16:41,356 - IndustryTrendAnalysis - INFO - Date range: 1999-01-01 to 2025-03-01
2025-04-22 19:16:41,356 - IndustryTrendAnalysis - INFO - Total funding amount: $384,936,758,279.00
2025-04-22 19:16:41,687 - IndustryTrendAnalysis - INFO - Final dataset contains 1747 valid records
2025-04-22 19:16:41,688 - IndustryTrendAnalysis - INFO - Analyzing industry trends...
2025-04-22 19:16:41,688 - IndustryTrendAnalysis - INFO - Preparing trend features...
2025-04-22 19:16:42,011 - IndustryTrendAnalysis - INFO - 
Overall Market Statistics (Last 12 Months):
2025-04-22 19:16:42,011 - IndustryTrendAnalysis - INFO - Total Funding: $98,061,119,378.00
2025-04-22 19:16:42,011 - IndustryTrendAnalysis - INFO - Total Companies: 1028
2025-04-22 19:16:42,011 - IndustryTrendAnalysis - INFO - Average Funding Round: $94,108,559.86
2025-04-22 19:16:42,125 - IndustryTrendAnalysis - INFO - 
Industry Analysis Summary:
2025-04-22 19:16:42,126 - IndustryTrendAnalysis - INFO - Total Industries Analyzed: 102
2025-04-22 19:16:42,126 - IndustryTrendAnalysis - INFO - Emerging Industries Found: 2
2025-04-22 19:16:42,126 - IndustryTrendAnalysis - INFO - Saturated Industries Found: 7
2025-04-22 19:16:42,126 - IndustryTrendAnalysis - INFO - Industries with Forecasts: 4
2025-04-22 19:16:42,126 - IndustryTrendAnalysis - INFO - 
Top 5 Emerging Industries by Growth Score:
2025-04-22 19:16:42,126 - IndustryTrendAnalysis - INFO - Information Services:
2025-04-22 19:16:42,126 - IndustryTrendAnalysis - INFO -   Growth Score: 0.29
2025-04-22 19:16:42,126 - IndustryTrendAnalysis - INFO -   YoY Growth: 0.00%
2025-04-22 19:16:42,126 - IndustryTrendAnalysis - INFO -   Market Share: 0.03%
2025-04-22 19:16:42,126 - IndustryTrendAnalysis - INFO -   Companies: 8
2025-04-22 19:16:42,126 - IndustryTrendAnalysis - INFO -   Employee Growth: 12.46%
2025-04-22 19:16:42,126 - IndustryTrendAnalysis - INFO - Computer & Network Security:
2025-04-22 19:16:42,126 - IndustryTrendAnalysis - INFO -   Growth Score: 0.27
2025-04-22 19:16:42,126 - IndustryTrendAnalysis - INFO -   YoY Growth: 0.00%
2025-04-22 19:16:42,126 - IndustryTrendAnalysis - INFO -   Market Share: 1.66%
2025-04-22 19:16:42,126 - IndustryTrendAnalysis - INFO -   Companies: 33
2025-04-22 19:16:42,126 - IndustryTrendAnalysis - INFO -   Employee Growth: -26.11%
2025-04-22 19:16:42,127 - IndustryTrendAnalysis - INFO - 
Top 5 Saturated Industries by Concentration:
2025-04-22 19:16:42,127 - IndustryTrendAnalysis - INFO - Fund-Raising:
2025-04-22 19:16:42,127 - IndustryTrendAnalysis - INFO -   Market Concentration: 0.91
2025-04-22 19:16:42,127 - IndustryTrendAnalysis - INFO -   Market Share: 0.00%
2025-04-22 19:16:42,127 - IndustryTrendAnalysis - INFO -   Funding Trend: -97.50%
2025-04-22 19:16:42,127 - IndustryTrendAnalysis - INFO - Food Production:
2025-04-22 19:16:42,127 - IndustryTrendAnalysis - INFO -   Market Concentration: 0.85
2025-04-22 19:16:42,127 - IndustryTrendAnalysis - INFO -   Market Share: 0.00%
2025-04-22 19:16:42,127 - IndustryTrendAnalysis - INFO -   Funding Trend: -100.00%
2025-04-22 19:16:42,127 - IndustryTrendAnalysis - INFO - Marketing & Advertising:
2025-04-22 19:16:42,127 - IndustryTrendAnalysis - INFO -   Market Concentration: 0.74
2025-04-22 19:16:42,127 - IndustryTrendAnalysis - INFO -   Market Share: 0.00%
2025-04-22 19:16:42,127 - IndustryTrendAnalysis - INFO -   Funding Trend: -97.45%
2025-04-22 19:16:42,127 - IndustryTrendAnalysis - INFO - Government Administration:
2025-04-22 19:16:42,127 - IndustryTrendAnalysis - INFO -   Market Concentration: 0.41
2025-04-22 19:16:42,127 - IndustryTrendAnalysis - INFO -   Market Share: 0.04%
2025-04-22 19:16:42,127 - IndustryTrendAnalysis - INFO -   Funding Trend: -38.61%
2025-04-22 19:16:42,127 - IndustryTrendAnalysis - INFO - Defense & Space:
2025-04-22 19:16:42,127 - IndustryTrendAnalysis - INFO -   Market Concentration: 0.35
2025-04-22 19:16:42,127 - IndustryTrendAnalysis - INFO -   Market Share: 0.11%
2025-04-22 19:16:42,127 - IndustryTrendAnalysis - INFO -   Funding Trend: 104.13%
2025-04-22 19:16:42,127 - IndustryTrendAnalysis - INFO - Analyzing employee migration patterns...
2025-04-22 19:16:42,270 - IndustryTrendAnalysis - INFO - Employee migration analysis summary:
2025-04-22 19:16:42,270 - IndustryTrendAnalysis - INFO - Total industries analyzed: 102
2025-04-22 19:16:42,270 - IndustryTrendAnalysis - INFO - Growing industries: 16
2025-04-22 19:16:42,270 - IndustryTrendAnalysis - INFO - Shrinking industries: 16
2025-04-22 19:16:42,270 - IndustryTrendAnalysis - INFO - 
Top 5 fastest growing industries:
2025-04-22 19:16:42,270 - IndustryTrendAnalysis - INFO - Research: 50.00% growth rate
2025-04-22 19:16:42,270 - IndustryTrendAnalysis - INFO - Information Services: 50.00% growth rate
2025-04-22 19:16:42,270 - IndustryTrendAnalysis - INFO - Computer & Network Security: 50.00% growth rate
2025-04-22 19:16:42,271 - IndustryTrendAnalysis - INFO - Financial Services: 50.00% growth rate
2025-04-22 19:16:42,271 - IndustryTrendAnalysis - INFO - Environmental Services: 50.00% growth rate
2025-04-22 19:16:42,271 - IndustryTrendAnalysis - INFO - Generating industry trend report...
2025-04-22 19:16:42,466 - IndustryTrendAnalysis - INFO - Report saved to ./outputIndustryTrends/industry_trend_report.json
2025-04-22 19:16:42,466 - IndustryTrendAnalysis - INFO - Creating trend visualizations...
2025-04-22 19:16:44,097 - IndustryTrendAnalysis - INFO - Trend visualizations created successfully
2025-04-22 19:20:30,182 - IndustryTrendAnalysis - INFO - Loaded 1103 records from fundraiser data
2025-04-22 19:20:30,183 - IndustryTrendAnalysis - INFO - Loaded 100 records from growthlist data
2025-04-22 19:20:30,271 - IndustryTrendAnalysis - INFO - Loaded 546 records from topstartup data
2025-04-22 19:20:30,373 - IndustryTrendAnalysis - WARNING - Removed 1 rows with invalid dates
2025-04-22 19:20:30,385 - IndustryTrendAnalysis - INFO - Cleaned data summary:
2025-04-22 19:20:30,385 - IndustryTrendAnalysis - INFO - Total companies: 1668
2025-04-22 19:20:30,385 - IndustryTrendAnalysis - INFO - Total funding rounds: 1747
2025-04-22 19:20:30,386 - IndustryTrendAnalysis - INFO - Date range: 1999-01-01 to 2025-03-01
2025-04-22 19:20:30,386 - IndustryTrendAnalysis - INFO - Total funding amount: $384,936,758,279.00
2025-04-22 19:20:30,694 - IndustryTrendAnalysis - INFO - Final dataset contains 1747 valid records
2025-04-22 19:20:30,695 - IndustryTrendAnalysis - INFO - Analyzing industry trends...
2025-04-22 19:20:30,695 - IndustryTrendAnalysis - INFO - Preparing trend features...
2025-04-22 19:20:31,024 - IndustryTrendAnalysis - INFO - 
Overall Market Statistics (Last 12 Months):
2025-04-22 19:20:31,024 - IndustryTrendAnalysis - INFO - Total Funding: $98,061,119,378.00
2025-04-22 19:20:31,024 - IndustryTrendAnalysis - INFO - Total Companies: 1028
2025-04-22 19:20:31,024 - IndustryTrendAnalysis - INFO - Average Funding Round: $94,108,559.86
2025-04-22 19:20:31,211 - IndustryTrendAnalysis - INFO - 
Industry Analysis Summary:
2025-04-22 19:20:31,211 - IndustryTrendAnalysis - INFO - Total Industries Analyzed: 102
2025-04-22 19:20:31,211 - IndustryTrendAnalysis - INFO - Emerging Industries Found: 2
2025-04-22 19:20:31,211 - IndustryTrendAnalysis - INFO - Saturated Industries Found: 7
2025-04-22 19:20:31,211 - IndustryTrendAnalysis - INFO - Industries with Forecasts: 4
2025-04-22 19:20:31,211 - IndustryTrendAnalysis - INFO - 
Top 5 Emerging Industries by Growth Score:
2025-04-22 19:20:31,211 - IndustryTrendAnalysis - INFO - Computer & Network Security:
2025-04-22 19:20:31,211 - IndustryTrendAnalysis - INFO -   Growth Score: 0.35
2025-04-22 19:20:31,211 - IndustryTrendAnalysis - INFO -   YoY Growth: 0.00%
2025-04-22 19:20:31,211 - IndustryTrendAnalysis - INFO -   Market Share: 1.66%
2025-04-22 19:20:31,212 - IndustryTrendAnalysis - INFO -   Companies: 33
2025-04-22 19:20:31,212 - IndustryTrendAnalysis - INFO -   Employee Growth: 0.00%
2025-04-22 19:20:31,212 - IndustryTrendAnalysis - INFO - Information Services:
2025-04-22 19:20:31,212 - IndustryTrendAnalysis - INFO -   Growth Score: 0.25
2025-04-22 19:20:31,212 - IndustryTrendAnalysis - INFO -   YoY Growth: 0.00%
2025-04-22 19:20:31,212 - IndustryTrendAnalysis - INFO -   Market Share: 0.03%
2025-04-22 19:20:31,212 - IndustryTrendAnalysis - INFO -   Companies: 8
2025-04-22 19:20:31,212 - IndustryTrendAnalysis - INFO -   Employee Growth: 0.00%
2025-04-22 19:20:31,212 - IndustryTrendAnalysis - INFO - 
Top 5 Saturated Industries by Concentration:
2025-04-22 19:20:31,212 - IndustryTrendAnalysis - INFO - Fund-Raising:
2025-04-22 19:20:31,212 - IndustryTrendAnalysis - INFO -   Market Concentration: 0.91
2025-04-22 19:20:31,212 - IndustryTrendAnalysis - INFO -   Market Share: 0.00%
2025-04-22 19:20:31,212 - IndustryTrendAnalysis - INFO -   Funding Trend: -5000.00%
2025-04-22 19:20:31,212 - IndustryTrendAnalysis - INFO - Food Production:
2025-04-22 19:20:31,212 - IndustryTrendAnalysis - INFO -   Market Concentration: 0.85
2025-04-22 19:20:31,212 - IndustryTrendAnalysis - INFO -   Market Share: 0.00%
2025-04-22 19:20:31,212 - IndustryTrendAnalysis - INFO -   Funding Trend: -5000.00%
2025-04-22 19:20:31,213 - IndustryTrendAnalysis - INFO - Marketing & Advertising:
2025-04-22 19:20:31,213 - IndustryTrendAnalysis - INFO -   Market Concentration: 0.74
2025-04-22 19:20:31,213 - IndustryTrendAnalysis - INFO -   Market Share: 0.00%
2025-04-22 19:20:31,213 - IndustryTrendAnalysis - INFO -   Funding Trend: -5000.00%
2025-04-22 19:20:31,213 - IndustryTrendAnalysis - INFO - Government Administration:
2025-04-22 19:20:31,213 - IndustryTrendAnalysis - INFO -   Market Concentration: 0.41
2025-04-22 19:20:31,213 - IndustryTrendAnalysis - INFO -   Market Share: 0.04%
2025-04-22 19:20:31,213 - IndustryTrendAnalysis - INFO -   Funding Trend: -3861.04%
2025-04-22 19:20:31,213 - IndustryTrendAnalysis - INFO - Defense & Space:
2025-04-22 19:20:31,213 - IndustryTrendAnalysis - INFO -   Market Concentration: 0.35
2025-04-22 19:20:31,213 - IndustryTrendAnalysis - INFO -   Market Share: 0.11%
2025-04-22 19:20:31,213 - IndustryTrendAnalysis - INFO -   Funding Trend: 5000.00%
2025-04-22 19:20:31,213 - IndustryTrendAnalysis - INFO - Analyzing employee migration patterns...
2025-04-22 19:20:31,312 - IndustryTrendAnalysis - INFO - Employee migration analysis summary:
2025-04-22 19:20:31,312 - IndustryTrendAnalysis - INFO - Total industries analyzed: 102
2025-04-22 19:20:31,312 - IndustryTrendAnalysis - INFO - Growing industries: 16
2025-04-22 19:20:31,312 - IndustryTrendAnalysis - INFO - Shrinking industries: 16
2025-04-22 19:20:31,312 - IndustryTrendAnalysis - INFO - 
Top 5 fastest growing industries:
2025-04-22 19:20:31,312 - IndustryTrendAnalysis - INFO - Research: 50.00% growth rate
2025-04-22 19:20:31,312 - IndustryTrendAnalysis - INFO - Information Services: 50.00% growth rate
2025-04-22 19:20:31,312 - IndustryTrendAnalysis - INFO - Computer & Network Security: 50.00% growth rate
2025-04-22 19:20:31,312 - IndustryTrendAnalysis - INFO - Financial Services: 50.00% growth rate
2025-04-22 19:20:31,312 - IndustryTrendAnalysis - INFO - Environmental Services: 50.00% growth rate
2025-04-22 19:20:31,313 - IndustryTrendAnalysis - INFO - Generating industry trend report...
2025-04-22 19:20:31,507 - IndustryTrendAnalysis - INFO - Report saved to ./outputIndustryTrends/industry_trend_report.json
2025-04-22 19:20:31,507 - IndustryTrendAnalysis - INFO - Creating trend visualizations...
2025-04-22 19:20:33,165 - IndustryTrendAnalysis - INFO - Trend visualizations created successfully
2025-04-22 19:21:30,554 - IndustryTrendAnalysis - INFO - Loaded 1103 records from fundraiser data
2025-04-22 19:21:30,555 - IndustryTrendAnalysis - INFO - Loaded 100 records from growthlist data
2025-04-22 19:21:30,632 - IndustryTrendAnalysis - INFO - Loaded 546 records from topstartup data
2025-04-22 19:21:30,728 - IndustryTrendAnalysis - WARNING - Removed 1 rows with invalid dates
2025-04-22 19:21:30,742 - IndustryTrendAnalysis - INFO - Cleaned data summary:
2025-04-22 19:21:30,742 - IndustryTrendAnalysis - INFO - Total companies: 1668
2025-04-22 19:21:30,742 - IndustryTrendAnalysis - INFO - Total funding rounds: 1747
2025-04-22 19:21:30,743 - IndustryTrendAnalysis - INFO - Date range: 1999-01-01 to 2025-03-01
2025-04-22 19:21:30,743 - IndustryTrendAnalysis - INFO - Total funding amount: $384,936,758,279.00
2025-04-22 19:21:31,050 - IndustryTrendAnalysis - INFO - Final dataset contains 1747 valid records
2025-04-22 19:21:31,051 - IndustryTrendAnalysis - INFO - Analyzing industry trends...
2025-04-22 19:21:31,051 - IndustryTrendAnalysis - INFO - Preparing trend features...
2025-04-22 19:21:31,372 - IndustryTrendAnalysis - INFO - 
Overall Market Statistics (Last 12 Months):
2025-04-22 19:21:31,372 - IndustryTrendAnalysis - INFO - Total Funding: $98,061,119,378.00
2025-04-22 19:21:31,372 - IndustryTrendAnalysis - INFO - Total Companies: 1028
2025-04-22 19:21:31,372 - IndustryTrendAnalysis - INFO - Average Funding Round: $94,108,559.86
2025-04-22 19:21:31,567 - IndustryTrendAnalysis - INFO - 
Industry Analysis Summary:
2025-04-22 19:21:31,567 - IndustryTrendAnalysis - INFO - Total Industries Analyzed: 102
2025-04-22 19:21:31,568 - IndustryTrendAnalysis - INFO - Emerging Industries Found: 2
2025-04-22 19:21:31,568 - IndustryTrendAnalysis - INFO - Saturated Industries Found: 7
2025-04-22 19:21:31,568 - IndustryTrendAnalysis - INFO - Industries with Forecasts: 4
2025-04-22 19:21:31,568 - IndustryTrendAnalysis - INFO - 
Top 5 Emerging Industries by Growth Score:
2025-04-22 19:21:31,568 - IndustryTrendAnalysis - INFO - Computer & Network Security:
2025-04-22 19:21:31,568 - IndustryTrendAnalysis - INFO -   Growth Score: 0.35
2025-04-22 19:21:31,568 - IndustryTrendAnalysis - INFO -   YoY Growth: 0.00%
2025-04-22 19:21:31,568 - IndustryTrendAnalysis - INFO -   Market Share: 1.66%
2025-04-22 19:21:31,568 - IndustryTrendAnalysis - INFO -   Companies: 33
2025-04-22 19:21:31,568 - IndustryTrendAnalysis - INFO -   Employee Growth: 0.00%
2025-04-22 19:21:31,568 - IndustryTrendAnalysis - INFO - Information Services:
2025-04-22 19:21:31,568 - IndustryTrendAnalysis - INFO -   Growth Score: 0.25
2025-04-22 19:21:31,568 - IndustryTrendAnalysis - INFO -   YoY Growth: 0.00%
2025-04-22 19:21:31,568 - IndustryTrendAnalysis - INFO -   Market Share: 0.03%
2025-04-22 19:21:31,568 - IndustryTrendAnalysis - INFO -   Companies: 8
2025-04-22 19:21:31,568 - IndustryTrendAnalysis - INFO -   Employee Growth: 0.00%
2025-04-22 19:21:31,568 - IndustryTrendAnalysis - INFO - 
Top 5 Saturated Industries by Concentration:
2025-04-22 19:21:31,568 - IndustryTrendAnalysis - INFO - Fund-Raising:
2025-04-22 19:21:31,568 - IndustryTrendAnalysis - INFO -   Market Concentration: 0.91
2025-04-22 19:21:31,568 - IndustryTrendAnalysis - INFO -   Market Share: 0.00%
2025-04-22 19:21:31,568 - IndustryTrendAnalysis - INFO -   Funding Trend: -5000.00%
2025-04-22 19:21:31,568 - IndustryTrendAnalysis - INFO - Food Production:
2025-04-22 19:21:31,568 - IndustryTrendAnalysis - INFO -   Market Concentration: 0.85
2025-04-22 19:21:31,568 - IndustryTrendAnalysis - INFO -   Market Share: 0.00%
2025-04-22 19:21:31,569 - IndustryTrendAnalysis - INFO -   Funding Trend: -5000.00%
2025-04-22 19:21:31,569 - IndustryTrendAnalysis - INFO - Marketing & Advertising:
2025-04-22 19:21:31,569 - IndustryTrendAnalysis - INFO -   Market Concentration: 0.74
2025-04-22 19:21:31,569 - IndustryTrendAnalysis - INFO -   Market Share: 0.00%
2025-04-22 19:21:31,569 - IndustryTrendAnalysis - INFO -   Funding Trend: -5000.00%
2025-04-22 19:21:31,569 - IndustryTrendAnalysis - INFO - Government Administration:
2025-04-22 19:21:31,569 - IndustryTrendAnalysis - INFO -   Market Concentration: 0.41
2025-04-22 19:21:31,569 - IndustryTrendAnalysis - INFO -   Market Share: 0.04%
2025-04-22 19:21:31,569 - IndustryTrendAnalysis - INFO -   Funding Trend: -3861.04%
2025-04-22 19:21:31,569 - IndustryTrendAnalysis - INFO - Defense & Space:
2025-04-22 19:21:31,569 - IndustryTrendAnalysis - INFO -   Market Concentration: 0.35
2025-04-22 19:21:31,569 - IndustryTrendAnalysis - INFO -   Market Share: 0.11%
2025-04-22 19:21:31,569 - IndustryTrendAnalysis - INFO -   Funding Trend: 5000.00%
2025-04-22 19:21:31,569 - IndustryTrendAnalysis - INFO - Analyzing employee migration patterns...
2025-04-22 19:21:31,654 - IndustryTrendAnalysis - INFO - Employee migration analysis summary:
2025-04-22 19:21:31,654 - IndustryTrendAnalysis - INFO - Total industries analyzed: 102
2025-04-22 19:21:31,654 - IndustryTrendAnalysis - INFO - Growing industries: 16
2025-04-22 19:21:31,654 - IndustryTrendAnalysis - INFO - Shrinking industries: 16
2025-04-22 19:21:31,654 - IndustryTrendAnalysis - INFO - 
Top 5 fastest growing industries:
2025-04-22 19:21:31,654 - IndustryTrendAnalysis - INFO - Research: 50.00% growth rate
2025-04-22 19:21:31,654 - IndustryTrendAnalysis - INFO - Information Services: 50.00% growth rate
2025-04-22 19:21:31,654 - IndustryTrendAnalysis - INFO - Computer & Network Security: 50.00% growth rate
2025-04-22 19:21:31,654 - IndustryTrendAnalysis - INFO - Financial Services: 50.00% growth rate
2025-04-22 19:21:31,654 - IndustryTrendAnalysis - INFO - Environmental Services: 50.00% growth rate
2025-04-22 19:21:31,655 - IndustryTrendAnalysis - INFO - Generating industry trend report...
2025-04-22 19:21:31,871 - IndustryTrendAnalysis - INFO - Report saved to ./outputIndustryTrends/industry_trend_report.json
2025-04-22 19:21:31,871 - IndustryTrendAnalysis - INFO - Creating trend visualizations...
2025-04-22 19:21:33,664 - IndustryTrendAnalysis - INFO - Trend visualizations created successfully
2025-04-22 19:22:23,483 - IndustryTrendAnalysis - INFO - Loaded 1103 records from fundraiser data
2025-04-22 19:22:23,485 - IndustryTrendAnalysis - INFO - Loaded 100 records from growthlist data
2025-04-22 19:22:23,530 - IndustryTrendAnalysis - INFO - Loaded 546 records from topstartup data
2025-04-22 19:22:23,627 - IndustryTrendAnalysis - WARNING - Removed 1 rows with invalid dates
2025-04-22 19:22:23,638 - IndustryTrendAnalysis - INFO - Cleaned data summary:
2025-04-22 19:22:23,639 - IndustryTrendAnalysis - INFO - Total companies: 1668
2025-04-22 19:22:23,639 - IndustryTrendAnalysis - INFO - Total funding rounds: 1747
2025-04-22 19:22:23,639 - IndustryTrendAnalysis - INFO - Date range: 1999-01-01 to 2025-03-01
2025-04-22 19:22:23,639 - IndustryTrendAnalysis - INFO - Total funding amount: $384,936,758,279.00
2025-04-22 19:22:23,956 - IndustryTrendAnalysis - INFO - Final dataset contains 1747 valid records
2025-04-22 19:22:23,956 - IndustryTrendAnalysis - INFO - Analyzing industry trends...
2025-04-22 19:22:23,956 - IndustryTrendAnalysis - INFO - Preparing trend features...
2025-04-22 19:22:24,370 - IndustryTrendAnalysis - INFO - 
Overall Market Statistics (Last 12 Months):
2025-04-22 19:22:24,370 - IndustryTrendAnalysis - INFO - Total Funding: $98,061,119,378.00
2025-04-22 19:22:24,370 - IndustryTrendAnalysis - INFO - Total Companies: 1028
2025-04-22 19:22:24,370 - IndustryTrendAnalysis - INFO - Average Funding Round: $94,108,559.86
2025-04-22 19:22:24,565 - IndustryTrendAnalysis - INFO - 
Industry Analysis Summary:
2025-04-22 19:22:24,565 - IndustryTrendAnalysis - INFO - Total Industries Analyzed: 102
2025-04-22 19:22:24,566 - IndustryTrendAnalysis - INFO - Emerging Industries Found: 0
2025-04-22 19:22:24,566 - IndustryTrendAnalysis - INFO - Saturated Industries Found: 13
2025-04-22 19:22:24,566 - IndustryTrendAnalysis - INFO - Industries with Forecasts: 4
2025-04-22 19:22:24,566 - IndustryTrendAnalysis - INFO - 
Top 5 Emerging Industries by Growth Score:
2025-04-22 19:22:24,566 - IndustryTrendAnalysis - INFO - 
Top 5 Saturated Industries by Concentration:
2025-04-22 19:22:24,566 - IndustryTrendAnalysis - INFO - Fund-Raising:
2025-04-22 19:22:24,566 - IndustryTrendAnalysis - INFO -   Market Concentration: 0.91
2025-04-22 19:22:24,566 - IndustryTrendAnalysis - INFO -   Market Share: 0.00%
2025-04-22 19:22:24,566 - IndustryTrendAnalysis - INFO -   Funding Trend: -5000.00%
2025-04-22 19:22:24,566 - IndustryTrendAnalysis - INFO - Legal Services:
2025-04-22 19:22:24,566 - IndustryTrendAnalysis - INFO -   Market Concentration: 0.86
2025-04-22 19:22:24,566 - IndustryTrendAnalysis - INFO -   Market Share: 0.04%
2025-04-22 19:22:24,566 - IndustryTrendAnalysis - INFO -   Funding Trend: -1666.67%
2025-04-22 19:22:24,566 - IndustryTrendAnalysis - INFO - Food Production:
2025-04-22 19:22:24,566 - IndustryTrendAnalysis - INFO -   Market Concentration: 0.85
2025-04-22 19:22:24,566 - IndustryTrendAnalysis - INFO -   Market Share: 0.00%
2025-04-22 19:22:24,566 - IndustryTrendAnalysis - INFO -   Funding Trend: -5000.00%
2025-04-22 19:22:24,566 - IndustryTrendAnalysis - INFO - Marketing & Advertising:
2025-04-22 19:22:24,566 - IndustryTrendAnalysis - INFO -   Market Concentration: 0.74
2025-04-22 19:22:24,567 - IndustryTrendAnalysis - INFO -   Market Share: 0.00%
2025-04-22 19:22:24,567 - IndustryTrendAnalysis - INFO -   Funding Trend: -5000.00%
2025-04-22 19:22:24,567 - IndustryTrendAnalysis - INFO - Aviation & Aerospace:
2025-04-22 19:22:24,567 - IndustryTrendAnalysis - INFO -   Market Concentration: 0.54
2025-04-22 19:22:24,567 - IndustryTrendAnalysis - INFO -   Market Share: 0.29%
2025-04-22 19:22:24,567 - IndustryTrendAnalysis - INFO -   Funding Trend: -2500.00%
2025-04-22 19:22:24,567 - IndustryTrendAnalysis - INFO - Analyzing employee migration patterns...
2025-04-22 19:22:24,659 - IndustryTrendAnalysis - INFO - Employee migration analysis summary:
2025-04-22 19:22:24,660 - IndustryTrendAnalysis - INFO - Total industries analyzed: 102
2025-04-22 19:22:24,660 - IndustryTrendAnalysis - INFO - Growing industries: 16
2025-04-22 19:22:24,660 - IndustryTrendAnalysis - INFO - Shrinking industries: 16
2025-04-22 19:22:24,660 - IndustryTrendAnalysis - INFO - 
Top 5 fastest growing industries:
2025-04-22 19:22:24,660 - IndustryTrendAnalysis - INFO - Research: 50.00% growth rate
2025-04-22 19:22:24,660 - IndustryTrendAnalysis - INFO - Information Services: 50.00% growth rate
2025-04-22 19:22:24,660 - IndustryTrendAnalysis - INFO - Computer & Network Security: 50.00% growth rate
2025-04-22 19:22:24,660 - IndustryTrendAnalysis - INFO - Financial Services: 50.00% growth rate
2025-04-22 19:22:24,660 - IndustryTrendAnalysis - INFO - Environmental Services: 50.00% growth rate
2025-04-22 19:22:24,660 - IndustryTrendAnalysis - INFO - Generating industry trend report...
2025-04-22 19:22:24,887 - IndustryTrendAnalysis - INFO - Report saved to ./outputIndustryTrends/industry_trend_report.json
2025-04-22 19:22:24,888 - IndustryTrendAnalysis - INFO - Creating trend visualizations...
2025-04-22 19:22:25,911 - IndustryTrendAnalysis - INFO - Trend visualizations created successfully
2025-04-22 19:23:13,678 - IndustryTrendAnalysis - INFO - Loaded 1103 records from fundraiser data
2025-04-22 19:23:13,679 - IndustryTrendAnalysis - INFO - Loaded 100 records from growthlist data
2025-04-22 19:23:13,718 - IndustryTrendAnalysis - INFO - Loaded 546 records from topstartup data
2025-04-22 19:23:13,818 - IndustryTrendAnalysis - WARNING - Removed 1 rows with invalid dates
2025-04-22 19:23:13,831 - IndustryTrendAnalysis - INFO - Cleaned data summary:
2025-04-22 19:23:13,832 - IndustryTrendAnalysis - INFO - Total companies: 1668
2025-04-22 19:23:13,832 - IndustryTrendAnalysis - INFO - Total funding rounds: 1747
2025-04-22 19:23:13,832 - IndustryTrendAnalysis - INFO - Date range: 1999-01-01 to 2025-03-01
2025-04-22 19:23:13,832 - IndustryTrendAnalysis - INFO - Total funding amount: $384,936,758,279.00
2025-04-22 19:23:14,132 - IndustryTrendAnalysis - INFO - Final dataset contains 1747 valid records
2025-04-22 19:23:14,132 - IndustryTrendAnalysis - INFO - Analyzing industry trends...
2025-04-22 19:23:14,132 - IndustryTrendAnalysis - INFO - Preparing trend features...
2025-04-22 19:23:14,431 - IndustryTrendAnalysis - INFO - 
Overall Market Statistics (Last 12 Months):
2025-04-22 19:23:14,431 - IndustryTrendAnalysis - INFO - Total Funding: $98,061,119,378.00
2025-04-22 19:23:14,431 - IndustryTrendAnalysis - INFO - Total Companies: 1028
2025-04-22 19:23:14,431 - IndustryTrendAnalysis - INFO - Average Funding Round: $94,108,559.86
2025-04-22 19:23:14,612 - IndustryTrendAnalysis - INFO - 
Industry Analysis Summary:
2025-04-22 19:23:14,612 - IndustryTrendAnalysis - INFO - Total Industries Analyzed: 102
2025-04-22 19:23:14,612 - IndustryTrendAnalysis - INFO - Emerging Industries Found: 0
2025-04-22 19:23:14,612 - IndustryTrendAnalysis - INFO - Saturated Industries Found: 11
2025-04-22 19:23:14,612 - IndustryTrendAnalysis - INFO - Industries with Forecasts: 4
2025-04-22 19:23:14,612 - IndustryTrendAnalysis - INFO - 
Top 5 Emerging Industries by Growth Score:
2025-04-22 19:23:14,612 - IndustryTrendAnalysis - INFO - 
Top 5 Saturated Industries by Concentration:
2025-04-22 19:23:14,612 - IndustryTrendAnalysis - INFO - Real Estate:
2025-04-22 19:23:14,612 - IndustryTrendAnalysis - INFO -   Market Concentration: 0.50
2025-04-22 19:23:14,612 - IndustryTrendAnalysis - INFO -   Market Share: 0.16%
2025-04-22 19:23:14,612 - IndustryTrendAnalysis - INFO -   Funding Trend: -2371.81%
2025-04-22 19:23:14,612 - IndustryTrendAnalysis - INFO - Mental Health Care:
2025-04-22 19:23:14,612 - IndustryTrendAnalysis - INFO -   Market Concentration: 0.43
2025-04-22 19:23:14,612 - IndustryTrendAnalysis - INFO -   Market Share: 0.12%
2025-04-22 19:23:14,612 - IndustryTrendAnalysis - INFO -   Funding Trend: -1737.09%
2025-04-22 19:23:14,612 - IndustryTrendAnalysis - INFO - Telecommunications:
2025-04-22 19:23:14,612 - IndustryTrendAnalysis - INFO -   Market Concentration: 0.43
2025-04-22 19:23:14,613 - IndustryTrendAnalysis - INFO -   Market Share: 0.53%
2025-04-22 19:23:14,613 - IndustryTrendAnalysis - INFO -   Funding Trend: 1913.28%
2025-04-22 19:23:14,613 - IndustryTrendAnalysis - INFO - Internet:
2025-04-22 19:23:14,613 - IndustryTrendAnalysis - INFO -   Market Concentration: 0.38
2025-04-22 19:23:14,613 - IndustryTrendAnalysis - INFO -   Market Share: 0.06%
2025-04-22 19:23:14,613 - IndustryTrendAnalysis - INFO -   Funding Trend: -5000.00%
2025-04-22 19:23:14,613 - IndustryTrendAnalysis - INFO - Construction:
2025-04-22 19:23:14,613 - IndustryTrendAnalysis - INFO -   Market Concentration: 0.36
2025-04-22 19:23:14,613 - IndustryTrendAnalysis - INFO -   Market Share: 0.06%
2025-04-22 19:23:14,613 - IndustryTrendAnalysis - INFO -   Funding Trend: -2117.86%
2025-04-22 19:23:14,613 - IndustryTrendAnalysis - INFO - Analyzing employee migration patterns...
2025-04-22 19:23:14,702 - IndustryTrendAnalysis - INFO - Employee migration analysis summary:
2025-04-22 19:23:14,702 - IndustryTrendAnalysis - INFO - Total industries analyzed: 102
2025-04-22 19:23:14,702 - IndustryTrendAnalysis - INFO - Growing industries: 16
2025-04-22 19:23:14,702 - IndustryTrendAnalysis - INFO - Shrinking industries: 16
2025-04-22 19:23:14,702 - IndustryTrendAnalysis - INFO - 
Top 5 fastest growing industries:
2025-04-22 19:23:14,702 - IndustryTrendAnalysis - INFO - Research: 50.00% growth rate
2025-04-22 19:23:14,702 - IndustryTrendAnalysis - INFO - Information Services: 50.00% growth rate
2025-04-22 19:23:14,702 - IndustryTrendAnalysis - INFO - Computer & Network Security: 50.00% growth rate
2025-04-22 19:23:14,702 - IndustryTrendAnalysis - INFO - Financial Services: 50.00% growth rate
2025-04-22 19:23:14,702 - IndustryTrendAnalysis - INFO - Environmental Services: 50.00% growth rate
2025-04-22 19:23:14,702 - IndustryTrendAnalysis - INFO - Generating industry trend report...
2025-04-22 19:23:14,901 - IndustryTrendAnalysis - INFO - Report saved to ./outputIndustryTrends/industry_trend_report.json
2025-04-22 19:23:14,901 - IndustryTrendAnalysis - INFO - Creating trend visualizations...
2025-04-22 19:23:15,948 - IndustryTrendAnalysis - INFO - Trend visualizations created successfully
2025-04-22 19:24:37,057 - IndustryTrendAnalysis - INFO - Loaded 1103 records from fundraiser data
2025-04-22 19:24:37,058 - IndustryTrendAnalysis - INFO - Loaded 100 records from growthlist data
2025-04-22 19:24:37,145 - IndustryTrendAnalysis - INFO - Loaded 546 records from topstartup data
2025-04-22 19:24:37,239 - IndustryTrendAnalysis - WARNING - Removed 1 rows with invalid dates
2025-04-22 19:24:37,251 - IndustryTrendAnalysis - INFO - Cleaned data summary:
2025-04-22 19:24:37,251 - IndustryTrendAnalysis - INFO - Total companies: 1668
2025-04-22 19:24:37,251 - IndustryTrendAnalysis - INFO - Total funding rounds: 1747
2025-04-22 19:24:37,252 - IndustryTrendAnalysis - INFO - Date range: 1999-01-01 to 2025-03-01
2025-04-22 19:24:37,252 - IndustryTrendAnalysis - INFO - Total funding amount: $384,936,758,279.00
2025-04-22 19:24:37,560 - IndustryTrendAnalysis - INFO - Final dataset contains 1747 valid records
2025-04-22 19:24:37,560 - IndustryTrendAnalysis - INFO - Analyzing industry trends...
2025-04-22 19:24:37,560 - IndustryTrendAnalysis - INFO - Preparing trend features...
2025-04-22 19:24:37,868 - IndustryTrendAnalysis - INFO - 
Overall Market Statistics (Last 12 Months):
2025-04-22 19:24:37,868 - IndustryTrendAnalysis - INFO - Total Funding: $98,061,119,378.00
2025-04-22 19:24:37,869 - IndustryTrendAnalysis - INFO - Total Companies: 1028
2025-04-22 19:24:37,869 - IndustryTrendAnalysis - INFO - Average Funding Round: $94,108,559.86
2025-04-22 19:24:38,071 - IndustryTrendAnalysis - INFO - 
Industry Analysis Summary:
2025-04-22 19:24:38,071 - IndustryTrendAnalysis - INFO - Total Industries Analyzed: 102
2025-04-22 19:24:38,071 - IndustryTrendAnalysis - INFO - Emerging Industries Found: 0
2025-04-22 19:24:38,071 - IndustryTrendAnalysis - INFO - Saturated Industries Found: 12
2025-04-22 19:24:38,071 - IndustryTrendAnalysis - INFO - Industries with Forecasts: 4
2025-04-22 19:24:38,071 - IndustryTrendAnalysis - INFO - 
Top 5 Emerging Industries by Growth Score:
2025-04-22 19:24:38,071 - IndustryTrendAnalysis - INFO - 
Top 5 Saturated Industries by Concentration:
2025-04-22 19:24:38,071 - IndustryTrendAnalysis - INFO - Real Estate:
2025-04-22 19:24:38,071 - IndustryTrendAnalysis - INFO -   Market Concentration: 0.50
2025-04-22 19:24:38,071 - IndustryTrendAnalysis - INFO -   Market Share: 0.16%
2025-04-22 19:24:38,071 - IndustryTrendAnalysis - INFO -   Funding Trend: -5000.00%
2025-04-22 19:24:38,071 - IndustryTrendAnalysis - INFO - Mental Health Care:
2025-04-22 19:24:38,071 - IndustryTrendAnalysis - INFO -   Market Concentration: 0.43
2025-04-22 19:24:38,071 - IndustryTrendAnalysis - INFO -   Market Share: 0.12%
2025-04-22 19:24:38,071 - IndustryTrendAnalysis - INFO -   Funding Trend: -5000.00%
2025-04-22 19:24:38,072 - IndustryTrendAnalysis - INFO - Telecommunications:
2025-04-22 19:24:38,072 - IndustryTrendAnalysis - INFO -   Market Concentration: 0.43
2025-04-22 19:24:38,072 - IndustryTrendAnalysis - INFO -   Market Share: 0.53%
2025-04-22 19:24:38,072 - IndustryTrendAnalysis - INFO -   Funding Trend: 5000.00%
2025-04-22 19:24:38,072 - IndustryTrendAnalysis - INFO - Internet:
2025-04-22 19:24:38,072 - IndustryTrendAnalysis - INFO -   Market Concentration: 0.38
2025-04-22 19:24:38,072 - IndustryTrendAnalysis - INFO -   Market Share: 0.06%
2025-04-22 19:24:38,072 - IndustryTrendAnalysis - INFO -   Funding Trend: -5000.00%
2025-04-22 19:24:38,072 - IndustryTrendAnalysis - INFO - Construction:
2025-04-22 19:24:38,072 - IndustryTrendAnalysis - INFO -   Market Concentration: 0.36
2025-04-22 19:24:38,072 - IndustryTrendAnalysis - INFO -   Market Share: 0.06%
2025-04-22 19:24:38,072 - IndustryTrendAnalysis - INFO -   Funding Trend: -5000.00%
2025-04-22 19:24:38,072 - IndustryTrendAnalysis - INFO - Analyzing employee migration patterns...
2025-04-22 19:24:38,161 - IndustryTrendAnalysis - INFO - Employee migration analysis summary:
2025-04-22 19:24:38,161 - IndustryTrendAnalysis - INFO - Total industries analyzed: 102
2025-04-22 19:24:38,161 - IndustryTrendAnalysis - INFO - Growing industries: 16
2025-04-22 19:24:38,161 - IndustryTrendAnalysis - INFO - Shrinking industries: 16
2025-04-22 19:24:38,161 - IndustryTrendAnalysis - INFO - 
Top 5 fastest growing industries:
2025-04-22 19:24:38,161 - IndustryTrendAnalysis - INFO - Research: 50.00% growth rate
2025-04-22 19:24:38,161 - IndustryTrendAnalysis - INFO - Information Services: 50.00% growth rate
2025-04-22 19:24:38,161 - IndustryTrendAnalysis - INFO - Computer & Network Security: 50.00% growth rate
2025-04-22 19:24:38,161 - IndustryTrendAnalysis - INFO - Financial Services: 50.00% growth rate
2025-04-22 19:24:38,161 - IndustryTrendAnalysis - INFO - Environmental Services: 50.00% growth rate
2025-04-22 19:24:38,161 - IndustryTrendAnalysis - INFO - Generating industry trend report...
2025-04-22 19:24:38,399 - IndustryTrendAnalysis - INFO - Report saved to ./outputIndustryTrends/industry_trend_report.json
2025-04-22 19:24:38,399 - IndustryTrendAnalysis - INFO - Creating trend visualizations...
2025-04-22 19:24:39,395 - IndustryTrendAnalysis - INFO - Trend visualizations created successfully
2025-04-22 19:25:22,154 - IndustryTrendAnalysis - INFO - Loaded 1103 records from fundraiser data
2025-04-22 19:25:22,156 - IndustryTrendAnalysis - INFO - Loaded 100 records from growthlist data
2025-04-22 19:25:22,241 - IndustryTrendAnalysis - INFO - Loaded 546 records from topstartup data
2025-04-22 19:25:22,334 - IndustryTrendAnalysis - WARNING - Removed 1 rows with invalid dates
2025-04-22 19:25:22,344 - IndustryTrendAnalysis - INFO - Cleaned data summary:
2025-04-22 19:25:22,344 - IndustryTrendAnalysis - INFO - Total companies: 1668
2025-04-22 19:25:22,344 - IndustryTrendAnalysis - INFO - Total funding rounds: 1747
2025-04-22 19:25:22,345 - IndustryTrendAnalysis - INFO - Date range: 1999-01-01 to 2025-03-01
2025-04-22 19:25:22,345 - IndustryTrendAnalysis - INFO - Total funding amount: $384,936,758,279.00
2025-04-22 19:25:22,652 - IndustryTrendAnalysis - INFO - Final dataset contains 1747 valid records
2025-04-22 19:25:22,652 - IndustryTrendAnalysis - INFO - Analyzing industry trends...
2025-04-22 19:25:22,652 - IndustryTrendAnalysis - INFO - Preparing trend features...
2025-04-22 19:25:22,951 - IndustryTrendAnalysis - INFO - 
Overall Market Statistics (Last 12 Months):
2025-04-22 19:25:22,951 - IndustryTrendAnalysis - INFO - Total Funding: $98,061,119,378.00
2025-04-22 19:25:22,951 - IndustryTrendAnalysis - INFO - Total Companies: 1028
2025-04-22 19:25:22,951 - IndustryTrendAnalysis - INFO - Average Funding Round: $94,108,559.86
2025-04-22 19:25:23,140 - IndustryTrendAnalysis - INFO - 
Industry Analysis Summary:
2025-04-22 19:25:23,140 - IndustryTrendAnalysis - INFO - Total Industries Analyzed: 102
2025-04-22 19:25:23,140 - IndustryTrendAnalysis - INFO - Emerging Industries Found: 0
2025-04-22 19:25:23,140 - IndustryTrendAnalysis - INFO - Saturated Industries Found: 5
2025-04-22 19:25:23,141 - IndustryTrendAnalysis - INFO - Industries with Forecasts: 4
2025-04-22 19:25:23,141 - IndustryTrendAnalysis - INFO - 
Top 5 Emerging Industries by Growth Score:
2025-04-22 19:25:23,141 - IndustryTrendAnalysis - INFO - 
Top 5 Saturated Industries by Concentration:
2025-04-22 19:25:23,141 - IndustryTrendAnalysis - INFO - Health:
2025-04-22 19:25:23,141 - IndustryTrendAnalysis - INFO -   Market Concentration: 0.72
2025-04-22 19:25:23,141 - IndustryTrendAnalysis - INFO -   Market Share: 0.24%
2025-04-22 19:25:23,141 - IndustryTrendAnalysis - INFO -   Funding Trend: -5000.00%
2025-04-22 19:25:23,141 - IndustryTrendAnalysis - INFO - Telecommunications:
2025-04-22 19:25:23,141 - IndustryTrendAnalysis - INFO -   Market Concentration: 0.43
2025-04-22 19:25:23,141 - IndustryTrendAnalysis - INFO -   Market Share: 0.53%
2025-04-22 19:25:23,141 - IndustryTrendAnalysis - INFO -   Funding Trend: -5000.00%
2025-04-22 19:25:23,141 - IndustryTrendAnalysis - INFO - Internet:
2025-04-22 19:25:23,141 - IndustryTrendAnalysis - INFO -   Market Concentration: 0.38
2025-04-22 19:25:23,141 - IndustryTrendAnalysis - INFO -   Market Share: 0.06%
2025-04-22 19:25:23,141 - IndustryTrendAnalysis - INFO -   Funding Trend: -5000.00%
2025-04-22 19:25:23,141 - IndustryTrendAnalysis - INFO - Nonprofit Organization Management:
2025-04-22 19:25:23,141 - IndustryTrendAnalysis - INFO -   Market Concentration: 0.31
2025-04-22 19:25:23,141 - IndustryTrendAnalysis - INFO -   Market Share: 0.00%
2025-04-22 19:25:23,141 - IndustryTrendAnalysis - INFO -   Funding Trend: -5000.00%
2025-04-22 19:25:23,141 - IndustryTrendAnalysis - INFO - Entertainment:
2025-04-22 19:25:23,141 - IndustryTrendAnalysis - INFO -   Market Concentration: 0.26
2025-04-22 19:25:23,141 - IndustryTrendAnalysis - INFO -   Market Share: 0.08%
2025-04-22 19:25:23,141 - IndustryTrendAnalysis - INFO -   Funding Trend: -5000.00%
2025-04-22 19:25:23,142 - IndustryTrendAnalysis - INFO - Analyzing employee migration patterns...
2025-04-22 19:25:23,234 - IndustryTrendAnalysis - INFO - Employee migration analysis summary:
2025-04-22 19:25:23,234 - IndustryTrendAnalysis - INFO - Total industries analyzed: 102
2025-04-22 19:25:23,234 - IndustryTrendAnalysis - INFO - Growing industries: 16
2025-04-22 19:25:23,234 - IndustryTrendAnalysis - INFO - Shrinking industries: 16
2025-04-22 19:25:23,234 - IndustryTrendAnalysis - INFO - 
Top 5 fastest growing industries:
2025-04-22 19:25:23,234 - IndustryTrendAnalysis - INFO - Research: 50.00% growth rate
2025-04-22 19:25:23,234 - IndustryTrendAnalysis - INFO - Information Services: 50.00% growth rate
2025-04-22 19:25:23,234 - IndustryTrendAnalysis - INFO - Computer & Network Security: 50.00% growth rate
2025-04-22 19:25:23,234 - IndustryTrendAnalysis - INFO - Financial Services: 50.00% growth rate
2025-04-22 19:25:23,234 - IndustryTrendAnalysis - INFO - Environmental Services: 50.00% growth rate
2025-04-22 19:25:23,235 - IndustryTrendAnalysis - INFO - Generating industry trend report...
2025-04-22 19:25:23,436 - IndustryTrendAnalysis - INFO - Report saved to ./outputIndustryTrends/industry_trend_report.json
2025-04-22 19:25:23,436 - IndustryTrendAnalysis - INFO - Creating trend visualizations...
2025-04-22 19:25:24,402 - IndustryTrendAnalysis - INFO - Trend visualizations created successfully
2025-04-22 19:26:07,468 - IndustryTrendAnalysis - INFO - Loaded 1103 records from fundraiser data
2025-04-22 19:26:07,470 - IndustryTrendAnalysis - INFO - Loaded 100 records from growthlist data
2025-04-22 19:26:07,522 - IndustryTrendAnalysis - INFO - Loaded 546 records from topstartup data
2025-04-22 19:26:07,627 - IndustryTrendAnalysis - WARNING - Removed 1 rows with invalid dates
2025-04-22 19:26:07,641 - IndustryTrendAnalysis - INFO - Cleaned data summary:
2025-04-22 19:26:07,641 - IndustryTrendAnalysis - INFO - Total companies: 1668
2025-04-22 19:26:07,641 - IndustryTrendAnalysis - INFO - Total funding rounds: 1747
2025-04-22 19:26:07,641 - IndustryTrendAnalysis - INFO - Date range: 1999-01-01 to 2025-03-01
2025-04-22 19:26:07,642 - IndustryTrendAnalysis - INFO - Total funding amount: $384,936,758,279.00
2025-04-22 19:26:08,402 - IndustryTrendAnalysis - INFO - Final dataset contains 1747 valid records
2025-04-22 19:26:08,403 - IndustryTrendAnalysis - INFO - Analyzing industry trends...
2025-04-22 19:26:08,403 - IndustryTrendAnalysis - INFO - Preparing trend features...
2025-04-22 19:26:08,729 - IndustryTrendAnalysis - INFO - 
Overall Market Statistics (Last 12 Months):
2025-04-22 19:26:08,729 - IndustryTrendAnalysis - INFO - Total Funding: $98,061,119,378.00
2025-04-22 19:26:08,729 - IndustryTrendAnalysis - INFO - Total Companies: 1028
2025-04-22 19:26:08,729 - IndustryTrendAnalysis - INFO - Average Funding Round: $94,108,559.86
2025-04-22 19:26:08,807 - IndustryTrendAnalysis - ERROR - Error in trend analysis: object of type 'numpy.float64' has no len()
2025-04-22 19:26:56,765 - IndustryTrendAnalysis - INFO - Loaded 1103 records from fundraiser data
2025-04-22 19:26:56,767 - IndustryTrendAnalysis - INFO - Loaded 100 records from growthlist data
2025-04-22 19:26:56,862 - IndustryTrendAnalysis - INFO - Loaded 546 records from topstartup data
2025-04-22 19:26:56,964 - IndustryTrendAnalysis - WARNING - Removed 1 rows with invalid dates
2025-04-22 19:26:56,978 - IndustryTrendAnalysis - INFO - Cleaned data summary:
2025-04-22 19:26:56,979 - IndustryTrendAnalysis - INFO - Total companies: 1668
2025-04-22 19:26:56,979 - IndustryTrendAnalysis - INFO - Total funding rounds: 1747
2025-04-22 19:26:56,979 - IndustryTrendAnalysis - INFO - Date range: 1999-01-01 to 2025-03-01
2025-04-22 19:26:56,979 - IndustryTrendAnalysis - INFO - Total funding amount: $384,936,758,279.00
2025-04-22 19:26:57,300 - IndustryTrendAnalysis - INFO - Final dataset contains 1747 valid records
2025-04-22 19:26:57,301 - IndustryTrendAnalysis - INFO - Analyzing industry trends...
2025-04-22 19:26:57,301 - IndustryTrendAnalysis - INFO - Preparing trend features...
2025-04-22 19:26:57,302 - IndustryTrendAnalysis - INFO - Preparing trend features...
2025-04-22 19:26:57,310 - IndustryTrendAnalysis - INFO - Preparing trend features...
2025-04-22 19:26:57,333 - IndustryTrendAnalysis - INFO - Preparing trend features...
2025-04-22 19:26:57,338 - IndustryTrendAnalysis - INFO - Preparing trend features...
2025-04-22 19:26:57,347 - IndustryTrendAnalysis - INFO - Preparing trend features...
2025-04-22 19:26:57,352 - IndustryTrendAnalysis - INFO - Preparing trend features...
2025-04-22 19:26:57,372 - IndustryTrendAnalysis - INFO - Preparing trend features...
2025-04-22 19:26:57,379 - IndustryTrendAnalysis - INFO - Preparing trend features...
2025-04-22 19:26:57,387 - IndustryTrendAnalysis - INFO - Preparing trend features...
2025-04-22 19:26:57,392 - IndustryTrendAnalysis - INFO - Preparing trend features...
2025-04-22 19:26:57,400 - IndustryTrendAnalysis - INFO - Preparing trend features...
2025-04-22 19:26:57,405 - IndustryTrendAnalysis - INFO - Preparing trend features...
2025-04-22 19:26:57,409 - IndustryTrendAnalysis - INFO - Preparing trend features...
2025-04-22 19:26:57,410 - IndustryTrendAnalysis - INFO - Preparing trend features...
2025-04-22 19:26:57,415 - IndustryTrendAnalysis - INFO - Preparing trend features...
2025-04-22 19:26:57,420 - IndustryTrendAnalysis - INFO - Preparing trend features...
2025-04-22 19:26:57,425 - IndustryTrendAnalysis - INFO - Preparing trend features...
2025-04-22 19:26:57,430 - IndustryTrendAnalysis - INFO - Preparing trend features...
2025-04-22 19:26:57,435 - IndustryTrendAnalysis - INFO - Preparing trend features...
2025-04-22 19:26:57,440 - IndustryTrendAnalysis - INFO - Preparing trend features...
2025-04-22 19:26:57,445 - IndustryTrendAnalysis - INFO - Preparing trend features...
2025-04-22 19:26:57,451 - IndustryTrendAnalysis - INFO - Preparing trend features...
2025-04-22 19:26:57,456 - IndustryTrendAnalysis - INFO - Preparing trend features...
2025-04-22 19:26:57,463 - IndustryTrendAnalysis - INFO - Preparing trend features...
2025-04-22 19:26:57,495 - IndustryTrendAnalysis - INFO - Preparing trend features...
2025-04-22 19:26:57,522 - IndustryTrendAnalysis - INFO - Preparing trend features...
2025-04-22 19:26:57,593 - IndustryTrendAnalysis - INFO - Preparing trend features...
2025-04-22 19:26:57,598 - IndustryTrendAnalysis - INFO - Preparing trend features...
2025-04-22 19:26:57,610 - IndustryTrendAnalysis - INFO - Preparing trend features...
2025-04-22 19:26:57,637 - IndustryTrendAnalysis - INFO - Preparing trend features...
2025-04-22 19:26:57,643 - IndustryTrendAnalysis - INFO - Preparing trend features...
2025-04-22 19:26:57,648 - IndustryTrendAnalysis - INFO - Preparing trend features...
2025-04-22 19:26:57,654 - IndustryTrendAnalysis - INFO - Preparing trend features...
2025-04-22 19:26:57,660 - IndustryTrendAnalysis - INFO - Preparing trend features...
2025-04-22 19:26:57,665 - IndustryTrendAnalysis - INFO - Preparing trend features...
2025-04-22 19:26:57,670 - IndustryTrendAnalysis - INFO - Preparing trend features...
2025-04-22 19:26:57,673 - IndustryTrendAnalysis - INFO - Preparing trend features...
2025-04-22 19:26:57,679 - IndustryTrendAnalysis - INFO - Preparing trend features...
2025-04-22 19:26:57,682 - IndustryTrendAnalysis - INFO - Preparing trend features...
2025-04-22 19:26:57,688 - IndustryTrendAnalysis - INFO - Preparing trend features...
2025-04-22 19:26:57,695 - IndustryTrendAnalysis - INFO - Preparing trend features...
2025-04-22 19:26:57,700 - IndustryTrendAnalysis - INFO - Preparing trend features...
2025-04-22 19:26:57,706 - IndustryTrendAnalysis - INFO - Preparing trend features...
2025-04-22 19:26:57,711 - IndustryTrendAnalysis - INFO - Preparing trend features...
2025-04-22 19:26:57,715 - IndustryTrendAnalysis - INFO - Preparing trend features...
2025-04-22 19:26:57,721 - IndustryTrendAnalysis - INFO - Preparing trend features...
2025-04-22 19:26:57,728 - IndustryTrendAnalysis - INFO - Preparing trend features...
2025-04-22 19:26:57,735 - IndustryTrendAnalysis - INFO - Preparing trend features...
2025-04-22 19:26:57,743 - IndustryTrendAnalysis - INFO - Preparing trend features...
2025-04-22 19:26:57,748 - IndustryTrendAnalysis - INFO - Preparing trend features...
2025-04-22 19:26:57,753 - IndustryTrendAnalysis - INFO - Preparing trend features...
2025-04-22 19:26:57,762 - IndustryTrendAnalysis - INFO - Preparing trend features...
2025-04-22 19:26:57,776 - IndustryTrendAnalysis - INFO - Preparing trend features...
2025-04-22 19:26:57,785 - IndustryTrendAnalysis - INFO - Preparing trend features...
2025-04-22 19:26:57,790 - IndustryTrendAnalysis - INFO - Preparing trend features...
2025-04-22 19:26:57,800 - IndustryTrendAnalysis - INFO - Preparing trend features...
2025-04-22 19:26:57,811 - IndustryTrendAnalysis - INFO - Preparing trend features...
2025-04-22 19:26:57,821 - IndustryTrendAnalysis - INFO - Preparing trend features...
2025-04-22 19:26:57,826 - IndustryTrendAnalysis - INFO - Preparing trend features...
2025-04-22 19:26:57,837 - IndustryTrendAnalysis - INFO - Preparing trend features...
2025-04-22 19:26:57,841 - IndustryTrendAnalysis - INFO - Preparing trend features...
2025-04-22 19:26:57,846 - IndustryTrendAnalysis - INFO - Preparing trend features...
2025-04-22 19:26:57,849 - IndustryTrendAnalysis - INFO - Preparing trend features...
2025-04-22 19:26:57,854 - IndustryTrendAnalysis - INFO - Preparing trend features...
2025-04-22 19:26:57,859 - IndustryTrendAnalysis - INFO - Preparing trend features...
2025-04-22 19:26:57,872 - IndustryTrendAnalysis - INFO - Preparing trend features...
2025-04-22 19:26:57,879 - IndustryTrendAnalysis - INFO - Preparing trend features...
2025-04-22 19:26:57,884 - IndustryTrendAnalysis - INFO - Preparing trend features...
2025-04-22 19:26:57,889 - IndustryTrendAnalysis - INFO - Preparing trend features...
2025-04-22 19:26:57,894 - IndustryTrendAnalysis - INFO - Preparing trend features...
2025-04-22 19:26:57,901 - IndustryTrendAnalysis - INFO - Preparing trend features...
2025-04-22 19:26:57,909 - IndustryTrendAnalysis - INFO - Preparing trend features...
2025-04-22 19:26:57,913 - IndustryTrendAnalysis - INFO - Preparing trend features...
2025-04-22 19:26:57,916 - IndustryTrendAnalysis - INFO - Preparing trend features...
2025-04-22 19:26:57,920 - IndustryTrendAnalysis - INFO - Preparing trend features...
2025-04-22 19:26:57,924 - IndustryTrendAnalysis - INFO - Preparing trend features...
2025-04-22 19:26:57,928 - IndustryTrendAnalysis - INFO - Preparing trend features...
2025-04-22 19:26:57,933 - IndustryTrendAnalysis - INFO - Preparing trend features...
2025-04-22 19:26:57,938 - IndustryTrendAnalysis - INFO - Preparing trend features...
2025-04-22 19:26:57,943 - IndustryTrendAnalysis - INFO - Preparing trend features...
2025-04-22 19:26:57,948 - IndustryTrendAnalysis - INFO - Preparing trend features...
2025-04-22 19:26:57,952 - IndustryTrendAnalysis - INFO - Preparing trend features...
2025-04-22 19:26:57,955 - IndustryTrendAnalysis - INFO - Preparing trend features...
2025-04-22 19:26:57,958 - IndustryTrendAnalysis - INFO - Preparing trend features...
2025-04-22 19:26:57,962 - IndustryTrendAnalysis - INFO - Preparing trend features...
2025-04-22 19:26:57,965 - IndustryTrendAnalysis - INFO - Preparing trend features...
2025-04-22 19:26:57,968 - IndustryTrendAnalysis - INFO - Preparing trend features...
2025-04-22 19:26:57,970 - IndustryTrendAnalysis - INFO - Preparing trend features...
2025-04-22 19:26:57,979 - IndustryTrendAnalysis - INFO - Preparing trend features...
2025-04-22 19:26:57,985 - IndustryTrendAnalysis - INFO - Preparing trend features...
2025-04-22 19:26:57,990 - IndustryTrendAnalysis - INFO - Preparing trend features...
2025-04-22 19:26:57,994 - IndustryTrendAnalysis - INFO - Preparing trend features...
2025-04-22 19:26:58,000 - IndustryTrendAnalysis - INFO - Preparing trend features...
2025-04-22 19:26:58,007 - IndustryTrendAnalysis - INFO - Preparing trend features...
2025-04-22 19:26:58,011 - IndustryTrendAnalysis - INFO - Preparing trend features...
2025-04-22 19:26:58,017 - IndustryTrendAnalysis - INFO - Preparing trend features...
2025-04-22 19:26:58,022 - IndustryTrendAnalysis - INFO - Preparing trend features...
2025-04-22 19:26:58,027 - IndustryTrendAnalysis - INFO - Preparing trend features...
2025-04-22 19:26:58,031 - IndustryTrendAnalysis - INFO - Preparing trend features...
2025-04-22 19:26:58,036 - IndustryTrendAnalysis - INFO - Preparing trend features...
2025-04-22 19:26:58,040 - IndustryTrendAnalysis - INFO - Preparing trend features...
2025-04-22 19:26:58,043 - IndustryTrendAnalysis - INFO - Preparing trend features...
2025-04-22 19:26:58,046 - IndustryTrendAnalysis - INFO - Preparing trend features...
2025-04-22 19:26:58,051 - IndustryTrendAnalysis - INFO - 
Industry Analysis Summary:
2025-04-22 19:26:58,051 - IndustryTrendAnalysis - INFO - Total Industries Analyzed: 103
2025-04-22 19:26:58,051 - IndustryTrendAnalysis - INFO - Emerging Industries Found: 0
2025-04-22 19:26:58,051 - IndustryTrendAnalysis - INFO - Saturated Industries Found: 0
2025-04-22 19:26:58,051 - IndustryTrendAnalysis - INFO - Industries with Forecasts: 103
2025-04-22 19:26:58,051 - IndustryTrendAnalysis - INFO - 
Top 5 Emerging Industries by Growth Score:
2025-04-22 19:26:58,051 - IndustryTrendAnalysis - INFO - 
Top 5 Saturated Industries by Concentration:
2025-04-22 19:26:58,052 - IndustryTrendAnalysis - INFO - Analyzing employee migration patterns...
2025-04-22 19:26:58,226 - IndustryTrendAnalysis - INFO - Employee migration analysis summary:
2025-04-22 19:26:58,226 - IndustryTrendAnalysis - INFO - Total industries analyzed: 102
2025-04-22 19:26:58,226 - IndustryTrendAnalysis - INFO - Growing industries: 16
2025-04-22 19:26:58,226 - IndustryTrendAnalysis - INFO - Shrinking industries: 16
2025-04-22 19:26:58,227 - IndustryTrendAnalysis - INFO - 
Top 5 fastest growing industries:
2025-04-22 19:26:58,227 - IndustryTrendAnalysis - INFO - Research: 50.00% growth rate
2025-04-22 19:26:58,227 - IndustryTrendAnalysis - INFO - Information Services: 50.00% growth rate
2025-04-22 19:26:58,227 - IndustryTrendAnalysis - INFO - Computer & Network Security: 50.00% growth rate
2025-04-22 19:26:58,227 - IndustryTrendAnalysis - INFO - Financial Services: 50.00% growth rate
2025-04-22 19:26:58,227 - IndustryTrendAnalysis - INFO - Environmental Services: 50.00% growth rate
2025-04-22 19:26:58,227 - IndustryTrendAnalysis - INFO - Generating industry trend report...
2025-04-22 19:26:58,421 - IndustryTrendAnalysis - INFO - Report saved to ./outputIndustryTrends/industry_trend_report.json
2025-04-22 19:26:58,421 - IndustryTrendAnalysis - INFO - Creating trend visualizations...
2025-04-22 19:26:58,637 - IndustryTrendAnalysis - ERROR - Error creating visualizations: 'values'
2025-04-22 19:27:37,082 - IndustryTrendAnalysis - INFO - Loaded 1103 records from fundraiser data
2025-04-22 19:27:37,083 - IndustryTrendAnalysis - INFO - Loaded 100 records from growthlist data
2025-04-22 19:27:37,167 - IndustryTrendAnalysis - INFO - Loaded 546 records from topstartup data
2025-04-22 19:27:37,278 - IndustryTrendAnalysis - WARNING - Removed 1 rows with invalid dates
2025-04-22 19:27:37,290 - IndustryTrendAnalysis - INFO - Cleaned data summary:
2025-04-22 19:27:37,290 - IndustryTrendAnalysis - INFO - Total companies: 1668
2025-04-22 19:27:37,290 - IndustryTrendAnalysis - INFO - Total funding rounds: 1747
2025-04-22 19:27:37,291 - IndustryTrendAnalysis - INFO - Date range: 1999-01-01 to 2025-03-01
2025-04-22 19:27:37,291 - IndustryTrendAnalysis - INFO - Total funding amount: $384,936,758,279.00
2025-04-22 19:27:37,605 - IndustryTrendAnalysis - INFO - Final dataset contains 1747 valid records
2025-04-22 19:27:37,605 - IndustryTrendAnalysis - INFO - Analyzing industry trends...
2025-04-22 19:27:37,605 - IndustryTrendAnalysis - INFO - Preparing trend features...
2025-04-22 19:27:37,606 - IndustryTrendAnalysis - INFO - Preparing trend features...
2025-04-22 19:27:37,613 - IndustryTrendAnalysis - INFO - Preparing trend features...
2025-04-22 19:27:37,631 - IndustryTrendAnalysis - INFO - Preparing trend features...
2025-04-22 19:27:37,636 - IndustryTrendAnalysis - INFO - Preparing trend features...
2025-04-22 19:27:37,643 - IndustryTrendAnalysis - INFO - Preparing trend features...
2025-04-22 19:27:37,646 - IndustryTrendAnalysis - INFO - Preparing trend features...
2025-04-22 19:27:37,661 - IndustryTrendAnalysis - INFO - Preparing trend features...
2025-04-22 19:27:37,665 - IndustryTrendAnalysis - INFO - Preparing trend features...
2025-04-22 19:27:37,671 - IndustryTrendAnalysis - INFO - Preparing trend features...
2025-04-22 19:27:37,675 - IndustryTrendAnalysis - INFO - Preparing trend features...
2025-04-22 19:27:37,680 - IndustryTrendAnalysis - INFO - Preparing trend features...
2025-04-22 19:27:37,684 - IndustryTrendAnalysis - INFO - Preparing trend features...
2025-04-22 19:27:37,687 - IndustryTrendAnalysis - INFO - Preparing trend features...
2025-04-22 19:27:37,688 - IndustryTrendAnalysis - INFO - Preparing trend features...
2025-04-22 19:27:37,691 - IndustryTrendAnalysis - INFO - Preparing trend features...
2025-04-22 19:27:37,695 - IndustryTrendAnalysis - INFO - Preparing trend features...
2025-04-22 19:27:37,697 - IndustryTrendAnalysis - INFO - Preparing trend features...
2025-04-22 19:27:37,701 - IndustryTrendAnalysis - INFO - Preparing trend features...
2025-04-22 19:27:37,705 - IndustryTrendAnalysis - INFO - Preparing trend features...
2025-04-22 19:27:37,708 - IndustryTrendAnalysis - INFO - Preparing trend features...
2025-04-22 19:27:37,713 - IndustryTrendAnalysis - INFO - Preparing trend features...
2025-04-22 19:27:37,720 - IndustryTrendAnalysis - INFO - Preparing trend features...
2025-04-22 19:27:37,723 - IndustryTrendAnalysis - INFO - Preparing trend features...
2025-04-22 19:27:37,728 - IndustryTrendAnalysis - INFO - Preparing trend features...
2025-04-22 19:27:37,731 - IndustryTrendAnalysis - INFO - Preparing trend features...
2025-04-22 19:27:37,737 - IndustryTrendAnalysis - INFO - Preparing trend features...
2025-04-22 19:27:37,740 - IndustryTrendAnalysis - INFO - Preparing trend features...
2025-04-22 19:27:37,744 - IndustryTrendAnalysis - INFO - Preparing trend features...
2025-04-22 19:27:37,748 - IndustryTrendAnalysis - INFO - Preparing trend features...
2025-04-22 19:27:37,751 - IndustryTrendAnalysis - INFO - Preparing trend features...
2025-04-22 19:27:37,756 - IndustryTrendAnalysis - INFO - Preparing trend features...
2025-04-22 19:27:37,760 - IndustryTrendAnalysis - INFO - Preparing trend features...
2025-04-22 19:27:37,765 - IndustryTrendAnalysis - INFO - Preparing trend features...
2025-04-22 19:27:37,770 - IndustryTrendAnalysis - INFO - Preparing trend features...
2025-04-22 19:27:37,774 - IndustryTrendAnalysis - INFO - Preparing trend features...
2025-04-22 19:27:37,779 - IndustryTrendAnalysis - INFO - Preparing trend features...
2025-04-22 19:27:37,783 - IndustryTrendAnalysis - INFO - Preparing trend features...
2025-04-22 19:27:37,788 - IndustryTrendAnalysis - INFO - Preparing trend features...
2025-04-22 19:27:37,792 - IndustryTrendAnalysis - INFO - Preparing trend features...
2025-04-22 19:27:37,796 - IndustryTrendAnalysis - INFO - Preparing trend features...
2025-04-22 19:27:37,801 - IndustryTrendAnalysis - INFO - Preparing trend features...
2025-04-22 19:27:37,806 - IndustryTrendAnalysis - INFO - Preparing trend features...
2025-04-22 19:27:37,810 - IndustryTrendAnalysis - INFO - Preparing trend features...
2025-04-22 19:27:37,815 - IndustryTrendAnalysis - INFO - Preparing trend features...
2025-04-22 19:27:37,819 - IndustryTrendAnalysis - INFO - Preparing trend features...
2025-04-22 19:27:37,824 - IndustryTrendAnalysis - INFO - Preparing trend features...
2025-04-22 19:27:37,829 - IndustryTrendAnalysis - INFO - Preparing trend features...
2025-04-22 19:27:37,834 - IndustryTrendAnalysis - INFO - Preparing trend features...
2025-04-22 19:27:37,838 - IndustryTrendAnalysis - INFO - Preparing trend features...
2025-04-22 19:27:37,841 - IndustryTrendAnalysis - INFO - Preparing trend features...
2025-04-22 19:27:37,846 - IndustryTrendAnalysis - INFO - Preparing trend features...
2025-04-22 19:27:37,850 - IndustryTrendAnalysis - INFO - Preparing trend features...
2025-04-22 19:27:37,858 - IndustryTrendAnalysis - INFO - Preparing trend features...
2025-04-22 19:27:37,863 - IndustryTrendAnalysis - INFO - Preparing trend features...
2025-04-22 19:27:37,867 - IndustryTrendAnalysis - INFO - Preparing trend features...
2025-04-22 19:27:37,871 - IndustryTrendAnalysis - INFO - Preparing trend features...
2025-04-22 19:27:37,875 - IndustryTrendAnalysis - INFO - Preparing trend features...
2025-04-22 19:27:37,878 - IndustryTrendAnalysis - INFO - Preparing trend features...
2025-04-22 19:27:37,882 - IndustryTrendAnalysis - INFO - Preparing trend features...
2025-04-22 19:27:37,887 - IndustryTrendAnalysis - INFO - Preparing trend features...
2025-04-22 19:27:37,891 - IndustryTrendAnalysis - INFO - Preparing trend features...
2025-04-22 19:27:37,894 - IndustryTrendAnalysis - INFO - Preparing trend features...
2025-04-22 19:27:37,897 - IndustryTrendAnalysis - INFO - Preparing trend features...
2025-04-22 19:27:37,902 - IndustryTrendAnalysis - INFO - Preparing trend features...
2025-04-22 19:27:37,905 - IndustryTrendAnalysis - INFO - Preparing trend features...
2025-04-22 19:27:37,909 - IndustryTrendAnalysis - INFO - Preparing trend features...
2025-04-22 19:27:37,914 - IndustryTrendAnalysis - INFO - Preparing trend features...
2025-04-22 19:27:37,918 - IndustryTrendAnalysis - INFO - Preparing trend features...
2025-04-22 19:27:37,922 - IndustryTrendAnalysis - INFO - Preparing trend features...
2025-04-22 19:27:37,925 - IndustryTrendAnalysis - INFO - Preparing trend features...
2025-04-22 19:27:37,929 - IndustryTrendAnalysis - INFO - Preparing trend features...
2025-04-22 19:27:37,933 - IndustryTrendAnalysis - INFO - Preparing trend features...
2025-04-22 19:27:37,936 - IndustryTrendAnalysis - INFO - Preparing trend features...
2025-04-22 19:27:37,941 - IndustryTrendAnalysis - INFO - Preparing trend features...
2025-04-22 19:27:37,945 - IndustryTrendAnalysis - INFO - Preparing trend features...
2025-04-22 19:27:37,950 - IndustryTrendAnalysis - INFO - Preparing trend features...
2025-04-22 19:27:37,954 - IndustryTrendAnalysis - INFO - Preparing trend features...
2025-04-22 19:27:37,957 - IndustryTrendAnalysis - INFO - Preparing trend features...
2025-04-22 19:27:37,961 - IndustryTrendAnalysis - INFO - Preparing trend features...
2025-04-22 19:27:37,965 - IndustryTrendAnalysis - INFO - Preparing trend features...
2025-04-22 19:27:37,970 - IndustryTrendAnalysis - INFO - Preparing trend features...
2025-04-22 19:27:37,972 - IndustryTrendAnalysis - INFO - Preparing trend features...
2025-04-22 19:27:37,976 - IndustryTrendAnalysis - INFO - Preparing trend features...
2025-04-22 19:27:37,979 - IndustryTrendAnalysis - INFO - Preparing trend features...
2025-04-22 19:27:37,982 - IndustryTrendAnalysis - INFO - Preparing trend features...
2025-04-22 19:27:37,985 - IndustryTrendAnalysis - INFO - Preparing trend features...
2025-04-22 19:27:37,988 - IndustryTrendAnalysis - INFO - Preparing trend features...
2025-04-22 19:27:37,991 - IndustryTrendAnalysis - INFO - Preparing trend features...
2025-04-22 19:27:37,994 - IndustryTrendAnalysis - INFO - Preparing trend features...
2025-04-22 19:27:37,997 - IndustryTrendAnalysis - INFO - Preparing trend features...
2025-04-22 19:27:38,002 - IndustryTrendAnalysis - INFO - Preparing trend features...
2025-04-22 19:27:38,005 - IndustryTrendAnalysis - INFO - Preparing trend features...
2025-04-22 19:27:38,008 - IndustryTrendAnalysis - INFO - Preparing trend features...
2025-04-22 19:27:38,011 - IndustryTrendAnalysis - INFO - Preparing trend features...
2025-04-22 19:27:38,014 - IndustryTrendAnalysis - INFO - Preparing trend features...
2025-04-22 19:27:38,017 - IndustryTrendAnalysis - INFO - Preparing trend features...
2025-04-22 19:27:38,020 - IndustryTrendAnalysis - INFO - Preparing trend features...
2025-04-22 19:27:38,024 - IndustryTrendAnalysis - INFO - Preparing trend features...
2025-04-22 19:27:38,027 - IndustryTrendAnalysis - INFO - Preparing trend features...
2025-04-22 19:27:38,030 - IndustryTrendAnalysis - INFO - Preparing trend features...
2025-04-22 19:27:38,034 - IndustryTrendAnalysis - INFO - Preparing trend features...
2025-04-22 19:27:38,037 - IndustryTrendAnalysis - INFO - Preparing trend features...
2025-04-22 19:27:38,041 - IndustryTrendAnalysis - INFO - Preparing trend features...
2025-04-22 19:27:38,044 - IndustryTrendAnalysis - INFO - 
Industry Analysis Summary:
2025-04-22 19:27:38,044 - IndustryTrendAnalysis - INFO - Total Industries Analyzed: 103
2025-04-22 19:27:38,044 - IndustryTrendAnalysis - INFO - Emerging Industries Found: 0
2025-04-22 19:27:38,044 - IndustryTrendAnalysis - INFO - Saturated Industries Found: 0
2025-04-22 19:27:38,045 - IndustryTrendAnalysis - INFO - Industries with Forecasts: 103
2025-04-22 19:27:38,045 - IndustryTrendAnalysis - INFO - 
Top 5 Emerging Industries by Growth Score:
2025-04-22 19:27:38,045 - IndustryTrendAnalysis - INFO - 
Top 5 Saturated Industries by Concentration:
2025-04-22 19:27:38,045 - IndustryTrendAnalysis - INFO - Analyzing employee migration patterns...
2025-04-22 19:27:38,180 - IndustryTrendAnalysis - INFO - Employee migration analysis summary:
2025-04-22 19:27:38,181 - IndustryTrendAnalysis - INFO - Total industries analyzed: 102
2025-04-22 19:27:38,181 - IndustryTrendAnalysis - INFO - Growing industries: 16
2025-04-22 19:27:38,181 - IndustryTrendAnalysis - INFO - Shrinking industries: 16
2025-04-22 19:27:38,181 - IndustryTrendAnalysis - INFO - 
Top 5 fastest growing industries:
2025-04-22 19:27:38,181 - IndustryTrendAnalysis - INFO - Research: 50.00% growth rate
2025-04-22 19:27:38,181 - IndustryTrendAnalysis - INFO - Information Services: 50.00% growth rate
2025-04-22 19:27:38,181 - IndustryTrendAnalysis - INFO - Computer & Network Security: 50.00% growth rate
2025-04-22 19:27:38,181 - IndustryTrendAnalysis - INFO - Financial Services: 50.00% growth rate
2025-04-22 19:27:38,182 - IndustryTrendAnalysis - INFO - Environmental Services: 50.00% growth rate
2025-04-22 19:27:38,182 - IndustryTrendAnalysis - INFO - Generating industry trend report...
2025-04-22 19:27:38,347 - IndustryTrendAnalysis - INFO - Report saved to ./outputIndustryTrends/industry_trend_report.json
2025-04-22 19:27:38,347 - IndustryTrendAnalysis - INFO - Creating trend visualizations...
2025-04-22 19:27:38,562 - IndustryTrendAnalysis - ERROR - Error creating visualizations: 'values'
2025-04-22 19:28:37,497 - IndustryTrendAnalysis - INFO - Loaded 1103 records from fundraiser data
2025-04-22 19:28:37,498 - IndustryTrendAnalysis - INFO - Loaded 100 records from growthlist data
2025-04-22 19:28:37,580 - IndustryTrendAnalysis - INFO - Loaded 546 records from topstartup data
2025-04-22 19:28:37,677 - IndustryTrendAnalysis - WARNING - Removed 1 rows with invalid dates
2025-04-22 19:28:37,687 - IndustryTrendAnalysis - INFO - Cleaned data summary:
2025-04-22 19:28:37,688 - IndustryTrendAnalysis - INFO - Total companies: 1668
2025-04-22 19:28:37,688 - IndustryTrendAnalysis - INFO - Total funding rounds: 1747
2025-04-22 19:28:37,688 - IndustryTrendAnalysis - INFO - Date range: 1999-01-01 to 2025-03-01
2025-04-22 19:28:37,688 - IndustryTrendAnalysis - INFO - Total funding amount: $384,936,758,279.00
2025-04-22 19:28:38,011 - IndustryTrendAnalysis - INFO - Final dataset contains 1747 valid records
2025-04-22 19:28:38,011 - IndustryTrendAnalysis - INFO - Analyzing industry trends...
2025-04-22 19:28:38,011 - IndustryTrendAnalysis - INFO - Preparing trend features...
2025-04-22 19:28:38,012 - IndustryTrendAnalysis - INFO - Preparing trend features...
2025-04-22 19:28:38,019 - IndustryTrendAnalysis - INFO - Preparing trend features...
2025-04-22 19:28:38,039 - IndustryTrendAnalysis - INFO - Preparing trend features...
2025-04-22 19:28:38,045 - IndustryTrendAnalysis - INFO - Preparing trend features...
2025-04-22 19:28:38,051 - IndustryTrendAnalysis - INFO - Preparing trend features...
2025-04-22 19:28:38,056 - IndustryTrendAnalysis - INFO - Preparing trend features...
2025-04-22 19:28:38,075 - IndustryTrendAnalysis - INFO - Preparing trend features...
2025-04-22 19:28:38,080 - IndustryTrendAnalysis - INFO - Preparing trend features...
2025-04-22 19:28:38,087 - IndustryTrendAnalysis - INFO - Preparing trend features...
2025-04-22 19:28:38,091 - IndustryTrendAnalysis - INFO - Preparing trend features...
2025-04-22 19:28:38,099 - IndustryTrendAnalysis - INFO - Preparing trend features...
2025-04-22 19:28:38,104 - IndustryTrendAnalysis - INFO - Preparing trend features...
2025-04-22 19:28:38,107 - IndustryTrendAnalysis - INFO - Preparing trend features...
2025-04-22 19:28:38,114 - IndustryTrendAnalysis - INFO - Preparing trend features...
2025-04-22 19:28:38,118 - IndustryTrendAnalysis - INFO - Preparing trend features...
2025-04-22 19:28:38,121 - IndustryTrendAnalysis - INFO - Preparing trend features...
2025-04-22 19:28:38,125 - IndustryTrendAnalysis - INFO - Preparing trend features...
2025-04-22 19:28:38,128 - IndustryTrendAnalysis - INFO - Preparing trend features...
2025-04-22 19:28:38,133 - IndustryTrendAnalysis - INFO - Preparing trend features...
2025-04-22 19:28:38,137 - IndustryTrendAnalysis - INFO - Preparing trend features...
2025-04-22 19:28:38,142 - IndustryTrendAnalysis - INFO - Preparing trend features...
2025-04-22 19:28:38,146 - IndustryTrendAnalysis - INFO - Preparing trend features...
2025-04-22 19:28:38,150 - IndustryTrendAnalysis - INFO - Preparing trend features...
2025-04-22 19:28:38,154 - IndustryTrendAnalysis - INFO - Preparing trend features...
2025-04-22 19:28:38,158 - IndustryTrendAnalysis - INFO - Preparing trend features...
2025-04-22 19:28:38,162 - IndustryTrendAnalysis - INFO - Preparing trend features...
2025-04-22 19:28:38,166 - IndustryTrendAnalysis - INFO - Preparing trend features...
2025-04-22 19:28:38,170 - IndustryTrendAnalysis - INFO - Preparing trend features...
2025-04-22 19:28:38,173 - IndustryTrendAnalysis - INFO - Preparing trend features...
2025-04-22 19:28:38,177 - IndustryTrendAnalysis - INFO - Preparing trend features...
2025-04-22 19:28:38,179 - IndustryTrendAnalysis - INFO - Preparing trend features...
2025-04-22 19:28:38,184 - IndustryTrendAnalysis - INFO - Preparing trend features...
2025-04-22 19:28:38,188 - IndustryTrendAnalysis - INFO - Preparing trend features...
2025-04-22 19:28:38,191 - IndustryTrendAnalysis - INFO - Preparing trend features...
2025-04-22 19:28:38,194 - IndustryTrendAnalysis - INFO - Preparing trend features...
2025-04-22 19:28:38,197 - IndustryTrendAnalysis - INFO - Preparing trend features...
2025-04-22 19:28:38,202 - IndustryTrendAnalysis - INFO - Preparing trend features...
2025-04-22 19:28:38,204 - IndustryTrendAnalysis - INFO - Preparing trend features...
2025-04-22 19:28:38,208 - IndustryTrendAnalysis - INFO - Preparing trend features...
2025-04-22 19:28:38,212 - IndustryTrendAnalysis - INFO - Preparing trend features...
2025-04-22 19:28:38,216 - IndustryTrendAnalysis - INFO - Preparing trend features...
2025-04-22 19:28:38,220 - IndustryTrendAnalysis - INFO - Preparing trend features...
2025-04-22 19:28:38,224 - IndustryTrendAnalysis - INFO - Preparing trend features...
2025-04-22 19:28:38,227 - IndustryTrendAnalysis - INFO - Preparing trend features...
2025-04-22 19:28:38,231 - IndustryTrendAnalysis - INFO - Preparing trend features...
2025-04-22 19:28:38,235 - IndustryTrendAnalysis - INFO - Preparing trend features...
2025-04-22 19:28:38,238 - IndustryTrendAnalysis - INFO - Preparing trend features...
2025-04-22 19:28:38,242 - IndustryTrendAnalysis - INFO - Preparing trend features...
2025-04-22 19:28:38,245 - IndustryTrendAnalysis - INFO - Preparing trend features...
2025-04-22 19:28:38,248 - IndustryTrendAnalysis - INFO - Preparing trend features...
2025-04-22 19:28:38,253 - IndustryTrendAnalysis - INFO - Preparing trend features...
2025-04-22 19:28:38,256 - IndustryTrendAnalysis - INFO - Preparing trend features...
2025-04-22 19:28:38,259 - IndustryTrendAnalysis - INFO - Preparing trend features...
2025-04-22 19:28:38,262 - IndustryTrendAnalysis - INFO - Preparing trend features...
2025-04-22 19:28:38,265 - IndustryTrendAnalysis - INFO - Preparing trend features...
2025-04-22 19:28:38,269 - IndustryTrendAnalysis - INFO - Preparing trend features...
2025-04-22 19:28:38,271 - IndustryTrendAnalysis - INFO - Preparing trend features...
2025-04-22 19:28:38,274 - IndustryTrendAnalysis - INFO - Preparing trend features...
2025-04-22 19:28:38,278 - IndustryTrendAnalysis - INFO - Preparing trend features...
2025-04-22 19:28:38,282 - IndustryTrendAnalysis - INFO - Preparing trend features...
2025-04-22 19:28:38,286 - IndustryTrendAnalysis - INFO - Preparing trend features...
2025-04-22 19:28:38,288 - IndustryTrendAnalysis - INFO - Preparing trend features...
2025-04-22 19:28:38,291 - IndustryTrendAnalysis - INFO - Preparing trend features...
2025-04-22 19:28:38,294 - IndustryTrendAnalysis - INFO - Preparing trend features...
2025-04-22 19:28:38,298 - IndustryTrendAnalysis - INFO - Preparing trend features...
2025-04-22 19:28:38,300 - IndustryTrendAnalysis - INFO - Preparing trend features...
2025-04-22 19:28:38,304 - IndustryTrendAnalysis - INFO - Preparing trend features...
2025-04-22 19:28:38,306 - IndustryTrendAnalysis - INFO - Preparing trend features...
2025-04-22 19:28:38,309 - IndustryTrendAnalysis - INFO - Preparing trend features...
2025-04-22 19:28:38,312 - IndustryTrendAnalysis - INFO - Preparing trend features...
2025-04-22 19:28:38,316 - IndustryTrendAnalysis - INFO - Preparing trend features...
2025-04-22 19:28:38,319 - IndustryTrendAnalysis - INFO - Preparing trend features...
2025-04-22 19:28:38,322 - IndustryTrendAnalysis - INFO - Preparing trend features...
2025-04-22 19:28:38,325 - IndustryTrendAnalysis - INFO - Preparing trend features...
2025-04-22 19:28:38,330 - IndustryTrendAnalysis - INFO - Preparing trend features...
2025-04-22 19:28:38,333 - IndustryTrendAnalysis - INFO - Preparing trend features...
2025-04-22 19:28:38,335 - IndustryTrendAnalysis - INFO - Preparing trend features...
2025-04-22 19:28:38,338 - IndustryTrendAnalysis - INFO - Preparing trend features...
2025-04-22 19:28:38,341 - IndustryTrendAnalysis - INFO - Preparing trend features...
2025-04-22 19:28:38,344 - IndustryTrendAnalysis - INFO - Preparing trend features...
2025-04-22 19:28:38,346 - IndustryTrendAnalysis - INFO - Preparing trend features...
2025-04-22 19:28:38,348 - IndustryTrendAnalysis - INFO - Preparing trend features...
2025-04-22 19:28:38,351 - IndustryTrendAnalysis - INFO - Preparing trend features...
2025-04-22 19:28:38,354 - IndustryTrendAnalysis - INFO - Preparing trend features...
2025-04-22 19:28:38,356 - IndustryTrendAnalysis - INFO - Preparing trend features...
2025-04-22 19:28:38,358 - IndustryTrendAnalysis - INFO - Preparing trend features...
2025-04-22 19:28:38,361 - IndustryTrendAnalysis - INFO - Preparing trend features...
2025-04-22 19:28:38,365 - IndustryTrendAnalysis - INFO - Preparing trend features...
2025-04-22 19:28:38,369 - IndustryTrendAnalysis - INFO - Preparing trend features...
2025-04-22 19:28:38,372 - IndustryTrendAnalysis - INFO - Preparing trend features...
2025-04-22 19:28:38,375 - IndustryTrendAnalysis - INFO - Preparing trend features...
2025-04-22 19:28:38,379 - IndustryTrendAnalysis - INFO - Preparing trend features...
2025-04-22 19:28:38,383 - IndustryTrendAnalysis - INFO - Preparing trend features...
2025-04-22 19:28:38,386 - IndustryTrendAnalysis - INFO - Preparing trend features...
2025-04-22 19:28:38,389 - IndustryTrendAnalysis - INFO - Preparing trend features...
2025-04-22 19:28:38,392 - IndustryTrendAnalysis - INFO - Preparing trend features...
2025-04-22 19:28:38,395 - IndustryTrendAnalysis - INFO - Preparing trend features...
2025-04-22 19:28:38,399 - IndustryTrendAnalysis - INFO - Preparing trend features...
2025-04-22 19:28:38,402 - IndustryTrendAnalysis - INFO - Preparing trend features...
2025-04-22 19:28:38,405 - IndustryTrendAnalysis - INFO - Preparing trend features...
2025-04-22 19:28:38,408 - IndustryTrendAnalysis - INFO - Preparing trend features...
2025-04-22 19:28:38,411 - IndustryTrendAnalysis - INFO - Preparing trend features...
2025-04-22 19:28:38,414 - IndustryTrendAnalysis - INFO - 
Industry Analysis Summary:
2025-04-22 19:28:38,414 - IndustryTrendAnalysis - INFO - Total Industries Analyzed: 102
2025-04-22 19:28:38,414 - IndustryTrendAnalysis - INFO - Emerging Industries Found: 0
2025-04-22 19:28:38,415 - IndustryTrendAnalysis - INFO - Saturated Industries Found: 0
2025-04-22 19:28:38,415 - IndustryTrendAnalysis - INFO - Industries with Forecasts: 102
2025-04-22 19:28:38,415 - IndustryTrendAnalysis - INFO - 
Top 5 Emerging Industries by Growth Score:
2025-04-22 19:28:38,415 - IndustryTrendAnalysis - INFO - 
Top 5 Saturated Industries by Concentration:
2025-04-22 19:28:38,415 - IndustryTrendAnalysis - INFO - Analyzing employee migration patterns...
2025-04-22 19:28:38,555 - IndustryTrendAnalysis - INFO - Employee migration analysis summary:
2025-04-22 19:28:38,555 - IndustryTrendAnalysis - INFO - Total industries analyzed: 102
2025-04-22 19:28:38,555 - IndustryTrendAnalysis - INFO - Growing industries: 16
2025-04-22 19:28:38,555 - IndustryTrendAnalysis - INFO - Shrinking industries: 16
2025-04-22 19:28:38,555 - IndustryTrendAnalysis - INFO - 
Top 5 fastest growing industries:
2025-04-22 19:28:38,555 - IndustryTrendAnalysis - INFO - Research: 50.00% growth rate
2025-04-22 19:28:38,555 - IndustryTrendAnalysis - INFO - Information Services: 50.00% growth rate
2025-04-22 19:28:38,555 - IndustryTrendAnalysis - INFO - Computer & Network Security: 50.00% growth rate
2025-04-22 19:28:38,555 - IndustryTrendAnalysis - INFO - Financial Services: 50.00% growth rate
2025-04-22 19:28:38,555 - IndustryTrendAnalysis - INFO - Environmental Services: 50.00% growth rate
2025-04-22 19:28:38,555 - IndustryTrendAnalysis - INFO - Generating industry trend report...
2025-04-22 19:28:38,723 - IndustryTrendAnalysis - INFO - Report saved to ./outputIndustryTrends/industry_trend_report.json
2025-04-22 19:28:38,723 - IndustryTrendAnalysis - INFO - Creating trend visualizations...
2025-04-22 19:28:38,924 - IndustryTrendAnalysis - ERROR - Error creating visualizations: 'values'
2025-04-22 19:29:18,299 - IndustryTrendAnalysis - INFO - Loaded 1103 records from fundraiser data
2025-04-22 19:29:18,300 - IndustryTrendAnalysis - INFO - Loaded 100 records from growthlist data
2025-04-22 19:29:18,379 - IndustryTrendAnalysis - INFO - Loaded 546 records from topstartup data
2025-04-22 19:29:18,491 - IndustryTrendAnalysis - WARNING - Removed 1 rows with invalid dates
2025-04-22 19:29:18,504 - IndustryTrendAnalysis - INFO - Cleaned data summary:
2025-04-22 19:29:18,505 - IndustryTrendAnalysis - INFO - Total companies: 1668
2025-04-22 19:29:18,505 - IndustryTrendAnalysis - INFO - Total funding rounds: 1747
2025-04-22 19:29:18,505 - IndustryTrendAnalysis - INFO - Date range: 1999-01-01 to 2025-03-01
2025-04-22 19:29:18,505 - IndustryTrendAnalysis - INFO - Total funding amount: $384,936,758,279.00
2025-04-22 19:29:18,843 - IndustryTrendAnalysis - INFO - Final dataset contains 1747 valid records
2025-04-22 19:29:18,843 - IndustryTrendAnalysis - INFO - Analyzing industry trends...
2025-04-22 19:29:18,843 - IndustryTrendAnalysis - INFO - Preparing trend features...
2025-04-22 19:29:18,844 - IndustryTrendAnalysis - INFO - Preparing trend features...
2025-04-22 19:29:18,851 - IndustryTrendAnalysis - INFO - Preparing trend features...
2025-04-22 19:29:18,867 - IndustryTrendAnalysis - INFO - Preparing trend features...
2025-04-22 19:29:18,872 - IndustryTrendAnalysis - INFO - Preparing trend features...
2025-04-22 19:29:18,879 - IndustryTrendAnalysis - INFO - Preparing trend features...
2025-04-22 19:29:18,885 - IndustryTrendAnalysis - INFO - Preparing trend features...
2025-04-22 19:29:18,903 - IndustryTrendAnalysis - INFO - Preparing trend features...
2025-04-22 19:29:18,908 - IndustryTrendAnalysis - INFO - Preparing trend features...
2025-04-22 19:29:18,913 - IndustryTrendAnalysis - INFO - Preparing trend features...
2025-04-22 19:29:18,918 - IndustryTrendAnalysis - INFO - Preparing trend features...
2025-04-22 19:29:18,925 - IndustryTrendAnalysis - INFO - Preparing trend features...
2025-04-22 19:29:18,929 - IndustryTrendAnalysis - INFO - Preparing trend features...
2025-04-22 19:29:18,934 - IndustryTrendAnalysis - INFO - Preparing trend features...
2025-04-22 19:29:18,940 - IndustryTrendAnalysis - INFO - Preparing trend features...
2025-04-22 19:29:18,945 - IndustryTrendAnalysis - INFO - Preparing trend features...
2025-04-22 19:29:18,949 - IndustryTrendAnalysis - INFO - Preparing trend features...
2025-04-22 19:29:18,955 - IndustryTrendAnalysis - INFO - Preparing trend features...
2025-04-22 19:29:18,960 - IndustryTrendAnalysis - INFO - Preparing trend features...
2025-04-22 19:29:18,964 - IndustryTrendAnalysis - INFO - Preparing trend features...
2025-04-22 19:29:18,969 - IndustryTrendAnalysis - INFO - Preparing trend features...
2025-04-22 19:29:18,975 - IndustryTrendAnalysis - INFO - Preparing trend features...
2025-04-22 19:29:18,979 - IndustryTrendAnalysis - INFO - Preparing trend features...
2025-04-22 19:29:18,984 - IndustryTrendAnalysis - INFO - Preparing trend features...
2025-04-22 19:29:18,989 - IndustryTrendAnalysis - INFO - Preparing trend features...
2025-04-22 19:29:18,994 - IndustryTrendAnalysis - INFO - Preparing trend features...
2025-04-22 19:29:18,998 - IndustryTrendAnalysis - INFO - Preparing trend features...
2025-04-22 19:29:19,002 - IndustryTrendAnalysis - INFO - Preparing trend features...
2025-04-22 19:29:19,007 - IndustryTrendAnalysis - INFO - Preparing trend features...
2025-04-22 19:29:19,010 - IndustryTrendAnalysis - INFO - Preparing trend features...
2025-04-22 19:29:19,014 - IndustryTrendAnalysis - INFO - Preparing trend features...
2025-04-22 19:29:19,017 - IndustryTrendAnalysis - INFO - Preparing trend features...
2025-04-22 19:29:19,021 - IndustryTrendAnalysis - INFO - Preparing trend features...
2025-04-22 19:29:19,026 - IndustryTrendAnalysis - INFO - Preparing trend features...
2025-04-22 19:29:19,029 - IndustryTrendAnalysis - INFO - Preparing trend features...
2025-04-22 19:29:19,033 - IndustryTrendAnalysis - INFO - Preparing trend features...
2025-04-22 19:29:19,035 - IndustryTrendAnalysis - INFO - Preparing trend features...
2025-04-22 19:29:19,039 - IndustryTrendAnalysis - INFO - Preparing trend features...
2025-04-22 19:29:19,042 - IndustryTrendAnalysis - INFO - Preparing trend features...
2025-04-22 19:29:19,045 - IndustryTrendAnalysis - INFO - Preparing trend features...
2025-04-22 19:29:19,049 - IndustryTrendAnalysis - INFO - Preparing trend features...
2025-04-22 19:29:19,054 - IndustryTrendAnalysis - INFO - Preparing trend features...
2025-04-22 19:29:19,060 - IndustryTrendAnalysis - INFO - Preparing trend features...
2025-04-22 19:29:19,064 - IndustryTrendAnalysis - INFO - Preparing trend features...
2025-04-22 19:29:19,067 - IndustryTrendAnalysis - INFO - Preparing trend features...
2025-04-22 19:29:19,073 - IndustryTrendAnalysis - INFO - Preparing trend features...
2025-04-22 19:29:19,077 - IndustryTrendAnalysis - INFO - Preparing trend features...
2025-04-22 19:29:19,081 - IndustryTrendAnalysis - INFO - Preparing trend features...
2025-04-22 19:29:19,085 - IndustryTrendAnalysis - INFO - Preparing trend features...
2025-04-22 19:29:19,088 - IndustryTrendAnalysis - INFO - Preparing trend features...
2025-04-22 19:29:19,092 - IndustryTrendAnalysis - INFO - Preparing trend features...
2025-04-22 19:29:19,095 - IndustryTrendAnalysis - INFO - Preparing trend features...
2025-04-22 19:29:19,098 - IndustryTrendAnalysis - INFO - Preparing trend features...
2025-04-22 19:29:19,102 - IndustryTrendAnalysis - INFO - Preparing trend features...
2025-04-22 19:29:19,104 - IndustryTrendAnalysis - INFO - Preparing trend features...
2025-04-22 19:29:19,108 - IndustryTrendAnalysis - INFO - Preparing trend features...
2025-04-22 19:29:19,112 - IndustryTrendAnalysis - INFO - Preparing trend features...
2025-04-22 19:29:19,116 - IndustryTrendAnalysis - INFO - Preparing trend features...
2025-04-22 19:29:19,120 - IndustryTrendAnalysis - INFO - Preparing trend features...
2025-04-22 19:29:19,124 - IndustryTrendAnalysis - INFO - Preparing trend features...
2025-04-22 19:29:19,128 - IndustryTrendAnalysis - INFO - Preparing trend features...
2025-04-22 19:29:19,132 - IndustryTrendAnalysis - INFO - Preparing trend features...
2025-04-22 19:29:19,136 - IndustryTrendAnalysis - INFO - Preparing trend features...
2025-04-22 19:29:19,140 - IndustryTrendAnalysis - INFO - Preparing trend features...
2025-04-22 19:29:19,143 - IndustryTrendAnalysis - INFO - Preparing trend features...
2025-04-22 19:29:19,147 - IndustryTrendAnalysis - INFO - Preparing trend features...
2025-04-22 19:29:19,151 - IndustryTrendAnalysis - INFO - Preparing trend features...
2025-04-22 19:29:19,154 - IndustryTrendAnalysis - INFO - Preparing trend features...
2025-04-22 19:29:19,157 - IndustryTrendAnalysis - INFO - Preparing trend features...
2025-04-22 19:29:19,160 - IndustryTrendAnalysis - INFO - Preparing trend features...
2025-04-22 19:29:19,164 - IndustryTrendAnalysis - INFO - Preparing trend features...
2025-04-22 19:29:19,169 - IndustryTrendAnalysis - INFO - Preparing trend features...
2025-04-22 19:29:19,172 - IndustryTrendAnalysis - INFO - Preparing trend features...
2025-04-22 19:29:19,176 - IndustryTrendAnalysis - INFO - Preparing trend features...
2025-04-22 19:29:19,179 - IndustryTrendAnalysis - INFO - Preparing trend features...
2025-04-22 19:29:19,183 - IndustryTrendAnalysis - INFO - Preparing trend features...
2025-04-22 19:29:19,187 - IndustryTrendAnalysis - INFO - Preparing trend features...
2025-04-22 19:29:19,191 - IndustryTrendAnalysis - INFO - Preparing trend features...
2025-04-22 19:29:19,195 - IndustryTrendAnalysis - INFO - Preparing trend features...
2025-04-22 19:29:19,199 - IndustryTrendAnalysis - INFO - Preparing trend features...
2025-04-22 19:29:19,204 - IndustryTrendAnalysis - INFO - Preparing trend features...
2025-04-22 19:29:19,207 - IndustryTrendAnalysis - INFO - Preparing trend features...
2025-04-22 19:29:19,210 - IndustryTrendAnalysis - INFO - Preparing trend features...
2025-04-22 19:29:19,218 - IndustryTrendAnalysis - INFO - Preparing trend features...
2025-04-22 19:29:19,225 - IndustryTrendAnalysis - INFO - Preparing trend features...
2025-04-22 19:29:19,230 - IndustryTrendAnalysis - INFO - Preparing trend features...
2025-04-22 19:29:19,235 - IndustryTrendAnalysis - INFO - Preparing trend features...
2025-04-22 19:29:19,238 - IndustryTrendAnalysis - INFO - Preparing trend features...
2025-04-22 19:29:19,242 - IndustryTrendAnalysis - INFO - Preparing trend features...
2025-04-22 19:29:19,246 - IndustryTrendAnalysis - INFO - Preparing trend features...
2025-04-22 19:29:19,250 - IndustryTrendAnalysis - INFO - Preparing trend features...
2025-04-22 19:29:19,254 - IndustryTrendAnalysis - INFO - Preparing trend features...
2025-04-22 19:29:19,256 - IndustryTrendAnalysis - INFO - Preparing trend features...
2025-04-22 19:29:19,260 - IndustryTrendAnalysis - INFO - Preparing trend features...
2025-04-22 19:29:19,262 - IndustryTrendAnalysis - INFO - Preparing trend features...
2025-04-22 19:29:19,265 - IndustryTrendAnalysis - INFO - Preparing trend features...
2025-04-22 19:29:19,268 - IndustryTrendAnalysis - INFO - Preparing trend features...
2025-04-22 19:29:19,271 - IndustryTrendAnalysis - INFO - Preparing trend features...
2025-04-22 19:29:19,274 - IndustryTrendAnalysis - INFO - Preparing trend features...
2025-04-22 19:29:19,277 - IndustryTrendAnalysis - INFO - Preparing trend features...
2025-04-22 19:29:19,281 - IndustryTrendAnalysis - INFO - Preparing trend features...
2025-04-22 19:29:19,284 - IndustryTrendAnalysis - INFO - Preparing trend features...
2025-04-22 19:29:19,287 - IndustryTrendAnalysis - INFO - Preparing trend features...
2025-04-22 19:29:19,291 - IndustryTrendAnalysis - INFO - 
Industry Analysis Summary:
2025-04-22 19:29:19,291 - IndustryTrendAnalysis - INFO - Total Industries Analyzed: 102
2025-04-22 19:29:19,291 - IndustryTrendAnalysis - INFO - Emerging Industries Found: 0
2025-04-22 19:29:19,291 - IndustryTrendAnalysis - INFO - Saturated Industries Found: 0
2025-04-22 19:29:19,291 - IndustryTrendAnalysis - INFO - Industries with Forecasts: 102
2025-04-22 19:29:19,291 - IndustryTrendAnalysis - INFO - 
Top 5 Emerging Industries by Growth Score:
2025-04-22 19:29:19,291 - IndustryTrendAnalysis - INFO - 
Top 5 Saturated Industries by Concentration:
2025-04-22 19:29:19,291 - IndustryTrendAnalysis - INFO - Analyzing employee migration patterns...
2025-04-22 19:29:19,423 - IndustryTrendAnalysis - INFO - Employee migration analysis summary:
2025-04-22 19:29:19,423 - IndustryTrendAnalysis - INFO - Total industries analyzed: 102
2025-04-22 19:29:19,423 - IndustryTrendAnalysis - INFO - Growing industries: 16
2025-04-22 19:29:19,423 - IndustryTrendAnalysis - INFO - Shrinking industries: 16
2025-04-22 19:29:19,423 - IndustryTrendAnalysis - INFO - 
Top 5 fastest growing industries:
2025-04-22 19:29:19,423 - IndustryTrendAnalysis - INFO - Research: 50.00% growth rate
2025-04-22 19:29:19,423 - IndustryTrendAnalysis - INFO - Information Services: 50.00% growth rate
2025-04-22 19:29:19,423 - IndustryTrendAnalysis - INFO - Computer & Network Security: 50.00% growth rate
2025-04-22 19:29:19,423 - IndustryTrendAnalysis - INFO - Financial Services: 50.00% growth rate
2025-04-22 19:29:19,424 - IndustryTrendAnalysis - INFO - Environmental Services: 50.00% growth rate
2025-04-22 19:29:19,424 - IndustryTrendAnalysis - INFO - Generating industry trend report...
2025-04-22 19:29:19,587 - IndustryTrendAnalysis - INFO - Report saved to ./outputIndustryTrends/industry_trend_report.json
2025-04-22 19:29:19,588 - IndustryTrendAnalysis - INFO - Creating trend visualizations...
2025-04-22 19:29:19,785 - IndustryTrendAnalysis - ERROR - Error creating visualizations: 'values'
2025-04-22 19:32:31,433 - IndustryTrendAnalysis - INFO - Loaded 1103 records from fundraiser data
2025-04-22 19:32:31,434 - IndustryTrendAnalysis - INFO - Loaded 100 records from growthlist data
2025-04-22 19:32:31,521 - IndustryTrendAnalysis - INFO - Loaded 546 records from topstartup data
2025-04-22 19:32:31,619 - IndustryTrendAnalysis - WARNING - Removed 1 rows with invalid dates
2025-04-22 19:32:31,629 - IndustryTrendAnalysis - INFO - Cleaned data summary:
2025-04-22 19:32:31,629 - IndustryTrendAnalysis - INFO - Total companies: 1668
2025-04-22 19:32:31,629 - IndustryTrendAnalysis - INFO - Total funding rounds: 1747
2025-04-22 19:32:31,630 - IndustryTrendAnalysis - INFO - Date range: 1999-01-01 to 2025-03-01
2025-04-22 19:32:31,630 - IndustryTrendAnalysis - INFO - Total funding amount: $384,936,758,279.00
2025-04-22 19:32:31,960 - IndustryTrendAnalysis - INFO - Final dataset contains 1747 valid records
2025-04-22 19:32:31,961 - IndustryTrendAnalysis - INFO - Analyzing industry trends...
2025-04-22 19:32:31,964 - IndustryTrendAnalysis - ERROR - Error in trend analysis: indices are out-of-bounds
2025-04-22 19:32:46,987 - IndustryTrendAnalysis - INFO - Loaded 1103 records from fundraiser data
2025-04-22 19:32:46,988 - IndustryTrendAnalysis - INFO - Loaded 100 records from growthlist data
2025-04-22 19:32:47,033 - IndustryTrendAnalysis - INFO - Loaded 546 records from topstartup data
2025-04-22 19:32:47,133 - IndustryTrendAnalysis - WARNING - Removed 1 rows with invalid dates
2025-04-22 19:32:47,145 - IndustryTrendAnalysis - INFO - Cleaned data summary:
2025-04-22 19:32:47,145 - IndustryTrendAnalysis - INFO - Total companies: 1668
2025-04-22 19:32:47,146 - IndustryTrendAnalysis - INFO - Total funding rounds: 1747
2025-04-22 19:32:47,146 - IndustryTrendAnalysis - INFO - Date range: 1999-01-01 to 2025-03-01
2025-04-22 19:32:47,146 - IndustryTrendAnalysis - INFO - Total funding amount: $384,936,758,279.00
2025-04-22 19:32:47,478 - IndustryTrendAnalysis - INFO - Final dataset contains 1747 valid records
2025-04-22 19:32:47,479 - IndustryTrendAnalysis - INFO - Analyzing industry trends...
2025-04-22 19:32:47,482 - IndustryTrendAnalysis - ERROR - Error in trend analysis: indices are out-of-bounds
2025-04-22 19:33:50,007 - IndustryTrendAnalysis - INFO - Loaded 1103 records from fundraiser data
2025-04-22 19:33:50,008 - IndustryTrendAnalysis - INFO - Loaded 100 records from growthlist data
2025-04-22 19:33:50,112 - IndustryTrendAnalysis - INFO - Loaded 546 records from topstartup data
2025-04-22 19:33:50,232 - IndustryTrendAnalysis - WARNING - Removed 1 rows with invalid dates
2025-04-22 19:33:50,246 - IndustryTrendAnalysis - INFO - Cleaned data summary:
2025-04-22 19:33:50,247 - IndustryTrendAnalysis - INFO - Total companies: 1668
2025-04-22 19:33:50,247 - IndustryTrendAnalysis - INFO - Total funding rounds: 1747
2025-04-22 19:33:50,247 - IndustryTrendAnalysis - INFO - Date range: 1999-01-01 to 2025-03-01
2025-04-22 19:33:50,247 - IndustryTrendAnalysis - INFO - Total funding amount: $384,936,758,279.00
2025-04-22 19:33:50,633 - IndustryTrendAnalysis - INFO - Final dataset contains 1747 valid records
2025-04-22 19:33:50,634 - IndustryTrendAnalysis - INFO - Analyzing industry trends...
2025-04-22 19:33:50,643 - IndustryTrendAnalysis - ERROR - Error in trend analysis: Could not convert string '140' to numeric
2025-04-22 19:35:09,318 - IndustryTrendAnalysis - INFO - Loaded 1103 records from fundraiser data
2025-04-22 19:35:09,321 - IndustryTrendAnalysis - INFO - Loaded 100 records from growthlist data
2025-04-22 19:35:09,376 - IndustryTrendAnalysis - INFO - Loaded 546 records from topstartup data
2025-04-22 19:35:09,495 - IndustryTrendAnalysis - WARNING - Removed 1 rows with invalid dates
2025-04-22 19:35:09,508 - IndustryTrendAnalysis - INFO - Cleaned data summary:
2025-04-22 19:35:09,508 - IndustryTrendAnalysis - INFO - Total companies: 1668
2025-04-22 19:35:09,508 - IndustryTrendAnalysis - INFO - Total funding rounds: 1747
2025-04-22 19:35:09,509 - IndustryTrendAnalysis - INFO - Date range: 1999-01-01 to 2025-03-01
2025-04-22 19:35:09,509 - IndustryTrendAnalysis - INFO - Total funding amount: $384,936,758,279.00
2025-04-22 19:35:09,872 - IndustryTrendAnalysis - INFO - Final dataset contains 1747 valid records
2025-04-22 19:35:09,872 - IndustryTrendAnalysis - INFO - Analyzing industry trends...
2025-04-22 19:35:10,281 - IndustryTrendAnalysis - INFO - 
Industry Analysis Summary:
2025-04-22 19:35:10,281 - IndustryTrendAnalysis - INFO - Total Industries Analyzed: 102
2025-04-22 19:35:10,281 - IndustryTrendAnalysis - INFO - Emerging Industries Found: 4
2025-04-22 19:35:10,281 - IndustryTrendAnalysis - INFO - Saturated Industries Found: 0
2025-04-22 19:35:10,281 - IndustryTrendAnalysis - INFO - Industries with Forecasts: 102
2025-04-22 19:35:10,281 - IndustryTrendAnalysis - INFO - 
Top 5 Emerging Industries by Growth Score:
2025-04-22 19:35:10,281 - IndustryTrendAnalysis - INFO - Mechanical Or Industrial Engineering: Growth Score 0.78, YoY Growth 100.00%, Market Share 0.75%, Companies 3, Employee Growth 76.47%
2025-04-22 19:35:10,281 - IndustryTrendAnalysis - INFO - Retail: Growth Score 0.77, YoY Growth 64.00%, Market Share 0.14%, Companies 3, Employee Growth 71.88%
2025-04-22 19:35:10,281 - IndustryTrendAnalysis - INFO - Biotechnology: Growth Score 0.64, YoY Growth 100.00%, Market Share 0.12%, Companies 7, Employee Growth -12.35%
2025-04-22 19:35:10,281 - IndustryTrendAnalysis - INFO - E-Learning: Growth Score 0.22, YoY Growth 100.00%, Market Share 0.15%, Companies 6, Employee Growth -11.38%
2025-04-22 19:35:10,281 - IndustryTrendAnalysis - INFO - 
Top 5 Saturated Industries by Concentration:
2025-04-22 19:35:10,282 - IndustryTrendAnalysis - INFO - Analyzing employee migration patterns...
2025-04-22 19:35:10,393 - IndustryTrendAnalysis - INFO - Employee migration analysis summary:
2025-04-22 19:35:10,393 - IndustryTrendAnalysis - INFO - Total industries analyzed: 102
2025-04-22 19:35:10,393 - IndustryTrendAnalysis - INFO - Growing industries: 16
2025-04-22 19:35:10,393 - IndustryTrendAnalysis - INFO - Shrinking industries: 16
2025-04-22 19:35:10,393 - IndustryTrendAnalysis - INFO - 
Top 5 fastest growing industries:
2025-04-22 19:35:10,393 - IndustryTrendAnalysis - INFO - Research: 50.00% growth rate
2025-04-22 19:35:10,393 - IndustryTrendAnalysis - INFO - Information Services: 50.00% growth rate
2025-04-22 19:35:10,394 - IndustryTrendAnalysis - INFO - Computer & Network Security: 50.00% growth rate
2025-04-22 19:35:10,394 - IndustryTrendAnalysis - INFO - Financial Services: 50.00% growth rate
2025-04-22 19:35:10,394 - IndustryTrendAnalysis - INFO - Environmental Services: 50.00% growth rate
2025-04-22 19:35:10,394 - IndustryTrendAnalysis - INFO - Generating industry trend report...
2025-04-22 19:35:10,654 - IndustryTrendAnalysis - INFO - Report saved to ./outputIndustryTrends/industry_trend_report.json
2025-04-22 19:35:10,654 - IndustryTrendAnalysis - INFO - Creating trend visualizations...
2025-04-22 19:35:11,903 - IndustryTrendAnalysis - INFO - Trend visualizations created successfully
2025-04-22 19:37:19,481 - IndustryTrendAnalysis - INFO - Loaded 1103 records from fundraiser data
2025-04-22 19:37:19,482 - IndustryTrendAnalysis - INFO - Loaded 100 records from growthlist data
2025-04-22 19:37:19,521 - IndustryTrendAnalysis - INFO - Loaded 546 records from topstartup data
2025-04-22 19:37:19,626 - IndustryTrendAnalysis - WARNING - Removed 1 rows with invalid dates
2025-04-22 19:37:19,639 - IndustryTrendAnalysis - INFO - Cleaned data summary:
2025-04-22 19:37:19,639 - IndustryTrendAnalysis - INFO - Total companies: 1668
2025-04-22 19:37:19,639 - IndustryTrendAnalysis - INFO - Total funding rounds: 1747
2025-04-22 19:37:19,640 - IndustryTrendAnalysis - INFO - Date range: 1999-01-01 to 2025-03-01
2025-04-22 19:37:19,640 - IndustryTrendAnalysis - INFO - Total funding amount: $384,936,758,279.00
2025-04-22 19:37:19,950 - IndustryTrendAnalysis - INFO - Final dataset contains 1747 valid records
2025-04-22 19:37:19,951 - IndustryTrendAnalysis - INFO - Analyzing industry trends...
2025-04-22 19:37:20,499 - IndustryTrendAnalysis - INFO - 
Industry Analysis Summary:
2025-04-22 19:37:20,500 - IndustryTrendAnalysis - INFO - Total Industries Analyzed: 102
2025-04-22 19:37:20,500 - IndustryTrendAnalysis - INFO - Emerging Industries Found: 4
2025-04-22 19:37:20,500 - IndustryTrendAnalysis - INFO - Saturated Industries Found: 0
2025-04-22 19:37:20,500 - IndustryTrendAnalysis - INFO - Industries with Forecasts: 102
2025-04-22 19:37:20,500 - IndustryTrendAnalysis - INFO - 
Top 5 Emerging Industries by Growth Score:
2025-04-22 19:37:20,500 - IndustryTrendAnalysis - INFO - Mechanical Or Industrial Engineering: Growth Score 0.78, YoY Growth 100.00%, Market Share 0.75%, Companies 3, Employee Growth 76.47%
2025-04-22 19:37:20,500 - IndustryTrendAnalysis - INFO - Retail: Growth Score 0.77, YoY Growth 64.00%, Market Share 0.14%, Companies 3, Employee Growth 71.88%
2025-04-22 19:37:20,500 - IndustryTrendAnalysis - INFO - Biotechnology: Growth Score 0.64, YoY Growth 100.00%, Market Share 0.12%, Companies 7, Employee Growth -12.35%
2025-04-22 19:37:20,500 - IndustryTrendAnalysis - INFO - E-Learning: Growth Score 0.22, YoY Growth 100.00%, Market Share 0.15%, Companies 6, Employee Growth -11.38%
2025-04-22 19:37:20,500 - IndustryTrendAnalysis - INFO - 
Top 5 Saturated Industries by Concentration:
2025-04-22 19:37:20,501 - IndustryTrendAnalysis - INFO - Analyzing employee migration patterns...
2025-04-22 19:37:20,647 - IndustryTrendAnalysis - INFO - Employee migration analysis summary:
2025-04-22 19:37:20,647 - IndustryTrendAnalysis - INFO - Total industries analyzed: 102
2025-04-22 19:37:20,647 - IndustryTrendAnalysis - INFO - Growing industries: 16
2025-04-22 19:37:20,647 - IndustryTrendAnalysis - INFO - Shrinking industries: 16
2025-04-22 19:37:20,647 - IndustryTrendAnalysis - INFO - 
Top 5 fastest growing industries:
2025-04-22 19:37:20,647 - IndustryTrendAnalysis - INFO - Research: 50.00% growth rate
2025-04-22 19:37:20,648 - IndustryTrendAnalysis - INFO - Information Services: 50.00% growth rate
2025-04-22 19:37:20,648 - IndustryTrendAnalysis - INFO - Computer & Network Security: 50.00% growth rate
2025-04-22 19:37:20,648 - IndustryTrendAnalysis - INFO - Financial Services: 50.00% growth rate
2025-04-22 19:37:20,648 - IndustryTrendAnalysis - INFO - Environmental Services: 50.00% growth rate
2025-04-22 19:37:20,648 - IndustryTrendAnalysis - INFO - Generating industry trend report...
2025-04-22 19:37:20,918 - IndustryTrendAnalysis - INFO - Report saved to ./outputIndustryTrends/industry_trend_report.json
2025-04-22 19:37:20,918 - IndustryTrendAnalysis - INFO - Creating trend visualizations...
2025-04-22 19:37:22,095 - IndustryTrendAnalysis - INFO - Trend visualizations created successfully
2025-04-22 19:37:24,430 - IndustryTrendAnalysis - INFO - Loaded 1103 records from fundraiser data
2025-04-22 19:37:24,430 - IndustryTrendAnalysis - INFO - Loaded 100 records from growthlist data
2025-04-22 19:37:24,503 - IndustryTrendAnalysis - INFO - Loaded 546 records from topstartup data
2025-04-22 19:37:24,603 - IndustryTrendAnalysis - WARNING - Removed 1 rows with invalid dates
2025-04-22 19:37:24,617 - IndustryTrendAnalysis - INFO - Cleaned data summary:
2025-04-22 19:37:24,618 - IndustryTrendAnalysis - INFO - Total companies: 1668
2025-04-22 19:37:24,618 - IndustryTrendAnalysis - INFO - Total funding rounds: 1747
2025-04-22 19:37:24,618 - IndustryTrendAnalysis - INFO - Date range: 1999-01-01 to 2025-03-01
2025-04-22 19:37:24,618 - IndustryTrendAnalysis - INFO - Total funding amount: $384,936,758,279.00
2025-04-22 19:37:24,962 - IndustryTrendAnalysis - INFO - Final dataset contains 1747 valid records
2025-04-22 19:37:24,963 - IndustryTrendAnalysis - INFO - Analyzing industry trends...
2025-04-22 19:37:25,301 - IndustryTrendAnalysis - INFO - 
Industry Analysis Summary:
2025-04-22 19:37:25,301 - IndustryTrendAnalysis - INFO - Total Industries Analyzed: 102
2025-04-22 19:37:25,301 - IndustryTrendAnalysis - INFO - Emerging Industries Found: 4
2025-04-22 19:37:25,301 - IndustryTrendAnalysis - INFO - Saturated Industries Found: 0
2025-04-22 19:37:25,301 - IndustryTrendAnalysis - INFO - Industries with Forecasts: 102
2025-04-22 19:37:25,301 - IndustryTrendAnalysis - INFO - 
Top 5 Emerging Industries by Growth Score:
2025-04-22 19:37:25,301 - IndustryTrendAnalysis - INFO - Mechanical Or Industrial Engineering: Growth Score 0.78, YoY Growth 100.00%, Market Share 0.75%, Companies 3, Employee Growth 76.47%
2025-04-22 19:37:25,301 - IndustryTrendAnalysis - INFO - Retail: Growth Score 0.77, YoY Growth 64.00%, Market Share 0.14%, Companies 3, Employee Growth 71.88%
2025-04-22 19:37:25,302 - IndustryTrendAnalysis - INFO - Biotechnology: Growth Score 0.64, YoY Growth 100.00%, Market Share 0.12%, Companies 7, Employee Growth -12.35%
2025-04-22 19:37:25,302 - IndustryTrendAnalysis - INFO - E-Learning: Growth Score 0.22, YoY Growth 100.00%, Market Share 0.15%, Companies 6, Employee Growth -11.38%
2025-04-22 19:37:25,302 - IndustryTrendAnalysis - INFO - 
Top 5 Saturated Industries by Concentration:
2025-04-22 19:37:25,302 - IndustryTrendAnalysis - INFO - Analyzing employee migration patterns...
2025-04-22 19:37:25,402 - IndustryTrendAnalysis - INFO - Employee migration analysis summary:
2025-04-22 19:37:25,402 - IndustryTrendAnalysis - INFO - Total industries analyzed: 102
2025-04-22 19:37:25,402 - IndustryTrendAnalysis - INFO - Growing industries: 16
2025-04-22 19:37:25,402 - IndustryTrendAnalysis - INFO - Shrinking industries: 16
2025-04-22 19:37:25,402 - IndustryTrendAnalysis - INFO - 
Top 5 fastest growing industries:
2025-04-22 19:37:25,402 - IndustryTrendAnalysis - INFO - Research: 50.00% growth rate
2025-04-22 19:37:25,402 - IndustryTrendAnalysis - INFO - Information Services: 50.00% growth rate
2025-04-22 19:37:25,402 - IndustryTrendAnalysis - INFO - Computer & Network Security: 50.00% growth rate
2025-04-22 19:37:25,402 - IndustryTrendAnalysis - INFO - Financial Services: 50.00% growth rate
2025-04-22 19:37:25,402 - IndustryTrendAnalysis - INFO - Environmental Services: 50.00% growth rate
2025-04-22 19:37:25,402 - IndustryTrendAnalysis - INFO - Generating industry trend report...
2025-04-22 19:37:25,573 - IndustryTrendAnalysis - INFO - Report saved to ./outputIndustryTrends/industry_trend_report.json
2025-04-22 19:37:25,573 - IndustryTrendAnalysis - INFO - Creating trend visualizations...
2025-04-22 19:37:26,578 - IndustryTrendAnalysis - INFO - Trend visualizations created successfully
2025-04-22 19:38:07,393 - IndustryTrendAnalysis - INFO - Loaded 1103 records from fundraiser data
2025-04-22 19:38:07,394 - IndustryTrendAnalysis - INFO - Loaded 100 records from growthlist data
2025-04-22 19:38:07,469 - IndustryTrendAnalysis - INFO - Loaded 546 records from topstartup data
2025-04-22 19:38:07,563 - IndustryTrendAnalysis - WARNING - Removed 1 rows with invalid dates
2025-04-22 19:38:07,576 - IndustryTrendAnalysis - INFO - Cleaned data summary:
2025-04-22 19:38:07,576 - IndustryTrendAnalysis - INFO - Total companies: 1668
2025-04-22 19:38:07,577 - IndustryTrendAnalysis - INFO - Total funding rounds: 1747
2025-04-22 19:38:07,577 - IndustryTrendAnalysis - INFO - Date range: 1999-01-01 to 2025-03-01
2025-04-22 19:38:07,577 - IndustryTrendAnalysis - INFO - Total funding amount: $384,936,758,279.00
2025-04-22 19:38:07,882 - IndustryTrendAnalysis - INFO - Final dataset contains 1747 valid records
2025-04-22 19:38:07,882 - IndustryTrendAnalysis - INFO - Analyzing industry trends...
2025-04-22 19:38:08,419 - IndustryTrendAnalysis - INFO - 
Industry Analysis Summary:
2025-04-22 19:38:08,419 - IndustryTrendAnalysis - INFO - Total Industries Analyzed: 102
2025-04-22 19:38:08,419 - IndustryTrendAnalysis - INFO - Emerging Industries Found: 4
2025-04-22 19:38:08,419 - IndustryTrendAnalysis - INFO - Saturated Industries Found: 0
2025-04-22 19:38:08,419 - IndustryTrendAnalysis - INFO - Industries with Forecasts: 102
2025-04-22 19:38:08,419 - IndustryTrendAnalysis - INFO - 
Top 5 Emerging Industries by Growth Score:
2025-04-22 19:38:08,419 - IndustryTrendAnalysis - INFO - Mechanical Or Industrial Engineering: Growth Score 0.78, YoY Growth 100.00%, Market Share 0.75%, Companies 3, Employee Growth 76.47%
2025-04-22 19:38:08,420 - IndustryTrendAnalysis - INFO - Retail: Growth Score 0.77, YoY Growth 64.00%, Market Share 0.14%, Companies 3, Employee Growth 71.88%
2025-04-22 19:38:08,420 - IndustryTrendAnalysis - INFO - Biotechnology: Growth Score 0.64, YoY Growth 100.00%, Market Share 0.12%, Companies 7, Employee Growth -12.35%
2025-04-22 19:38:08,420 - IndustryTrendAnalysis - INFO - E-Learning: Growth Score 0.22, YoY Growth 100.00%, Market Share 0.15%, Companies 6, Employee Growth -11.38%
2025-04-22 19:38:08,420 - IndustryTrendAnalysis - INFO - 
Top 5 Saturated Industries by Concentration:
2025-04-22 19:38:08,420 - IndustryTrendAnalysis - INFO - Analyzing employee migration patterns...
2025-04-22 19:38:08,477 - IndustryTrendAnalysis - INFO - Employee migration analysis summary:
2025-04-22 19:38:08,477 - IndustryTrendAnalysis - INFO - Total industries analyzed: 47
2025-04-22 19:38:08,477 - IndustryTrendAnalysis - INFO - Growing industries: 11
2025-04-22 19:38:08,477 - IndustryTrendAnalysis - INFO - Shrinking industries: 10
2025-04-22 19:38:08,477 - IndustryTrendAnalysis - INFO - 
Top 5 fastest growing industries:
2025-04-22 19:38:08,477 - IndustryTrendAnalysis - INFO - Financial Services: 75.0% growth rate, Avg Employees: 137, Companies: 41
2025-04-22 19:38:08,477 - IndustryTrendAnalysis - INFO - Aviation & Aerospace: 75.0% growth rate, Avg Employees: 79, Companies: 7
2025-04-22 19:38:08,477 - IndustryTrendAnalysis - INFO - Legal Services: 75.0% growth rate, Avg Employees: 18, Companies: 4
2025-04-22 19:38:08,477 - IndustryTrendAnalysis - INFO - E-Learning: 72.2% growth rate, Avg Employees: 91, Companies: 6
2025-04-22 19:38:08,477 - IndustryTrendAnalysis - INFO - Health: 68.8% growth rate, Avg Employees: 65, Companies: 12
2025-04-22 19:38:08,477 - IndustryTrendAnalysis - INFO - 
Top 5 fastest shrinking industries:
2025-04-22 19:38:08,477 - IndustryTrendAnalysis - INFO - Electrical/Electronic Manufacturing: -63.5% growth rate, Avg Employees: 40, Companies: 7
2025-04-22 19:38:08,477 - IndustryTrendAnalysis - INFO - Nonprofit Organization Management: -64.9% growth rate, Avg Employees: 182, Companies: 10
2025-04-22 19:38:08,477 - IndustryTrendAnalysis - INFO - Real Estate: -75.0% growth rate, Avg Employees: 122, Companies: 3
2025-04-22 19:38:08,477 - IndustryTrendAnalysis - INFO - Semiconductors: -75.0% growth rate, Avg Employees: 124, Companies: 16
2025-04-22 19:38:08,477 - IndustryTrendAnalysis - INFO - Government Administration: -75.0% growth rate, Avg Employees: 232, Companies: 3
2025-04-22 19:38:08,478 - IndustryTrendAnalysis - INFO - Generating industry trend report...
2025-04-22 19:38:08,646 - IndustryTrendAnalysis - INFO - Report saved to ./outputIndustryTrends/industry_trend_report.json
2025-04-22 19:38:08,646 - IndustryTrendAnalysis - INFO - Creating trend visualizations...
2025-04-22 19:38:09,771 - IndustryTrendAnalysis - INFO - Trend visualizations created successfully
2025-04-22 19:38:50,751 - IndustryTrendAnalysis - INFO - Loaded 1103 records from fundraiser data
2025-04-22 19:38:50,752 - IndustryTrendAnalysis - INFO - Loaded 100 records from growthlist data
2025-04-22 19:38:50,795 - IndustryTrendAnalysis - INFO - Loaded 546 records from topstartup data
2025-04-22 19:38:50,889 - IndustryTrendAnalysis - WARNING - Removed 1 rows with invalid dates
2025-04-22 19:38:50,900 - IndustryTrendAnalysis - INFO - Cleaned data summary:
2025-04-22 19:38:50,901 - IndustryTrendAnalysis - INFO - Total companies: 1668
2025-04-22 19:38:50,901 - IndustryTrendAnalysis - INFO - Total funding rounds: 1747
2025-04-22 19:38:50,901 - IndustryTrendAnalysis - INFO - Date range: 1999-01-01 to 2025-03-01
2025-04-22 19:38:50,901 - IndustryTrendAnalysis - INFO - Total funding amount: $384,936,758,279.00
2025-04-22 19:38:51,223 - IndustryTrendAnalysis - INFO - Final dataset contains 1747 valid records
2025-04-22 19:38:51,223 - IndustryTrendAnalysis - INFO - Analyzing industry trends...
2025-04-22 19:38:51,522 - IndustryTrendAnalysis - INFO - 
Industry Analysis Summary:
2025-04-22 19:38:51,522 - IndustryTrendAnalysis - INFO - Total Industries Analyzed: 102
2025-04-22 19:38:51,522 - IndustryTrendAnalysis - INFO - Emerging Industries Found: 4
2025-04-22 19:38:51,522 - IndustryTrendAnalysis - INFO - Saturated Industries Found: 0
2025-04-22 19:38:51,522 - IndustryTrendAnalysis - INFO - Industries with Forecasts: 102
2025-04-22 19:38:51,522 - IndustryTrendAnalysis - INFO - 
Top 5 Emerging Industries by Growth Score:
2025-04-22 19:38:51,522 - IndustryTrendAnalysis - INFO - Mechanical Or Industrial Engineering: Growth Score 0.78, YoY Growth 100.00%, Market Share 0.75%, Companies 3, Employee Growth 76.47%
2025-04-22 19:38:51,522 - IndustryTrendAnalysis - INFO - Retail: Growth Score 0.77, YoY Growth 64.00%, Market Share 0.14%, Companies 3, Employee Growth 71.88%
2025-04-22 19:38:51,522 - IndustryTrendAnalysis - INFO - Biotechnology: Growth Score 0.64, YoY Growth 100.00%, Market Share 0.12%, Companies 7, Employee Growth -12.35%
2025-04-22 19:38:51,522 - IndustryTrendAnalysis - INFO - E-Learning: Growth Score 0.22, YoY Growth 100.00%, Market Share 0.15%, Companies 6, Employee Growth -11.38%
2025-04-22 19:38:51,522 - IndustryTrendAnalysis - INFO - 
Top 5 Saturated Industries by Concentration:
2025-04-22 19:38:51,523 - IndustryTrendAnalysis - INFO - Analyzing employee migration patterns...
2025-04-22 19:38:51,525 - IndustryTrendAnalysis - ERROR - Error analyzing employee migration: name 'industry_emp_changes' is not defined
2025-04-22 19:43:54,159 - IndustryTrendAnalysis - INFO - Loaded 1103 records from fundraiser data
2025-04-22 19:43:54,160 - IndustryTrendAnalysis - INFO - Loaded 100 records from growthlist data
2025-04-22 19:43:54,240 - IndustryTrendAnalysis - INFO - Loaded 546 records from topstartup data
2025-04-22 19:43:54,347 - IndustryTrendAnalysis - WARNING - Removed 1 rows with invalid dates
2025-04-22 19:43:54,358 - IndustryTrendAnalysis - INFO - Cleaned data summary:
2025-04-22 19:43:54,358 - IndustryTrendAnalysis - INFO - Total companies: 1668
2025-04-22 19:43:54,358 - IndustryTrendAnalysis - INFO - Total funding rounds: 1747
2025-04-22 19:43:54,358 - IndustryTrendAnalysis - INFO - Date range: 1999-01-01 to 2025-03-01
2025-04-22 19:43:54,359 - IndustryTrendAnalysis - INFO - Total funding amount: $384,936,758,279.00
2025-04-22 19:43:54,677 - IndustryTrendAnalysis - INFO - Final dataset contains 1747 valid records
2025-04-22 19:43:54,678 - IndustryTrendAnalysis - INFO - Analyzing industry trends...
2025-04-22 19:43:54,812 - IndustryTrendAnalysis - INFO - 
Industry Analysis Summary:
2025-04-22 19:43:54,812 - IndustryTrendAnalysis - INFO - Total Industries Analyzed: 31
2025-04-22 19:43:54,812 - IndustryTrendAnalysis - INFO - Emerging Industries Found: 0
2025-04-22 19:43:54,812 - IndustryTrendAnalysis - INFO - Saturated Industries Found: 16
2025-04-22 19:43:54,812 - IndustryTrendAnalysis - INFO - Industries with Forecasts: 31
2025-04-22 19:43:54,812 - IndustryTrendAnalysis - INFO - 
Top 5 Emerging Industries by Growth Score:
2025-04-22 19:43:54,812 - IndustryTrendAnalysis - INFO - 
Top 5 Saturated Industries by Maturity:
2025-04-22 19:43:54,812 - IndustryTrendAnalysis - INFO - Research: Maturity 6.90, Market Share 8.79%, Concentration 0.24, Funding Trend 100.00%
2025-04-22 19:43:54,812 - IndustryTrendAnalysis - INFO - Financial Services: Maturity 3.59, Market Share 3.19%, Concentration 0.19, Funding Trend 100.00%
2025-04-22 19:43:54,812 - IndustryTrendAnalysis - INFO - Computer & Network Security: Maturity 2.75, Market Share 1.66%, Concentration 0.07, Funding Trend -49.75%
2025-04-22 19:43:54,813 - IndustryTrendAnalysis - INFO - Hospital & Health Care: Maturity 2.25, Market Share 0.48%, Concentration 0.12, Funding Trend -50.00%
2025-04-22 19:43:54,813 - IndustryTrendAnalysis - INFO - Computer Hardware: Maturity 2.18, Market Share 1.23%, Concentration 0.20, Funding Trend 40.86%
2025-04-22 19:43:54,813 - IndustryTrendAnalysis - INFO - Analyzing employee migration patterns...
2025-04-22 19:43:54,819 - IndustryTrendAnalysis - ERROR - Error analyzing employee migration: 'sum'
2025-04-22 19:44:36,228 - IndustryTrendAnalysis - INFO - Loaded 1103 records from fundraiser data
2025-04-22 19:44:36,229 - IndustryTrendAnalysis - INFO - Loaded 100 records from growthlist data
2025-04-22 19:44:36,314 - IndustryTrendAnalysis - INFO - Loaded 546 records from topstartup data
2025-04-22 19:44:36,406 - IndustryTrendAnalysis - WARNING - Removed 1 rows with invalid dates
2025-04-22 19:44:36,416 - IndustryTrendAnalysis - INFO - Cleaned data summary:
2025-04-22 19:44:36,416 - IndustryTrendAnalysis - INFO - Total companies: 1668
2025-04-22 19:44:36,417 - IndustryTrendAnalysis - INFO - Total funding rounds: 1747
2025-04-22 19:44:36,417 - IndustryTrendAnalysis - INFO - Date range: 1999-01-01 to 2025-03-01
2025-04-22 19:44:36,417 - IndustryTrendAnalysis - INFO - Total funding amount: $384,936,758,279.00
2025-04-22 19:44:36,729 - IndustryTrendAnalysis - INFO - Final dataset contains 1747 valid records
2025-04-22 19:44:36,730 - IndustryTrendAnalysis - INFO - Analyzing industry trends...
2025-04-22 19:44:36,858 - IndustryTrendAnalysis - INFO - 
Industry Analysis Summary:
2025-04-22 19:44:36,858 - IndustryTrendAnalysis - INFO - Total Industries Analyzed: 31
2025-04-22 19:44:36,858 - IndustryTrendAnalysis - INFO - Emerging Industries Found: 0
2025-04-22 19:44:36,858 - IndustryTrendAnalysis - INFO - Saturated Industries Found: 16
2025-04-22 19:44:36,858 - IndustryTrendAnalysis - INFO - Industries with Forecasts: 31
2025-04-22 19:44:36,858 - IndustryTrendAnalysis - INFO - 
Top 5 Emerging Industries by Growth Score:
2025-04-22 19:44:36,858 - IndustryTrendAnalysis - INFO - 
Top 5 Saturated Industries by Maturity:
2025-04-22 19:44:36,858 - IndustryTrendAnalysis - INFO - Research: Maturity 6.90, Market Share 8.79%, Concentration 0.24, Funding Trend 100.00%
2025-04-22 19:44:36,858 - IndustryTrendAnalysis - INFO - Financial Services: Maturity 3.59, Market Share 3.19%, Concentration 0.19, Funding Trend 100.00%
2025-04-22 19:44:36,859 - IndustryTrendAnalysis - INFO - Computer & Network Security: Maturity 2.75, Market Share 1.66%, Concentration 0.07, Funding Trend -49.75%
2025-04-22 19:44:36,859 - IndustryTrendAnalysis - INFO - Hospital & Health Care: Maturity 2.25, Market Share 0.48%, Concentration 0.12, Funding Trend -50.00%
2025-04-22 19:44:36,859 - IndustryTrendAnalysis - INFO - Computer Hardware: Maturity 2.18, Market Share 1.23%, Concentration 0.20, Funding Trend 40.86%
2025-04-22 19:44:36,859 - IndustryTrendAnalysis - INFO - Analyzing employee migration patterns...
2025-04-22 19:44:36,916 - IndustryTrendAnalysis - INFO - Employee migration analysis summary:
2025-04-22 19:44:36,916 - IndustryTrendAnalysis - INFO - Total industries analyzed: 47
2025-04-22 19:44:36,916 - IndustryTrendAnalysis - INFO - Growing industries: 11
2025-04-22 19:44:36,916 - IndustryTrendAnalysis - INFO - Shrinking industries: 10
2025-04-22 19:44:36,916 - IndustryTrendAnalysis - INFO - 
Top 5 fastest growing industries:
2025-04-22 19:44:36,917 - IndustryTrendAnalysis - INFO - Financial Services: 75.0% growth rate, Avg Employees: 137, Companies: 41
2025-04-22 19:44:36,917 - IndustryTrendAnalysis - INFO - Aviation & Aerospace: 75.0% growth rate, Avg Employees: 79, Companies: 7
2025-04-22 19:44:36,917 - IndustryTrendAnalysis - INFO - Legal Services: 75.0% growth rate, Avg Employees: 18, Companies: 4
2025-04-22 19:44:36,917 - IndustryTrendAnalysis - INFO - E-Learning: 72.2% growth rate, Avg Employees: 91, Companies: 6
2025-04-22 19:44:36,917 - IndustryTrendAnalysis - INFO - Health: 68.8% growth rate, Avg Employees: 65, Companies: 12
2025-04-22 19:44:36,917 - IndustryTrendAnalysis - INFO - 
Top 5 fastest shrinking industries:
2025-04-22 19:44:36,917 - IndustryTrendAnalysis - INFO - Electrical/Electronic Manufacturing: -63.5% growth rate, Avg Employees: 40, Companies: 7
2025-04-22 19:44:36,917 - IndustryTrendAnalysis - INFO - Nonprofit Organization Management: -64.9% growth rate, Avg Employees: 182, Companies: 10
2025-04-22 19:44:36,917 - IndustryTrendAnalysis - INFO - Real Estate: -75.0% growth rate, Avg Employees: 122, Companies: 3
2025-04-22 19:44:36,917 - IndustryTrendAnalysis - INFO - Semiconductors: -75.0% growth rate, Avg Employees: 124, Companies: 16
2025-04-22 19:44:36,917 - IndustryTrendAnalysis - INFO - Government Administration: -75.0% growth rate, Avg Employees: 232, Companies: 3
2025-04-22 19:44:36,917 - IndustryTrendAnalysis - INFO - Generating industry trend report...
2025-04-22 19:44:36,984 - IndustryTrendAnalysis - INFO - Report saved to ./outputIndustryTrends/industry_trend_report.json
2025-04-22 19:44:36,984 - IndustryTrendAnalysis - INFO - Creating trend visualizations...
2025-04-22 19:44:37,680 - IndustryTrendAnalysis - INFO - Trend visualizations created successfully
2025-04-22 19:50:42,413 - IndustryTrendAnalysis - INFO - Loaded 1103 records from fundraiser data
2025-04-22 19:50:42,415 - IndustryTrendAnalysis - INFO - Loaded 100 records from growthlist data
2025-04-22 19:50:42,506 - IndustryTrendAnalysis - INFO - Loaded 546 records from topstartup data
2025-04-22 19:50:42,607 - IndustryTrendAnalysis - WARNING - Removed 1 rows with invalid dates
2025-04-22 19:50:42,618 - IndustryTrendAnalysis - INFO - Cleaned data summary:
2025-04-22 19:50:42,619 - IndustryTrendAnalysis - INFO - Total companies: 1668
2025-04-22 19:50:42,619 - IndustryTrendAnalysis - INFO - Total funding rounds: 1747
2025-04-22 19:50:42,619 - IndustryTrendAnalysis - INFO - Date range: 1999-01-01 to 2025-03-01
2025-04-22 19:50:42,619 - IndustryTrendAnalysis - INFO - Total funding amount: $384,936,758,279.00
2025-04-22 19:50:42,954 - IndustryTrendAnalysis - INFO - Final dataset contains 1747 valid records
2025-04-22 19:50:42,954 - IndustryTrendAnalysis - INFO - Analyzing industry trends...
2025-04-22 19:50:43,099 - IndustryTrendAnalysis - INFO - 
Industry Analysis Summary:
2025-04-22 19:50:43,099 - IndustryTrendAnalysis - INFO - Total Industries Analyzed: 31
2025-04-22 19:50:43,099 - IndustryTrendAnalysis - INFO - Emerging Industries Found: 0
2025-04-22 19:50:43,099 - IndustryTrendAnalysis - INFO - Saturated Industries Found: 16
2025-04-22 19:50:43,099 - IndustryTrendAnalysis - INFO - Industries with Forecasts: 31
2025-04-22 19:50:43,099 - IndustryTrendAnalysis - INFO - 
Top 5 Emerging Industries by Growth Score:
2025-04-22 19:50:43,099 - IndustryTrendAnalysis - INFO - 
Top 5 Saturated Industries by Maturity:
2025-04-22 19:50:43,099 - IndustryTrendAnalysis - INFO - Research: Maturity 6.90, Market Share 8.79%, Concentration 0.24, Funding Trend 100.00%
2025-04-22 19:50:43,099 - IndustryTrendAnalysis - INFO - Financial Services: Maturity 3.59, Market Share 3.19%, Concentration 0.19, Funding Trend 100.00%
2025-04-22 19:50:43,099 - IndustryTrendAnalysis - INFO - Computer & Network Security: Maturity 2.75, Market Share 1.66%, Concentration 0.07, Funding Trend -49.75%
2025-04-22 19:50:43,099 - IndustryTrendAnalysis - INFO - Hospital & Health Care: Maturity 2.25, Market Share 0.48%, Concentration 0.12, Funding Trend -50.00%
2025-04-22 19:50:43,099 - IndustryTrendAnalysis - INFO - Computer Hardware: Maturity 2.18, Market Share 1.23%, Concentration 0.20, Funding Trend 40.86%
2025-04-22 19:50:43,100 - IndustryTrendAnalysis - INFO - Analyzing employee migration patterns...
2025-04-22 19:50:43,152 - IndustryTrendAnalysis - INFO - Employee migration analysis summary:
2025-04-22 19:50:43,152 - IndustryTrendAnalysis - INFO - Total industries analyzed: 47
2025-04-22 19:50:43,152 - IndustryTrendAnalysis - INFO - Growing industries: 11
2025-04-22 19:50:43,152 - IndustryTrendAnalysis - INFO - Shrinking industries: 10
2025-04-22 19:50:43,152 - IndustryTrendAnalysis - INFO - 
Top 5 fastest growing industries:
2025-04-22 19:50:43,152 - IndustryTrendAnalysis - INFO - Financial Services: 75.0% growth rate, Avg Employees: 137, Companies: 41
2025-04-22 19:50:43,152 - IndustryTrendAnalysis - INFO - Aviation & Aerospace: 75.0% growth rate, Avg Employees: 79, Companies: 7
2025-04-22 19:50:43,152 - IndustryTrendAnalysis - INFO - Legal Services: 75.0% growth rate, Avg Employees: 18, Companies: 4
2025-04-22 19:50:43,152 - IndustryTrendAnalysis - INFO - E-Learning: 72.2% growth rate, Avg Employees: 91, Companies: 6
2025-04-22 19:50:43,153 - IndustryTrendAnalysis - INFO - Health: 68.8% growth rate, Avg Employees: 65, Companies: 12
2025-04-22 19:50:43,153 - IndustryTrendAnalysis - INFO - 
Top 5 fastest shrinking industries:
2025-04-22 19:50:43,153 - IndustryTrendAnalysis - INFO - Electrical/Electronic Manufacturing: -63.5% growth rate, Avg Employees: 40, Companies: 7
2025-04-22 19:50:43,153 - IndustryTrendAnalysis - INFO - Nonprofit Organization Management: -64.9% growth rate, Avg Employees: 182, Companies: 10
2025-04-22 19:50:43,153 - IndustryTrendAnalysis - INFO - Real Estate: -75.0% growth rate, Avg Employees: 122, Companies: 3
2025-04-22 19:50:43,153 - IndustryTrendAnalysis - INFO - Semiconductors: -75.0% growth rate, Avg Employees: 124, Companies: 16
2025-04-22 19:50:43,153 - IndustryTrendAnalysis - INFO - Government Administration: -75.0% growth rate, Avg Employees: 232, Companies: 3
2025-04-22 19:50:43,153 - IndustryTrendAnalysis - INFO - Generating industry trend report...
2025-04-22 19:50:43,209 - IndustryTrendAnalysis - INFO - Report saved to ./outputIndustryTrends/industry_trend_report.json
2025-04-22 19:50:43,209 - IndustryTrendAnalysis - INFO - Creating trend visualizations...
2025-04-22 19:50:43,988 - IndustryTrendAnalysis - INFO - Trend visualizations created successfully
2025-04-22 19:57:21,777 - IndustryTrendAnalysis - INFO - Loaded 1103 records from fundraiser data
2025-04-22 19:57:21,778 - IndustryTrendAnalysis - INFO - Loaded 100 records from growthlist data
2025-04-22 19:57:21,865 - IndustryTrendAnalysis - INFO - Loaded 546 records from topstartup data
2025-04-22 19:57:21,971 - IndustryTrendAnalysis - WARNING - Removed 1 rows with invalid dates
2025-04-22 19:57:21,986 - IndustryTrendAnalysis - INFO - Cleaned data summary:
2025-04-22 19:57:21,986 - IndustryTrendAnalysis - INFO - Total companies: 1668
2025-04-22 19:57:21,986 - IndustryTrendAnalysis - INFO - Total funding rounds: 1747
2025-04-22 19:57:21,987 - IndustryTrendAnalysis - INFO - Date range: 1999-01-01 to 2025-03-01
2025-04-22 19:57:21,987 - IndustryTrendAnalysis - INFO - Total funding amount: $384,936,758,279.00
2025-04-22 19:57:22,321 - IndustryTrendAnalysis - INFO - Final dataset contains 1747 valid records
2025-04-22 19:57:22,322 - IndustryTrendAnalysis - INFO - Analyzing industry trends...
2025-04-22 19:57:22,452 - IndustryTrendAnalysis - INFO - 
Industry Analysis Summary:
2025-04-22 19:57:22,452 - IndustryTrendAnalysis - INFO - Total Industries Analyzed: 31
2025-04-22 19:57:22,452 - IndustryTrendAnalysis - INFO - Emerging Industries Found: 1
2025-04-22 19:57:22,452 - IndustryTrendAnalysis - INFO - Saturated Industries Found: 7
2025-04-22 19:57:22,452 - IndustryTrendAnalysis - INFO - Industries with Forecasts: 31
2025-04-22 19:57:22,452 - IndustryTrendAnalysis - INFO - 
Top 5 Emerging Industries by Growth Score:
2025-04-22 19:57:22,452 - IndustryTrendAnalysis - INFO - Biotechnology: Growth Score 0.79, Growth Rate 150.0%, Market Share 0.12%, Companies 7, Employee Growth -12.3%
2025-04-22 19:57:22,452 - IndustryTrendAnalysis - INFO - 
Top 5 Saturated Industries by Maturity:
2025-04-22 19:57:22,452 - IndustryTrendAnalysis - INFO - Research: Maturity 7.14, Market Share 8.79%, Concentration 0.24, Growth Rate 113.1%
2025-04-22 19:57:22,452 - IndustryTrendAnalysis - INFO - Financial Services: Maturity 3.68, Market Share 3.19%, Concentration 0.19, Growth Rate 150.0%
2025-04-22 19:57:22,452 - IndustryTrendAnalysis - INFO - Computer & Network Security: Maturity 2.79, Market Share 1.66%, Concentration 0.07, Growth Rate -49.8%
2025-04-22 19:57:22,452 - IndustryTrendAnalysis - INFO - Hospital & Health Care: Maturity 2.26, Market Share 0.48%, Concentration 0.12, Growth Rate -50.4%
2025-04-22 19:57:22,452 - IndustryTrendAnalysis - INFO - Computer Hardware: Maturity 2.21, Market Share 1.23%, Concentration 0.20, Growth Rate 40.9%
2025-04-22 19:57:22,452 - IndustryTrendAnalysis - INFO - Analyzing employee migration patterns...
2025-04-22 19:57:22,506 - IndustryTrendAnalysis - INFO - Employee migration analysis summary:
2025-04-22 19:57:22,506 - IndustryTrendAnalysis - INFO - Total industries analyzed: 47
2025-04-22 19:57:22,506 - IndustryTrendAnalysis - INFO - Growing industries: 11
2025-04-22 19:57:22,506 - IndustryTrendAnalysis - INFO - Shrinking industries: 10
2025-04-22 19:57:22,506 - IndustryTrendAnalysis - INFO - 
Top 5 fastest growing industries:
2025-04-22 19:57:22,506 - IndustryTrendAnalysis - INFO - Financial Services: 75.0% growth rate, Avg Employees: 137, Companies: 41
2025-04-22 19:57:22,506 - IndustryTrendAnalysis - INFO - Aviation & Aerospace: 75.0% growth rate, Avg Employees: 79, Companies: 7
2025-04-22 19:57:22,506 - IndustryTrendAnalysis - INFO - Legal Services: 75.0% growth rate, Avg Employees: 18, Companies: 4
2025-04-22 19:57:22,507 - IndustryTrendAnalysis - INFO - E-Learning: 72.2% growth rate, Avg Employees: 91, Companies: 6
2025-04-22 19:57:22,507 - IndustryTrendAnalysis - INFO - Health: 68.8% growth rate, Avg Employees: 65, Companies: 12
2025-04-22 19:57:22,507 - IndustryTrendAnalysis - INFO - 
Top 5 fastest shrinking industries:
2025-04-22 19:57:22,507 - IndustryTrendAnalysis - INFO - Electrical/Electronic Manufacturing: -63.5% growth rate, Avg Employees: 40, Companies: 7
2025-04-22 19:57:22,507 - IndustryTrendAnalysis - INFO - Nonprofit Organization Management: -64.9% growth rate, Avg Employees: 182, Companies: 10
2025-04-22 19:57:22,507 - IndustryTrendAnalysis - INFO - Real Estate: -75.0% growth rate, Avg Employees: 122, Companies: 3
2025-04-22 19:57:22,507 - IndustryTrendAnalysis - INFO - Semiconductors: -75.0% growth rate, Avg Employees: 124, Companies: 16
2025-04-22 19:57:22,507 - IndustryTrendAnalysis - INFO - Government Administration: -75.0% growth rate, Avg Employees: 232, Companies: 3
2025-04-22 19:57:22,507 - IndustryTrendAnalysis - INFO - Generating industry trend report...
2025-04-22 19:57:22,569 - IndustryTrendAnalysis - INFO - Report saved to ./outputIndustryTrends/industry_trend_report.json
2025-04-22 19:57:22,569 - IndustryTrendAnalysis - INFO - Creating trend visualizations...
2025-04-22 19:57:23,890 - IndustryTrendAnalysis - INFO - Trend visualizations created successfully
2025-04-22 19:57:45,593 - IndustryTrendAnalysis - INFO - Loaded 1103 records from fundraiser data
2025-04-22 19:57:45,594 - IndustryTrendAnalysis - INFO - Loaded 100 records from growthlist data
2025-04-22 19:57:45,690 - IndustryTrendAnalysis - INFO - Loaded 546 records from topstartup data
2025-04-22 19:57:45,793 - IndustryTrendAnalysis - WARNING - Removed 1 rows with invalid dates
2025-04-22 19:57:45,806 - IndustryTrendAnalysis - INFO - Cleaned data summary:
2025-04-22 19:57:45,807 - IndustryTrendAnalysis - INFO - Total companies: 1668
2025-04-22 19:57:45,807 - IndustryTrendAnalysis - INFO - Total funding rounds: 1747
2025-04-22 19:57:45,807 - IndustryTrendAnalysis - INFO - Date range: 1999-01-01 to 2025-03-01
2025-04-22 19:57:45,808 - IndustryTrendAnalysis - INFO - Total funding amount: $384,936,758,279.00
2025-04-22 19:57:46,114 - IndustryTrendAnalysis - INFO - Final dataset contains 1747 valid records
2025-04-22 19:57:46,114 - IndustryTrendAnalysis - INFO - Analyzing industry trends...
2025-04-22 19:57:46,239 - IndustryTrendAnalysis - INFO - 
Industry Analysis Summary:
2025-04-22 19:57:46,239 - IndustryTrendAnalysis - INFO - Total Industries Analyzed: 31
2025-04-22 19:57:46,239 - IndustryTrendAnalysis - INFO - Emerging Industries Found: 1
2025-04-22 19:57:46,239 - IndustryTrendAnalysis - INFO - Saturated Industries Found: 7
2025-04-22 19:57:46,239 - IndustryTrendAnalysis - INFO - Industries with Forecasts: 31
2025-04-22 19:57:46,239 - IndustryTrendAnalysis - INFO - 
Top 5 Emerging Industries by Growth Score:
2025-04-22 19:57:46,239 - IndustryTrendAnalysis - INFO - Biotechnology: Growth Score 0.79, Growth Rate 150.0%, Market Share 0.12%, Companies 7, Employee Growth -12.3%
2025-04-22 19:57:46,239 - IndustryTrendAnalysis - INFO - 
Top 5 Saturated Industries by Maturity:
2025-04-22 19:57:46,239 - IndustryTrendAnalysis - INFO - Research: Maturity 7.14, Market Share 8.79%, Concentration 0.24, Growth Rate 113.1%
2025-04-22 19:57:46,239 - IndustryTrendAnalysis - INFO - Financial Services: Maturity 3.68, Market Share 3.19%, Concentration 0.19, Growth Rate 150.0%
2025-04-22 19:57:46,239 - IndustryTrendAnalysis - INFO - Computer & Network Security: Maturity 2.79, Market Share 1.66%, Concentration 0.07, Growth Rate -49.8%
2025-04-22 19:57:46,239 - IndustryTrendAnalysis - INFO - Hospital & Health Care: Maturity 2.26, Market Share 0.48%, Concentration 0.12, Growth Rate -50.4%
2025-04-22 19:57:46,239 - IndustryTrendAnalysis - INFO - Computer Hardware: Maturity 2.21, Market Share 1.23%, Concentration 0.20, Growth Rate 40.9%
2025-04-22 19:57:46,240 - IndustryTrendAnalysis - INFO - Analyzing employee migration patterns...
2025-04-22 19:57:46,293 - IndustryTrendAnalysis - INFO - Employee migration analysis summary:
2025-04-22 19:57:46,294 - IndustryTrendAnalysis - INFO - Total industries analyzed: 47
2025-04-22 19:57:46,294 - IndustryTrendAnalysis - INFO - Growing industries: 11
2025-04-22 19:57:46,294 - IndustryTrendAnalysis - INFO - Shrinking industries: 10
2025-04-22 19:57:46,294 - IndustryTrendAnalysis - INFO - 
Top 5 fastest growing industries:
2025-04-22 19:57:46,294 - IndustryTrendAnalysis - INFO - Financial Services: 75.0% growth rate, Avg Employees: 137, Companies: 41
2025-04-22 19:57:46,294 - IndustryTrendAnalysis - INFO - Aviation & Aerospace: 75.0% growth rate, Avg Employees: 79, Companies: 7
2025-04-22 19:57:46,294 - IndustryTrendAnalysis - INFO - Legal Services: 75.0% growth rate, Avg Employees: 18, Companies: 4
2025-04-22 19:57:46,294 - IndustryTrendAnalysis - INFO - E-Learning: 72.2% growth rate, Avg Employees: 91, Companies: 6
2025-04-22 19:57:46,294 - IndustryTrendAnalysis - INFO - Health: 68.8% growth rate, Avg Employees: 65, Companies: 12
2025-04-22 19:57:46,294 - IndustryTrendAnalysis - INFO - 
Top 5 fastest shrinking industries:
2025-04-22 19:57:46,294 - IndustryTrendAnalysis - INFO - Electrical/Electronic Manufacturing: -63.5% growth rate, Avg Employees: 40, Companies: 7
2025-04-22 19:57:46,294 - IndustryTrendAnalysis - INFO - Nonprofit Organization Management: -64.9% growth rate, Avg Employees: 182, Companies: 10
2025-04-22 19:57:46,294 - IndustryTrendAnalysis - INFO - Real Estate: -75.0% growth rate, Avg Employees: 122, Companies: 3
2025-04-22 19:57:46,294 - IndustryTrendAnalysis - INFO - Semiconductors: -75.0% growth rate, Avg Employees: 124, Companies: 16
2025-04-22 19:57:46,294 - IndustryTrendAnalysis - INFO - Government Administration: -75.0% growth rate, Avg Employees: 232, Companies: 3
2025-04-22 19:57:46,294 - IndustryTrendAnalysis - INFO - Generating industry trend report...
2025-04-22 19:57:46,358 - IndustryTrendAnalysis - INFO - Report saved to ./outputIndustryTrends/industry_trend_report.json
2025-04-22 19:57:46,358 - IndustryTrendAnalysis - INFO - Creating trend visualizations...
2025-04-22 19:57:47,644 - IndustryTrendAnalysis - INFO - Trend visualizations created successfully
2025-04-22 19:57:49,627 - IndustryTrendAnalysis - INFO - Loaded 1103 records from fundraiser data
2025-04-22 19:57:49,628 - IndustryTrendAnalysis - INFO - Loaded 100 records from growthlist data
2025-04-22 19:57:49,704 - IndustryTrendAnalysis - INFO - Loaded 546 records from topstartup data
2025-04-22 19:57:49,795 - IndustryTrendAnalysis - WARNING - Removed 1 rows with invalid dates
2025-04-22 19:57:49,810 - IndustryTrendAnalysis - INFO - Cleaned data summary:
2025-04-22 19:57:49,810 - IndustryTrendAnalysis - INFO - Total companies: 1668
2025-04-22 19:57:49,810 - IndustryTrendAnalysis - INFO - Total funding rounds: 1747
2025-04-22 19:57:49,811 - IndustryTrendAnalysis - INFO - Date range: 1999-01-01 to 2025-03-01
2025-04-22 19:57:49,811 - IndustryTrendAnalysis - INFO - Total funding amount: $384,936,758,279.00
2025-04-22 19:57:50,126 - IndustryTrendAnalysis - INFO - Final dataset contains 1747 valid records
2025-04-22 19:57:50,126 - IndustryTrendAnalysis - INFO - Analyzing industry trends...
2025-04-22 19:57:50,243 - IndustryTrendAnalysis - INFO - 
Industry Analysis Summary:
2025-04-22 19:57:50,243 - IndustryTrendAnalysis - INFO - Total Industries Analyzed: 31
2025-04-22 19:57:50,243 - IndustryTrendAnalysis - INFO - Emerging Industries Found: 1
2025-04-22 19:57:50,243 - IndustryTrendAnalysis - INFO - Saturated Industries Found: 7
2025-04-22 19:57:50,243 - IndustryTrendAnalysis - INFO - Industries with Forecasts: 31
2025-04-22 19:57:50,243 - IndustryTrendAnalysis - INFO - 
Top 5 Emerging Industries by Growth Score:
2025-04-22 19:57:50,243 - IndustryTrendAnalysis - INFO - Biotechnology: Growth Score 0.79, Growth Rate 150.0%, Market Share 0.12%, Companies 7, Employee Growth -12.3%
2025-04-22 19:57:50,244 - IndustryTrendAnalysis - INFO - 
Top 5 Saturated Industries by Maturity:
2025-04-22 19:57:50,244 - IndustryTrendAnalysis - INFO - Research: Maturity 7.14, Market Share 8.79%, Concentration 0.24, Growth Rate 113.1%
2025-04-22 19:57:50,244 - IndustryTrendAnalysis - INFO - Financial Services: Maturity 3.68, Market Share 3.19%, Concentration 0.19, Growth Rate 150.0%
2025-04-22 19:57:50,244 - IndustryTrendAnalysis - INFO - Computer & Network Security: Maturity 2.79, Market Share 1.66%, Concentration 0.07, Growth Rate -49.8%
2025-04-22 19:57:50,244 - IndustryTrendAnalysis - INFO - Hospital & Health Care: Maturity 2.26, Market Share 0.48%, Concentration 0.12, Growth Rate -50.4%
2025-04-22 19:57:50,244 - IndustryTrendAnalysis - INFO - Computer Hardware: Maturity 2.21, Market Share 1.23%, Concentration 0.20, Growth Rate 40.9%
2025-04-22 19:57:50,244 - IndustryTrendAnalysis - INFO - Analyzing employee migration patterns...
2025-04-22 19:57:50,301 - IndustryTrendAnalysis - INFO - Employee migration analysis summary:
2025-04-22 19:57:50,301 - IndustryTrendAnalysis - INFO - Total industries analyzed: 47
2025-04-22 19:57:50,301 - IndustryTrendAnalysis - INFO - Growing industries: 11
2025-04-22 19:57:50,301 - IndustryTrendAnalysis - INFO - Shrinking industries: 10
2025-04-22 19:57:50,301 - IndustryTrendAnalysis - INFO - 
Top 5 fastest growing industries:
2025-04-22 19:57:50,301 - IndustryTrendAnalysis - INFO - Financial Services: 75.0% growth rate, Avg Employees: 137, Companies: 41
2025-04-22 19:57:50,301 - IndustryTrendAnalysis - INFO - Aviation & Aerospace: 75.0% growth rate, Avg Employees: 79, Companies: 7
2025-04-22 19:57:50,301 - IndustryTrendAnalysis - INFO - Legal Services: 75.0% growth rate, Avg Employees: 18, Companies: 4
2025-04-22 19:57:50,301 - IndustryTrendAnalysis - INFO - E-Learning: 72.2% growth rate, Avg Employees: 91, Companies: 6
2025-04-22 19:57:50,301 - IndustryTrendAnalysis - INFO - Health: 68.8% growth rate, Avg Employees: 65, Companies: 12
2025-04-22 19:57:50,301 - IndustryTrendAnalysis - INFO - 
Top 5 fastest shrinking industries:
2025-04-22 19:57:50,301 - IndustryTrendAnalysis - INFO - Electrical/Electronic Manufacturing: -63.5% growth rate, Avg Employees: 40, Companies: 7
2025-04-22 19:57:50,301 - IndustryTrendAnalysis - INFO - Nonprofit Organization Management: -64.9% growth rate, Avg Employees: 182, Companies: 10
2025-04-22 19:57:50,301 - IndustryTrendAnalysis - INFO - Real Estate: -75.0% growth rate, Avg Employees: 122, Companies: 3
2025-04-22 19:57:50,301 - IndustryTrendAnalysis - INFO - Semiconductors: -75.0% growth rate, Avg Employees: 124, Companies: 16
2025-04-22 19:57:50,301 - IndustryTrendAnalysis - INFO - Government Administration: -75.0% growth rate, Avg Employees: 232, Companies: 3
2025-04-22 19:57:50,302 - IndustryTrendAnalysis - INFO - Generating industry trend report...
2025-04-22 19:57:50,365 - IndustryTrendAnalysis - INFO - Report saved to ./outputIndustryTrends/industry_trend_report.json
2025-04-22 19:57:50,365 - IndustryTrendAnalysis - INFO - Creating trend visualizations...
2025-04-22 19:57:51,544 - IndustryTrendAnalysis - INFO - Trend visualizations created successfully
2025-04-22 20:02:58,814 - IndustryTrendAnalysis - INFO - Loaded 1103 records from fundraiser data
2025-04-22 20:02:58,815 - IndustryTrendAnalysis - INFO - Loaded 100 records from growthlist data
2025-04-22 20:02:58,897 - IndustryTrendAnalysis - INFO - Loaded 546 records from topstartup data
2025-04-22 20:02:59,000 - IndustryTrendAnalysis - WARNING - Removed 1 rows with invalid dates
2025-04-22 20:02:59,011 - IndustryTrendAnalysis - INFO - Cleaned data summary:
2025-04-22 20:02:59,012 - IndustryTrendAnalysis - INFO - Total companies: 1668
2025-04-22 20:02:59,012 - IndustryTrendAnalysis - INFO - Total funding rounds: 1747
2025-04-22 20:02:59,012 - IndustryTrendAnalysis - INFO - Date range: 1999-01-01 to 2025-03-01
2025-04-22 20:02:59,012 - IndustryTrendAnalysis - INFO - Total funding amount: $384,936,758,279.00
2025-04-22 20:02:59,334 - IndustryTrendAnalysis - INFO - Final dataset contains 1747 valid records
2025-04-22 20:02:59,334 - IndustryTrendAnalysis - INFO - Analyzing industry trends...
2025-04-22 20:02:59,953 - IndustryTrendAnalysis - INFO - 
Validation Metrics:
2025-04-22 20:02:59,953 - IndustryTrendAnalysis - INFO - Samples: Total=1747, Train=1555, Val=192
2025-04-22 20:02:59,953 - IndustryTrendAnalysis - INFO - Industry Coverage: 30.1%
2025-04-22 20:02:59,953 - IndustryTrendAnalysis - INFO - Funding Growth RMSE: 10.211
2025-04-22 20:02:59,953 - IndustryTrendAnalysis - INFO - Deals Growth RMSE: 0.702
2025-04-22 20:02:59,953 - IndustryTrendAnalysis - INFO - Employees Growth RMSE: 2.225
2025-04-22 20:02:59,953 - IndustryTrendAnalysis - INFO - Emerging Industries Precision: 0.0%
2025-04-22 20:02:59,953 - IndustryTrendAnalysis - INFO - Saturated Industries Precision: 71.4%
2025-04-22 20:02:59,953 - IndustryTrendAnalysis - INFO - 
Industry Analysis Summary:
2025-04-22 20:02:59,953 - IndustryTrendAnalysis - INFO - Total Industries Analyzed: 31
2025-04-22 20:02:59,953 - IndustryTrendAnalysis - INFO - Emerging Industries Found: 1
2025-04-22 20:02:59,953 - IndustryTrendAnalysis - INFO - Saturated Industries Found: 7
2025-04-22 20:02:59,953 - IndustryTrendAnalysis - INFO - Industries with Forecasts: 31
2025-04-22 20:02:59,953 - IndustryTrendAnalysis - INFO - 
Top 5 Emerging Industries by Growth Score:
2025-04-22 20:02:59,953 - IndustryTrendAnalysis - INFO - Biotechnology: Growth Score 0.64, Growth Rate 100.0%, Market Share 0.12%, Companies 7, Employee Growth -12.3%
2025-04-22 20:02:59,953 - IndustryTrendAnalysis - INFO - 
Top 5 Saturated Industries by Maturity:
2025-04-22 20:02:59,953 - IndustryTrendAnalysis - INFO - Research: Maturity 7.14, Market Share 8.79%, Concentration 0.24, Growth Rate 100.0%
2025-04-22 20:02:59,953 - IndustryTrendAnalysis - INFO - Financial Services: Maturity 3.68, Market Share 3.19%, Concentration 0.19, Growth Rate 100.0%
2025-04-22 20:02:59,953 - IndustryTrendAnalysis - INFO - Computer & Network Security: Maturity 2.79, Market Share 1.66%, Concentration 0.07, Growth Rate -49.8%
2025-04-22 20:02:59,953 - IndustryTrendAnalysis - INFO - Hospital & Health Care: Maturity 2.26, Market Share 0.48%, Concentration 0.12, Growth Rate -50.0%
2025-04-22 20:02:59,953 - IndustryTrendAnalysis - INFO - Computer Hardware: Maturity 2.21, Market Share 1.23%, Concentration 0.20, Growth Rate 40.9%
2025-04-22 20:02:59,954 - IndustryTrendAnalysis - INFO - Analyzing employee migration patterns...
2025-04-22 20:03:00,020 - IndustryTrendAnalysis - INFO - Employee migration analysis summary:
2025-04-22 20:03:00,020 - IndustryTrendAnalysis - INFO - Total industries analyzed: 47
2025-04-22 20:03:00,020 - IndustryTrendAnalysis - INFO - Growing industries: 11
2025-04-22 20:03:00,020 - IndustryTrendAnalysis - INFO - Shrinking industries: 10
2025-04-22 20:03:00,020 - IndustryTrendAnalysis - INFO - 
Top 5 fastest growing industries:
2025-04-22 20:03:00,020 - IndustryTrendAnalysis - INFO - Financial Services: 75.0% growth rate, Avg Employees: 137, Companies: 41
2025-04-22 20:03:00,020 - IndustryTrendAnalysis - INFO - Aviation & Aerospace: 75.0% growth rate, Avg Employees: 79, Companies: 7
2025-04-22 20:03:00,020 - IndustryTrendAnalysis - INFO - Legal Services: 75.0% growth rate, Avg Employees: 18, Companies: 4
2025-04-22 20:03:00,020 - IndustryTrendAnalysis - INFO - E-Learning: 72.2% growth rate, Avg Employees: 91, Companies: 6
2025-04-22 20:03:00,020 - IndustryTrendAnalysis - INFO - Health: 68.8% growth rate, Avg Employees: 65, Companies: 12
2025-04-22 20:03:00,020 - IndustryTrendAnalysis - INFO - 
Top 5 fastest shrinking industries:
2025-04-22 20:03:00,020 - IndustryTrendAnalysis - INFO - Electrical/Electronic Manufacturing: -63.5% growth rate, Avg Employees: 40, Companies: 7
2025-04-22 20:03:00,020 - IndustryTrendAnalysis - INFO - Nonprofit Organization Management: -64.9% growth rate, Avg Employees: 182, Companies: 10
2025-04-22 20:03:00,021 - IndustryTrendAnalysis - INFO - Real Estate: -75.0% growth rate, Avg Employees: 122, Companies: 3
2025-04-22 20:03:00,021 - IndustryTrendAnalysis - INFO - Semiconductors: -75.0% growth rate, Avg Employees: 124, Companies: 16
2025-04-22 20:03:00,021 - IndustryTrendAnalysis - INFO - Government Administration: -75.0% growth rate, Avg Employees: 232, Companies: 3
2025-04-22 20:03:00,021 - IndustryTrendAnalysis - INFO - Generating industry trend report...
2025-04-22 20:03:00,095 - IndustryTrendAnalysis - INFO - Report saved to ./outputIndustryTrends/industry_trend_report.json
2025-04-22 20:03:00,095 - IndustryTrendAnalysis - INFO - Creating trend visualizations...
2025-04-22 20:03:01,116 - IndustryTrendAnalysis - INFO - Trend visualizations created successfully
2025-04-22 20:04:00,206 - IndustryTrendAnalysis - INFO - Loaded 1103 records from fundraiser data
2025-04-22 20:04:00,207 - IndustryTrendAnalysis - INFO - Loaded 100 records from growthlist data
2025-04-22 20:04:00,252 - IndustryTrendAnalysis - INFO - Loaded 546 records from topstartup data
2025-04-22 20:04:00,343 - IndustryTrendAnalysis - WARNING - Removed 1 rows with invalid dates
2025-04-22 20:04:00,357 - IndustryTrendAnalysis - INFO - Cleaned data summary:
2025-04-22 20:04:00,357 - IndustryTrendAnalysis - INFO - Total companies: 1668
2025-04-22 20:04:00,357 - IndustryTrendAnalysis - INFO - Total funding rounds: 1747
2025-04-22 20:04:00,358 - IndustryTrendAnalysis - INFO - Date range: 1999-01-01 to 2025-03-01
2025-04-22 20:04:00,358 - IndustryTrendAnalysis - INFO - Total funding amount: $384,936,758,279.00
2025-04-22 20:04:00,658 - IndustryTrendAnalysis - INFO - Final dataset contains 1747 valid records
2025-04-22 20:04:00,658 - IndustryTrendAnalysis - INFO - Analyzing industry trends...
2025-04-22 20:04:01,221 - IndustryTrendAnalysis - INFO - 
Validation Metrics:
2025-04-22 20:04:01,221 - IndustryTrendAnalysis - INFO - Samples: Total=1747, Train=1555, Val=192
2025-04-22 20:04:01,221 - IndustryTrendAnalysis - INFO - Industry Coverage: 30.1%
2025-04-22 20:04:01,221 - IndustryTrendAnalysis - INFO - Funding Growth RMSE: 10.211
2025-04-22 20:04:01,221 - IndustryTrendAnalysis - INFO - Deals Growth RMSE: 0.702
2025-04-22 20:04:01,221 - IndustryTrendAnalysis - INFO - Employees Growth RMSE: 2.225
2025-04-22 20:04:01,221 - IndustryTrendAnalysis - INFO - Emerging Industries Precision: 0.0%
2025-04-22 20:04:01,221 - IndustryTrendAnalysis - INFO - Saturated Industries Precision: 66.7%
2025-04-22 20:04:01,221 - IndustryTrendAnalysis - INFO - 
Industry Analysis Summary:
2025-04-22 20:04:01,221 - IndustryTrendAnalysis - INFO - Total Industries Analyzed: 31
2025-04-22 20:04:01,221 - IndustryTrendAnalysis - INFO - Emerging Industries Found: 1
2025-04-22 20:04:01,221 - IndustryTrendAnalysis - INFO - Saturated Industries Found: 3
2025-04-22 20:04:01,221 - IndustryTrendAnalysis - INFO - Industries with Forecasts: 31
2025-04-22 20:04:01,221 - IndustryTrendAnalysis - INFO - 
Top 5 Emerging Industries by Growth Score:
2025-04-22 20:04:01,221 - IndustryTrendAnalysis - INFO - Information Services: Growth Score 0.24, Growth Rate 100.0%, Market Share 0.03%, Companies 6, Employee Growth 3.4%
2025-04-22 20:04:01,221 - IndustryTrendAnalysis - INFO - 
Top 5 Saturated Industries by Maturity:
2025-04-22 20:04:01,221 - IndustryTrendAnalysis - INFO - Hospital & Health Care: Maturity 2.26, Market Share 0.48%, Concentration 0.12, Growth Rate -50.0%
2025-04-22 20:04:01,221 - IndustryTrendAnalysis - INFO - Semiconductors: Maturity 2.17, Market Share 1.48%, Concentration 0.25, Growth Rate 2.5%
2025-04-22 20:04:01,222 - IndustryTrendAnalysis - INFO - Insurance: Maturity 2.07, Market Share 1.19%, Concentration 0.74, Growth Rate 9.6%
2025-04-22 20:04:01,222 - IndustryTrendAnalysis - INFO - Analyzing employee migration patterns...
2025-04-22 20:04:01,287 - IndustryTrendAnalysis - INFO - Employee migration analysis summary:
2025-04-22 20:04:01,287 - IndustryTrendAnalysis - INFO - Total industries analyzed: 47
2025-04-22 20:04:01,288 - IndustryTrendAnalysis - INFO - Growing industries: 11
2025-04-22 20:04:01,288 - IndustryTrendAnalysis - INFO - Shrinking industries: 10
2025-04-22 20:04:01,288 - IndustryTrendAnalysis - INFO - 
Top 5 fastest growing industries:
2025-04-22 20:04:01,288 - IndustryTrendAnalysis - INFO - Financial Services: 75.0% growth rate, Avg Employees: 137, Companies: 41
2025-04-22 20:04:01,288 - IndustryTrendAnalysis - INFO - Aviation & Aerospace: 75.0% growth rate, Avg Employees: 79, Companies: 7
2025-04-22 20:04:01,288 - IndustryTrendAnalysis - INFO - Legal Services: 75.0% growth rate, Avg Employees: 18, Companies: 4
2025-04-22 20:04:01,288 - IndustryTrendAnalysis - INFO - E-Learning: 72.2% growth rate, Avg Employees: 91, Companies: 6
2025-04-22 20:04:01,288 - IndustryTrendAnalysis - INFO - Health: 68.8% growth rate, Avg Employees: 65, Companies: 12
2025-04-22 20:04:01,288 - IndustryTrendAnalysis - INFO - 
Top 5 fastest shrinking industries:
2025-04-22 20:04:01,288 - IndustryTrendAnalysis - INFO - Electrical/Electronic Manufacturing: -63.5% growth rate, Avg Employees: 40, Companies: 7
2025-04-22 20:04:01,288 - IndustryTrendAnalysis - INFO - Nonprofit Organization Management: -64.9% growth rate, Avg Employees: 182, Companies: 10
2025-04-22 20:04:01,288 - IndustryTrendAnalysis - INFO - Real Estate: -75.0% growth rate, Avg Employees: 122, Companies: 3
2025-04-22 20:04:01,288 - IndustryTrendAnalysis - INFO - Semiconductors: -75.0% growth rate, Avg Employees: 124, Companies: 16
2025-04-22 20:04:01,288 - IndustryTrendAnalysis - INFO - Government Administration: -75.0% growth rate, Avg Employees: 232, Companies: 3
2025-04-22 20:04:01,289 - IndustryTrendAnalysis - INFO - Generating industry trend report...
2025-04-22 20:04:01,291 - IndustryTrendAnalysis - INFO - Report saved to ./outputIndustryTrends/industry_trend_report.json
2025-04-22 20:04:01,291 - IndustryTrendAnalysis - INFO - Creating trend visualizations...
2025-04-22 20:04:02,256 - IndustryTrendAnalysis - INFO - Trend visualizations created successfully
2025-04-22 20:04:35,567 - IndustryTrendAnalysis - INFO - Loaded 1103 records from fundraiser data
2025-04-22 20:04:35,568 - IndustryTrendAnalysis - INFO - Loaded 100 records from growthlist data
2025-04-22 20:04:35,655 - IndustryTrendAnalysis - INFO - Loaded 546 records from topstartup data
2025-04-22 20:04:35,758 - IndustryTrendAnalysis - WARNING - Removed 1 rows with invalid dates
2025-04-22 20:04:35,770 - IndustryTrendAnalysis - INFO - Cleaned data summary:
2025-04-22 20:04:35,771 - IndustryTrendAnalysis - INFO - Total companies: 1668
2025-04-22 20:04:35,771 - IndustryTrendAnalysis - INFO - Total funding rounds: 1747
2025-04-22 20:04:35,771 - IndustryTrendAnalysis - INFO - Date range: 1999-01-01 to 2025-03-01
2025-04-22 20:04:35,771 - IndustryTrendAnalysis - INFO - Total funding amount: $384,936,758,279.00
2025-04-22 20:04:36,105 - IndustryTrendAnalysis - INFO - Final dataset contains 1747 valid records
2025-04-22 20:04:36,105 - IndustryTrendAnalysis - INFO - Analyzing industry trends...
2025-04-22 20:04:36,618 - IndustryTrendAnalysis - INFO - 
Validation Metrics:
2025-04-22 20:04:36,618 - IndustryTrendAnalysis - INFO - Samples: Total=1747, Train=1555, Val=192
2025-04-22 20:04:36,618 - IndustryTrendAnalysis - INFO - Industry Coverage: 30.1%
2025-04-22 20:04:36,618 - IndustryTrendAnalysis - INFO - Funding Growth RMSE: 10.211
2025-04-22 20:04:36,618 - IndustryTrendAnalysis - INFO - Deals Growth RMSE: 0.702
2025-04-22 20:04:36,618 - IndustryTrendAnalysis - INFO - Employees Growth RMSE: 2.225
2025-04-22 20:04:36,618 - IndustryTrendAnalysis - INFO - Emerging Industries Precision: 0.0%
2025-04-22 20:04:36,618 - IndustryTrendAnalysis - INFO - Saturated Industries Precision: 66.7%
2025-04-22 20:04:36,618 - IndustryTrendAnalysis - INFO - 
Industry Analysis Summary:
2025-04-22 20:04:36,618 - IndustryTrendAnalysis - INFO - Total Industries Analyzed: 31
2025-04-22 20:04:36,618 - IndustryTrendAnalysis - INFO - Emerging Industries Found: 1
2025-04-22 20:04:36,619 - IndustryTrendAnalysis - INFO - Saturated Industries Found: 3
2025-04-22 20:04:36,619 - IndustryTrendAnalysis - INFO - Industries with Forecasts: 31
2025-04-22 20:04:36,619 - IndustryTrendAnalysis - INFO - 
Top 5 Emerging Industries by Growth Score:
2025-04-22 20:04:36,619 - IndustryTrendAnalysis - INFO - Information Services: Growth Score 0.24, Growth Rate 100.0%, Market Share 0.03%, Companies 6, Employee Growth 3.4%
2025-04-22 20:04:36,619 - IndustryTrendAnalysis - INFO - 
Top 5 Saturated Industries by Maturity:
2025-04-22 20:04:36,619 - IndustryTrendAnalysis - INFO - Hospital & Health Care: Maturity 2.26, Market Share 0.48%, Concentration 0.12, Growth Rate -50.0%
2025-04-22 20:04:36,619 - IndustryTrendAnalysis - INFO - Semiconductors: Maturity 2.17, Market Share 1.48%, Concentration 0.25, Growth Rate 2.5%
2025-04-22 20:04:36,619 - IndustryTrendAnalysis - INFO - Insurance: Maturity 2.07, Market Share 1.19%, Concentration 0.74, Growth Rate 9.6%
2025-04-22 20:04:36,619 - IndustryTrendAnalysis - INFO - Analyzing employee migration patterns...
2025-04-22 20:04:36,673 - IndustryTrendAnalysis - INFO - Employee migration analysis summary:
2025-04-22 20:04:36,673 - IndustryTrendAnalysis - INFO - Total industries analyzed: 47
2025-04-22 20:04:36,673 - IndustryTrendAnalysis - INFO - Growing industries: 11
2025-04-22 20:04:36,673 - IndustryTrendAnalysis - INFO - Shrinking industries: 10
2025-04-22 20:04:36,673 - IndustryTrendAnalysis - INFO - 
Top 5 fastest growing industries:
2025-04-22 20:04:36,673 - IndustryTrendAnalysis - INFO - Financial Services: 75.0% growth rate, Avg Employees: 137, Companies: 41
2025-04-22 20:04:36,673 - IndustryTrendAnalysis - INFO - Aviation & Aerospace: 75.0% growth rate, Avg Employees: 79, Companies: 7
2025-04-22 20:04:36,673 - IndustryTrendAnalysis - INFO - Legal Services: 75.0% growth rate, Avg Employees: 18, Companies: 4
2025-04-22 20:04:36,673 - IndustryTrendAnalysis - INFO - E-Learning: 72.2% growth rate, Avg Employees: 91, Companies: 6
2025-04-22 20:04:36,673 - IndustryTrendAnalysis - INFO - Health: 68.8% growth rate, Avg Employees: 65, Companies: 12
2025-04-22 20:04:36,673 - IndustryTrendAnalysis - INFO - 
Top 5 fastest shrinking industries:
2025-04-22 20:04:36,673 - IndustryTrendAnalysis - INFO - Electrical/Electronic Manufacturing: -63.5% growth rate, Avg Employees: 40, Companies: 7
2025-04-22 20:04:36,674 - IndustryTrendAnalysis - INFO - Nonprofit Organization Management: -64.9% growth rate, Avg Employees: 182, Companies: 10
2025-04-22 20:04:36,674 - IndustryTrendAnalysis - INFO - Real Estate: -75.0% growth rate, Avg Employees: 122, Companies: 3
2025-04-22 20:04:36,674 - IndustryTrendAnalysis - INFO - Semiconductors: -75.0% growth rate, Avg Employees: 124, Companies: 16
2025-04-22 20:04:36,674 - IndustryTrendAnalysis - INFO - Government Administration: -75.0% growth rate, Avg Employees: 232, Companies: 3
2025-04-22 20:04:36,674 - IndustryTrendAnalysis - INFO - Generating industry trend report...
2025-04-22 20:04:36,675 - IndustryTrendAnalysis - INFO - Report saved to ./outputIndustryTrends/industry_trend_report.json
2025-04-22 20:04:36,675 - IndustryTrendAnalysis - INFO - Creating trend visualizations...
2025-04-22 20:04:37,690 - IndustryTrendAnalysis - INFO - Trend visualizations created successfully
2025-04-22 20:05:10,805 - IndustryTrendAnalysis - INFO - Loaded 1103 records from fundraiser data
2025-04-22 20:05:10,807 - IndustryTrendAnalysis - INFO - Loaded 100 records from growthlist data
2025-04-22 20:05:10,852 - IndustryTrendAnalysis - INFO - Loaded 546 records from topstartup data
2025-04-22 20:05:10,976 - IndustryTrendAnalysis - WARNING - Removed 1 rows with invalid dates
2025-04-22 20:05:10,990 - IndustryTrendAnalysis - INFO - Cleaned data summary:
2025-04-22 20:05:10,990 - IndustryTrendAnalysis - INFO - Total companies: 1668
2025-04-22 20:05:10,990 - IndustryTrendAnalysis - INFO - Total funding rounds: 1747
2025-04-22 20:05:10,990 - IndustryTrendAnalysis - INFO - Date range: 1999-01-01 to 2025-03-01
2025-04-22 20:05:10,991 - IndustryTrendAnalysis - INFO - Total funding amount: $384,936,758,279.00
2025-04-22 20:05:11,314 - IndustryTrendAnalysis - INFO - Final dataset contains 1747 valid records
2025-04-22 20:05:11,314 - IndustryTrendAnalysis - INFO - Analyzing industry trends...
2025-04-22 20:05:12,293 - IndustryTrendAnalysis - INFO - 
Validation Metrics:
2025-04-22 20:05:12,293 - IndustryTrendAnalysis - INFO - Samples: Total=1747, Train=1555, Val=192
2025-04-22 20:05:12,293 - IndustryTrendAnalysis - INFO - Industry Coverage: 30.1%
2025-04-22 20:05:12,293 - IndustryTrendAnalysis - INFO - Funding Growth RMSE: 10.211
2025-04-22 20:05:12,293 - IndustryTrendAnalysis - INFO - Deals Growth RMSE: 0.702
2025-04-22 20:05:12,293 - IndustryTrendAnalysis - INFO - Employees Growth RMSE: 2.225
2025-04-22 20:05:12,293 - IndustryTrendAnalysis - INFO - Emerging Industries Precision: 0.0%
2025-04-22 20:05:12,293 - IndustryTrendAnalysis - INFO - Saturated Industries Precision: 66.7%
2025-04-22 20:05:12,293 - IndustryTrendAnalysis - INFO - 
Industry Analysis Summary:
2025-04-22 20:05:12,293 - IndustryTrendAnalysis - INFO - Total Industries Analyzed: 31
2025-04-22 20:05:12,293 - IndustryTrendAnalysis - INFO - Emerging Industries Found: 1
2025-04-22 20:05:12,293 - IndustryTrendAnalysis - INFO - Saturated Industries Found: 3
2025-04-22 20:05:12,293 - IndustryTrendAnalysis - INFO - Industries with Forecasts: 31
2025-04-22 20:05:12,293 - IndustryTrendAnalysis - INFO - 
Top 5 Emerging Industries by Growth Score:
2025-04-22 20:05:12,293 - IndustryTrendAnalysis - INFO - Information Services: Growth Score 0.24, Growth Rate 100.0%, Market Share 0.03%, Companies 6, Employee Growth 3.4%
2025-04-22 20:05:12,293 - IndustryTrendAnalysis - INFO - 
Top 5 Saturated Industries by Maturity:
2025-04-22 20:05:12,293 - IndustryTrendAnalysis - INFO - Hospital & Health Care: Maturity 2.26, Market Share 0.48%, Concentration 0.12, Growth Rate -50.0%
2025-04-22 20:05:12,293 - IndustryTrendAnalysis - INFO - Semiconductors: Maturity 2.17, Market Share 1.48%, Concentration 0.25, Growth Rate 2.5%
2025-04-22 20:05:12,293 - IndustryTrendAnalysis - INFO - Insurance: Maturity 2.07, Market Share 1.19%, Concentration 0.74, Growth Rate 9.6%
2025-04-22 20:05:12,294 - IndustryTrendAnalysis - INFO - Analyzing employee migration patterns...
2025-04-22 20:05:12,392 - IndustryTrendAnalysis - INFO - Employee migration analysis summary:
2025-04-22 20:05:12,392 - IndustryTrendAnalysis - INFO - Total industries analyzed: 47
2025-04-22 20:05:12,393 - IndustryTrendAnalysis - INFO - Growing industries: 11
2025-04-22 20:05:12,393 - IndustryTrendAnalysis - INFO - Shrinking industries: 10
2025-04-22 20:05:12,393 - IndustryTrendAnalysis - INFO - 
Top 5 fastest growing industries:
2025-04-22 20:05:12,393 - IndustryTrendAnalysis - INFO - Financial Services: 75.0% growth rate, Avg Employees: 137, Companies: 41
2025-04-22 20:05:12,393 - IndustryTrendAnalysis - INFO - Aviation & Aerospace: 75.0% growth rate, Avg Employees: 79, Companies: 7
2025-04-22 20:05:12,393 - IndustryTrendAnalysis - INFO - Legal Services: 75.0% growth rate, Avg Employees: 18, Companies: 4
2025-04-22 20:05:12,393 - IndustryTrendAnalysis - INFO - E-Learning: 72.2% growth rate, Avg Employees: 91, Companies: 6
2025-04-22 20:05:12,393 - IndustryTrendAnalysis - INFO - Health: 68.8% growth rate, Avg Employees: 65, Companies: 12
2025-04-22 20:05:12,393 - IndustryTrendAnalysis - INFO - 
Top 5 fastest shrinking industries:
2025-04-22 20:05:12,393 - IndustryTrendAnalysis - INFO - Electrical/Electronic Manufacturing: -63.5% growth rate, Avg Employees: 40, Companies: 7
2025-04-22 20:05:12,393 - IndustryTrendAnalysis - INFO - Nonprofit Organization Management: -64.9% growth rate, Avg Employees: 182, Companies: 10
2025-04-22 20:05:12,393 - IndustryTrendAnalysis - INFO - Real Estate: -75.0% growth rate, Avg Employees: 122, Companies: 3
2025-04-22 20:05:12,393 - IndustryTrendAnalysis - INFO - Semiconductors: -75.0% growth rate, Avg Employees: 124, Companies: 16
2025-04-22 20:05:12,393 - IndustryTrendAnalysis - INFO - Government Administration: -75.0% growth rate, Avg Employees: 232, Companies: 3
2025-04-22 20:05:12,394 - IndustryTrendAnalysis - INFO - Generating industry trend report...
2025-04-22 20:05:12,397 - IndustryTrendAnalysis - INFO - Report saved to ./outputIndustryTrends/industry_trend_report.json
2025-04-22 20:05:12,397 - IndustryTrendAnalysis - INFO - Creating trend visualizations...
2025-04-22 20:05:13,387 - IndustryTrendAnalysis - INFO - Trend visualizations created successfully
2025-04-22 20:05:19,865 - IndustryTrendAnalysis - INFO - Loaded 1103 records from fundraiser data
2025-04-22 20:05:19,866 - IndustryTrendAnalysis - INFO - Loaded 100 records from growthlist data
2025-04-22 20:05:19,940 - IndustryTrendAnalysis - INFO - Loaded 546 records from topstartup data
2025-04-22 20:05:20,037 - IndustryTrendAnalysis - WARNING - Removed 1 rows with invalid dates
2025-04-22 20:05:20,050 - IndustryTrendAnalysis - INFO - Cleaned data summary:
2025-04-22 20:05:20,050 - IndustryTrendAnalysis - INFO - Total companies: 1668
2025-04-22 20:05:20,051 - IndustryTrendAnalysis - INFO - Total funding rounds: 1747
2025-04-22 20:05:20,051 - IndustryTrendAnalysis - INFO - Date range: 1999-01-01 to 2025-03-01
2025-04-22 20:05:20,051 - IndustryTrendAnalysis - INFO - Total funding amount: $384,936,758,279.00
2025-04-22 20:05:20,519 - IndustryTrendAnalysis - INFO - Final dataset contains 1747 valid records
2025-04-22 20:05:20,520 - IndustryTrendAnalysis - INFO - Analyzing industry trends...
2025-04-22 20:05:21,004 - IndustryTrendAnalysis - INFO - 
Validation Metrics:
2025-04-22 20:05:21,004 - IndustryTrendAnalysis - INFO - Samples: Total=1747, Train=1555, Val=192
2025-04-22 20:05:21,004 - IndustryTrendAnalysis - INFO - Industry Coverage: 30.1%
2025-04-22 20:05:21,004 - IndustryTrendAnalysis - INFO - Funding Growth RMSE: 10.211
2025-04-22 20:05:21,004 - IndustryTrendAnalysis - INFO - Deals Growth RMSE: 0.702
2025-04-22 20:05:21,004 - IndustryTrendAnalysis - INFO - Employees Growth RMSE: 2.225
2025-04-22 20:05:21,004 - IndustryTrendAnalysis - INFO - Emerging Industries Precision: 0.0%
2025-04-22 20:05:21,004 - IndustryTrendAnalysis - INFO - Saturated Industries Precision: 66.7%
2025-04-22 20:05:21,005 - IndustryTrendAnalysis - INFO - 
Industry Analysis Summary:
2025-04-22 20:05:21,005 - IndustryTrendAnalysis - INFO - Total Industries Analyzed: 31
2025-04-22 20:05:21,005 - IndustryTrendAnalysis - INFO - Emerging Industries Found: 1
2025-04-22 20:05:21,005 - IndustryTrendAnalysis - INFO - Saturated Industries Found: 3
2025-04-22 20:05:21,005 - IndustryTrendAnalysis - INFO - Industries with Forecasts: 31
2025-04-22 20:05:21,005 - IndustryTrendAnalysis - INFO - 
Top 5 Emerging Industries by Growth Score:
2025-04-22 20:05:21,005 - IndustryTrendAnalysis - INFO - Information Services: Growth Score 0.24, Growth Rate 100.0%, Market Share 0.03%, Companies 6, Employee Growth 3.4%
2025-04-22 20:05:21,005 - IndustryTrendAnalysis - INFO - 
Top 5 Saturated Industries by Maturity:
2025-04-22 20:05:21,005 - IndustryTrendAnalysis - INFO - Hospital & Health Care: Maturity 2.26, Market Share 0.48%, Concentration 0.12, Growth Rate -50.0%
2025-04-22 20:05:21,005 - IndustryTrendAnalysis - INFO - Semiconductors: Maturity 2.17, Market Share 1.48%, Concentration 0.25, Growth Rate 2.5%
2025-04-22 20:05:21,005 - IndustryTrendAnalysis - INFO - Insurance: Maturity 2.07, Market Share 1.19%, Concentration 0.74, Growth Rate 9.6%
2025-04-22 20:05:21,005 - IndustryTrendAnalysis - INFO - Analyzing employee migration patterns...
2025-04-22 20:05:21,059 - IndustryTrendAnalysis - INFO - Employee migration analysis summary:
2025-04-22 20:05:21,059 - IndustryTrendAnalysis - INFO - Total industries analyzed: 47
2025-04-22 20:05:21,059 - IndustryTrendAnalysis - INFO - Growing industries: 11
2025-04-22 20:05:21,060 - IndustryTrendAnalysis - INFO - Shrinking industries: 10
2025-04-22 20:05:21,060 - IndustryTrendAnalysis - INFO - 
Top 5 fastest growing industries:
2025-04-22 20:05:21,060 - IndustryTrendAnalysis - INFO - Financial Services: 75.0% growth rate, Avg Employees: 137, Companies: 41
2025-04-22 20:05:21,060 - IndustryTrendAnalysis - INFO - Aviation & Aerospace: 75.0% growth rate, Avg Employees: 79, Companies: 7
2025-04-22 20:05:21,060 - IndustryTrendAnalysis - INFO - Legal Services: 75.0% growth rate, Avg Employees: 18, Companies: 4
2025-04-22 20:05:21,060 - IndustryTrendAnalysis - INFO - E-Learning: 72.2% growth rate, Avg Employees: 91, Companies: 6
2025-04-22 20:05:21,060 - IndustryTrendAnalysis - INFO - Health: 68.8% growth rate, Avg Employees: 65, Companies: 12
2025-04-22 20:05:21,060 - IndustryTrendAnalysis - INFO - 
Top 5 fastest shrinking industries:
2025-04-22 20:05:21,060 - IndustryTrendAnalysis - INFO - Electrical/Electronic Manufacturing: -63.5% growth rate, Avg Employees: 40, Companies: 7
2025-04-22 20:05:21,060 - IndustryTrendAnalysis - INFO - Nonprofit Organization Management: -64.9% growth rate, Avg Employees: 182, Companies: 10
2025-04-22 20:05:21,060 - IndustryTrendAnalysis - INFO - Real Estate: -75.0% growth rate, Avg Employees: 122, Companies: 3
2025-04-22 20:05:21,060 - IndustryTrendAnalysis - INFO - Semiconductors: -75.0% growth rate, Avg Employees: 124, Companies: 16
2025-04-22 20:05:21,060 - IndustryTrendAnalysis - INFO - Government Administration: -75.0% growth rate, Avg Employees: 232, Companies: 3
2025-04-22 20:05:21,060 - IndustryTrendAnalysis - INFO - Generating industry trend report...
2025-04-22 20:05:21,061 - IndustryTrendAnalysis - INFO - Report saved to ./outputIndustryTrends/industry_trend_report.json
2025-04-22 20:05:21,061 - IndustryTrendAnalysis - INFO - Creating trend visualizations...
2025-04-22 20:05:22,108 - IndustryTrendAnalysis - INFO - Trend visualizations created successfully
2025-04-22 20:06:00,743 - IndustryTrendAnalysis - INFO - Loaded 1103 records from fundraiser data
2025-04-22 20:06:00,744 - IndustryTrendAnalysis - INFO - Loaded 100 records from growthlist data
2025-04-22 20:06:00,788 - IndustryTrendAnalysis - INFO - Loaded 546 records from topstartup data
2025-04-22 20:06:00,903 - IndustryTrendAnalysis - WARNING - Removed 1 rows with invalid dates
2025-04-22 20:06:00,915 - IndustryTrendAnalysis - INFO - Cleaned data summary:
2025-04-22 20:06:00,916 - IndustryTrendAnalysis - INFO - Total companies: 1668
2025-04-22 20:06:00,916 - IndustryTrendAnalysis - INFO - Total funding rounds: 1747
2025-04-22 20:06:00,916 - IndustryTrendAnalysis - INFO - Date range: 1999-01-01 to 2025-03-01
2025-04-22 20:06:00,916 - IndustryTrendAnalysis - INFO - Total funding amount: $384,936,758,279.00
2025-04-22 20:06:01,270 - IndustryTrendAnalysis - INFO - Final dataset contains 1747 valid records
2025-04-22 20:06:01,271 - IndustryTrendAnalysis - INFO - Analyzing industry trends...
2025-04-22 20:06:01,842 - IndustryTrendAnalysis - INFO - 
Validation Metrics:
2025-04-22 20:06:01,842 - IndustryTrendAnalysis - INFO - Samples: Total=1747, Train=1555, Val=192
2025-04-22 20:06:01,842 - IndustryTrendAnalysis - INFO - Industry Coverage: 30.1%
2025-04-22 20:06:01,842 - IndustryTrendAnalysis - INFO - Funding Growth RMSE: 10.211
2025-04-22 20:06:01,842 - IndustryTrendAnalysis - INFO - Deals Growth RMSE: 0.702
2025-04-22 20:06:01,842 - IndustryTrendAnalysis - INFO - Employees Growth RMSE: 2.225
2025-04-22 20:06:01,842 - IndustryTrendAnalysis - INFO - Emerging Industries Precision: 0.0%
2025-04-22 20:06:01,842 - IndustryTrendAnalysis - INFO - Saturated Industries Precision: 66.7%
2025-04-22 20:06:01,842 - IndustryTrendAnalysis - INFO - 
Industry Analysis Summary:
2025-04-22 20:06:01,842 - IndustryTrendAnalysis - INFO - Total Industries Analyzed: 31
2025-04-22 20:06:01,842 - IndustryTrendAnalysis - INFO - Emerging Industries Found: 1
2025-04-22 20:06:01,842 - IndustryTrendAnalysis - INFO - Saturated Industries Found: 3
2025-04-22 20:06:01,842 - IndustryTrendAnalysis - INFO - Industries with Forecasts: 31
2025-04-22 20:06:01,842 - IndustryTrendAnalysis - INFO - 
Top 5 Emerging Industries by Growth Score:
2025-04-22 20:06:01,842 - IndustryTrendAnalysis - INFO - Information Services: Growth Score 0.24, Growth Rate 100.0%, Market Share 0.03%, Companies 6, Employee Growth 3.4%
2025-04-22 20:06:01,842 - IndustryTrendAnalysis - INFO - 
Top 5 Saturated Industries by Maturity:
2025-04-22 20:06:01,842 - IndustryTrendAnalysis - INFO - Hospital & Health Care: Maturity 2.26, Market Share 0.48%, Concentration 0.12, Growth Rate -50.0%
2025-04-22 20:06:01,842 - IndustryTrendAnalysis - INFO - Semiconductors: Maturity 2.17, Market Share 1.48%, Concentration 0.25, Growth Rate 2.5%
2025-04-22 20:06:01,842 - IndustryTrendAnalysis - INFO - Insurance: Maturity 2.07, Market Share 1.19%, Concentration 0.74, Growth Rate 9.6%
2025-04-22 20:06:01,843 - IndustryTrendAnalysis - INFO - Analyzing employee migration patterns...
2025-04-22 20:06:01,931 - IndustryTrendAnalysis - INFO - Employee migration analysis summary:
2025-04-22 20:06:01,931 - IndustryTrendAnalysis - INFO - Total industries analyzed: 47
2025-04-22 20:06:01,931 - IndustryTrendAnalysis - INFO - Growing industries: 11
2025-04-22 20:06:01,931 - IndustryTrendAnalysis - INFO - Shrinking industries: 10
2025-04-22 20:06:01,931 - IndustryTrendAnalysis - INFO - 
Top 5 fastest growing industries:
2025-04-22 20:06:01,931 - IndustryTrendAnalysis - INFO - Financial Services: 75.0% growth rate, Avg Employees: 137, Companies: 41
2025-04-22 20:06:01,931 - IndustryTrendAnalysis - INFO - Aviation & Aerospace: 75.0% growth rate, Avg Employees: 79, Companies: 7
2025-04-22 20:06:01,931 - IndustryTrendAnalysis - INFO - Legal Services: 75.0% growth rate, Avg Employees: 18, Companies: 4
2025-04-22 20:06:01,931 - IndustryTrendAnalysis - INFO - E-Learning: 72.2% growth rate, Avg Employees: 91, Companies: 6
2025-04-22 20:06:01,932 - IndustryTrendAnalysis - INFO - Health: 68.8% growth rate, Avg Employees: 65, Companies: 12
2025-04-22 20:06:01,932 - IndustryTrendAnalysis - INFO - 
Top 5 fastest shrinking industries:
2025-04-22 20:06:01,932 - IndustryTrendAnalysis - INFO - Electrical/Electronic Manufacturing: -63.5% growth rate, Avg Employees: 40, Companies: 7
2025-04-22 20:06:01,932 - IndustryTrendAnalysis - INFO - Nonprofit Organization Management: -64.9% growth rate, Avg Employees: 182, Companies: 10
2025-04-22 20:06:01,932 - IndustryTrendAnalysis - INFO - Real Estate: -75.0% growth rate, Avg Employees: 122, Companies: 3
2025-04-22 20:06:01,932 - IndustryTrendAnalysis - INFO - Semiconductors: -75.0% growth rate, Avg Employees: 124, Companies: 16
2025-04-22 20:06:01,932 - IndustryTrendAnalysis - INFO - Government Administration: -75.0% growth rate, Avg Employees: 232, Companies: 3
2025-04-22 20:06:01,932 - IndustryTrendAnalysis - INFO - Generating industry trend report...
2025-04-22 20:06:01,935 - IndustryTrendAnalysis - INFO - Report saved to ./outputIndustryTrends/industry_trend_report.json
2025-04-22 20:06:01,936 - IndustryTrendAnalysis - INFO - Creating trend visualizations...
2025-04-22 20:06:02,860 - IndustryTrendAnalysis - INFO - Trend visualizations created successfully
2025-04-22 20:07:44,997 - IndustryTrendAnalysis - INFO - Loaded 1103 records from fundraiser data
2025-04-22 20:07:44,999 - IndustryTrendAnalysis - INFO - Loaded 100 records from growthlist data
2025-04-22 20:07:45,084 - IndustryTrendAnalysis - INFO - Loaded 546 records from topstartup data
2025-04-22 20:07:45,190 - IndustryTrendAnalysis - WARNING - Removed 1 rows with invalid dates
2025-04-22 20:07:45,201 - IndustryTrendAnalysis - INFO - Cleaned data summary:
2025-04-22 20:07:45,201 - IndustryTrendAnalysis - INFO - Total companies: 1668
2025-04-22 20:07:45,201 - IndustryTrendAnalysis - INFO - Total funding rounds: 1747
2025-04-22 20:07:45,202 - IndustryTrendAnalysis - INFO - Date range: 1999-01-01 to 2025-03-01
2025-04-22 20:07:45,202 - IndustryTrendAnalysis - INFO - Total funding amount: $384,936,758,279.00
2025-04-22 20:07:45,514 - IndustryTrendAnalysis - INFO - Final dataset contains 1747 valid records
2025-04-22 20:07:45,514 - IndustryTrendAnalysis - INFO - Analyzing industry trends...
2025-04-22 20:07:45,991 - IndustryTrendAnalysis - INFO - 
Validation Metrics:
2025-04-22 20:07:45,992 - IndustryTrendAnalysis - INFO - Samples: Total=1747, Train=1555, Val=192
2025-04-22 20:07:45,992 - IndustryTrendAnalysis - INFO - Industry Coverage: 30.1%
2025-04-22 20:07:45,992 - IndustryTrendAnalysis - INFO - Funding Growth RMSE: 10.211
2025-04-22 20:07:45,992 - IndustryTrendAnalysis - INFO - Deals Growth RMSE: 0.702
2025-04-22 20:07:45,992 - IndustryTrendAnalysis - INFO - Employees Growth RMSE: 2.225
2025-04-22 20:07:45,992 - IndustryTrendAnalysis - INFO - Emerging Industries Precision: 0.0%
2025-04-22 20:07:45,992 - IndustryTrendAnalysis - INFO - Saturated Industries Precision: 66.7%
2025-04-22 20:07:45,992 - IndustryTrendAnalysis - INFO - 
Industry Analysis Summary:
2025-04-22 20:07:45,992 - IndustryTrendAnalysis - INFO - Total Industries Analyzed: 31
2025-04-22 20:07:45,992 - IndustryTrendAnalysis - INFO - Emerging Industries Found: 1
2025-04-22 20:07:45,992 - IndustryTrendAnalysis - INFO - Saturated Industries Found: 3
2025-04-22 20:07:45,992 - IndustryTrendAnalysis - INFO - Industries with Forecasts: 31
2025-04-22 20:07:45,992 - IndustryTrendAnalysis - INFO - 
Top 5 Emerging Industries by Growth Score:
2025-04-22 20:07:45,992 - IndustryTrendAnalysis - INFO - Information Services: Growth Score 0.24, Growth Rate 100.0%, Market Share 0.03%, Companies 6, Employee Growth 3.4%
2025-04-22 20:07:45,992 - IndustryTrendAnalysis - INFO - 
Top 5 Saturated Industries by Maturity:
2025-04-22 20:07:45,992 - IndustryTrendAnalysis - INFO - Hospital & Health Care: Maturity 2.26, Market Share 0.48%, Concentration 0.12, Growth Rate -50.0%
2025-04-22 20:07:45,992 - IndustryTrendAnalysis - INFO - Semiconductors: Maturity 2.17, Market Share 1.48%, Concentration 0.25, Growth Rate 2.5%
2025-04-22 20:07:45,992 - IndustryTrendAnalysis - INFO - Insurance: Maturity 2.07, Market Share 1.19%, Concentration 0.74, Growth Rate 9.6%
2025-04-22 20:07:45,993 - IndustryTrendAnalysis - INFO - Analyzing employee migration patterns...
2025-04-22 20:07:46,057 - IndustryTrendAnalysis - INFO - Employee migration analysis summary:
2025-04-22 20:07:46,057 - IndustryTrendAnalysis - INFO - Total industries analyzed: 47
2025-04-22 20:07:46,057 - IndustryTrendAnalysis - INFO - Growing industries: 11
2025-04-22 20:07:46,057 - IndustryTrendAnalysis - INFO - Shrinking industries: 10
2025-04-22 20:07:46,057 - IndustryTrendAnalysis - INFO - 
Top 5 fastest growing industries:
2025-04-22 20:07:46,057 - IndustryTrendAnalysis - INFO - Financial Services: 75.0% growth rate, Avg Employees: 137, Companies: 41
2025-04-22 20:07:46,057 - IndustryTrendAnalysis - INFO - Aviation & Aerospace: 75.0% growth rate, Avg Employees: 79, Companies: 7
2025-04-22 20:07:46,057 - IndustryTrendAnalysis - INFO - Legal Services: 75.0% growth rate, Avg Employees: 18, Companies: 4
2025-04-22 20:07:46,057 - IndustryTrendAnalysis - INFO - E-Learning: 72.2% growth rate, Avg Employees: 91, Companies: 6
2025-04-22 20:07:46,057 - IndustryTrendAnalysis - INFO - Health: 68.8% growth rate, Avg Employees: 65, Companies: 12
2025-04-22 20:07:46,057 - IndustryTrendAnalysis - INFO - 
Top 5 fastest shrinking industries:
2025-04-22 20:07:46,057 - IndustryTrendAnalysis - INFO - Electrical/Electronic Manufacturing: -63.5% growth rate, Avg Employees: 40, Companies: 7
2025-04-22 20:07:46,057 - IndustryTrendAnalysis - INFO - Nonprofit Organization Management: -64.9% growth rate, Avg Employees: 182, Companies: 10
2025-04-22 20:07:46,057 - IndustryTrendAnalysis - INFO - Real Estate: -75.0% growth rate, Avg Employees: 122, Companies: 3
2025-04-22 20:07:46,057 - IndustryTrendAnalysis - INFO - Semiconductors: -75.0% growth rate, Avg Employees: 124, Companies: 16
2025-04-22 20:07:46,057 - IndustryTrendAnalysis - INFO - Government Administration: -75.0% growth rate, Avg Employees: 232, Companies: 3
2025-04-22 20:07:46,057 - IndustryTrendAnalysis - INFO - Generating industry trend report...
2025-04-22 20:07:46,058 - IndustryTrendAnalysis - INFO - Report saved to ./outputIndustryTrends/industry_trend_report.json
2025-04-22 20:07:46,059 - IndustryTrendAnalysis - INFO - Creating trend visualizations...
2025-04-22 20:07:47,021 - IndustryTrendAnalysis - INFO - Trend visualizations created successfully
2025-04-22 20:08:14,818 - IndustryTrendAnalysis - INFO - Loaded 1103 records from fundraiser data
2025-04-22 20:08:14,819 - IndustryTrendAnalysis - INFO - Loaded 100 records from growthlist data
2025-04-22 20:08:14,862 - IndustryTrendAnalysis - INFO - Loaded 546 records from topstartup data
2025-04-22 20:08:14,967 - IndustryTrendAnalysis - WARNING - Removed 1 rows with invalid dates
2025-04-22 20:08:14,978 - IndustryTrendAnalysis - INFO - Cleaned data summary:
2025-04-22 20:08:14,978 - IndustryTrendAnalysis - INFO - Total companies: 1668
2025-04-22 20:08:14,978 - IndustryTrendAnalysis - INFO - Total funding rounds: 1747
2025-04-22 20:08:14,979 - IndustryTrendAnalysis - INFO - Date range: 1999-01-01 to 2025-03-01
2025-04-22 20:08:14,979 - IndustryTrendAnalysis - INFO - Total funding amount: $384,936,758,279.00
2025-04-22 20:08:15,310 - IndustryTrendAnalysis - INFO - Final dataset contains 1747 valid records
2025-04-22 20:08:15,310 - IndustryTrendAnalysis - INFO - Analyzing industry trends...
2025-04-22 20:08:15,804 - IndustryTrendAnalysis - INFO - 
Validation Metrics:
2025-04-22 20:08:15,804 - IndustryTrendAnalysis - INFO - Samples: Total=1747, Train=1555, Val=192
2025-04-22 20:08:15,804 - IndustryTrendAnalysis - INFO - Industry Coverage: 30.1%
2025-04-22 20:08:15,804 - IndustryTrendAnalysis - INFO - Funding Growth RMSE: 10.211
2025-04-22 20:08:15,804 - IndustryTrendAnalysis - INFO - Deals Growth RMSE: 0.702
2025-04-22 20:08:15,804 - IndustryTrendAnalysis - INFO - Employees Growth RMSE: 2.225
2025-04-22 20:08:15,804 - IndustryTrendAnalysis - INFO - Emerging Industries Precision: 0.0%
2025-04-22 20:08:15,804 - IndustryTrendAnalysis - INFO - Saturated Industries Precision: 66.7%
2025-04-22 20:08:15,804 - IndustryTrendAnalysis - INFO - 
Industry Analysis Summary:
2025-04-22 20:08:15,804 - IndustryTrendAnalysis - INFO - Total Industries Analyzed: 31
2025-04-22 20:08:15,804 - IndustryTrendAnalysis - INFO - Emerging Industries Found: 1
2025-04-22 20:08:15,804 - IndustryTrendAnalysis - INFO - Saturated Industries Found: 3
2025-04-22 20:08:15,804 - IndustryTrendAnalysis - INFO - Industries with Forecasts: 31
2025-04-22 20:08:15,804 - IndustryTrendAnalysis - INFO - 
Top 5 Emerging Industries by Growth Score:
2025-04-22 20:08:15,804 - IndustryTrendAnalysis - INFO - Information Services: Growth Score 0.24, Growth Rate 100.0%, Market Share 0.03%, Companies 6, Employee Growth 3.4%
2025-04-22 20:08:15,804 - IndustryTrendAnalysis - INFO - 
Top 5 Saturated Industries by Maturity:
2025-04-22 20:08:15,804 - IndustryTrendAnalysis - INFO - Hospital & Health Care: Maturity 2.26, Market Share 0.48%, Concentration 0.12, Growth Rate -50.0%
2025-04-22 20:08:15,804 - IndustryTrendAnalysis - INFO - Semiconductors: Maturity 2.17, Market Share 1.48%, Concentration 0.25, Growth Rate 2.5%
2025-04-22 20:08:15,804 - IndustryTrendAnalysis - INFO - Insurance: Maturity 2.07, Market Share 1.19%, Concentration 0.74, Growth Rate 9.6%
2025-04-22 20:08:15,805 - IndustryTrendAnalysis - INFO - Analyzing employee migration patterns...
2025-04-22 20:08:15,857 - IndustryTrendAnalysis - INFO - Employee migration analysis summary:
2025-04-22 20:08:15,857 - IndustryTrendAnalysis - INFO - Total industries analyzed: 47
2025-04-22 20:08:15,857 - IndustryTrendAnalysis - INFO - Growing industries: 11
2025-04-22 20:08:15,857 - IndustryTrendAnalysis - INFO - Shrinking industries: 10
2025-04-22 20:08:15,857 - IndustryTrendAnalysis - INFO - 
Top 5 fastest growing industries:
2025-04-22 20:08:15,857 - IndustryTrendAnalysis - INFO - Financial Services: 75.0% growth rate, Avg Employees: 137, Companies: 41
2025-04-22 20:08:15,857 - IndustryTrendAnalysis - INFO - Aviation & Aerospace: 75.0% growth rate, Avg Employees: 79, Companies: 7
2025-04-22 20:08:15,857 - IndustryTrendAnalysis - INFO - Legal Services: 75.0% growth rate, Avg Employees: 18, Companies: 4
2025-04-22 20:08:15,857 - IndustryTrendAnalysis - INFO - E-Learning: 72.2% growth rate, Avg Employees: 91, Companies: 6
2025-04-22 20:08:15,857 - IndustryTrendAnalysis - INFO - Health: 68.8% growth rate, Avg Employees: 65, Companies: 12
2025-04-22 20:08:15,857 - IndustryTrendAnalysis - INFO - 
Top 5 fastest shrinking industries:
2025-04-22 20:08:15,857 - IndustryTrendAnalysis - INFO - Electrical/Electronic Manufacturing: -63.5% growth rate, Avg Employees: 40, Companies: 7
2025-04-22 20:08:15,857 - IndustryTrendAnalysis - INFO - Nonprofit Organization Management: -64.9% growth rate, Avg Employees: 182, Companies: 10
2025-04-22 20:08:15,857 - IndustryTrendAnalysis - INFO - Real Estate: -75.0% growth rate, Avg Employees: 122, Companies: 3
2025-04-22 20:08:15,857 - IndustryTrendAnalysis - INFO - Semiconductors: -75.0% growth rate, Avg Employees: 124, Companies: 16
2025-04-22 20:08:15,857 - IndustryTrendAnalysis - INFO - Government Administration: -75.0% growth rate, Avg Employees: 232, Companies: 3
2025-04-22 20:08:15,857 - IndustryTrendAnalysis - INFO - Generating industry trend report...
2025-04-22 20:08:15,858 - IndustryTrendAnalysis - INFO - Report saved to ./outputIndustryTrends/industry_trend_report.json
2025-04-22 20:08:15,858 - IndustryTrendAnalysis - INFO - Creating trend visualizations...
2025-04-22 20:08:16,698 - IndustryTrendAnalysis - INFO - Trend visualizations created successfully
2025-04-22 20:10:02,367 - IndustryTrendAnalysis - INFO - Loaded 1103 records from fundraiser data
2025-04-22 20:10:02,369 - IndustryTrendAnalysis - INFO - Loaded 100 records from growthlist data
2025-04-22 20:10:02,406 - IndustryTrendAnalysis - INFO - Loaded 546 records from topstartup data
2025-04-22 20:10:02,513 - IndustryTrendAnalysis - WARNING - Removed 1 rows with invalid dates
2025-04-22 20:10:02,525 - IndustryTrendAnalysis - INFO - Cleaned data summary:
2025-04-22 20:10:02,526 - IndustryTrendAnalysis - INFO - Total companies: 1668
2025-04-22 20:10:02,526 - IndustryTrendAnalysis - INFO - Total funding rounds: 1747
2025-04-22 20:10:02,526 - IndustryTrendAnalysis - INFO - Date range: 1999-01-01 to 2025-03-01
2025-04-22 20:10:02,526 - IndustryTrendAnalysis - INFO - Total funding amount: $384,936,758,279.00
2025-04-22 20:10:02,825 - IndustryTrendAnalysis - INFO - Final dataset contains 1747 valid records
2025-04-22 20:10:02,825 - IndustryTrendAnalysis - INFO - Analyzing industry trends...
2025-04-22 20:10:03,288 - IndustryTrendAnalysis - INFO - 
Validation Metrics:
2025-04-22 20:10:03,288 - IndustryTrendAnalysis - INFO - Samples: Total=1747, Train=1555, Val=192
2025-04-22 20:10:03,288 - IndustryTrendAnalysis - INFO - Industry Coverage: 30.1%
2025-04-22 20:10:03,288 - IndustryTrendAnalysis - INFO - Funding Growth RMSE: 10.211
2025-04-22 20:10:03,288 - IndustryTrendAnalysis - INFO - Deals Growth RMSE: 0.702
2025-04-22 20:10:03,288 - IndustryTrendAnalysis - INFO - Employees Growth RMSE: 2.225
2025-04-22 20:10:03,288 - IndustryTrendAnalysis - INFO - Emerging Industries Precision: 0.0%
2025-04-22 20:10:03,288 - IndustryTrendAnalysis - INFO - Saturated Industries Precision: 50.0%
2025-04-22 20:10:03,288 - IndustryTrendAnalysis - INFO - 
Industry Analysis Summary:
2025-04-22 20:10:03,288 - IndustryTrendAnalysis - INFO - Total Industries Analyzed: 31
2025-04-22 20:10:03,288 - IndustryTrendAnalysis - INFO - Emerging Industries Found: 2
2025-04-22 20:10:03,288 - IndustryTrendAnalysis - INFO - Saturated Industries Found: 2
2025-04-22 20:10:03,288 - IndustryTrendAnalysis - INFO - Industries with Forecasts: 31
2025-04-22 20:10:03,288 - IndustryTrendAnalysis - INFO - 
Top 5 Emerging Industries by Growth Score:
2025-04-22 20:10:03,288 - IndustryTrendAnalysis - INFO - Information Services: Growth Score 0.74, Momentum 100.0%, Market Share 0.03%, Companies 6, Employee Growth 52.4%
2025-04-22 20:10:03,288 - IndustryTrendAnalysis - INFO - Environmental Services: Growth Score 0.48, Momentum 32.0%, Market Share 0.15%, Companies 8, Employee Growth 59.6%
2025-04-22 20:10:03,288 - IndustryTrendAnalysis - INFO - 
Top 5 Saturated Industries by Maturity:
2025-04-22 20:10:03,288 - IndustryTrendAnalysis - INFO - Semiconductors: Maturity 2.17, Market Share 1.48%, Concentration 0.25, Momentum -50.0%
2025-04-22 20:10:03,288 - IndustryTrendAnalysis - INFO - Insurance: Maturity 2.07, Market Share 1.19%, Concentration 0.74, Momentum -50.0%
2025-04-22 20:10:03,289 - IndustryTrendAnalysis - INFO - Analyzing employee migration patterns...
2025-04-22 20:10:03,336 - IndustryTrendAnalysis - INFO - Employee migration analysis summary:
2025-04-22 20:10:03,336 - IndustryTrendAnalysis - INFO - Total industries analyzed: 47
2025-04-22 20:10:03,336 - IndustryTrendAnalysis - INFO - Growing industries: 11
2025-04-22 20:10:03,336 - IndustryTrendAnalysis - INFO - Shrinking industries: 10
2025-04-22 20:10:03,336 - IndustryTrendAnalysis - INFO - 
Top 5 fastest growing industries:
2025-04-22 20:10:03,336 - IndustryTrendAnalysis - INFO - Computer & Network Security: 50.0% growth rate, Avg Employees: 217, Companies: 32
2025-04-22 20:10:03,336 - IndustryTrendAnalysis - INFO - Financial Services: 50.0% growth rate, Avg Employees: 137, Companies: 41
2025-04-22 20:10:03,336 - IndustryTrendAnalysis - INFO - Environmental Services: 50.0% growth rate, Avg Employees: 130, Companies: 8
2025-04-22 20:10:03,336 - IndustryTrendAnalysis - INFO - Health: 50.0% growth rate, Avg Employees: 65, Companies: 12
2025-04-22 20:10:03,336 - IndustryTrendAnalysis - INFO - Aviation & Aerospace: 50.0% growth rate, Avg Employees: 79, Companies: 7
2025-04-22 20:10:03,336 - IndustryTrendAnalysis - INFO - 
Top 5 fastest shrinking industries:
2025-04-22 20:10:03,336 - IndustryTrendAnalysis - INFO - Real Estate: -50.0% growth rate, Avg Employees: 122, Companies: 3
2025-04-22 20:10:03,336 - IndustryTrendAnalysis - INFO - Electrical/Electronic Manufacturing: -50.0% growth rate, Avg Employees: 40, Companies: 7
2025-04-22 20:10:03,336 - IndustryTrendAnalysis - INFO - Semiconductors: -50.0% growth rate, Avg Employees: 124, Companies: 16
2025-04-22 20:10:03,336 - IndustryTrendAnalysis - INFO - Nonprofit Organization Management: -50.0% growth rate, Avg Employees: 182, Companies: 10
2025-04-22 20:10:03,336 - IndustryTrendAnalysis - INFO - Government Administration: -50.0% growth rate, Avg Employees: 232, Companies: 3
2025-04-22 20:10:03,336 - IndustryTrendAnalysis - INFO - Generating industry trend report...
2025-04-22 20:10:03,337 - IndustryTrendAnalysis - INFO - Report saved to ./outputIndustryTrends/industry_trend_report.json
2025-04-22 20:10:03,337 - IndustryTrendAnalysis - INFO - Creating trend visualizations...
2025-04-22 20:10:03,634 - IndustryTrendAnalysis - ERROR - Error creating visualizations: 'funding_trend'
2025-04-22 20:10:55,076 - IndustryTrendAnalysis - INFO - Loaded 1103 records from fundraiser data
2025-04-22 20:10:55,077 - IndustryTrendAnalysis - INFO - Loaded 100 records from growthlist data
2025-04-22 20:10:55,174 - IndustryTrendAnalysis - INFO - Loaded 546 records from topstartup data
2025-04-22 20:10:55,273 - IndustryTrendAnalysis - WARNING - Removed 1 rows with invalid dates
2025-04-22 20:10:55,285 - IndustryTrendAnalysis - INFO - Cleaned data summary:
2025-04-22 20:10:55,286 - IndustryTrendAnalysis - INFO - Total companies: 1668
2025-04-22 20:10:55,286 - IndustryTrendAnalysis - INFO - Total funding rounds: 1747
2025-04-22 20:10:55,286 - IndustryTrendAnalysis - INFO - Date range: 1999-01-01 to 2025-03-01
2025-04-22 20:10:55,286 - IndustryTrendAnalysis - INFO - Total funding amount: $384,936,758,279.00
2025-04-22 20:10:55,583 - IndustryTrendAnalysis - INFO - Final dataset contains 1747 valid records
2025-04-22 20:10:55,583 - IndustryTrendAnalysis - INFO - Analyzing industry trends...
2025-04-22 20:10:56,119 - IndustryTrendAnalysis - INFO - 
Validation Metrics:
2025-04-22 20:10:56,119 - IndustryTrendAnalysis - INFO - Samples: Total=1747, Train=1555, Val=192
2025-04-22 20:10:56,120 - IndustryTrendAnalysis - INFO - Industry Coverage: 30.1%
2025-04-22 20:10:56,120 - IndustryTrendAnalysis - INFO - Funding Growth RMSE: 10.211
2025-04-22 20:10:56,120 - IndustryTrendAnalysis - INFO - Deals Growth RMSE: 0.702
2025-04-22 20:10:56,120 - IndustryTrendAnalysis - INFO - Employees Growth RMSE: 2.225
2025-04-22 20:10:56,120 - IndustryTrendAnalysis - INFO - Emerging Industries Precision: 0.0%
2025-04-22 20:10:56,120 - IndustryTrendAnalysis - INFO - Saturated Industries Precision: 50.0%
2025-04-22 20:10:56,120 - IndustryTrendAnalysis - INFO - 
Industry Analysis Summary:
2025-04-22 20:10:56,120 - IndustryTrendAnalysis - INFO - Total Industries Analyzed: 31
2025-04-22 20:10:56,120 - IndustryTrendAnalysis - INFO - Emerging Industries Found: 2
2025-04-22 20:10:56,120 - IndustryTrendAnalysis - INFO - Saturated Industries Found: 2
2025-04-22 20:10:56,120 - IndustryTrendAnalysis - INFO - Industries with Forecasts: 31
2025-04-22 20:10:56,120 - IndustryTrendAnalysis - INFO - 
Top 5 Emerging Industries by Growth Score:
2025-04-22 20:10:56,120 - IndustryTrendAnalysis - INFO - Information Services: Growth Score 0.74, Momentum 100.0%, Market Share 0.03%, Companies 6, Employee Growth 52.4%
2025-04-22 20:10:56,120 - IndustryTrendAnalysis - INFO - Environmental Services: Growth Score 0.48, Momentum 32.0%, Market Share 0.15%, Companies 8, Employee Growth 59.6%
2025-04-22 20:10:56,120 - IndustryTrendAnalysis - INFO - 
Top 5 Saturated Industries by Maturity:
2025-04-22 20:10:56,120 - IndustryTrendAnalysis - INFO - Semiconductors: Maturity 2.17, Market Share 1.48%, Concentration 0.25, Momentum -50.0%
2025-04-22 20:10:56,120 - IndustryTrendAnalysis - INFO - Insurance: Maturity 2.07, Market Share 1.19%, Concentration 0.74, Momentum -50.0%
2025-04-22 20:10:56,121 - IndustryTrendAnalysis - INFO - Analyzing employee migration patterns...
2025-04-22 20:10:56,178 - IndustryTrendAnalysis - INFO - Employee migration analysis summary:
2025-04-22 20:10:56,178 - IndustryTrendAnalysis - INFO - Total industries analyzed: 47
2025-04-22 20:10:56,179 - IndustryTrendAnalysis - INFO - Growing industries: 11
2025-04-22 20:10:56,179 - IndustryTrendAnalysis - INFO - Shrinking industries: 10
2025-04-22 20:10:56,179 - IndustryTrendAnalysis - INFO - 
Top 5 fastest growing industries:
2025-04-22 20:10:56,179 - IndustryTrendAnalysis - INFO - Computer & Network Security: 50.0% growth rate, Avg Employees: 217, Companies: 32
2025-04-22 20:10:56,179 - IndustryTrendAnalysis - INFO - Financial Services: 50.0% growth rate, Avg Employees: 137, Companies: 41
2025-04-22 20:10:56,179 - IndustryTrendAnalysis - INFO - Environmental Services: 50.0% growth rate, Avg Employees: 130, Companies: 8
2025-04-22 20:10:56,179 - IndustryTrendAnalysis - INFO - Health: 50.0% growth rate, Avg Employees: 65, Companies: 12
2025-04-22 20:10:56,179 - IndustryTrendAnalysis - INFO - Aviation & Aerospace: 50.0% growth rate, Avg Employees: 79, Companies: 7
2025-04-22 20:10:56,179 - IndustryTrendAnalysis - INFO - 
Top 5 fastest shrinking industries:
2025-04-22 20:10:56,179 - IndustryTrendAnalysis - INFO - Real Estate: -50.0% growth rate, Avg Employees: 122, Companies: 3
2025-04-22 20:10:56,179 - IndustryTrendAnalysis - INFO - Electrical/Electronic Manufacturing: -50.0% growth rate, Avg Employees: 40, Companies: 7
2025-04-22 20:10:56,179 - IndustryTrendAnalysis - INFO - Semiconductors: -50.0% growth rate, Avg Employees: 124, Companies: 16
2025-04-22 20:10:56,179 - IndustryTrendAnalysis - INFO - Nonprofit Organization Management: -50.0% growth rate, Avg Employees: 182, Companies: 10
2025-04-22 20:10:56,179 - IndustryTrendAnalysis - INFO - Government Administration: -50.0% growth rate, Avg Employees: 232, Companies: 3
2025-04-22 20:10:56,179 - IndustryTrendAnalysis - INFO - Generating industry trend report...
2025-04-22 20:10:56,182 - IndustryTrendAnalysis - INFO - Report saved to ./outputIndustryTrends/industry_trend_report.json
2025-04-22 20:10:56,182 - IndustryTrendAnalysis - INFO - Creating trend visualizations...
2025-04-22 20:10:57,055 - IndustryTrendAnalysis - INFO - Trend visualizations created successfully
2025-04-22 20:12:19,404 - IndustryTrendAnalysis - INFO - Loaded 1103 records from fundraiser data
2025-04-22 20:12:19,406 - IndustryTrendAnalysis - INFO - Loaded 100 records from growthlist data
2025-04-22 20:12:19,486 - IndustryTrendAnalysis - INFO - Loaded 546 records from topstartup data
2025-04-22 20:12:19,582 - IndustryTrendAnalysis - WARNING - Removed 1 rows with invalid dates
2025-04-22 20:12:19,592 - IndustryTrendAnalysis - INFO - Cleaned data summary:
2025-04-22 20:12:19,593 - IndustryTrendAnalysis - INFO - Total companies: 1668
2025-04-22 20:12:19,593 - IndustryTrendAnalysis - INFO - Total funding rounds: 1747
2025-04-22 20:12:19,593 - IndustryTrendAnalysis - INFO - Date range: 1999-01-01 to 2025-03-01
2025-04-22 20:12:19,593 - IndustryTrendAnalysis - INFO - Total funding amount: $384,936,758,279.00
2025-04-22 20:12:19,887 - IndustryTrendAnalysis - INFO - Final dataset contains 1747 valid records
2025-04-22 20:12:19,887 - IndustryTrendAnalysis - INFO - Analyzing industry trends...
2025-04-22 20:12:20,327 - IndustryTrendAnalysis - INFO - 
Validation Metrics:
2025-04-22 20:12:20,327 - IndustryTrendAnalysis - INFO - Samples: Total=1747, Train=1555, Val=192
2025-04-22 20:12:20,327 - IndustryTrendAnalysis - INFO - Industry Coverage: 30.1%
2025-04-22 20:12:20,327 - IndustryTrendAnalysis - INFO - Funding Growth RMSE: 10.211
2025-04-22 20:12:20,327 - IndustryTrendAnalysis - INFO - Deals Growth RMSE: 0.702
2025-04-22 20:12:20,327 - IndustryTrendAnalysis - INFO - Employees Growth RMSE: 2.225
2025-04-22 20:12:20,327 - IndustryTrendAnalysis - INFO - Emerging Industries Precision: 0.0%
2025-04-22 20:12:20,327 - IndustryTrendAnalysis - INFO - Saturated Industries Precision: 50.0%
2025-04-22 20:12:20,327 - IndustryTrendAnalysis - INFO - 
Industry Analysis Summary:
2025-04-22 20:12:20,327 - IndustryTrendAnalysis - INFO - Total Industries Analyzed: 31
2025-04-22 20:12:20,327 - IndustryTrendAnalysis - INFO - Emerging Industries Found: 2
2025-04-22 20:12:20,327 - IndustryTrendAnalysis - INFO - Saturated Industries Found: 2
2025-04-22 20:12:20,327 - IndustryTrendAnalysis - INFO - Industries with Forecasts: 31
2025-04-22 20:12:20,327 - IndustryTrendAnalysis - INFO - 
Top 5 Emerging Industries by Growth Score:
2025-04-22 20:12:20,327 - IndustryTrendAnalysis - INFO - Information Services: Growth Score 0.50, Momentum 50.0%, Market Share 0.03%, Companies 6, Employee Growth 50.0%
2025-04-22 20:12:20,328 - IndustryTrendAnalysis - INFO - Environmental Services: Growth Score 0.26, Momentum 50.0%, Market Share 0.15%, Companies 8, Employee Growth 50.0%
2025-04-22 20:12:20,328 - IndustryTrendAnalysis - INFO - 
Top 5 Saturated Industries by Maturity:
2025-04-22 20:12:20,328 - IndustryTrendAnalysis - INFO - Semiconductors: Maturity 2.17, Market Share 1.48%, Concentration 0.25, Momentum -30.0%
2025-04-22 20:12:20,328 - IndustryTrendAnalysis - INFO - Insurance: Maturity 2.07, Market Share 1.19%, Concentration 0.74, Momentum -30.0%
2025-04-22 20:12:20,328 - IndustryTrendAnalysis - INFO - Analyzing employee migration patterns...
2025-04-22 20:12:20,371 - IndustryTrendAnalysis - INFO - Employee migration analysis summary:
2025-04-22 20:12:20,371 - IndustryTrendAnalysis - INFO - Total industries analyzed: 47
2025-04-22 20:12:20,371 - IndustryTrendAnalysis - INFO - Growing industries: 11
2025-04-22 20:12:20,371 - IndustryTrendAnalysis - INFO - Shrinking industries: 10
2025-04-22 20:12:20,371 - IndustryTrendAnalysis - INFO - 
Top 5 fastest growing industries:
2025-04-22 20:12:20,371 - IndustryTrendAnalysis - INFO - Computer & Network Security: 50.0% growth rate, Avg Employees: 217, Companies: 32
2025-04-22 20:12:20,371 - IndustryTrendAnalysis - INFO - Financial Services: 50.0% growth rate, Avg Employees: 137, Companies: 41
2025-04-22 20:12:20,371 - IndustryTrendAnalysis - INFO - Environmental Services: 50.0% growth rate, Avg Employees: 130, Companies: 8
2025-04-22 20:12:20,371 - IndustryTrendAnalysis - INFO - Health: 50.0% growth rate, Avg Employees: 65, Companies: 12
2025-04-22 20:12:20,371 - IndustryTrendAnalysis - INFO - Aviation & Aerospace: 50.0% growth rate, Avg Employees: 79, Companies: 7
2025-04-22 20:12:20,371 - IndustryTrendAnalysis - INFO - 
Top 5 fastest shrinking industries:
2025-04-22 20:12:20,371 - IndustryTrendAnalysis - INFO - Medical Devices: -30.0% growth rate, Avg Employees: 49, Companies: 22
2025-04-22 20:12:20,371 - IndustryTrendAnalysis - INFO - Electrical/Electronic Manufacturing: -30.0% growth rate, Avg Employees: 40, Companies: 7
2025-04-22 20:12:20,371 - IndustryTrendAnalysis - INFO - Semiconductors: -30.0% growth rate, Avg Employees: 124, Companies: 16
2025-04-22 20:12:20,371 - IndustryTrendAnalysis - INFO - Nonprofit Organization Management: -30.0% growth rate, Avg Employees: 182, Companies: 10
2025-04-22 20:12:20,371 - IndustryTrendAnalysis - INFO - Government Administration: -30.0% growth rate, Avg Employees: 232, Companies: 3
2025-04-22 20:12:20,371 - IndustryTrendAnalysis - INFO - Generating industry trend report...
2025-04-22 20:12:20,374 - IndustryTrendAnalysis - INFO - Report saved to ./outputIndustryTrends/industry_trend_report.json
2025-04-22 20:12:20,374 - IndustryTrendAnalysis - INFO - Creating trend visualizations...
2025-04-22 20:12:21,266 - IndustryTrendAnalysis - INFO - Trend visualizations created successfully
2025-04-22 20:16:56,408 - IndustryTrendAnalysis - INFO - Loaded 1103 records from fundraiser data
2025-04-22 20:16:56,409 - IndustryTrendAnalysis - INFO - Loaded 100 records from growthlist data
2025-04-22 20:16:56,489 - IndustryTrendAnalysis - INFO - Loaded 546 records from topstartup data
2025-04-22 20:16:56,598 - IndustryTrendAnalysis - WARNING - Removed 1 rows with invalid dates
2025-04-22 20:16:56,611 - IndustryTrendAnalysis - INFO - Cleaned data summary:
2025-04-22 20:16:56,612 - IndustryTrendAnalysis - INFO - Total companies: 1668
2025-04-22 20:16:56,612 - IndustryTrendAnalysis - INFO - Total funding rounds: 1747
2025-04-22 20:16:56,612 - IndustryTrendAnalysis - INFO - Date range: 1999-01-01 to 2025-03-01
2025-04-22 20:16:56,612 - IndustryTrendAnalysis - INFO - Total funding amount: $384,936,758,279.00
2025-04-22 20:16:56,970 - IndustryTrendAnalysis - INFO - Final dataset contains 1747 valid records
2025-04-22 20:16:56,971 - IndustryTrendAnalysis - INFO - Analyzing industry trends...
2025-04-22 20:16:57,538 - IndustryTrendAnalysis - INFO - 
Validation Metrics:
2025-04-22 20:16:57,538 - IndustryTrendAnalysis - INFO - Samples: Total=1747, Train=1555, Val=192
2025-04-22 20:16:57,538 - IndustryTrendAnalysis - INFO - Industry Coverage: 30.1%
2025-04-22 20:16:57,538 - IndustryTrendAnalysis - INFO - Funding Growth RMSE: 10.211
2025-04-22 20:16:57,538 - IndustryTrendAnalysis - INFO - Deals Growth RMSE: 0.702
2025-04-22 20:16:57,538 - IndustryTrendAnalysis - INFO - Employees Growth RMSE: 2.225
2025-04-22 20:16:57,538 - IndustryTrendAnalysis - INFO - Emerging Industries Precision: 0.0%
2025-04-22 20:16:57,538 - IndustryTrendAnalysis - INFO - Saturated Industries Precision: 50.0%
2025-04-22 20:16:57,538 - IndustryTrendAnalysis - INFO - 
Industry Analysis Summary:
2025-04-22 20:16:57,538 - IndustryTrendAnalysis - INFO - Total Industries Analyzed: 31
2025-04-22 20:16:57,538 - IndustryTrendAnalysis - INFO - Emerging Industries Found: 2
2025-04-22 20:16:57,538 - IndustryTrendAnalysis - INFO - Saturated Industries Found: 2
2025-04-22 20:16:57,538 - IndustryTrendAnalysis - INFO - Industries with Forecasts: 31
2025-04-22 20:16:57,538 - IndustryTrendAnalysis - INFO - 
Top 5 Emerging Industries by Growth Score:
2025-04-22 20:16:57,538 - IndustryTrendAnalysis - INFO - Information Services: Growth Score 0.50, Momentum 50.0%, Market Share 0.03%, Companies 6, Employee Growth 50.0%
2025-04-22 20:16:57,538 - IndustryTrendAnalysis - INFO - Environmental Services: Growth Score 0.26, Momentum 50.0%, Market Share 0.15%, Companies 8, Employee Growth 50.0%
2025-04-22 20:16:57,538 - IndustryTrendAnalysis - INFO - 
Top 5 Saturated Industries by Maturity:
2025-04-22 20:16:57,538 - IndustryTrendAnalysis - INFO - Semiconductors: Maturity 2.17, Market Share 1.48%, Concentration 0.25, Momentum -30.0%
2025-04-22 20:16:57,538 - IndustryTrendAnalysis - INFO - Insurance: Maturity 2.07, Market Share 1.19%, Concentration 0.74, Momentum -30.0%
2025-04-22 20:16:57,539 - IndustryTrendAnalysis - INFO - Analyzing employee migration patterns...
2025-04-22 20:16:57,621 - IndustryTrendAnalysis - INFO - Employee migration analysis summary:
2025-04-22 20:16:57,622 - IndustryTrendAnalysis - INFO - Total industries analyzed: 47
2025-04-22 20:16:57,622 - IndustryTrendAnalysis - INFO - Growing industries: 11
2025-04-22 20:16:57,622 - IndustryTrendAnalysis - INFO - Shrinking industries: 10
2025-04-22 20:16:57,622 - IndustryTrendAnalysis - INFO - 
Top 5 fastest growing industries:
2025-04-22 20:16:57,622 - IndustryTrendAnalysis - INFO - Computer & Network Security: 50.0% growth rate, Avg Employees: 217, Companies: 32
2025-04-22 20:16:57,622 - IndustryTrendAnalysis - INFO - Financial Services: 50.0% growth rate, Avg Employees: 137, Companies: 41
2025-04-22 20:16:57,622 - IndustryTrendAnalysis - INFO - Environmental Services: 50.0% growth rate, Avg Employees: 130, Companies: 8
2025-04-22 20:16:57,622 - IndustryTrendAnalysis - INFO - Health: 50.0% growth rate, Avg Employees: 65, Companies: 12
2025-04-22 20:16:57,622 - IndustryTrendAnalysis - INFO - Aviation & Aerospace: 50.0% growth rate, Avg Employees: 79, Companies: 7
2025-04-22 20:16:57,622 - IndustryTrendAnalysis - INFO - 
Top 5 fastest shrinking industries:
2025-04-22 20:16:57,622 - IndustryTrendAnalysis - INFO - Medical Devices: -30.0% growth rate, Avg Employees: 49, Companies: 22
2025-04-22 20:16:57,622 - IndustryTrendAnalysis - INFO - Electrical/Electronic Manufacturing: -30.0% growth rate, Avg Employees: 40, Companies: 7
2025-04-22 20:16:57,622 - IndustryTrendAnalysis - INFO - Semiconductors: -30.0% growth rate, Avg Employees: 124, Companies: 16
2025-04-22 20:16:57,622 - IndustryTrendAnalysis - INFO - Nonprofit Organization Management: -30.0% growth rate, Avg Employees: 182, Companies: 10
2025-04-22 20:16:57,622 - IndustryTrendAnalysis - INFO - Government Administration: -30.0% growth rate, Avg Employees: 232, Companies: 3
2025-04-22 20:16:57,622 - IndustryTrendAnalysis - INFO - Generating industry trend report...
2025-04-22 20:16:57,624 - IndustryTrendAnalysis - INFO - Report saved to ./outputIndustryTrends/industry_trend_report.json
2025-04-22 20:16:57,624 - IndustryTrendAnalysis - INFO - Creating trend visualizations...
2025-04-22 20:16:58,717 - IndustryTrendAnalysis - INFO - Trend visualizations created successfully
2025-04-22 20:19:43,684 - IndustryTrendAnalysis - INFO - Loaded 1103 records from fundraiser data
2025-04-22 20:19:43,686 - IndustryTrendAnalysis - INFO - Loaded 100 records from growthlist data
2025-04-22 20:19:43,782 - IndustryTrendAnalysis - INFO - Loaded 546 records from topstartup data
2025-04-22 20:19:43,890 - IndustryTrendAnalysis - WARNING - Removed 1 rows with invalid dates
2025-04-22 20:19:43,902 - IndustryTrendAnalysis - INFO - Cleaned data summary:
2025-04-22 20:19:43,902 - IndustryTrendAnalysis - INFO - Total companies: 1668
2025-04-22 20:19:43,902 - IndustryTrendAnalysis - INFO - Total funding rounds: 1747
2025-04-22 20:19:43,903 - IndustryTrendAnalysis - INFO - Date range: 1999-01-01 to 2025-03-01
2025-04-22 20:19:43,903 - IndustryTrendAnalysis - INFO - Total funding amount: $384,936,758,279.00
2025-04-22 20:19:44,230 - IndustryTrendAnalysis - INFO - Final dataset contains 1747 valid records
2025-04-22 20:19:44,230 - IndustryTrendAnalysis - INFO - Analyzing industry trends...
2025-04-22 20:19:44,242 - IndustryTrendAnalysis - ERROR - Error in trend analysis: name 'calculate_growth_rate' is not defined
2025-04-22 20:20:17,690 - IndustryTrendAnalysis - INFO - Loaded 1103 records from fundraiser data
2025-04-22 20:20:17,691 - IndustryTrendAnalysis - INFO - Loaded 100 records from growthlist data
2025-04-22 20:20:17,780 - IndustryTrendAnalysis - INFO - Loaded 546 records from topstartup data
2025-04-22 20:20:17,890 - IndustryTrendAnalysis - WARNING - Removed 1 rows with invalid dates
2025-04-22 20:20:17,903 - IndustryTrendAnalysis - INFO - Cleaned data summary:
2025-04-22 20:20:17,904 - IndustryTrendAnalysis - INFO - Total companies: 1668
2025-04-22 20:20:17,904 - IndustryTrendAnalysis - INFO - Total funding rounds: 1747
2025-04-22 20:20:17,904 - IndustryTrendAnalysis - INFO - Date range: 1999-01-01 to 2025-03-01
2025-04-22 20:20:17,904 - IndustryTrendAnalysis - INFO - Total funding amount: $384,936,758,279.00
2025-04-22 20:20:18,211 - IndustryTrendAnalysis - INFO - Final dataset contains 1747 valid records
2025-04-22 20:20:18,212 - IndustryTrendAnalysis - INFO - Analyzing industry trends...
2025-04-22 20:20:18,224 - IndustryTrendAnalysis - ERROR - Error in trend analysis: name 'calculate_growth_rate' is not defined
2025-04-22 20:21:28,704 - IndustryTrendAnalysis - INFO - Loaded 1103 records from fundraiser data
2025-04-22 20:21:28,706 - IndustryTrendAnalysis - INFO - Loaded 100 records from growthlist data
2025-04-22 20:21:28,757 - IndustryTrendAnalysis - INFO - Loaded 546 records from topstartup data
2025-04-22 20:21:28,878 - IndustryTrendAnalysis - WARNING - Removed 1 rows with invalid dates
2025-04-22 20:21:28,891 - IndustryTrendAnalysis - INFO - Cleaned data summary:
2025-04-22 20:21:28,892 - IndustryTrendAnalysis - INFO - Total companies: 1668
2025-04-22 20:21:28,892 - IndustryTrendAnalysis - INFO - Total funding rounds: 1747
2025-04-22 20:21:28,892 - IndustryTrendAnalysis - INFO - Date range: 1999-01-01 to 2025-03-01
2025-04-22 20:21:28,892 - IndustryTrendAnalysis - INFO - Total funding amount: $384,936,758,279.00
2025-04-22 20:21:29,557 - IndustryTrendAnalysis - INFO - Final dataset contains 1747 valid records
2025-04-22 20:21:29,558 - IndustryTrendAnalysis - INFO - Analyzing industry trends...
2025-04-22 20:21:29,572 - IndustryTrendAnalysis - ERROR - Error in trend analysis: name 'hhi' is not defined
2025-04-22 20:22:21,536 - IndustryTrendAnalysis - INFO - Loaded 1103 records from fundraiser data
2025-04-22 20:22:21,538 - IndustryTrendAnalysis - INFO - Loaded 100 records from growthlist data
2025-04-22 20:22:21,618 - IndustryTrendAnalysis - INFO - Loaded 546 records from topstartup data
2025-04-22 20:22:21,749 - IndustryTrendAnalysis - WARNING - Removed 1 rows with invalid dates
2025-04-22 20:22:21,783 - IndustryTrendAnalysis - INFO - Cleaned data summary:
2025-04-22 20:22:21,784 - IndustryTrendAnalysis - INFO - Total companies: 1668
2025-04-22 20:22:21,784 - IndustryTrendAnalysis - INFO - Total funding rounds: 1747
2025-04-22 20:22:21,786 - IndustryTrendAnalysis - INFO - Date range: 1999-01-01 to 2025-03-01
2025-04-22 20:22:21,786 - IndustryTrendAnalysis - INFO - Total funding amount: $384,936,758,279.00
2025-04-22 20:22:22,250 - IndustryTrendAnalysis - INFO - Final dataset contains 1747 valid records
2025-04-22 20:22:22,251 - IndustryTrendAnalysis - INFO - Analyzing industry trends...
2025-04-22 20:22:22,845 - IndustryTrendAnalysis - INFO - 
Validation Metrics:
2025-04-22 20:22:22,845 - IndustryTrendAnalysis - INFO - Samples: Total=1747, Train=1555, Val=192
2025-04-22 20:22:22,845 - IndustryTrendAnalysis - INFO - Industry Coverage: 30.1%
2025-04-22 20:22:22,845 - IndustryTrendAnalysis - INFO - Funding Growth RMSE: 10.211
2025-04-22 20:22:22,845 - IndustryTrendAnalysis - INFO - Deals Growth RMSE: 0.702
2025-04-22 20:22:22,845 - IndustryTrendAnalysis - INFO - Employees Growth RMSE: 2.225
2025-04-22 20:22:22,845 - IndustryTrendAnalysis - INFO - Emerging Industries Precision: 0.0%
2025-04-22 20:22:22,845 - IndustryTrendAnalysis - INFO - Saturated Industries Precision: 0.0%
2025-04-22 20:22:22,845 - IndustryTrendAnalysis - INFO - 
Industry Analysis Summary:
2025-04-22 20:22:22,845 - IndustryTrendAnalysis - INFO - Total Industries Analyzed: 31
2025-04-22 20:22:22,845 - IndustryTrendAnalysis - INFO - Emerging Industries Found: 0
2025-04-22 20:22:22,845 - IndustryTrendAnalysis - INFO - Saturated Industries Found: 0
2025-04-22 20:22:22,845 - IndustryTrendAnalysis - INFO - Industries with Forecasts: 31
2025-04-22 20:22:22,845 - IndustryTrendAnalysis - INFO - 
Top 5 Emerging Industries by Growth Score:
2025-04-22 20:22:22,845 - IndustryTrendAnalysis - INFO - 
Top 5 Saturated Industries by Maturity:
2025-04-22 20:22:22,846 - IndustryTrendAnalysis - INFO - Analyzing employee migration patterns...
2025-04-22 20:22:22,929 - IndustryTrendAnalysis - INFO - Employee migration analysis summary:
2025-04-22 20:22:22,929 - IndustryTrendAnalysis - INFO - Total industries analyzed: 41
2025-04-22 20:22:22,929 - IndustryTrendAnalysis - INFO - Growing industries: 17
2025-04-22 20:22:22,929 - IndustryTrendAnalysis - INFO - Shrinking industries: 17
2025-04-22 20:22:22,929 - IndustryTrendAnalysis - INFO - 
Top 5 fastest growing industries:
2025-04-22 20:22:22,929 - IndustryTrendAnalysis - INFO - Defense & Space: 35.0% growth rate, Avg Employees: 39, Companies: 3
2025-04-22 20:22:22,929 - IndustryTrendAnalysis - INFO - Environmental Services: 35.0% growth rate, Avg Employees: 130, Companies: 8
2025-04-22 20:22:22,929 - IndustryTrendAnalysis - INFO - Renewables & Environment: 35.0% growth rate, Avg Employees: 28, Companies: 3
2025-04-22 20:22:22,929 - IndustryTrendAnalysis - INFO - Computer Hardware: 35.0% growth rate, Avg Employees: 135, Companies: 9
2025-04-22 20:22:22,929 - IndustryTrendAnalysis - INFO - Food & Beverages: 34.2% growth rate, Avg Employees: 46, Companies: 8
2025-04-22 20:22:22,930 - IndustryTrendAnalysis - INFO - 
Top 5 fastest shrinking industries:
2025-04-22 20:22:22,930 - IndustryTrendAnalysis - INFO - Computer Networking: -25.0% growth rate, Avg Employees: 123, Companies: 3
2025-04-22 20:22:22,930 - IndustryTrendAnalysis - INFO - Mental Health Care: -25.0% growth rate, Avg Employees: 130, Companies: 7
2025-04-22 20:22:22,930 - IndustryTrendAnalysis - INFO - Higher Education: -25.0% growth rate, Avg Employees: 613, Companies: 3
2025-04-22 20:22:22,930 - IndustryTrendAnalysis - INFO - Government Administration: -25.0% growth rate, Avg Employees: 232, Companies: 3
2025-04-22 20:22:22,930 - IndustryTrendAnalysis - INFO - Internet: -25.0% growth rate, Avg Employees: 32, Companies: 8
2025-04-22 20:22:22,930 - IndustryTrendAnalysis - INFO - Generating industry trend report...
2025-04-22 20:22:22,932 - IndustryTrendAnalysis - INFO - Report saved to ./outputIndustryTrends/industry_trend_report.json
2025-04-22 20:22:22,932 - IndustryTrendAnalysis - INFO - Creating trend visualizations...
2025-04-22 20:22:22,968 - IndustryTrendAnalysis - INFO - Trend visualizations created successfully
2025-04-22 20:22:50,012 - IndustryTrendAnalysis - INFO - Loaded 1103 records from fundraiser data
2025-04-22 20:22:50,013 - IndustryTrendAnalysis - INFO - Loaded 100 records from growthlist data
2025-04-22 20:22:50,093 - IndustryTrendAnalysis - INFO - Loaded 546 records from topstartup data
2025-04-22 20:22:50,189 - IndustryTrendAnalysis - WARNING - Removed 1 rows with invalid dates
2025-04-22 20:22:50,200 - IndustryTrendAnalysis - INFO - Cleaned data summary:
2025-04-22 20:22:50,200 - IndustryTrendAnalysis - INFO - Total companies: 1668
2025-04-22 20:22:50,200 - IndustryTrendAnalysis - INFO - Total funding rounds: 1747
2025-04-22 20:22:50,201 - IndustryTrendAnalysis - INFO - Date range: 1999-01-01 to 2025-03-01
2025-04-22 20:22:50,201 - IndustryTrendAnalysis - INFO - Total funding amount: $384,936,758,279.00
2025-04-22 20:22:50,531 - IndustryTrendAnalysis - INFO - Final dataset contains 1747 valid records
2025-04-22 20:22:50,532 - IndustryTrendAnalysis - INFO - Analyzing industry trends...
2025-04-22 20:22:51,032 - IndustryTrendAnalysis - INFO - 
Validation Metrics:
2025-04-22 20:22:51,032 - IndustryTrendAnalysis - INFO - Samples: Total=1747, Train=1555, Val=192
2025-04-22 20:22:51,032 - IndustryTrendAnalysis - INFO - Industry Coverage: 30.1%
2025-04-22 20:22:51,032 - IndustryTrendAnalysis - INFO - Funding Growth RMSE: 10.211
2025-04-22 20:22:51,032 - IndustryTrendAnalysis - INFO - Deals Growth RMSE: 0.702
2025-04-22 20:22:51,032 - IndustryTrendAnalysis - INFO - Employees Growth RMSE: 2.225
2025-04-22 20:22:51,032 - IndustryTrendAnalysis - INFO - Emerging Industries Precision: 0.0%
2025-04-22 20:22:51,032 - IndustryTrendAnalysis - INFO - Saturated Industries Precision: 55.6%
2025-04-22 20:22:51,033 - IndustryTrendAnalysis - INFO - 
Industry Analysis Summary:
2025-04-22 20:22:51,033 - IndustryTrendAnalysis - INFO - Total Industries Analyzed: 31
2025-04-22 20:22:51,033 - IndustryTrendAnalysis - INFO - Emerging Industries Found: 0
2025-04-22 20:22:51,033 - IndustryTrendAnalysis - INFO - Saturated Industries Found: 9
2025-04-22 20:22:51,033 - IndustryTrendAnalysis - INFO - Industries with Forecasts: 31
2025-04-22 20:22:51,033 - IndustryTrendAnalysis - INFO - 
Top 5 Emerging Industries by Growth Score:
2025-04-22 20:22:51,033 - IndustryTrendAnalysis - INFO - 
Top 5 Saturated Industries by Maturity:
2025-04-22 20:22:51,033 - IndustryTrendAnalysis - INFO - Information Technology & Services: Maturity 29.03, Market Share 66.60%, Concentration 0.59, Momentum 0.0%
2025-04-22 20:22:51,033 - IndustryTrendAnalysis - INFO - Research: Maturity 7.14, Market Share 8.79%, Concentration 0.24, Momentum 27.2%
2025-04-22 20:22:51,033 - IndustryTrendAnalysis - INFO - Artificial Intelligence: Maturity 4.22, Market Share 4.78%, Concentration 0.57, Momentum 0.0%
2025-04-22 20:22:51,033 - IndustryTrendAnalysis - INFO - Financial Services: Maturity 3.68, Market Share 3.19%, Concentration 0.19, Momentum 0.1%
2025-04-22 20:22:51,033 - IndustryTrendAnalysis - INFO - Computer & Network Security: Maturity 2.79, Market Share 1.66%, Concentration 0.07, Momentum -14.0%
2025-04-22 20:22:51,034 - IndustryTrendAnalysis - INFO - Analyzing employee migration patterns...
2025-04-22 20:22:51,130 - IndustryTrendAnalysis - INFO - Employee migration analysis summary:
2025-04-22 20:22:51,130 - IndustryTrendAnalysis - INFO - Total industries analyzed: 41
2025-04-22 20:22:51,130 - IndustryTrendAnalysis - INFO - Growing industries: 19
2025-04-22 20:22:51,130 - IndustryTrendAnalysis - INFO - Shrinking industries: 15
2025-04-22 20:22:51,130 - IndustryTrendAnalysis - INFO - 
Top 5 fastest growing industries:
2025-04-22 20:22:51,130 - IndustryTrendAnalysis - INFO - Defense & Space: 35.0% growth rate, Avg Employees: 39, Companies: 3
2025-04-22 20:22:51,130 - IndustryTrendAnalysis - INFO - Environmental Services: 35.0% growth rate, Avg Employees: 130, Companies: 8
2025-04-22 20:22:51,130 - IndustryTrendAnalysis - INFO - Renewables & Environment: 35.0% growth rate, Avg Employees: 28, Companies: 3
2025-04-22 20:22:51,130 - IndustryTrendAnalysis - INFO - Computer Hardware: 35.0% growth rate, Avg Employees: 135, Companies: 9
2025-04-22 20:22:51,130 - IndustryTrendAnalysis - INFO - Food & Beverages: 34.2% growth rate, Avg Employees: 46, Companies: 8
2025-04-22 20:22:51,130 - IndustryTrendAnalysis - INFO - 
Top 5 fastest shrinking industries:
2025-04-22 20:22:51,130 - IndustryTrendAnalysis - INFO - Computer Networking: -25.0% growth rate, Avg Employees: 123, Companies: 3
2025-04-22 20:22:51,130 - IndustryTrendAnalysis - INFO - Mental Health Care: -25.0% growth rate, Avg Employees: 130, Companies: 7
2025-04-22 20:22:51,130 - IndustryTrendAnalysis - INFO - Higher Education: -25.0% growth rate, Avg Employees: 613, Companies: 3
2025-04-22 20:22:51,131 - IndustryTrendAnalysis - INFO - Government Administration: -25.0% growth rate, Avg Employees: 232, Companies: 3
2025-04-22 20:22:51,131 - IndustryTrendAnalysis - INFO - Internet: -25.0% growth rate, Avg Employees: 32, Companies: 8
2025-04-22 20:22:51,131 - IndustryTrendAnalysis - INFO - Generating industry trend report...
2025-04-22 20:22:51,132 - IndustryTrendAnalysis - INFO - Report saved to ./outputIndustryTrends/industry_trend_report.json
2025-04-22 20:22:51,133 - IndustryTrendAnalysis - INFO - Creating trend visualizations...
2025-04-22 20:22:51,537 - IndustryTrendAnalysis - INFO - Trend visualizations created successfully
2025-04-22 20:23:24,809 - IndustryTrendAnalysis - INFO - Loaded 1103 records from fundraiser data
2025-04-22 20:23:24,811 - IndustryTrendAnalysis - INFO - Loaded 100 records from growthlist data
2025-04-22 20:23:24,923 - IndustryTrendAnalysis - INFO - Loaded 546 records from topstartup data
2025-04-22 20:23:25,041 - IndustryTrendAnalysis - WARNING - Removed 1 rows with invalid dates
2025-04-22 20:23:25,051 - IndustryTrendAnalysis - INFO - Cleaned data summary:
2025-04-22 20:23:25,052 - IndustryTrendAnalysis - INFO - Total companies: 1668
2025-04-22 20:23:25,052 - IndustryTrendAnalysis - INFO - Total funding rounds: 1747
2025-04-22 20:23:25,052 - IndustryTrendAnalysis - INFO - Date range: 1999-01-01 to 2025-03-01
2025-04-22 20:23:25,052 - IndustryTrendAnalysis - INFO - Total funding amount: $384,936,758,279.00
2025-04-22 20:23:25,360 - IndustryTrendAnalysis - INFO - Final dataset contains 1747 valid records
2025-04-22 20:23:25,361 - IndustryTrendAnalysis - INFO - Analyzing industry trends...
2025-04-22 20:23:26,225 - IndustryTrendAnalysis - INFO - 
Validation Metrics:
2025-04-22 20:23:26,225 - IndustryTrendAnalysis - INFO - Samples: Total=1747, Train=1555, Val=192
2025-04-22 20:23:26,225 - IndustryTrendAnalysis - INFO - Industry Coverage: 30.1%
2025-04-22 20:23:26,225 - IndustryTrendAnalysis - INFO - Funding Growth RMSE: 10.211
2025-04-22 20:23:26,225 - IndustryTrendAnalysis - INFO - Deals Growth RMSE: 0.702
2025-04-22 20:23:26,225 - IndustryTrendAnalysis - INFO - Employees Growth RMSE: 2.225
2025-04-22 20:23:26,225 - IndustryTrendAnalysis - INFO - Emerging Industries Precision: 0.0%
2025-04-22 20:23:26,225 - IndustryTrendAnalysis - INFO - Saturated Industries Precision: 55.6%
2025-04-22 20:23:26,226 - IndustryTrendAnalysis - INFO - 
Industry Analysis Summary:
2025-04-22 20:23:26,226 - IndustryTrendAnalysis - INFO - Total Industries Analyzed: 31
2025-04-22 20:23:26,226 - IndustryTrendAnalysis - INFO - Emerging Industries Found: 1
2025-04-22 20:23:26,226 - IndustryTrendAnalysis - INFO - Saturated Industries Found: 9
2025-04-22 20:23:26,226 - IndustryTrendAnalysis - INFO - Industries with Forecasts: 31
2025-04-22 20:23:26,226 - IndustryTrendAnalysis - INFO - 
Top 5 Emerging Industries by Growth Score:
2025-04-22 20:23:26,226 - IndustryTrendAnalysis - INFO - Information Services: Growth Score 0.15, Momentum 35.0%, Market Share 0.03%, Companies 6, Employee Growth -0.4%
2025-04-22 20:23:26,226 - IndustryTrendAnalysis - INFO - 
Top 5 Saturated Industries by Maturity:
2025-04-22 20:23:26,226 - IndustryTrendAnalysis - INFO - Information Technology & Services: Maturity 29.03, Market Share 66.60%, Concentration 0.59, Momentum 0.0%
2025-04-22 20:23:26,227 - IndustryTrendAnalysis - INFO - Research: Maturity 7.14, Market Share 8.79%, Concentration 0.24, Momentum 27.2%
2025-04-22 20:23:26,227 - IndustryTrendAnalysis - INFO - Artificial Intelligence: Maturity 4.22, Market Share 4.78%, Concentration 0.57, Momentum 0.0%
2025-04-22 20:23:26,227 - IndustryTrendAnalysis - INFO - Financial Services: Maturity 3.68, Market Share 3.19%, Concentration 0.19, Momentum 0.1%
2025-04-22 20:23:26,227 - IndustryTrendAnalysis - INFO - Computer & Network Security: Maturity 2.79, Market Share 1.66%, Concentration 0.07, Momentum -14.0%
2025-04-22 20:23:26,230 - IndustryTrendAnalysis - INFO - Analyzing employee migration patterns...
2025-04-22 20:23:26,349 - IndustryTrendAnalysis - INFO - Employee migration analysis summary:
2025-04-22 20:23:26,349 - IndustryTrendAnalysis - INFO - Total industries analyzed: 41
2025-04-22 20:23:26,349 - IndustryTrendAnalysis - INFO - Growing industries: 19
2025-04-22 20:23:26,349 - IndustryTrendAnalysis - INFO - Shrinking industries: 15
2025-04-22 20:23:26,349 - IndustryTrendAnalysis - INFO - 
Top 5 fastest growing industries:
2025-04-22 20:23:26,349 - IndustryTrendAnalysis - INFO - Environmental Services: 35.0% growth rate, Avg Employees: 130, Companies: 8
2025-04-22 20:23:26,349 - IndustryTrendAnalysis - INFO - Food & Beverages: 35.0% growth rate, Avg Employees: 46, Companies: 8
2025-04-22 20:23:26,349 - IndustryTrendAnalysis - INFO - Renewables & Environment: 35.0% growth rate, Avg Employees: 28, Companies: 3
2025-04-22 20:23:26,349 - IndustryTrendAnalysis - INFO - Computer Hardware: 35.0% growth rate, Avg Employees: 135, Companies: 9
2025-04-22 20:23:26,349 - IndustryTrendAnalysis - INFO - Defense & Space: 34.3% growth rate, Avg Employees: 39, Companies: 3
2025-04-22 20:23:26,349 - IndustryTrendAnalysis - INFO - 
Top 5 fastest shrinking industries:
2025-04-22 20:23:26,350 - IndustryTrendAnalysis - INFO - Computer Networking: -25.0% growth rate, Avg Employees: 123, Companies: 3
2025-04-22 20:23:26,350 - IndustryTrendAnalysis - INFO - Mental Health Care: -25.0% growth rate, Avg Employees: 130, Companies: 7
2025-04-22 20:23:26,350 - IndustryTrendAnalysis - INFO - Higher Education: -25.0% growth rate, Avg Employees: 613, Companies: 3
2025-04-22 20:23:26,350 - IndustryTrendAnalysis - INFO - Government Administration: -25.0% growth rate, Avg Employees: 232, Companies: 3
2025-04-22 20:23:26,350 - IndustryTrendAnalysis - INFO - Internet: -25.0% growth rate, Avg Employees: 32, Companies: 8
2025-04-22 20:23:26,350 - IndustryTrendAnalysis - INFO - Generating industry trend report...
2025-04-22 20:23:26,352 - IndustryTrendAnalysis - INFO - Report saved to ./outputIndustryTrends/industry_trend_report.json
2025-04-22 20:23:26,352 - IndustryTrendAnalysis - INFO - Creating trend visualizations...
2025-04-22 20:23:27,548 - IndustryTrendAnalysis - INFO - Trend visualizations created successfully
2025-04-22 20:24:45,436 - IndustryTrendAnalysis - INFO - Loaded 1103 records from fundraiser data
2025-04-22 20:24:45,437 - IndustryTrendAnalysis - INFO - Loaded 100 records from growthlist data
2025-04-22 20:24:45,520 - IndustryTrendAnalysis - INFO - Loaded 546 records from topstartup data
2025-04-22 20:24:45,630 - IndustryTrendAnalysis - WARNING - Removed 1 rows with invalid dates
2025-04-22 20:24:45,643 - IndustryTrendAnalysis - INFO - Cleaned data summary:
2025-04-22 20:24:45,643 - IndustryTrendAnalysis - INFO - Total companies: 1668
2025-04-22 20:24:45,643 - IndustryTrendAnalysis - INFO - Total funding rounds: 1747
2025-04-22 20:24:45,643 - IndustryTrendAnalysis - INFO - Date range: 1999-01-01 to 2025-03-01
2025-04-22 20:24:45,643 - IndustryTrendAnalysis - INFO - Total funding amount: $384,936,758,279.00
2025-04-22 20:24:45,968 - IndustryTrendAnalysis - INFO - Final dataset contains 1747 valid records
2025-04-22 20:24:45,968 - IndustryTrendAnalysis - INFO - Analyzing industry trends...
2025-04-22 20:24:46,433 - IndustryTrendAnalysis - INFO - 
Validation Metrics:
2025-04-22 20:24:46,433 - IndustryTrendAnalysis - INFO - Samples: Total=1747, Train=1555, Val=192
2025-04-22 20:24:46,433 - IndustryTrendAnalysis - INFO - Industry Coverage: 30.1%
2025-04-22 20:24:46,433 - IndustryTrendAnalysis - INFO - Funding Growth RMSE: 10.211
2025-04-22 20:24:46,433 - IndustryTrendAnalysis - INFO - Deals Growth RMSE: 0.702
2025-04-22 20:24:46,433 - IndustryTrendAnalysis - INFO - Employees Growth RMSE: 2.225
2025-04-22 20:24:46,433 - IndustryTrendAnalysis - INFO - Emerging Industries Precision: 0.0%
2025-04-22 20:24:46,433 - IndustryTrendAnalysis - INFO - Saturated Industries Precision: 55.6%
2025-04-22 20:24:46,434 - IndustryTrendAnalysis - INFO - 
Industry Analysis Summary:
2025-04-22 20:24:46,434 - IndustryTrendAnalysis - INFO - Total Industries Analyzed: 31
2025-04-22 20:24:46,434 - IndustryTrendAnalysis - INFO - Emerging Industries Found: 1
2025-04-22 20:24:46,434 - IndustryTrendAnalysis - INFO - Saturated Industries Found: 9
2025-04-22 20:24:46,434 - IndustryTrendAnalysis - INFO - Industries with Forecasts: 31
2025-04-22 20:24:46,434 - IndustryTrendAnalysis - INFO - 
Top 5 Emerging Industries by Growth Score:
2025-04-22 20:24:46,434 - IndustryTrendAnalysis - INFO - Information Services: Growth Score 0.15, Momentum 35.0%, Market Share 0.03%, Companies 6, Employee Growth -0.8%
2025-04-22 20:24:46,434 - IndustryTrendAnalysis - INFO - 
Top 5 Saturated Industries by Maturity:
2025-04-22 20:24:46,434 - IndustryTrendAnalysis - INFO - Information Technology & Services: Maturity 29.03, Market Share 66.60%, Concentration 0.59, Momentum 0.0%
2025-04-22 20:24:46,434 - IndustryTrendAnalysis - INFO - Research: Maturity 7.14, Market Share 8.79%, Concentration 0.24, Momentum 27.2%
2025-04-22 20:24:46,434 - IndustryTrendAnalysis - INFO - Artificial Intelligence: Maturity 4.22, Market Share 4.78%, Concentration 0.57, Momentum 0.0%
2025-04-22 20:24:46,434 - IndustryTrendAnalysis - INFO - Financial Services: Maturity 3.68, Market Share 3.19%, Concentration 0.19, Momentum 0.1%
2025-04-22 20:24:46,434 - IndustryTrendAnalysis - INFO - Computer & Network Security: Maturity 2.79, Market Share 1.66%, Concentration 0.07, Momentum -14.0%
2025-04-22 20:24:46,434 - IndustryTrendAnalysis - INFO - Analyzing employee migration patterns...
2025-04-22 20:24:46,567 - IndustryTrendAnalysis - INFO - Employee migration analysis summary:
2025-04-22 20:24:46,567 - IndustryTrendAnalysis - INFO - Total industries analyzed: 41
2025-04-22 20:24:46,567 - IndustryTrendAnalysis - INFO - Growing industries: 18
2025-04-22 20:24:46,567 - IndustryTrendAnalysis - INFO - Shrinking industries: 16
2025-04-22 20:24:46,567 - IndustryTrendAnalysis - INFO - 
Top 5 fastest growing industries:
2025-04-22 20:24:46,567 - IndustryTrendAnalysis - INFO - Environmental Services: 35.0% growth rate, Avg Employees: 130, Companies: 8
2025-04-22 20:24:46,567 - IndustryTrendAnalysis - INFO - Food & Beverages: 35.0% growth rate, Avg Employees: 46, Companies: 8
2025-04-22 20:24:46,567 - IndustryTrendAnalysis - INFO - Renewables & Environment: 35.0% growth rate, Avg Employees: 28, Companies: 3
2025-04-22 20:24:46,567 - IndustryTrendAnalysis - INFO - Computer Hardware: 35.0% growth rate, Avg Employees: 135, Companies: 9
2025-04-22 20:24:46,567 - IndustryTrendAnalysis - INFO - Defense & Space: 33.6% growth rate, Avg Employees: 39, Companies: 3
2025-04-22 20:24:46,567 - IndustryTrendAnalysis - INFO - 
Top 5 fastest shrinking industries:
2025-04-22 20:24:46,567 - IndustryTrendAnalysis - INFO - Computer Networking: -25.0% growth rate, Avg Employees: 123, Companies: 3
2025-04-22 20:24:46,567 - IndustryTrendAnalysis - INFO - Mental Health Care: -25.0% growth rate, Avg Employees: 130, Companies: 7
2025-04-22 20:24:46,567 - IndustryTrendAnalysis - INFO - Higher Education: -25.0% growth rate, Avg Employees: 613, Companies: 3
2025-04-22 20:24:46,567 - IndustryTrendAnalysis - INFO - Government Administration: -25.0% growth rate, Avg Employees: 232, Companies: 3
2025-04-22 20:24:46,567 - IndustryTrendAnalysis - INFO - Internet: -25.0% growth rate, Avg Employees: 32, Companies: 8
2025-04-22 20:24:46,567 - IndustryTrendAnalysis - INFO - Generating industry trend report...
2025-04-22 20:24:46,569 - IndustryTrendAnalysis - INFO - Report saved to ./outputIndustryTrends/industry_trend_report.json
2025-04-22 20:24:46,569 - IndustryTrendAnalysis - INFO - Creating trend visualizations...
2025-04-22 20:24:47,521 - IndustryTrendAnalysis - INFO - Trend visualizations created successfully
2025-04-22 20:26:33,160 - IndustryTrendAnalysis - INFO - Loaded 1103 records from fundraiser data
2025-04-22 20:26:33,161 - IndustryTrendAnalysis - INFO - Loaded 100 records from growthlist data
2025-04-22 20:26:33,200 - IndustryTrendAnalysis - INFO - Loaded 546 records from topstartup data
2025-04-22 20:26:33,293 - IndustryTrendAnalysis - WARNING - Removed 1 rows with invalid dates
2025-04-22 20:26:33,306 - IndustryTrendAnalysis - INFO - Cleaned data summary:
2025-04-22 20:26:33,306 - IndustryTrendAnalysis - INFO - Total companies: 1668
2025-04-22 20:26:33,306 - IndustryTrendAnalysis - INFO - Total funding rounds: 1747
2025-04-22 20:26:33,307 - IndustryTrendAnalysis - INFO - Date range: 1999-01-01 to 2025-03-01
2025-04-22 20:26:33,307 - IndustryTrendAnalysis - INFO - Total funding amount: $384,936,758,279.00
2025-04-22 20:26:33,886 - IndustryTrendAnalysis - INFO - Final dataset contains 1747 valid records
2025-04-22 20:26:33,887 - IndustryTrendAnalysis - INFO - Analyzing industry trends...
2025-04-22 20:26:34,486 - IndustryTrendAnalysis - INFO - 
Validation Metrics:
2025-04-22 20:26:34,487 - IndustryTrendAnalysis - INFO - Samples: Total=1747, Train=1555, Val=192
2025-04-22 20:26:34,487 - IndustryTrendAnalysis - INFO - Industry Coverage: 30.1%
2025-04-22 20:26:34,487 - IndustryTrendAnalysis - INFO - Funding Growth RMSE: 10.211
2025-04-22 20:26:34,487 - IndustryTrendAnalysis - INFO - Deals Growth RMSE: 0.702
2025-04-22 20:26:34,487 - IndustryTrendAnalysis - INFO - Employees Growth RMSE: 2.225
2025-04-22 20:26:34,487 - IndustryTrendAnalysis - INFO - Emerging Industries Precision: 0.0%
2025-04-22 20:26:34,487 - IndustryTrendAnalysis - INFO - Saturated Industries Precision: 55.6%
2025-04-22 20:26:34,487 - IndustryTrendAnalysis - INFO - 
Industry Analysis Summary:
2025-04-22 20:26:34,487 - IndustryTrendAnalysis - INFO - Total Industries Analyzed: 31
2025-04-22 20:26:34,487 - IndustryTrendAnalysis - INFO - Emerging Industries Found: 4
2025-04-22 20:26:34,487 - IndustryTrendAnalysis - INFO - Saturated Industries Found: 9
2025-04-22 20:26:34,487 - IndustryTrendAnalysis - INFO - Industries with Forecasts: 31
2025-04-22 20:26:34,487 - IndustryTrendAnalysis - INFO - 
Top 5 Emerging Industries by Growth Score:
2025-04-22 20:26:34,487 - IndustryTrendAnalysis - INFO - Aviation & Aerospace: Growth Score 0.38, Momentum 0.0%, Market Share 0.29%, Companies 7, Employee Growth 35.0%
2025-04-22 20:26:34,487 - IndustryTrendAnalysis - INFO - Information Services: Growth Score 0.32, Momentum 35.0%, Market Share 0.03%, Companies 6, Employee Growth 35.0%
2025-04-22 20:26:34,487 - IndustryTrendAnalysis - INFO - Environmental Services: Growth Score 0.28, Momentum 13.9%, Market Share 0.15%, Companies 8, Employee Growth 35.0%
2025-04-22 20:26:34,487 - IndustryTrendAnalysis - INFO - E-Learning: Growth Score 0.27, Momentum 35.0%, Market Share 0.15%, Companies 6, Employee Growth 1.0%
2025-04-22 20:26:34,487 - IndustryTrendAnalysis - INFO - 
Top 5 Saturated Industries by Maturity:
2025-04-22 20:26:34,487 - IndustryTrendAnalysis - INFO - Information Technology & Services: Maturity 29.03, Market Share 66.60%, Concentration 0.59, Momentum 0.0%
2025-04-22 20:26:34,487 - IndustryTrendAnalysis - INFO - Research: Maturity 7.14, Market Share 8.79%, Concentration 0.24, Momentum 27.2%
2025-04-22 20:26:34,487 - IndustryTrendAnalysis - INFO - Artificial Intelligence: Maturity 4.22, Market Share 4.78%, Concentration 0.57, Momentum 0.0%
2025-04-22 20:26:34,487 - IndustryTrendAnalysis - INFO - Financial Services: Maturity 3.68, Market Share 3.19%, Concentration 0.19, Momentum 0.1%
2025-04-22 20:26:34,487 - IndustryTrendAnalysis - INFO - Computer & Network Security: Maturity 2.79, Market Share 1.66%, Concentration 0.07, Momentum -14.0%
2025-04-22 20:26:34,488 - IndustryTrendAnalysis - INFO - Analyzing employee migration patterns...
2025-04-22 20:26:34,546 - IndustryTrendAnalysis - INFO - Employee migration analysis summary:
2025-04-22 20:26:34,546 - IndustryTrendAnalysis - INFO - Total industries analyzed: 35
2025-04-22 20:26:34,546 - IndustryTrendAnalysis - INFO - Growing industries: 19
2025-04-22 20:26:34,546 - IndustryTrendAnalysis - INFO - Shrinking industries: 15
2025-04-22 20:26:34,546 - IndustryTrendAnalysis - INFO - 
Top 5 fastest growing industries:
2025-04-22 20:26:34,547 - IndustryTrendAnalysis - INFO - Information Services: 35.0% growth rate, Avg Employees: 107, Companies: 6
2025-04-22 20:26:34,547 - IndustryTrendAnalysis - INFO - Financial Services: 35.0% growth rate, Avg Employees: 137, Companies: 41
2025-04-22 20:26:34,547 - IndustryTrendAnalysis - INFO - Real Estate: 35.0% growth rate, Avg Employees: 122, Companies: 3
2025-04-22 20:26:34,547 - IndustryTrendAnalysis - INFO - Medical Devices: 35.0% growth rate, Avg Employees: 49, Companies: 22
2025-04-22 20:26:34,547 - IndustryTrendAnalysis - INFO - Chemicals: 35.0% growth rate, Avg Employees: 10, Companies: 4
2025-04-22 20:26:34,547 - IndustryTrendAnalysis - INFO - 
Top 5 fastest shrinking industries:
2025-04-22 20:26:34,547 - IndustryTrendAnalysis - INFO - Computer & Network Security: -30.6% growth rate, Avg Employees: 217, Companies: 32
2025-04-22 20:26:34,547 - IndustryTrendAnalysis - INFO - Mental Health Care: -31.6% growth rate, Avg Employees: 130, Companies: 7
2025-04-22 20:26:34,547 - IndustryTrendAnalysis - INFO - Research: -35.0% growth rate, Avg Employees: 140, Companies: 85
2025-04-22 20:26:34,547 - IndustryTrendAnalysis - INFO - Semiconductors: -35.0% growth rate, Avg Employees: 124, Companies: 16
2025-04-22 20:26:34,547 - IndustryTrendAnalysis - INFO - Farming: -35.0% growth rate, Avg Employees: 56, Companies: 5
2025-04-22 20:26:34,548 - IndustryTrendAnalysis - INFO - Generating industry trend report...
2025-04-22 20:26:34,549 - IndustryTrendAnalysis - INFO - Report saved to ./outputIndustryTrends/industry_trend_report.json
2025-04-22 20:26:34,549 - IndustryTrendAnalysis - INFO - Creating trend visualizations...
2025-04-22 20:26:35,685 - IndustryTrendAnalysis - INFO - Trend visualizations created successfully
2025-04-22 20:27:39,043 - IndustryTrendAnalysis - INFO - Loaded 1103 records from fundraiser data
2025-04-22 20:27:39,045 - IndustryTrendAnalysis - INFO - Loaded 100 records from growthlist data
2025-04-22 20:27:39,093 - IndustryTrendAnalysis - INFO - Loaded 546 records from topstartup data
2025-04-22 20:27:39,194 - IndustryTrendAnalysis - WARNING - Removed 1 rows with invalid dates
2025-04-22 20:27:39,207 - IndustryTrendAnalysis - INFO - Cleaned data summary:
2025-04-22 20:27:39,207 - IndustryTrendAnalysis - INFO - Total companies: 1668
2025-04-22 20:27:39,207 - IndustryTrendAnalysis - INFO - Total funding rounds: 1747
2025-04-22 20:27:39,208 - IndustryTrendAnalysis - INFO - Date range: 1999-01-01 to 2025-03-01
2025-04-22 20:27:39,208 - IndustryTrendAnalysis - INFO - Total funding amount: $384,936,758,279.00
2025-04-22 20:27:39,547 - IndustryTrendAnalysis - INFO - Final dataset contains 1747 valid records
2025-04-22 20:27:39,547 - IndustryTrendAnalysis - INFO - Analyzing industry trends...
2025-04-22 20:27:40,088 - IndustryTrendAnalysis - INFO - 
Validation Metrics:
2025-04-22 20:27:40,088 - IndustryTrendAnalysis - INFO - Samples: Total=1747, Train=1555, Val=192
2025-04-22 20:27:40,089 - IndustryTrendAnalysis - INFO - Industry Coverage: 30.1%
2025-04-22 20:27:40,089 - IndustryTrendAnalysis - INFO - Funding Growth RMSE: 10.211
2025-04-22 20:27:40,089 - IndustryTrendAnalysis - INFO - Deals Growth RMSE: 0.702
2025-04-22 20:27:40,089 - IndustryTrendAnalysis - INFO - Employees Growth RMSE: 2.225
2025-04-22 20:27:40,089 - IndustryTrendAnalysis - INFO - Emerging Industries Precision: 0.0%
2025-04-22 20:27:40,089 - IndustryTrendAnalysis - INFO - Saturated Industries Precision: 55.6%
2025-04-22 20:27:40,089 - IndustryTrendAnalysis - INFO - 
Industry Analysis Summary:
2025-04-22 20:27:40,089 - IndustryTrendAnalysis - INFO - Total Industries Analyzed: 31
2025-04-22 20:27:40,089 - IndustryTrendAnalysis - INFO - Emerging Industries Found: 4
2025-04-22 20:27:40,089 - IndustryTrendAnalysis - INFO - Saturated Industries Found: 9
2025-04-22 20:27:40,089 - IndustryTrendAnalysis - INFO - Industries with Forecasts: 31
2025-04-22 20:27:40,089 - IndustryTrendAnalysis - INFO - 
Top 5 Emerging Industries by Growth Score:
2025-04-22 20:27:40,089 - IndustryTrendAnalysis - INFO - Aviation & Aerospace: Growth Score 1.12, Momentum 0.0%, Market Share 0.29%, Companies 7, Employee Growth 100.0%
2025-04-22 20:27:40,089 - IndustryTrendAnalysis - INFO - Environmental Services: Growth Score 0.80, Momentum 13.9%, Market Share 0.15%, Companies 8, Employee Growth 100.0%
2025-04-22 20:27:40,089 - IndustryTrendAnalysis - INFO - E-Learning: Growth Score 0.68, Momentum 35.0%, Market Share 0.15%, Companies 6, Employee Growth 4.3%
2025-04-22 20:27:40,089 - IndustryTrendAnalysis - INFO - Information Services: Growth Score 0.64, Momentum 35.0%, Market Share 0.03%, Companies 6, Employee Growth 100.0%
2025-04-22 20:27:40,089 - IndustryTrendAnalysis - INFO - 
Top 5 Saturated Industries by Maturity:
2025-04-22 20:27:40,089 - IndustryTrendAnalysis - INFO - Information Technology & Services: Maturity 29.03, Market Share 66.60%, Concentration 0.59, Momentum 0.0%
2025-04-22 20:27:40,089 - IndustryTrendAnalysis - INFO - Research: Maturity 7.14, Market Share 8.79%, Concentration 0.24, Momentum 27.2%
2025-04-22 20:27:40,089 - IndustryTrendAnalysis - INFO - Artificial Intelligence: Maturity 4.22, Market Share 4.78%, Concentration 0.57, Momentum 0.0%
2025-04-22 20:27:40,089 - IndustryTrendAnalysis - INFO - Financial Services: Maturity 3.68, Market Share 3.19%, Concentration 0.19, Momentum 0.1%
2025-04-22 20:27:40,089 - IndustryTrendAnalysis - INFO - Computer & Network Security: Maturity 2.79, Market Share 1.66%, Concentration 0.07, Momentum -14.0%
2025-04-22 20:27:40,090 - IndustryTrendAnalysis - INFO - Analyzing employee migration patterns...
2025-04-22 20:27:40,095 - IndustryTrendAnalysis - ERROR - Error analyzing employee migration: The truth value of an array with more than one element is ambiguous. Use a.any() or a.all()
2025-04-22 20:28:30,555 - IndustryTrendAnalysis - INFO - Loaded 1103 records from fundraiser data
2025-04-22 20:28:30,556 - IndustryTrendAnalysis - INFO - Loaded 100 records from growthlist data
2025-04-22 20:28:30,645 - IndustryTrendAnalysis - INFO - Loaded 546 records from topstartup data
2025-04-22 20:28:30,751 - IndustryTrendAnalysis - WARNING - Removed 1 rows with invalid dates
2025-04-22 20:28:30,767 - IndustryTrendAnalysis - INFO - Cleaned data summary:
2025-04-22 20:28:30,767 - IndustryTrendAnalysis - INFO - Total companies: 1668
2025-04-22 20:28:30,768 - IndustryTrendAnalysis - INFO - Total funding rounds: 1747
2025-04-22 20:28:30,768 - IndustryTrendAnalysis - INFO - Date range: 1999-01-01 to 2025-03-01
2025-04-22 20:28:30,768 - IndustryTrendAnalysis - INFO - Total funding amount: $384,936,758,279.00
2025-04-22 20:28:31,083 - IndustryTrendAnalysis - INFO - Final dataset contains 1747 valid records
2025-04-22 20:28:31,084 - IndustryTrendAnalysis - INFO - Analyzing industry trends...
2025-04-22 20:28:31,588 - IndustryTrendAnalysis - INFO - 
Validation Metrics:
2025-04-22 20:28:31,588 - IndustryTrendAnalysis - INFO - Samples: Total=1747, Train=1555, Val=192
2025-04-22 20:28:31,588 - IndustryTrendAnalysis - INFO - Industry Coverage: 30.1%
2025-04-22 20:28:31,588 - IndustryTrendAnalysis - INFO - Funding Growth RMSE: 10.211
2025-04-22 20:28:31,588 - IndustryTrendAnalysis - INFO - Deals Growth RMSE: 0.702
2025-04-22 20:28:31,588 - IndustryTrendAnalysis - INFO - Employees Growth RMSE: 2.225
2025-04-22 20:28:31,588 - IndustryTrendAnalysis - INFO - Emerging Industries Precision: 0.0%
2025-04-22 20:28:31,588 - IndustryTrendAnalysis - INFO - Saturated Industries Precision: 55.6%
2025-04-22 20:28:31,588 - IndustryTrendAnalysis - INFO - 
Industry Analysis Summary:
2025-04-22 20:28:31,588 - IndustryTrendAnalysis - INFO - Total Industries Analyzed: 31
2025-04-22 20:28:31,588 - IndustryTrendAnalysis - INFO - Emerging Industries Found: 0
2025-04-22 20:28:31,588 - IndustryTrendAnalysis - INFO - Saturated Industries Found: 9
2025-04-22 20:28:31,588 - IndustryTrendAnalysis - INFO - Industries with Forecasts: 31
2025-04-22 20:28:31,588 - IndustryTrendAnalysis - INFO - 
Top 5 Emerging Industries by Growth Score:
2025-04-22 20:28:31,588 - IndustryTrendAnalysis - INFO - 
Top 5 Saturated Industries by Maturity:
2025-04-22 20:28:31,588 - IndustryTrendAnalysis - INFO - Information Technology & Services: Maturity 29.03, Market Share 66.60%, Concentration 0.59, Momentum 0.0%
2025-04-22 20:28:31,588 - IndustryTrendAnalysis - INFO - Research: Maturity 7.14, Market Share 8.79%, Concentration 0.24, Momentum 27.2%
2025-04-22 20:28:31,588 - IndustryTrendAnalysis - INFO - Artificial Intelligence: Maturity 4.22, Market Share 4.78%, Concentration 0.57, Momentum 0.0%
2025-04-22 20:28:31,588 - IndustryTrendAnalysis - INFO - Financial Services: Maturity 3.68, Market Share 3.19%, Concentration 0.19, Momentum 0.1%
2025-04-22 20:28:31,588 - IndustryTrendAnalysis - INFO - Computer & Network Security: Maturity 2.79, Market Share 1.66%, Concentration 0.07, Momentum -14.0%
2025-04-22 20:28:31,589 - IndustryTrendAnalysis - INFO - Analyzing employee migration patterns...
2025-04-22 20:28:31,692 - IndustryTrendAnalysis - INFO - Employee migration analysis summary:
2025-04-22 20:28:31,692 - IndustryTrendAnalysis - INFO - Total industries analyzed: 35
2025-04-22 20:28:31,692 - IndustryTrendAnalysis - INFO - Growing industries: 21
2025-04-22 20:28:31,693 - IndustryTrendAnalysis - INFO - Shrinking industries: 11
2025-04-22 20:28:31,693 - IndustryTrendAnalysis - INFO - 
Top 5 fastest growing industries:
2025-04-22 20:28:31,693 - IndustryTrendAnalysis - INFO - Financial Services: 17.9% growth rate, Avg Employees: 137, Companies: 41
2025-04-22 20:28:31,693 - IndustryTrendAnalysis - INFO - Renewables & Environment: 17.3% growth rate, Avg Employees: 28, Companies: 3
2025-04-22 20:28:31,693 - IndustryTrendAnalysis - INFO - Mechanical Or Industrial Engineering: 13.0% growth rate, Avg Employees: 128, Companies: 3
2025-04-22 20:28:31,693 - IndustryTrendAnalysis - INFO - Machinery: 12.7% growth rate, Avg Employees: 63, Companies: 8
2025-04-22 20:28:31,693 - IndustryTrendAnalysis - INFO - Environmental Services: 10.3% growth rate, Avg Employees: 130, Companies: 8
2025-04-22 20:28:31,693 - IndustryTrendAnalysis - INFO - 
Top 5 fastest shrinking industries:
2025-04-22 20:28:31,693 - IndustryTrendAnalysis - INFO - Internet: -14.9% growth rate, Avg Employees: 32, Companies: 8
2025-04-22 20:28:31,693 - IndustryTrendAnalysis - INFO - Higher Education: -16.1% growth rate, Avg Employees: 613, Companies: 3
2025-04-22 20:28:31,693 - IndustryTrendAnalysis - INFO - Government Administration: -16.5% growth rate, Avg Employees: 232, Companies: 3
2025-04-22 20:28:31,693 - IndustryTrendAnalysis - INFO - Information Technology & Services: -17.6% growth rate, Avg Employees: 150, Companies: 377
2025-04-22 20:28:31,693 - IndustryTrendAnalysis - INFO - E-Learning: -19.0% growth rate, Avg Employees: 91, Companies: 6
2025-04-22 20:28:31,693 - IndustryTrendAnalysis - INFO - Generating industry trend report...
2025-04-22 20:28:31,695 - IndustryTrendAnalysis - INFO - Report saved to ./outputIndustryTrends/industry_trend_report.json
2025-04-22 20:28:31,695 - IndustryTrendAnalysis - INFO - Creating trend visualizations...
2025-04-22 20:28:32,107 - IndustryTrendAnalysis - INFO - Trend visualizations created successfully
2025-04-22 20:29:01,381 - IndustryTrendAnalysis - INFO - Loaded 1103 records from fundraiser data
2025-04-22 20:29:01,382 - IndustryTrendAnalysis - INFO - Loaded 100 records from growthlist data
2025-04-22 20:29:01,465 - IndustryTrendAnalysis - INFO - Loaded 546 records from topstartup data
2025-04-22 20:29:01,567 - IndustryTrendAnalysis - WARNING - Removed 1 rows with invalid dates
2025-04-22 20:29:01,581 - IndustryTrendAnalysis - INFO - Cleaned data summary:
2025-04-22 20:29:01,581 - IndustryTrendAnalysis - INFO - Total companies: 1668
2025-04-22 20:29:01,581 - IndustryTrendAnalysis - INFO - Total funding rounds: 1747
2025-04-22 20:29:01,582 - IndustryTrendAnalysis - INFO - Date range: 1999-01-01 to 2025-03-01
2025-04-22 20:29:01,582 - IndustryTrendAnalysis - INFO - Total funding amount: $384,936,758,279.00
2025-04-22 20:29:01,909 - IndustryTrendAnalysis - INFO - Final dataset contains 1747 valid records
2025-04-22 20:29:01,909 - IndustryTrendAnalysis - INFO - Analyzing industry trends...
2025-04-22 20:29:02,386 - IndustryTrendAnalysis - INFO - 
Validation Metrics:
2025-04-22 20:29:02,386 - IndustryTrendAnalysis - INFO - Samples: Total=1747, Train=1555, Val=192
2025-04-22 20:29:02,386 - IndustryTrendAnalysis - INFO - Industry Coverage: 30.1%
2025-04-22 20:29:02,386 - IndustryTrendAnalysis - INFO - Funding Growth RMSE: 10.211
2025-04-22 20:29:02,386 - IndustryTrendAnalysis - INFO - Deals Growth RMSE: 0.702
2025-04-22 20:29:02,386 - IndustryTrendAnalysis - INFO - Employees Growth RMSE: 2.225
2025-04-22 20:29:02,386 - IndustryTrendAnalysis - INFO - Emerging Industries Precision: 0.0%
2025-04-22 20:29:02,386 - IndustryTrendAnalysis - INFO - Saturated Industries Precision: 55.6%
2025-04-22 20:29:02,387 - IndustryTrendAnalysis - INFO - 
Industry Analysis Summary:
2025-04-22 20:29:02,387 - IndustryTrendAnalysis - INFO - Total Industries Analyzed: 31
2025-04-22 20:29:02,387 - IndustryTrendAnalysis - INFO - Emerging Industries Found: 0
2025-04-22 20:29:02,387 - IndustryTrendAnalysis - INFO - Saturated Industries Found: 9
2025-04-22 20:29:02,387 - IndustryTrendAnalysis - INFO - Industries with Forecasts: 31
2025-04-22 20:29:02,387 - IndustryTrendAnalysis - INFO - 
Top 5 Emerging Industries by Growth Score:
2025-04-22 20:29:02,387 - IndustryTrendAnalysis - INFO - 
Top 5 Saturated Industries by Maturity:
2025-04-22 20:29:02,387 - IndustryTrendAnalysis - INFO - Information Technology & Services: Maturity 29.03, Market Share 66.60%, Concentration 0.59, Momentum 0.0%
2025-04-22 20:29:02,387 - IndustryTrendAnalysis - INFO - Research: Maturity 7.14, Market Share 8.79%, Concentration 0.24, Momentum 27.2%
2025-04-22 20:29:02,387 - IndustryTrendAnalysis - INFO - Artificial Intelligence: Maturity 4.22, Market Share 4.78%, Concentration 0.57, Momentum 0.0%
2025-04-22 20:29:02,387 - IndustryTrendAnalysis - INFO - Financial Services: Maturity 3.68, Market Share 3.19%, Concentration 0.19, Momentum 0.1%
2025-04-22 20:29:02,387 - IndustryTrendAnalysis - INFO - Computer & Network Security: Maturity 2.79, Market Share 1.66%, Concentration 0.07, Momentum -14.0%
2025-04-22 20:29:02,388 - IndustryTrendAnalysis - INFO - Analyzing employee migration patterns...
2025-04-22 20:29:02,487 - IndustryTrendAnalysis - INFO - Employee migration analysis summary:
2025-04-22 20:29:02,488 - IndustryTrendAnalysis - INFO - Total industries analyzed: 35
2025-04-22 20:29:02,488 - IndustryTrendAnalysis - INFO - Growing industries: 20
2025-04-22 20:29:02,488 - IndustryTrendAnalysis - INFO - Shrinking industries: 12
2025-04-22 20:29:02,488 - IndustryTrendAnalysis - INFO - 
Top 5 fastest growing industries:
2025-04-22 20:29:02,488 - IndustryTrendAnalysis - INFO - Semiconductors: 18.7% growth rate, Avg Employees: 124, Companies: 16
2025-04-22 20:29:02,488 - IndustryTrendAnalysis - INFO - Mechanical Or Industrial Engineering: 18.4% growth rate, Avg Employees: 128, Companies: 3
2025-04-22 20:29:02,488 - IndustryTrendAnalysis - INFO - Financial Services: 17.3% growth rate, Avg Employees: 137, Companies: 41
2025-04-22 20:29:02,488 - IndustryTrendAnalysis - INFO - Computer Games: 13.1% growth rate, Avg Employees: 29, Companies: 6
2025-04-22 20:29:02,488 - IndustryTrendAnalysis - INFO - Machinery: 12.7% growth rate, Avg Employees: 63, Companies: 8
2025-04-22 20:29:02,488 - IndustryTrendAnalysis - INFO - 
Top 5 fastest shrinking industries:
2025-04-22 20:29:02,488 - IndustryTrendAnalysis - INFO - Higher Education: -15.4% growth rate, Avg Employees: 613, Companies: 3
2025-04-22 20:29:02,488 - IndustryTrendAnalysis - INFO - E-Learning: -16.4% growth rate, Avg Employees: 91, Companies: 6
2025-04-22 20:29:02,488 - IndustryTrendAnalysis - INFO - Government Administration: -16.5% growth rate, Avg Employees: 232, Companies: 3
2025-04-22 20:29:02,488 - IndustryTrendAnalysis - INFO - Information Technology & Services: -16.5% growth rate, Avg Employees: 150, Companies: 377
2025-04-22 20:29:02,488 - IndustryTrendAnalysis - INFO - Hospital & Health Care: -17.1% growth rate, Avg Employees: 59, Companies: 30
2025-04-22 20:29:02,488 - IndustryTrendAnalysis - INFO - Generating industry trend report...
2025-04-22 20:29:02,490 - IndustryTrendAnalysis - INFO - Report saved to ./outputIndustryTrends/industry_trend_report.json
2025-04-22 20:29:02,490 - IndustryTrendAnalysis - INFO - Creating trend visualizations...
2025-04-22 20:29:02,881 - IndustryTrendAnalysis - INFO - Trend visualizations created successfully
2025-04-22 20:31:29,530 - IndustryTrendAnalysis - INFO - Loaded 1103 records from fundraiser data
2025-04-22 20:31:29,531 - IndustryTrendAnalysis - INFO - Loaded 100 records from growthlist data
2025-04-22 20:31:29,572 - IndustryTrendAnalysis - INFO - Loaded 546 records from topstartup data
2025-04-22 20:31:29,668 - IndustryTrendAnalysis - WARNING - Removed 1 rows with invalid dates
2025-04-22 20:31:29,678 - IndustryTrendAnalysis - INFO - Cleaned data summary:
2025-04-22 20:31:29,679 - IndustryTrendAnalysis - INFO - Total companies: 1668
2025-04-22 20:31:29,679 - IndustryTrendAnalysis - INFO - Total funding rounds: 1747
2025-04-22 20:31:29,679 - IndustryTrendAnalysis - INFO - Date range: 1999-01-01 to 2025-03-01
2025-04-22 20:31:29,679 - IndustryTrendAnalysis - INFO - Total funding amount: $384,936,758,279.00
2025-04-22 20:31:30,011 - IndustryTrendAnalysis - INFO - Final dataset contains 1747 valid records
2025-04-22 20:31:30,011 - IndustryTrendAnalysis - INFO - Analyzing industry trends...
2025-04-22 20:31:30,535 - IndustryTrendAnalysis - INFO - 
Validation Metrics:
2025-04-22 20:31:30,535 - IndustryTrendAnalysis - INFO - Samples: Total=1747, Train=1555, Val=192
2025-04-22 20:31:30,535 - IndustryTrendAnalysis - INFO - Industry Coverage: 30.1%
2025-04-22 20:31:30,535 - IndustryTrendAnalysis - INFO - Funding Growth RMSE: 10.211
2025-04-22 20:31:30,535 - IndustryTrendAnalysis - INFO - Deals Growth RMSE: 0.702
2025-04-22 20:31:30,535 - IndustryTrendAnalysis - INFO - Employees Growth RMSE: 2.225
2025-04-22 20:31:30,535 - IndustryTrendAnalysis - INFO - Emerging Industries Precision: 0.0%
2025-04-22 20:31:30,535 - IndustryTrendAnalysis - INFO - Saturated Industries Precision: 55.6%
2025-04-22 20:31:30,535 - IndustryTrendAnalysis - INFO - 
Industry Analysis Summary:
2025-04-22 20:31:30,535 - IndustryTrendAnalysis - INFO - Total Industries Analyzed: 31
2025-04-22 20:31:30,535 - IndustryTrendAnalysis - INFO - Emerging Industries Found: 0
2025-04-22 20:31:30,535 - IndustryTrendAnalysis - INFO - Saturated Industries Found: 9
2025-04-22 20:31:30,535 - IndustryTrendAnalysis - INFO - Industries with Forecasts: 31
2025-04-22 20:31:30,535 - IndustryTrendAnalysis - INFO - 
Top 5 Emerging Industries by Growth Score:
2025-04-22 20:31:30,535 - IndustryTrendAnalysis - INFO - 
Top 5 Saturated Industries by Maturity:
2025-04-22 20:31:30,535 - IndustryTrendAnalysis - INFO - Information Technology & Services: Maturity 29.03, Market Share 66.60%, Concentration 0.59, Momentum 0.0%
2025-04-22 20:31:30,535 - IndustryTrendAnalysis - INFO - Research: Maturity 7.14, Market Share 8.79%, Concentration 0.24, Momentum 27.2%
2025-04-22 20:31:30,535 - IndustryTrendAnalysis - INFO - Artificial Intelligence: Maturity 4.22, Market Share 4.78%, Concentration 0.57, Momentum 0.0%
2025-04-22 20:31:30,535 - IndustryTrendAnalysis - INFO - Financial Services: Maturity 3.68, Market Share 3.19%, Concentration 0.19, Momentum 0.1%
2025-04-22 20:31:30,535 - IndustryTrendAnalysis - INFO - Computer & Network Security: Maturity 2.79, Market Share 1.66%, Concentration 0.07, Momentum -14.0%
2025-04-22 20:31:30,536 - IndustryTrendAnalysis - INFO - Analyzing employee migration patterns...
2025-04-22 20:31:30,582 - IndustryTrendAnalysis - INFO - Employee migration analysis summary:
2025-04-22 20:31:30,582 - IndustryTrendAnalysis - INFO - Total industries analyzed: 35
2025-04-22 20:31:30,582 - IndustryTrendAnalysis - INFO - Growing industries: 20
2025-04-22 20:31:30,582 - IndustryTrendAnalysis - INFO - Shrinking industries: 12
2025-04-22 20:31:30,582 - IndustryTrendAnalysis - INFO - 
Top 5 fastest growing industries:
2025-04-22 20:31:30,582 - IndustryTrendAnalysis - INFO - Financial Services: 19.5% growth rate, Avg Employees: 137, Companies: 41
2025-04-22 20:31:30,582 - IndustryTrendAnalysis - INFO - Machinery: 11.7% growth rate, Avg Employees: 63, Companies: 8
2025-04-22 20:31:30,582 - IndustryTrendAnalysis - INFO - Renewables & Environment: 11.0% growth rate, Avg Employees: 28, Companies: 3
2025-04-22 20:31:30,582 - IndustryTrendAnalysis - INFO - Computer Games: 10.6% growth rate, Avg Employees: 29, Companies: 6
2025-04-22 20:31:30,582 - IndustryTrendAnalysis - INFO - Defense & Space: 9.0% growth rate, Avg Employees: 39, Companies: 3
2025-04-22 20:31:30,583 - IndustryTrendAnalysis - INFO - 
Top 5 fastest shrinking industries:
2025-04-22 20:31:30,583 - IndustryTrendAnalysis - INFO - Higher Education: -15.4% growth rate, Avg Employees: 613, Companies: 3
2025-04-22 20:31:30,583 - IndustryTrendAnalysis - INFO - Government Administration: -16.5% growth rate, Avg Employees: 232, Companies: 3
2025-04-22 20:31:30,583 - IndustryTrendAnalysis - INFO - Hospital & Health Care: -17.6% growth rate, Avg Employees: 59, Companies: 30
2025-04-22 20:31:30,583 - IndustryTrendAnalysis - INFO - Information Technology & Services: -18.1% growth rate, Avg Employees: 150, Companies: 377
2025-04-22 20:31:30,583 - IndustryTrendAnalysis - INFO - Mechanical Or Industrial Engineering: -18.7% growth rate, Avg Employees: 128, Companies: 3
2025-04-22 20:31:30,583 - IndustryTrendAnalysis - INFO - Generating industry trend report...
2025-04-22 20:31:30,584 - IndustryTrendAnalysis - INFO - Report saved to ./outputIndustryTrends/industry_trend_report.json
2025-04-22 20:31:30,584 - IndustryTrendAnalysis - INFO - Creating trend visualizations...
2025-04-22 20:31:30,967 - IndustryTrendAnalysis - INFO - Trend visualizations created successfully
2025-04-22 20:31:53,103 - IndustryTrendAnalysis - INFO - Loaded 1103 records from fundraiser data
2025-04-22 20:31:53,104 - IndustryTrendAnalysis - INFO - Loaded 100 records from growthlist data
2025-04-22 20:31:53,190 - IndustryTrendAnalysis - INFO - Loaded 546 records from topstartup data
2025-04-22 20:31:53,292 - IndustryTrendAnalysis - WARNING - Removed 1 rows with invalid dates
2025-04-22 20:31:53,303 - IndustryTrendAnalysis - INFO - Cleaned data summary:
2025-04-22 20:31:53,304 - IndustryTrendAnalysis - INFO - Total companies: 1668
2025-04-22 20:31:53,304 - IndustryTrendAnalysis - INFO - Total funding rounds: 1747
2025-04-22 20:31:53,304 - IndustryTrendAnalysis - INFO - Date range: 1999-01-01 to 2025-03-01
2025-04-22 20:31:53,304 - IndustryTrendAnalysis - INFO - Total funding amount: $384,936,758,279.00
2025-04-22 20:31:53,632 - IndustryTrendAnalysis - INFO - Final dataset contains 1747 valid records
2025-04-22 20:31:53,632 - IndustryTrendAnalysis - INFO - Analyzing industry trends...
2025-04-22 20:31:54,180 - IndustryTrendAnalysis - INFO - 
Validation Metrics:
2025-04-22 20:31:54,181 - IndustryTrendAnalysis - INFO - Samples: Total=1747, Train=1555, Val=192
2025-04-22 20:31:54,181 - IndustryTrendAnalysis - INFO - Industry Coverage: 30.1%
2025-04-22 20:31:54,181 - IndustryTrendAnalysis - INFO - Funding Growth RMSE: 10.211
2025-04-22 20:31:54,181 - IndustryTrendAnalysis - INFO - Deals Growth RMSE: 0.702
2025-04-22 20:31:54,181 - IndustryTrendAnalysis - INFO - Employees Growth RMSE: 2.225
2025-04-22 20:31:54,181 - IndustryTrendAnalysis - INFO - Emerging Industries Precision: 0.0%
2025-04-22 20:31:54,181 - IndustryTrendAnalysis - INFO - Saturated Industries Precision: 55.6%
2025-04-22 20:31:54,181 - IndustryTrendAnalysis - INFO - 
Industry Analysis Summary:
2025-04-22 20:31:54,181 - IndustryTrendAnalysis - INFO - Total Industries Analyzed: 31
2025-04-22 20:31:54,181 - IndustryTrendAnalysis - INFO - Emerging Industries Found: 0
2025-04-22 20:31:54,181 - IndustryTrendAnalysis - INFO - Saturated Industries Found: 9
2025-04-22 20:31:54,181 - IndustryTrendAnalysis - INFO - Industries with Forecasts: 31
2025-04-22 20:31:54,181 - IndustryTrendAnalysis - INFO - 
Top 5 Emerging Industries by Growth Score:
2025-04-22 20:31:54,181 - IndustryTrendAnalysis - INFO - 
Top 5 Saturated Industries by Maturity:
2025-04-22 20:31:54,181 - IndustryTrendAnalysis - INFO - Information Technology & Services: Maturity 29.03, Market Share 66.60%, Concentration 0.59, Momentum 0.0%
2025-04-22 20:31:54,181 - IndustryTrendAnalysis - INFO - Research: Maturity 7.14, Market Share 8.79%, Concentration 0.24, Momentum 27.2%
2025-04-22 20:31:54,181 - IndustryTrendAnalysis - INFO - Artificial Intelligence: Maturity 4.22, Market Share 4.78%, Concentration 0.57, Momentum 0.0%
2025-04-22 20:31:54,181 - IndustryTrendAnalysis - INFO - Financial Services: Maturity 3.68, Market Share 3.19%, Concentration 0.19, Momentum 0.1%
2025-04-22 20:31:54,181 - IndustryTrendAnalysis - INFO - Computer & Network Security: Maturity 2.79, Market Share 1.66%, Concentration 0.07, Momentum -14.0%
2025-04-22 20:31:54,181 - IndustryTrendAnalysis - INFO - Analyzing employee migration patterns...
2025-04-22 20:31:54,278 - IndustryTrendAnalysis - INFO - Employee migration analysis summary:
2025-04-22 20:31:54,278 - IndustryTrendAnalysis - INFO - Total industries analyzed: 35
2025-04-22 20:31:54,278 - IndustryTrendAnalysis - INFO - Growing industries: 21
2025-04-22 20:31:54,278 - IndustryTrendAnalysis - INFO - Shrinking industries: 11
2025-04-22 20:31:54,278 - IndustryTrendAnalysis - INFO - 
Top 5 fastest growing industries:
2025-04-22 20:31:54,278 - IndustryTrendAnalysis - INFO - Financial Services: 18.0% growth rate, Avg Employees: 137, Companies: 41
2025-04-22 20:31:54,278 - IndustryTrendAnalysis - INFO - Renewables & Environment: 17.0% growth rate, Avg Employees: 28, Companies: 3
2025-04-22 20:31:54,278 - IndustryTrendAnalysis - INFO - Machinery: 13.2% growth rate, Avg Employees: 63, Companies: 8
2025-04-22 20:31:54,278 - IndustryTrendAnalysis - INFO - Semiconductors: 11.3% growth rate, Avg Employees: 124, Companies: 16
2025-04-22 20:31:54,278 - IndustryTrendAnalysis - INFO - Chemicals: 8.1% growth rate, Avg Employees: 10, Companies: 4
2025-04-22 20:31:54,278 - IndustryTrendAnalysis - INFO - 
Top 5 fastest shrinking industries:
2025-04-22 20:31:54,278 - IndustryTrendAnalysis - INFO - Internet: -14.9% growth rate, Avg Employees: 32, Companies: 8
2025-04-22 20:31:54,278 - IndustryTrendAnalysis - INFO - Higher Education: -15.4% growth rate, Avg Employees: 613, Companies: 3
2025-04-22 20:31:54,278 - IndustryTrendAnalysis - INFO - Information Technology & Services: -16.5% growth rate, Avg Employees: 150, Companies: 377
2025-04-22 20:31:54,278 - IndustryTrendAnalysis - INFO - Government Administration: -16.7% growth rate, Avg Employees: 232, Companies: 3
2025-04-22 20:31:54,278 - IndustryTrendAnalysis - INFO - Hospital & Health Care: -18.3% growth rate, Avg Employees: 59, Companies: 30
2025-04-22 20:31:54,278 - IndustryTrendAnalysis - INFO - Generating industry trend report...
2025-04-22 20:31:54,280 - IndustryTrendAnalysis - INFO - Report saved to ./outputIndustryTrends/industry_trend_report.json
2025-04-22 20:31:54,280 - IndustryTrendAnalysis - INFO - Creating trend visualizations...
2025-04-22 20:31:54,729 - IndustryTrendAnalysis - INFO - Trend visualizations created successfully
2025-04-22 20:32:26,027 - IndustryTrendAnalysis - INFO - Loaded 1103 records from fundraiser data
2025-04-22 20:32:26,029 - IndustryTrendAnalysis - INFO - Loaded 100 records from growthlist data
2025-04-22 20:32:26,117 - IndustryTrendAnalysis - INFO - Loaded 546 records from topstartup data
2025-04-22 20:32:26,219 - IndustryTrendAnalysis - WARNING - Removed 1 rows with invalid dates
2025-04-22 20:32:26,231 - IndustryTrendAnalysis - INFO - Cleaned data summary:
2025-04-22 20:32:26,231 - IndustryTrendAnalysis - INFO - Total companies: 1668
2025-04-22 20:32:26,231 - IndustryTrendAnalysis - INFO - Total funding rounds: 1747
2025-04-22 20:32:26,231 - IndustryTrendAnalysis - INFO - Date range: 1999-01-01 to 2025-03-01
2025-04-22 20:32:26,232 - IndustryTrendAnalysis - INFO - Total funding amount: $384,936,758,279.00
2025-04-22 20:32:26,534 - IndustryTrendAnalysis - INFO - Final dataset contains 1747 valid records
2025-04-22 20:32:26,534 - IndustryTrendAnalysis - INFO - Analyzing industry trends...
2025-04-22 20:32:27,034 - IndustryTrendAnalysis - INFO - 
Validation Metrics:
2025-04-22 20:32:27,034 - IndustryTrendAnalysis - INFO - Samples: Total=1747, Train=1555, Val=192
2025-04-22 20:32:27,034 - IndustryTrendAnalysis - INFO - Industry Coverage: 30.1%
2025-04-22 20:32:27,034 - IndustryTrendAnalysis - INFO - Funding Growth RMSE: 10.211
2025-04-22 20:32:27,034 - IndustryTrendAnalysis - INFO - Deals Growth RMSE: 0.702
2025-04-22 20:32:27,034 - IndustryTrendAnalysis - INFO - Employees Growth RMSE: 2.225
2025-04-22 20:32:27,034 - IndustryTrendAnalysis - INFO - Emerging Industries Precision: 0.0%
2025-04-22 20:32:27,034 - IndustryTrendAnalysis - INFO - Saturated Industries Precision: 55.6%
2025-04-22 20:32:27,035 - IndustryTrendAnalysis - INFO - 
Industry Analysis Summary:
2025-04-22 20:32:27,035 - IndustryTrendAnalysis - INFO - Total Industries Analyzed: 31
2025-04-22 20:32:27,035 - IndustryTrendAnalysis - INFO - Emerging Industries Found: 0
2025-04-22 20:32:27,035 - IndustryTrendAnalysis - INFO - Saturated Industries Found: 9
2025-04-22 20:32:27,035 - IndustryTrendAnalysis - INFO - Industries with Forecasts: 31
2025-04-22 20:32:27,035 - IndustryTrendAnalysis - INFO - 
Top 5 Emerging Industries by Growth Score:
2025-04-22 20:32:27,035 - IndustryTrendAnalysis - INFO - 
Top 5 Saturated Industries by Maturity:
2025-04-22 20:32:27,035 - IndustryTrendAnalysis - INFO - Information Technology & Services: Maturity 29.03, Market Share 66.60%, Concentration 0.59, Momentum 0.0%
2025-04-22 20:32:27,035 - IndustryTrendAnalysis - INFO - Research: Maturity 7.14, Market Share 8.79%, Concentration 0.24, Momentum 27.2%
2025-04-22 20:32:27,035 - IndustryTrendAnalysis - INFO - Artificial Intelligence: Maturity 4.22, Market Share 4.78%, Concentration 0.57, Momentum 0.0%
2025-04-22 20:32:27,035 - IndustryTrendAnalysis - INFO - Financial Services: Maturity 3.68, Market Share 3.19%, Concentration 0.19, Momentum 0.1%
2025-04-22 20:32:27,035 - IndustryTrendAnalysis - INFO - Computer & Network Security: Maturity 2.79, Market Share 1.66%, Concentration 0.07, Momentum -14.0%
2025-04-22 20:32:27,037 - IndustryTrendAnalysis - INFO - Analyzing employee migration patterns...
2025-04-22 20:32:27,138 - IndustryTrendAnalysis - INFO - Employee migration analysis summary:
2025-04-22 20:32:27,138 - IndustryTrendAnalysis - INFO - Total industries analyzed: 35
2025-04-22 20:32:27,138 - IndustryTrendAnalysis - INFO - Growing industries: 20
2025-04-22 20:32:27,138 - IndustryTrendAnalysis - INFO - Shrinking industries: 14
2025-04-22 20:32:27,138 - IndustryTrendAnalysis - INFO - 
Top 5 fastest growing industries:
2025-04-22 20:32:27,138 - IndustryTrendAnalysis - INFO - Renewables & Environment: 200.0% growth rate, Avg Employees: 28, Companies: 3
2025-04-22 20:32:27,138 - IndustryTrendAnalysis - INFO - Computer Games: 200.0% growth rate, Avg Employees: 29, Companies: 6
2025-04-22 20:32:27,138 - IndustryTrendAnalysis - INFO - Computer Hardware: 200.0% growth rate, Avg Employees: 135, Companies: 9
2025-04-22 20:32:27,138 - IndustryTrendAnalysis - INFO - E-Learning: 200.0% growth rate, Avg Employees: 91, Companies: 6
2025-04-22 20:32:27,138 - IndustryTrendAnalysis - INFO - Legal Services: 200.0% growth rate, Avg Employees: 18, Companies: 4
2025-04-22 20:32:27,138 - IndustryTrendAnalysis - INFO - 
Top 5 fastest shrinking industries:
2025-04-22 20:32:27,138 - IndustryTrendAnalysis - INFO - Higher Education: -53.0% growth rate, Avg Employees: 613, Companies: 3
2025-04-22 20:32:27,138 - IndustryTrendAnalysis - INFO - Farming: -54.6% growth rate, Avg Employees: 56, Companies: 5
2025-04-22 20:32:27,138 - IndustryTrendAnalysis - INFO - Government Administration: -68.2% growth rate, Avg Employees: 232, Companies: 3
2025-04-22 20:32:27,138 - IndustryTrendAnalysis - INFO - Defense & Space: -75.0% growth rate, Avg Employees: 39, Companies: 3
2025-04-22 20:32:27,138 - IndustryTrendAnalysis - INFO - Semiconductors: -75.0% growth rate, Avg Employees: 124, Companies: 16
2025-04-22 20:32:27,138 - IndustryTrendAnalysis - INFO - Generating industry trend report...
2025-04-22 20:32:27,140 - IndustryTrendAnalysis - INFO - Report saved to ./outputIndustryTrends/industry_trend_report.json
2025-04-22 20:32:27,140 - IndustryTrendAnalysis - INFO - Creating trend visualizations...
2025-04-22 20:32:27,561 - IndustryTrendAnalysis - INFO - Trend visualizations created successfully
2025-04-22 20:32:54,232 - IndustryTrendAnalysis - INFO - Loaded 1103 records from fundraiser data
2025-04-22 20:32:54,233 - IndustryTrendAnalysis - INFO - Loaded 100 records from growthlist data
2025-04-22 20:32:54,311 - IndustryTrendAnalysis - INFO - Loaded 546 records from topstartup data
2025-04-22 20:32:54,414 - IndustryTrendAnalysis - WARNING - Removed 1 rows with invalid dates
2025-04-22 20:32:54,426 - IndustryTrendAnalysis - INFO - Cleaned data summary:
2025-04-22 20:32:54,426 - IndustryTrendAnalysis - INFO - Total companies: 1668
2025-04-22 20:32:54,426 - IndustryTrendAnalysis - INFO - Total funding rounds: 1747
2025-04-22 20:32:54,427 - IndustryTrendAnalysis - INFO - Date range: 1999-01-01 to 2025-03-01
2025-04-22 20:32:54,427 - IndustryTrendAnalysis - INFO - Total funding amount: $384,936,758,279.00
2025-04-22 20:32:54,783 - IndustryTrendAnalysis - INFO - Final dataset contains 1747 valid records
2025-04-22 20:32:54,783 - IndustryTrendAnalysis - INFO - Analyzing industry trends...
2025-04-22 20:32:55,298 - IndustryTrendAnalysis - INFO - 
Validation Metrics:
2025-04-22 20:32:55,299 - IndustryTrendAnalysis - INFO - Samples: Total=1747, Train=1555, Val=192
2025-04-22 20:32:55,299 - IndustryTrendAnalysis - INFO - Industry Coverage: 30.1%
2025-04-22 20:32:55,299 - IndustryTrendAnalysis - INFO - Funding Growth RMSE: 10.211
2025-04-22 20:32:55,299 - IndustryTrendAnalysis - INFO - Deals Growth RMSE: 0.702
2025-04-22 20:32:55,299 - IndustryTrendAnalysis - INFO - Employees Growth RMSE: 2.225
2025-04-22 20:32:55,299 - IndustryTrendAnalysis - INFO - Emerging Industries Precision: 0.0%
2025-04-22 20:32:55,299 - IndustryTrendAnalysis - INFO - Saturated Industries Precision: 55.6%
2025-04-22 20:32:55,299 - IndustryTrendAnalysis - INFO - 
Industry Analysis Summary:
2025-04-22 20:32:55,299 - IndustryTrendAnalysis - INFO - Total Industries Analyzed: 31
2025-04-22 20:32:55,299 - IndustryTrendAnalysis - INFO - Emerging Industries Found: 0
2025-04-22 20:32:55,299 - IndustryTrendAnalysis - INFO - Saturated Industries Found: 9
2025-04-22 20:32:55,299 - IndustryTrendAnalysis - INFO - Industries with Forecasts: 31
2025-04-22 20:32:55,299 - IndustryTrendAnalysis - INFO - 
Top 5 Emerging Industries by Growth Score:
2025-04-22 20:32:55,299 - IndustryTrendAnalysis - INFO - 
Top 5 Saturated Industries by Maturity:
2025-04-22 20:32:55,299 - IndustryTrendAnalysis - INFO - Information Technology & Services: Maturity 29.03, Market Share 0.67%, Concentration 0.59, Momentum 0.0%
2025-04-22 20:32:55,299 - IndustryTrendAnalysis - INFO - Research: Maturity 7.14, Market Share 0.09%, Concentration 0.24, Momentum 27.2%
2025-04-22 20:32:55,299 - IndustryTrendAnalysis - INFO - Artificial Intelligence: Maturity 4.22, Market Share 0.05%, Concentration 0.57, Momentum 0.0%
2025-04-22 20:32:55,299 - IndustryTrendAnalysis - INFO - Financial Services: Maturity 3.68, Market Share 0.03%, Concentration 0.19, Momentum 0.1%
2025-04-22 20:32:55,299 - IndustryTrendAnalysis - INFO - Computer & Network Security: Maturity 2.79, Market Share 0.02%, Concentration 0.07, Momentum -14.0%
2025-04-22 20:32:55,299 - IndustryTrendAnalysis - INFO - Analyzing employee migration patterns...
2025-04-22 20:32:55,415 - IndustryTrendAnalysis - INFO - Employee migration analysis summary:
2025-04-22 20:32:55,415 - IndustryTrendAnalysis - INFO - Total industries analyzed: 35
2025-04-22 20:32:55,415 - IndustryTrendAnalysis - INFO - Growing industries: 18
2025-04-22 20:32:55,415 - IndustryTrendAnalysis - INFO - Shrinking industries: 16
2025-04-22 20:32:55,415 - IndustryTrendAnalysis - INFO - 
Top 5 fastest growing industries:
2025-04-22 20:32:55,415 - IndustryTrendAnalysis - INFO - Renewables & Environment: 200.0% growth rate, Avg Employees: 28, Companies: 3
2025-04-22 20:32:55,415 - IndustryTrendAnalysis - INFO - Computer Games: 200.0% growth rate, Avg Employees: 29, Companies: 6
2025-04-22 20:32:55,415 - IndustryTrendAnalysis - INFO - Computer Hardware: 200.0% growth rate, Avg Employees: 135, Companies: 9
2025-04-22 20:32:55,415 - IndustryTrendAnalysis - INFO - E-Learning: 200.0% growth rate, Avg Employees: 91, Companies: 6
2025-04-22 20:32:55,415 - IndustryTrendAnalysis - INFO - Legal Services: 200.0% growth rate, Avg Employees: 18, Companies: 4
2025-04-22 20:32:55,415 - IndustryTrendAnalysis - INFO - 
Top 5 fastest shrinking industries:
2025-04-22 20:32:55,416 - IndustryTrendAnalysis - INFO - Higher Education: -53.0% growth rate, Avg Employees: 613, Companies: 3
2025-04-22 20:32:55,416 - IndustryTrendAnalysis - INFO - Government Administration: -68.2% growth rate, Avg Employees: 232, Companies: 3
2025-04-22 20:32:55,416 - IndustryTrendAnalysis - INFO - Information Services: -75.0% growth rate, Avg Employees: 107, Companies: 6
2025-04-22 20:32:55,416 - IndustryTrendAnalysis - INFO - Defense & Space: -75.0% growth rate, Avg Employees: 39, Companies: 3
2025-04-22 20:32:55,416 - IndustryTrendAnalysis - INFO - Semiconductors: -75.0% growth rate, Avg Employees: 124, Companies: 16
2025-04-22 20:32:55,416 - IndustryTrendAnalysis - INFO - Generating industry trend report...
2025-04-22 20:32:55,418 - IndustryTrendAnalysis - INFO - Report saved to ./outputIndustryTrends/industry_trend_report.json
2025-04-22 20:32:55,418 - IndustryTrendAnalysis - INFO - Creating trend visualizations...
2025-04-22 20:32:55,861 - IndustryTrendAnalysis - INFO - Trend visualizations created successfully
2025-04-22 20:35:15,872 - IndustryTrendAnalysis - INFO - Loaded 1103 records from fundraiser data
2025-04-22 20:35:15,873 - IndustryTrendAnalysis - INFO - Loaded 100 records from growthlist data
2025-04-22 20:35:15,914 - IndustryTrendAnalysis - INFO - Loaded 546 records from topstartup data
2025-04-22 20:35:16,017 - IndustryTrendAnalysis - WARNING - Removed 1 rows with invalid dates
2025-04-22 20:35:16,028 - IndustryTrendAnalysis - INFO - Cleaned data summary:
2025-04-22 20:35:16,029 - IndustryTrendAnalysis - INFO - Total companies: 1668
2025-04-22 20:35:16,029 - IndustryTrendAnalysis - INFO - Total funding rounds: 1747
2025-04-22 20:35:16,029 - IndustryTrendAnalysis - INFO - Date range: 1999-01-01 to 2025-03-01
2025-04-22 20:35:16,029 - IndustryTrendAnalysis - INFO - Total funding amount: $384,936,758,279.00
2025-04-22 20:35:16,336 - IndustryTrendAnalysis - INFO - Final dataset contains 1747 valid records
2025-04-22 20:35:16,336 - IndustryTrendAnalysis - INFO - Analyzing industry trends...
2025-04-22 20:35:16,438 - IndustryTrendAnalysis - INFO - 
Industry Analysis Summary:
2025-04-22 20:35:16,438 - IndustryTrendAnalysis - INFO - Total Industries Analyzed: 31
2025-04-22 20:35:16,438 - IndustryTrendAnalysis - INFO - Emerging Industries Found: 0
2025-04-22 20:35:16,439 - IndustryTrendAnalysis - INFO - Saturated Industries Found: 9
2025-04-22 20:35:16,439 - IndustryTrendAnalysis - INFO - Industries with Forecasts: 31
2025-04-22 20:35:16,439 - IndustryTrendAnalysis - INFO - 
Top 5 Emerging Industries by Growth Rate:
2025-04-22 20:35:16,439 - IndustryTrendAnalysis - INFO - 
Top 5 Saturated Industries by Maturity:
2025-04-22 20:35:16,439 - IndustryTrendAnalysis - INFO - Information Technology & Services: Maturity 29.03, Market Share 0.67%, Concentration 0.59, Momentum 0.0%
2025-04-22 20:35:16,439 - IndustryTrendAnalysis - INFO - Research: Maturity 7.14, Market Share 0.09%, Concentration 0.24, Momentum 27.2%
2025-04-22 20:35:16,439 - IndustryTrendAnalysis - INFO - Artificial Intelligence: Maturity 4.22, Market Share 0.05%, Concentration 0.57, Momentum 0.0%
2025-04-22 20:35:16,439 - IndustryTrendAnalysis - INFO - Financial Services: Maturity 3.68, Market Share 0.03%, Concentration 0.19, Momentum 0.1%
2025-04-22 20:35:16,439 - IndustryTrendAnalysis - INFO - Computer & Network Security: Maturity 2.79, Market Share 0.02%, Concentration 0.07, Momentum -14.0%
2025-04-22 20:35:16,893 - IndustryTrendAnalysis - INFO - 
Validation Metrics:
2025-04-22 20:35:16,893 - IndustryTrendAnalysis - INFO - Samples: Total=1747, Train=1555, Val=192
2025-04-22 20:35:16,893 - IndustryTrendAnalysis - INFO - Industry Coverage: 30.1%
2025-04-22 20:35:16,893 - IndustryTrendAnalysis - INFO - Funding Growth RMSE: 10.211
2025-04-22 20:35:16,893 - IndustryTrendAnalysis - INFO - Deals Growth RMSE: 0.702
2025-04-22 20:35:16,894 - IndustryTrendAnalysis - INFO - Employees Growth RMSE: 2.225
2025-04-22 20:35:16,894 - IndustryTrendAnalysis - INFO - Emerging Industries Precision: 0.0%
2025-04-22 20:35:16,894 - IndustryTrendAnalysis - INFO - Saturated Industries Precision: 55.6%
2025-04-22 20:35:16,894 - IndustryTrendAnalysis - INFO - Analyzing employee migration patterns...
2025-04-22 20:35:16,962 - IndustryTrendAnalysis - INFO - Employee migration analysis summary:
2025-04-22 20:35:16,962 - IndustryTrendAnalysis - INFO - Total industries analyzed: 35
2025-04-22 20:35:16,963 - IndustryTrendAnalysis - INFO - Growing industries: 19
2025-04-22 20:35:16,963 - IndustryTrendAnalysis - INFO - Shrinking industries: 15
2025-04-22 20:35:16,963 - IndustryTrendAnalysis - INFO - 
Top 5 fastest growing industries:
2025-04-22 20:35:16,963 - IndustryTrendAnalysis - INFO - Information Services: 200.0% growth rate, Avg Employees: 107, Companies: 6
2025-04-22 20:35:16,963 - IndustryTrendAnalysis - INFO - Renewables & Environment: 200.0% growth rate, Avg Employees: 28, Companies: 3
2025-04-22 20:35:16,963 - IndustryTrendAnalysis - INFO - Computer Games: 200.0% growth rate, Avg Employees: 29, Companies: 6
2025-04-22 20:35:16,963 - IndustryTrendAnalysis - INFO - Aviation & Aerospace: 200.0% growth rate, Avg Employees: 79, Companies: 7
2025-04-22 20:35:16,963 - IndustryTrendAnalysis - INFO - Computer Hardware: 200.0% growth rate, Avg Employees: 135, Companies: 9
2025-04-22 20:35:16,963 - IndustryTrendAnalysis - INFO - 
Top 5 fastest shrinking industries:
2025-04-22 20:35:16,963 - IndustryTrendAnalysis - INFO - Farming: -50.2% growth rate, Avg Employees: 56, Companies: 5
2025-04-22 20:35:16,963 - IndustryTrendAnalysis - INFO - Higher Education: -53.0% growth rate, Avg Employees: 613, Companies: 3
2025-04-22 20:35:16,963 - IndustryTrendAnalysis - INFO - Government Administration: -68.2% growth rate, Avg Employees: 232, Companies: 3
2025-04-22 20:35:16,963 - IndustryTrendAnalysis - INFO - Defense & Space: -75.0% growth rate, Avg Employees: 39, Companies: 3
2025-04-22 20:35:16,963 - IndustryTrendAnalysis - INFO - Semiconductors: -75.0% growth rate, Avg Employees: 124, Companies: 16
2025-04-22 20:35:16,964 - IndustryTrendAnalysis - INFO - Generating industry trend report...
2025-04-22 20:35:16,966 - IndustryTrendAnalysis - INFO - Report saved to ./outputIndustryTrends/industry_trend_report.json
2025-04-22 20:35:16,966 - IndustryTrendAnalysis - INFO - Creating trend visualizations...
2025-04-22 20:35:17,425 - IndustryTrendAnalysis - INFO - Trend visualizations created successfully
2025-04-22 20:36:13,632 - IndustryTrendAnalysis - INFO - Loaded 1103 records from fundraiser data
2025-04-22 20:36:13,633 - IndustryTrendAnalysis - INFO - Loaded 100 records from growthlist data
2025-04-22 20:36:13,693 - IndustryTrendAnalysis - INFO - Loaded 546 records from topstartup data
2025-04-22 20:36:13,803 - IndustryTrendAnalysis - WARNING - Removed 1 rows with invalid dates
2025-04-22 20:36:13,816 - IndustryTrendAnalysis - INFO - Cleaned data summary:
2025-04-22 20:36:13,816 - IndustryTrendAnalysis - INFO - Total companies: 1668
2025-04-22 20:36:13,817 - IndustryTrendAnalysis - INFO - Total funding rounds: 1747
2025-04-22 20:36:13,817 - IndustryTrendAnalysis - INFO - Date range: 1999-01-01 to 2025-03-01
2025-04-22 20:36:13,817 - IndustryTrendAnalysis - INFO - Total funding amount: $384,936,758,279.00
2025-04-22 20:36:14,165 - IndustryTrendAnalysis - INFO - Final dataset contains 1747 valid records
2025-04-22 20:36:14,166 - IndustryTrendAnalysis - INFO - Analyzing industry trends...
2025-04-22 20:36:14,261 - IndustryTrendAnalysis - INFO - 
Industry Analysis Summary:
2025-04-22 20:36:14,261 - IndustryTrendAnalysis - INFO - Total Industries Analyzed: 31
2025-04-22 20:36:14,262 - IndustryTrendAnalysis - INFO - Emerging Industries Found: 16
2025-04-22 20:36:14,262 - IndustryTrendAnalysis - INFO - Saturated Industries Found: 9
2025-04-22 20:36:14,262 - IndustryTrendAnalysis - INFO - Industries with Forecasts: 31
2025-04-22 20:36:14,262 - IndustryTrendAnalysis - INFO - 
Top 5 Emerging Industries:
2025-04-22 20:36:14,262 - IndustryTrendAnalysis - INFO - Medical Devices:
  - Quarterly Funding Growth: 520.8%
  - Employee Growth: 0.0%
  - Deal Growth: 0.0%
  - Market Share: 0.74%
  - Active Companies: 22
  - Avg Quarterly Funding: $242,504,602.00
  - Avg Quarterly Deals: 7.3
  - Total Funding: $773,513,806.00
2025-04-22 20:36:14,262 - IndustryTrendAnalysis - INFO - Environmental Services:
  - Quarterly Funding Growth: 222.1%
  - Employee Growth: 0.0%
  - Deal Growth: 0.0%
  - Market Share: 0.15%
  - Active Companies: 8
  - Avg Quarterly Funding: $45,496,666.67
  - Avg Quarterly Deals: 2.3
  - Total Funding: $164,890,000.00
2025-04-22 20:36:14,262 - IndustryTrendAnalysis - INFO - Information Services:
  - Quarterly Funding Growth: 70.3%
  - Employee Growth: 0.0%
  - Deal Growth: 0.0%
  - Market Share: 0.03%
  - Active Companies: 6
  - Avg Quarterly Funding: $8,542,246.67
  - Avg Quarterly Deals: 2.0
  - Total Funding: $38,626,740.00
2025-04-22 20:36:14,262 - IndustryTrendAnalysis - INFO - E-Learning:
  - Quarterly Funding Growth: 60.4%
  - Employee Growth: 0.0%
  - Deal Growth: 0.0%
  - Market Share: 0.15%
  - Active Companies: 6
  - Avg Quarterly Funding: $48,233,333.33
  - Avg Quarterly Deals: 2.0
  - Total Funding: $174,302,342.00
2025-04-22 20:36:14,262 - IndustryTrendAnalysis - INFO - Computer Hardware:
  - Quarterly Funding Growth: 56.7%
  - Employee Growth: 0.0%
  - Deal Growth: 0.0%
  - Market Share: 1.23%
  - Active Companies: 9
  - Avg Quarterly Funding: $396,000,000.00
  - Avg Quarterly Deals: 2.7
  - Total Funding: $1,307,500,000.00
2025-04-22 20:36:14,262 - IndustryTrendAnalysis - INFO - 
Top 5 Saturated Industries by Maturity:
2025-04-22 20:36:14,262 - IndustryTrendAnalysis - INFO - Information Technology & Services: Maturity 29.03, Market Share 0.67%, Concentration 0.59, Momentum 0.0%
2025-04-22 20:36:14,262 - IndustryTrendAnalysis - INFO - Research: Maturity 7.14, Market Share 0.09%, Concentration 0.24, Momentum 27.2%
2025-04-22 20:36:14,262 - IndustryTrendAnalysis - INFO - Artificial Intelligence: Maturity 4.22, Market Share 0.05%, Concentration 0.57, Momentum 0.0%
2025-04-22 20:36:14,262 - IndustryTrendAnalysis - INFO - Financial Services: Maturity 3.68, Market Share 0.03%, Concentration 0.19, Momentum 0.1%
2025-04-22 20:36:14,262 - IndustryTrendAnalysis - INFO - Computer & Network Security: Maturity 2.79, Market Share 0.02%, Concentration 0.07, Momentum -14.0%
2025-04-22 20:36:14,717 - IndustryTrendAnalysis - INFO - 
Validation Metrics:
2025-04-22 20:36:14,717 - IndustryTrendAnalysis - INFO - Samples: Total=1747, Train=1555, Val=192
2025-04-22 20:36:14,717 - IndustryTrendAnalysis - INFO - Industry Coverage: 30.1%
2025-04-22 20:36:14,717 - IndustryTrendAnalysis - INFO - Funding Growth RMSE: 10.211
2025-04-22 20:36:14,717 - IndustryTrendAnalysis - INFO - Deals Growth RMSE: 0.702
2025-04-22 20:36:14,717 - IndustryTrendAnalysis - INFO - Employees Growth RMSE: 2.225
2025-04-22 20:36:14,717 - IndustryTrendAnalysis - INFO - Emerging Industries Precision: 6.2%
2025-04-22 20:36:14,717 - IndustryTrendAnalysis - INFO - Saturated Industries Precision: 55.6%
2025-04-22 20:36:14,717 - IndustryTrendAnalysis - INFO - Analyzing employee migration patterns...
2025-04-22 20:36:14,772 - IndustryTrendAnalysis - INFO - Employee migration analysis summary:
2025-04-22 20:36:14,773 - IndustryTrendAnalysis - INFO - Total industries analyzed: 35
2025-04-22 20:36:14,773 - IndustryTrendAnalysis - INFO - Growing industries: 18
2025-04-22 20:36:14,773 - IndustryTrendAnalysis - INFO - Shrinking industries: 16
2025-04-22 20:36:14,773 - IndustryTrendAnalysis - INFO - 
Top 5 fastest growing industries:
2025-04-22 20:36:14,773 - IndustryTrendAnalysis - INFO - Renewables & Environment: 200.0% growth rate, Avg Employees: 28, Companies: 3
2025-04-22 20:36:14,773 - IndustryTrendAnalysis - INFO - Computer Games: 200.0% growth rate, Avg Employees: 29, Companies: 6
2025-04-22 20:36:14,773 - IndustryTrendAnalysis - INFO - Computer Hardware: 200.0% growth rate, Avg Employees: 135, Companies: 9
2025-04-22 20:36:14,773 - IndustryTrendAnalysis - INFO - E-Learning: 200.0% growth rate, Avg Employees: 91, Companies: 6
2025-04-22 20:36:14,773 - IndustryTrendAnalysis - INFO - Legal Services: 200.0% growth rate, Avg Employees: 18, Companies: 4
2025-04-22 20:36:14,773 - IndustryTrendAnalysis - INFO - 
Top 5 fastest shrinking industries:
2025-04-22 20:36:14,773 - IndustryTrendAnalysis - INFO - Farming: -53.9% growth rate, Avg Employees: 56, Companies: 5
2025-04-22 20:36:14,773 - IndustryTrendAnalysis - INFO - Government Administration: -68.2% growth rate, Avg Employees: 232, Companies: 3
2025-04-22 20:36:14,773 - IndustryTrendAnalysis - INFO - Real Estate: -75.0% growth rate, Avg Employees: 122, Companies: 3
2025-04-22 20:36:14,773 - IndustryTrendAnalysis - INFO - Defense & Space: -75.0% growth rate, Avg Employees: 39, Companies: 3
2025-04-22 20:36:14,773 - IndustryTrendAnalysis - INFO - Semiconductors: -75.0% growth rate, Avg Employees: 124, Companies: 16
2025-04-22 20:36:14,773 - IndustryTrendAnalysis - INFO - Generating industry trend report...
2025-04-22 20:36:14,775 - IndustryTrendAnalysis - INFO - Report saved to ./outputIndustryTrends/industry_trend_report.json
2025-04-22 20:36:14,775 - IndustryTrendAnalysis - INFO - Creating trend visualizations...
2025-04-22 20:36:14,785 - IndustryTrendAnalysis - ERROR - Error creating visualizations: 'growth_score'
2025-04-22 20:37:46,791 - IndustryTrendAnalysis - INFO - Loaded 1103 records from fundraiser data
2025-04-22 20:37:46,795 - IndustryTrendAnalysis - INFO - Loaded 100 records from growthlist data
2025-04-22 20:37:46,919 - IndustryTrendAnalysis - INFO - Loaded 546 records from topstartup data
2025-04-22 20:37:47,025 - IndustryTrendAnalysis - WARNING - Removed 1 rows with invalid dates
2025-04-22 20:37:47,037 - IndustryTrendAnalysis - INFO - Cleaned data summary:
2025-04-22 20:37:47,037 - IndustryTrendAnalysis - INFO - Total companies: 1668
2025-04-22 20:37:47,037 - IndustryTrendAnalysis - INFO - Total funding rounds: 1747
2025-04-22 20:37:47,037 - IndustryTrendAnalysis - INFO - Date range: 1999-01-01 to 2025-03-01
2025-04-22 20:37:47,038 - IndustryTrendAnalysis - INFO - Total funding amount: $384,936,758,279.00
2025-04-22 20:37:47,337 - IndustryTrendAnalysis - INFO - Final dataset contains 1747 valid records
2025-04-22 20:37:47,338 - IndustryTrendAnalysis - INFO - Analyzing industry trends...
2025-04-22 20:37:47,431 - IndustryTrendAnalysis - INFO - 
Industry Analysis Summary:
2025-04-22 20:37:47,431 - IndustryTrendAnalysis - INFO - Total Industries Analyzed: 31
2025-04-22 20:37:47,431 - IndustryTrendAnalysis - INFO - Emerging Industries Found: 16
2025-04-22 20:37:47,431 - IndustryTrendAnalysis - INFO - Saturated Industries Found: 9
2025-04-22 20:37:47,431 - IndustryTrendAnalysis - INFO - Industries with Forecasts: 31
2025-04-22 20:37:47,431 - IndustryTrendAnalysis - INFO - 
Top 5 Emerging Industries:
2025-04-22 20:37:47,431 - IndustryTrendAnalysis - INFO - Medical Devices:
  - Quarterly Funding Growth: 520.8%
  - Employee Growth: 0.0%
  - Deal Growth: 0.0%
  - Market Share: 0.74%
  - Active Companies: 22
  - Avg Quarterly Funding: $242,504,602.00
  - Avg Quarterly Deals: 7.3
  - Total Funding: $773,513,806.00
2025-04-22 20:37:47,431 - IndustryTrendAnalysis - INFO - Environmental Services:
  - Quarterly Funding Growth: 222.1%
  - Employee Growth: 0.0%
  - Deal Growth: 0.0%
  - Market Share: 0.15%
  - Active Companies: 8
  - Avg Quarterly Funding: $45,496,666.67
  - Avg Quarterly Deals: 2.3
  - Total Funding: $164,890,000.00
2025-04-22 20:37:47,431 - IndustryTrendAnalysis - INFO - Information Services:
  - Quarterly Funding Growth: 70.3%
  - Employee Growth: 0.0%
  - Deal Growth: 0.0%
  - Market Share: 0.03%
  - Active Companies: 6
  - Avg Quarterly Funding: $8,542,246.67
  - Avg Quarterly Deals: 2.0
  - Total Funding: $38,626,740.00
2025-04-22 20:37:47,431 - IndustryTrendAnalysis - INFO - E-Learning:
  - Quarterly Funding Growth: 60.4%
  - Employee Growth: 0.0%
  - Deal Growth: 0.0%
  - Market Share: 0.15%
  - Active Companies: 6
  - Avg Quarterly Funding: $48,233,333.33
  - Avg Quarterly Deals: 2.0
  - Total Funding: $174,302,342.00
2025-04-22 20:37:47,431 - IndustryTrendAnalysis - INFO - Computer Hardware:
  - Quarterly Funding Growth: 56.7%
  - Employee Growth: 0.0%
  - Deal Growth: 0.0%
  - Market Share: 1.23%
  - Active Companies: 9
  - Avg Quarterly Funding: $396,000,000.00
  - Avg Quarterly Deals: 2.7
  - Total Funding: $1,307,500,000.00
2025-04-22 20:37:47,431 - IndustryTrendAnalysis - INFO - 
Top 5 Saturated Industries by Maturity:
2025-04-22 20:37:47,431 - IndustryTrendAnalysis - INFO - Information Technology & Services: Maturity 29.03, Market Share 0.67%, Concentration 0.59, Momentum 0.0%
2025-04-22 20:37:47,432 - IndustryTrendAnalysis - INFO - Research: Maturity 7.14, Market Share 0.09%, Concentration 0.24, Momentum 27.2%
2025-04-22 20:37:47,432 - IndustryTrendAnalysis - INFO - Artificial Intelligence: Maturity 4.22, Market Share 0.05%, Concentration 0.57, Momentum 0.0%
2025-04-22 20:37:47,432 - IndustryTrendAnalysis - INFO - Financial Services: Maturity 3.68, Market Share 0.03%, Concentration 0.19, Momentum 0.1%
2025-04-22 20:37:47,432 - IndustryTrendAnalysis - INFO - Computer & Network Security: Maturity 2.79, Market Share 0.02%, Concentration 0.07, Momentum -14.0%
2025-04-22 20:37:47,897 - IndustryTrendAnalysis - INFO - 
Validation Metrics:
2025-04-22 20:37:47,898 - IndustryTrendAnalysis - INFO - Samples: Total=1747, Train=1555, Val=192
2025-04-22 20:37:47,898 - IndustryTrendAnalysis - INFO - Industry Coverage: 30.1%
2025-04-22 20:37:47,898 - IndustryTrendAnalysis - INFO - Funding Growth RMSE: 10.211
2025-04-22 20:37:47,898 - IndustryTrendAnalysis - INFO - Deals Growth RMSE: 0.702
2025-04-22 20:37:47,898 - IndustryTrendAnalysis - INFO - Employees Growth RMSE: 2.225
2025-04-22 20:37:47,898 - IndustryTrendAnalysis - INFO - Emerging Industries Precision: 6.2%
2025-04-22 20:37:47,898 - IndustryTrendAnalysis - INFO - Saturated Industries Precision: 55.6%
2025-04-22 20:37:47,898 - IndustryTrendAnalysis - INFO - Analyzing employee migration patterns...
2025-04-22 20:37:47,999 - IndustryTrendAnalysis - INFO - Employee migration analysis summary:
2025-04-22 20:37:47,999 - IndustryTrendAnalysis - INFO - Total industries analyzed: 35
2025-04-22 20:37:47,999 - IndustryTrendAnalysis - INFO - Growing industries: 18
2025-04-22 20:37:47,999 - IndustryTrendAnalysis - INFO - Shrinking industries: 16
2025-04-22 20:37:47,999 - IndustryTrendAnalysis - INFO - 
Top 5 fastest growing industries:
2025-04-22 20:37:47,999 - IndustryTrendAnalysis - INFO - Environmental Services: 200.0% growth rate, Avg Employees: 130, Companies: 8
2025-04-22 20:37:47,999 - IndustryTrendAnalysis - INFO - Renewables & Environment: 200.0% growth rate, Avg Employees: 28, Companies: 3
2025-04-22 20:37:47,999 - IndustryTrendAnalysis - INFO - Computer Games: 200.0% growth rate, Avg Employees: 29, Companies: 6
2025-04-22 20:37:47,999 - IndustryTrendAnalysis - INFO - Computer Hardware: 200.0% growth rate, Avg Employees: 135, Companies: 9
2025-04-22 20:37:47,999 - IndustryTrendAnalysis - INFO - E-Learning: 200.0% growth rate, Avg Employees: 91, Companies: 6
2025-04-22 20:37:47,999 - IndustryTrendAnalysis - INFO - 
Top 5 fastest shrinking industries:
2025-04-22 20:37:47,999 - IndustryTrendAnalysis - INFO - Real Estate: -53.5% growth rate, Avg Employees: 122, Companies: 3
2025-04-22 20:37:47,999 - IndustryTrendAnalysis - INFO - Government Administration: -68.2% growth rate, Avg Employees: 232, Companies: 3
2025-04-22 20:37:47,999 - IndustryTrendAnalysis - INFO - Information Services: -75.0% growth rate, Avg Employees: 107, Companies: 6
2025-04-22 20:37:47,999 - IndustryTrendAnalysis - INFO - Defense & Space: -75.0% growth rate, Avg Employees: 39, Companies: 3
2025-04-22 20:37:47,999 - IndustryTrendAnalysis - INFO - Semiconductors: -75.0% growth rate, Avg Employees: 124, Companies: 16
2025-04-22 20:37:47,999 - IndustryTrendAnalysis - INFO - Generating industry trend report...
2025-04-22 20:37:48,001 - IndustryTrendAnalysis - INFO - Report saved to ./outputIndustryTrends/industry_trend_report.json
2025-04-22 20:37:48,001 - IndustryTrendAnalysis - INFO - Creating trend visualizations...
2025-04-22 20:37:48,014 - IndustryTrendAnalysis - ERROR - Error creating visualizations: 'growth_score'
2025-04-22 20:43:04,152 - IndustryTrendAnalysis - INFO - Loaded 1103 records from fundraiser data
2025-04-22 20:43:04,153 - IndustryTrendAnalysis - INFO - Loaded 100 records from growthlist data
2025-04-22 20:43:04,240 - IndustryTrendAnalysis - INFO - Loaded 546 records from topstartup data
2025-04-22 20:43:04,344 - IndustryTrendAnalysis - WARNING - Removed 1 rows with invalid dates
2025-04-22 20:43:04,357 - IndustryTrendAnalysis - INFO - Cleaned data summary:
2025-04-22 20:43:04,357 - IndustryTrendAnalysis - INFO - Total companies: 1668
2025-04-22 20:43:04,358 - IndustryTrendAnalysis - INFO - Total funding rounds: 1747
2025-04-22 20:43:04,358 - IndustryTrendAnalysis - INFO - Date range: 1999-01-01 to 2025-03-01
2025-04-22 20:43:04,358 - IndustryTrendAnalysis - INFO - Total funding amount: $384,936,758,279.00
2025-04-22 20:43:04,676 - IndustryTrendAnalysis - INFO - Final dataset contains 1747 valid records
2025-04-22 20:43:04,677 - IndustryTrendAnalysis - INFO - Analyzing industry trends...
2025-04-22 20:43:04,784 - IndustryTrendAnalysis - INFO - 
Industry Analysis Summary:
2025-04-22 20:43:04,784 - IndustryTrendAnalysis - INFO - Total Industries Analyzed: 31
2025-04-22 20:43:04,784 - IndustryTrendAnalysis - INFO - Emerging Industries Found: 16
2025-04-22 20:43:04,784 - IndustryTrendAnalysis - INFO - Saturated Industries Found: 0
2025-04-22 20:43:04,784 - IndustryTrendAnalysis - INFO - Industries with Forecasts: 31
2025-04-22 20:43:04,784 - IndustryTrendAnalysis - INFO - 
Top 5 Emerging Industries:
2025-04-22 20:43:04,784 - IndustryTrendAnalysis - INFO - Medical Devices:
  - Quarterly Funding Growth: 520.8%
  - Employee Growth: -36.9%
  - Deal Growth: -1.6%
  - Market Share: 0.74%
  - Active Companies: 22
  - Avg Quarterly Funding: $242,504,602.00
  - Avg Quarterly Deals: 7.3
  - Total Funding: $773,513,806.00
2025-04-22 20:43:04,784 - IndustryTrendAnalysis - INFO - Financial Services:
  - Quarterly Funding Growth: 475.5%
  - Employee Growth: 47.3%
  - Deal Growth: 0.8%
  - Market Share: 3.19%
  - Active Companies: 41
  - Avg Quarterly Funding: $1,041,417,361.67
  - Avg Quarterly Deals: 13.0
  - Total Funding: $3,162,002,085.00
2025-04-22 20:43:04,784 - IndustryTrendAnalysis - INFO - Environmental Services:
  - Quarterly Funding Growth: 222.1%
  - Employee Growth: -58.3%
  - Deal Growth: -5.5%
  - Market Share: 0.15%
  - Active Companies: 8
  - Avg Quarterly Funding: $45,496,666.67
  - Avg Quarterly Deals: 2.3
  - Total Funding: $164,890,000.00
2025-04-22 20:43:04,784 - IndustryTrendAnalysis - INFO - Information Services:
  - Quarterly Funding Growth: 70.3%
  - Employee Growth: -57.7%
  - Deal Growth: 57.0%
  - Market Share: 0.03%
  - Active Companies: 6
  - Avg Quarterly Funding: $8,542,246.67
  - Avg Quarterly Deals: 2.0
  - Total Funding: $38,626,740.00
2025-04-22 20:43:04,784 - IndustryTrendAnalysis - INFO - E-Learning:
  - Quarterly Funding Growth: 60.4%
  - Employee Growth: 96.3%
  - Deal Growth: 64.5%
  - Market Share: 0.15%
  - Active Companies: 6
  - Avg Quarterly Funding: $48,233,333.33
  - Avg Quarterly Deals: 2.0
  - Total Funding: $174,302,342.00
2025-04-22 20:43:04,784 - IndustryTrendAnalysis - INFO - 
Top 5 Saturated Industries by Maturity:
2025-04-22 20:43:05,268 - IndustryTrendAnalysis - INFO - 
Validation Metrics:
2025-04-22 20:43:05,268 - IndustryTrendAnalysis - INFO - Samples: Total=1747, Train=1555, Val=192
2025-04-22 20:43:05,268 - IndustryTrendAnalysis - INFO - Industry Coverage: 30.1%
2025-04-22 20:43:05,268 - IndustryTrendAnalysis - INFO - Funding Growth RMSE: 10.211
2025-04-22 20:43:05,268 - IndustryTrendAnalysis - INFO - Deals Growth RMSE: 0.702
2025-04-22 20:43:05,268 - IndustryTrendAnalysis - INFO - Employees Growth RMSE: 2.225
2025-04-22 20:43:05,268 - IndustryTrendAnalysis - INFO - Emerging Industries Precision: 6.2%
2025-04-22 20:43:05,268 - IndustryTrendAnalysis - INFO - Saturated Industries Precision: 0.0%
2025-04-22 20:43:05,269 - IndustryTrendAnalysis - INFO - Analyzing employee migration patterns...
2025-04-22 20:43:05,432 - IndustryTrendAnalysis - INFO - 
Employee migration analysis summary:
2025-04-22 20:43:05,432 - IndustryTrendAnalysis - INFO - Total industries analyzed: 46
2025-04-22 20:43:05,432 - IndustryTrendAnalysis - INFO - Growing industries: 23
2025-04-22 20:43:05,432 - IndustryTrendAnalysis - INFO - Stable industries (±5% growth): 9
2025-04-22 20:43:05,433 - IndustryTrendAnalysis - INFO - Shrinking industries: 16
2025-04-22 20:43:05,433 - IndustryTrendAnalysis - INFO - 
Top 5 fastest growing industries:
2025-04-22 20:43:05,433 - IndustryTrendAnalysis - INFO - Renewables & Environment:
  - Growth Rate: 300.0%
  - Avg Employees: 28
  - Companies: 1
  - Employee Volatility: nan
  - Size Inequality: 0.99
2025-04-22 20:43:05,433 - IndustryTrendAnalysis - INFO - Computer Games:
  - Growth Rate: 300.0%
  - Avg Employees: 24
  - Companies: 2
  - Employee Volatility: 1.84
  - Size Inequality: 1.15
2025-04-22 20:43:05,433 - IndustryTrendAnalysis - INFO - E-Learning:
  - Growth Rate: 300.0%
  - Avg Employees: 91
  - Companies: 1
  - Employee Volatility: nan
  - Size Inequality: 0.88
2025-04-22 20:43:05,433 - IndustryTrendAnalysis - INFO - Construction:
  - Growth Rate: 300.0%
  - Avg Employees: 64
  - Companies: 1
  - Employee Volatility: nan
  - Size Inequality: 1.02
2025-04-22 20:43:05,433 - IndustryTrendAnalysis - INFO - Entertainment:
  - Growth Rate: 300.0%
  - Avg Employees: 167
  - Companies: 1
  - Employee Volatility: nan
  - Size Inequality: 1.12
2025-04-22 20:43:05,433 - IndustryTrendAnalysis - INFO - 
Top 5 fastest shrinking industries:
2025-04-22 20:43:05,433 - IndustryTrendAnalysis - INFO - Real Estate:
  - Growth Rate: -61.9%
  - Avg Employees: 122
  - Companies: 1
  - Employee Volatility: nan
  - Size Inequality: 1.55
2025-04-22 20:43:05,433 - IndustryTrendAnalysis - INFO - Semiconductors:
  - Growth Rate: -71.6%
  - Avg Employees: 76
  - Companies: 5
  - Employee Volatility: 2.35
  - Size Inequality: 1.94
2025-04-22 20:43:05,433 - IndustryTrendAnalysis - INFO - Internet:
  - Growth Rate: -71.7%
  - Avg Employees: 26
  - Companies: 2
  - Employee Volatility: 0.34
  - Size Inequality: 1.45
2025-04-22 20:43:05,433 - IndustryTrendAnalysis - INFO - Defense & Space:
  - Growth Rate: -75.0%
  - Avg Employees: 39
  - Companies: 1
  - Employee Volatility: nan
  - Size Inequality: 1.26
2025-04-22 20:43:05,433 - IndustryTrendAnalysis - INFO - Government Administration:
  - Growth Rate: -75.0%
  - Avg Employees: 232
  - Companies: 1
  - Employee Volatility: nan
  - Size Inequality: 0.76
2025-04-22 20:43:05,433 - IndustryTrendAnalysis - INFO - Generating industry trend report...
2025-04-22 20:43:05,525 - IndustryTrendAnalysis - INFO - Report saved to ./outputIndustryTrends/industry_trend_report.json
2025-04-22 20:43:05,526 - IndustryTrendAnalysis - INFO - Creating trend visualizations...
2025-04-22 20:43:05,549 - IndustryTrendAnalysis - ERROR - Error creating visualizations: 'growth_score'
2025-04-22 20:43:51,522 - IndustryTrendAnalysis - INFO - Loaded 1103 records from fundraiser data
2025-04-22 20:43:51,525 - IndustryTrendAnalysis - INFO - Loaded 100 records from growthlist data
2025-04-22 20:43:51,604 - IndustryTrendAnalysis - INFO - Loaded 546 records from topstartup data
2025-04-22 20:43:51,709 - IndustryTrendAnalysis - WARNING - Removed 1 rows with invalid dates
2025-04-22 20:43:51,720 - IndustryTrendAnalysis - INFO - Cleaned data summary:
2025-04-22 20:43:51,720 - IndustryTrendAnalysis - INFO - Total companies: 1668
2025-04-22 20:43:51,720 - IndustryTrendAnalysis - INFO - Total funding rounds: 1747
2025-04-22 20:43:51,720 - IndustryTrendAnalysis - INFO - Date range: 1999-01-01 to 2025-03-01
2025-04-22 20:43:51,720 - IndustryTrendAnalysis - INFO - Total funding amount: $384,936,758,279.00
2025-04-22 20:43:52,041 - IndustryTrendAnalysis - INFO - Final dataset contains 1747 valid records
2025-04-22 20:43:52,042 - IndustryTrendAnalysis - INFO - Analyzing industry trends...
2025-04-22 20:43:52,140 - IndustryTrendAnalysis - INFO - 
Industry Analysis Summary:
2025-04-22 20:43:52,140 - IndustryTrendAnalysis - INFO - Total Industries Analyzed: 31
2025-04-22 20:43:52,140 - IndustryTrendAnalysis - INFO - Emerging Industries Found: 16
2025-04-22 20:43:52,140 - IndustryTrendAnalysis - INFO - Saturated Industries Found: 0
2025-04-22 20:43:52,141 - IndustryTrendAnalysis - INFO - Industries with Forecasts: 31
2025-04-22 20:43:52,141 - IndustryTrendAnalysis - INFO - 
Top 5 Emerging Industries:
2025-04-22 20:43:52,141 - IndustryTrendAnalysis - INFO - Medical Devices:
  - Quarterly Funding Growth: 520.8%
  - Employee Growth: -36.9%
  - Deal Growth: -1.6%
  - Market Share: 0.74%
  - Active Companies: 22
  - Avg Quarterly Funding: $242,504,602.00
  - Avg Quarterly Deals: 7.3
  - Total Funding: $773,513,806.00
2025-04-22 20:43:52,141 - IndustryTrendAnalysis - INFO - Financial Services:
  - Quarterly Funding Growth: 475.5%
  - Employee Growth: 47.3%
  - Deal Growth: 0.8%
  - Market Share: 3.19%
  - Active Companies: 41
  - Avg Quarterly Funding: $1,041,417,361.67
  - Avg Quarterly Deals: 13.0
  - Total Funding: $3,162,002,085.00
2025-04-22 20:43:52,141 - IndustryTrendAnalysis - INFO - Environmental Services:
  - Quarterly Funding Growth: 222.1%
  - Employee Growth: -58.3%
  - Deal Growth: -5.5%
  - Market Share: 0.15%
  - Active Companies: 8
  - Avg Quarterly Funding: $45,496,666.67
  - Avg Quarterly Deals: 2.3
  - Total Funding: $164,890,000.00
2025-04-22 20:43:52,141 - IndustryTrendAnalysis - INFO - Information Services:
  - Quarterly Funding Growth: 70.3%
  - Employee Growth: -57.7%
  - Deal Growth: 57.0%
  - Market Share: 0.03%
  - Active Companies: 6
  - Avg Quarterly Funding: $8,542,246.67
  - Avg Quarterly Deals: 2.0
  - Total Funding: $38,626,740.00
2025-04-22 20:43:52,141 - IndustryTrendAnalysis - INFO - E-Learning:
  - Quarterly Funding Growth: 60.4%
  - Employee Growth: 96.3%
  - Deal Growth: 64.5%
  - Market Share: 0.15%
  - Active Companies: 6
  - Avg Quarterly Funding: $48,233,333.33
  - Avg Quarterly Deals: 2.0
  - Total Funding: $174,302,342.00
2025-04-22 20:43:52,141 - IndustryTrendAnalysis - INFO - 
Top 5 Saturated Industries by Maturity:
2025-04-22 20:43:52,511 - IndustryTrendAnalysis - INFO - 
Validation Metrics:
2025-04-22 20:43:52,512 - IndustryTrendAnalysis - INFO - Samples: Total=1747, Train=1555, Val=192
2025-04-22 20:43:52,512 - IndustryTrendAnalysis - INFO - Industry Coverage: 30.1%
2025-04-22 20:43:52,512 - IndustryTrendAnalysis - INFO - Funding Growth RMSE: 10.211
2025-04-22 20:43:52,512 - IndustryTrendAnalysis - INFO - Deals Growth RMSE: 0.702
2025-04-22 20:43:52,512 - IndustryTrendAnalysis - INFO - Employees Growth RMSE: 2.225
2025-04-22 20:43:52,512 - IndustryTrendAnalysis - INFO - Emerging Industries Precision: 6.2%
2025-04-22 20:43:52,512 - IndustryTrendAnalysis - INFO - Saturated Industries Precision: 0.0%
2025-04-22 20:43:52,512 - IndustryTrendAnalysis - INFO - Analyzing employee migration patterns...
2025-04-22 20:43:52,662 - IndustryTrendAnalysis - INFO - 
Employee migration analysis summary:
2025-04-22 20:43:52,662 - IndustryTrendAnalysis - INFO - Total industries analyzed: 46
2025-04-22 20:43:52,662 - IndustryTrendAnalysis - INFO - Growing industries: 23
2025-04-22 20:43:52,662 - IndustryTrendAnalysis - INFO - Stable industries (±5% growth): 9
2025-04-22 20:43:52,662 - IndustryTrendAnalysis - INFO - Shrinking industries: 16
2025-04-22 20:43:52,662 - IndustryTrendAnalysis - INFO - 
Top 5 fastest growing industries:
2025-04-22 20:43:52,662 - IndustryTrendAnalysis - INFO - Renewables & Environment:
  - Growth Rate: 300.0%
  - Avg Employees: 28
  - Companies: 1
  - Employee Volatility: nan
  - Size Inequality: 0.99
2025-04-22 20:43:52,662 - IndustryTrendAnalysis - INFO - Computer Games:
  - Growth Rate: 300.0%
  - Avg Employees: 24
  - Companies: 2
  - Employee Volatility: 1.84
  - Size Inequality: 1.15
2025-04-22 20:43:52,662 - IndustryTrendAnalysis - INFO - E-Learning:
  - Growth Rate: 300.0%
  - Avg Employees: 91
  - Companies: 1
  - Employee Volatility: nan
  - Size Inequality: 0.88
2025-04-22 20:43:52,662 - IndustryTrendAnalysis - INFO - Construction:
  - Growth Rate: 300.0%
  - Avg Employees: 64
  - Companies: 1
  - Employee Volatility: nan
  - Size Inequality: 1.02
2025-04-22 20:43:52,662 - IndustryTrendAnalysis - INFO - Entertainment:
  - Growth Rate: 300.0%
  - Avg Employees: 167
  - Companies: 1
  - Employee Volatility: nan
  - Size Inequality: 1.12
2025-04-22 20:43:52,662 - IndustryTrendAnalysis - INFO - 
Top 5 fastest shrinking industries:
2025-04-22 20:43:52,662 - IndustryTrendAnalysis - INFO - Real Estate:
  - Growth Rate: -61.9%
  - Avg Employees: 122
  - Companies: 1
  - Employee Volatility: nan
  - Size Inequality: 1.55
2025-04-22 20:43:52,662 - IndustryTrendAnalysis - INFO - Semiconductors:
  - Growth Rate: -71.6%
  - Avg Employees: 76
  - Companies: 5
  - Employee Volatility: 2.35
  - Size Inequality: 1.94
2025-04-22 20:43:52,662 - IndustryTrendAnalysis - INFO - Internet:
  - Growth Rate: -71.7%
  - Avg Employees: 26
  - Companies: 2
  - Employee Volatility: 0.34
  - Size Inequality: 1.45
2025-04-22 20:43:52,662 - IndustryTrendAnalysis - INFO - Defense & Space:
  - Growth Rate: -75.0%
  - Avg Employees: 39
  - Companies: 1
  - Employee Volatility: nan
  - Size Inequality: 1.26
2025-04-22 20:43:52,662 - IndustryTrendAnalysis - INFO - Government Administration:
  - Growth Rate: -75.0%
  - Avg Employees: 232
  - Companies: 1
  - Employee Volatility: nan
  - Size Inequality: 0.76
2025-04-22 20:43:52,662 - IndustryTrendAnalysis - INFO - Generating industry trend report...
2025-04-22 20:43:52,768 - IndustryTrendAnalysis - INFO - Report saved to ./outputIndustryTrends/industry_trend_report.json
2025-04-22 20:43:52,768 - IndustryTrendAnalysis - INFO - Creating trend visualizations...
2025-04-22 20:43:53,561 - IndustryTrendAnalysis - INFO - Trend visualizations created successfully
2025-04-22 20:44:16,804 - IndustryTrendAnalysis - INFO - Loaded 1103 records from fundraiser data
2025-04-22 20:44:16,805 - IndustryTrendAnalysis - INFO - Loaded 100 records from growthlist data
2025-04-22 20:44:16,848 - IndustryTrendAnalysis - INFO - Loaded 546 records from topstartup data
2025-04-22 20:44:16,952 - IndustryTrendAnalysis - WARNING - Removed 1 rows with invalid dates
2025-04-22 20:44:16,965 - IndustryTrendAnalysis - INFO - Cleaned data summary:
2025-04-22 20:44:16,965 - IndustryTrendAnalysis - INFO - Total companies: 1668
2025-04-22 20:44:16,965 - IndustryTrendAnalysis - INFO - Total funding rounds: 1747
2025-04-22 20:44:16,965 - IndustryTrendAnalysis - INFO - Date range: 1999-01-01 to 2025-03-01
2025-04-22 20:44:16,966 - IndustryTrendAnalysis - INFO - Total funding amount: $384,936,758,279.00
2025-04-22 20:44:17,293 - IndustryTrendAnalysis - INFO - Final dataset contains 1747 valid records
2025-04-22 20:44:17,293 - IndustryTrendAnalysis - INFO - Analyzing industry trends...
2025-04-22 20:44:17,397 - IndustryTrendAnalysis - INFO - 
Industry Analysis Summary:
2025-04-22 20:44:17,397 - IndustryTrendAnalysis - INFO - Total Industries Analyzed: 31
2025-04-22 20:44:17,397 - IndustryTrendAnalysis - INFO - Emerging Industries Found: 16
2025-04-22 20:44:17,397 - IndustryTrendAnalysis - INFO - Saturated Industries Found: 0
2025-04-22 20:44:17,397 - IndustryTrendAnalysis - INFO - Industries with Forecasts: 31
2025-04-22 20:44:17,397 - IndustryTrendAnalysis - INFO - 
Top 5 Emerging Industries:
2025-04-22 20:44:17,397 - IndustryTrendAnalysis - INFO - Medical Devices:
  - Quarterly Funding Growth: 520.8%
  - Employee Growth: -36.9%
  - Deal Growth: -1.6%
  - Market Share: 0.74%
  - Active Companies: 22
  - Avg Quarterly Funding: $242,504,602.00
  - Avg Quarterly Deals: 7.3
  - Total Funding: $773,513,806.00
2025-04-22 20:44:17,397 - IndustryTrendAnalysis - INFO - Financial Services:
  - Quarterly Funding Growth: 475.5%
  - Employee Growth: 47.3%
  - Deal Growth: 0.8%
  - Market Share: 3.19%
  - Active Companies: 41
  - Avg Quarterly Funding: $1,041,417,361.67
  - Avg Quarterly Deals: 13.0
  - Total Funding: $3,162,002,085.00
2025-04-22 20:44:17,397 - IndustryTrendAnalysis - INFO - Environmental Services:
  - Quarterly Funding Growth: 222.1%
  - Employee Growth: -58.3%
  - Deal Growth: -5.5%
  - Market Share: 0.15%
  - Active Companies: 8
  - Avg Quarterly Funding: $45,496,666.67
  - Avg Quarterly Deals: 2.3
  - Total Funding: $164,890,000.00
2025-04-22 20:44:17,397 - IndustryTrendAnalysis - INFO - Information Services:
  - Quarterly Funding Growth: 70.3%
  - Employee Growth: -57.7%
  - Deal Growth: 57.0%
  - Market Share: 0.03%
  - Active Companies: 6
  - Avg Quarterly Funding: $8,542,246.67
  - Avg Quarterly Deals: 2.0
  - Total Funding: $38,626,740.00
2025-04-22 20:44:17,397 - IndustryTrendAnalysis - INFO - E-Learning:
  - Quarterly Funding Growth: 60.4%
  - Employee Growth: 96.3%
  - Deal Growth: 64.5%
  - Market Share: 0.15%
  - Active Companies: 6
  - Avg Quarterly Funding: $48,233,333.33
  - Avg Quarterly Deals: 2.0
  - Total Funding: $174,302,342.00
2025-04-22 20:44:17,397 - IndustryTrendAnalysis - INFO - 
Top 5 Saturated Industries by Maturity:
2025-04-22 20:44:17,846 - IndustryTrendAnalysis - INFO - 
Validation Metrics:
2025-04-22 20:44:17,846 - IndustryTrendAnalysis - INFO - Samples: Total=1747, Train=1555, Val=192
2025-04-22 20:44:17,846 - IndustryTrendAnalysis - INFO - Industry Coverage: 30.1%
2025-04-22 20:44:17,846 - IndustryTrendAnalysis - INFO - Funding Growth RMSE: 10.211
2025-04-22 20:44:17,846 - IndustryTrendAnalysis - INFO - Deals Growth RMSE: 0.702
2025-04-22 20:44:17,846 - IndustryTrendAnalysis - INFO - Employees Growth RMSE: 2.225
2025-04-22 20:44:17,846 - IndustryTrendAnalysis - INFO - Emerging Industries Precision: 6.2%
2025-04-22 20:44:17,846 - IndustryTrendAnalysis - INFO - Saturated Industries Precision: 0.0%
2025-04-22 20:44:17,846 - IndustryTrendAnalysis - INFO - Analyzing employee migration patterns...
2025-04-22 20:44:17,980 - IndustryTrendAnalysis - INFO - 
Employee migration analysis summary:
2025-04-22 20:44:17,980 - IndustryTrendAnalysis - INFO - Total industries analyzed: 46
2025-04-22 20:44:17,980 - IndustryTrendAnalysis - INFO - Growing industries: 23
2025-04-22 20:44:17,980 - IndustryTrendAnalysis - INFO - Stable industries (±5% growth): 9
2025-04-22 20:44:17,980 - IndustryTrendAnalysis - INFO - Shrinking industries: 16
2025-04-22 20:44:17,980 - IndustryTrendAnalysis - INFO - 
Top 5 fastest growing industries:
2025-04-22 20:44:17,980 - IndustryTrendAnalysis - INFO - Renewables & Environment:
  - Growth Rate: 300.0%
  - Avg Employees: 28
  - Companies: 1
  - Employee Volatility: nan
  - Size Inequality: 0.99
2025-04-22 20:44:17,980 - IndustryTrendAnalysis - INFO - Computer Games:
  - Growth Rate: 300.0%
  - Avg Employees: 24
  - Companies: 2
  - Employee Volatility: 1.84
  - Size Inequality: 1.15
2025-04-22 20:44:17,980 - IndustryTrendAnalysis - INFO - E-Learning:
  - Growth Rate: 300.0%
  - Avg Employees: 91
  - Companies: 1
  - Employee Volatility: nan
  - Size Inequality: 0.88
2025-04-22 20:44:17,980 - IndustryTrendAnalysis - INFO - Construction:
  - Growth Rate: 300.0%
  - Avg Employees: 64
  - Companies: 1
  - Employee Volatility: nan
  - Size Inequality: 1.02
2025-04-22 20:44:17,980 - IndustryTrendAnalysis - INFO - Entertainment:
  - Growth Rate: 300.0%
  - Avg Employees: 167
  - Companies: 1
  - Employee Volatility: nan
  - Size Inequality: 1.12
2025-04-22 20:44:17,980 - IndustryTrendAnalysis - INFO - 
Top 5 fastest shrinking industries:
2025-04-22 20:44:17,980 - IndustryTrendAnalysis - INFO - Real Estate:
  - Growth Rate: -61.9%
  - Avg Employees: 122
  - Companies: 1
  - Employee Volatility: nan
  - Size Inequality: 1.55
2025-04-22 20:44:17,980 - IndustryTrendAnalysis - INFO - Semiconductors:
  - Growth Rate: -71.6%
  - Avg Employees: 76
  - Companies: 5
  - Employee Volatility: 2.35
  - Size Inequality: 1.94
2025-04-22 20:44:17,980 - IndustryTrendAnalysis - INFO - Internet:
  - Growth Rate: -71.7%
  - Avg Employees: 26
  - Companies: 2
  - Employee Volatility: 0.34
  - Size Inequality: 1.45
2025-04-22 20:44:17,980 - IndustryTrendAnalysis - INFO - Defense & Space:
  - Growth Rate: -75.0%
  - Avg Employees: 39
  - Companies: 1
  - Employee Volatility: nan
  - Size Inequality: 1.26
2025-04-22 20:44:17,980 - IndustryTrendAnalysis - INFO - Government Administration:
  - Growth Rate: -75.0%
  - Avg Employees: 232
  - Companies: 1
  - Employee Volatility: nan
  - Size Inequality: 0.76
2025-04-22 20:44:17,980 - IndustryTrendAnalysis - INFO - Generating industry trend report...
2025-04-22 20:44:18,068 - IndustryTrendAnalysis - INFO - Report saved to ./outputIndustryTrends/industry_trend_report.json
2025-04-22 20:44:18,068 - IndustryTrendAnalysis - INFO - Creating trend visualizations...
2025-04-22 20:44:19,048 - IndustryTrendAnalysis - INFO - Trend visualizations created successfully
2025-04-22 20:45:08,646 - IndustryTrendAnalysis - INFO - Loaded 1103 records from fundraiser data
2025-04-22 20:45:08,647 - IndustryTrendAnalysis - INFO - Loaded 100 records from growthlist data
2025-04-22 20:45:08,766 - IndustryTrendAnalysis - INFO - Loaded 546 records from topstartup data
2025-04-22 20:45:08,879 - IndustryTrendAnalysis - WARNING - Removed 1 rows with invalid dates
2025-04-22 20:45:08,893 - IndustryTrendAnalysis - INFO - Cleaned data summary:
2025-04-22 20:45:08,894 - IndustryTrendAnalysis - INFO - Total companies: 1668
2025-04-22 20:45:08,894 - IndustryTrendAnalysis - INFO - Total funding rounds: 1747
2025-04-22 20:45:08,894 - IndustryTrendAnalysis - INFO - Date range: 1999-01-01 to 2025-03-01
2025-04-22 20:45:08,894 - IndustryTrendAnalysis - INFO - Total funding amount: $384,936,758,279.00
2025-04-22 20:45:09,249 - IndustryTrendAnalysis - INFO - Final dataset contains 1747 valid records
2025-04-22 20:45:09,249 - IndustryTrendAnalysis - INFO - Analyzing industry trends...
2025-04-22 20:45:09,357 - IndustryTrendAnalysis - INFO - 
Industry Analysis Summary:
2025-04-22 20:45:09,357 - IndustryTrendAnalysis - INFO - Total Industries Analyzed: 31
2025-04-22 20:45:09,357 - IndustryTrendAnalysis - INFO - Emerging Industries Found: 16
2025-04-22 20:45:09,357 - IndustryTrendAnalysis - INFO - Saturated Industries Found: 0
2025-04-22 20:45:09,357 - IndustryTrendAnalysis - INFO - Industries with Forecasts: 31
2025-04-22 20:45:09,357 - IndustryTrendAnalysis - INFO - 
Top 5 Emerging Industries:
2025-04-22 20:45:09,357 - IndustryTrendAnalysis - INFO - Medical Devices:
  - Quarterly Funding Growth: 520.8%
  - Employee Growth: -36.9%
  - Deal Growth: -1.6%
  - Market Share: 0.74%
  - Active Companies: 22
  - Avg Quarterly Funding: $242,504,602.00
  - Avg Quarterly Deals: 7.3
  - Total Funding: $773,513,806.00
2025-04-22 20:45:09,357 - IndustryTrendAnalysis - INFO - Financial Services:
  - Quarterly Funding Growth: 475.5%
  - Employee Growth: 47.3%
  - Deal Growth: 0.8%
  - Market Share: 3.19%
  - Active Companies: 41
  - Avg Quarterly Funding: $1,041,417,361.67
  - Avg Quarterly Deals: 13.0
  - Total Funding: $3,162,002,085.00
2025-04-22 20:45:09,357 - IndustryTrendAnalysis - INFO - Environmental Services:
  - Quarterly Funding Growth: 222.1%
  - Employee Growth: -58.3%
  - Deal Growth: -5.5%
  - Market Share: 0.15%
  - Active Companies: 8
  - Avg Quarterly Funding: $45,496,666.67
  - Avg Quarterly Deals: 2.3
  - Total Funding: $164,890,000.00
2025-04-22 20:45:09,357 - IndustryTrendAnalysis - INFO - Information Services:
  - Quarterly Funding Growth: 70.3%
  - Employee Growth: -57.7%
  - Deal Growth: 57.0%
  - Market Share: 0.03%
  - Active Companies: 6
  - Avg Quarterly Funding: $8,542,246.67
  - Avg Quarterly Deals: 2.0
  - Total Funding: $38,626,740.00
2025-04-22 20:45:09,357 - IndustryTrendAnalysis - INFO - E-Learning:
  - Quarterly Funding Growth: 60.4%
  - Employee Growth: 96.3%
  - Deal Growth: 64.5%
  - Market Share: 0.15%
  - Active Companies: 6
  - Avg Quarterly Funding: $48,233,333.33
  - Avg Quarterly Deals: 2.0
  - Total Funding: $174,302,342.00
2025-04-22 20:45:09,358 - IndustryTrendAnalysis - INFO - 
Top 5 Saturated Industries by Maturity:
2025-04-22 20:45:09,852 - IndustryTrendAnalysis - INFO - 
Validation Metrics:
2025-04-22 20:45:09,852 - IndustryTrendAnalysis - INFO - Samples: Total=1747, Train=1555, Val=192
2025-04-22 20:45:09,853 - IndustryTrendAnalysis - INFO - Industry Coverage: 30.1%
2025-04-22 20:45:09,853 - IndustryTrendAnalysis - INFO - Funding Growth RMSE: 10.211
2025-04-22 20:45:09,853 - IndustryTrendAnalysis - INFO - Deals Growth RMSE: 0.702
2025-04-22 20:45:09,853 - IndustryTrendAnalysis - INFO - Employees Growth RMSE: 2.225
2025-04-22 20:45:09,853 - IndustryTrendAnalysis - INFO - Emerging Industries Precision: 6.2%
2025-04-22 20:45:09,853 - IndustryTrendAnalysis - INFO - Saturated Industries Precision: 0.0%
2025-04-22 20:45:09,854 - IndustryTrendAnalysis - INFO - Analyzing employee migration patterns...
2025-04-22 20:45:10,118 - IndustryTrendAnalysis - INFO - 
Employee migration analysis summary:
2025-04-22 20:45:10,118 - IndustryTrendAnalysis - INFO - Total industries analyzed: 46
2025-04-22 20:45:10,119 - IndustryTrendAnalysis - INFO - Growing industries: 23
2025-04-22 20:45:10,119 - IndustryTrendAnalysis - INFO - Stable industries (±5% growth): 9
2025-04-22 20:45:10,119 - IndustryTrendAnalysis - INFO - Shrinking industries: 16
2025-04-22 20:45:10,119 - IndustryTrendAnalysis - INFO - 
Top 5 fastest growing industries:
2025-04-22 20:45:10,119 - IndustryTrendAnalysis - INFO - Renewables & Environment:
  - Growth Rate: 300.0%
  - Avg Employees: 28
  - Companies: 1
  - Employee Volatility: nan
  - Size Inequality: 0.99
2025-04-22 20:45:10,119 - IndustryTrendAnalysis - INFO - Computer Games:
  - Growth Rate: 300.0%
  - Avg Employees: 24
  - Companies: 2
  - Employee Volatility: 1.84
  - Size Inequality: 1.15
2025-04-22 20:45:10,119 - IndustryTrendAnalysis - INFO - E-Learning:
  - Growth Rate: 300.0%
  - Avg Employees: 91
  - Companies: 1
  - Employee Volatility: nan
  - Size Inequality: 0.88
2025-04-22 20:45:10,119 - IndustryTrendAnalysis - INFO - Construction:
  - Growth Rate: 300.0%
  - Avg Employees: 64
  - Companies: 1
  - Employee Volatility: nan
  - Size Inequality: 1.02
2025-04-22 20:45:10,119 - IndustryTrendAnalysis - INFO - Entertainment:
  - Growth Rate: 300.0%
  - Avg Employees: 167
  - Companies: 1
  - Employee Volatility: nan
  - Size Inequality: 1.12
2025-04-22 20:45:10,119 - IndustryTrendAnalysis - INFO - 
Top 5 fastest shrinking industries:
2025-04-22 20:45:10,119 - IndustryTrendAnalysis - INFO - Real Estate:
  - Growth Rate: -61.9%
  - Avg Employees: 122
  - Companies: 1
  - Employee Volatility: nan
  - Size Inequality: 1.55
2025-04-22 20:45:10,119 - IndustryTrendAnalysis - INFO - Semiconductors:
  - Growth Rate: -71.6%
  - Avg Employees: 76
  - Companies: 5
  - Employee Volatility: 2.35
  - Size Inequality: 1.94
2025-04-22 20:45:10,120 - IndustryTrendAnalysis - INFO - Internet:
  - Growth Rate: -71.7%
  - Avg Employees: 26
  - Companies: 2
  - Employee Volatility: 0.34
  - Size Inequality: 1.45
2025-04-22 20:45:10,120 - IndustryTrendAnalysis - INFO - Defense & Space:
  - Growth Rate: -75.0%
  - Avg Employees: 39
  - Companies: 1
  - Employee Volatility: nan
  - Size Inequality: 1.26
2025-04-22 20:45:10,120 - IndustryTrendAnalysis - INFO - Government Administration:
  - Growth Rate: -75.0%
  - Avg Employees: 232
  - Companies: 1
  - Employee Volatility: nan
  - Size Inequality: 0.76
2025-04-22 20:45:10,120 - IndustryTrendAnalysis - INFO - Generating industry trend report...
2025-04-22 20:45:10,245 - IndustryTrendAnalysis - INFO - Report saved to ./outputIndustryTrends/industry_trend_report.json
2025-04-22 20:45:10,245 - IndustryTrendAnalysis - INFO - Creating trend visualizations...
2025-04-22 20:45:14,718 - IndustryTrendAnalysis - INFO - Loaded 1103 records from fundraiser data
2025-04-22 20:45:14,719 - IndustryTrendAnalysis - INFO - Loaded 100 records from growthlist data
2025-04-22 20:45:14,820 - IndustryTrendAnalysis - INFO - Loaded 546 records from topstartup data
2025-04-22 20:45:14,964 - IndustryTrendAnalysis - WARNING - Removed 1 rows with invalid dates
2025-04-22 20:45:14,977 - IndustryTrendAnalysis - INFO - Cleaned data summary:
2025-04-22 20:45:14,978 - IndustryTrendAnalysis - INFO - Total companies: 1668
2025-04-22 20:45:14,978 - IndustryTrendAnalysis - INFO - Total funding rounds: 1747
2025-04-22 20:45:14,978 - IndustryTrendAnalysis - INFO - Date range: 1999-01-01 to 2025-03-01
2025-04-22 20:45:14,978 - IndustryTrendAnalysis - INFO - Total funding amount: $384,936,758,279.00
2025-04-22 20:45:15,462 - IndustryTrendAnalysis - INFO - Final dataset contains 1747 valid records
2025-04-22 20:45:15,463 - IndustryTrendAnalysis - INFO - Analyzing industry trends...
2025-04-22 20:45:15,589 - IndustryTrendAnalysis - INFO - 
Industry Analysis Summary:
2025-04-22 20:45:15,589 - IndustryTrendAnalysis - INFO - Total Industries Analyzed: 31
2025-04-22 20:45:15,590 - IndustryTrendAnalysis - INFO - Emerging Industries Found: 16
2025-04-22 20:45:15,590 - IndustryTrendAnalysis - INFO - Saturated Industries Found: 0
2025-04-22 20:45:15,590 - IndustryTrendAnalysis - INFO - Industries with Forecasts: 31
2025-04-22 20:45:15,590 - IndustryTrendAnalysis - INFO - 
Top 5 Emerging Industries:
2025-04-22 20:45:15,590 - IndustryTrendAnalysis - INFO - Medical Devices:
  - Quarterly Funding Growth: 520.8%
  - Employee Growth: -36.9%
  - Deal Growth: -1.6%
  - Market Share: 0.74%
  - Active Companies: 22
  - Avg Quarterly Funding: $242,504,602.00
  - Avg Quarterly Deals: 7.3
  - Total Funding: $773,513,806.00
2025-04-22 20:45:15,590 - IndustryTrendAnalysis - INFO - Financial Services:
  - Quarterly Funding Growth: 475.5%
  - Employee Growth: 47.3%
  - Deal Growth: 0.8%
  - Market Share: 3.19%
  - Active Companies: 41
  - Avg Quarterly Funding: $1,041,417,361.67
  - Avg Quarterly Deals: 13.0
  - Total Funding: $3,162,002,085.00
2025-04-22 20:45:15,590 - IndustryTrendAnalysis - INFO - Environmental Services:
  - Quarterly Funding Growth: 222.1%
  - Employee Growth: -58.3%
  - Deal Growth: -5.5%
  - Market Share: 0.15%
  - Active Companies: 8
  - Avg Quarterly Funding: $45,496,666.67
  - Avg Quarterly Deals: 2.3
  - Total Funding: $164,890,000.00
2025-04-22 20:45:15,590 - IndustryTrendAnalysis - INFO - Information Services:
  - Quarterly Funding Growth: 70.3%
  - Employee Growth: -57.7%
  - Deal Growth: 57.0%
  - Market Share: 0.03%
  - Active Companies: 6
  - Avg Quarterly Funding: $8,542,246.67
  - Avg Quarterly Deals: 2.0
  - Total Funding: $38,626,740.00
2025-04-22 20:45:15,590 - IndustryTrendAnalysis - INFO - E-Learning:
  - Quarterly Funding Growth: 60.4%
  - Employee Growth: 96.3%
  - Deal Growth: 64.5%
  - Market Share: 0.15%
  - Active Companies: 6
  - Avg Quarterly Funding: $48,233,333.33
  - Avg Quarterly Deals: 2.0
  - Total Funding: $174,302,342.00
2025-04-22 20:45:15,590 - IndustryTrendAnalysis - INFO - 
Top 5 Saturated Industries by Maturity:
2025-04-22 20:45:16,132 - IndustryTrendAnalysis - INFO - 
Validation Metrics:
2025-04-22 20:45:16,132 - IndustryTrendAnalysis - INFO - Samples: Total=1747, Train=1555, Val=192
2025-04-22 20:45:16,132 - IndustryTrendAnalysis - INFO - Industry Coverage: 30.1%
2025-04-22 20:45:16,132 - IndustryTrendAnalysis - INFO - Funding Growth RMSE: 10.211
2025-04-22 20:45:16,132 - IndustryTrendAnalysis - INFO - Deals Growth RMSE: 0.702
2025-04-22 20:45:16,132 - IndustryTrendAnalysis - INFO - Employees Growth RMSE: 2.225
2025-04-22 20:45:16,132 - IndustryTrendAnalysis - INFO - Emerging Industries Precision: 6.2%
2025-04-22 20:45:16,132 - IndustryTrendAnalysis - INFO - Saturated Industries Precision: 0.0%
2025-04-22 20:45:16,132 - IndustryTrendAnalysis - INFO - Analyzing employee migration patterns...
2025-04-22 20:45:16,320 - IndustryTrendAnalysis - INFO - 
Employee migration analysis summary:
2025-04-22 20:45:16,320 - IndustryTrendAnalysis - INFO - Total industries analyzed: 46
2025-04-22 20:45:16,320 - IndustryTrendAnalysis - INFO - Growing industries: 23
2025-04-22 20:45:16,320 - IndustryTrendAnalysis - INFO - Stable industries (±5% growth): 9
2025-04-22 20:45:16,320 - IndustryTrendAnalysis - INFO - Shrinking industries: 16
2025-04-22 20:45:16,320 - IndustryTrendAnalysis - INFO - 
Top 5 fastest growing industries:
2025-04-22 20:45:16,321 - IndustryTrendAnalysis - INFO - Renewables & Environment:
  - Growth Rate: 300.0%
  - Avg Employees: 28
  - Companies: 1
  - Employee Volatility: nan
  - Size Inequality: 0.99
2025-04-22 20:45:16,321 - IndustryTrendAnalysis - INFO - Computer Games:
  - Growth Rate: 300.0%
  - Avg Employees: 24
  - Companies: 2
  - Employee Volatility: 1.84
  - Size Inequality: 1.15
2025-04-22 20:45:16,321 - IndustryTrendAnalysis - INFO - E-Learning:
  - Growth Rate: 300.0%
  - Avg Employees: 91
  - Companies: 1
  - Employee Volatility: nan
  - Size Inequality: 0.88
2025-04-22 20:45:16,321 - IndustryTrendAnalysis - INFO - Construction:
  - Growth Rate: 300.0%
  - Avg Employees: 64
  - Companies: 1
  - Employee Volatility: nan
  - Size Inequality: 1.02
2025-04-22 20:45:16,321 - IndustryTrendAnalysis - INFO - Entertainment:
  - Growth Rate: 300.0%
  - Avg Employees: 167
  - Companies: 1
  - Employee Volatility: nan
  - Size Inequality: 1.12
2025-04-22 20:45:16,321 - IndustryTrendAnalysis - INFO - 
Top 5 fastest shrinking industries:
2025-04-22 20:45:16,321 - IndustryTrendAnalysis - INFO - Real Estate:
  - Growth Rate: -61.9%
  - Avg Employees: 122
  - Companies: 1
  - Employee Volatility: nan
  - Size Inequality: 1.55
2025-04-22 20:45:16,321 - IndustryTrendAnalysis - INFO - Semiconductors:
  - Growth Rate: -71.6%
  - Avg Employees: 76
  - Companies: 5
  - Employee Volatility: 2.35
  - Size Inequality: 1.94
2025-04-22 20:45:16,321 - IndustryTrendAnalysis - INFO - Internet:
  - Growth Rate: -71.7%
  - Avg Employees: 26
  - Companies: 2
  - Employee Volatility: 0.34
  - Size Inequality: 1.45
2025-04-22 20:45:16,321 - IndustryTrendAnalysis - INFO - Defense & Space:
  - Growth Rate: -75.0%
  - Avg Employees: 39
  - Companies: 1
  - Employee Volatility: nan
  - Size Inequality: 1.26
2025-04-22 20:45:16,321 - IndustryTrendAnalysis - INFO - Government Administration:
  - Growth Rate: -75.0%
  - Avg Employees: 232
  - Companies: 1
  - Employee Volatility: nan
  - Size Inequality: 0.76
2025-04-22 20:45:16,321 - IndustryTrendAnalysis - INFO - Generating industry trend report...
2025-04-22 20:45:16,426 - IndustryTrendAnalysis - INFO - Report saved to ./outputIndustryTrends/industry_trend_report.json
2025-04-22 20:45:16,426 - IndustryTrendAnalysis - INFO - Creating trend visualizations...
2025-04-22 20:45:17,398 - IndustryTrendAnalysis - INFO - Trend visualizations created successfully
2025-04-22 20:50:43,154 - IndustryTrendAnalysis - INFO - Loaded 1103 records from fundraiser data
2025-04-22 20:50:43,155 - IndustryTrendAnalysis - INFO - Loaded 100 records from growthlist data
2025-04-22 20:50:43,251 - IndustryTrendAnalysis - INFO - Loaded 546 records from topstartup data
2025-04-22 20:50:43,361 - IndustryTrendAnalysis - WARNING - Removed 1 rows with invalid dates
2025-04-22 20:50:43,374 - IndustryTrendAnalysis - INFO - Cleaned data summary:
2025-04-22 20:50:43,375 - IndustryTrendAnalysis - INFO - Total companies: 1668
2025-04-22 20:50:43,375 - IndustryTrendAnalysis - INFO - Total funding rounds: 1747
2025-04-22 20:50:43,375 - IndustryTrendAnalysis - INFO - Date range: 1999-01-01 to 2025-03-01
2025-04-22 20:50:43,375 - IndustryTrendAnalysis - INFO - Total funding amount: $384,936,758,279.00
2025-04-22 20:50:43,726 - IndustryTrendAnalysis - INFO - Final dataset contains 1747 valid records
2025-04-22 20:50:43,727 - IndustryTrendAnalysis - INFO - Analyzing industry trends...
2025-04-22 20:50:43,862 - IndustryTrendAnalysis - INFO - 
Industry Analysis Summary:
2025-04-22 20:50:43,862 - IndustryTrendAnalysis - INFO - Total Industries Analyzed: 31
2025-04-22 20:50:43,862 - IndustryTrendAnalysis - INFO - Emerging Industries Found: 16
2025-04-22 20:50:43,862 - IndustryTrendAnalysis - INFO - Saturated Industries Found: 4
2025-04-22 20:50:43,862 - IndustryTrendAnalysis - INFO - Industries with Forecasts: 31
2025-04-22 20:50:43,862 - IndustryTrendAnalysis - INFO - 
Top 5 Emerging Industries:
2025-04-22 20:50:43,862 - IndustryTrendAnalysis - INFO - Medical Devices:
2025-04-22 20:50:43,862 - IndustryTrendAnalysis - INFO -   - Quarterly Funding Growth: 520.8%
2025-04-22 20:50:43,862 - IndustryTrendAnalysis - INFO -   - Employee Growth: -36.2%
2025-04-22 20:50:43,862 - IndustryTrendAnalysis - INFO -   - Deal Growth: 4.6%
2025-04-22 20:50:43,862 - IndustryTrendAnalysis - INFO -   - Market Share: 0.74%
2025-04-22 20:50:43,862 - IndustryTrendAnalysis - INFO -   - Active Companies: 22
2025-04-22 20:50:43,862 - IndustryTrendAnalysis - INFO -   - Avg Quarterly Funding: $242504602.00
2025-04-22 20:50:43,862 - IndustryTrendAnalysis - INFO -   - Avg Quarterly Deals: 7.333333333333333
2025-04-22 20:50:43,862 - IndustryTrendAnalysis - INFO -   - Total Funding: $773513806.00
2025-04-22 20:50:43,862 - IndustryTrendAnalysis - INFO - Financial Services:
2025-04-22 20:50:43,862 - IndustryTrendAnalysis - INFO -   - Quarterly Funding Growth: 475.5%
2025-04-22 20:50:43,862 - IndustryTrendAnalysis - INFO -   - Employee Growth: 42.9%
2025-04-22 20:50:43,862 - IndustryTrendAnalysis - INFO -   - Deal Growth: 3.3%
2025-04-22 20:50:43,862 - IndustryTrendAnalysis - INFO -   - Market Share: 3.19%
2025-04-22 20:50:43,862 - IndustryTrendAnalysis - INFO -   - Active Companies: 41
2025-04-22 20:50:43,862 - IndustryTrendAnalysis - INFO -   - Avg Quarterly Funding: $1041417361.67
2025-04-22 20:50:43,863 - IndustryTrendAnalysis - INFO -   - Avg Quarterly Deals: 13.0
2025-04-22 20:50:43,863 - IndustryTrendAnalysis - INFO -   - Total Funding: $3162002085.00
2025-04-22 20:50:43,863 - IndustryTrendAnalysis - INFO - Environmental Services:
2025-04-22 20:50:43,863 - IndustryTrendAnalysis - INFO -   - Quarterly Funding Growth: 222.1%
2025-04-22 20:50:43,863 - IndustryTrendAnalysis - INFO -   - Employee Growth: -46.2%
2025-04-22 20:50:43,863 - IndustryTrendAnalysis - INFO -   - Deal Growth: -7.3%
2025-04-22 20:50:43,863 - IndustryTrendAnalysis - INFO -   - Market Share: 0.15%
2025-04-22 20:50:43,863 - IndustryTrendAnalysis - INFO -   - Active Companies: 8
2025-04-22 20:50:43,863 - IndustryTrendAnalysis - INFO -   - Avg Quarterly Funding: $45496666.67
2025-04-22 20:50:43,863 - IndustryTrendAnalysis - INFO -   - Avg Quarterly Deals: 2.3333333333333335
2025-04-22 20:50:43,863 - IndustryTrendAnalysis - INFO -   - Total Funding: $164890000.00
2025-04-22 20:50:43,863 - IndustryTrendAnalysis - INFO - Information Services:
2025-04-22 20:50:43,863 - IndustryTrendAnalysis - INFO -   - Quarterly Funding Growth: 70.3%
2025-04-22 20:50:43,863 - IndustryTrendAnalysis - INFO -   - Employee Growth: -46.1%
2025-04-22 20:50:43,863 - IndustryTrendAnalysis - INFO -   - Deal Growth: 59.3%
2025-04-22 20:50:43,863 - IndustryTrendAnalysis - INFO -   - Market Share: 0.03%
2025-04-22 20:50:43,863 - IndustryTrendAnalysis - INFO -   - Active Companies: 6
2025-04-22 20:50:43,863 - IndustryTrendAnalysis - INFO -   - Avg Quarterly Funding: $8542246.67
2025-04-22 20:50:43,863 - IndustryTrendAnalysis - INFO -   - Avg Quarterly Deals: 2.0
2025-04-22 20:50:43,863 - IndustryTrendAnalysis - INFO -   - Total Funding: $38626740.00
2025-04-22 20:50:43,863 - IndustryTrendAnalysis - INFO - E-Learning:
2025-04-22 20:50:43,863 - IndustryTrendAnalysis - INFO -   - Quarterly Funding Growth: 60.4%
2025-04-22 20:50:43,863 - IndustryTrendAnalysis - INFO -   - Employee Growth: 83.2%
2025-04-22 20:50:43,863 - IndustryTrendAnalysis - INFO -   - Deal Growth: 52.7%
2025-04-22 20:50:43,863 - IndustryTrendAnalysis - INFO -   - Market Share: 0.15%
2025-04-22 20:50:43,863 - IndustryTrendAnalysis - INFO -   - Active Companies: 6
2025-04-22 20:50:43,864 - IndustryTrendAnalysis - INFO -   - Avg Quarterly Funding: $48233333.33
2025-04-22 20:50:43,864 - IndustryTrendAnalysis - INFO -   - Avg Quarterly Deals: 2.0
2025-04-22 20:50:43,864 - IndustryTrendAnalysis - INFO -   - Total Funding: $174302342.00
2025-04-22 20:50:43,864 - IndustryTrendAnalysis - INFO - 
Top 5 Saturated Industries by Maturity:
2025-04-22 20:50:43,864 - IndustryTrendAnalysis - INFO - Information Technology & Services:
2025-04-22 20:50:43,864 - IndustryTrendAnalysis - INFO -   - Maturity: 1.48
2025-04-22 20:50:43,864 - IndustryTrendAnalysis - INFO -   - Market Share: 66.60%
2025-04-22 20:50:43,864 - IndustryTrendAnalysis - INFO -   - Concentration: 0.59
2025-04-22 20:50:43,864 - IndustryTrendAnalysis - INFO -   - Funding Growth: 150.0%
2025-04-22 20:50:43,864 - IndustryTrendAnalysis - INFO -   - Momentum: 100.0%
2025-04-22 20:50:43,864 - IndustryTrendAnalysis - INFO -   - Companies: 377
2025-04-22 20:50:43,864 - IndustryTrendAnalysis - INFO -   - Total Funding: $66470156564.00
2025-04-22 20:50:43,864 - IndustryTrendAnalysis - INFO -   - Saturation Indicators: Major Market Player
2025-04-22 20:50:43,864 - IndustryTrendAnalysis - INFO - Artificial Intelligence:
2025-04-22 20:50:43,864 - IndustryTrendAnalysis - INFO -   - Maturity: 0.61
2025-04-22 20:50:43,864 - IndustryTrendAnalysis - INFO -   - Market Share: 4.78%
2025-04-22 20:50:43,864 - IndustryTrendAnalysis - INFO -   - Concentration: 0.56
2025-04-22 20:50:43,864 - IndustryTrendAnalysis - INFO -   - Funding Growth: 0.0%
2025-04-22 20:50:43,864 - IndustryTrendAnalysis - INFO -   - Momentum: -50.0%
2025-04-22 20:50:43,864 - IndustryTrendAnalysis - INFO -   - Companies: 36
2025-04-22 20:50:43,864 - IndustryTrendAnalysis - INFO -   - Total Funding: $4683125000.00
2025-04-22 20:50:43,864 - IndustryTrendAnalysis - INFO -   - Saturation Indicators: Slowing Established Sector, Reached Saturation Point
2025-04-22 20:50:43,864 - IndustryTrendAnalysis - INFO - Insurance:
2025-04-22 20:50:43,864 - IndustryTrendAnalysis - INFO -   - Maturity: 0.59
2025-04-22 20:50:43,864 - IndustryTrendAnalysis - INFO -   - Market Share: 1.19%
2025-04-22 20:50:43,864 - IndustryTrendAnalysis - INFO -   - Concentration: 0.71
2025-04-22 20:50:43,864 - IndustryTrendAnalysis - INFO -   - Funding Growth: -60.0%
2025-04-22 20:50:43,864 - IndustryTrendAnalysis - INFO -   - Momentum: -50.0%
2025-04-22 20:50:43,864 - IndustryTrendAnalysis - INFO -   - Companies: 10
2025-04-22 20:50:43,864 - IndustryTrendAnalysis - INFO -   - Total Funding: $1191799999.00
2025-04-22 20:50:43,864 - IndustryTrendAnalysis - INFO -   - Saturation Indicators: Slowing Established Sector
2025-04-22 20:50:43,864 - IndustryTrendAnalysis - INFO - Semiconductors:
2025-04-22 20:50:43,865 - IndustryTrendAnalysis - INFO -   - Maturity: 0.47
2025-04-22 20:50:43,865 - IndustryTrendAnalysis - INFO -   - Market Share: 1.48%
2025-04-22 20:50:43,865 - IndustryTrendAnalysis - INFO -   - Concentration: 0.20
2025-04-22 20:50:43,865 - IndustryTrendAnalysis - INFO -   - Funding Growth: -43.2%
2025-04-22 20:50:43,865 - IndustryTrendAnalysis - INFO -   - Momentum: -37.4%
2025-04-22 20:50:43,865 - IndustryTrendAnalysis - INFO -   - Companies: 16
2025-04-22 20:50:43,865 - IndustryTrendAnalysis - INFO -   - Total Funding: $1454825014.00
2025-04-22 20:50:43,865 - IndustryTrendAnalysis - INFO -   - Saturation Indicators: Slowing Established Sector
2025-04-22 20:50:43,865 - IndustryTrendAnalysis - INFO - Analyzing employee migration patterns...
2025-04-22 20:50:44,017 - IndustryTrendAnalysis - INFO - 
Employee migration analysis summary:
2025-04-22 20:50:44,018 - IndustryTrendAnalysis - INFO - Total industries analyzed: 44
2025-04-22 20:50:44,018 - IndustryTrendAnalysis - INFO - High growth industries (>10%): 25
2025-04-22 20:50:44,018 - IndustryTrendAnalysis - INFO - Moderate growth industries (0-10%): 2
2025-04-22 20:50:44,018 - IndustryTrendAnalysis - INFO - Stable industries (±5% growth): 2
2025-04-22 20:50:44,018 - IndustryTrendAnalysis - INFO - Shrinking industries: 17
2025-04-22 20:50:44,018 - IndustryTrendAnalysis - INFO - 
Top 5 fastest growing industries:
2025-04-22 20:50:44,018 - IndustryTrendAnalysis - INFO - Hospital & Health Care:
  - Growth Rate: 150.0%
  - Avg Employees: 63
  - Companies: 6
  - Employee Volatility: 1.22
  - Size Inequality: 1.19
  - Monthly Data Points: 11
2025-04-22 20:50:44,018 - IndustryTrendAnalysis - INFO - Fund-Raising:
  - Growth Rate: 150.0%
  - Avg Employees: 240
  - Companies: 1
  - Employee Volatility: 0.00
  - Size Inequality: 1.08
  - Monthly Data Points: 3
2025-04-22 20:50:44,018 - IndustryTrendAnalysis - INFO - Renewables & Environment:
  - Growth Rate: 150.0%
  - Avg Employees: 28
  - Companies: 1
  - Employee Volatility: 0.00
  - Size Inequality: 0.99
  - Monthly Data Points: 3
2025-04-22 20:50:44,018 - IndustryTrendAnalysis - INFO - Computer Games:
  - Growth Rate: 150.0%
  - Avg Employees: 38
  - Companies: 2
  - Employee Volatility: 1.17
  - Size Inequality: 1.02
  - Monthly Data Points: 5
2025-04-22 20:50:44,018 - IndustryTrendAnalysis - INFO - E-Learning:
  - Growth Rate: 150.0%
  - Avg Employees: 112
  - Companies: 2
  - Employee Volatility: 1.64
  - Size Inequality: 0.93
  - Monthly Data Points: 7
2025-04-22 20:50:44,018 - IndustryTrendAnalysis - INFO - 
Top 5 fastest shrinking industries:
2025-04-22 20:50:44,019 - IndustryTrendAnalysis - INFO - Defense & Space:
  - Growth Rate: -60.0%
  - Avg Employees: 56
  - Companies: 2
  - Employee Volatility: 0.13
  - Size Inequality: 0.77
  - Monthly Data Points: 4
2025-04-22 20:50:44,019 - IndustryTrendAnalysis - INFO - Semiconductors:
  - Growth Rate: -60.0%
  - Avg Employees: 93
  - Companies: 5
  - Employee Volatility: 1.94
  - Size Inequality: 1.79
  - Monthly Data Points: 10
2025-04-22 20:50:44,019 - IndustryTrendAnalysis - INFO - Nonprofit Organization Management:
  - Growth Rate: -60.0%
  - Avg Employees: 186
  - Companies: 3
  - Employee Volatility: 0.69
  - Size Inequality: 1.27
  - Monthly Data Points: 7
2025-04-22 20:50:44,019 - IndustryTrendAnalysis - INFO - Government Administration:
  - Growth Rate: -60.0%
  - Avg Employees: 232
  - Companies: 1
  - Employee Volatility: 0.00
  - Size Inequality: 0.76
  - Monthly Data Points: 3
2025-04-22 20:50:44,019 - IndustryTrendAnalysis - INFO - Internet:
  - Growth Rate: -60.0%
  - Avg Employees: 286
  - Companies: 2
  - Employee Volatility: 0.03
  - Size Inequality: 2.31
  - Monthly Data Points: 5
2025-04-22 20:50:44,019 - IndustryTrendAnalysis - INFO - Generating industry trend report...
2025-04-22 20:50:44,022 - IndustryTrendAnalysis - INFO - Report saved to ./outputIndustryTrends/industry_trend_report.json
2025-04-22 20:50:44,022 - IndustryTrendAnalysis - INFO - Creating trend visualizations...
2025-04-22 20:50:45,561 - IndustryTrendAnalysis - INFO - Trend visualizations created successfully
2025-04-22 20:51:00,707 - IndustryTrendAnalysis - INFO - Loaded 1103 records from fundraiser data
2025-04-22 20:51:00,708 - IndustryTrendAnalysis - INFO - Loaded 100 records from growthlist data
2025-04-22 20:51:00,794 - IndustryTrendAnalysis - INFO - Loaded 546 records from topstartup data
2025-04-22 20:51:00,895 - IndustryTrendAnalysis - WARNING - Removed 1 rows with invalid dates
2025-04-22 20:51:00,907 - IndustryTrendAnalysis - INFO - Cleaned data summary:
2025-04-22 20:51:00,908 - IndustryTrendAnalysis - INFO - Total companies: 1668
2025-04-22 20:51:00,908 - IndustryTrendAnalysis - INFO - Total funding rounds: 1747
2025-04-22 20:51:00,908 - IndustryTrendAnalysis - INFO - Date range: 1999-01-01 to 2025-03-01
2025-04-22 20:51:00,908 - IndustryTrendAnalysis - INFO - Total funding amount: $384,936,758,279.00
2025-04-22 20:51:01,218 - IndustryTrendAnalysis - INFO - Final dataset contains 1747 valid records
2025-04-22 20:51:01,218 - IndustryTrendAnalysis - INFO - Analyzing industry trends...
2025-04-22 20:51:01,318 - IndustryTrendAnalysis - INFO - 
Industry Analysis Summary:
2025-04-22 20:51:01,318 - IndustryTrendAnalysis - INFO - Total Industries Analyzed: 31
2025-04-22 20:51:01,318 - IndustryTrendAnalysis - INFO - Emerging Industries Found: 16
2025-04-22 20:51:01,318 - IndustryTrendAnalysis - INFO - Saturated Industries Found: 4
2025-04-22 20:51:01,318 - IndustryTrendAnalysis - INFO - Industries with Forecasts: 31
2025-04-22 20:51:01,318 - IndustryTrendAnalysis - INFO - 
Top 5 Emerging Industries:
2025-04-22 20:51:01,319 - IndustryTrendAnalysis - INFO - Medical Devices:
2025-04-22 20:51:01,319 - IndustryTrendAnalysis - INFO -   - Quarterly Funding Growth: 520.8%
2025-04-22 20:51:01,319 - IndustryTrendAnalysis - INFO -   - Employee Growth: -36.2%
2025-04-22 20:51:01,319 - IndustryTrendAnalysis - INFO -   - Deal Growth: 4.6%
2025-04-22 20:51:01,319 - IndustryTrendAnalysis - INFO -   - Market Share: 0.74%
2025-04-22 20:51:01,319 - IndustryTrendAnalysis - INFO -   - Active Companies: 22
2025-04-22 20:51:01,319 - IndustryTrendAnalysis - INFO -   - Avg Quarterly Funding: $242504602.00
2025-04-22 20:51:01,319 - IndustryTrendAnalysis - INFO -   - Avg Quarterly Deals: 7.333333333333333
2025-04-22 20:51:01,319 - IndustryTrendAnalysis - INFO -   - Total Funding: $773513806.00
2025-04-22 20:51:01,319 - IndustryTrendAnalysis - INFO - Financial Services:
2025-04-22 20:51:01,319 - IndustryTrendAnalysis - INFO -   - Quarterly Funding Growth: 475.5%
2025-04-22 20:51:01,319 - IndustryTrendAnalysis - INFO -   - Employee Growth: 42.9%
2025-04-22 20:51:01,319 - IndustryTrendAnalysis - INFO -   - Deal Growth: 3.3%
2025-04-22 20:51:01,319 - IndustryTrendAnalysis - INFO -   - Market Share: 3.19%
2025-04-22 20:51:01,319 - IndustryTrendAnalysis - INFO -   - Active Companies: 41
2025-04-22 20:51:01,319 - IndustryTrendAnalysis - INFO -   - Avg Quarterly Funding: $1041417361.67
2025-04-22 20:51:01,319 - IndustryTrendAnalysis - INFO -   - Avg Quarterly Deals: 13.0
2025-04-22 20:51:01,319 - IndustryTrendAnalysis - INFO -   - Total Funding: $3162002085.00
2025-04-22 20:51:01,319 - IndustryTrendAnalysis - INFO - Environmental Services:
2025-04-22 20:51:01,319 - IndustryTrendAnalysis - INFO -   - Quarterly Funding Growth: 222.1%
2025-04-22 20:51:01,319 - IndustryTrendAnalysis - INFO -   - Employee Growth: -46.2%
2025-04-22 20:51:01,319 - IndustryTrendAnalysis - INFO -   - Deal Growth: -7.3%
2025-04-22 20:51:01,319 - IndustryTrendAnalysis - INFO -   - Market Share: 0.15%
2025-04-22 20:51:01,319 - IndustryTrendAnalysis - INFO -   - Active Companies: 8
2025-04-22 20:51:01,320 - IndustryTrendAnalysis - INFO -   - Avg Quarterly Funding: $45496666.67
2025-04-22 20:51:01,320 - IndustryTrendAnalysis - INFO -   - Avg Quarterly Deals: 2.3333333333333335
2025-04-22 20:51:01,320 - IndustryTrendAnalysis - INFO -   - Total Funding: $164890000.00
2025-04-22 20:51:01,320 - IndustryTrendAnalysis - INFO - Information Services:
2025-04-22 20:51:01,320 - IndustryTrendAnalysis - INFO -   - Quarterly Funding Growth: 70.3%
2025-04-22 20:51:01,320 - IndustryTrendAnalysis - INFO -   - Employee Growth: -46.1%
2025-04-22 20:51:01,320 - IndustryTrendAnalysis - INFO -   - Deal Growth: 59.3%
2025-04-22 20:51:01,320 - IndustryTrendAnalysis - INFO -   - Market Share: 0.03%
2025-04-22 20:51:01,320 - IndustryTrendAnalysis - INFO -   - Active Companies: 6
2025-04-22 20:51:01,320 - IndustryTrendAnalysis - INFO -   - Avg Quarterly Funding: $8542246.67
2025-04-22 20:51:01,320 - IndustryTrendAnalysis - INFO -   - Avg Quarterly Deals: 2.0
2025-04-22 20:51:01,320 - IndustryTrendAnalysis - INFO -   - Total Funding: $38626740.00
2025-04-22 20:51:01,320 - IndustryTrendAnalysis - INFO - E-Learning:
2025-04-22 20:51:01,320 - IndustryTrendAnalysis - INFO -   - Quarterly Funding Growth: 60.4%
2025-04-22 20:51:01,320 - IndustryTrendAnalysis - INFO -   - Employee Growth: 83.2%
2025-04-22 20:51:01,320 - IndustryTrendAnalysis - INFO -   - Deal Growth: 52.7%
2025-04-22 20:51:01,320 - IndustryTrendAnalysis - INFO -   - Market Share: 0.15%
2025-04-22 20:51:01,320 - IndustryTrendAnalysis - INFO -   - Active Companies: 6
2025-04-22 20:51:01,320 - IndustryTrendAnalysis - INFO -   - Avg Quarterly Funding: $48233333.33
2025-04-22 20:51:01,320 - IndustryTrendAnalysis - INFO -   - Avg Quarterly Deals: 2.0
2025-04-22 20:51:01,320 - IndustryTrendAnalysis - INFO -   - Total Funding: $174302342.00
2025-04-22 20:51:01,320 - IndustryTrendAnalysis - INFO - 
Top 5 Saturated Industries by Maturity:
2025-04-22 20:51:01,320 - IndustryTrendAnalysis - INFO - Information Technology & Services:
2025-04-22 20:51:01,320 - IndustryTrendAnalysis - INFO -   - Maturity: 1.48
2025-04-22 20:51:01,320 - IndustryTrendAnalysis - INFO -   - Market Share: 66.60%
2025-04-22 20:51:01,320 - IndustryTrendAnalysis - INFO -   - Concentration: 0.59
2025-04-22 20:51:01,320 - IndustryTrendAnalysis - INFO -   - Funding Growth: 150.0%
2025-04-22 20:51:01,320 - IndustryTrendAnalysis - INFO -   - Momentum: 100.0%
2025-04-22 20:51:01,320 - IndustryTrendAnalysis - INFO -   - Companies: 377
2025-04-22 20:51:01,321 - IndustryTrendAnalysis - INFO -   - Total Funding: $66470156564.00
2025-04-22 20:51:01,321 - IndustryTrendAnalysis - INFO -   - Saturation Indicators: Major Market Player
2025-04-22 20:51:01,321 - IndustryTrendAnalysis - INFO - Artificial Intelligence:
2025-04-22 20:51:01,321 - IndustryTrendAnalysis - INFO -   - Maturity: 0.61
2025-04-22 20:51:01,321 - IndustryTrendAnalysis - INFO -   - Market Share: 4.78%
2025-04-22 20:51:01,321 - IndustryTrendAnalysis - INFO -   - Concentration: 0.56
2025-04-22 20:51:01,321 - IndustryTrendAnalysis - INFO -   - Funding Growth: 0.0%
2025-04-22 20:51:01,321 - IndustryTrendAnalysis - INFO -   - Momentum: -50.0%
2025-04-22 20:51:01,321 - IndustryTrendAnalysis - INFO -   - Companies: 36
2025-04-22 20:51:01,321 - IndustryTrendAnalysis - INFO -   - Total Funding: $4683125000.00
2025-04-22 20:51:01,321 - IndustryTrendAnalysis - INFO -   - Saturation Indicators: Slowing Established Sector, Reached Saturation Point
2025-04-22 20:51:01,321 - IndustryTrendAnalysis - INFO - Insurance:
2025-04-22 20:51:01,321 - IndustryTrendAnalysis - INFO -   - Maturity: 0.59
2025-04-22 20:51:01,321 - IndustryTrendAnalysis - INFO -   - Market Share: 1.19%
2025-04-22 20:51:01,321 - IndustryTrendAnalysis - INFO -   - Concentration: 0.71
2025-04-22 20:51:01,321 - IndustryTrendAnalysis - INFO -   - Funding Growth: -60.0%
2025-04-22 20:51:01,321 - IndustryTrendAnalysis - INFO -   - Momentum: -50.0%
2025-04-22 20:51:01,321 - IndustryTrendAnalysis - INFO -   - Companies: 10
2025-04-22 20:51:01,321 - IndustryTrendAnalysis - INFO -   - Total Funding: $1191799999.00
2025-04-22 20:51:01,321 - IndustryTrendAnalysis - INFO -   - Saturation Indicators: Slowing Established Sector
2025-04-22 20:51:01,321 - IndustryTrendAnalysis - INFO - Semiconductors:
2025-04-22 20:51:01,321 - IndustryTrendAnalysis - INFO -   - Maturity: 0.47
2025-04-22 20:51:01,321 - IndustryTrendAnalysis - INFO -   - Market Share: 1.48%
2025-04-22 20:51:01,321 - IndustryTrendAnalysis - INFO -   - Concentration: 0.20
2025-04-22 20:51:01,321 - IndustryTrendAnalysis - INFO -   - Funding Growth: -43.2%
2025-04-22 20:51:01,321 - IndustryTrendAnalysis - INFO -   - Momentum: -37.4%
2025-04-22 20:51:01,321 - IndustryTrendAnalysis - INFO -   - Companies: 16
2025-04-22 20:51:01,321 - IndustryTrendAnalysis - INFO -   - Total Funding: $1454825014.00
2025-04-22 20:51:01,321 - IndustryTrendAnalysis - INFO -   - Saturation Indicators: Slowing Established Sector
2025-04-22 20:51:01,322 - IndustryTrendAnalysis - INFO - Analyzing employee migration patterns...
2025-04-22 20:51:01,470 - IndustryTrendAnalysis - INFO - 
Employee migration analysis summary:
2025-04-22 20:51:01,470 - IndustryTrendAnalysis - INFO - Total industries analyzed: 44
2025-04-22 20:51:01,470 - IndustryTrendAnalysis - INFO - High growth industries (>10%): 25
2025-04-22 20:51:01,470 - IndustryTrendAnalysis - INFO - Moderate growth industries (0-10%): 2
2025-04-22 20:51:01,470 - IndustryTrendAnalysis - INFO - Stable industries (±5% growth): 2
2025-04-22 20:51:01,470 - IndustryTrendAnalysis - INFO - Shrinking industries: 17
2025-04-22 20:51:01,470 - IndustryTrendAnalysis - INFO - 
Top 5 fastest growing industries:
2025-04-22 20:51:01,470 - IndustryTrendAnalysis - INFO - Hospital & Health Care:
  - Growth Rate: 150.0%
  - Avg Employees: 63
  - Companies: 6
  - Employee Volatility: 1.22
  - Size Inequality: 1.19
  - Monthly Data Points: 11
2025-04-22 20:51:01,471 - IndustryTrendAnalysis - INFO - Fund-Raising:
  - Growth Rate: 150.0%
  - Avg Employees: 240
  - Companies: 1
  - Employee Volatility: 0.00
  - Size Inequality: 1.08
  - Monthly Data Points: 3
2025-04-22 20:51:01,471 - IndustryTrendAnalysis - INFO - Renewables & Environment:
  - Growth Rate: 150.0%
  - Avg Employees: 28
  - Companies: 1
  - Employee Volatility: 0.00
  - Size Inequality: 0.99
  - Monthly Data Points: 3
2025-04-22 20:51:01,471 - IndustryTrendAnalysis - INFO - Computer Games:
  - Growth Rate: 150.0%
  - Avg Employees: 38
  - Companies: 2
  - Employee Volatility: 1.17
  - Size Inequality: 1.02
  - Monthly Data Points: 5
2025-04-22 20:51:01,471 - IndustryTrendAnalysis - INFO - E-Learning:
  - Growth Rate: 150.0%
  - Avg Employees: 112
  - Companies: 2
  - Employee Volatility: 1.64
  - Size Inequality: 0.93
  - Monthly Data Points: 7
2025-04-22 20:51:01,471 - IndustryTrendAnalysis - INFO - 
Top 5 fastest shrinking industries:
2025-04-22 20:51:01,471 - IndustryTrendAnalysis - INFO - Defense & Space:
  - Growth Rate: -60.0%
  - Avg Employees: 56
  - Companies: 2
  - Employee Volatility: 0.13
  - Size Inequality: 0.77
  - Monthly Data Points: 4
2025-04-22 20:51:01,471 - IndustryTrendAnalysis - INFO - Semiconductors:
  - Growth Rate: -60.0%
  - Avg Employees: 93
  - Companies: 5
  - Employee Volatility: 1.94
  - Size Inequality: 1.79
  - Monthly Data Points: 10
2025-04-22 20:51:01,471 - IndustryTrendAnalysis - INFO - Nonprofit Organization Management:
  - Growth Rate: -60.0%
  - Avg Employees: 186
  - Companies: 3
  - Employee Volatility: 0.69
  - Size Inequality: 1.27
  - Monthly Data Points: 7
2025-04-22 20:51:01,471 - IndustryTrendAnalysis - INFO - Government Administration:
  - Growth Rate: -60.0%
  - Avg Employees: 232
  - Companies: 1
  - Employee Volatility: 0.00
  - Size Inequality: 0.76
  - Monthly Data Points: 3
2025-04-22 20:51:01,471 - IndustryTrendAnalysis - INFO - Internet:
  - Growth Rate: -60.0%
  - Avg Employees: 286
  - Companies: 2
  - Employee Volatility: 0.03
  - Size Inequality: 2.31
  - Monthly Data Points: 5
2025-04-22 20:51:01,471 - IndustryTrendAnalysis - INFO - Generating industry trend report...
2025-04-22 20:51:01,474 - IndustryTrendAnalysis - INFO - Report saved to ./outputIndustryTrends/industry_trend_report.json
2025-04-22 20:51:01,474 - IndustryTrendAnalysis - INFO - Creating trend visualizations...
2025-04-22 20:51:03,096 - IndustryTrendAnalysis - INFO - Trend visualizations created successfully
