2025-04-22 11:04:48,655 - industry_trend_analysis - INFO - Industry Trend Analysis initialized
2025-04-22 11:06:06,166 - industry_trend_analysis - INFO - Industry Trend Analysis initialized
2025-04-22 11:06:06,167 - industry_trend_analysis - INFO - Starting industry trend analysis pipeline
2025-04-22 11:06:06,167 - industry_trend_analysis - INFO - Loading data from JSON files
2025-04-22 11:06:06,170 - industry_trend_analysis - INFO - Loaded 1103 records from fundraiser data
2025-04-22 11:06:06,171 - industry_trend_analysis - INFO - Loaded 100 records from growthlist data
2025-04-22 11:06:06,173 - industry_trend_analysis - INFO - Loaded 546 records from topstartup data
2025-04-22 11:06:06,184 - industry_trend_analysis - INFO - Created DataFrame with 1749 records and 27 columns
2025-04-22 11:06:06,184 - industry_trend_analysis - INFO - Standardizing DataFrame
2025-04-22 11:06:06,225 - industry_trend_analysis - ERROR - Error in industry trend analysis pipeline: The truth value of a Series is ambiguous. Use a.empty, a.bool(), a.item(), a.any() or a.all().
2025-04-22 11:16:08,586 - industry_trend_analysis - INFO - Industry Trend Analysis initialized
2025-04-22 11:16:08,587 - industry_trend_analysis - INFO - Starting industry trend analysis pipeline
2025-04-22 11:16:08,587 - industry_trend_analysis - INFO - Loading data from JSON files
2025-04-22 11:16:08,590 - industry_trend_analysis - INFO - Loaded 1103 records from fundraiser data
2025-04-22 11:16:08,590 - industry_trend_analysis - INFO - Loaded 100 records from growthlist data
2025-04-22 11:16:08,592 - industry_trend_analysis - INFO - Loaded 546 records from topstartup data
2025-04-22 11:16:08,597 - industry_trend_analysis - INFO - Created DataFrame with 1749 records and 27 columns
2025-04-22 11:16:08,597 - industry_trend_analysis - INFO - Standardizing DataFrame
2025-04-22 11:16:08,603 - industry_trend_analysis - ERROR - Error in industry trend analysis pipeline: The truth value of a Series is ambiguous. Use a.empty, a.bool(), a.item(), a.any() or a.all().
2025-04-22 11:17:40,384 - industry_trend_analysis - INFO - Industry Trend Analysis initialized
2025-04-22 11:17:40,384 - industry_trend_analysis - INFO - Starting industry trend analysis pipeline
2025-04-22 11:17:40,384 - industry_trend_analysis - INFO - Loading data from JSON files
2025-04-22 11:17:40,388 - industry_trend_analysis - INFO - Loaded 1103 records from fundraiser data
2025-04-22 11:17:40,388 - industry_trend_analysis - INFO - Loaded 100 records from growthlist data
2025-04-22 11:17:40,390 - industry_trend_analysis - INFO - Loaded 546 records from topstartup data
2025-04-22 11:17:40,396 - industry_trend_analysis - INFO - Created DataFrame with 1749 records and 27 columns
2025-04-22 11:17:40,396 - industry_trend_analysis - INFO - Standardizing DataFrame
2025-04-22 11:17:40,400 - industry_trend_analysis - ERROR - Error in industry trend analysis pipeline: The truth value of a Series is ambiguous. Use a.empty, a.bool(), a.item(), a.any() or a.all().
2025-04-22 11:18:40,665 - industry_trend_analysis - INFO - Industry Trend Analysis initialized
2025-04-22 11:18:40,665 - industry_trend_analysis - INFO - Starting industry trend analysis pipeline
2025-04-22 11:18:40,665 - industry_trend_analysis - INFO - Loading data from JSON files
2025-04-22 11:18:40,668 - industry_trend_analysis - INFO - Loaded 1103 records from fundraiser data
2025-04-22 11:18:40,669 - industry_trend_analysis - INFO - Loaded 100 records from growthlist data
2025-04-22 11:18:40,670 - industry_trend_analysis - INFO - Loaded 546 records from topstartup data
2025-04-22 11:18:40,677 - industry_trend_analysis - INFO - Created DataFrame with 1749 records and 27 columns
2025-04-22 11:18:40,677 - industry_trend_analysis - INFO - Standardizing DataFrame
2025-04-22 11:18:40,682 - industry_trend_analysis - ERROR - Error in industry trend analysis pipeline: The truth value of a Series is ambiguous. Use a.empty, a.bool(), a.item(), a.any() or a.all().
2025-04-22 11:19:42,859 - industry_trend_analysis - INFO - Industry Trend Analysis initialized
2025-04-22 11:19:42,860 - industry_trend_analysis - INFO - Starting industry trend analysis pipeline
2025-04-22 11:19:42,860 - industry_trend_analysis - INFO - Loading data from JSON files
2025-04-22 11:19:42,863 - industry_trend_analysis - INFO - Loaded 1103 records from fundraiser data
2025-04-22 11:19:42,863 - industry_trend_analysis - INFO - Loaded 100 records from growthlist data
2025-04-22 11:19:42,865 - industry_trend_analysis - INFO - Loaded 546 records from topstartup data
2025-04-22 11:19:42,872 - industry_trend_analysis - INFO - Created DataFrame with 1749 records and 27 columns
2025-04-22 11:19:42,872 - industry_trend_analysis - INFO - Standardizing DataFrame
2025-04-22 11:19:42,877 - industry_trend_analysis - ERROR - Error in _standardize_dataframe: The truth value of a Series is ambiguous. Use a.empty, a.bool(), a.item(), a.any() or a.all().
2025-04-22 11:19:42,885 - industry_trend_analysis - ERROR - DataFrame info before standardization: None
2025-04-22 11:19:42,885 - industry_trend_analysis - ERROR - DataFrame columns before standardization: ['company_name', 'employees', 'industry', 'Website', 'funding_date', 'funding_stage', 'funding_amount_numeric', 'Headquarters', 'Extraction_Time', 'Page', 'source', 'company_name', 'website', 'industry', 'country', 'funding_amount_string', 'funding_stage', 'funding_date', 'funding_usd', 'description', 'headquarters', 'funding', 'has_reviews', 'category', 'employees', 'founding_year', 'other_details']
2025-04-22 11:19:42,886 - industry_trend_analysis - INFO - Normalizing industry categories
2025-04-22 11:19:42,890 - industry_trend_analysis - INFO - Normalized to 1 industry categories
2025-04-22 11:19:42,890 - industry_trend_analysis - INFO - Creating trend features for analysis
2025-04-22 11:19:42,892 - industry_trend_analysis - ERROR - Error creating trend features: cannot assemble with duplicate keys
2025-04-22 11:20:28,495 - industry_trend_analysis - INFO - Industry Trend Analysis initialized
2025-04-22 11:20:28,495 - industry_trend_analysis - INFO - Starting industry trend analysis pipeline
2025-04-22 11:20:28,495 - industry_trend_analysis - INFO - Loading data from JSON files
2025-04-22 11:20:28,498 - industry_trend_analysis - INFO - Loaded 1103 records from fundraiser data
2025-04-22 11:20:28,498 - industry_trend_analysis - INFO - Loaded 100 records from growthlist data
2025-04-22 11:20:28,500 - industry_trend_analysis - INFO - Loaded 546 records from topstartup data
2025-04-22 11:20:28,516 - industry_trend_analysis - INFO - Created DataFrame with 1749 records and 27 columns
2025-04-22 11:20:28,517 - industry_trend_analysis - INFO - Standardizing DataFrame
2025-04-22 11:20:28,523 - industry_trend_analysis - WARNING - Still have duplicate columns after renaming: ['company_name', 'industry', 'funding_stage', 'funding_date', 'employees']
2025-04-22 11:20:28,559 - industry_trend_analysis - INFO - Normalizing industry categories
2025-04-22 11:20:28,562 - industry_trend_analysis - INFO - Normalized to 115 industry categories
2025-04-22 11:20:28,562 - industry_trend_analysis - INFO - Creating trend features for analysis
2025-04-22 11:20:28,910 - industry_trend_analysis - INFO - Created time series features with 15 time periods
2025-04-22 11:20:28,911 - industry_trend_analysis - INFO - Applying STL decomposition for trend analysis
2025-04-22 11:20:29,061 - industry_trend_analysis - INFO - Completed trend analysis for 103 industries
2025-04-22 11:20:29,061 - industry_trend_analysis - INFO - Identifying emerging industries
2025-04-22 11:20:29,429 - industry_trend_analysis - INFO - Identified 5 emerging industries
2025-04-22 11:20:29,430 - industry_trend_analysis - INFO - Identifying saturated industries
2025-04-22 11:20:29,792 - industry_trend_analysis - INFO - Identified 0 potentially saturated industries
2025-04-22 11:20:29,793 - industry_trend_analysis - INFO - Generating industry trend visualizations
2025-04-22 11:20:30,549 - industry_trend_analysis - ERROR - Error visualizing trends for : tz must be string or tzinfo subclass, not <matplotlib.category.UnitData object at 0x168fd86b0>.
2025-04-22 11:20:31,209 - industry_trend_analysis - ERROR - Error visualizing trends for 0: tz must be string or tzinfo subclass, not <matplotlib.category.UnitData object at 0x16b3106b0>.
2025-04-22 11:20:31,971 - industry_trend_analysis - ERROR - Error visualizing trends for AI & Machine Learning: tz must be string or tzinfo subclass, not <matplotlib.category.UnitData object at 0x16b819f70>.
2025-04-22 11:20:32,769 - industry_trend_analysis - ERROR - Error visualizing trends for AR & VR: tz must be string or tzinfo subclass, not <matplotlib.category.UnitData object at 0x16b8186b0>.
2025-04-22 11:20:33,518 - industry_trend_analysis - ERROR - Error visualizing trends for Accounting: tz must be string or tzinfo subclass, not <matplotlib.category.UnitData object at 0x1691f06b0>.
2025-04-22 11:20:34,300 - industry_trend_analysis - ERROR - Error visualizing trends for Aerospace & Defense: tz must be string or tzinfo subclass, not <matplotlib.category.UnitData object at 0x16ba96d20>.
2025-04-22 11:20:35,040 - industry_trend_analysis - ERROR - Error visualizing trends for Blockchain & Crypto: tz must be string or tzinfo subclass, not <matplotlib.category.UnitData object at 0x168f16720>.
2025-04-22 11:20:35,867 - industry_trend_analysis - ERROR - Error visualizing trends for Cloud & Infrastructure: tz must be string or tzinfo subclass, not <matplotlib.category.UnitData object at 0x16bc2d1f0>.
2025-04-22 11:20:36,634 - industry_trend_analysis - ERROR - Error visualizing trends for Construction & Materials: tz must be string or tzinfo subclass, not <matplotlib.category.UnitData object at 0x16b8e6d20>.
2025-04-22 11:20:37,264 - industry_trend_analysis - ERROR - Error visualizing trends for Data & Analytics: tz must be string or tzinfo subclass, not <matplotlib.category.UnitData object at 0x16900ed80>.
2025-04-22 11:20:37,999 - industry_trend_analysis - ERROR - Error visualizing trends for E-commerce & Retail: tz must be string or tzinfo subclass, not <matplotlib.category.UnitData object at 0x16b2c06b0>.
2025-04-22 11:20:38,812 - industry_trend_analysis - ERROR - Error visualizing trends for Electronics & Hardware: tz must be string or tzinfo subclass, not <matplotlib.category.UnitData object at 0x16b4686b0>.
2025-04-22 11:20:39,532 - industry_trend_analysis - ERROR - Error visualizing trends for Energy & CleanTech: tz must be string or tzinfo subclass, not <matplotlib.category.UnitData object at 0x16b9f6480>.
2025-04-22 11:20:40,161 - industry_trend_analysis - ERROR - Error visualizing trends for Family & Childcare: tz must be string or tzinfo subclass, not <matplotlib.category.UnitData object at 0x16bd151f0>.
2025-04-22 11:20:40,895 - industry_trend_analysis - ERROR - Error visualizing trends for Finance & FinTech: tz must be string or tzinfo subclass, not <matplotlib.category.UnitData object at 0x16bda6d80>.
2025-04-22 11:20:41,740 - industry_trend_analysis - ERROR - Error visualizing trends for HR & Recruiting: tz must be string or tzinfo subclass, not <matplotlib.category.UnitData object at 0x16b311f70>.
2025-04-22 11:20:42,486 - industry_trend_analysis - ERROR - Error visualizing trends for Healthcare & Biotech: tz must be string or tzinfo subclass, not <matplotlib.category.UnitData object at 0x16b959f70>.
2025-04-22 11:20:43,133 - industry_trend_analysis - ERROR - Error visualizing trends for Logistics & Supply Chain: tz must be string or tzinfo subclass, not <matplotlib.category.UnitData object at 0x16b43c710>.
2025-04-22 11:20:43,863 - industry_trend_analysis - ERROR - Error visualizing trends for Marketing & Advertising: tz must be string or tzinfo subclass, not <matplotlib.category.UnitData object at 0x16b5c06b0>.
2025-04-22 11:20:44,629 - industry_trend_analysis - ERROR - Error visualizing trends for Media & Entertainment: tz must be string or tzinfo subclass, not <matplotlib.category.UnitData object at 0x16f996720>.
2025-04-22 11:20:45,432 - industry_trend_analysis - ERROR - Error visualizing trends for Mobile & Apps: tz must be string or tzinfo subclass, not <matplotlib.category.UnitData object at 0x16b836480>.
2025-04-22 11:20:46,181 - industry_trend_analysis - ERROR - Error visualizing trends for Security & Cybersecurity: tz must be string or tzinfo subclass, not <matplotlib.category.UnitData object at 0x16b3dda30>.
2025-04-22 11:20:46,943 - industry_trend_analysis - ERROR - Error visualizing trends for Social Media & Community: tz must be string or tzinfo subclass, not <matplotlib.category.UnitData object at 0x168f751f0>.
2025-04-22 11:20:47,700 - industry_trend_analysis - ERROR - Error visualizing trends for Telecommunications: tz must be string or tzinfo subclass, not <matplotlib.category.UnitData object at 0x16bd15a30>.
2025-04-22 11:20:48,399 - industry_trend_analysis - ERROR - Error visualizing trends for Travel & Hospitality: tz must be string or tzinfo subclass, not <matplotlib.category.UnitData object at 0x16b9c4710>.
2025-04-22 11:20:48,673 - industry_trend_analysis - ERROR - Error visualizing trends for airlines/aviation: [Errno 2] No such file or directory: './outputIndustryTrends/industry_trends/airlines/aviation_decomposition.png'
2025-04-22 11:20:49,357 - industry_trend_analysis - ERROR - Error visualizing trends for apparel & fashion: tz must be string or tzinfo subclass, not <matplotlib.category.UnitData object at 0x16b9886b0>.
2025-04-22 11:20:49,983 - industry_trend_analysis - ERROR - Error visualizing trends for automotive: tz must be string or tzinfo subclass, not <matplotlib.category.UnitData object at 0x16b5a05c0>.
2025-04-22 11:20:50,689 - industry_trend_analysis - ERROR - Error visualizing trends for aviation & aerospace: tz must be string or tzinfo subclass, not <matplotlib.category.UnitData object at 0x169111e80>.
2025-04-22 11:20:51,305 - industry_trend_analysis - ERROR - Error visualizing trends for banking: tz must be string or tzinfo subclass, not <matplotlib.category.UnitData object at 0x16b2c1e80>.
2025-04-22 11:20:51,958 - industry_trend_analysis - ERROR - Error visualizing trends for biotechnology: tz must be string or tzinfo subclass, not <matplotlib.category.UnitData object at 0x16fc906b0>.
2025-04-22 11:20:52,620 - industry_trend_analysis - ERROR - Error visualizing trends for building materials: tz must be string or tzinfo subclass, not <matplotlib.category.UnitData object at 0x16fec06b0>.
2025-04-22 11:20:53,365 - industry_trend_analysis - ERROR - Error visualizing trends for chemicals: tz must be string or tzinfo subclass, not <matplotlib.category.UnitData object at 0x283ed86b0>.
2025-04-22 11:20:54,185 - industry_trend_analysis - ERROR - Error visualizing trends for computer & network security: tz must be string or tzinfo subclass, not <matplotlib.category.UnitData object at 0x16fc06720>.
2025-04-22 11:20:54,850 - industry_trend_analysis - ERROR - Error visualizing trends for computer games: tz must be string or tzinfo subclass, not <matplotlib.category.UnitData object at 0x16bbec710>.
2025-04-22 11:20:55,474 - industry_trend_analysis - ERROR - Error visualizing trends for computer hardware: tz must be string or tzinfo subclass, not <matplotlib.category.UnitData object at 0x16b2de480>.
2025-04-22 11:20:56,137 - industry_trend_analysis - ERROR - Error visualizing trends for computer networking: tz must be string or tzinfo subclass, not <matplotlib.category.UnitData object at 0x16b5ec710>.
2025-04-22 11:20:56,872 - industry_trend_analysis - ERROR - Error visualizing trends for computer software: tz must be string or tzinfo subclass, not <matplotlib.category.UnitData object at 0x16b4be720>.
2025-04-22 11:20:57,529 - industry_trend_analysis - ERROR - Error visualizing trends for construction: tz must be string or tzinfo subclass, not <matplotlib.category.UnitData object at 0x168f25a30>.
2025-04-22 11:20:58,213 - industry_trend_analysis - ERROR - Error visualizing trends for consumer services: tz must be string or tzinfo subclass, not <matplotlib.category.UnitData object at 0x168fa06b0>.
2025-04-22 11:20:58,835 - industry_trend_analysis - ERROR - Error visualizing trends for defense & space: tz must be string or tzinfo subclass, not <matplotlib.category.UnitData object at 0x1691c6480>.
2025-04-22 11:20:59,569 - industry_trend_analysis - ERROR - Error visualizing trends for design: tz must be string or tzinfo subclass, not <matplotlib.category.UnitData object at 0x16f906d20>.
2025-04-22 11:21:00,201 - industry_trend_analysis - ERROR - Error visualizing trends for e-learning: tz must be string or tzinfo subclass, not <matplotlib.category.UnitData object at 0x16b3286b0>.
2025-04-22 11:21:00,844 - industry_trend_analysis - ERROR - Error visualizing trends for education management: tz must be string or tzinfo subclass, not <matplotlib.category.UnitData object at 0x16f994710>.
2025-04-22 11:21:01,145 - industry_trend_analysis - ERROR - Error visualizing trends for electrical/electronic manufacturing: [Errno 2] No such file or directory: './outputIndustryTrends/industry_trends/electrical/electronic manufacturing_decomposition.png'
2025-04-22 11:21:01,918 - industry_trend_analysis - ERROR - Error visualizing trends for entertainment: tz must be string or tzinfo subclass, not <matplotlib.category.UnitData object at 0x2896106b0>.
2025-04-22 11:21:02,588 - industry_trend_analysis - ERROR - Error visualizing trends for environmental services: tz must be string or tzinfo subclass, not <matplotlib.category.UnitData object at 0x16b5c1f70>.
2025-04-22 11:21:03,220 - industry_trend_analysis - ERROR - Error visualizing trends for farming: tz must be string or tzinfo subclass, not <matplotlib.category.UnitData object at 0x1691506b0>.
2025-04-22 11:21:03,862 - industry_trend_analysis - ERROR - Error visualizing trends for financial services: tz must be string or tzinfo subclass, not <matplotlib.category.UnitData object at 0x16fc36720>.
2025-04-22 11:21:04,510 - industry_trend_analysis - ERROR - Error visualizing trends for food & beverages: tz must be string or tzinfo subclass, not <matplotlib.category.UnitData object at 0x28d8c06b0>.
2025-04-22 11:21:05,238 - industry_trend_analysis - ERROR - Error visualizing trends for food production: tz must be string or tzinfo subclass, not <matplotlib.category.UnitData object at 0x283e67680>.
2025-04-22 11:21:05,892 - industry_trend_analysis - ERROR - Error visualizing trends for fund-raising: tz must be string or tzinfo subclass, not <matplotlib.category.UnitData object at 0x16b8a9f70>.
2025-04-22 11:21:06,541 - industry_trend_analysis - ERROR - Error visualizing trends for government administration: tz must be string or tzinfo subclass, not <matplotlib.category.UnitData object at 0x2899b4710>.
2025-04-22 11:21:07,163 - industry_trend_analysis - ERROR - Error visualizing trends for higher education: tz must be string or tzinfo subclass, not <matplotlib.category.UnitData object at 0x2899951f0>.
2025-04-22 11:21:08,116 - industry_trend_analysis - ERROR - Error visualizing trends for hospital & health care: tz must be string or tzinfo subclass, not <matplotlib.category.UnitData object at 0x28db406b0>.
2025-04-22 11:21:08,967 - industry_trend_analysis - ERROR - Error visualizing trends for hospitality: tz must be string or tzinfo subclass, not <matplotlib.category.UnitData object at 0x28dbb6720>.
2025-04-22 11:21:09,625 - industry_trend_analysis - ERROR - Error visualizing trends for individual & family services: tz must be string or tzinfo subclass, not <matplotlib.category.UnitData object at 0x28d9d86b0>.
2025-04-22 11:21:10,245 - industry_trend_analysis - ERROR - Error visualizing trends for industrial automation: tz must be string or tzinfo subclass, not <matplotlib.category.UnitData object at 0x16fe185c0>.
2025-04-22 11:21:10,877 - industry_trend_analysis - ERROR - Error visualizing trends for information services: tz must be string or tzinfo subclass, not <matplotlib.category.UnitData object at 0x16fbc06b0>.
2025-04-22 11:21:11,537 - industry_trend_analysis - ERROR - Error visualizing trends for information technology & services: tz must be string or tzinfo subclass, not <matplotlib.category.UnitData object at 0x2897027b0>.
2025-04-22 11:21:12,288 - industry_trend_analysis - ERROR - Error visualizing trends for insurance: tz must be string or tzinfo subclass, not <matplotlib.category.UnitData object at 0x2896686b0>.
2025-04-22 11:21:12,911 - industry_trend_analysis - ERROR - Error visualizing trends for internet: tz must be string or tzinfo subclass, not <matplotlib.category.UnitData object at 0x16fc34410>.
2025-04-22 11:21:13,562 - industry_trend_analysis - ERROR - Error visualizing trends for investment management: tz must be string or tzinfo subclass, not <matplotlib.category.UnitData object at 0x28db85a30>.
2025-04-22 11:21:14,198 - industry_trend_analysis - ERROR - Error visualizing trends for legal services: tz must be string or tzinfo subclass, not <matplotlib.category.UnitData object at 0x16baae720>.
2025-04-22 11:21:14,835 - industry_trend_analysis - ERROR - Error visualizing trends for logistics & supply chain: tz must be string or tzinfo subclass, not <matplotlib.category.UnitData object at 0x28ddf06b0>.
2025-04-22 11:21:15,588 - industry_trend_analysis - ERROR - Error visualizing trends for machinery: tz must be string or tzinfo subclass, not <matplotlib.category.UnitData object at 0x16bc086b0>.
2025-04-22 11:21:16,212 - industry_trend_analysis - ERROR - Error visualizing trends for management consulting: tz must be string or tzinfo subclass, not <matplotlib.category.UnitData object at 0x28dc1ed20>.
2025-04-22 11:21:16,835 - industry_trend_analysis - ERROR - Error visualizing trends for maritime: tz must be string or tzinfo subclass, not <matplotlib.category.UnitData object at 0x28dae86b0>.
2025-04-22 11:21:17,471 - industry_trend_analysis - ERROR - Error visualizing trends for market research: tz must be string or tzinfo subclass, not <matplotlib.category.UnitData object at 0x2897b4710>.
2025-04-22 11:21:18,128 - industry_trend_analysis - ERROR - Error visualizing trends for marketing & advertising: tz must be string or tzinfo subclass, not <matplotlib.category.UnitData object at 0x16bd786b0>.
2025-04-22 11:21:18,926 - industry_trend_analysis - ERROR - Error visualizing trends for mechanical or industrial engineering: tz must be string or tzinfo subclass, not <matplotlib.category.UnitData object at 0x16fe306b0>.
2025-04-22 11:21:19,564 - industry_trend_analysis - ERROR - Error visualizing trends for media production: tz must be string or tzinfo subclass, not <matplotlib.category.UnitData object at 0x16b5886b0>.
2025-04-22 11:21:20,193 - industry_trend_analysis - ERROR - Error visualizing trends for medical devices: tz must be string or tzinfo subclass, not <matplotlib.category.UnitData object at 0x28db07680>.
2025-04-22 11:21:20,827 - industry_trend_analysis - ERROR - Error visualizing trends for medical practice: tz must be string or tzinfo subclass, not <matplotlib.category.UnitData object at 0x28dd786b0>.
2025-04-22 11:21:21,477 - industry_trend_analysis - ERROR - Error visualizing trends for mental health care: tz must be string or tzinfo subclass, not <matplotlib.category.UnitData object at 0x16ba951f0>.
2025-04-22 11:21:22,265 - industry_trend_analysis - ERROR - Error visualizing trends for mining & metals: tz must be string or tzinfo subclass, not <matplotlib.category.UnitData object at 0x28dd11e80>.
2025-04-22 11:21:22,892 - industry_trend_analysis - ERROR - Error visualizing trends for museums & institutions: tz must be string or tzinfo subclass, not <matplotlib.category.UnitData object at 0x289a805c0>.
2025-04-22 11:21:23,512 - industry_trend_analysis - ERROR - Error visualizing trends for music: tz must be string or tzinfo subclass, not <matplotlib.category.UnitData object at 0x16bb76630>.
2025-04-22 11:21:24,153 - industry_trend_analysis - ERROR - Error visualizing trends for nanotechnology: tz must be string or tzinfo subclass, not <matplotlib.category.UnitData object at 0x2898806b0>.
2025-04-22 11:21:24,822 - industry_trend_analysis - ERROR - Error visualizing trends for nonprofit organization management: tz must be string or tzinfo subclass, not <matplotlib.category.UnitData object at 0x2896b6480>.
2025-04-22 11:21:25,611 - industry_trend_analysis - ERROR - Error visualizing trends for oil & energy: tz must be string or tzinfo subclass, not <matplotlib.category.UnitData object at 0x28e1ed1f0>.
2025-04-22 11:21:26,245 - industry_trend_analysis - ERROR - Error visualizing trends for online media: tz must be string or tzinfo subclass, not <matplotlib.category.UnitData object at 0x28da706b0>.
2025-04-22 11:21:26,928 - industry_trend_analysis - ERROR - Error visualizing trends for packaging & containers: tz must be string or tzinfo subclass, not <matplotlib.category.UnitData object at 0x16bd16720>.
2025-04-22 11:21:27,580 - industry_trend_analysis - ERROR - Error visualizing trends for performing arts: tz must be string or tzinfo subclass, not <matplotlib.category.UnitData object at 0x28da40830>.
2025-04-22 11:21:28,212 - industry_trend_analysis - ERROR - Error visualizing trends for pharmaceuticals: tz must be string or tzinfo subclass, not <matplotlib.category.UnitData object at 0x289a2c710>.
2025-04-22 11:21:28,486 - industry_trend_analysis - ERROR - Error visualizing trends for primary/secondary education: [Errno 2] No such file or directory: './outputIndustryTrends/industry_trends/primary/secondary education_decomposition.png'
2025-04-22 11:21:29,312 - industry_trend_analysis - ERROR - Error visualizing trends for professional training & coaching: tz must be string or tzinfo subclass, not <matplotlib.category.UnitData object at 0x283e3e480>.
2025-04-22 11:21:29,969 - industry_trend_analysis - ERROR - Error visualizing trends for public safety: tz must be string or tzinfo subclass, not <matplotlib.category.UnitData object at 0x16bda6720>.
2025-04-22 11:21:30,604 - industry_trend_analysis - ERROR - Error visualizing trends for real estate: tz must be string or tzinfo subclass, not <matplotlib.category.UnitData object at 0x16b4bc710>.
2025-04-22 11:21:31,257 - industry_trend_analysis - ERROR - Error visualizing trends for renewables & environment: tz must be string or tzinfo subclass, not <matplotlib.category.UnitData object at 0x28dd11f70>.
2025-04-22 11:21:31,905 - industry_trend_analysis - ERROR - Error visualizing trends for research: tz must be string or tzinfo subclass, not <matplotlib.category.UnitData object at 0x28e2786b0>.
2025-04-22 11:21:32,715 - industry_trend_analysis - ERROR - Error visualizing trends for restaurants: tz must be string or tzinfo subclass, not <matplotlib.category.UnitData object at 0x2920b51f0>.
2025-04-22 11:21:33,359 - industry_trend_analysis - ERROR - Error visualizing trends for retail: tz must be string or tzinfo subclass, not <matplotlib.category.UnitData object at 0x283f886b0>.
2025-04-22 11:21:34,012 - industry_trend_analysis - ERROR - Error visualizing trends for semiconductors: tz must be string or tzinfo subclass, not <matplotlib.category.UnitData object at 0x168feda30>.
2025-04-22 11:21:34,681 - industry_trend_analysis - ERROR - Error visualizing trends for sports: tz must be string or tzinfo subclass, not <matplotlib.category.UnitData object at 0x28e056d80>.
2025-04-22 11:21:35,333 - industry_trend_analysis - ERROR - Error visualizing trends for telecommunications: tz must be string or tzinfo subclass, not <matplotlib.category.UnitData object at 0x289976d80>.
2025-04-22 11:21:35,781 - industry_trend_analysis - ERROR - Error visualizing trends for transportation/trucking/railroad: [Errno 2] No such file or directory: './outputIndustryTrends/industry_trends/transportation/trucking/railroad_decomposition.png'
2025-04-22 11:21:37,217 - industry_trend_analysis - ERROR - Error visualizing trends for utilities: tz must be string or tzinfo subclass, not <matplotlib.category.UnitData object at 0x28995c710>.
2025-04-22 11:21:37,991 - industry_trend_analysis - ERROR - Error visualizing trends for venture capital & private equity: tz must be string or tzinfo subclass, not <matplotlib.category.UnitData object at 0x28dac86b0>.
2025-04-22 11:21:38,637 - industry_trend_analysis - ERROR - Error visualizing trends for veterinary: tz must be string or tzinfo subclass, not <matplotlib.category.UnitData object at 0x28e0f7680>.
2025-04-22 11:21:39,275 - industry_trend_analysis - ERROR - Error visualizing trends for wellness & fitness: tz must be string or tzinfo subclass, not <matplotlib.category.UnitData object at 0x16911a030>.
2025-04-22 11:21:39,970 - industry_trend_analysis - ERROR - Error visualizing trends for wholesale: tz must be string or tzinfo subclass, not <matplotlib.category.UnitData object at 0x28e29ed20>.
2025-04-22 11:21:40,632 - industry_trend_analysis - ERROR - Error visualizing trends for wireless: tz must be string or tzinfo subclass, not <matplotlib.category.UnitData object at 0x289a49f70>.
2025-04-22 11:21:40,632 - industry_trend_analysis - INFO - Saved industry trend visualizations to ./outputIndustryTrends/industry_trends/
2025-04-22 11:21:40,632 - industry_trend_analysis - INFO - Generating emerging industries visualization
2025-04-22 11:21:40,939 - industry_trend_analysis - INFO - Saved emerging industries visualization to ./outputIndustryTrends
2025-04-22 11:21:40,939 - industry_trend_analysis - INFO - Generating saturated industries visualization
2025-04-22 11:21:41,259 - industry_trend_analysis - INFO - Saved saturated industries visualization to ./outputIndustryTrends
2025-04-22 11:21:41,260 - industry_trend_analysis - INFO - Generating funding concentration visualization
2025-04-22 11:21:41,852 - industry_trend_analysis - INFO - Saved funding concentration visualization to ./outputIndustryTrends
2025-04-22 11:21:41,852 - industry_trend_analysis - INFO - Generating industry comparison visualization
2025-04-22 11:21:42,729 - industry_trend_analysis - INFO - Saved industry comparison visualizations to ./outputIndustryTrends
2025-04-22 11:21:42,729 - industry_trend_analysis - INFO - Generating industry trend report
2025-04-22 11:21:42,730 - industry_trend_analysis - INFO - Saved industry trend report to ./outputIndustryTrends/industry_trend_report.txt
2025-04-22 11:21:42,731 - industry_trend_analysis - INFO - Saving model to ./outputIndustryTrends/industry_trend_model.pkl
2025-04-22 11:21:42,836 - industry_trend_analysis - INFO - Model saved successfully to ./outputIndustryTrends/industry_trend_model.pkl
2025-04-22 11:21:42,836 - industry_trend_analysis - INFO - Industry trend analysis completed successfully
2025-04-22 15:59:29,919 - industry_trend_analysis - INFO - Industry Trend Analysis initialized
2025-04-22 15:59:29,920 - industry_trend_analysis - INFO - Starting industry trend analysis pipeline
2025-04-22 15:59:29,920 - industry_trend_analysis - INFO - Loading data from JSON files
2025-04-22 15:59:29,924 - industry_trend_analysis - INFO - Loaded 1103 records from fundraiser data
2025-04-22 15:59:29,924 - industry_trend_analysis - INFO - Loaded 100 records from growthlist data
2025-04-22 15:59:29,927 - industry_trend_analysis - INFO - Loaded 546 records from topstartup data
2025-04-22 15:59:29,935 - industry_trend_analysis - INFO - Created DataFrame with 1749 records and 27 columns
2025-04-22 15:59:29,935 - industry_trend_analysis - INFO - Standardizing DataFrame
2025-04-22 15:59:29,940 - industry_trend_analysis - WARNING - Still have duplicate columns after renaming: ['company_name', 'industry', 'funding_stage', 'funding_date', 'employees']
2025-04-22 15:59:29,982 - industry_trend_analysis - INFO - Normalizing industry categories
2025-04-22 15:59:29,990 - industry_trend_analysis - INFO - Normalized to 115 industry categories
2025-04-22 15:59:29,991 - industry_trend_analysis - INFO - Creating trend features for analysis
2025-04-22 15:59:30,396 - industry_trend_analysis - INFO - Created time series features with 15 time periods
2025-04-22 15:59:30,397 - industry_trend_analysis - INFO - Applying STL decomposition for trend analysis
2025-04-22 15:59:30,588 - industry_trend_analysis - INFO - Completed trend analysis for 109 industries
2025-04-22 15:59:30,588 - industry_trend_analysis - INFO - Identifying emerging industries
2025-04-22 15:59:31,097 - industry_trend_analysis - INFO - Identified 5 emerging industries
2025-04-22 15:59:31,097 - industry_trend_analysis - INFO - Identifying saturated industries
2025-04-22 15:59:31,782 - industry_trend_analysis - INFO - Identified 0 potentially saturated industries
2025-04-22 15:59:31,783 - industry_trend_analysis - INFO - Generating industry trend visualizations
2025-04-22 15:59:32,942 - industry_trend_analysis - ERROR - Error visualizing trends for : tz must be string or tzinfo subclass, not <matplotlib.category.UnitData object at 0x148af2060>.
2025-04-22 15:59:33,966 - industry_trend_analysis - ERROR - Error visualizing trends for 0: tz must be string or tzinfo subclass, not <matplotlib.category.UnitData object at 0x148da6c60>.
2025-04-22 15:59:34,941 - industry_trend_analysis - ERROR - Error visualizing trends for AI & Machine Learning: tz must be string or tzinfo subclass, not <matplotlib.category.UnitData object at 0x13ffa2d20>.
2025-04-22 15:59:36,500 - industry_trend_analysis - ERROR - Error visualizing trends for AR & VR: tz must be string or tzinfo subclass, not <matplotlib.category.UnitData object at 0x148bc0410>.
2025-04-22 15:59:38,538 - industry_trend_analysis - ERROR - Error visualizing trends for Aerospace & Defense: tz must be string or tzinfo subclass, not <matplotlib.category.UnitData object at 0x14f051310>.
2025-04-22 15:59:39,810 - industry_trend_analysis - ERROR - Error visualizing trends for Architecture & Design: tz must be string or tzinfo subclass, not <matplotlib.category.UnitData object at 0x14f28c410>.
2025-04-22 15:59:40,948 - industry_trend_analysis - ERROR - Error visualizing trends for Audio: tz must be string or tzinfo subclass, not <matplotlib.category.UnitData object at 0x14e614410>.
2025-04-22 15:59:41,888 - industry_trend_analysis - ERROR - Error visualizing trends for Blockchain & Crypto: tz must be string or tzinfo subclass, not <matplotlib.category.UnitData object at 0x1489b1310>.
2025-04-22 15:59:42,899 - industry_trend_analysis - ERROR - Error visualizing trends for Cloud & Infrastructure: tz must be string or tzinfo subclass, not <matplotlib.category.UnitData object at 0x148cf5850>.
2025-04-22 15:59:44,074 - industry_trend_analysis - ERROR - Error visualizing trends for Construction & Materials: tz must be string or tzinfo subclass, not <matplotlib.category.UnitData object at 0x14f49d850>.
2025-04-22 15:59:46,557 - industry_trend_analysis - ERROR - Error visualizing trends for Data & Analytics: tz must be string or tzinfo subclass, not <matplotlib.category.UnitData object at 0x14f4b46b0>.
2025-04-22 15:59:48,228 - industry_trend_analysis - ERROR - Error visualizing trends for E-commerce & Retail: tz must be string or tzinfo subclass, not <matplotlib.category.UnitData object at 0x148da46b0>.
2025-04-22 15:59:49,309 - industry_trend_analysis - ERROR - Error visualizing trends for Electronics & Hardware: tz must be string or tzinfo subclass, not <matplotlib.category.UnitData object at 0x13ffb5e80>.
2025-04-22 15:59:50,485 - industry_trend_analysis - ERROR - Error visualizing trends for Energy & CleanTech: tz must be string or tzinfo subclass, not <matplotlib.category.UnitData object at 0x148b1e030>.
2025-04-22 15:59:51,797 - industry_trend_analysis - ERROR - Error visualizing trends for Enterprise Software: tz must be string or tzinfo subclass, not <matplotlib.category.UnitData object at 0x14e6e9e50>.
2025-04-22 15:59:53,359 - industry_trend_analysis - ERROR - Error visualizing trends for Family & Childcare: tz must be string or tzinfo subclass, not <matplotlib.category.UnitData object at 0x13f700230>.
2025-04-22 15:59:54,737 - industry_trend_analysis - ERROR - Error visualizing trends for Finance & FinTech: tz must be string or tzinfo subclass, not <matplotlib.category.UnitData object at 0x14f5446b0>.
2025-04-22 15:59:55,787 - industry_trend_analysis - ERROR - Error visualizing trends for HR & Recruiting: tz must be string or tzinfo subclass, not <matplotlib.category.UnitData object at 0x14f4846b0>.
2025-04-22 15:59:57,427 - industry_trend_analysis - ERROR - Error visualizing trends for Health & Wellness: tz must be string or tzinfo subclass, not <matplotlib.category.UnitData object at 0x1489ec6b0>.
2025-04-22 15:59:59,069 - industry_trend_analysis - ERROR - Error visualizing trends for Healthcare & Biotech: tz must be string or tzinfo subclass, not <matplotlib.category.UnitData object at 0x14e5d46b0>.
2025-04-22 16:00:00,143 - industry_trend_analysis - ERROR - Error visualizing trends for Logistics & Supply Chain: tz must be string or tzinfo subclass, not <matplotlib.category.UnitData object at 0x148d90230>.
2025-04-22 16:00:01,103 - industry_trend_analysis - ERROR - Error visualizing trends for Marketing & Advertising: tz must be string or tzinfo subclass, not <matplotlib.category.UnitData object at 0x14f2746b0>.
2025-04-22 16:00:02,180 - industry_trend_analysis - ERROR - Error visualizing trends for Marketplace: tz must be string or tzinfo subclass, not <matplotlib.category.UnitData object at 0x14f762d20>.
2025-04-22 16:00:03,404 - industry_trend_analysis - ERROR - Error visualizing trends for Media & Entertainment: tz must be string or tzinfo subclass, not <matplotlib.category.UnitData object at 0x148fbc6b0>.
2025-04-22 16:00:04,407 - industry_trend_analysis - ERROR - Error visualizing trends for Mobile & Apps: tz must be string or tzinfo subclass, not <matplotlib.category.UnitData object at 0x14f6346b0>.
2025-04-22 16:00:06,396 - industry_trend_analysis - ERROR - Error visualizing trends for Mobility & Transportation: tz must be string or tzinfo subclass, not <matplotlib.category.UnitData object at 0x14f28c6b0>.
2025-04-22 16:00:07,456 - industry_trend_analysis - ERROR - Error visualizing trends for Robotics & Automation: tz must be string or tzinfo subclass, not <matplotlib.category.UnitData object at 0x148b346b0>.
2025-04-22 16:00:09,000 - industry_trend_analysis - ERROR - Error visualizing trends for Security & Cybersecurity: tz must be string or tzinfo subclass, not <matplotlib.category.UnitData object at 0x148bc0230>.
2025-04-22 16:00:10,069 - industry_trend_analysis - ERROR - Error visualizing trends for Social Media & Community: tz must be string or tzinfo subclass, not <matplotlib.category.UnitData object at 0x148912720>.
2025-04-22 16:00:11,438 - industry_trend_analysis - ERROR - Error visualizing trends for Telecommunications: tz must be string or tzinfo subclass, not <matplotlib.category.UnitData object at 0x14e6e8410>.
2025-04-22 16:00:12,599 - industry_trend_analysis - ERROR - Error visualizing trends for Travel & Hospitality: tz must be string or tzinfo subclass, not <matplotlib.category.UnitData object at 0x14f7bc6b0>.
2025-04-22 16:00:13,292 - industry_trend_analysis - ERROR - Error visualizing trends for airlines/aviation: [Errno 2] No such file or directory: './outputIndustryTrends/industry_trends/airlines/aviation_decomposition.png'
2025-04-22 16:00:14,377 - industry_trend_analysis - ERROR - Error visualizing trends for apparel & fashion: tz must be string or tzinfo subclass, not <matplotlib.category.UnitData object at 0x1489b0410>.
2025-04-22 16:00:15,427 - industry_trend_analysis - ERROR - Error visualizing trends for automotive: tz must be string or tzinfo subclass, not <matplotlib.category.UnitData object at 0x14f0a2d20>.
2025-04-22 16:00:16,513 - industry_trend_analysis - ERROR - Error visualizing trends for aviation & aerospace: tz must be string or tzinfo subclass, not <matplotlib.category.UnitData object at 0x14e76c6b0>.
2025-04-22 16:00:17,685 - industry_trend_analysis - ERROR - Error visualizing trends for banking: tz must be string or tzinfo subclass, not <matplotlib.category.UnitData object at 0x14f8946b0>.
2025-04-22 16:00:18,549 - industry_trend_analysis - ERROR - Error visualizing trends for biotechnology: tz must be string or tzinfo subclass, not <matplotlib.category.UnitData object at 0x14e696c60>.
2025-04-22 16:00:19,786 - industry_trend_analysis - ERROR - Error visualizing trends for building materials: tz must be string or tzinfo subclass, not <matplotlib.category.UnitData object at 0x14f99aa50>.
2025-04-22 16:00:21,064 - industry_trend_analysis - ERROR - Error visualizing trends for chemicals: tz must be string or tzinfo subclass, not <matplotlib.category.UnitData object at 0x14fbac6b0>.
2025-04-22 16:00:21,926 - industry_trend_analysis - ERROR - Error visualizing trends for computer & network security: tz must be string or tzinfo subclass, not <matplotlib.category.UnitData object at 0x14f99ad20>.
2025-04-22 16:00:23,155 - industry_trend_analysis - ERROR - Error visualizing trends for computer games: tz must be string or tzinfo subclass, not <matplotlib.category.UnitData object at 0x1489b2a50>.
2025-04-22 16:00:24,236 - industry_trend_analysis - ERROR - Error visualizing trends for computer hardware: tz must be string or tzinfo subclass, not <matplotlib.category.UnitData object at 0x14f598410>.
2025-04-22 16:00:25,574 - industry_trend_analysis - ERROR - Error visualizing trends for computer networking: tz must be string or tzinfo subclass, not <matplotlib.category.UnitData object at 0x148eac6b0>.
2025-04-22 16:00:27,272 - industry_trend_analysis - ERROR - Error visualizing trends for computer software: tz must be string or tzinfo subclass, not <matplotlib.category.UnitData object at 0x14fe66660>.
2025-04-22 16:00:28,541 - industry_trend_analysis - ERROR - Error visualizing trends for construction: tz must be string or tzinfo subclass, not <matplotlib.category.UnitData object at 0x15ca1c6b0>.
2025-04-22 16:00:29,956 - industry_trend_analysis - ERROR - Error visualizing trends for consumer services: tz must be string or tzinfo subclass, not <matplotlib.category.UnitData object at 0x1489da720>.
2025-04-22 16:00:31,156 - industry_trend_analysis - ERROR - Error visualizing trends for defense & space: tz must be string or tzinfo subclass, not <matplotlib.category.UnitData object at 0x1489046b0>.
2025-04-22 16:00:31,970 - industry_trend_analysis - ERROR - Error visualizing trends for design: tz must be string or tzinfo subclass, not <matplotlib.category.UnitData object at 0x148af2720>.
2025-04-22 16:00:33,257 - industry_trend_analysis - ERROR - Error visualizing trends for e-learning: tz must be string or tzinfo subclass, not <matplotlib.category.UnitData object at 0x148b1c6b0>.
2025-04-22 16:00:34,220 - industry_trend_analysis - ERROR - Error visualizing trends for education management: tz must be string or tzinfo subclass, not <matplotlib.category.UnitData object at 0x14facc6b0>.
2025-04-22 16:00:34,674 - industry_trend_analysis - ERROR - Error visualizing trends for electrical/electronic manufacturing: [Errno 2] No such file or directory: './outputIndustryTrends/industry_trends/electrical/electronic manufacturing_decomposition.png'
2025-04-22 16:00:36,464 - industry_trend_analysis - ERROR - Error visualizing trends for entertainment: tz must be string or tzinfo subclass, not <matplotlib.category.UnitData object at 0x14f020230>.
2025-04-22 16:00:38,287 - industry_trend_analysis - ERROR - Error visualizing trends for environmental services: tz must be string or tzinfo subclass, not <matplotlib.category.UnitData object at 0x15cb26e40>.
2025-04-22 16:00:39,247 - industry_trend_analysis - ERROR - Error visualizing trends for farming: tz must be string or tzinfo subclass, not <matplotlib.category.UnitData object at 0x14f238230>.
2025-04-22 16:00:40,348 - industry_trend_analysis - ERROR - Error visualizing trends for financial services: tz must be string or tzinfo subclass, not <matplotlib.category.UnitData object at 0x14f68c6b0>.
2025-04-22 16:00:41,158 - industry_trend_analysis - ERROR - Error visualizing trends for food & beverages: tz must be string or tzinfo subclass, not <matplotlib.category.UnitData object at 0x14fd046b0>.
2025-04-22 16:00:42,163 - industry_trend_analysis - ERROR - Error visualizing trends for food production: tz must be string or tzinfo subclass, not <matplotlib.category.UnitData object at 0x15cda8230>.
2025-04-22 16:00:43,961 - industry_trend_analysis - ERROR - Error visualizing trends for fund-raising: tz must be string or tzinfo subclass, not <matplotlib.category.UnitData object at 0x15cecad20>.
2025-04-22 16:00:45,914 - industry_trend_analysis - ERROR - Error visualizing trends for government administration: tz must be string or tzinfo subclass, not <matplotlib.category.UnitData object at 0x14f7f8410>.
2025-04-22 16:00:47,388 - industry_trend_analysis - ERROR - Error visualizing trends for higher education: tz must be string or tzinfo subclass, not <matplotlib.category.UnitData object at 0x148d12720>.
2025-04-22 16:00:48,306 - industry_trend_analysis - ERROR - Error visualizing trends for hospital & health care: tz must be string or tzinfo subclass, not <matplotlib.category.UnitData object at 0x14e6646b0>.
2025-04-22 16:00:49,382 - industry_trend_analysis - ERROR - Error visualizing trends for hospitality: tz must be string or tzinfo subclass, not <matplotlib.category.UnitData object at 0x14e7c2d20>.
2025-04-22 16:00:51,048 - industry_trend_analysis - ERROR - Error visualizing trends for individual & family services: tz must be string or tzinfo subclass, not <matplotlib.category.UnitData object at 0x148f446b0>.
2025-04-22 16:00:51,880 - industry_trend_analysis - ERROR - Error visualizing trends for industrial automation: tz must be string or tzinfo subclass, not <matplotlib.category.UnitData object at 0x14e5f0230>.
2025-04-22 16:00:52,797 - industry_trend_analysis - ERROR - Error visualizing trends for information services: tz must be string or tzinfo subclass, not <matplotlib.category.UnitData object at 0x148b4a720>.
2025-04-22 16:00:53,607 - industry_trend_analysis - ERROR - Error visualizing trends for information technology & services: tz must be string or tzinfo subclass, not <matplotlib.category.UnitData object at 0x15cba46b0>.
2025-04-22 16:00:54,420 - industry_trend_analysis - ERROR - Error visualizing trends for insurance: tz must be string or tzinfo subclass, not <matplotlib.category.UnitData object at 0x15e1bc6b0>.
2025-04-22 16:00:55,796 - industry_trend_analysis - ERROR - Error visualizing trends for internet: tz must be string or tzinfo subclass, not <matplotlib.category.UnitData object at 0x15e00ad20>.
2025-04-22 16:00:57,144 - industry_trend_analysis - ERROR - Error visualizing trends for investment management: tz must be string or tzinfo subclass, not <matplotlib.category.UnitData object at 0x15cf45e80>.
2025-04-22 16:00:58,067 - industry_trend_analysis - ERROR - Error visualizing trends for legal services: tz must be string or tzinfo subclass, not <matplotlib.category.UnitData object at 0x148b08230>.
2025-04-22 16:00:58,869 - industry_trend_analysis - ERROR - Error visualizing trends for logistics & supply chain: tz must be string or tzinfo subclass, not <matplotlib.category.UnitData object at 0x148c4ad20>.
2025-04-22 16:00:59,666 - industry_trend_analysis - ERROR - Error visualizing trends for machinery: tz must be string or tzinfo subclass, not <matplotlib.category.UnitData object at 0x15cc646b0>.
2025-04-22 16:01:00,887 - industry_trend_analysis - ERROR - Error visualizing trends for management consulting: tz must be string or tzinfo subclass, not <matplotlib.category.UnitData object at 0x148c1a720>.
2025-04-22 16:01:02,299 - industry_trend_analysis - ERROR - Error visualizing trends for maritime: tz must be string or tzinfo subclass, not <matplotlib.category.UnitData object at 0x14fd5c410>.
2025-04-22 16:01:03,669 - industry_trend_analysis - ERROR - Error visualizing trends for market research: tz must be string or tzinfo subclass, not <matplotlib.category.UnitData object at 0x15cee5e80>.
2025-04-22 16:01:04,566 - industry_trend_analysis - ERROR - Error visualizing trends for marketing & advertising: tz must be string or tzinfo subclass, not <matplotlib.category.UnitData object at 0x148d28230>.
2025-04-22 16:01:05,412 - industry_trend_analysis - ERROR - Error visualizing trends for mechanical or industrial engineering: tz must be string or tzinfo subclass, not <matplotlib.category.UnitData object at 0x15cf20230>.
2025-04-22 16:01:06,733 - industry_trend_analysis - ERROR - Error visualizing trends for media production: tz must be string or tzinfo subclass, not <matplotlib.category.UnitData object at 0x14f68e810>.
2025-04-22 16:01:07,592 - industry_trend_analysis - ERROR - Error visualizing trends for medical devices: tz must be string or tzinfo subclass, not <matplotlib.category.UnitData object at 0x14e62ad20>.
2025-04-22 16:01:08,726 - industry_trend_analysis - ERROR - Error visualizing trends for medical practice: tz must be string or tzinfo subclass, not <matplotlib.category.UnitData object at 0x15caac6b0>.
2025-04-22 16:01:09,710 - industry_trend_analysis - ERROR - Error visualizing trends for mental health care: tz must be string or tzinfo subclass, not <matplotlib.category.UnitData object at 0x14fc52a50>.
2025-04-22 16:01:10,573 - industry_trend_analysis - ERROR - Error visualizing trends for mining & metals: tz must be string or tzinfo subclass, not <matplotlib.category.UnitData object at 0x148f504a0>.
2025-04-22 16:01:11,777 - industry_trend_analysis - ERROR - Error visualizing trends for museums & institutions: tz must be string or tzinfo subclass, not <matplotlib.category.UnitData object at 0x14fd06e40>.
2025-04-22 16:01:13,035 - industry_trend_analysis - ERROR - Error visualizing trends for music: tz must be string or tzinfo subclass, not <matplotlib.category.UnitData object at 0x15cda8410>.
2025-04-22 16:01:13,912 - industry_trend_analysis - ERROR - Error visualizing trends for nanotechnology: tz must be string or tzinfo subclass, not <matplotlib.category.UnitData object at 0x15e008230>.
2025-04-22 16:01:14,860 - industry_trend_analysis - ERROR - Error visualizing trends for nonprofit organization management: tz must be string or tzinfo subclass, not <matplotlib.category.UnitData object at 0x14f2fc6b0>.
2025-04-22 16:01:16,092 - industry_trend_analysis - ERROR - Error visualizing trends for oil & energy: tz must be string or tzinfo subclass, not <matplotlib.category.UnitData object at 0x15ca52d20>.
2025-04-22 16:01:17,162 - industry_trend_analysis - ERROR - Error visualizing trends for online media: tz must be string or tzinfo subclass, not <matplotlib.category.UnitData object at 0x15e49c6b0>.
2025-04-22 16:01:17,976 - industry_trend_analysis - ERROR - Error visualizing trends for packaging & containers: tz must be string or tzinfo subclass, not <matplotlib.category.UnitData object at 0x14f571310>.
2025-04-22 16:01:19,102 - industry_trend_analysis - ERROR - Error visualizing trends for performing arts: tz must be string or tzinfo subclass, not <matplotlib.category.UnitData object at 0x14e7a46b0>.
2025-04-22 16:01:20,038 - industry_trend_analysis - ERROR - Error visualizing trends for pharmaceuticals: tz must be string or tzinfo subclass, not <matplotlib.category.UnitData object at 0x14f1e46b0>.
2025-04-22 16:01:20,409 - industry_trend_analysis - ERROR - Error visualizing trends for primary/secondary education: [Errno 2] No such file or directory: './outputIndustryTrends/industry_trends/primary/secondary education_decomposition.png'
2025-04-22 16:01:21,286 - industry_trend_analysis - ERROR - Error visualizing trends for professional training & coaching: tz must be string or tzinfo subclass, not <matplotlib.category.UnitData object at 0x15e63ad20>.
2025-04-22 16:01:22,444 - industry_trend_analysis - ERROR - Error visualizing trends for public safety: tz must be string or tzinfo subclass, not <matplotlib.category.UnitData object at 0x15e772d20>.
2025-04-22 16:01:24,067 - industry_trend_analysis - ERROR - Error visualizing trends for real estate: tz must be string or tzinfo subclass, not <matplotlib.category.UnitData object at 0x148d90410>.
2025-04-22 16:01:25,166 - industry_trend_analysis - ERROR - Error visualizing trends for renewables & environment: tz must be string or tzinfo subclass, not <matplotlib.category.UnitData object at 0x14e7c2720>.
2025-04-22 16:01:26,254 - industry_trend_analysis - ERROR - Error visualizing trends for research: tz must be string or tzinfo subclass, not <matplotlib.category.UnitData object at 0x15e5a6660>.
2025-04-22 16:01:27,148 - industry_trend_analysis - ERROR - Error visualizing trends for restaurants: tz must be string or tzinfo subclass, not <matplotlib.category.UnitData object at 0x15e472a50>.
2025-04-22 16:01:27,885 - industry_trend_analysis - ERROR - Error visualizing trends for retail: tz must be string or tzinfo subclass, not <matplotlib.category.UnitData object at 0x15e8a5e80>.
2025-04-22 16:01:29,113 - industry_trend_analysis - ERROR - Error visualizing trends for semiconductors: tz must be string or tzinfo subclass, not <matplotlib.category.UnitData object at 0x15e512d20>.
2025-04-22 16:01:30,504 - industry_trend_analysis - ERROR - Error visualizing trends for sports: tz must be string or tzinfo subclass, not <matplotlib.category.UnitData object at 0x15cd38410>.
2025-04-22 16:01:31,730 - industry_trend_analysis - ERROR - Error visualizing trends for telecommunications: tz must be string or tzinfo subclass, not <matplotlib.category.UnitData object at 0x15e4fc6b0>.
2025-04-22 16:01:32,151 - industry_trend_analysis - ERROR - Error visualizing trends for transportation/trucking/railroad: [Errno 2] No such file or directory: './outputIndustryTrends/industry_trends/transportation/trucking/railroad_decomposition.png'
2025-04-22 16:01:33,141 - industry_trend_analysis - ERROR - Error visualizing trends for utilities: tz must be string or tzinfo subclass, not <matplotlib.category.UnitData object at 0x15e770230>.
2025-04-22 16:01:34,236 - industry_trend_analysis - ERROR - Error visualizing trends for venture capital & private equity: tz must be string or tzinfo subclass, not <matplotlib.category.UnitData object at 0x15ec66030>.
2025-04-22 16:01:35,132 - industry_trend_analysis - ERROR - Error visualizing trends for veterinary: tz must be string or tzinfo subclass, not <matplotlib.category.UnitData object at 0x15eb046b0>.
2025-04-22 16:01:35,799 - industry_trend_analysis - ERROR - Error visualizing trends for wellness & fitness: tz must be string or tzinfo subclass, not <matplotlib.category.UnitData object at 0x15ec30230>.
2025-04-22 16:01:36,460 - industry_trend_analysis - ERROR - Error visualizing trends for wholesale: tz must be string or tzinfo subclass, not <matplotlib.category.UnitData object at 0x15ec146b0>.
2025-04-22 16:01:37,105 - industry_trend_analysis - ERROR - Error visualizing trends for wireless: tz must be string or tzinfo subclass, not <matplotlib.category.UnitData object at 0x14f42ad20>.
2025-04-22 16:01:37,105 - industry_trend_analysis - INFO - Saved industry trend visualizations to ./outputIndustryTrends/industry_trends/
2025-04-22 16:01:37,105 - industry_trend_analysis - INFO - Generating emerging industries visualization
2025-04-22 16:01:37,425 - industry_trend_analysis - INFO - Saved emerging industries visualization to ./outputIndustryTrends
2025-04-22 16:01:37,425 - industry_trend_analysis - INFO - Generating saturated industries visualization
2025-04-22 16:01:37,720 - industry_trend_analysis - INFO - Saved saturated industries visualization to ./outputIndustryTrends
2025-04-22 16:01:37,720 - industry_trend_analysis - INFO - Generating funding concentration visualization
2025-04-22 16:01:38,064 - industry_trend_analysis - INFO - Saved funding concentration visualization to ./outputIndustryTrends
2025-04-22 16:01:38,064 - industry_trend_analysis - INFO - Generating industry comparison visualization
2025-04-22 16:01:38,888 - industry_trend_analysis - INFO - Saved industry comparison visualizations to ./outputIndustryTrends
2025-04-22 16:01:38,889 - industry_trend_analysis - INFO - Generating industry trend report
2025-04-22 16:01:38,890 - industry_trend_analysis - INFO - Saved industry trend report to ./outputIndustryTrends/industry_trend_report.txt
2025-04-22 16:01:38,890 - industry_trend_analysis - INFO - Saving model to ./outputIndustryTrends/industry_trend_model.pkl
2025-04-22 16:01:39,167 - industry_trend_analysis - INFO - Model saved successfully to ./outputIndustryTrends/industry_trend_model.pkl
2025-04-22 16:01:39,167 - industry_trend_analysis - INFO - Industry trend analysis completed successfully
2025-04-22 17:03:33,552 - industry_trend_analysis - INFO - Industry Trend Analysis initialized
2025-04-22 17:03:33,562 - industry_trend_analysis - WARNING - Could not load industry mappings: 'IndustryTrendAnalysis' object has no attribute '_load_industry_mappings'
2025-04-22 17:03:33,562 - industry_trend_analysis - INFO - Starting industry trend analysis pipeline
2025-04-22 17:03:33,562 - industry_trend_analysis - INFO - Loading data from JSON files
2025-04-22 17:03:33,572 - industry_trend_analysis - INFO - Loaded 1103 records from fundraiser data
2025-04-22 17:03:33,573 - industry_trend_analysis - INFO - Loaded 100 records from growthlist data
2025-04-22 17:03:33,575 - industry_trend_analysis - INFO - Loaded 546 records from topstartup data
2025-04-22 17:03:33,582 - industry_trend_analysis - INFO - Created DataFrame with 1749 records and 27 columns
2025-04-22 17:03:33,583 - industry_trend_analysis - INFO - Standardizing DataFrame
2025-04-22 17:03:33,587 - industry_trend_analysis - WARNING - Still have duplicate columns after renaming: ['company_name', 'industry', 'funding_stage', 'funding_date', 'employees']
2025-04-22 17:03:33,637 - industry_trend_analysis - INFO - Standardizing DataFrame
2025-04-22 17:03:33,653 - industry_trend_analysis - INFO - Normalizing industry categories
2025-04-22 17:03:33,660 - industry_trend_analysis - INFO - Normalized to 115 industry categories
2025-04-22 17:03:33,662 - industry_trend_analysis - INFO - Creating trend features for analysis
2025-04-22 17:03:34,650 - industry_trend_analysis - INFO - Created time series features with 15 time periods
2025-04-22 17:03:34,651 - industry_trend_analysis - INFO - Applying STL decomposition for trend analysis
2025-04-22 17:03:34,895 - industry_trend_analysis - INFO - Completed trend analysis for 103 industries
2025-04-22 17:03:34,895 - industry_trend_analysis - INFO - Identifying emerging industries
2025-04-22 17:03:34,906 - industry_trend_analysis - INFO - Identified 18 emerging industries
2025-04-22 17:03:34,906 - industry_trend_analysis - INFO - Identifying saturated industries
2025-04-22 17:03:34,935 - industry_trend_analysis - INFO - Identified 0 potentially saturated industries
2025-04-22 17:04:07,817 - industry_trend_analysis - INFO - Industry trend visualizations saved to outputs/industry_trends
2025-04-22 17:04:08,127 - industry_trend_analysis - INFO - Created emerging industries visualization with 18 industries
2025-04-22 17:04:08,127 - industry_trend_analysis - INFO - Emerging industries visualization saved to outputs/industry_trends
2025-04-22 17:04:08,127 - industry_trend_analysis - WARNING - No saturated industries to visualize
2025-04-22 17:04:08,127 - industry_trend_analysis - INFO - Saturated industries visualization saved to outputs/industry_trends
2025-04-22 17:04:08,130 - industry_trend_analysis - INFO - Generated industry trend report: outputs/industry_trends/industry_trend_report.html
2025-04-22 17:04:08,130 - industry_trend_analysis - INFO - Industry trend report generated: outputs/industry_trends/industry_trend_report.html
2025-04-22 17:06:20,063 - industry_trend_analysis - INFO - Industry Trend Analysis initialized
2025-04-22 17:06:20,066 - industry_trend_analysis - WARNING - Could not load industry mappings: 'IndustryTrendAnalysis' object has no attribute '_load_industry_mappings'
2025-04-22 17:06:20,066 - industry_trend_analysis - INFO - Starting industry trend analysis pipeline
2025-04-22 17:06:20,066 - industry_trend_analysis - INFO - Loading data from JSON files
2025-04-22 17:06:20,069 - industry_trend_analysis - INFO - Loaded 1103 records from fundraiser data
2025-04-22 17:06:20,070 - industry_trend_analysis - INFO - Loaded 100 records from growthlist data
2025-04-22 17:06:20,072 - industry_trend_analysis - INFO - Loaded 546 records from topstartup data
2025-04-22 17:06:20,083 - industry_trend_analysis - INFO - Created DataFrame with 1749 records and 27 columns
2025-04-22 17:06:20,083 - industry_trend_analysis - INFO - Standardizing DataFrame
2025-04-22 17:06:20,088 - industry_trend_analysis - WARNING - Still have duplicate columns after renaming: ['company_name', 'industry', 'funding_stage', 'funding_date', 'employees']
2025-04-22 17:06:20,132 - industry_trend_analysis - INFO - Standardizing DataFrame
2025-04-22 17:06:20,137 - industry_trend_analysis - INFO - Normalizing industry categories
2025-04-22 17:06:20,140 - industry_trend_analysis - INFO - Normalized to 115 industry categories
2025-04-22 17:06:20,141 - industry_trend_analysis - INFO - Creating trend features for analysis
2025-04-22 17:06:20,526 - industry_trend_analysis - INFO - Created time series features with 15 time periods
2025-04-22 17:06:20,527 - industry_trend_analysis - INFO - Applying STL decomposition for trend analysis
2025-04-22 17:06:20,688 - industry_trend_analysis - INFO - Completed trend analysis for 104 industries
2025-04-22 17:06:20,688 - industry_trend_analysis - INFO - Identifying emerging industries
2025-04-22 17:06:20,692 - industry_trend_analysis - INFO - Identified 19 emerging industries
2025-04-22 17:06:20,692 - industry_trend_analysis - INFO - Identifying saturated industries
2025-04-22 17:06:20,696 - industry_trend_analysis - INFO - Identified 0 potentially saturated industries
2025-04-22 17:06:50,268 - industry_trend_analysis - INFO - Industry trend visualizations saved to outputs/industry_trends
2025-04-22 17:06:50,397 - industry_trend_analysis - INFO - Created emerging industries visualization with 19 industries
2025-04-22 17:06:50,397 - industry_trend_analysis - INFO - Emerging industries visualization saved to outputs/industry_trends
2025-04-22 17:06:50,397 - industry_trend_analysis - WARNING - No saturated industries to visualize
2025-04-22 17:06:50,397 - industry_trend_analysis - INFO - Saturated industries visualization saved to outputs/industry_trends
2025-04-22 17:06:50,401 - industry_trend_analysis - INFO - Generated industry trend report: outputs/industry_trends/industry_trend_report.html
2025-04-22 17:06:50,401 - industry_trend_analysis - INFO - Industry trend report generated: outputs/industry_trends/industry_trend_report.html
2025-04-22 17:10:58,723 - industry_trend_analysis - INFO - Industry Trend Analysis initialized
2025-04-22 17:10:58,724 - industry_trend_analysis - INFO - Created default industry mappings at /Users/hk/Downloads/DSFinalYearProject/outputIndustryTrends/industry_mappings.json
2025-04-22 17:10:58,724 - industry_trend_analysis - INFO - Starting industry trend analysis pipeline
2025-04-22 17:10:58,724 - industry_trend_analysis - INFO - Loading data from JSON files
2025-04-22 17:10:58,728 - industry_trend_analysis - INFO - Loaded 1103 records from fundraiser data
2025-04-22 17:10:58,729 - industry_trend_analysis - INFO - Loaded 100 records from growthlist data
2025-04-22 17:10:58,730 - industry_trend_analysis - INFO - Loaded 546 records from topstartup data
2025-04-22 17:10:58,737 - industry_trend_analysis - INFO - Created DataFrame with 1749 records and 27 columns
2025-04-22 17:10:58,737 - industry_trend_analysis - INFO - Standardizing DataFrame
2025-04-22 17:10:58,741 - industry_trend_analysis - INFO - Handling duplicate columns: ['company_name', 'industry', 'funding_stage', 'funding_date', 'employees']
2025-04-22 17:10:58,743 - industry_trend_analysis - ERROR - Error in _standardize_dataframe: Cannot set a DataFrame with multiple columns to the single column company_name_merged
2025-04-22 17:10:58,747 - industry_trend_analysis - ERROR - Traceback: Traceback (most recent call last):
  File "/Users/hk/Downloads/DSFinalYearProject/MLPredictiveAnalysis/industry_trend_analysis.py", line 317, in _standardize_dataframe
    df[temp_col_name] = df[dup_cols[0]]
    ~~^^^^^^^^^^^^^^^
  File "/Users/hk/Downloads/DSFinalYearProject/.venv/lib/python3.12/site-packages/pandas/core/frame.py", line 4301, in __setitem__
    self._set_item_frame_value(key, value)
  File "/Users/hk/Downloads/DSFinalYearProject/.venv/lib/python3.12/site-packages/pandas/core/frame.py", line 4459, in _set_item_frame_value
    raise ValueError(
ValueError: Cannot set a DataFrame with multiple columns to the single column company_name_merged

2025-04-22 17:10:58,749 - industry_trend_analysis - INFO - Standardizing DataFrame
2025-04-22 17:10:58,751 - industry_trend_analysis - INFO - Handling duplicate columns: ['company_name', 'industry', 'funding_stage', 'funding_date', 'employees']
2025-04-22 17:10:58,751 - industry_trend_analysis - ERROR - Error in _standardize_dataframe: Cannot set a DataFrame with multiple columns to the single column company_name_merged
2025-04-22 17:10:58,752 - industry_trend_analysis - ERROR - Traceback: Traceback (most recent call last):
  File "/Users/hk/Downloads/DSFinalYearProject/MLPredictiveAnalysis/industry_trend_analysis.py", line 317, in _standardize_dataframe
    df[temp_col_name] = df[dup_cols[0]]
    ~~^^^^^^^^^^^^^^^
  File "/Users/hk/Downloads/DSFinalYearProject/.venv/lib/python3.12/site-packages/pandas/core/frame.py", line 4301, in __setitem__
    self._set_item_frame_value(key, value)
  File "/Users/hk/Downloads/DSFinalYearProject/.venv/lib/python3.12/site-packages/pandas/core/frame.py", line 4459, in _set_item_frame_value
    raise ValueError(
ValueError: Cannot set a DataFrame with multiple columns to the single column company_name_merged

2025-04-22 17:10:58,752 - industry_trend_analysis - INFO - Normalizing industry categories
2025-04-22 17:10:58,757 - industry_trend_analysis - INFO - Normalized to 1 industry categories
2025-04-22 17:10:58,757 - industry_trend_analysis - INFO - Creating trend features for analysis
2025-04-22 17:10:58,759 - industry_trend_analysis - ERROR - Error in industry trend analysis pipeline: cannot assemble with duplicate keys
2025-04-22 17:10:58,761 - industry_trend_analysis - ERROR - Traceback (most recent call last):
  File "/Users/hk/Downloads/DSFinalYearProject/MLPredictiveAnalysis/industry_trend_analysis.py", line 1474, in run_analysis
    trend_features, enhanced_data = self.create_trend_features(normalized_data)
                                    ^^^^^^^^^^^^^^^^^^^^^^^^^^^^^^^^^^^^^^^^^^^
  File "/Users/hk/Downloads/DSFinalYearProject/MLPredictiveAnalysis/industry_trend_analysis.py", line 688, in create_trend_features
    df['funding_date'] = pd.to_datetime(df['funding_date'], errors='coerce')
                         ^^^^^^^^^^^^^^^^^^^^^^^^^^^^^^^^^^^^^^^^^^^^^^^^^^^
  File "/Users/hk/Downloads/DSFinalYearProject/.venv/lib/python3.12/site-packages/pandas/core/tools/datetimes.py", line 1070, in to_datetime
    result = _assemble_from_unit_mappings(arg, errors, utc)
             ^^^^^^^^^^^^^^^^^^^^^^^^^^^^^^^^^^^^^^^^^^^^^^
  File "/Users/hk/Downloads/DSFinalYearProject/.venv/lib/python3.12/site-packages/pandas/core/tools/datetimes.py", line 1165, in _assemble_from_unit_mappings
    raise ValueError("cannot assemble with duplicate keys")
ValueError: cannot assemble with duplicate keys

2025-04-22 17:11:39,430 - industry_trend_analysis - INFO - Industry Trend Analysis initialized
2025-04-22 17:11:39,432 - industry_trend_analysis - INFO - Loaded industry mappings from /Users/hk/Downloads/DSFinalYearProject/outputIndustryTrends/industry_mappings.json
2025-04-22 17:11:39,432 - industry_trend_analysis - INFO - Starting industry trend analysis pipeline
2025-04-22 17:11:39,432 - industry_trend_analysis - INFO - Loading data from JSON files
2025-04-22 17:11:39,436 - industry_trend_analysis - INFO - Loaded 1103 records from fundraiser data
2025-04-22 17:11:39,436 - industry_trend_analysis - INFO - Loaded 100 records from growthlist data
2025-04-22 17:11:39,439 - industry_trend_analysis - INFO - Loaded 546 records from topstartup data
2025-04-22 17:11:39,446 - industry_trend_analysis - INFO - Created DataFrame with 1749 records and 27 columns
2025-04-22 17:11:39,446 - industry_trend_analysis - INFO - Standardizing DataFrame
2025-04-22 17:11:39,448 - industry_trend_analysis - INFO - Handling duplicate column: company_name
2025-04-22 17:11:39,451 - industry_trend_analysis - INFO - Handling duplicate column: employees
2025-04-22 17:11:39,452 - industry_trend_analysis - INFO - Handling duplicate column: industry
2025-04-22 17:11:39,454 - industry_trend_analysis - INFO - Handling duplicate column: funding_date
2025-04-22 17:11:39,454 - industry_trend_analysis - INFO - Handling duplicate column: funding_stage
2025-04-22 17:11:39,468 - industry_trend_analysis - INFO - DataFrame standardization complete. Result has 1749 rows and 25 columns
2025-04-22 17:11:39,468 - industry_trend_analysis - INFO - Standardizing DataFrame
2025-04-22 17:11:39,476 - industry_trend_analysis - INFO - DataFrame standardization complete. Result has 1749 rows and 25 columns
2025-04-22 17:11:39,476 - industry_trend_analysis - INFO - Normalizing industry categories
2025-04-22 17:11:39,478 - industry_trend_analysis - INFO - Normalized to 132 industry categories
2025-04-22 17:11:39,478 - industry_trend_analysis - INFO - Creating trend features for analysis
2025-04-22 17:11:39,805 - industry_trend_analysis - INFO - Created time series features with 15 time periods
2025-04-22 17:11:39,806 - industry_trend_analysis - INFO - Applying STL decomposition for trend analysis
2025-04-22 17:11:39,969 - industry_trend_analysis - INFO - Completed trend analysis for 113 industries
2025-04-22 17:11:39,969 - industry_trend_analysis - INFO - Identifying emerging industries
2025-04-22 17:11:39,973 - industry_trend_analysis - INFO - Identified 25 emerging industries
2025-04-22 17:11:39,973 - industry_trend_analysis - INFO - Identifying saturated industries
2025-04-22 17:11:39,976 - industry_trend_analysis - INFO - Identified 1 potentially saturated industries
2025-04-22 17:12:01,392 - industry_trend_analysis - INFO - Industry trend visualizations saved to outputs/industry_trends
2025-04-22 17:12:01,582 - industry_trend_analysis - INFO - Created emerging industries visualization with 25 industries
2025-04-22 17:12:01,582 - industry_trend_analysis - INFO - Emerging industries visualization saved to outputs/industry_trends
2025-04-22 17:12:01,657 - industry_trend_analysis - INFO - Created saturated industries visualization with 1 industries
2025-04-22 17:12:01,658 - industry_trend_analysis - INFO - Saturated industries visualization saved to outputs/industry_trends
2025-04-22 17:12:01,660 - industry_trend_analysis - INFO - Generated industry trend report: outputs/industry_trends/industry_trend_report.html
2025-04-22 17:12:01,660 - industry_trend_analysis - INFO - Industry trend report generated: outputs/industry_trends/industry_trend_report.html
2025-04-22 17:12:13,637 - industry_trend_analysis - INFO - Industry Trend Analysis initialized
2025-04-22 17:12:13,638 - industry_trend_analysis - INFO - Loaded industry mappings from ./outputIndustryTrends/industry_mappings.json
2025-04-22 17:12:13,638 - industry_trend_analysis - INFO - Starting industry trend analysis pipeline
2025-04-22 17:12:13,638 - industry_trend_analysis - INFO - Loading data from JSON files
2025-04-22 17:12:13,642 - industry_trend_analysis - INFO - Loaded 1103 records from fundraiser data
2025-04-22 17:12:13,643 - industry_trend_analysis - INFO - Loaded 100 records from growthlist data
2025-04-22 17:12:13,645 - industry_trend_analysis - INFO - Loaded 546 records from topstartup data
2025-04-22 17:12:13,650 - industry_trend_analysis - INFO - Created DataFrame with 1749 records and 27 columns
2025-04-22 17:12:13,650 - industry_trend_analysis - INFO - Standardizing DataFrame
2025-04-22 17:12:13,651 - industry_trend_analysis - INFO - Handling duplicate column: company_name
2025-04-22 17:12:13,653 - industry_trend_analysis - INFO - Handling duplicate column: employees
2025-04-22 17:12:13,654 - industry_trend_analysis - INFO - Handling duplicate column: industry
2025-04-22 17:12:13,655 - industry_trend_analysis - INFO - Handling duplicate column: funding_date
2025-04-22 17:12:13,657 - industry_trend_analysis - INFO - Handling duplicate column: funding_stage
2025-04-22 17:12:13,670 - industry_trend_analysis - INFO - DataFrame standardization complete. Result has 1749 rows and 25 columns
2025-04-22 17:12:13,670 - industry_trend_analysis - INFO - Standardizing DataFrame
2025-04-22 17:12:13,677 - industry_trend_analysis - INFO - DataFrame standardization complete. Result has 1749 rows and 25 columns
2025-04-22 17:12:13,678 - industry_trend_analysis - INFO - Normalizing industry categories
2025-04-22 17:12:13,680 - industry_trend_analysis - INFO - Normalized to 132 industry categories
2025-04-22 17:12:13,680 - industry_trend_analysis - INFO - Creating trend features for analysis
2025-04-22 17:12:14,030 - industry_trend_analysis - INFO - Created time series features with 15 time periods
2025-04-22 17:12:14,031 - industry_trend_analysis - INFO - Applying STL decomposition for trend analysis
2025-04-22 17:12:14,199 - industry_trend_analysis - INFO - Completed trend analysis for 113 industries
2025-04-22 17:12:14,199 - industry_trend_analysis - INFO - Identifying emerging industries
2025-04-22 17:12:14,203 - industry_trend_analysis - INFO - Identified 25 emerging industries
2025-04-22 17:12:14,203 - industry_trend_analysis - INFO - Identifying saturated industries
2025-04-22 17:12:14,206 - industry_trend_analysis - INFO - Identified 1 potentially saturated industries
2025-04-22 17:12:37,770 - industry_trend_analysis - INFO - Industry trend visualizations saved to outputs/industry_trends
2025-04-22 17:12:37,958 - industry_trend_analysis - INFO - Created emerging industries visualization with 25 industries
2025-04-22 17:12:37,959 - industry_trend_analysis - INFO - Emerging industries visualization saved to outputs/industry_trends
2025-04-22 17:12:38,038 - industry_trend_analysis - INFO - Created saturated industries visualization with 1 industries
2025-04-22 17:12:38,038 - industry_trend_analysis - INFO - Saturated industries visualization saved to outputs/industry_trends
2025-04-22 17:12:38,042 - industry_trend_analysis - INFO - Generated industry trend report: outputs/industry_trends/industry_trend_report.html
2025-04-22 17:12:38,042 - industry_trend_analysis - INFO - Industry trend report generated: outputs/industry_trends/industry_trend_report.html
2025-04-22 17:17:15,308 - industry_trend_analysis - INFO - Industry Trend Analysis initialized
2025-04-22 17:17:15,310 - industry_trend_analysis - INFO - Loaded industry mappings from /Users/hk/Downloads/DSFinalYearProject/outputIndustryTrends/industry_mappings.json
2025-04-22 17:17:15,310 - industry_trend_analysis - INFO - Starting industry trend analysis pipeline
2025-04-22 17:17:15,311 - industry_trend_analysis - INFO - Loading data from JSON files
2025-04-22 17:17:15,314 - industry_trend_analysis - INFO - Loaded 1103 records from fundraiser data
2025-04-22 17:17:15,315 - industry_trend_analysis - INFO - Loaded 100 records from growthlist data
2025-04-22 17:17:15,316 - industry_trend_analysis - INFO - Loaded 546 records from topstartup data
2025-04-22 17:17:15,322 - industry_trend_analysis - INFO - Created DataFrame with 1749 records and 27 columns
2025-04-22 17:17:15,323 - industry_trend_analysis - INFO - Standardizing DataFrame
2025-04-22 17:17:15,325 - industry_trend_analysis - INFO - Handling duplicate column: company_name
2025-04-22 17:17:15,327 - industry_trend_analysis - INFO - Handling duplicate column: employees
2025-04-22 17:17:15,328 - industry_trend_analysis - INFO - Handling duplicate column: industry
2025-04-22 17:17:15,330 - industry_trend_analysis - INFO - Handling duplicate column: funding_date
2025-04-22 17:17:15,331 - industry_trend_analysis - INFO - Handling duplicate column: funding_stage
2025-04-22 17:17:15,346 - industry_trend_analysis - INFO - DataFrame standardization complete. Result has 1749 rows and 25 columns
2025-04-22 17:17:15,346 - industry_trend_analysis - INFO - Standardizing DataFrame
2025-04-22 17:17:15,353 - industry_trend_analysis - INFO - DataFrame standardization complete. Result has 1749 rows and 25 columns
2025-04-22 17:17:15,354 - industry_trend_analysis - INFO - Normalizing industry categories
2025-04-22 17:17:15,356 - industry_trend_analysis - INFO - Normalized to 132 industry categories
2025-04-22 17:17:15,356 - industry_trend_analysis - INFO - Creating trend features for analysis
2025-04-22 17:17:15,701 - industry_trend_analysis - INFO - Created time series features with 15 time periods
2025-04-22 17:17:15,702 - industry_trend_analysis - INFO - Applying STL decomposition for trend analysis
2025-04-22 17:17:15,864 - industry_trend_analysis - INFO - Completed trend analysis for 108 industries
2025-04-22 17:17:15,864 - industry_trend_analysis - INFO - Identifying emerging industries
2025-04-22 17:17:15,867 - industry_trend_analysis - INFO - Identified 22 emerging industries
2025-04-22 17:17:15,867 - industry_trend_analysis - INFO - Identifying saturated industries
2025-04-22 17:17:15,872 - industry_trend_analysis - INFO - Identified 1 potentially saturated industries
2025-04-22 17:17:15,892 - industry_trend_analysis - ERROR - Error visualizing trends for : 'Index' object has no attribute 'strftime'
2025-04-22 17:17:15,894 - industry_trend_analysis - ERROR - Traceback (most recent call last):
  File "/Users/hk/Downloads/DSFinalYearProject/MLPredictiveAnalysis/industry_trend_analysis.py", line 1106, in visualize_industry_trends
    x_values = components['trend'].index.strftime('%Y-%m')
               ^^^^^^^^^^^^^^^^^^^^^^^^^^^^^^^^^^
AttributeError: 'Index' object has no attribute 'strftime'

2025-04-22 17:17:15,906 - industry_trend_analysis - ERROR - Error visualizing trends for 0: 'Index' object has no attribute 'strftime'
2025-04-22 17:17:15,908 - industry_trend_analysis - ERROR - Traceback (most recent call last):
  File "/Users/hk/Downloads/DSFinalYearProject/MLPredictiveAnalysis/industry_trend_analysis.py", line 1106, in visualize_industry_trends
    x_values = components['trend'].index.strftime('%Y-%m')
               ^^^^^^^^^^^^^^^^^^^^^^^^^^^^^^^^^^
AttributeError: 'Index' object has no attribute 'strftime'

2025-04-22 17:17:15,919 - industry_trend_analysis - ERROR - Error visualizing trends for Aerospace: 'Index' object has no attribute 'strftime'
2025-04-22 17:17:15,921 - industry_trend_analysis - ERROR - Traceback (most recent call last):
  File "/Users/hk/Downloads/DSFinalYearProject/MLPredictiveAnalysis/industry_trend_analysis.py", line 1106, in visualize_industry_trends
    x_values = components['trend'].index.strftime('%Y-%m')
               ^^^^^^^^^^^^^^^^^^^^^^^^^^^^^^^^^^
AttributeError: 'Index' object has no attribute 'strftime'

2025-04-22 17:17:15,932 - industry_trend_analysis - ERROR - Error visualizing trends for Analytics: 'Index' object has no attribute 'strftime'
2025-04-22 17:17:15,935 - industry_trend_analysis - ERROR - Traceback (most recent call last):
  File "/Users/hk/Downloads/DSFinalYearProject/MLPredictiveAnalysis/industry_trend_analysis.py", line 1106, in visualize_industry_trends
    x_values = components['trend'].index.strftime('%Y-%m')
               ^^^^^^^^^^^^^^^^^^^^^^^^^^^^^^^^^^
AttributeError: 'Index' object has no attribute 'strftime'

2025-04-22 17:17:15,947 - industry_trend_analysis - ERROR - Error visualizing trends for Architecture: 'Index' object has no attribute 'strftime'
2025-04-22 17:17:15,949 - industry_trend_analysis - ERROR - Traceback (most recent call last):
  File "/Users/hk/Downloads/DSFinalYearProject/MLPredictiveAnalysis/industry_trend_analysis.py", line 1106, in visualize_industry_trends
    x_values = components['trend'].index.strftime('%Y-%m')
               ^^^^^^^^^^^^^^^^^^^^^^^^^^^^^^^^^^
AttributeError: 'Index' object has no attribute 'strftime'

2025-04-22 17:17:15,962 - industry_trend_analysis - ERROR - Error visualizing trends for Artificial Intelligence: 'Index' object has no attribute 'strftime'
2025-04-22 17:17:15,965 - industry_trend_analysis - ERROR - Traceback (most recent call last):
  File "/Users/hk/Downloads/DSFinalYearProject/MLPredictiveAnalysis/industry_trend_analysis.py", line 1106, in visualize_industry_trends
    x_values = components['trend'].index.strftime('%Y-%m')
               ^^^^^^^^^^^^^^^^^^^^^^^^^^^^^^^^^^
AttributeError: 'Index' object has no attribute 'strftime'

2025-04-22 17:17:15,976 - industry_trend_analysis - ERROR - Error visualizing trends for Augmented Reality: 'Index' object has no attribute 'strftime'
2025-04-22 17:17:15,979 - industry_trend_analysis - ERROR - Traceback (most recent call last):
  File "/Users/hk/Downloads/DSFinalYearProject/MLPredictiveAnalysis/industry_trend_analysis.py", line 1106, in visualize_industry_trends
    x_values = components['trend'].index.strftime('%Y-%m')
               ^^^^^^^^^^^^^^^^^^^^^^^^^^^^^^^^^^
AttributeError: 'Index' object has no attribute 'strftime'

2025-04-22 17:17:15,992 - industry_trend_analysis - ERROR - Error visualizing trends for Biotechnology: 'Index' object has no attribute 'strftime'
2025-04-22 17:17:15,994 - industry_trend_analysis - ERROR - Traceback (most recent call last):
  File "/Users/hk/Downloads/DSFinalYearProject/MLPredictiveAnalysis/industry_trend_analysis.py", line 1106, in visualize_industry_trends
    x_values = components['trend'].index.strftime('%Y-%m')
               ^^^^^^^^^^^^^^^^^^^^^^^^^^^^^^^^^^
AttributeError: 'Index' object has no attribute 'strftime'

2025-04-22 17:17:16,009 - industry_trend_analysis - ERROR - Error visualizing trends for Blockchain: 'Index' object has no attribute 'strftime'
2025-04-22 17:17:16,011 - industry_trend_analysis - ERROR - Traceback (most recent call last):
  File "/Users/hk/Downloads/DSFinalYearProject/MLPredictiveAnalysis/industry_trend_analysis.py", line 1106, in visualize_industry_trends
    x_values = components['trend'].index.strftime('%Y-%m')
               ^^^^^^^^^^^^^^^^^^^^^^^^^^^^^^^^^^
AttributeError: 'Index' object has no attribute 'strftime'

2025-04-22 17:17:16,022 - industry_trend_analysis - ERROR - Error visualizing trends for Cloud Computing: 'Index' object has no attribute 'strftime'
2025-04-22 17:17:16,024 - industry_trend_analysis - ERROR - Traceback (most recent call last):
  File "/Users/hk/Downloads/DSFinalYearProject/MLPredictiveAnalysis/industry_trend_analysis.py", line 1106, in visualize_industry_trends
    x_values = components['trend'].index.strftime('%Y-%m')
               ^^^^^^^^^^^^^^^^^^^^^^^^^^^^^^^^^^
AttributeError: 'Index' object has no attribute 'strftime'

2025-04-22 17:17:16,036 - industry_trend_analysis - ERROR - Error visualizing trends for Construction & Materials: 'Index' object has no attribute 'strftime'
2025-04-22 17:17:16,038 - industry_trend_analysis - ERROR - Traceback (most recent call last):
  File "/Users/hk/Downloads/DSFinalYearProject/MLPredictiveAnalysis/industry_trend_analysis.py", line 1106, in visualize_industry_trends
    x_values = components['trend'].index.strftime('%Y-%m')
               ^^^^^^^^^^^^^^^^^^^^^^^^^^^^^^^^^^
AttributeError: 'Index' object has no attribute 'strftime'

2025-04-22 17:17:16,049 - industry_trend_analysis - ERROR - Error visualizing trends for Cyber Security: 'Index' object has no attribute 'strftime'
2025-04-22 17:17:16,052 - industry_trend_analysis - ERROR - Traceback (most recent call last):
  File "/Users/hk/Downloads/DSFinalYearProject/MLPredictiveAnalysis/industry_trend_analysis.py", line 1106, in visualize_industry_trends
    x_values = components['trend'].index.strftime('%Y-%m')
               ^^^^^^^^^^^^^^^^^^^^^^^^^^^^^^^^^^
AttributeError: 'Index' object has no attribute 'strftime'

2025-04-22 17:17:16,065 - industry_trend_analysis - ERROR - Error visualizing trends for Data: 'Index' object has no attribute 'strftime'
2025-04-22 17:17:16,067 - industry_trend_analysis - ERROR - Traceback (most recent call last):
  File "/Users/hk/Downloads/DSFinalYearProject/MLPredictiveAnalysis/industry_trend_analysis.py", line 1106, in visualize_industry_trends
    x_values = components['trend'].index.strftime('%Y-%m')
               ^^^^^^^^^^^^^^^^^^^^^^^^^^^^^^^^^^
AttributeError: 'Index' object has no attribute 'strftime'

2025-04-22 17:17:16,079 - industry_trend_analysis - ERROR - Error visualizing trends for E-commerce & Retail: 'Index' object has no attribute 'strftime'
2025-04-22 17:17:16,081 - industry_trend_analysis - ERROR - Traceback (most recent call last):
  File "/Users/hk/Downloads/DSFinalYearProject/MLPredictiveAnalysis/industry_trend_analysis.py", line 1106, in visualize_industry_trends
    x_values = components['trend'].index.strftime('%Y-%m')
               ^^^^^^^^^^^^^^^^^^^^^^^^^^^^^^^^^^
AttributeError: 'Index' object has no attribute 'strftime'

2025-04-22 17:17:16,143 - industry_trend_analysis - ERROR - Error visualizing trends for Electronics: 'Index' object has no attribute 'strftime'
2025-04-22 17:17:16,145 - industry_trend_analysis - ERROR - Traceback (most recent call last):
  File "/Users/hk/Downloads/DSFinalYearProject/MLPredictiveAnalysis/industry_trend_analysis.py", line 1106, in visualize_industry_trends
    x_values = components['trend'].index.strftime('%Y-%m')
               ^^^^^^^^^^^^^^^^^^^^^^^^^^^^^^^^^^
AttributeError: 'Index' object has no attribute 'strftime'

2025-04-22 17:17:16,155 - industry_trend_analysis - ERROR - Error visualizing trends for Energy: 'Index' object has no attribute 'strftime'
2025-04-22 17:17:16,158 - industry_trend_analysis - ERROR - Traceback (most recent call last):
  File "/Users/hk/Downloads/DSFinalYearProject/MLPredictiveAnalysis/industry_trend_analysis.py", line 1106, in visualize_industry_trends
    x_values = components['trend'].index.strftime('%Y-%m')
               ^^^^^^^^^^^^^^^^^^^^^^^^^^^^^^^^^^
AttributeError: 'Index' object has no attribute 'strftime'

2025-04-22 17:17:16,168 - industry_trend_analysis - ERROR - Error visualizing trends for Family: 'Index' object has no attribute 'strftime'
2025-04-22 17:17:16,170 - industry_trend_analysis - ERROR - Traceback (most recent call last):
  File "/Users/hk/Downloads/DSFinalYearProject/MLPredictiveAnalysis/industry_trend_analysis.py", line 1106, in visualize_industry_trends
    x_values = components['trend'].index.strftime('%Y-%m')
               ^^^^^^^^^^^^^^^^^^^^^^^^^^^^^^^^^^
AttributeError: 'Index' object has no attribute 'strftime'

2025-04-22 17:17:16,182 - industry_trend_analysis - ERROR - Error visualizing trends for Fashion: 'Index' object has no attribute 'strftime'
2025-04-22 17:17:16,185 - industry_trend_analysis - ERROR - Traceback (most recent call last):
  File "/Users/hk/Downloads/DSFinalYearProject/MLPredictiveAnalysis/industry_trend_analysis.py", line 1106, in visualize_industry_trends
    x_values = components['trend'].index.strftime('%Y-%m')
               ^^^^^^^^^^^^^^^^^^^^^^^^^^^^^^^^^^
AttributeError: 'Index' object has no attribute 'strftime'

2025-04-22 17:17:16,197 - industry_trend_analysis - ERROR - Error visualizing trends for FinTech: 'Index' object has no attribute 'strftime'
2025-04-22 17:17:16,199 - industry_trend_analysis - ERROR - Traceback (most recent call last):
  File "/Users/hk/Downloads/DSFinalYearProject/MLPredictiveAnalysis/industry_trend_analysis.py", line 1106, in visualize_industry_trends
    x_values = components['trend'].index.strftime('%Y-%m')
               ^^^^^^^^^^^^^^^^^^^^^^^^^^^^^^^^^^
AttributeError: 'Index' object has no attribute 'strftime'

2025-04-22 17:17:16,211 - industry_trend_analysis - ERROR - Error visualizing trends for Finance: 'Index' object has no attribute 'strftime'
2025-04-22 17:17:16,213 - industry_trend_analysis - ERROR - Traceback (most recent call last):
  File "/Users/hk/Downloads/DSFinalYearProject/MLPredictiveAnalysis/industry_trend_analysis.py", line 1106, in visualize_industry_trends
    x_values = components['trend'].index.strftime('%Y-%m')
               ^^^^^^^^^^^^^^^^^^^^^^^^^^^^^^^^^^
AttributeError: 'Index' object has no attribute 'strftime'

2025-04-22 17:17:16,224 - industry_trend_analysis - ERROR - Error visualizing trends for Government: 'Index' object has no attribute 'strftime'
2025-04-22 17:17:16,227 - industry_trend_analysis - ERROR - Traceback (most recent call last):
  File "/Users/hk/Downloads/DSFinalYearProject/MLPredictiveAnalysis/industry_trend_analysis.py", line 1106, in visualize_industry_trends
    x_values = components['trend'].index.strftime('%Y-%m')
               ^^^^^^^^^^^^^^^^^^^^^^^^^^^^^^^^^^
AttributeError: 'Index' object has no attribute 'strftime'

2025-04-22 17:17:16,240 - industry_trend_analysis - ERROR - Error visualizing trends for Healthcare: 'Index' object has no attribute 'strftime'
2025-04-22 17:17:16,242 - industry_trend_analysis - ERROR - Traceback (most recent call last):
  File "/Users/hk/Downloads/DSFinalYearProject/MLPredictiveAnalysis/industry_trend_analysis.py", line 1106, in visualize_industry_trends
    x_values = components['trend'].index.strftime('%Y-%m')
               ^^^^^^^^^^^^^^^^^^^^^^^^^^^^^^^^^^
AttributeError: 'Index' object has no attribute 'strftime'

2025-04-22 17:17:16,254 - industry_trend_analysis - ERROR - Error visualizing trends for Human Resources: 'Index' object has no attribute 'strftime'
2025-04-22 17:17:16,256 - industry_trend_analysis - ERROR - Traceback (most recent call last):
  File "/Users/hk/Downloads/DSFinalYearProject/MLPredictiveAnalysis/industry_trend_analysis.py", line 1106, in visualize_industry_trends
    x_values = components['trend'].index.strftime('%Y-%m')
               ^^^^^^^^^^^^^^^^^^^^^^^^^^^^^^^^^^
AttributeError: 'Index' object has no attribute 'strftime'

2025-04-22 17:17:16,267 - industry_trend_analysis - ERROR - Error visualizing trends for Insurance: 'Index' object has no attribute 'strftime'
2025-04-22 17:17:16,269 - industry_trend_analysis - ERROR - Traceback (most recent call last):
  File "/Users/hk/Downloads/DSFinalYearProject/MLPredictiveAnalysis/industry_trend_analysis.py", line 1106, in visualize_industry_trends
    x_values = components['trend'].index.strftime('%Y-%m')
               ^^^^^^^^^^^^^^^^^^^^^^^^^^^^^^^^^^
AttributeError: 'Index' object has no attribute 'strftime'

2025-04-22 17:17:16,281 - industry_trend_analysis - ERROR - Error visualizing trends for Logistics: 'Index' object has no attribute 'strftime'
2025-04-22 17:17:16,284 - industry_trend_analysis - ERROR - Traceback (most recent call last):
  File "/Users/hk/Downloads/DSFinalYearProject/MLPredictiveAnalysis/industry_trend_analysis.py", line 1106, in visualize_industry_trends
    x_values = components['trend'].index.strftime('%Y-%m')
               ^^^^^^^^^^^^^^^^^^^^^^^^^^^^^^^^^^
AttributeError: 'Index' object has no attribute 'strftime'

2025-04-22 17:17:16,295 - industry_trend_analysis - ERROR - Error visualizing trends for Marketing: 'Index' object has no attribute 'strftime'
2025-04-22 17:17:16,298 - industry_trend_analysis - ERROR - Traceback (most recent call last):
  File "/Users/hk/Downloads/DSFinalYearProject/MLPredictiveAnalysis/industry_trend_analysis.py", line 1106, in visualize_industry_trends
    x_values = components['trend'].index.strftime('%Y-%m')
               ^^^^^^^^^^^^^^^^^^^^^^^^^^^^^^^^^^
AttributeError: 'Index' object has no attribute 'strftime'

2025-04-22 17:17:16,313 - industry_trend_analysis - ERROR - Error visualizing trends for Materials: 'Index' object has no attribute 'strftime'
2025-04-22 17:17:16,316 - industry_trend_analysis - ERROR - Traceback (most recent call last):
  File "/Users/hk/Downloads/DSFinalYearProject/MLPredictiveAnalysis/industry_trend_analysis.py", line 1106, in visualize_industry_trends
    x_values = components['trend'].index.strftime('%Y-%m')
               ^^^^^^^^^^^^^^^^^^^^^^^^^^^^^^^^^^
AttributeError: 'Index' object has no attribute 'strftime'

2025-04-22 17:17:16,329 - industry_trend_analysis - ERROR - Error visualizing trends for Media: 'Index' object has no attribute 'strftime'
2025-04-22 17:17:16,331 - industry_trend_analysis - ERROR - Traceback (most recent call last):
  File "/Users/hk/Downloads/DSFinalYearProject/MLPredictiveAnalysis/industry_trend_analysis.py", line 1106, in visualize_industry_trends
    x_values = components['trend'].index.strftime('%Y-%m')
               ^^^^^^^^^^^^^^^^^^^^^^^^^^^^^^^^^^
AttributeError: 'Index' object has no attribute 'strftime'

2025-04-22 17:17:16,342 - industry_trend_analysis - ERROR - Error visualizing trends for Media & Entertainment: 'Index' object has no attribute 'strftime'
2025-04-22 17:17:16,345 - industry_trend_analysis - ERROR - Traceback (most recent call last):
  File "/Users/hk/Downloads/DSFinalYearProject/MLPredictiveAnalysis/industry_trend_analysis.py", line 1106, in visualize_industry_trends
    x_values = components['trend'].index.strftime('%Y-%m')
               ^^^^^^^^^^^^^^^^^^^^^^^^^^^^^^^^^^
AttributeError: 'Index' object has no attribute 'strftime'

2025-04-22 17:17:16,355 - industry_trend_analysis - ERROR - Error visualizing trends for Mental Health: 'Index' object has no attribute 'strftime'
2025-04-22 17:17:16,358 - industry_trend_analysis - ERROR - Traceback (most recent call last):
  File "/Users/hk/Downloads/DSFinalYearProject/MLPredictiveAnalysis/industry_trend_analysis.py", line 1106, in visualize_industry_trends
    x_values = components['trend'].index.strftime('%Y-%m')
               ^^^^^^^^^^^^^^^^^^^^^^^^^^^^^^^^^^
AttributeError: 'Index' object has no attribute 'strftime'

2025-04-22 17:17:16,373 - industry_trend_analysis - ERROR - Error visualizing trends for Music: 'Index' object has no attribute 'strftime'
2025-04-22 17:17:16,376 - industry_trend_analysis - ERROR - Traceback (most recent call last):
  File "/Users/hk/Downloads/DSFinalYearProject/MLPredictiveAnalysis/industry_trend_analysis.py", line 1106, in visualize_industry_trends
    x_values = components['trend'].index.strftime('%Y-%m')
               ^^^^^^^^^^^^^^^^^^^^^^^^^^^^^^^^^^
AttributeError: 'Index' object has no attribute 'strftime'

2025-04-22 17:17:16,389 - industry_trend_analysis - ERROR - Error visualizing trends for Social Network: 'Index' object has no attribute 'strftime'
2025-04-22 17:17:16,394 - industry_trend_analysis - ERROR - Traceback (most recent call last):
  File "/Users/hk/Downloads/DSFinalYearProject/MLPredictiveAnalysis/industry_trend_analysis.py", line 1106, in visualize_industry_trends
    x_values = components['trend'].index.strftime('%Y-%m')
               ^^^^^^^^^^^^^^^^^^^^^^^^^^^^^^^^^^
AttributeError: 'Index' object has no attribute 'strftime'

2025-04-22 17:17:16,408 - industry_trend_analysis - ERROR - Error visualizing trends for Telecommunications: 'Index' object has no attribute 'strftime'
2025-04-22 17:17:16,410 - industry_trend_analysis - ERROR - Traceback (most recent call last):
  File "/Users/hk/Downloads/DSFinalYearProject/MLPredictiveAnalysis/industry_trend_analysis.py", line 1106, in visualize_industry_trends
    x_values = components['trend'].index.strftime('%Y-%m')
               ^^^^^^^^^^^^^^^^^^^^^^^^^^^^^^^^^^
AttributeError: 'Index' object has no attribute 'strftime'

2025-04-22 17:17:16,510 - industry_trend_analysis - ERROR - Error visualizing trends for Transportation: 'Index' object has no attribute 'strftime'
2025-04-22 17:17:16,511 - industry_trend_analysis - ERROR - Traceback (most recent call last):
  File "/Users/hk/Downloads/DSFinalYearProject/MLPredictiveAnalysis/industry_trend_analysis.py", line 1106, in visualize_industry_trends
    x_values = components['trend'].index.strftime('%Y-%m')
               ^^^^^^^^^^^^^^^^^^^^^^^^^^^^^^^^^^
AttributeError: 'Index' object has no attribute 'strftime'

2025-04-22 17:17:16,522 - industry_trend_analysis - ERROR - Error visualizing trends for airlines/aviation: 'Index' object has no attribute 'strftime'
2025-04-22 17:17:16,524 - industry_trend_analysis - ERROR - Traceback (most recent call last):
  File "/Users/hk/Downloads/DSFinalYearProject/MLPredictiveAnalysis/industry_trend_analysis.py", line 1106, in visualize_industry_trends
    x_values = components['trend'].index.strftime('%Y-%m')
               ^^^^^^^^^^^^^^^^^^^^^^^^^^^^^^^^^^
AttributeError: 'Index' object has no attribute 'strftime'

2025-04-22 17:17:16,535 - industry_trend_analysis - ERROR - Error visualizing trends for apparel & fashion: 'Index' object has no attribute 'strftime'
2025-04-22 17:17:16,537 - industry_trend_analysis - ERROR - Traceback (most recent call last):
  File "/Users/hk/Downloads/DSFinalYearProject/MLPredictiveAnalysis/industry_trend_analysis.py", line 1106, in visualize_industry_trends
    x_values = components['trend'].index.strftime('%Y-%m')
               ^^^^^^^^^^^^^^^^^^^^^^^^^^^^^^^^^^
AttributeError: 'Index' object has no attribute 'strftime'

2025-04-22 17:17:16,551 - industry_trend_analysis - ERROR - Error visualizing trends for automotive: 'Index' object has no attribute 'strftime'
2025-04-22 17:17:16,553 - industry_trend_analysis - ERROR - Traceback (most recent call last):
  File "/Users/hk/Downloads/DSFinalYearProject/MLPredictiveAnalysis/industry_trend_analysis.py", line 1106, in visualize_industry_trends
    x_values = components['trend'].index.strftime('%Y-%m')
               ^^^^^^^^^^^^^^^^^^^^^^^^^^^^^^^^^^
AttributeError: 'Index' object has no attribute 'strftime'

2025-04-22 17:17:16,564 - industry_trend_analysis - ERROR - Error visualizing trends for aviation & aerospace: 'Index' object has no attribute 'strftime'
2025-04-22 17:17:16,566 - industry_trend_analysis - ERROR - Traceback (most recent call last):
  File "/Users/hk/Downloads/DSFinalYearProject/MLPredictiveAnalysis/industry_trend_analysis.py", line 1106, in visualize_industry_trends
    x_values = components['trend'].index.strftime('%Y-%m')
               ^^^^^^^^^^^^^^^^^^^^^^^^^^^^^^^^^^
AttributeError: 'Index' object has no attribute 'strftime'

2025-04-22 17:17:16,578 - industry_trend_analysis - ERROR - Error visualizing trends for banking: 'Index' object has no attribute 'strftime'
2025-04-22 17:17:16,580 - industry_trend_analysis - ERROR - Traceback (most recent call last):
  File "/Users/hk/Downloads/DSFinalYearProject/MLPredictiveAnalysis/industry_trend_analysis.py", line 1106, in visualize_industry_trends
    x_values = components['trend'].index.strftime('%Y-%m')
               ^^^^^^^^^^^^^^^^^^^^^^^^^^^^^^^^^^
AttributeError: 'Index' object has no attribute 'strftime'

2025-04-22 17:17:16,590 - industry_trend_analysis - ERROR - Error visualizing trends for biotechnology: 'Index' object has no attribute 'strftime'
2025-04-22 17:17:16,592 - industry_trend_analysis - ERROR - Traceback (most recent call last):
  File "/Users/hk/Downloads/DSFinalYearProject/MLPredictiveAnalysis/industry_trend_analysis.py", line 1106, in visualize_industry_trends
    x_values = components['trend'].index.strftime('%Y-%m')
               ^^^^^^^^^^^^^^^^^^^^^^^^^^^^^^^^^^
AttributeError: 'Index' object has no attribute 'strftime'

2025-04-22 17:17:16,607 - industry_trend_analysis - ERROR - Error visualizing trends for building materials: 'Index' object has no attribute 'strftime'
2025-04-22 17:17:16,609 - industry_trend_analysis - ERROR - Traceback (most recent call last):
  File "/Users/hk/Downloads/DSFinalYearProject/MLPredictiveAnalysis/industry_trend_analysis.py", line 1106, in visualize_industry_trends
    x_values = components['trend'].index.strftime('%Y-%m')
               ^^^^^^^^^^^^^^^^^^^^^^^^^^^^^^^^^^
AttributeError: 'Index' object has no attribute 'strftime'

2025-04-22 17:17:16,619 - industry_trend_analysis - ERROR - Error visualizing trends for chemicals: 'Index' object has no attribute 'strftime'
2025-04-22 17:17:16,621 - industry_trend_analysis - ERROR - Traceback (most recent call last):
  File "/Users/hk/Downloads/DSFinalYearProject/MLPredictiveAnalysis/industry_trend_analysis.py", line 1106, in visualize_industry_trends
    x_values = components['trend'].index.strftime('%Y-%m')
               ^^^^^^^^^^^^^^^^^^^^^^^^^^^^^^^^^^
AttributeError: 'Index' object has no attribute 'strftime'

2025-04-22 17:17:16,637 - industry_trend_analysis - ERROR - Error visualizing trends for computer & network security: 'Index' object has no attribute 'strftime'
2025-04-22 17:17:16,639 - industry_trend_analysis - ERROR - Traceback (most recent call last):
  File "/Users/hk/Downloads/DSFinalYearProject/MLPredictiveAnalysis/industry_trend_analysis.py", line 1106, in visualize_industry_trends
    x_values = components['trend'].index.strftime('%Y-%m')
               ^^^^^^^^^^^^^^^^^^^^^^^^^^^^^^^^^^
AttributeError: 'Index' object has no attribute 'strftime'

2025-04-22 17:17:16,650 - industry_trend_analysis - ERROR - Error visualizing trends for computer games: 'Index' object has no attribute 'strftime'
2025-04-22 17:17:16,652 - industry_trend_analysis - ERROR - Traceback (most recent call last):
  File "/Users/hk/Downloads/DSFinalYearProject/MLPredictiveAnalysis/industry_trend_analysis.py", line 1106, in visualize_industry_trends
    x_values = components['trend'].index.strftime('%Y-%m')
               ^^^^^^^^^^^^^^^^^^^^^^^^^^^^^^^^^^
AttributeError: 'Index' object has no attribute 'strftime'

2025-04-22 17:17:16,668 - industry_trend_analysis - ERROR - Error visualizing trends for computer hardware: 'Index' object has no attribute 'strftime'
2025-04-22 17:17:16,670 - industry_trend_analysis - ERROR - Traceback (most recent call last):
  File "/Users/hk/Downloads/DSFinalYearProject/MLPredictiveAnalysis/industry_trend_analysis.py", line 1106, in visualize_industry_trends
    x_values = components['trend'].index.strftime('%Y-%m')
               ^^^^^^^^^^^^^^^^^^^^^^^^^^^^^^^^^^
AttributeError: 'Index' object has no attribute 'strftime'

2025-04-22 17:17:16,681 - industry_trend_analysis - ERROR - Error visualizing trends for computer networking: 'Index' object has no attribute 'strftime'
2025-04-22 17:17:16,683 - industry_trend_analysis - ERROR - Traceback (most recent call last):
  File "/Users/hk/Downloads/DSFinalYearProject/MLPredictiveAnalysis/industry_trend_analysis.py", line 1106, in visualize_industry_trends
    x_values = components['trend'].index.strftime('%Y-%m')
               ^^^^^^^^^^^^^^^^^^^^^^^^^^^^^^^^^^
AttributeError: 'Index' object has no attribute 'strftime'

2025-04-22 17:17:16,693 - industry_trend_analysis - ERROR - Error visualizing trends for computer software: 'Index' object has no attribute 'strftime'
2025-04-22 17:17:16,696 - industry_trend_analysis - ERROR - Traceback (most recent call last):
  File "/Users/hk/Downloads/DSFinalYearProject/MLPredictiveAnalysis/industry_trend_analysis.py", line 1106, in visualize_industry_trends
    x_values = components['trend'].index.strftime('%Y-%m')
               ^^^^^^^^^^^^^^^^^^^^^^^^^^^^^^^^^^
AttributeError: 'Index' object has no attribute 'strftime'

2025-04-22 17:17:16,708 - industry_trend_analysis - ERROR - Error visualizing trends for consumer services: 'Index' object has no attribute 'strftime'
2025-04-22 17:17:16,710 - industry_trend_analysis - ERROR - Traceback (most recent call last):
  File "/Users/hk/Downloads/DSFinalYearProject/MLPredictiveAnalysis/industry_trend_analysis.py", line 1106, in visualize_industry_trends
    x_values = components['trend'].index.strftime('%Y-%m')
               ^^^^^^^^^^^^^^^^^^^^^^^^^^^^^^^^^^
AttributeError: 'Index' object has no attribute 'strftime'

2025-04-22 17:17:16,722 - industry_trend_analysis - ERROR - Error visualizing trends for defense & space: 'Index' object has no attribute 'strftime'
2025-04-22 17:17:16,725 - industry_trend_analysis - ERROR - Traceback (most recent call last):
  File "/Users/hk/Downloads/DSFinalYearProject/MLPredictiveAnalysis/industry_trend_analysis.py", line 1106, in visualize_industry_trends
    x_values = components['trend'].index.strftime('%Y-%m')
               ^^^^^^^^^^^^^^^^^^^^^^^^^^^^^^^^^^
AttributeError: 'Index' object has no attribute 'strftime'

2025-04-22 17:17:16,735 - industry_trend_analysis - ERROR - Error visualizing trends for design: 'Index' object has no attribute 'strftime'
2025-04-22 17:17:16,738 - industry_trend_analysis - ERROR - Traceback (most recent call last):
  File "/Users/hk/Downloads/DSFinalYearProject/MLPredictiveAnalysis/industry_trend_analysis.py", line 1106, in visualize_industry_trends
    x_values = components['trend'].index.strftime('%Y-%m')
               ^^^^^^^^^^^^^^^^^^^^^^^^^^^^^^^^^^
AttributeError: 'Index' object has no attribute 'strftime'

2025-04-22 17:17:16,749 - industry_trend_analysis - ERROR - Error visualizing trends for e-learning: 'Index' object has no attribute 'strftime'
2025-04-22 17:17:16,752 - industry_trend_analysis - ERROR - Traceback (most recent call last):
  File "/Users/hk/Downloads/DSFinalYearProject/MLPredictiveAnalysis/industry_trend_analysis.py", line 1106, in visualize_industry_trends
    x_values = components['trend'].index.strftime('%Y-%m')
               ^^^^^^^^^^^^^^^^^^^^^^^^^^^^^^^^^^
AttributeError: 'Index' object has no attribute 'strftime'

2025-04-22 17:17:16,762 - industry_trend_analysis - ERROR - Error visualizing trends for education management: 'Index' object has no attribute 'strftime'
2025-04-22 17:17:16,765 - industry_trend_analysis - ERROR - Traceback (most recent call last):
  File "/Users/hk/Downloads/DSFinalYearProject/MLPredictiveAnalysis/industry_trend_analysis.py", line 1106, in visualize_industry_trends
    x_values = components['trend'].index.strftime('%Y-%m')
               ^^^^^^^^^^^^^^^^^^^^^^^^^^^^^^^^^^
AttributeError: 'Index' object has no attribute 'strftime'

2025-04-22 17:17:16,884 - industry_trend_analysis - ERROR - Error visualizing trends for electrical/electronic manufacturing: 'Index' object has no attribute 'strftime'
2025-04-22 17:17:16,886 - industry_trend_analysis - ERROR - Traceback (most recent call last):
  File "/Users/hk/Downloads/DSFinalYearProject/MLPredictiveAnalysis/industry_trend_analysis.py", line 1106, in visualize_industry_trends
    x_values = components['trend'].index.strftime('%Y-%m')
               ^^^^^^^^^^^^^^^^^^^^^^^^^^^^^^^^^^
AttributeError: 'Index' object has no attribute 'strftime'

2025-04-22 17:17:16,899 - industry_trend_analysis - ERROR - Error visualizing trends for environmental services: 'Index' object has no attribute 'strftime'
2025-04-22 17:17:16,902 - industry_trend_analysis - ERROR - Traceback (most recent call last):
  File "/Users/hk/Downloads/DSFinalYearProject/MLPredictiveAnalysis/industry_trend_analysis.py", line 1106, in visualize_industry_trends
    x_values = components['trend'].index.strftime('%Y-%m')
               ^^^^^^^^^^^^^^^^^^^^^^^^^^^^^^^^^^
AttributeError: 'Index' object has no attribute 'strftime'

2025-04-22 17:17:16,914 - industry_trend_analysis - ERROR - Error visualizing trends for farming: 'Index' object has no attribute 'strftime'
2025-04-22 17:17:16,916 - industry_trend_analysis - ERROR - Traceback (most recent call last):
  File "/Users/hk/Downloads/DSFinalYearProject/MLPredictiveAnalysis/industry_trend_analysis.py", line 1106, in visualize_industry_trends
    x_values = components['trend'].index.strftime('%Y-%m')
               ^^^^^^^^^^^^^^^^^^^^^^^^^^^^^^^^^^
AttributeError: 'Index' object has no attribute 'strftime'

2025-04-22 17:17:16,928 - industry_trend_analysis - ERROR - Error visualizing trends for financial services: 'Index' object has no attribute 'strftime'
2025-04-22 17:17:16,931 - industry_trend_analysis - ERROR - Traceback (most recent call last):
  File "/Users/hk/Downloads/DSFinalYearProject/MLPredictiveAnalysis/industry_trend_analysis.py", line 1106, in visualize_industry_trends
    x_values = components['trend'].index.strftime('%Y-%m')
               ^^^^^^^^^^^^^^^^^^^^^^^^^^^^^^^^^^
AttributeError: 'Index' object has no attribute 'strftime'

2025-04-22 17:17:16,943 - industry_trend_analysis - ERROR - Error visualizing trends for food & beverages: 'Index' object has no attribute 'strftime'
2025-04-22 17:17:16,945 - industry_trend_analysis - ERROR - Traceback (most recent call last):
  File "/Users/hk/Downloads/DSFinalYearProject/MLPredictiveAnalysis/industry_trend_analysis.py", line 1106, in visualize_industry_trends
    x_values = components['trend'].index.strftime('%Y-%m')
               ^^^^^^^^^^^^^^^^^^^^^^^^^^^^^^^^^^
AttributeError: 'Index' object has no attribute 'strftime'

2025-04-22 17:17:16,957 - industry_trend_analysis - ERROR - Error visualizing trends for food production: 'Index' object has no attribute 'strftime'
2025-04-22 17:17:16,959 - industry_trend_analysis - ERROR - Traceback (most recent call last):
  File "/Users/hk/Downloads/DSFinalYearProject/MLPredictiveAnalysis/industry_trend_analysis.py", line 1106, in visualize_industry_trends
    x_values = components['trend'].index.strftime('%Y-%m')
               ^^^^^^^^^^^^^^^^^^^^^^^^^^^^^^^^^^
AttributeError: 'Index' object has no attribute 'strftime'

2025-04-22 17:17:16,971 - industry_trend_analysis - ERROR - Error visualizing trends for fund-raising: 'Index' object has no attribute 'strftime'
2025-04-22 17:17:16,973 - industry_trend_analysis - ERROR - Traceback (most recent call last):
  File "/Users/hk/Downloads/DSFinalYearProject/MLPredictiveAnalysis/industry_trend_analysis.py", line 1106, in visualize_industry_trends
    x_values = components['trend'].index.strftime('%Y-%m')
               ^^^^^^^^^^^^^^^^^^^^^^^^^^^^^^^^^^
AttributeError: 'Index' object has no attribute 'strftime'

2025-04-22 17:17:16,985 - industry_trend_analysis - ERROR - Error visualizing trends for government administration: 'Index' object has no attribute 'strftime'
2025-04-22 17:17:16,987 - industry_trend_analysis - ERROR - Traceback (most recent call last):
  File "/Users/hk/Downloads/DSFinalYearProject/MLPredictiveAnalysis/industry_trend_analysis.py", line 1106, in visualize_industry_trends
    x_values = components['trend'].index.strftime('%Y-%m')
               ^^^^^^^^^^^^^^^^^^^^^^^^^^^^^^^^^^
AttributeError: 'Index' object has no attribute 'strftime'

2025-04-22 17:17:16,998 - industry_trend_analysis - ERROR - Error visualizing trends for health: 'Index' object has no attribute 'strftime'
2025-04-22 17:17:17,001 - industry_trend_analysis - ERROR - Traceback (most recent call last):
  File "/Users/hk/Downloads/DSFinalYearProject/MLPredictiveAnalysis/industry_trend_analysis.py", line 1106, in visualize_industry_trends
    x_values = components['trend'].index.strftime('%Y-%m')
               ^^^^^^^^^^^^^^^^^^^^^^^^^^^^^^^^^^
AttributeError: 'Index' object has no attribute 'strftime'

2025-04-22 17:17:17,014 - industry_trend_analysis - ERROR - Error visualizing trends for higher education: 'Index' object has no attribute 'strftime'
2025-04-22 17:17:17,017 - industry_trend_analysis - ERROR - Traceback (most recent call last):
  File "/Users/hk/Downloads/DSFinalYearProject/MLPredictiveAnalysis/industry_trend_analysis.py", line 1106, in visualize_industry_trends
    x_values = components['trend'].index.strftime('%Y-%m')
               ^^^^^^^^^^^^^^^^^^^^^^^^^^^^^^^^^^
AttributeError: 'Index' object has no attribute 'strftime'

2025-04-22 17:17:17,028 - industry_trend_analysis - ERROR - Error visualizing trends for hospital & health care: 'Index' object has no attribute 'strftime'
2025-04-22 17:17:17,030 - industry_trend_analysis - ERROR - Traceback (most recent call last):
  File "/Users/hk/Downloads/DSFinalYearProject/MLPredictiveAnalysis/industry_trend_analysis.py", line 1106, in visualize_industry_trends
    x_values = components['trend'].index.strftime('%Y-%m')
               ^^^^^^^^^^^^^^^^^^^^^^^^^^^^^^^^^^
AttributeError: 'Index' object has no attribute 'strftime'

2025-04-22 17:17:17,043 - industry_trend_analysis - ERROR - Error visualizing trends for hospitality: 'Index' object has no attribute 'strftime'
2025-04-22 17:17:17,046 - industry_trend_analysis - ERROR - Traceback (most recent call last):
  File "/Users/hk/Downloads/DSFinalYearProject/MLPredictiveAnalysis/industry_trend_analysis.py", line 1106, in visualize_industry_trends
    x_values = components['trend'].index.strftime('%Y-%m')
               ^^^^^^^^^^^^^^^^^^^^^^^^^^^^^^^^^^
AttributeError: 'Index' object has no attribute 'strftime'

2025-04-22 17:17:17,058 - industry_trend_analysis - ERROR - Error visualizing trends for individual & family services: 'Index' object has no attribute 'strftime'
2025-04-22 17:17:17,062 - industry_trend_analysis - ERROR - Traceback (most recent call last):
  File "/Users/hk/Downloads/DSFinalYearProject/MLPredictiveAnalysis/industry_trend_analysis.py", line 1106, in visualize_industry_trends
    x_values = components['trend'].index.strftime('%Y-%m')
               ^^^^^^^^^^^^^^^^^^^^^^^^^^^^^^^^^^
AttributeError: 'Index' object has no attribute 'strftime'

2025-04-22 17:17:17,077 - industry_trend_analysis - ERROR - Error visualizing trends for industrial automation: 'Index' object has no attribute 'strftime'
2025-04-22 17:17:17,079 - industry_trend_analysis - ERROR - Traceback (most recent call last):
  File "/Users/hk/Downloads/DSFinalYearProject/MLPredictiveAnalysis/industry_trend_analysis.py", line 1106, in visualize_industry_trends
    x_values = components['trend'].index.strftime('%Y-%m')
               ^^^^^^^^^^^^^^^^^^^^^^^^^^^^^^^^^^
AttributeError: 'Index' object has no attribute 'strftime'

2025-04-22 17:17:17,093 - industry_trend_analysis - ERROR - Error visualizing trends for information services: 'Index' object has no attribute 'strftime'
2025-04-22 17:17:17,095 - industry_trend_analysis - ERROR - Traceback (most recent call last):
  File "/Users/hk/Downloads/DSFinalYearProject/MLPredictiveAnalysis/industry_trend_analysis.py", line 1106, in visualize_industry_trends
    x_values = components['trend'].index.strftime('%Y-%m')
               ^^^^^^^^^^^^^^^^^^^^^^^^^^^^^^^^^^
AttributeError: 'Index' object has no attribute 'strftime'

2025-04-22 17:17:17,106 - industry_trend_analysis - ERROR - Error visualizing trends for information technology & services: 'Index' object has no attribute 'strftime'
2025-04-22 17:17:17,109 - industry_trend_analysis - ERROR - Traceback (most recent call last):
  File "/Users/hk/Downloads/DSFinalYearProject/MLPredictiveAnalysis/industry_trend_analysis.py", line 1106, in visualize_industry_trends
    x_values = components['trend'].index.strftime('%Y-%m')
               ^^^^^^^^^^^^^^^^^^^^^^^^^^^^^^^^^^
AttributeError: 'Index' object has no attribute 'strftime'

2025-04-22 17:17:17,122 - industry_trend_analysis - ERROR - Error visualizing trends for insurance: 'Index' object has no attribute 'strftime'
2025-04-22 17:17:17,125 - industry_trend_analysis - ERROR - Traceback (most recent call last):
  File "/Users/hk/Downloads/DSFinalYearProject/MLPredictiveAnalysis/industry_trend_analysis.py", line 1106, in visualize_industry_trends
    x_values = components['trend'].index.strftime('%Y-%m')
               ^^^^^^^^^^^^^^^^^^^^^^^^^^^^^^^^^^
AttributeError: 'Index' object has no attribute 'strftime'

2025-04-22 17:17:17,136 - industry_trend_analysis - ERROR - Error visualizing trends for internet: 'Index' object has no attribute 'strftime'
2025-04-22 17:17:17,138 - industry_trend_analysis - ERROR - Traceback (most recent call last):
  File "/Users/hk/Downloads/DSFinalYearProject/MLPredictiveAnalysis/industry_trend_analysis.py", line 1106, in visualize_industry_trends
    x_values = components['trend'].index.strftime('%Y-%m')
               ^^^^^^^^^^^^^^^^^^^^^^^^^^^^^^^^^^
AttributeError: 'Index' object has no attribute 'strftime'

2025-04-22 17:17:17,150 - industry_trend_analysis - ERROR - Error visualizing trends for investment management: 'Index' object has no attribute 'strftime'
2025-04-22 17:17:17,153 - industry_trend_analysis - ERROR - Traceback (most recent call last):
  File "/Users/hk/Downloads/DSFinalYearProject/MLPredictiveAnalysis/industry_trend_analysis.py", line 1106, in visualize_industry_trends
    x_values = components['trend'].index.strftime('%Y-%m')
               ^^^^^^^^^^^^^^^^^^^^^^^^^^^^^^^^^^
AttributeError: 'Index' object has no attribute 'strftime'

2025-04-22 17:17:17,164 - industry_trend_analysis - ERROR - Error visualizing trends for legal services: 'Index' object has no attribute 'strftime'
2025-04-22 17:17:17,166 - industry_trend_analysis - ERROR - Traceback (most recent call last):
  File "/Users/hk/Downloads/DSFinalYearProject/MLPredictiveAnalysis/industry_trend_analysis.py", line 1106, in visualize_industry_trends
    x_values = components['trend'].index.strftime('%Y-%m')
               ^^^^^^^^^^^^^^^^^^^^^^^^^^^^^^^^^^
AttributeError: 'Index' object has no attribute 'strftime'

2025-04-22 17:17:17,178 - industry_trend_analysis - ERROR - Error visualizing trends for logistics & supply chain: 'Index' object has no attribute 'strftime'
2025-04-22 17:17:17,180 - industry_trend_analysis - ERROR - Traceback (most recent call last):
  File "/Users/hk/Downloads/DSFinalYearProject/MLPredictiveAnalysis/industry_trend_analysis.py", line 1106, in visualize_industry_trends
    x_values = components['trend'].index.strftime('%Y-%m')
               ^^^^^^^^^^^^^^^^^^^^^^^^^^^^^^^^^^
AttributeError: 'Index' object has no attribute 'strftime'

2025-04-22 17:17:17,197 - industry_trend_analysis - ERROR - Error visualizing trends for machinery: 'Index' object has no attribute 'strftime'
2025-04-22 17:17:17,199 - industry_trend_analysis - ERROR - Traceback (most recent call last):
  File "/Users/hk/Downloads/DSFinalYearProject/MLPredictiveAnalysis/industry_trend_analysis.py", line 1106, in visualize_industry_trends
    x_values = components['trend'].index.strftime('%Y-%m')
               ^^^^^^^^^^^^^^^^^^^^^^^^^^^^^^^^^^
AttributeError: 'Index' object has no attribute 'strftime'

2025-04-22 17:17:17,211 - industry_trend_analysis - ERROR - Error visualizing trends for management consulting: 'Index' object has no attribute 'strftime'
2025-04-22 17:17:17,214 - industry_trend_analysis - ERROR - Traceback (most recent call last):
  File "/Users/hk/Downloads/DSFinalYearProject/MLPredictiveAnalysis/industry_trend_analysis.py", line 1106, in visualize_industry_trends
    x_values = components['trend'].index.strftime('%Y-%m')
               ^^^^^^^^^^^^^^^^^^^^^^^^^^^^^^^^^^
AttributeError: 'Index' object has no attribute 'strftime'

2025-04-22 17:17:17,225 - industry_trend_analysis - ERROR - Error visualizing trends for maritime: 'Index' object has no attribute 'strftime'
2025-04-22 17:17:17,227 - industry_trend_analysis - ERROR - Traceback (most recent call last):
  File "/Users/hk/Downloads/DSFinalYearProject/MLPredictiveAnalysis/industry_trend_analysis.py", line 1106, in visualize_industry_trends
    x_values = components['trend'].index.strftime('%Y-%m')
               ^^^^^^^^^^^^^^^^^^^^^^^^^^^^^^^^^^
AttributeError: 'Index' object has no attribute 'strftime'

2025-04-22 17:17:17,237 - industry_trend_analysis - ERROR - Error visualizing trends for market research: 'Index' object has no attribute 'strftime'
2025-04-22 17:17:17,240 - industry_trend_analysis - ERROR - Traceback (most recent call last):
  File "/Users/hk/Downloads/DSFinalYearProject/MLPredictiveAnalysis/industry_trend_analysis.py", line 1106, in visualize_industry_trends
    x_values = components['trend'].index.strftime('%Y-%m')
               ^^^^^^^^^^^^^^^^^^^^^^^^^^^^^^^^^^
AttributeError: 'Index' object has no attribute 'strftime'

2025-04-22 17:17:17,380 - industry_trend_analysis - ERROR - Error visualizing trends for marketing & advertising: 'Index' object has no attribute 'strftime'
2025-04-22 17:17:17,382 - industry_trend_analysis - ERROR - Traceback (most recent call last):
  File "/Users/hk/Downloads/DSFinalYearProject/MLPredictiveAnalysis/industry_trend_analysis.py", line 1106, in visualize_industry_trends
    x_values = components['trend'].index.strftime('%Y-%m')
               ^^^^^^^^^^^^^^^^^^^^^^^^^^^^^^^^^^
AttributeError: 'Index' object has no attribute 'strftime'

2025-04-22 17:17:17,394 - industry_trend_analysis - ERROR - Error visualizing trends for mechanical or industrial engineering: 'Index' object has no attribute 'strftime'
2025-04-22 17:17:17,396 - industry_trend_analysis - ERROR - Traceback (most recent call last):
  File "/Users/hk/Downloads/DSFinalYearProject/MLPredictiveAnalysis/industry_trend_analysis.py", line 1106, in visualize_industry_trends
    x_values = components['trend'].index.strftime('%Y-%m')
               ^^^^^^^^^^^^^^^^^^^^^^^^^^^^^^^^^^
AttributeError: 'Index' object has no attribute 'strftime'

2025-04-22 17:17:17,408 - industry_trend_analysis - ERROR - Error visualizing trends for media production: 'Index' object has no attribute 'strftime'
2025-04-22 17:17:17,410 - industry_trend_analysis - ERROR - Traceback (most recent call last):
  File "/Users/hk/Downloads/DSFinalYearProject/MLPredictiveAnalysis/industry_trend_analysis.py", line 1106, in visualize_industry_trends
    x_values = components['trend'].index.strftime('%Y-%m')
               ^^^^^^^^^^^^^^^^^^^^^^^^^^^^^^^^^^
AttributeError: 'Index' object has no attribute 'strftime'

2025-04-22 17:17:17,422 - industry_trend_analysis - ERROR - Error visualizing trends for medical devices: 'Index' object has no attribute 'strftime'
2025-04-22 17:17:17,424 - industry_trend_analysis - ERROR - Traceback (most recent call last):
  File "/Users/hk/Downloads/DSFinalYearProject/MLPredictiveAnalysis/industry_trend_analysis.py", line 1106, in visualize_industry_trends
    x_values = components['trend'].index.strftime('%Y-%m')
               ^^^^^^^^^^^^^^^^^^^^^^^^^^^^^^^^^^
AttributeError: 'Index' object has no attribute 'strftime'

2025-04-22 17:17:17,434 - industry_trend_analysis - ERROR - Error visualizing trends for medical practice: 'Index' object has no attribute 'strftime'
2025-04-22 17:17:17,436 - industry_trend_analysis - ERROR - Traceback (most recent call last):
  File "/Users/hk/Downloads/DSFinalYearProject/MLPredictiveAnalysis/industry_trend_analysis.py", line 1106, in visualize_industry_trends
    x_values = components['trend'].index.strftime('%Y-%m')
               ^^^^^^^^^^^^^^^^^^^^^^^^^^^^^^^^^^
AttributeError: 'Index' object has no attribute 'strftime'

2025-04-22 17:17:17,447 - industry_trend_analysis - ERROR - Error visualizing trends for mental health care: 'Index' object has no attribute 'strftime'
2025-04-22 17:17:17,449 - industry_trend_analysis - ERROR - Traceback (most recent call last):
  File "/Users/hk/Downloads/DSFinalYearProject/MLPredictiveAnalysis/industry_trend_analysis.py", line 1106, in visualize_industry_trends
    x_values = components['trend'].index.strftime('%Y-%m')
               ^^^^^^^^^^^^^^^^^^^^^^^^^^^^^^^^^^
AttributeError: 'Index' object has no attribute 'strftime'

2025-04-22 17:17:17,460 - industry_trend_analysis - ERROR - Error visualizing trends for mining & metals: 'Index' object has no attribute 'strftime'
2025-04-22 17:17:17,462 - industry_trend_analysis - ERROR - Traceback (most recent call last):
  File "/Users/hk/Downloads/DSFinalYearProject/MLPredictiveAnalysis/industry_trend_analysis.py", line 1106, in visualize_industry_trends
    x_values = components['trend'].index.strftime('%Y-%m')
               ^^^^^^^^^^^^^^^^^^^^^^^^^^^^^^^^^^
AttributeError: 'Index' object has no attribute 'strftime'

2025-04-22 17:17:17,473 - industry_trend_analysis - ERROR - Error visualizing trends for museums & institutions: 'Index' object has no attribute 'strftime'
2025-04-22 17:17:17,476 - industry_trend_analysis - ERROR - Traceback (most recent call last):
  File "/Users/hk/Downloads/DSFinalYearProject/MLPredictiveAnalysis/industry_trend_analysis.py", line 1106, in visualize_industry_trends
    x_values = components['trend'].index.strftime('%Y-%m')
               ^^^^^^^^^^^^^^^^^^^^^^^^^^^^^^^^^^
AttributeError: 'Index' object has no attribute 'strftime'

2025-04-22 17:17:17,487 - industry_trend_analysis - ERROR - Error visualizing trends for music: 'Index' object has no attribute 'strftime'
2025-04-22 17:17:17,489 - industry_trend_analysis - ERROR - Traceback (most recent call last):
  File "/Users/hk/Downloads/DSFinalYearProject/MLPredictiveAnalysis/industry_trend_analysis.py", line 1106, in visualize_industry_trends
    x_values = components['trend'].index.strftime('%Y-%m')
               ^^^^^^^^^^^^^^^^^^^^^^^^^^^^^^^^^^
AttributeError: 'Index' object has no attribute 'strftime'

2025-04-22 17:17:17,500 - industry_trend_analysis - ERROR - Error visualizing trends for nanotechnology: 'Index' object has no attribute 'strftime'
2025-04-22 17:17:17,502 - industry_trend_analysis - ERROR - Traceback (most recent call last):
  File "/Users/hk/Downloads/DSFinalYearProject/MLPredictiveAnalysis/industry_trend_analysis.py", line 1106, in visualize_industry_trends
    x_values = components['trend'].index.strftime('%Y-%m')
               ^^^^^^^^^^^^^^^^^^^^^^^^^^^^^^^^^^
AttributeError: 'Index' object has no attribute 'strftime'

2025-04-22 17:17:17,514 - industry_trend_analysis - ERROR - Error visualizing trends for nonprofit organization management: 'Index' object has no attribute 'strftime'
2025-04-22 17:17:17,516 - industry_trend_analysis - ERROR - Traceback (most recent call last):
  File "/Users/hk/Downloads/DSFinalYearProject/MLPredictiveAnalysis/industry_trend_analysis.py", line 1106, in visualize_industry_trends
    x_values = components['trend'].index.strftime('%Y-%m')
               ^^^^^^^^^^^^^^^^^^^^^^^^^^^^^^^^^^
AttributeError: 'Index' object has no attribute 'strftime'

2025-04-22 17:17:17,526 - industry_trend_analysis - ERROR - Error visualizing trends for oil & energy: 'Index' object has no attribute 'strftime'
2025-04-22 17:17:17,529 - industry_trend_analysis - ERROR - Traceback (most recent call last):
  File "/Users/hk/Downloads/DSFinalYearProject/MLPredictiveAnalysis/industry_trend_analysis.py", line 1106, in visualize_industry_trends
    x_values = components['trend'].index.strftime('%Y-%m')
               ^^^^^^^^^^^^^^^^^^^^^^^^^^^^^^^^^^
AttributeError: 'Index' object has no attribute 'strftime'

2025-04-22 17:17:17,540 - industry_trend_analysis - ERROR - Error visualizing trends for online media: 'Index' object has no attribute 'strftime'
2025-04-22 17:17:17,543 - industry_trend_analysis - ERROR - Traceback (most recent call last):
  File "/Users/hk/Downloads/DSFinalYearProject/MLPredictiveAnalysis/industry_trend_analysis.py", line 1106, in visualize_industry_trends
    x_values = components['trend'].index.strftime('%Y-%m')
               ^^^^^^^^^^^^^^^^^^^^^^^^^^^^^^^^^^
AttributeError: 'Index' object has no attribute 'strftime'

2025-04-22 17:17:17,554 - industry_trend_analysis - ERROR - Error visualizing trends for packaging & containers: 'Index' object has no attribute 'strftime'
2025-04-22 17:17:17,557 - industry_trend_analysis - ERROR - Traceback (most recent call last):
  File "/Users/hk/Downloads/DSFinalYearProject/MLPredictiveAnalysis/industry_trend_analysis.py", line 1106, in visualize_industry_trends
    x_values = components['trend'].index.strftime('%Y-%m')
               ^^^^^^^^^^^^^^^^^^^^^^^^^^^^^^^^^^
AttributeError: 'Index' object has no attribute 'strftime'

2025-04-22 17:17:17,570 - industry_trend_analysis - ERROR - Error visualizing trends for performing arts: 'Index' object has no attribute 'strftime'
2025-04-22 17:17:17,572 - industry_trend_analysis - ERROR - Traceback (most recent call last):
  File "/Users/hk/Downloads/DSFinalYearProject/MLPredictiveAnalysis/industry_trend_analysis.py", line 1106, in visualize_industry_trends
    x_values = components['trend'].index.strftime('%Y-%m')
               ^^^^^^^^^^^^^^^^^^^^^^^^^^^^^^^^^^
AttributeError: 'Index' object has no attribute 'strftime'

2025-04-22 17:17:17,586 - industry_trend_analysis - ERROR - Error visualizing trends for pharmaceuticals: 'Index' object has no attribute 'strftime'
2025-04-22 17:17:17,589 - industry_trend_analysis - ERROR - Traceback (most recent call last):
  File "/Users/hk/Downloads/DSFinalYearProject/MLPredictiveAnalysis/industry_trend_analysis.py", line 1106, in visualize_industry_trends
    x_values = components['trend'].index.strftime('%Y-%m')
               ^^^^^^^^^^^^^^^^^^^^^^^^^^^^^^^^^^
AttributeError: 'Index' object has no attribute 'strftime'

2025-04-22 17:17:17,601 - industry_trend_analysis - ERROR - Error visualizing trends for primary/secondary education: 'Index' object has no attribute 'strftime'
2025-04-22 17:17:17,603 - industry_trend_analysis - ERROR - Traceback (most recent call last):
  File "/Users/hk/Downloads/DSFinalYearProject/MLPredictiveAnalysis/industry_trend_analysis.py", line 1106, in visualize_industry_trends
    x_values = components['trend'].index.strftime('%Y-%m')
               ^^^^^^^^^^^^^^^^^^^^^^^^^^^^^^^^^^
AttributeError: 'Index' object has no attribute 'strftime'

2025-04-22 17:17:17,615 - industry_trend_analysis - ERROR - Error visualizing trends for professional training & coaching: 'Index' object has no attribute 'strftime'
2025-04-22 17:17:17,617 - industry_trend_analysis - ERROR - Traceback (most recent call last):
  File "/Users/hk/Downloads/DSFinalYearProject/MLPredictiveAnalysis/industry_trend_analysis.py", line 1106, in visualize_industry_trends
    x_values = components['trend'].index.strftime('%Y-%m')
               ^^^^^^^^^^^^^^^^^^^^^^^^^^^^^^^^^^
AttributeError: 'Index' object has no attribute 'strftime'

2025-04-22 17:17:17,629 - industry_trend_analysis - ERROR - Error visualizing trends for public safety: 'Index' object has no attribute 'strftime'
2025-04-22 17:17:17,631 - industry_trend_analysis - ERROR - Traceback (most recent call last):
  File "/Users/hk/Downloads/DSFinalYearProject/MLPredictiveAnalysis/industry_trend_analysis.py", line 1106, in visualize_industry_trends
    x_values = components['trend'].index.strftime('%Y-%m')
               ^^^^^^^^^^^^^^^^^^^^^^^^^^^^^^^^^^
AttributeError: 'Index' object has no attribute 'strftime'

2025-04-22 17:17:17,863 - industry_trend_analysis - ERROR - Error visualizing trends for real estate: 'Index' object has no attribute 'strftime'
2025-04-22 17:17:17,935 - industry_trend_analysis - ERROR - Traceback (most recent call last):
  File "/Users/hk/Downloads/DSFinalYearProject/MLPredictiveAnalysis/industry_trend_analysis.py", line 1106, in visualize_industry_trends
    x_values = components['trend'].index.strftime('%Y-%m')
               ^^^^^^^^^^^^^^^^^^^^^^^^^^^^^^^^^^
AttributeError: 'Index' object has no attribute 'strftime'

2025-04-22 17:17:17,948 - industry_trend_analysis - ERROR - Error visualizing trends for renewables & environment: 'Index' object has no attribute 'strftime'
2025-04-22 17:17:17,950 - industry_trend_analysis - ERROR - Traceback (most recent call last):
  File "/Users/hk/Downloads/DSFinalYearProject/MLPredictiveAnalysis/industry_trend_analysis.py", line 1106, in visualize_industry_trends
    x_values = components['trend'].index.strftime('%Y-%m')
               ^^^^^^^^^^^^^^^^^^^^^^^^^^^^^^^^^^
AttributeError: 'Index' object has no attribute 'strftime'

2025-04-22 17:17:17,962 - industry_trend_analysis - ERROR - Error visualizing trends for research: 'Index' object has no attribute 'strftime'
2025-04-22 17:17:17,965 - industry_trend_analysis - ERROR - Traceback (most recent call last):
  File "/Users/hk/Downloads/DSFinalYearProject/MLPredictiveAnalysis/industry_trend_analysis.py", line 1106, in visualize_industry_trends
    x_values = components['trend'].index.strftime('%Y-%m')
               ^^^^^^^^^^^^^^^^^^^^^^^^^^^^^^^^^^
AttributeError: 'Index' object has no attribute 'strftime'

2025-04-22 17:17:17,975 - industry_trend_analysis - ERROR - Error visualizing trends for restaurants: 'Index' object has no attribute 'strftime'
2025-04-22 17:17:17,978 - industry_trend_analysis - ERROR - Traceback (most recent call last):
  File "/Users/hk/Downloads/DSFinalYearProject/MLPredictiveAnalysis/industry_trend_analysis.py", line 1106, in visualize_industry_trends
    x_values = components['trend'].index.strftime('%Y-%m')
               ^^^^^^^^^^^^^^^^^^^^^^^^^^^^^^^^^^
AttributeError: 'Index' object has no attribute 'strftime'

2025-04-22 17:17:17,989 - industry_trend_analysis - ERROR - Error visualizing trends for semiconductors: 'Index' object has no attribute 'strftime'
2025-04-22 17:17:17,992 - industry_trend_analysis - ERROR - Traceback (most recent call last):
  File "/Users/hk/Downloads/DSFinalYearProject/MLPredictiveAnalysis/industry_trend_analysis.py", line 1106, in visualize_industry_trends
    x_values = components['trend'].index.strftime('%Y-%m')
               ^^^^^^^^^^^^^^^^^^^^^^^^^^^^^^^^^^
AttributeError: 'Index' object has no attribute 'strftime'

2025-04-22 17:17:18,005 - industry_trend_analysis - ERROR - Error visualizing trends for sports: 'Index' object has no attribute 'strftime'
2025-04-22 17:17:18,008 - industry_trend_analysis - ERROR - Traceback (most recent call last):
  File "/Users/hk/Downloads/DSFinalYearProject/MLPredictiveAnalysis/industry_trend_analysis.py", line 1106, in visualize_industry_trends
    x_values = components['trend'].index.strftime('%Y-%m')
               ^^^^^^^^^^^^^^^^^^^^^^^^^^^^^^^^^^
AttributeError: 'Index' object has no attribute 'strftime'

2025-04-22 17:17:18,019 - industry_trend_analysis - ERROR - Error visualizing trends for transportation/trucking/railroad: 'Index' object has no attribute 'strftime'
2025-04-22 17:17:18,021 - industry_trend_analysis - ERROR - Traceback (most recent call last):
  File "/Users/hk/Downloads/DSFinalYearProject/MLPredictiveAnalysis/industry_trend_analysis.py", line 1106, in visualize_industry_trends
    x_values = components['trend'].index.strftime('%Y-%m')
               ^^^^^^^^^^^^^^^^^^^^^^^^^^^^^^^^^^
AttributeError: 'Index' object has no attribute 'strftime'

2025-04-22 17:17:18,032 - industry_trend_analysis - ERROR - Error visualizing trends for utilities: 'Index' object has no attribute 'strftime'
2025-04-22 17:17:18,035 - industry_trend_analysis - ERROR - Traceback (most recent call last):
  File "/Users/hk/Downloads/DSFinalYearProject/MLPredictiveAnalysis/industry_trend_analysis.py", line 1106, in visualize_industry_trends
    x_values = components['trend'].index.strftime('%Y-%m')
               ^^^^^^^^^^^^^^^^^^^^^^^^^^^^^^^^^^
AttributeError: 'Index' object has no attribute 'strftime'

2025-04-22 17:17:18,046 - industry_trend_analysis - ERROR - Error visualizing trends for venture capital & private equity: 'Index' object has no attribute 'strftime'
2025-04-22 17:17:18,048 - industry_trend_analysis - ERROR - Traceback (most recent call last):
  File "/Users/hk/Downloads/DSFinalYearProject/MLPredictiveAnalysis/industry_trend_analysis.py", line 1106, in visualize_industry_trends
    x_values = components['trend'].index.strftime('%Y-%m')
               ^^^^^^^^^^^^^^^^^^^^^^^^^^^^^^^^^^
AttributeError: 'Index' object has no attribute 'strftime'

2025-04-22 17:17:18,060 - industry_trend_analysis - ERROR - Error visualizing trends for veterinary: 'Index' object has no attribute 'strftime'
2025-04-22 17:17:18,062 - industry_trend_analysis - ERROR - Traceback (most recent call last):
  File "/Users/hk/Downloads/DSFinalYearProject/MLPredictiveAnalysis/industry_trend_analysis.py", line 1106, in visualize_industry_trends
    x_values = components['trend'].index.strftime('%Y-%m')
               ^^^^^^^^^^^^^^^^^^^^^^^^^^^^^^^^^^
AttributeError: 'Index' object has no attribute 'strftime'

2025-04-22 17:17:18,074 - industry_trend_analysis - ERROR - Error visualizing trends for wholesale: 'Index' object has no attribute 'strftime'
2025-04-22 17:17:18,077 - industry_trend_analysis - ERROR - Traceback (most recent call last):
  File "/Users/hk/Downloads/DSFinalYearProject/MLPredictiveAnalysis/industry_trend_analysis.py", line 1106, in visualize_industry_trends
    x_values = components['trend'].index.strftime('%Y-%m')
               ^^^^^^^^^^^^^^^^^^^^^^^^^^^^^^^^^^
AttributeError: 'Index' object has no attribute 'strftime'

2025-04-22 17:17:18,089 - industry_trend_analysis - ERROR - Error visualizing trends for wireless: 'Index' object has no attribute 'strftime'
2025-04-22 17:17:18,091 - industry_trend_analysis - ERROR - Traceback (most recent call last):
  File "/Users/hk/Downloads/DSFinalYearProject/MLPredictiveAnalysis/industry_trend_analysis.py", line 1106, in visualize_industry_trends
    x_values = components['trend'].index.strftime('%Y-%m')
               ^^^^^^^^^^^^^^^^^^^^^^^^^^^^^^^^^^
AttributeError: 'Index' object has no attribute 'strftime'

2025-04-22 17:17:18,091 - industry_trend_analysis - INFO - Industry trend visualizations saved to outputs/industry_trends
2025-04-22 17:17:18,415 - industry_trend_analysis - INFO - Created emerging industries visualization with 22 industries
2025-04-22 17:17:18,416 - industry_trend_analysis - INFO - Emerging industries visualization saved to outputs/industry_trends
2025-04-22 17:17:18,510 - industry_trend_analysis - INFO - Created saturated industries visualization with 1 industries
2025-04-22 17:17:18,510 - industry_trend_analysis - INFO - Saturated industries visualization saved to outputs/industry_trends
2025-04-22 17:17:18,511 - industry_trend_analysis - INFO - Industry trend report generated: outputs/industry_trends/industry_trend_report.html
2025-04-22 17:21:01,343 - industry_trend_analysis - INFO - Industry Trend Analysis initialized
2025-04-22 17:21:01,355 - industry_trend_analysis - INFO - Loaded industry mappings from ./outputIndustryTrends/industry_mappings.json
2025-04-22 17:21:01,356 - industry_trend_analysis - INFO - Starting industry trend analysis pipeline
2025-04-22 17:21:01,356 - industry_trend_analysis - INFO - Loading data from JSON files
2025-04-22 17:21:01,360 - industry_trend_analysis - INFO - Loaded 1103 records from fundraiser data
2025-04-22 17:21:01,364 - industry_trend_analysis - INFO - Loaded 100 records from growthlist data
2025-04-22 17:21:01,367 - industry_trend_analysis - INFO - Loaded 546 records from topstartup data
2025-04-22 17:21:01,418 - industry_trend_analysis - INFO - Created DataFrame with 1749 records and 27 columns
2025-04-22 17:21:01,418 - industry_trend_analysis - INFO - Standardizing DataFrame
2025-04-22 17:21:01,424 - industry_trend_analysis - INFO - Handling duplicate column: company_name
2025-04-22 17:21:01,434 - industry_trend_analysis - INFO - Handling duplicate column: employees
2025-04-22 17:21:01,439 - industry_trend_analysis - INFO - Handling duplicate column: industry
2025-04-22 17:21:01,446 - industry_trend_analysis - INFO - Handling duplicate column: funding_date
2025-04-22 17:21:01,448 - industry_trend_analysis - INFO - Handling duplicate column: funding_stage
2025-04-22 17:21:01,485 - industry_trend_analysis - INFO - DataFrame standardization complete. Result has 1749 rows and 25 columns
2025-04-22 17:21:01,486 - industry_trend_analysis - INFO - Standardizing DataFrame
2025-04-22 17:21:01,505 - industry_trend_analysis - INFO - DataFrame standardization complete. Result has 1749 rows and 25 columns
2025-04-22 17:21:01,505 - industry_trend_analysis - INFO - Normalizing industry categories
2025-04-22 17:21:01,512 - industry_trend_analysis - INFO - Normalized to 132 industry categories
2025-04-22 17:21:01,512 - industry_trend_analysis - INFO - Creating trend features for analysis
2025-04-22 17:21:02,410 - industry_trend_analysis - INFO - Created time series features with 15 time periods
2025-04-22 17:21:02,418 - industry_trend_analysis - INFO - Applying STL decomposition for trend analysis
2025-04-22 17:21:02,832 - industry_trend_analysis - INFO - Completed trend analysis for 112 industries
2025-04-22 17:21:02,833 - industry_trend_analysis - INFO - Identifying emerging industries
2025-04-22 17:21:02,844 - industry_trend_analysis - INFO - Identified 26 emerging industries
2025-04-22 17:21:02,844 - industry_trend_analysis - INFO - Identifying saturated industries
2025-04-22 17:21:02,863 - industry_trend_analysis - INFO - Identified 1 potentially saturated industries
2025-04-22 17:21:46,301 - industry_trend_analysis - INFO - Industry trend visualizations saved to outputs/industry_trends
2025-04-22 17:21:46,450 - industry_trend_analysis - INFO - Created emerging industries visualization with 26 industries
2025-04-22 17:21:46,451 - industry_trend_analysis - INFO - Emerging industries visualization saved to outputs/industry_trends
2025-04-22 17:21:46,571 - industry_trend_analysis - INFO - Created saturated industries visualization with 1 industries
2025-04-22 17:21:46,571 - industry_trend_analysis - INFO - Saturated industries visualization saved to outputs/industry_trends
2025-04-22 17:21:46,573 - industry_trend_analysis - INFO - Industry trend report generated: outputs/industry_trends/industry_trend_report.html
2025-04-22 17:26:03,473 - industry_trend_analysis - INFO - Industry Trend Analysis initialized
2025-04-22 17:26:03,475 - industry_trend_analysis - INFO - Loaded industry mappings from ./outputIndustryTrends/industry_mappings.json
2025-04-22 17:26:03,476 - industry_trend_analysis - INFO - Starting industry trend analysis pipeline
2025-04-22 17:26:03,476 - industry_trend_analysis - INFO - Loading data from JSON files
2025-04-22 17:26:03,478 - industry_trend_analysis - INFO - Loaded 1103 records from fundraiser data
2025-04-22 17:26:03,479 - industry_trend_analysis - INFO - Loaded 100 records from growthlist data
2025-04-22 17:26:03,481 - industry_trend_analysis - INFO - Loaded 546 records from topstartup data
2025-04-22 17:26:03,487 - industry_trend_analysis - INFO - Created DataFrame with 1749 records and 27 columns
2025-04-22 17:26:03,487 - industry_trend_analysis - INFO - Standardizing DataFrame
2025-04-22 17:26:03,490 - industry_trend_analysis - INFO - Handling duplicate column: company_name
2025-04-22 17:26:03,492 - industry_trend_analysis - INFO - Handling duplicate column: employees
2025-04-22 17:26:03,493 - industry_trend_analysis - INFO - Handling duplicate column: industry
2025-04-22 17:26:03,495 - industry_trend_analysis - INFO - Handling duplicate column: funding_date
2025-04-22 17:26:03,497 - industry_trend_analysis - INFO - Handling duplicate column: funding_stage
2025-04-22 17:26:03,512 - industry_trend_analysis - INFO - DataFrame standardization complete. Result has 1749 rows and 25 columns
2025-04-22 17:26:03,513 - industry_trend_analysis - INFO - Standardizing DataFrame
2025-04-22 17:26:03,522 - industry_trend_analysis - INFO - DataFrame standardization complete. Result has 1749 rows and 25 columns
2025-04-22 17:26:03,522 - industry_trend_analysis - INFO - Normalizing industry categories
2025-04-22 17:26:03,526 - industry_trend_analysis - INFO - Normalized to 132 industry categories
2025-04-22 17:26:03,526 - industry_trend_analysis - INFO - Creating trend features for analysis
2025-04-22 17:26:03,909 - industry_trend_analysis - INFO - Created time series features with 15 time periods
2025-04-22 17:26:03,910 - industry_trend_analysis - INFO - Applying STL decomposition for trend analysis
2025-04-22 17:26:04,066 - industry_trend_analysis - INFO - Completed trend analysis for 110 industries
2025-04-22 17:26:04,067 - industry_trend_analysis - INFO - Identifying emerging industries
2025-04-22 17:26:04,070 - industry_trend_analysis - INFO - Identified 25 emerging industries
2025-04-22 17:26:04,070 - industry_trend_analysis - INFO - Identifying saturated industries
2025-04-22 17:26:04,075 - industry_trend_analysis - INFO - Identified 1 potentially saturated industries
2025-04-22 17:26:24,927 - industry_trend_analysis - INFO - Industry trend visualizations saved to outputs/industry_trends
2025-04-22 17:26:25,086 - industry_trend_analysis - INFO - Created emerging industries visualization with 25 industries
2025-04-22 17:26:25,087 - industry_trend_analysis - INFO - Emerging industries visualization saved to outputs/industry_trends
2025-04-22 17:26:25,087 - industry_trend_analysis - ERROR - Error generating industry trend report: cannot access local variable 'industry' where it is not associated with a value
2025-04-22 17:26:25,090 - industry_trend_analysis - ERROR - Traceback (most recent call last):
  File "/Users/hk/Downloads/DSFinalYearProject/MLPredictiveAnalysis/industry_trend_analysis.py", line 1248, in visualize_saturated_industries
    momentum = industry.get('momentum', 0) * 100
               ^^^^^^^^
UnboundLocalError: cannot access local variable 'industry' where it is not associated with a value

2025-04-22 17:26:25,090 - industry_trend_analysis - INFO - Saturated industries visualization saved to outputs/industry_trends
2025-04-22 17:26:25,095 - industry_trend_analysis - INFO - Industry trend report generated at outputs/industry_trends/industry_trend_report.html
2025-04-22 17:26:25,095 - industry_trend_analysis - INFO - Industry trend report generated: outputs/industry_trends/industry_trend_report.html
2025-04-22 17:26:46,772 - industry_trend_analysis - INFO - Industry Trend Analysis initialized
2025-04-22 17:26:46,774 - industry_trend_analysis - INFO - Loaded industry mappings from ./outputIndustryTrends/industry_mappings.json
2025-04-22 17:26:46,774 - industry_trend_analysis - INFO - Starting industry trend analysis pipeline
2025-04-22 17:26:46,774 - industry_trend_analysis - INFO - Loading data from JSON files
2025-04-22 17:26:46,778 - industry_trend_analysis - INFO - Loaded 1103 records from fundraiser data
2025-04-22 17:26:46,781 - industry_trend_analysis - INFO - Loaded 100 records from growthlist data
2025-04-22 17:26:46,783 - industry_trend_analysis - INFO - Loaded 546 records from topstartup data
2025-04-22 17:26:46,795 - industry_trend_analysis - INFO - Created DataFrame with 1749 records and 27 columns
2025-04-22 17:26:46,795 - industry_trend_analysis - INFO - Standardizing DataFrame
2025-04-22 17:26:46,804 - industry_trend_analysis - INFO - Handling duplicate column: company_name
2025-04-22 17:26:46,816 - industry_trend_analysis - INFO - Handling duplicate column: employees
2025-04-22 17:26:46,818 - industry_trend_analysis - INFO - Handling duplicate column: industry
2025-04-22 17:26:46,822 - industry_trend_analysis - INFO - Handling duplicate column: funding_date
2025-04-22 17:26:46,826 - industry_trend_analysis - INFO - Handling duplicate column: funding_stage
2025-04-22 17:26:46,856 - industry_trend_analysis - INFO - DataFrame standardization complete. Result has 1749 rows and 25 columns
2025-04-22 17:26:46,856 - industry_trend_analysis - INFO - Standardizing DataFrame
2025-04-22 17:26:46,869 - industry_trend_analysis - INFO - DataFrame standardization complete. Result has 1749 rows and 25 columns
2025-04-22 17:26:46,870 - industry_trend_analysis - INFO - Normalizing industry categories
2025-04-22 17:26:46,877 - industry_trend_analysis - INFO - Normalized to 132 industry categories
2025-04-22 17:26:46,877 - industry_trend_analysis - INFO - Creating trend features for analysis
2025-04-22 17:26:47,307 - industry_trend_analysis - INFO - Created time series features with 15 time periods
2025-04-22 17:26:47,307 - industry_trend_analysis - INFO - Applying STL decomposition for trend analysis
2025-04-22 17:26:47,505 - industry_trend_analysis - INFO - Completed trend analysis for 117 industries
2025-04-22 17:26:47,505 - industry_trend_analysis - INFO - Identifying emerging industries
2025-04-22 17:26:47,509 - industry_trend_analysis - INFO - Identified 28 emerging industries
2025-04-22 17:26:47,509 - industry_trend_analysis - INFO - Identifying saturated industries
2025-04-22 17:26:47,516 - industry_trend_analysis - INFO - Identified 1 potentially saturated industries
2025-04-22 17:27:19,967 - industry_trend_analysis - INFO - Industry trend visualizations saved to outputs/industry_trends
2025-04-22 17:27:20,103 - industry_trend_analysis - INFO - Created emerging industries visualization with 28 industries
2025-04-22 17:27:20,104 - industry_trend_analysis - INFO - Emerging industries visualization saved to outputs/industry_trends
2025-04-22 17:27:20,104 - industry_trend_analysis - ERROR - Error generating industry trend report: cannot access local variable 'industry' where it is not associated with a value
2025-04-22 17:27:20,108 - industry_trend_analysis - ERROR - Traceback (most recent call last):
  File "/Users/hk/Downloads/DSFinalYearProject/MLPredictiveAnalysis/industry_trend_analysis.py", line 1248, in visualize_saturated_industries
    momentum = industry.get('momentum', 0) * 100
               ^^^^^^^^
UnboundLocalError: cannot access local variable 'industry' where it is not associated with a value

2025-04-22 17:27:20,109 - industry_trend_analysis - INFO - Saturated industries visualization saved to outputs/industry_trends
2025-04-22 17:27:20,113 - industry_trend_analysis - INFO - Industry trend report generated at outputs/industry_trends/industry_trend_report.html
2025-04-22 17:27:20,114 - industry_trend_analysis - INFO - Industry trend report generated: outputs/industry_trends/industry_trend_report.html
2025-04-22 17:30:03,646 - industry_trend_analysis - INFO - Industry Trend Analysis initialized
2025-04-22 17:30:03,647 - industry_trend_analysis - INFO - Loaded industry mappings from ./outputIndustryTrends/industry_mappings.json
2025-04-22 17:30:03,647 - industry_trend_analysis - INFO - Starting industry trend analysis pipeline
2025-04-22 17:30:03,647 - industry_trend_analysis - INFO - Loading data from JSON files
2025-04-22 17:30:03,650 - industry_trend_analysis - INFO - Loaded 1103 records from fundraiser data
2025-04-22 17:30:03,651 - industry_trend_analysis - INFO - Loaded 100 records from growthlist data
2025-04-22 17:30:03,653 - industry_trend_analysis - INFO - Loaded 546 records from topstartup data
2025-04-22 17:30:03,659 - industry_trend_analysis - INFO - Created DataFrame with 1749 records and 27 columns
2025-04-22 17:30:03,659 - industry_trend_analysis - INFO - Standardizing DataFrame
2025-04-22 17:30:03,662 - industry_trend_analysis - INFO - Handling duplicate column: company_name
2025-04-22 17:30:03,665 - industry_trend_analysis - INFO - Handling duplicate column: employees
2025-04-22 17:30:03,666 - industry_trend_analysis - INFO - Handling duplicate column: industry
2025-04-22 17:30:03,668 - industry_trend_analysis - INFO - Handling duplicate column: funding_date
2025-04-22 17:30:03,669 - industry_trend_analysis - INFO - Handling duplicate column: funding_stage
2025-04-22 17:30:03,685 - industry_trend_analysis - INFO - DataFrame standardization complete. Result has 1749 rows and 25 columns
2025-04-22 17:30:03,686 - industry_trend_analysis - INFO - Standardizing DataFrame
2025-04-22 17:30:03,693 - industry_trend_analysis - INFO - DataFrame standardization complete. Result has 1749 rows and 25 columns
2025-04-22 17:30:03,693 - industry_trend_analysis - INFO - Normalizing industry categories
2025-04-22 17:30:03,697 - industry_trend_analysis - INFO - Normalized to 132 industry categories
2025-04-22 17:30:03,697 - industry_trend_analysis - INFO - Creating trend features for analysis
2025-04-22 17:30:04,051 - industry_trend_analysis - INFO - Created time series features with 15 time periods
2025-04-22 17:30:04,052 - industry_trend_analysis - INFO - Applying STL decomposition for trend analysis
2025-04-22 17:30:04,458 - industry_trend_analysis - INFO - Completed trend analysis for 111 industries
2025-04-22 17:30:04,484 - industry_trend_analysis - INFO - Identifying emerging industries
2025-04-22 17:30:04,709 - industry_trend_analysis - INFO - Identified 0 emerging industries
2025-04-22 17:30:04,709 - industry_trend_analysis - INFO - Identifying saturated industries
2025-04-22 17:30:04,715 - industry_trend_analysis - INFO - Identified 1 potentially saturated industries
2025-04-22 17:30:41,135 - industry_trend_analysis - INFO - Industry trend visualizations saved to outputs/industry_trends
2025-04-22 17:30:41,135 - industry_trend_analysis - WARNING - No emerging industries to visualize
2025-04-22 17:30:41,136 - industry_trend_analysis - INFO - Emerging industries visualization saved to outputs/industry_trends
2025-04-22 17:30:41,328 - industry_trend_analysis - INFO - Created saturated industries visualization with 1 industries
2025-04-22 17:30:41,328 - industry_trend_analysis - INFO - Saturated industries visualization saved to outputs/industry_trends
2025-04-22 17:30:41,330 - industry_trend_analysis - INFO - Industry trend report generated at outputs/industry_trends/industry_trend_report.html
2025-04-22 17:30:41,330 - industry_trend_analysis - INFO - Industry trend report generated: outputs/industry_trends/industry_trend_report.html
2025-04-22 17:32:40,003 - industry_trend_analysis - INFO - Industry Trend Analysis initialized
2025-04-22 17:32:40,005 - industry_trend_analysis - INFO - Loaded industry mappings from ./outputIndustryTrends/industry_mappings.json
2025-04-22 17:32:40,005 - industry_trend_analysis - INFO - Starting industry trend analysis pipeline
2025-04-22 17:32:40,005 - industry_trend_analysis - INFO - Loading data from JSON files
2025-04-22 17:32:40,008 - industry_trend_analysis - INFO - Loaded 1103 records from fundraiser data
2025-04-22 17:32:40,009 - industry_trend_analysis - INFO - Loaded 100 records from growthlist data
2025-04-22 17:32:40,011 - industry_trend_analysis - INFO - Loaded 546 records from topstartup data
2025-04-22 17:32:40,018 - industry_trend_analysis - INFO - Created DataFrame with 1749 records and 27 columns
2025-04-22 17:32:40,018 - industry_trend_analysis - INFO - Standardizing DataFrame
2025-04-22 17:32:40,022 - industry_trend_analysis - INFO - Handling duplicate column: company_name
2025-04-22 17:32:40,026 - industry_trend_analysis - INFO - Handling duplicate column: employees
2025-04-22 17:32:40,026 - industry_trend_analysis - INFO - Handling duplicate column: industry
2025-04-22 17:32:40,029 - industry_trend_analysis - INFO - Handling duplicate column: funding_date
2025-04-22 17:32:40,031 - industry_trend_analysis - INFO - Handling duplicate column: funding_stage
2025-04-22 17:32:40,044 - industry_trend_analysis - INFO - DataFrame standardization complete. Result has 1749 rows and 25 columns
2025-04-22 17:32:40,045 - industry_trend_analysis - INFO - Standardizing DataFrame
2025-04-22 17:32:40,057 - industry_trend_analysis - INFO - DataFrame standardization complete. Result has 1749 rows and 25 columns
2025-04-22 17:32:40,057 - industry_trend_analysis - INFO - Normalizing industry categories
2025-04-22 17:32:40,061 - industry_trend_analysis - INFO - Normalized to 132 industry categories
2025-04-22 17:32:40,061 - industry_trend_analysis - INFO - Creating trend features for analysis
2025-04-22 17:32:40,401 - industry_trend_analysis - INFO - Created time series features with 15 time periods
2025-04-22 17:32:40,402 - industry_trend_analysis - INFO - Applying STL decomposition for trend analysis
2025-04-22 17:32:40,568 - industry_trend_analysis - INFO - Completed trend analysis for 115 industries
2025-04-22 17:32:40,568 - industry_trend_analysis - INFO - Identifying emerging industries
2025-04-22 17:32:40,598 - industry_trend_analysis - INFO - Identified 0 emerging industries
2025-04-22 17:32:40,598 - industry_trend_analysis - INFO - Identifying saturated industries
2025-04-22 17:32:40,598 - industry_trend_analysis - INFO - Found 115 industries to analyze for saturation
2025-04-22 17:32:40,600 - industry_trend_analysis - INFO - Decline-based saturated industry: Analytics, decline: -83.77%
2025-04-22 17:32:40,600 - industry_trend_analysis - INFO - Decline-based saturated industry: Architecture, decline: -84.00%
2025-04-22 17:32:40,601 - industry_trend_analysis - INFO - Decline-based saturated industry: Augmented Reality, decline: -45.65%
2025-04-22 17:32:40,605 - industry_trend_analysis - INFO - Decline-based saturated industry: Finance, decline: -41.75%
2025-04-22 17:32:40,609 - industry_trend_analysis - INFO - Saturated industry candidate: Telecommunications, momentum: -0.6667, avg_momentum: -0.0684
2025-04-22 17:32:40,609 - industry_trend_analysis - INFO - Decline calculation for Telecommunications: latest=82000000.0, max=164000000.0, decline=-50.00%
2025-04-22 17:32:40,627 - industry_trend_analysis - INFO - Top saturated industry 1: Telecommunications, momentum: -66.67%, decline: -50.00%
2025-04-22 17:32:40,627 - industry_trend_analysis - INFO - Top saturated industry 2: Architecture, momentum: 0.00%, decline: -84.00%
2025-04-22 17:32:40,627 - industry_trend_analysis - INFO - Top saturated industry 3: Analytics, momentum: 0.00%, decline: -83.77%
2025-04-22 17:32:40,628 - industry_trend_analysis - INFO - Top saturated industry 4: Augmented Reality, momentum: 0.00%, decline: -45.65%
2025-04-22 17:32:40,628 - industry_trend_analysis - INFO - Top saturated industry 5: Finance, momentum: 0.00%, decline: -41.75%
2025-04-22 17:32:40,628 - industry_trend_analysis - INFO - Identified 1 potentially saturated industries
2025-04-22 17:33:02,270 - industry_trend_analysis - INFO - Industry trend visualizations saved to outputs/industry_trends
2025-04-22 17:33:02,270 - industry_trend_analysis - WARNING - No emerging industries to visualize
2025-04-22 17:33:02,270 - industry_trend_analysis - INFO - Emerging industries visualization saved to outputs/industry_trends
2025-04-22 17:33:02,356 - industry_trend_analysis - INFO - Created saturated industries visualization with 1 industries
2025-04-22 17:33:02,356 - industry_trend_analysis - INFO - Saturated industries visualization saved to outputs/industry_trends
2025-04-22 17:33:02,360 - industry_trend_analysis - INFO - Industry trend report generated at outputs/industry_trends/industry_trend_report.html
2025-04-22 17:33:02,360 - industry_trend_analysis - INFO - Industry trend report generated: outputs/industry_trends/industry_trend_report.html
2025-04-22 17:33:49,838 - industry_trend_analysis - INFO - Industry Trend Analysis initialized
2025-04-22 17:33:49,839 - industry_trend_analysis - INFO - Loaded industry mappings from ./outputIndustryTrends/industry_mappings.json
2025-04-22 17:33:49,839 - industry_trend_analysis - INFO - Starting industry trend analysis pipeline
2025-04-22 17:33:49,839 - industry_trend_analysis - INFO - Loading data from JSON files
2025-04-22 17:33:49,842 - industry_trend_analysis - INFO - Loaded 1103 records from fundraiser data
2025-04-22 17:33:49,843 - industry_trend_analysis - INFO - Loaded 100 records from growthlist data
2025-04-22 17:33:49,848 - industry_trend_analysis - INFO - Loaded 546 records from topstartup data
2025-04-22 17:33:49,856 - industry_trend_analysis - INFO - Created DataFrame with 1749 records and 27 columns
2025-04-22 17:33:49,856 - industry_trend_analysis - INFO - Standardizing DataFrame
2025-04-22 17:33:49,859 - industry_trend_analysis - INFO - Handling duplicate column: company_name
2025-04-22 17:33:49,862 - industry_trend_analysis - INFO - Handling duplicate column: employees
2025-04-22 17:33:49,864 - industry_trend_analysis - INFO - Handling duplicate column: industry
2025-04-22 17:33:49,867 - industry_trend_analysis - INFO - Handling duplicate column: funding_date
2025-04-22 17:33:49,871 - industry_trend_analysis - INFO - Handling duplicate column: funding_stage
2025-04-22 17:33:49,897 - industry_trend_analysis - INFO - DataFrame standardization complete. Result has 1749 rows and 25 columns
2025-04-22 17:33:49,898 - industry_trend_analysis - INFO - Standardizing DataFrame
2025-04-22 17:33:49,908 - industry_trend_analysis - INFO - DataFrame standardization complete. Result has 1749 rows and 25 columns
2025-04-22 17:33:49,908 - industry_trend_analysis - INFO - Normalizing industry categories
2025-04-22 17:33:49,912 - industry_trend_analysis - INFO - Normalized to 132 industry categories
2025-04-22 17:33:49,912 - industry_trend_analysis - INFO - Creating trend features for analysis
2025-04-22 17:33:50,431 - industry_trend_analysis - INFO - Created time series features with 15 time periods
2025-04-22 17:33:50,432 - industry_trend_analysis - INFO - Applying STL decomposition for trend analysis
2025-04-22 17:33:51,420 - industry_trend_analysis - INFO - Completed trend analysis for 108 industries
2025-04-22 17:33:51,437 - industry_trend_analysis - INFO - Identifying emerging industries
2025-04-22 17:33:51,500 - industry_trend_analysis - INFO - Identified 0 emerging industries
2025-04-22 17:33:51,500 - industry_trend_analysis - INFO - Identifying saturated industries
2025-04-22 17:33:51,500 - industry_trend_analysis - INFO - Found 108 industries to analyze for saturation
2025-04-22 17:33:51,502 - industry_trend_analysis - INFO - Decline-based saturated industry: Architecture, decline: -84.00%
2025-04-22 17:33:51,514 - industry_trend_analysis - INFO - Saturated industry candidate: Telecommunications, momentum: -0.6667, avg_momentum: -0.0684
2025-04-22 17:33:51,515 - industry_trend_analysis - INFO - Decline calculation for Telecommunications: latest=82000000.0, max=164000000.0, decline=-50.00%
2025-04-22 17:33:51,916 - industry_trend_analysis - INFO - Top saturated industry 1: Telecommunications, momentum: -66.67%, decline: -50.00%
2025-04-22 17:33:51,916 - industry_trend_analysis - INFO - Top saturated industry 2: Architecture, momentum: 0.00%, decline: -84.00%
2025-04-22 17:33:51,918 - industry_trend_analysis - INFO - Identified 1 potentially saturated industries
2025-04-22 17:33:54,635 - industry_trend_analysis - INFO - Industry Trend Analysis initialized
2025-04-22 17:33:54,637 - industry_trend_analysis - INFO - Loaded industry mappings from ./outputIndustryTrends/industry_mappings.json
2025-04-22 17:33:54,637 - industry_trend_analysis - INFO - Starting industry trend analysis pipeline
2025-04-22 17:33:54,637 - industry_trend_analysis - INFO - Loading data from JSON files
2025-04-22 17:33:54,640 - industry_trend_analysis - INFO - Loaded 1103 records from fundraiser data
2025-04-22 17:33:54,640 - industry_trend_analysis - INFO - Loaded 100 records from growthlist data
2025-04-22 17:33:54,643 - industry_trend_analysis - INFO - Loaded 546 records from topstartup data
2025-04-22 17:33:54,653 - industry_trend_analysis - INFO - Created DataFrame with 1749 records and 27 columns
2025-04-22 17:33:54,654 - industry_trend_analysis - INFO - Standardizing DataFrame
2025-04-22 17:33:54,655 - industry_trend_analysis - INFO - Handling duplicate column: company_name
2025-04-22 17:33:54,658 - industry_trend_analysis - INFO - Handling duplicate column: employees
2025-04-22 17:33:54,660 - industry_trend_analysis - INFO - Handling duplicate column: industry
2025-04-22 17:33:54,662 - industry_trend_analysis - INFO - Handling duplicate column: funding_date
2025-04-22 17:33:54,665 - industry_trend_analysis - INFO - Handling duplicate column: funding_stage
2025-04-22 17:33:54,686 - industry_trend_analysis - INFO - DataFrame standardization complete. Result has 1749 rows and 25 columns
2025-04-22 17:33:54,688 - industry_trend_analysis - INFO - Standardizing DataFrame
2025-04-22 17:33:54,696 - industry_trend_analysis - INFO - DataFrame standardization complete. Result has 1749 rows and 25 columns
2025-04-22 17:33:54,698 - industry_trend_analysis - INFO - Normalizing industry categories
2025-04-22 17:33:54,706 - industry_trend_analysis - INFO - Normalized to 132 industry categories
2025-04-22 17:33:54,706 - industry_trend_analysis - INFO - Creating trend features for analysis
2025-04-22 17:33:55,221 - industry_trend_analysis - INFO - Created time series features with 15 time periods
2025-04-22 17:33:55,222 - industry_trend_analysis - INFO - Applying STL decomposition for trend analysis
2025-04-22 17:33:55,502 - industry_trend_analysis - INFO - Completed trend analysis for 116 industries
2025-04-22 17:33:55,502 - industry_trend_analysis - INFO - Identifying emerging industries
2025-04-22 17:33:55,542 - industry_trend_analysis - INFO - Identified 0 emerging industries
2025-04-22 17:33:55,542 - industry_trend_analysis - INFO - Identifying saturated industries
2025-04-22 17:33:55,542 - industry_trend_analysis - INFO - Found 116 industries to analyze for saturation
2025-04-22 17:33:55,545 - industry_trend_analysis - INFO - Decline-based saturated industry: Analytics, decline: -83.77%
2025-04-22 17:33:55,550 - industry_trend_analysis - INFO - Decline-based saturated industry: Energy, decline: -33.18%
2025-04-22 17:33:55,558 - industry_trend_analysis - INFO - Saturated industry candidate: Telecommunications, momentum: -0.6667, avg_momentum: -0.0684
2025-04-22 17:33:55,558 - industry_trend_analysis - INFO - Decline calculation for Telecommunications: latest=82000000.0, max=164000000.0, decline=-50.00%
2025-04-22 17:33:55,585 - industry_trend_analysis - INFO - Top saturated industry 1: Telecommunications, momentum: -66.67%, decline: -50.00%
2025-04-22 17:33:55,586 - industry_trend_analysis - INFO - Top saturated industry 2: Analytics, momentum: 0.00%, decline: -83.77%
2025-04-22 17:33:55,586 - industry_trend_analysis - INFO - Top saturated industry 3: Energy, momentum: 0.00%, decline: -33.18%
2025-04-22 17:33:55,586 - industry_trend_analysis - INFO - Identified 1 potentially saturated industries
2025-04-22 17:34:30,661 - industry_trend_analysis - INFO - Industry trend visualizations saved to outputs/industry_trends
2025-04-22 17:34:30,662 - industry_trend_analysis - WARNING - No emerging industries to visualize
2025-04-22 17:34:30,662 - industry_trend_analysis - INFO - Emerging industries visualization saved to outputs/industry_trends
2025-04-22 17:34:30,789 - industry_trend_analysis - INFO - Created saturated industries visualization with 1 industries
2025-04-22 17:34:30,789 - industry_trend_analysis - INFO - Saturated industries visualization saved to outputs/industry_trends
2025-04-22 17:34:30,791 - industry_trend_analysis - INFO - Industry trend report generated at outputs/industry_trends/industry_trend_report.html
2025-04-22 17:34:30,792 - industry_trend_analysis - INFO - Industry trend report generated: outputs/industry_trends/industry_trend_report.html
2025-04-22 17:34:35,420 - industry_trend_analysis - INFO - Industry trend visualizations saved to outputs/industry_trends
2025-04-22 17:34:35,420 - industry_trend_analysis - WARNING - No emerging industries to visualize
2025-04-22 17:34:35,420 - industry_trend_analysis - INFO - Emerging industries visualization saved to outputs/industry_trends
2025-04-22 17:34:35,546 - industry_trend_analysis - INFO - Created saturated industries visualization with 1 industries
2025-04-22 17:34:35,546 - industry_trend_analysis - INFO - Saturated industries visualization saved to outputs/industry_trends
2025-04-22 17:34:35,548 - industry_trend_analysis - INFO - Industry trend report generated at outputs/industry_trends/industry_trend_report.html
2025-04-22 17:34:35,549 - industry_trend_analysis - INFO - Industry trend report generated: outputs/industry_trends/industry_trend_report.html
2025-04-22 17:35:41,382 - industry_trend_analysis - INFO - Industry Trend Analysis initialized
2025-04-22 17:35:41,385 - industry_trend_analysis - INFO - Loaded industry mappings from ./outputIndustryTrends/industry_mappings.json
2025-04-22 17:35:41,385 - industry_trend_analysis - INFO - Starting industry trend analysis pipeline
2025-04-22 17:35:41,385 - industry_trend_analysis - INFO - Loading data from JSON files
2025-04-22 17:35:41,390 - industry_trend_analysis - INFO - Loaded 1103 records from fundraiser data
2025-04-22 17:35:41,391 - industry_trend_analysis - INFO - Loaded 100 records from growthlist data
2025-04-22 17:35:41,393 - industry_trend_analysis - INFO - Loaded 546 records from topstartup data
2025-04-22 17:35:41,401 - industry_trend_analysis - INFO - Created DataFrame with 1749 records and 27 columns
2025-04-22 17:35:41,401 - industry_trend_analysis - INFO - Standardizing DataFrame
2025-04-22 17:35:41,404 - industry_trend_analysis - INFO - Handling duplicate column: company_name
2025-04-22 17:35:41,407 - industry_trend_analysis - INFO - Handling duplicate column: employees
2025-04-22 17:35:41,408 - industry_trend_analysis - INFO - Handling duplicate column: industry
2025-04-22 17:35:41,410 - industry_trend_analysis - INFO - Handling duplicate column: funding_date
2025-04-22 17:35:41,411 - industry_trend_analysis - INFO - Handling duplicate column: funding_stage
2025-04-22 17:35:41,425 - industry_trend_analysis - INFO - DataFrame standardization complete. Result has 1749 rows and 25 columns
2025-04-22 17:35:41,426 - industry_trend_analysis - INFO - Standardizing DataFrame
2025-04-22 17:35:41,434 - industry_trend_analysis - INFO - DataFrame standardization complete. Result has 1749 rows and 25 columns
2025-04-22 17:35:41,434 - industry_trend_analysis - INFO - Normalizing industry categories
2025-04-22 17:35:41,437 - industry_trend_analysis - INFO - Normalized to 132 industry categories
2025-04-22 17:35:41,437 - industry_trend_analysis - INFO - Creating trend features for analysis
2025-04-22 17:35:41,773 - industry_trend_analysis - INFO - Created time series features with 15 time periods
2025-04-22 17:35:41,774 - industry_trend_analysis - INFO - Applying STL decomposition for trend analysis
2025-04-22 17:35:41,945 - industry_trend_analysis - INFO - Completed trend analysis for 113 industries
2025-04-22 17:35:41,945 - industry_trend_analysis - INFO - Identifying emerging industries
2025-04-22 17:35:41,974 - industry_trend_analysis - INFO - Identified 0 emerging industries
2025-04-22 17:35:41,974 - industry_trend_analysis - INFO - Identifying saturated industries
2025-04-22 17:35:41,974 - industry_trend_analysis - INFO - Found 113 industries to analyze for saturation
2025-04-22 17:35:41,976 - industry_trend_analysis - INFO - Decline-based saturated industry: Analytics, decline: -83.77%
2025-04-22 17:35:41,976 - industry_trend_analysis - INFO - Decline-based saturated industry: Architecture, decline: -84.00%
2025-04-22 17:35:41,977 - industry_trend_analysis - INFO - Decline-based saturated industry: Cloud Computing, decline: -90.00%
2025-04-22 17:35:41,979 - industry_trend_analysis - INFO - Decline-based saturated industry: Electronics, decline: -72.00%
2025-04-22 17:35:41,980 - industry_trend_analysis - INFO - Decline-based saturated industry: Energy, decline: -33.18%
2025-04-22 17:35:41,985 - industry_trend_analysis - INFO - Saturated industry candidate: Telecommunications, momentum: -0.6667, avg_momentum: -0.0684
2025-04-22 17:35:41,985 - industry_trend_analysis - INFO - Decline calculation for Telecommunications: latest=82000000.0, max=164000000.0, decline=-50.00%
2025-04-22 17:35:42,004 - industry_trend_analysis - INFO - Top saturated industry 1: Telecommunications, momentum: -66.67%, decline: -50.00%
2025-04-22 17:35:42,004 - industry_trend_analysis - INFO - Top saturated industry 2: Cloud Computing, momentum: 0.00%, decline: -90.00%
2025-04-22 17:35:42,004 - industry_trend_analysis - INFO - Top saturated industry 3: Architecture, momentum: 0.00%, decline: -84.00%
2025-04-22 17:35:42,004 - industry_trend_analysis - INFO - Top saturated industry 4: Analytics, momentum: 0.00%, decline: -83.77%
2025-04-22 17:35:42,004 - industry_trend_analysis - INFO - Top saturated industry 5: Electronics, momentum: 0.00%, decline: -72.00%
2025-04-22 17:35:42,004 - industry_trend_analysis - INFO - Top saturated industry 6: Energy, momentum: 0.00%, decline: -33.18%
2025-04-22 17:35:42,004 - industry_trend_analysis - INFO - Identified 1 potentially saturated industries
2025-04-22 17:36:03,522 - industry_trend_analysis - INFO - Industry trend visualizations saved to outputs/industry_trends
2025-04-22 17:36:03,522 - industry_trend_analysis - WARNING - No emerging industries to visualize
2025-04-22 17:36:03,522 - industry_trend_analysis - INFO - Emerging industries visualization saved to outputs/industry_trends
2025-04-22 17:36:03,612 - industry_trend_analysis - INFO - Created saturated industries visualization with 1 industries
2025-04-22 17:36:03,612 - industry_trend_analysis - INFO - Saturated industries visualization saved to outputs/industry_trends
2025-04-22 17:36:03,613 - industry_trend_analysis - INFO - Industry trend report generated at outputs/industry_trends/industry_trend_report.html
2025-04-22 17:36:03,613 - industry_trend_analysis - INFO - Industry trend report generated: outputs/industry_trends/industry_trend_report.html
2025-04-22 17:37:07,209 - industry_trend_analysis - INFO - Industry Trend Analysis initialized
2025-04-22 17:37:07,212 - industry_trend_analysis - INFO - Loaded industry mappings from ./outputIndustryTrends/industry_mappings.json
2025-04-22 17:37:07,212 - industry_trend_analysis - INFO - Starting industry trend analysis pipeline
2025-04-22 17:37:07,212 - industry_trend_analysis - INFO - Loading data from JSON files
2025-04-22 17:37:07,217 - industry_trend_analysis - INFO - Loaded 1103 records from fundraiser data
2025-04-22 17:37:07,218 - industry_trend_analysis - INFO - Loaded 100 records from growthlist data
2025-04-22 17:37:07,221 - industry_trend_analysis - INFO - Loaded 546 records from topstartup data
2025-04-22 17:37:07,242 - industry_trend_analysis - INFO - Created DataFrame with 1749 records and 27 columns
2025-04-22 17:37:07,243 - industry_trend_analysis - INFO - Standardizing DataFrame
2025-04-22 17:37:07,259 - industry_trend_analysis - INFO - Handling duplicate column: company_name
2025-04-22 17:37:07,267 - industry_trend_analysis - INFO - Handling duplicate column: employees
2025-04-22 17:37:07,269 - industry_trend_analysis - INFO - Handling duplicate column: industry
2025-04-22 17:37:07,279 - industry_trend_analysis - INFO - Handling duplicate column: funding_date
2025-04-22 17:37:07,282 - industry_trend_analysis - INFO - Handling duplicate column: funding_stage
2025-04-22 17:37:07,322 - industry_trend_analysis - INFO - DataFrame standardization complete. Result has 1749 rows and 25 columns
2025-04-22 17:37:07,323 - industry_trend_analysis - INFO - Standardizing DataFrame
2025-04-22 17:37:07,332 - industry_trend_analysis - INFO - DataFrame standardization complete. Result has 1749 rows and 25 columns
2025-04-22 17:37:07,332 - industry_trend_analysis - INFO - Normalizing industry categories
2025-04-22 17:37:07,335 - industry_trend_analysis - INFO - Normalized to 132 industry categories
2025-04-22 17:37:07,335 - industry_trend_analysis - INFO - Creating trend features for analysis
2025-04-22 17:37:08,642 - industry_trend_analysis - INFO - Created time series features with 15 time periods
2025-04-22 17:37:08,649 - industry_trend_analysis - INFO - Applying STL decomposition for trend analysis
2025-04-22 17:37:09,049 - industry_trend_analysis - INFO - Completed trend analysis for 113 industries
2025-04-22 17:37:09,049 - industry_trend_analysis - INFO - Identifying emerging industries
2025-04-22 17:37:09,139 - industry_trend_analysis - INFO - Identified 0 emerging industries
2025-04-22 17:37:09,150 - industry_trend_analysis - INFO - Identifying saturated industries
2025-04-22 17:37:09,155 - industry_trend_analysis - INFO - Found 113 industries to analyze for saturation
2025-04-22 17:37:09,206 - industry_trend_analysis - INFO - Decline-based saturated industry: Cloud Computing, decline: -62.86%
2025-04-22 17:37:09,226 - industry_trend_analysis - INFO - Decline-based saturated industry: Electronics, decline: -72.00%
2025-04-22 17:37:09,229 - industry_trend_analysis - INFO - Decline-based saturated industry: Energy, decline: -33.18%
2025-04-22 17:37:09,250 - industry_trend_analysis - INFO - Saturated industry candidate: Telecommunications, momentum: -0.6667, avg_momentum: -0.0684
2025-04-22 17:37:09,252 - industry_trend_analysis - INFO - Decline calculation for Telecommunications: latest=82000000.0, max=164000000.0, decline=-50.00%
2025-04-22 17:37:09,495 - industry_trend_analysis - INFO - Top saturated industry 1: Telecommunications, momentum: -66.67%, decline: -50.00%
2025-04-22 17:37:09,639 - industry_trend_analysis - INFO - Top saturated industry 2: Electronics, momentum: 0.00%, decline: -72.00%
2025-04-22 17:37:09,641 - industry_trend_analysis - INFO - Top saturated industry 3: Cloud Computing, momentum: 0.00%, decline: -62.86%
2025-04-22 17:37:09,650 - industry_trend_analysis - INFO - Top saturated industry 4: Energy, momentum: 0.00%, decline: -33.18%
2025-04-22 17:37:09,651 - industry_trend_analysis - INFO - Identified 1 potentially saturated industries
2025-04-22 17:37:41,785 - industry_trend_analysis - INFO - Industry trend visualizations saved to outputs/industry_trends
2025-04-22 17:37:41,785 - industry_trend_analysis - WARNING - No emerging industries to visualize
2025-04-22 17:37:41,786 - industry_trend_analysis - INFO - Emerging industries visualization saved to outputs/industry_trends
2025-04-22 17:37:41,953 - industry_trend_analysis - INFO - Created saturated industries visualization with 1 industries
2025-04-22 17:37:41,953 - industry_trend_analysis - INFO - Saturated industries visualization saved to outputs/industry_trends
2025-04-22 17:37:41,955 - industry_trend_analysis - INFO - Industry trend report generated at outputs/industry_trends/industry_trend_report.html
2025-04-22 17:37:41,955 - industry_trend_analysis - INFO - Industry trend report generated: outputs/industry_trends/industry_trend_report.html
2025-04-22 17:37:56,926 - industry_trend_analysis - INFO - Industry Trend Analysis initialized
2025-04-22 17:37:56,928 - industry_trend_analysis - INFO - Loaded industry mappings from ./outputIndustryTrends/industry_mappings.json
2025-04-22 17:37:56,928 - industry_trend_analysis - INFO - Starting industry trend analysis pipeline
2025-04-22 17:37:56,928 - industry_trend_analysis - INFO - Loading data from JSON files
2025-04-22 17:37:56,931 - industry_trend_analysis - INFO - Loaded 1103 records from fundraiser data
2025-04-22 17:37:56,932 - industry_trend_analysis - INFO - Loaded 100 records from growthlist data
2025-04-22 17:37:56,934 - industry_trend_analysis - INFO - Loaded 546 records from topstartup data
2025-04-22 17:37:56,941 - industry_trend_analysis - INFO - Created DataFrame with 1749 records and 27 columns
2025-04-22 17:37:56,941 - industry_trend_analysis - INFO - Standardizing DataFrame
2025-04-22 17:37:56,945 - industry_trend_analysis - INFO - Handling duplicate column: company_name
2025-04-22 17:37:56,949 - industry_trend_analysis - INFO - Handling duplicate column: employees
2025-04-22 17:37:56,950 - industry_trend_analysis - INFO - Handling duplicate column: industry
2025-04-22 17:37:56,953 - industry_trend_analysis - INFO - Handling duplicate column: funding_date
2025-04-22 17:37:56,954 - industry_trend_analysis - INFO - Handling duplicate column: funding_stage
2025-04-22 17:37:56,970 - industry_trend_analysis - INFO - DataFrame standardization complete. Result has 1749 rows and 25 columns
2025-04-22 17:37:56,971 - industry_trend_analysis - INFO - Standardizing DataFrame
2025-04-22 17:37:56,981 - industry_trend_analysis - INFO - DataFrame standardization complete. Result has 1749 rows and 25 columns
2025-04-22 17:37:56,981 - industry_trend_analysis - INFO - Normalizing industry categories
2025-04-22 17:37:56,985 - industry_trend_analysis - INFO - Normalized to 132 industry categories
2025-04-22 17:37:56,985 - industry_trend_analysis - INFO - Creating trend features for analysis
2025-04-22 17:37:57,412 - industry_trend_analysis - INFO - Created time series features with 15 time periods
2025-04-22 17:37:57,413 - industry_trend_analysis - INFO - Applying STL decomposition for trend analysis
2025-04-22 17:37:57,702 - industry_trend_analysis - INFO - Completed trend analysis for 115 industries
2025-04-22 17:37:57,702 - industry_trend_analysis - INFO - Identifying emerging industries
2025-04-22 17:37:57,748 - industry_trend_analysis - INFO - Identified 0 emerging industries
2025-04-22 17:37:57,749 - industry_trend_analysis - INFO - Identifying saturated industries
2025-04-22 17:37:57,749 - industry_trend_analysis - INFO - Found 115 industries to analyze for saturation
2025-04-22 17:37:57,751 - industry_trend_analysis - INFO - Decline-based saturated industry: Architecture, decline: -84.00%
2025-04-22 17:37:57,752 - industry_trend_analysis - INFO - Decline-based saturated industry: Augmented Reality, decline: -45.65%
2025-04-22 17:37:57,755 - industry_trend_analysis - INFO - Decline-based saturated industry: Energy, decline: -33.18%
2025-04-22 17:37:57,757 - industry_trend_analysis - INFO - Decline-based saturated industry: Healthcare, decline: -67.91%
2025-04-22 17:37:57,768 - industry_trend_analysis - INFO - Saturated industry candidate: Telecommunications, momentum: -0.6667, avg_momentum: -0.0684
2025-04-22 17:37:57,768 - industry_trend_analysis - INFO - Decline calculation for Telecommunications: latest=82000000.0, max=164000000.0, decline=-50.00%
2025-04-22 17:37:57,797 - industry_trend_analysis - INFO - Top saturated industry 1: Telecommunications, momentum: -66.67%, decline: -50.00%
2025-04-22 17:37:57,798 - industry_trend_analysis - INFO - Top saturated industry 2: Architecture, momentum: 0.00%, decline: -84.00%
2025-04-22 17:37:57,798 - industry_trend_analysis - INFO - Top saturated industry 3: Healthcare, momentum: 0.00%, decline: -67.91%
2025-04-22 17:37:57,798 - industry_trend_analysis - INFO - Top saturated industry 4: Augmented Reality, momentum: 0.00%, decline: -45.65%
2025-04-22 17:37:57,798 - industry_trend_analysis - INFO - Top saturated industry 5: Energy, momentum: 0.00%, decline: -33.18%
2025-04-22 17:37:57,799 - industry_trend_analysis - INFO - Identified 1 potentially saturated industries
2025-04-22 17:38:24,228 - industry_trend_analysis - INFO - Industry trend visualizations saved to outputs/industry_trends
2025-04-22 17:38:24,228 - industry_trend_analysis - WARNING - No emerging industries to visualize
2025-04-22 17:38:24,228 - industry_trend_analysis - INFO - Emerging industries visualization saved to outputs/industry_trends
2025-04-22 17:38:24,332 - industry_trend_analysis - INFO - Created saturated industries visualization with 1 industries
2025-04-22 17:38:24,333 - industry_trend_analysis - INFO - Saturated industries visualization saved to outputs/industry_trends
2025-04-22 17:38:24,334 - industry_trend_analysis - INFO - Industry trend report generated at outputs/industry_trends/industry_trend_report.html
2025-04-22 17:38:24,334 - industry_trend_analysis - INFO - Industry trend report generated: outputs/industry_trends/industry_trend_report.html
2025-04-22 17:44:27,088 - industry_trend_analysis - INFO - Industry Trend Analysis initialized
2025-04-22 17:44:27,091 - industry_trend_analysis - INFO - Loaded industry mappings from ./outputIndustryTrends/industry_mappings.json
2025-04-22 17:44:27,091 - industry_trend_analysis - INFO - Starting industry trend analysis pipeline
2025-04-22 17:44:27,091 - industry_trend_analysis - INFO - Loading data from JSON files
2025-04-22 17:44:27,097 - industry_trend_analysis - INFO - Loaded 1103 records from fundraiser data
2025-04-22 17:44:27,098 - industry_trend_analysis - INFO - Loaded 100 records from growthlist data
2025-04-22 17:44:27,100 - industry_trend_analysis - INFO - Loaded 546 records from topstartup data
2025-04-22 17:44:27,107 - industry_trend_analysis - INFO - Created DataFrame with 1749 records and 27 columns
2025-04-22 17:44:27,107 - industry_trend_analysis - INFO - Standardizing DataFrame
2025-04-22 17:44:27,120 - industry_trend_analysis - INFO - Handling duplicate column: company_name
2025-04-22 17:44:27,133 - industry_trend_analysis - INFO - Handling duplicate column: employees
2025-04-22 17:44:27,135 - industry_trend_analysis - INFO - Handling duplicate column: industry
2025-04-22 17:44:27,143 - industry_trend_analysis - INFO - Handling duplicate column: funding_date
2025-04-22 17:44:27,145 - industry_trend_analysis - INFO - Handling duplicate column: funding_stage
2025-04-22 17:44:27,168 - industry_trend_analysis - INFO - DataFrame standardization complete. Result has 1749 rows and 25 columns
2025-04-22 17:44:27,168 - industry_trend_analysis - INFO - Standardizing DataFrame
2025-04-22 17:44:27,176 - industry_trend_analysis - INFO - DataFrame standardization complete. Result has 1749 rows and 25 columns
2025-04-22 17:44:27,177 - industry_trend_analysis - INFO - Normalizing industry categories
2025-04-22 17:44:27,180 - industry_trend_analysis - INFO - Normalized to 132 industry categories
2025-04-22 17:44:27,180 - industry_trend_analysis - INFO - Creating trend features for analysis
2025-04-22 17:44:27,664 - industry_trend_analysis - INFO - Created time series features with 15 time periods
2025-04-22 17:44:27,665 - industry_trend_analysis - INFO - Applying STL decomposition for trend analysis
2025-04-22 17:44:27,868 - industry_trend_analysis - INFO - Completed trend analysis for 113 industries
2025-04-22 17:44:27,869 - industry_trend_analysis - INFO - Identifying emerging industries
2025-04-22 17:44:27,899 - industry_trend_analysis - INFO - Identified 0 emerging industries
2025-04-22 17:44:27,899 - industry_trend_analysis - INFO - Identifying saturated industries
2025-04-22 17:44:27,900 - industry_trend_analysis - INFO - Found 113 industries to analyze for saturation
2025-04-22 17:44:27,902 - industry_trend_analysis - INFO - Decline-based saturated industry: Analytics, decline: -83.77%
2025-04-22 17:44:27,902 - industry_trend_analysis - INFO - Decline-based saturated industry: Architecture, decline: -84.00%
2025-04-22 17:44:27,904 - industry_trend_analysis - INFO - Decline-based saturated industry: Augmented Reality, decline: -45.65%
2025-04-22 17:44:27,907 - industry_trend_analysis - INFO - Decline-based saturated industry: Energy, decline: -33.18%
2025-04-22 17:44:27,908 - industry_trend_analysis - INFO - Decline-based saturated industry: Family, decline: -50.00%
2025-04-22 17:44:27,909 - industry_trend_analysis - INFO - Decline-based saturated industry: Healthcare, decline: -27.46%
2025-04-22 17:44:27,912 - industry_trend_analysis - INFO - Saturated industry candidate: Telecommunications, momentum: -0.6667, avg_momentum: -0.0684
2025-04-22 17:44:27,912 - industry_trend_analysis - INFO - Decline calculation for Telecommunications: latest=82000000.0, max=164000000.0, decline=-50.00%
2025-04-22 17:44:27,941 - industry_trend_analysis - INFO - Top saturated industry 1: Telecommunications, momentum: -66.67%, decline: -50.00%
2025-04-22 17:44:27,941 - industry_trend_analysis - INFO - Top saturated industry 2: Architecture, momentum: 0.00%, decline: -84.00%
2025-04-22 17:44:27,941 - industry_trend_analysis - INFO - Top saturated industry 3: Analytics, momentum: 0.00%, decline: -83.77%
2025-04-22 17:44:27,941 - industry_trend_analysis - INFO - Top saturated industry 4: Family, momentum: 0.00%, decline: -50.00%
2025-04-22 17:44:27,941 - industry_trend_analysis - INFO - Top saturated industry 5: Augmented Reality, momentum: 0.00%, decline: -45.65%
2025-04-22 17:44:27,941 - industry_trend_analysis - INFO - Top saturated industry 6: Energy, momentum: 0.00%, decline: -33.18%
2025-04-22 17:44:27,941 - industry_trend_analysis - INFO - Top saturated industry 7: Healthcare, momentum: 0.00%, decline: -27.46%
2025-04-22 17:44:27,941 - industry_trend_analysis - INFO - Identified 1 potentially saturated industries
2025-04-22 17:44:28,195 - industry_trend_analysis - INFO - Saved trend decomposition visualization for  to outputs/industry_trends/trend_decomposition_unknown.png
2025-04-22 17:44:28,427 - industry_trend_analysis - INFO - Saved trend decomposition visualization for 0 to outputs/industry_trends/trend_decomposition_0.png
2025-04-22 17:44:28,657 - industry_trend_analysis - INFO - Saved trend decomposition visualization for Aerospace to outputs/industry_trends/trend_decomposition_Aerospace.png
2025-04-22 17:44:28,942 - industry_trend_analysis - INFO - Saved trend decomposition visualization for Analytics to outputs/industry_trends/trend_decomposition_Analytics.png
2025-04-22 17:44:29,340 - industry_trend_analysis - INFO - Saved trend decomposition visualization for Architecture to outputs/industry_trends/trend_decomposition_Architecture.png
2025-04-22 17:44:29,592 - industry_trend_analysis - INFO - Saved trend decomposition visualization for Artificial Intelligence to outputs/industry_trends/trend_decomposition_Artificial_Intelligence.png
2025-04-22 17:44:29,902 - industry_trend_analysis - INFO - Saved trend decomposition visualization for Audio to outputs/industry_trends/trend_decomposition_Audio.png
2025-04-22 17:44:30,494 - industry_trend_analysis - INFO - Saved trend decomposition visualization for Augmented Reality to outputs/industry_trends/trend_decomposition_Augmented_Reality.png
2025-04-22 17:44:30,907 - industry_trend_analysis - INFO - Saved trend decomposition visualization for Biotechnology to outputs/industry_trends/trend_decomposition_Biotechnology.png
2025-04-22 17:44:31,329 - industry_trend_analysis - INFO - Saved trend decomposition visualization for Blockchain to outputs/industry_trends/trend_decomposition_Blockchain.png
2025-04-22 17:44:32,038 - industry_trend_analysis - INFO - Saved trend decomposition visualization for Cloud Computing to outputs/industry_trends/trend_decomposition_Cloud_Computing.png
2025-04-22 17:44:32,536 - industry_trend_analysis - INFO - Saved trend decomposition visualization for Community to outputs/industry_trends/trend_decomposition_Community.png
2025-04-22 17:44:33,908 - industry_trend_analysis - INFO - Saved trend decomposition visualization for Construction to outputs/industry_trends/trend_decomposition_Construction.png
2025-04-22 17:44:34,596 - industry_trend_analysis - INFO - Saved trend decomposition visualization for Construction & Materials to outputs/industry_trends/trend_decomposition_Construction_Materials.png
2025-04-22 17:44:35,120 - industry_trend_analysis - INFO - Saved trend decomposition visualization for Cyber Security to outputs/industry_trends/trend_decomposition_Cyber_Security.png
2025-04-22 17:44:35,612 - industry_trend_analysis - INFO - Saved trend decomposition visualization for Data to outputs/industry_trends/trend_decomposition_Data.png
2025-04-22 17:44:36,179 - industry_trend_analysis - INFO - Saved trend decomposition visualization for E-commerce to outputs/industry_trends/trend_decomposition_E-commerce.png
2025-04-22 17:44:37,173 - industry_trend_analysis - INFO - Saved trend decomposition visualization for E-commerce & Retail to outputs/industry_trends/trend_decomposition_E-commerce_Retail.png
2025-04-22 17:44:37,486 - industry_trend_analysis - INFO - Saved trend decomposition visualization for Electronics to outputs/industry_trends/trend_decomposition_Electronics.png
2025-04-22 17:44:38,376 - industry_trend_analysis - INFO - Saved trend decomposition visualization for Energy to outputs/industry_trends/trend_decomposition_Energy.png
2025-04-22 17:44:38,631 - industry_trend_analysis - INFO - Saved trend decomposition visualization for Entertainment to outputs/industry_trends/trend_decomposition_Entertainment.png
2025-04-22 17:44:38,856 - industry_trend_analysis - INFO - Saved trend decomposition visualization for Family to outputs/industry_trends/trend_decomposition_Family.png
2025-04-22 17:44:39,100 - industry_trend_analysis - INFO - Saved trend decomposition visualization for FinTech to outputs/industry_trends/trend_decomposition_FinTech.png
2025-04-22 17:44:39,455 - industry_trend_analysis - INFO - Saved trend decomposition visualization for Finance to outputs/industry_trends/trend_decomposition_Finance.png
2025-04-22 17:44:39,666 - industry_trend_analysis - INFO - Saved trend decomposition visualization for Fitness to outputs/industry_trends/trend_decomposition_Fitness.png
2025-04-22 17:44:39,898 - industry_trend_analysis - INFO - Saved trend decomposition visualization for Healthcare to outputs/industry_trends/trend_decomposition_Healthcare.png
2025-04-22 17:44:40,240 - industry_trend_analysis - INFO - Saved trend decomposition visualization for Human Resources to outputs/industry_trends/trend_decomposition_Human_Resources.png
2025-04-22 17:44:40,620 - industry_trend_analysis - INFO - Saved trend decomposition visualization for Information Technology to outputs/industry_trends/trend_decomposition_Information_Technology.png
2025-04-22 17:44:40,914 - industry_trend_analysis - INFO - Saved trend decomposition visualization for Logistics to outputs/industry_trends/trend_decomposition_Logistics.png
2025-04-22 17:44:41,352 - industry_trend_analysis - INFO - Saved trend decomposition visualization for Marketing to outputs/industry_trends/trend_decomposition_Marketing.png
2025-04-22 17:44:41,701 - industry_trend_analysis - INFO - Saved trend decomposition visualization for Media & Entertainment to outputs/industry_trends/trend_decomposition_Media_Entertainment.png
2025-04-22 17:44:42,016 - industry_trend_analysis - INFO - Saved trend decomposition visualization for Pharmaceuticals to outputs/industry_trends/trend_decomposition_Pharmaceuticals.png
2025-04-22 17:44:42,258 - industry_trend_analysis - INFO - Saved trend decomposition visualization for Retail to outputs/industry_trends/trend_decomposition_Retail.png
2025-04-22 17:44:42,481 - industry_trend_analysis - INFO - Saved trend decomposition visualization for Robotics to outputs/industry_trends/trend_decomposition_Robotics.png
2025-04-22 17:44:42,719 - industry_trend_analysis - INFO - Saved trend decomposition visualization for Sales to outputs/industry_trends/trend_decomposition_Sales.png
2025-04-22 17:44:42,981 - industry_trend_analysis - INFO - Saved trend decomposition visualization for Social Network to outputs/industry_trends/trend_decomposition_Social_Network.png
2025-04-22 17:44:43,414 - industry_trend_analysis - INFO - Saved trend decomposition visualization for Telecommunications to outputs/industry_trends/trend_decomposition_Telecommunications.png
2025-04-22 17:44:43,723 - industry_trend_analysis - INFO - Saved trend decomposition visualization for Travel to outputs/industry_trends/trend_decomposition_Travel.png
2025-04-22 17:44:43,930 - industry_trend_analysis - INFO - Saved trend decomposition visualization for Wellness to outputs/industry_trends/trend_decomposition_Wellness.png
2025-04-22 17:44:44,119 - industry_trend_analysis - INFO - Saved trend decomposition visualization for airlines/aviation to outputs/industry_trends/trend_decomposition_airlines_aviation.png
2025-04-22 17:44:44,410 - industry_trend_analysis - INFO - Saved trend decomposition visualization for apparel & fashion to outputs/industry_trends/trend_decomposition_apparel_fashion.png
2025-04-22 17:44:44,635 - industry_trend_analysis - INFO - Saved trend decomposition visualization for automotive to outputs/industry_trends/trend_decomposition_automotive.png
2025-04-22 17:44:45,102 - industry_trend_analysis - INFO - Saved trend decomposition visualization for aviation & aerospace to outputs/industry_trends/trend_decomposition_aviation_aerospace.png
2025-04-22 17:44:45,344 - industry_trend_analysis - INFO - Saved trend decomposition visualization for banking to outputs/industry_trends/trend_decomposition_banking.png
2025-04-22 17:44:45,569 - industry_trend_analysis - INFO - Saved trend decomposition visualization for biotechnology to outputs/industry_trends/trend_decomposition_biotechnology.png
2025-04-22 17:44:45,848 - industry_trend_analysis - INFO - Saved trend decomposition visualization for building materials to outputs/industry_trends/trend_decomposition_building_materials.png
2025-04-22 17:44:46,105 - industry_trend_analysis - INFO - Saved trend decomposition visualization for chemicals to outputs/industry_trends/trend_decomposition_chemicals.png
2025-04-22 17:44:46,497 - industry_trend_analysis - INFO - Saved trend decomposition visualization for computer & network security to outputs/industry_trends/trend_decomposition_computer_network_security.png
2025-04-22 17:44:47,131 - industry_trend_analysis - INFO - Saved trend decomposition visualization for computer games to outputs/industry_trends/trend_decomposition_computer_games.png
2025-04-22 17:44:48,183 - industry_trend_analysis - INFO - Saved trend decomposition visualization for computer hardware to outputs/industry_trends/trend_decomposition_computer_hardware.png
2025-04-22 17:44:48,692 - industry_trend_analysis - INFO - Saved trend decomposition visualization for computer networking to outputs/industry_trends/trend_decomposition_computer_networking.png
2025-04-22 17:44:49,129 - industry_trend_analysis - INFO - Saved trend decomposition visualization for computer software to outputs/industry_trends/trend_decomposition_computer_software.png
2025-04-22 17:44:49,382 - industry_trend_analysis - INFO - Saved trend decomposition visualization for consumer services to outputs/industry_trends/trend_decomposition_consumer_services.png
2025-04-22 17:44:49,602 - industry_trend_analysis - INFO - Saved trend decomposition visualization for defense & space to outputs/industry_trends/trend_decomposition_defense_space.png
2025-04-22 17:44:49,795 - industry_trend_analysis - INFO - Saved trend decomposition visualization for design to outputs/industry_trends/trend_decomposition_design.png
2025-04-22 17:44:50,135 - industry_trend_analysis - INFO - Saved trend decomposition visualization for e-learning to outputs/industry_trends/trend_decomposition_e-learning.png
2025-04-22 17:44:50,317 - industry_trend_analysis - INFO - Saved trend decomposition visualization for education management to outputs/industry_trends/trend_decomposition_education_management.png
2025-04-22 17:44:50,538 - industry_trend_analysis - INFO - Saved trend decomposition visualization for electrical/electronic manufacturing to outputs/industry_trends/trend_decomposition_electrical_electronic_manufacturing.png
2025-04-22 17:44:50,778 - industry_trend_analysis - INFO - Saved trend decomposition visualization for environmental services to outputs/industry_trends/trend_decomposition_environmental_services.png
2025-04-22 17:44:51,043 - industry_trend_analysis - INFO - Saved trend decomposition visualization for farming to outputs/industry_trends/trend_decomposition_farming.png
2025-04-22 17:44:51,291 - industry_trend_analysis - INFO - Saved trend decomposition visualization for financial services to outputs/industry_trends/trend_decomposition_financial_services.png
2025-04-22 17:44:51,599 - industry_trend_analysis - INFO - Saved trend decomposition visualization for food & beverages to outputs/industry_trends/trend_decomposition_food_beverages.png
2025-04-22 17:44:52,303 - industry_trend_analysis - INFO - Saved trend decomposition visualization for food production to outputs/industry_trends/trend_decomposition_food_production.png
2025-04-22 17:44:53,314 - industry_trend_analysis - INFO - Saved trend decomposition visualization for fund-raising to outputs/industry_trends/trend_decomposition_fund-raising.png
2025-04-22 17:44:53,817 - industry_trend_analysis - INFO - Saved trend decomposition visualization for government administration to outputs/industry_trends/trend_decomposition_government_administration.png
2025-04-22 17:44:54,191 - industry_trend_analysis - INFO - Saved trend decomposition visualization for higher education to outputs/industry_trends/trend_decomposition_higher_education.png
2025-04-22 17:44:54,568 - industry_trend_analysis - INFO - Saved trend decomposition visualization for hospital & health care to outputs/industry_trends/trend_decomposition_hospital_health_care.png
2025-04-22 17:44:54,765 - industry_trend_analysis - INFO - Saved trend decomposition visualization for hospitality to outputs/industry_trends/trend_decomposition_hospitality.png
2025-04-22 17:44:55,166 - industry_trend_analysis - INFO - Saved trend decomposition visualization for individual & family services to outputs/industry_trends/trend_decomposition_individual_family_services.png
2025-04-22 17:44:55,382 - industry_trend_analysis - INFO - Saved trend decomposition visualization for industrial automation to outputs/industry_trends/trend_decomposition_industrial_automation.png
2025-04-22 17:44:55,632 - industry_trend_analysis - INFO - Saved trend decomposition visualization for information services to outputs/industry_trends/trend_decomposition_information_services.png
2025-04-22 17:44:55,832 - industry_trend_analysis - INFO - Saved trend decomposition visualization for information technology & services to outputs/industry_trends/trend_decomposition_information_technology_services.png
2025-04-22 17:44:56,110 - industry_trend_analysis - INFO - Saved trend decomposition visualization for insurance to outputs/industry_trends/trend_decomposition_insurance.png
2025-04-22 17:44:56,367 - industry_trend_analysis - INFO - Saved trend decomposition visualization for internet to outputs/industry_trends/trend_decomposition_internet.png
2025-04-22 17:44:56,615 - industry_trend_analysis - INFO - Saved trend decomposition visualization for investment management to outputs/industry_trends/trend_decomposition_investment_management.png
2025-04-22 17:44:57,020 - industry_trend_analysis - INFO - Saved trend decomposition visualization for legal services to outputs/industry_trends/trend_decomposition_legal_services.png
2025-04-22 17:44:57,294 - industry_trend_analysis - INFO - Saved trend decomposition visualization for logistics & supply chain to outputs/industry_trends/trend_decomposition_logistics_supply_chain.png
2025-04-22 17:44:57,606 - industry_trend_analysis - INFO - Saved trend decomposition visualization for machinery to outputs/industry_trends/trend_decomposition_machinery.png
2025-04-22 17:44:57,987 - industry_trend_analysis - INFO - Saved trend decomposition visualization for management consulting to outputs/industry_trends/trend_decomposition_management_consulting.png
2025-04-22 17:44:58,457 - industry_trend_analysis - INFO - Saved trend decomposition visualization for maritime to outputs/industry_trends/trend_decomposition_maritime.png
2025-04-22 17:44:58,897 - industry_trend_analysis - INFO - Saved trend decomposition visualization for market research to outputs/industry_trends/trend_decomposition_market_research.png
2025-04-22 17:44:59,461 - industry_trend_analysis - INFO - Saved trend decomposition visualization for marketing & advertising to outputs/industry_trends/trend_decomposition_marketing_advertising.png
2025-04-22 17:44:59,740 - industry_trend_analysis - INFO - Saved trend decomposition visualization for mechanical or industrial engineering to outputs/industry_trends/trend_decomposition_mechanical_or_industrial_engineering.png
2025-04-22 17:44:59,979 - industry_trend_analysis - INFO - Saved trend decomposition visualization for media production to outputs/industry_trends/trend_decomposition_media_production.png
2025-04-22 17:45:00,188 - industry_trend_analysis - INFO - Saved trend decomposition visualization for medical devices to outputs/industry_trends/trend_decomposition_medical_devices.png
2025-04-22 17:45:00,399 - industry_trend_analysis - INFO - Saved trend decomposition visualization for medical practice to outputs/industry_trends/trend_decomposition_medical_practice.png
2025-04-22 17:45:00,654 - industry_trend_analysis - INFO - Saved trend decomposition visualization for mental health care to outputs/industry_trends/trend_decomposition_mental_health_care.png
2025-04-22 17:45:00,901 - industry_trend_analysis - INFO - Saved trend decomposition visualization for mining & metals to outputs/industry_trends/trend_decomposition_mining_metals.png
2025-04-22 17:45:02,038 - industry_trend_analysis - INFO - Saved trend decomposition visualization for museums & institutions to outputs/industry_trends/trend_decomposition_museums_institutions.png
2025-04-22 17:45:02,361 - industry_trend_analysis - INFO - Saved trend decomposition visualization for music to outputs/industry_trends/trend_decomposition_music.png
2025-04-22 17:45:02,609 - industry_trend_analysis - INFO - Saved trend decomposition visualization for nanotechnology to outputs/industry_trends/trend_decomposition_nanotechnology.png
2025-04-22 17:45:03,013 - industry_trend_analysis - INFO - Saved trend decomposition visualization for nonprofit organization management to outputs/industry_trends/trend_decomposition_nonprofit_organization_management.png
2025-04-22 17:45:03,551 - industry_trend_analysis - INFO - Saved trend decomposition visualization for oil & energy to outputs/industry_trends/trend_decomposition_oil_energy.png
2025-04-22 17:45:04,322 - industry_trend_analysis - INFO - Saved trend decomposition visualization for online media to outputs/industry_trends/trend_decomposition_online_media.png
2025-04-22 17:45:05,683 - industry_trend_analysis - INFO - Saved trend decomposition visualization for packaging & containers to outputs/industry_trends/trend_decomposition_packaging_containers.png
2025-04-22 17:45:06,208 - industry_trend_analysis - INFO - Saved trend decomposition visualization for performing arts to outputs/industry_trends/trend_decomposition_performing_arts.png
2025-04-22 17:45:06,536 - industry_trend_analysis - INFO - Saved trend decomposition visualization for pharmaceuticals to outputs/industry_trends/trend_decomposition_pharmaceuticals.png
2025-04-22 17:45:06,763 - industry_trend_analysis - INFO - Saved trend decomposition visualization for primary/secondary education to outputs/industry_trends/trend_decomposition_primary_secondary_education.png
2025-04-22 17:45:07,194 - industry_trend_analysis - INFO - Saved trend decomposition visualization for professional training & coaching to outputs/industry_trends/trend_decomposition_professional_training_coaching.png
2025-04-22 17:45:07,442 - industry_trend_analysis - INFO - Saved trend decomposition visualization for public safety to outputs/industry_trends/trend_decomposition_public_safety.png
2025-04-22 17:45:07,759 - industry_trend_analysis - INFO - Saved trend decomposition visualization for real estate to outputs/industry_trends/trend_decomposition_real_estate.png
2025-04-22 17:45:08,598 - industry_trend_analysis - INFO - Saved trend decomposition visualization for renewables & environment to outputs/industry_trends/trend_decomposition_renewables_environment.png
2025-04-22 17:45:08,879 - industry_trend_analysis - INFO - Saved trend decomposition visualization for research to outputs/industry_trends/trend_decomposition_research.png
2025-04-22 17:45:09,157 - industry_trend_analysis - INFO - Saved trend decomposition visualization for restaurants to outputs/industry_trends/trend_decomposition_restaurants.png
2025-04-22 17:45:09,422 - industry_trend_analysis - INFO - Saved trend decomposition visualization for semiconductors to outputs/industry_trends/trend_decomposition_semiconductors.png
2025-04-22 17:45:09,696 - industry_trend_analysis - INFO - Saved trend decomposition visualization for sports to outputs/industry_trends/trend_decomposition_sports.png
2025-04-22 17:45:09,916 - industry_trend_analysis - INFO - Saved trend decomposition visualization for transportation/trucking/railroad to outputs/industry_trends/trend_decomposition_transportation_trucking_railroad.png
2025-04-22 17:45:10,123 - industry_trend_analysis - INFO - Saved trend decomposition visualization for utilities to outputs/industry_trends/trend_decomposition_utilities.png
2025-04-22 17:45:10,512 - industry_trend_analysis - INFO - Saved trend decomposition visualization for venture capital & private equity to outputs/industry_trends/trend_decomposition_venture_capital_private_equity.png
2025-04-22 17:45:10,740 - industry_trend_analysis - INFO - Saved trend decomposition visualization for veterinary to outputs/industry_trends/trend_decomposition_veterinary.png
2025-04-22 17:45:10,971 - industry_trend_analysis - INFO - Saved trend decomposition visualization for wellness & fitness to outputs/industry_trends/trend_decomposition_wellness_fitness.png
2025-04-22 17:45:11,250 - industry_trend_analysis - INFO - Saved trend decomposition visualization for wholesale to outputs/industry_trends/trend_decomposition_wholesale.png
2025-04-22 17:45:11,473 - industry_trend_analysis - INFO - Saved trend decomposition visualization for wireless to outputs/industry_trends/trend_decomposition_wireless.png
2025-04-22 17:45:11,474 - industry_trend_analysis - INFO - Industry trend visualizations saved to outputs/industry_trends
2025-04-22 17:45:11,474 - industry_trend_analysis - WARNING - No emerging industries available for visualization
2025-04-22 17:45:11,474 - industry_trend_analysis - INFO - Emerging industries visualization saved to outputs/industry_trends
2025-04-22 17:45:11,474 - industry_trend_analysis - ERROR - Error visualizing saturated industries: 'list' object has no attribute 'items'
2025-04-22 17:45:11,477 - industry_trend_analysis - ERROR - Traceback (most recent call last):
  File "/Users/hk/Downloads/DSFinalYearProject/MLPredictiveAnalysis/industry_trend_analysis.py", line 1314, in visualize_saturated_industries
    sorted_industries = sorted(saturated_industries.items(), key=lambda x: x[1])
                               ^^^^^^^^^^^^^^^^^^^^^^^^^^
AttributeError: 'list' object has no attribute 'items'

2025-04-22 17:45:11,477 - industry_trend_analysis - INFO - Saturated industries visualization saved to outputs/industry_trends
2025-04-22 17:45:11,482 - industry_trend_analysis - INFO - Industry trend report generated at outputs/industry_trends/industry_trend_report.html
2025-04-22 17:45:11,482 - industry_trend_analysis - INFO - Industry trend report generated: outputs/industry_trends/industry_trend_report.html
2025-04-22 17:50:55,293 - industry_trend_analysis - INFO - Industry Trend Analysis initialized
2025-04-22 17:50:55,295 - industry_trend_analysis - INFO - Loaded industry mappings from /Users/hk/Downloads/DSFinalYearProject/outputIndustryTrends/industry_mappings.json
2025-04-22 17:50:55,295 - industry_trend_analysis - INFO - Starting industry trend analysis pipeline
2025-04-22 17:50:55,295 - industry_trend_analysis - INFO - Loading data from JSON files
2025-04-22 17:50:55,299 - industry_trend_analysis - INFO - Loaded 1103 records from fundraiser data
2025-04-22 17:50:55,300 - industry_trend_analysis - INFO - Loaded 100 records from growthlist data
2025-04-22 17:50:55,302 - industry_trend_analysis - INFO - Loaded 546 records from topstartup data
2025-04-22 17:50:55,309 - industry_trend_analysis - INFO - Created DataFrame with 1749 records and 27 columns
2025-04-22 17:50:55,309 - industry_trend_analysis - INFO - Standardizing DataFrame
2025-04-22 17:50:55,311 - industry_trend_analysis - INFO - Merging duplicate column: company_name
2025-04-22 17:50:55,315 - industry_trend_analysis - ERROR - Error in _standardize_dataframe: Cannot set a DataFrame with multiple columns to the single column company_name
2025-04-22 17:50:55,317 - industry_trend_analysis - ERROR - Traceback (most recent call last):
  File "/Users/hk/Downloads/DSFinalYearProject/MLPredictiveAnalysis/industry_trend_analysis.py", line 325, in _standardize_dataframe
    result_df[col] = merged_series
    ~~~~~~~~~^^^^^
  File "/Users/hk/Downloads/DSFinalYearProject/.venv/lib/python3.12/site-packages/pandas/core/frame.py", line 4301, in __setitem__
    self._set_item_frame_value(key, value)
  File "/Users/hk/Downloads/DSFinalYearProject/.venv/lib/python3.12/site-packages/pandas/core/frame.py", line 4459, in _set_item_frame_value
    raise ValueError(
ValueError: Cannot set a DataFrame with multiple columns to the single column company_name

2025-04-22 17:50:55,318 - industry_trend_analysis - INFO - Standardizing DataFrame
2025-04-22 17:50:55,319 - industry_trend_analysis - INFO - Merging duplicate column: company_name
2025-04-22 17:50:55,319 - industry_trend_analysis - ERROR - Error in _standardize_dataframe: Cannot set a DataFrame with multiple columns to the single column company_name
2025-04-22 17:50:55,320 - industry_trend_analysis - ERROR - Traceback (most recent call last):
  File "/Users/hk/Downloads/DSFinalYearProject/MLPredictiveAnalysis/industry_trend_analysis.py", line 325, in _standardize_dataframe
    result_df[col] = merged_series
    ~~~~~~~~~^^^^^
  File "/Users/hk/Downloads/DSFinalYearProject/.venv/lib/python3.12/site-packages/pandas/core/frame.py", line 4301, in __setitem__
    self._set_item_frame_value(key, value)
  File "/Users/hk/Downloads/DSFinalYearProject/.venv/lib/python3.12/site-packages/pandas/core/frame.py", line 4459, in _set_item_frame_value
    raise ValueError(
ValueError: Cannot set a DataFrame with multiple columns to the single column company_name

2025-04-22 17:50:55,320 - industry_trend_analysis - INFO - Normalizing industry categories
2025-04-22 17:50:55,320 - industry_trend_analysis - ERROR - Error in _normalize_industries: The truth value of a Series is ambiguous. Use a.empty, a.bool(), a.item(), a.any() or a.all().
2025-04-22 17:50:55,327 - industry_trend_analysis - ERROR - DataFrame info: None
2025-04-22 17:50:55,327 - industry_trend_analysis - ERROR - DataFrame columns: ['company_name', 'employees', 'industry', 'Website', 'funding_date', 'funding_stage', 'funding_amount_numeric', 'Headquarters', 'Extraction_Time', 'Page', 'source', 'company_name', 'website', 'industry', 'country', 'funding_amount_string', 'funding_stage', 'funding_date', 'funding_usd', 'description', 'headquarters', 'funding', 'has_reviews', 'category', 'employees', 'founding_year', 'other_details']
2025-04-22 17:50:55,328 - industry_trend_analysis - INFO - Creating trend features for analysis
2025-04-22 17:50:55,329 - industry_trend_analysis - ERROR - Error in industry trend analysis pipeline: cannot assemble with duplicate keys
2025-04-22 17:50:55,330 - industry_trend_analysis - ERROR - Traceback (most recent call last):
  File "/Users/hk/Downloads/DSFinalYearProject/MLPredictiveAnalysis/industry_trend_analysis.py", line 1469, in run_analysis
    trend_features, enhanced_data = self.create_trend_features(normalized_data)
                                    ^^^^^^^^^^^^^^^^^^^^^^^^^^^^^^^^^^^^^^^^^^^
  File "/Users/hk/Downloads/DSFinalYearProject/MLPredictiveAnalysis/industry_trend_analysis.py", line 671, in create_trend_features
    df['funding_date'] = pd.to_datetime(df['funding_date'], errors='coerce')
                         ^^^^^^^^^^^^^^^^^^^^^^^^^^^^^^^^^^^^^^^^^^^^^^^^^^^
  File "/Users/hk/Downloads/DSFinalYearProject/.venv/lib/python3.12/site-packages/pandas/core/tools/datetimes.py", line 1070, in to_datetime
    result = _assemble_from_unit_mappings(arg, errors, utc)
             ^^^^^^^^^^^^^^^^^^^^^^^^^^^^^^^^^^^^^^^^^^^^^^
  File "/Users/hk/Downloads/DSFinalYearProject/.venv/lib/python3.12/site-packages/pandas/core/tools/datetimes.py", line 1165, in _assemble_from_unit_mappings
    raise ValueError("cannot assemble with duplicate keys")
ValueError: cannot assemble with duplicate keys

2025-04-22 17:57:10,945 - industry_trend_analysis - INFO - Industry Trend Analysis initialized
2025-04-22 17:57:10,948 - industry_trend_analysis - INFO - Loaded industry mappings from ./outputIndustryTrends/industry_mappings.json
2025-04-22 17:57:10,948 - industry_trend_analysis - INFO - Starting industry trend analysis pipeline
2025-04-22 17:57:10,948 - industry_trend_analysis - INFO - Loading data from JSON files
2025-04-22 17:57:10,952 - industry_trend_analysis - INFO - Loaded 1103 records from fundraiser data
2025-04-22 17:57:10,952 - industry_trend_analysis - INFO - Loaded 100 records from growthlist data
2025-04-22 17:57:10,955 - industry_trend_analysis - INFO - Loaded 546 records from topstartup data
2025-04-22 17:57:10,975 - industry_trend_analysis - INFO - Created DataFrame with 1749 records and 27 columns
2025-04-22 17:57:10,975 - industry_trend_analysis - INFO - Standardizing DataFrame
2025-04-22 17:57:10,987 - industry_trend_analysis - INFO - Handling duplicate column: company_name
2025-04-22 17:57:10,991 - industry_trend_analysis - INFO - Handling duplicate column: employees
2025-04-22 17:57:10,992 - industry_trend_analysis - INFO - Handling duplicate column: industry
2025-04-22 17:57:10,995 - industry_trend_analysis - INFO - Handling duplicate column: funding_date
2025-04-22 17:57:10,996 - industry_trend_analysis - INFO - Handling duplicate column: funding_stage
2025-04-22 17:57:11,013 - industry_trend_analysis - INFO - DataFrame standardization complete. Result has 1749 rows and 25 columns
2025-04-22 17:57:11,014 - industry_trend_analysis - INFO - Standardizing DataFrame
2025-04-22 17:57:11,026 - industry_trend_analysis - INFO - DataFrame standardization complete. Result has 1749 rows and 25 columns
2025-04-22 17:57:11,027 - industry_trend_analysis - INFO - Normalizing industry categories
2025-04-22 17:57:11,030 - industry_trend_analysis - INFO - Normalized to 132 industry categories
2025-04-22 17:57:11,030 - industry_trend_analysis - INFO - Creating trend features for analysis
2025-04-22 17:57:11,458 - industry_trend_analysis - INFO - Created time series features with 15 time periods
2025-04-22 17:57:11,459 - industry_trend_analysis - INFO - Applying STL decomposition for trend analysis
2025-04-22 17:57:11,662 - industry_trend_analysis - INFO - Completed trend analysis for 111 industries
2025-04-22 17:57:11,663 - industry_trend_analysis - INFO - Identifying emerging industries
2025-04-22 17:57:11,720 - industry_trend_analysis - INFO - Identified 0 emerging industries
2025-04-22 17:57:11,721 - industry_trend_analysis - INFO - Identifying saturated industries
2025-04-22 17:57:11,721 - industry_trend_analysis - INFO - Found 111 industries to analyze for saturation
2025-04-22 17:57:11,724 - industry_trend_analysis - INFO - Decline-based saturated industry: Architecture, decline: -84.00%
2025-04-22 17:57:11,728 - industry_trend_analysis - INFO - Decline-based saturated industry: Cloud Computing, decline: -74.36%
2025-04-22 17:57:11,735 - industry_trend_analysis - INFO - Decline-based saturated industry: Healthcare, decline: -34.31%
2025-04-22 17:57:11,743 - industry_trend_analysis - INFO - Saturated industry candidate: Telecommunications, momentum: -0.6667, avg_momentum: -0.0684
2025-04-22 17:57:11,743 - industry_trend_analysis - INFO - Decline calculation for Telecommunications: latest=82000000.0, max=164000000.0, decline=-50.00%
2025-04-22 17:57:11,775 - industry_trend_analysis - INFO - Top saturated industry 1: Telecommunications, momentum: -66.67%, decline: -50.00%
2025-04-22 17:57:11,775 - industry_trend_analysis - INFO - Top saturated industry 2: Architecture, momentum: 0.00%, decline: -84.00%
2025-04-22 17:57:11,775 - industry_trend_analysis - INFO - Top saturated industry 3: Cloud Computing, momentum: 0.00%, decline: -74.36%
2025-04-22 17:57:11,775 - industry_trend_analysis - INFO - Top saturated industry 4: Healthcare, momentum: 0.00%, decline: -34.31%
2025-04-22 17:57:11,775 - industry_trend_analysis - INFO - Identified 1 potentially saturated industries
2025-04-22 17:57:12,357 - industry_trend_analysis - INFO - Saved trend decomposition visualization for  to outputs/industry_trends/trend_decomposition_unknown.png
2025-04-22 17:57:13,044 - industry_trend_analysis - INFO - Saved trend decomposition visualization for 0 to outputs/industry_trends/trend_decomposition_0.png
2025-04-22 17:57:13,482 - industry_trend_analysis - INFO - Saved trend decomposition visualization for Aerospace to outputs/industry_trends/trend_decomposition_Aerospace.png
2025-04-22 17:57:13,964 - industry_trend_analysis - INFO - Saved trend decomposition visualization for Architecture to outputs/industry_trends/trend_decomposition_Architecture.png
2025-04-22 17:57:14,673 - industry_trend_analysis - INFO - Saved trend decomposition visualization for Artificial Intelligence to outputs/industry_trends/trend_decomposition_Artificial_Intelligence.png
2025-04-22 17:57:15,166 - industry_trend_analysis - INFO - Saved trend decomposition visualization for Audio to outputs/industry_trends/trend_decomposition_Audio.png
2025-04-22 17:57:15,427 - industry_trend_analysis - INFO - Saved trend decomposition visualization for Augmented Reality to outputs/industry_trends/trend_decomposition_Augmented_Reality.png
2025-04-22 17:57:15,710 - industry_trend_analysis - INFO - Saved trend decomposition visualization for Biotechnology to outputs/industry_trends/trend_decomposition_Biotechnology.png
2025-04-22 17:57:15,990 - industry_trend_analysis - INFO - Saved trend decomposition visualization for Blockchain to outputs/industry_trends/trend_decomposition_Blockchain.png
2025-04-22 17:57:16,010 - industry_trend_analysis - INFO - Industry Trend Analysis initialized
2025-04-22 17:57:16,012 - industry_trend_analysis - INFO - Loaded industry mappings from ./outputIndustryTrends/industry_mappings.json
2025-04-22 17:57:16,012 - industry_trend_analysis - INFO - Starting industry trend analysis pipeline
2025-04-22 17:57:16,012 - industry_trend_analysis - INFO - Loading data from JSON files
2025-04-22 17:57:16,018 - industry_trend_analysis - INFO - Loaded 1103 records from fundraiser data
2025-04-22 17:57:16,018 - industry_trend_analysis - INFO - Loaded 100 records from growthlist data
2025-04-22 17:57:16,020 - industry_trend_analysis - INFO - Loaded 546 records from topstartup data
2025-04-22 17:57:16,027 - industry_trend_analysis - INFO - Created DataFrame with 1749 records and 27 columns
2025-04-22 17:57:16,028 - industry_trend_analysis - INFO - Standardizing DataFrame
2025-04-22 17:57:16,030 - industry_trend_analysis - INFO - Handling duplicate column: company_name
2025-04-22 17:57:16,033 - industry_trend_analysis - INFO - Handling duplicate column: employees
2025-04-22 17:57:16,036 - industry_trend_analysis - INFO - Handling duplicate column: industry
2025-04-22 17:57:16,038 - industry_trend_analysis - INFO - Handling duplicate column: funding_date
2025-04-22 17:57:16,040 - industry_trend_analysis - INFO - Handling duplicate column: funding_stage
2025-04-22 17:57:16,063 - industry_trend_analysis - INFO - DataFrame standardization complete. Result has 1749 rows and 25 columns
2025-04-22 17:57:16,063 - industry_trend_analysis - INFO - Standardizing DataFrame
2025-04-22 17:57:16,079 - industry_trend_analysis - INFO - DataFrame standardization complete. Result has 1749 rows and 25 columns
2025-04-22 17:57:16,080 - industry_trend_analysis - INFO - Normalizing industry categories
2025-04-22 17:57:16,084 - industry_trend_analysis - INFO - Normalized to 132 industry categories
2025-04-22 17:57:16,085 - industry_trend_analysis - INFO - Creating trend features for analysis
2025-04-22 17:57:16,300 - industry_trend_analysis - INFO - Saved trend decomposition visualization for Cloud Computing to outputs/industry_trends/trend_decomposition_Cloud_Computing.png
2025-04-22 17:57:16,629 - industry_trend_analysis - INFO - Created time series features with 15 time periods
2025-04-22 17:57:16,630 - industry_trend_analysis - INFO - Applying STL decomposition for trend analysis
2025-04-22 17:57:16,743 - industry_trend_analysis - INFO - Saved trend decomposition visualization for Community to outputs/industry_trends/trend_decomposition_Community.png
2025-04-22 17:57:16,880 - industry_trend_analysis - INFO - Completed trend analysis for 106 industries
2025-04-22 17:57:16,880 - industry_trend_analysis - INFO - Identifying emerging industries
2025-04-22 17:57:16,936 - industry_trend_analysis - INFO - Identified 0 emerging industries
2025-04-22 17:57:16,936 - industry_trend_analysis - INFO - Identifying saturated industries
2025-04-22 17:57:16,936 - industry_trend_analysis - INFO - Found 106 industries to analyze for saturation
2025-04-22 17:57:16,941 - industry_trend_analysis - INFO - Decline-based saturated industry: Augmented Reality, decline: -45.65%
2025-04-22 17:57:16,946 - industry_trend_analysis - INFO - Decline-based saturated industry: Electronics, decline: -72.00%
2025-04-22 17:57:16,950 - industry_trend_analysis - INFO - Saturated industry candidate: Telecommunications, momentum: -0.6667, avg_momentum: -0.0684
2025-04-22 17:57:16,951 - industry_trend_analysis - INFO - Decline calculation for Telecommunications: latest=82000000.0, max=164000000.0, decline=-50.00%
2025-04-22 17:57:16,982 - industry_trend_analysis - INFO - Top saturated industry 1: Telecommunications, momentum: -66.67%, decline: -50.00%
2025-04-22 17:57:16,982 - industry_trend_analysis - INFO - Top saturated industry 2: Electronics, momentum: 0.00%, decline: -72.00%
2025-04-22 17:57:16,982 - industry_trend_analysis - INFO - Top saturated industry 3: Augmented Reality, momentum: 0.00%, decline: -45.65%
2025-04-22 17:57:16,982 - industry_trend_analysis - INFO - Identified 1 potentially saturated industries
2025-04-22 17:57:17,051 - industry_trend_analysis - INFO - Saved trend decomposition visualization for Construction & Materials to outputs/industry_trends/trend_decomposition_Construction_Materials.png
2025-04-22 17:57:17,292 - industry_trend_analysis - INFO - Saved trend decomposition visualization for  to outputs/industry_trends/trend_decomposition_unknown.png
2025-04-22 17:57:17,341 - industry_trend_analysis - INFO - Saved trend decomposition visualization for Cyber Security to outputs/industry_trends/trend_decomposition_Cyber_Security.png
2025-04-22 17:57:17,550 - industry_trend_analysis - INFO - Saved trend decomposition visualization for 0 to outputs/industry_trends/trend_decomposition_0.png
2025-04-22 17:57:17,600 - industry_trend_analysis - INFO - Saved trend decomposition visualization for Data to outputs/industry_trends/trend_decomposition_Data.png
2025-04-22 17:57:17,834 - industry_trend_analysis - INFO - Saved trend decomposition visualization for Aerospace to outputs/industry_trends/trend_decomposition_Aerospace.png
2025-04-22 17:57:17,889 - industry_trend_analysis - INFO - Saved trend decomposition visualization for E-commerce & Retail to outputs/industry_trends/trend_decomposition_E-commerce_Retail.png
2025-04-22 17:57:18,102 - industry_trend_analysis - INFO - Saved trend decomposition visualization for Agriculture to outputs/industry_trends/trend_decomposition_Agriculture.png
2025-04-22 17:57:18,173 - industry_trend_analysis - INFO - Saved trend decomposition visualization for Electronics to outputs/industry_trends/trend_decomposition_Electronics.png
2025-04-22 17:57:18,457 - industry_trend_analysis - INFO - Saved trend decomposition visualization for Energy to outputs/industry_trends/trend_decomposition_Energy.png
2025-04-22 17:57:18,484 - industry_trend_analysis - INFO - Saved trend decomposition visualization for Artificial Intelligence to outputs/industry_trends/trend_decomposition_Artificial_Intelligence.png
2025-04-22 17:57:18,741 - industry_trend_analysis - INFO - Saved trend decomposition visualization for Audio to outputs/industry_trends/trend_decomposition_Audio.png
2025-04-22 17:57:18,898 - industry_trend_analysis - INFO - Saved trend decomposition visualization for Family to outputs/industry_trends/trend_decomposition_Family.png
2025-04-22 17:57:19,181 - industry_trend_analysis - INFO - Saved trend decomposition visualization for Augmented Reality to outputs/industry_trends/trend_decomposition_Augmented_Reality.png
2025-04-22 17:57:19,311 - industry_trend_analysis - INFO - Saved trend decomposition visualization for FinTech to outputs/industry_trends/trend_decomposition_FinTech.png
2025-04-22 17:57:19,570 - industry_trend_analysis - INFO - Saved trend decomposition visualization for Biotechnology to outputs/industry_trends/trend_decomposition_Biotechnology.png
2025-04-22 17:57:19,689 - industry_trend_analysis - INFO - Saved trend decomposition visualization for Finance to outputs/industry_trends/trend_decomposition_Finance.png
2025-04-22 17:57:19,962 - industry_trend_analysis - INFO - Saved trend decomposition visualization for Blockchain to outputs/industry_trends/trend_decomposition_Blockchain.png
2025-04-22 17:57:20,040 - industry_trend_analysis - INFO - Saved trend decomposition visualization for Fitness to outputs/industry_trends/trend_decomposition_Fitness.png
2025-04-22 17:57:20,338 - industry_trend_analysis - INFO - Saved trend decomposition visualization for Cloud Computing to outputs/industry_trends/trend_decomposition_Cloud_Computing.png
2025-04-22 17:57:20,418 - industry_trend_analysis - INFO - Saved trend decomposition visualization for Gaming to outputs/industry_trends/trend_decomposition_Gaming.png
2025-04-22 17:57:20,846 - industry_trend_analysis - INFO - Saved trend decomposition visualization for Healthcare to outputs/industry_trends/trend_decomposition_Healthcare.png
2025-04-22 17:57:20,971 - industry_trend_analysis - INFO - Saved trend decomposition visualization for Community to outputs/industry_trends/trend_decomposition_Community.png
2025-04-22 17:57:21,378 - industry_trend_analysis - INFO - Saved trend decomposition visualization for Construction & Materials to outputs/industry_trends/trend_decomposition_Construction_Materials.png
2025-04-22 17:57:21,618 - industry_trend_analysis - INFO - Saved trend decomposition visualization for Human Resources to outputs/industry_trends/trend_decomposition_Human_Resources.png
2025-04-22 17:57:21,753 - industry_trend_analysis - INFO - Saved trend decomposition visualization for Cyber Security to outputs/industry_trends/trend_decomposition_Cyber_Security.png
2025-04-22 17:57:21,968 - industry_trend_analysis - INFO - Saved trend decomposition visualization for Information Technology to outputs/industry_trends/trend_decomposition_Information_Technology.png
2025-04-22 17:57:22,134 - industry_trend_analysis - INFO - Saved trend decomposition visualization for Data to outputs/industry_trends/trend_decomposition_Data.png
2025-04-22 17:57:22,313 - industry_trend_analysis - INFO - Saved trend decomposition visualization for Logistics to outputs/industry_trends/trend_decomposition_Logistics.png
2025-04-22 17:57:22,846 - industry_trend_analysis - INFO - Saved trend decomposition visualization for E-commerce & Retail to outputs/industry_trends/trend_decomposition_E-commerce_Retail.png
2025-04-22 17:57:23,299 - industry_trend_analysis - INFO - Saved trend decomposition visualization for Marketplace to outputs/industry_trends/trend_decomposition_Marketplace.png
2025-04-22 17:57:23,683 - industry_trend_analysis - INFO - Saved trend decomposition visualization for Electronics to outputs/industry_trends/trend_decomposition_Electronics.png
2025-04-22 17:57:23,930 - industry_trend_analysis - INFO - Saved trend decomposition visualization for Materials to outputs/industry_trends/trend_decomposition_Materials.png
2025-04-22 17:57:24,040 - industry_trend_analysis - INFO - Saved trend decomposition visualization for Energy to outputs/industry_trends/trend_decomposition_Energy.png
2025-04-22 17:57:24,234 - industry_trend_analysis - INFO - Saved trend decomposition visualization for Media & Entertainment to outputs/industry_trends/trend_decomposition_Media_Entertainment.png
2025-04-22 17:57:24,535 - industry_trend_analysis - INFO - Saved trend decomposition visualization for Mental Health to outputs/industry_trends/trend_decomposition_Mental_Health.png
2025-04-22 17:57:24,540 - industry_trend_analysis - INFO - Saved trend decomposition visualization for Family to outputs/industry_trends/trend_decomposition_Family.png
2025-04-22 17:57:24,871 - industry_trend_analysis - INFO - Saved trend decomposition visualization for FinTech to outputs/industry_trends/trend_decomposition_FinTech.png
2025-04-22 17:57:25,071 - industry_trend_analysis - INFO - Saved trend decomposition visualization for Music to outputs/industry_trends/trend_decomposition_Music.png
2025-04-22 17:57:25,206 - industry_trend_analysis - INFO - Saved trend decomposition visualization for Finance to outputs/industry_trends/trend_decomposition_Finance.png
2025-04-22 17:57:25,339 - industry_trend_analysis - INFO - Saved trend decomposition visualization for Pharmaceuticals to outputs/industry_trends/trend_decomposition_Pharmaceuticals.png
2025-04-22 17:57:25,485 - industry_trend_analysis - INFO - Saved trend decomposition visualization for Healthcare to outputs/industry_trends/trend_decomposition_Healthcare.png
2025-04-22 17:57:25,618 - industry_trend_analysis - INFO - Saved trend decomposition visualization for Recruiting to outputs/industry_trends/trend_decomposition_Recruiting.png
2025-04-22 17:57:25,785 - industry_trend_analysis - INFO - Saved trend decomposition visualization for Human Resources to outputs/industry_trends/trend_decomposition_Human_Resources.png
2025-04-22 17:57:25,910 - industry_trend_analysis - INFO - Saved trend decomposition visualization for Retail to outputs/industry_trends/trend_decomposition_Retail.png
2025-04-22 17:57:26,031 - industry_trend_analysis - INFO - Saved trend decomposition visualization for Logistics to outputs/industry_trends/trend_decomposition_Logistics.png
2025-04-22 17:57:26,195 - industry_trend_analysis - INFO - Saved trend decomposition visualization for Robotics to outputs/industry_trends/trend_decomposition_Robotics.png
2025-04-22 17:57:26,423 - industry_trend_analysis - INFO - Saved trend decomposition visualization for Materials to outputs/industry_trends/trend_decomposition_Materials.png
2025-04-22 17:57:26,482 - industry_trend_analysis - INFO - Saved trend decomposition visualization for Telecommunications to outputs/industry_trends/trend_decomposition_Telecommunications.png
2025-04-22 17:57:26,700 - industry_trend_analysis - INFO - Saved trend decomposition visualization for Media to outputs/industry_trends/trend_decomposition_Media.png
2025-04-22 17:57:26,865 - industry_trend_analysis - INFO - Saved trend decomposition visualization for Transportation to outputs/industry_trends/trend_decomposition_Transportation.png
2025-04-22 17:57:26,947 - industry_trend_analysis - INFO - Saved trend decomposition visualization for Media & Entertainment to outputs/industry_trends/trend_decomposition_Media_Entertainment.png
2025-04-22 17:57:27,162 - industry_trend_analysis - INFO - Saved trend decomposition visualization for airlines/aviation to outputs/industry_trends/trend_decomposition_airlines_aviation.png
2025-04-22 17:57:27,242 - industry_trend_analysis - INFO - Saved trend decomposition visualization for Music to outputs/industry_trends/trend_decomposition_Music.png
2025-04-22 17:57:27,398 - industry_trend_analysis - INFO - Saved trend decomposition visualization for apparel & fashion to outputs/industry_trends/trend_decomposition_apparel_fashion.png
2025-04-22 17:57:27,515 - industry_trend_analysis - INFO - Saved trend decomposition visualization for Retail to outputs/industry_trends/trend_decomposition_Retail.png
2025-04-22 17:57:27,654 - industry_trend_analysis - INFO - Saved trend decomposition visualization for automotive to outputs/industry_trends/trend_decomposition_automotive.png
2025-04-22 17:57:27,793 - industry_trend_analysis - INFO - Saved trend decomposition visualization for Robotics to outputs/industry_trends/trend_decomposition_Robotics.png
2025-04-22 17:57:27,901 - industry_trend_analysis - INFO - Saved trend decomposition visualization for aviation & aerospace to outputs/industry_trends/trend_decomposition_aviation_aerospace.png
2025-04-22 17:57:28,078 - industry_trend_analysis - INFO - Saved trend decomposition visualization for Sales to outputs/industry_trends/trend_decomposition_Sales.png
2025-04-22 17:57:28,174 - industry_trend_analysis - INFO - Saved trend decomposition visualization for banking to outputs/industry_trends/trend_decomposition_banking.png
2025-04-22 17:57:28,645 - industry_trend_analysis - INFO - Saved trend decomposition visualization for biotechnology to outputs/industry_trends/trend_decomposition_biotechnology.png
2025-04-22 17:57:28,663 - industry_trend_analysis - INFO - Saved trend decomposition visualization for Telecommunications to outputs/industry_trends/trend_decomposition_Telecommunications.png
2025-04-22 17:57:29,075 - industry_trend_analysis - INFO - Saved trend decomposition visualization for Wellness to outputs/industry_trends/trend_decomposition_Wellness.png
2025-04-22 17:57:29,280 - industry_trend_analysis - INFO - Saved trend decomposition visualization for building materials to outputs/industry_trends/trend_decomposition_building_materials.png
2025-04-22 17:57:29,459 - industry_trend_analysis - INFO - Saved trend decomposition visualization for airlines/aviation to outputs/industry_trends/trend_decomposition_airlines_aviation.png
2025-04-22 17:57:29,663 - industry_trend_analysis - INFO - Saved trend decomposition visualization for chemicals to outputs/industry_trends/trend_decomposition_chemicals.png
2025-04-22 17:57:29,839 - industry_trend_analysis - INFO - Saved trend decomposition visualization for apparel & fashion to outputs/industry_trends/trend_decomposition_apparel_fashion.png
2025-04-22 17:57:30,063 - industry_trend_analysis - INFO - Saved trend decomposition visualization for computer & network security to outputs/industry_trends/trend_decomposition_computer_network_security.png
2025-04-22 17:57:30,335 - industry_trend_analysis - INFO - Saved trend decomposition visualization for automotive to outputs/industry_trends/trend_decomposition_automotive.png
2025-04-22 17:57:30,534 - industry_trend_analysis - INFO - Saved trend decomposition visualization for computer games to outputs/industry_trends/trend_decomposition_computer_games.png
2025-04-22 17:57:30,790 - industry_trend_analysis - INFO - Saved trend decomposition visualization for aviation & aerospace to outputs/industry_trends/trend_decomposition_aviation_aerospace.png
2025-04-22 17:57:30,941 - industry_trend_analysis - INFO - Saved trend decomposition visualization for computer hardware to outputs/industry_trends/trend_decomposition_computer_hardware.png
2025-04-22 17:57:31,329 - industry_trend_analysis - INFO - Saved trend decomposition visualization for computer networking to outputs/industry_trends/trend_decomposition_computer_networking.png
2025-04-22 17:57:31,430 - industry_trend_analysis - INFO - Saved trend decomposition visualization for banking to outputs/industry_trends/trend_decomposition_banking.png
2025-04-22 17:57:31,842 - industry_trend_analysis - INFO - Saved trend decomposition visualization for biotechnology to outputs/industry_trends/trend_decomposition_biotechnology.png
2025-04-22 17:57:32,070 - industry_trend_analysis - INFO - Saved trend decomposition visualization for computer software to outputs/industry_trends/trend_decomposition_computer_software.png
2025-04-22 17:57:32,257 - industry_trend_analysis - INFO - Saved trend decomposition visualization for building materials to outputs/industry_trends/trend_decomposition_building_materials.png
2025-04-22 17:57:32,392 - industry_trend_analysis - INFO - Saved trend decomposition visualization for consumer services to outputs/industry_trends/trend_decomposition_consumer_services.png
2025-04-22 17:57:32,520 - industry_trend_analysis - INFO - Saved trend decomposition visualization for chemicals to outputs/industry_trends/trend_decomposition_chemicals.png
2025-04-22 17:57:32,643 - industry_trend_analysis - INFO - Saved trend decomposition visualization for defense & space to outputs/industry_trends/trend_decomposition_defense_space.png
2025-04-22 17:57:32,760 - industry_trend_analysis - INFO - Saved trend decomposition visualization for computer & network security to outputs/industry_trends/trend_decomposition_computer_network_security.png
2025-04-22 17:57:32,898 - industry_trend_analysis - INFO - Saved trend decomposition visualization for design to outputs/industry_trends/trend_decomposition_design.png
2025-04-22 17:57:33,051 - industry_trend_analysis - INFO - Saved trend decomposition visualization for computer games to outputs/industry_trends/trend_decomposition_computer_games.png
2025-04-22 17:57:33,179 - industry_trend_analysis - INFO - Saved trend decomposition visualization for e-learning to outputs/industry_trends/trend_decomposition_e-learning.png
2025-04-22 17:57:33,329 - industry_trend_analysis - INFO - Saved trend decomposition visualization for computer hardware to outputs/industry_trends/trend_decomposition_computer_hardware.png
2025-04-22 17:57:33,480 - industry_trend_analysis - INFO - Saved trend decomposition visualization for education management to outputs/industry_trends/trend_decomposition_education_management.png
2025-04-22 17:57:33,750 - industry_trend_analysis - INFO - Saved trend decomposition visualization for electrical/electronic manufacturing to outputs/industry_trends/trend_decomposition_electrical_electronic_manufacturing.png
2025-04-22 17:57:33,766 - industry_trend_analysis - INFO - Saved trend decomposition visualization for computer networking to outputs/industry_trends/trend_decomposition_computer_networking.png
2025-04-22 17:57:34,004 - industry_trend_analysis - INFO - Saved trend decomposition visualization for computer software to outputs/industry_trends/trend_decomposition_computer_software.png
2025-04-22 17:57:34,194 - industry_trend_analysis - INFO - Saved trend decomposition visualization for environmental services to outputs/industry_trends/trend_decomposition_environmental_services.png
2025-04-22 17:57:34,260 - industry_trend_analysis - INFO - Saved trend decomposition visualization for consumer services to outputs/industry_trends/trend_decomposition_consumer_services.png
2025-04-22 17:57:34,467 - industry_trend_analysis - INFO - Saved trend decomposition visualization for farming to outputs/industry_trends/trend_decomposition_farming.png
2025-04-22 17:57:34,523 - industry_trend_analysis - INFO - Saved trend decomposition visualization for defense & space to outputs/industry_trends/trend_decomposition_defense_space.png
2025-04-22 17:57:34,734 - industry_trend_analysis - INFO - Saved trend decomposition visualization for financial services to outputs/industry_trends/trend_decomposition_financial_services.png
2025-04-22 17:57:34,819 - industry_trend_analysis - INFO - Saved trend decomposition visualization for design to outputs/industry_trends/trend_decomposition_design.png
2025-04-22 17:57:35,046 - industry_trend_analysis - INFO - Saved trend decomposition visualization for food & beverages to outputs/industry_trends/trend_decomposition_food_beverages.png
2025-04-22 17:57:35,095 - industry_trend_analysis - INFO - Saved trend decomposition visualization for e-learning to outputs/industry_trends/trend_decomposition_e-learning.png
2025-04-22 17:57:35,315 - industry_trend_analysis - INFO - Saved trend decomposition visualization for food production to outputs/industry_trends/trend_decomposition_food_production.png
2025-04-22 17:57:35,507 - industry_trend_analysis - INFO - Saved trend decomposition visualization for education management to outputs/industry_trends/trend_decomposition_education_management.png
2025-04-22 17:57:35,552 - industry_trend_analysis - INFO - Saved trend decomposition visualization for fund-raising to outputs/industry_trends/trend_decomposition_fund-raising.png
2025-04-22 17:57:35,766 - industry_trend_analysis - INFO - Saved trend decomposition visualization for electrical/electronic manufacturing to outputs/industry_trends/trend_decomposition_electrical_electronic_manufacturing.png
2025-04-22 17:57:36,014 - industry_trend_analysis - INFO - Saved trend decomposition visualization for government administration to outputs/industry_trends/trend_decomposition_government_administration.png
2025-04-22 17:57:36,039 - industry_trend_analysis - INFO - Saved trend decomposition visualization for environmental services to outputs/industry_trends/trend_decomposition_environmental_services.png
2025-04-22 17:57:36,270 - industry_trend_analysis - INFO - Saved trend decomposition visualization for health to outputs/industry_trends/trend_decomposition_health.png
2025-04-22 17:57:36,315 - industry_trend_analysis - INFO - Saved trend decomposition visualization for farming to outputs/industry_trends/trend_decomposition_farming.png
2025-04-22 17:57:36,538 - industry_trend_analysis - INFO - Saved trend decomposition visualization for higher education to outputs/industry_trends/trend_decomposition_higher_education.png
2025-04-22 17:57:36,575 - industry_trend_analysis - INFO - Saved trend decomposition visualization for financial services to outputs/industry_trends/trend_decomposition_financial_services.png
2025-04-22 17:57:36,814 - industry_trend_analysis - INFO - Saved trend decomposition visualization for hospital & health care to outputs/industry_trends/trend_decomposition_hospital_health_care.png
2025-04-22 17:57:36,851 - industry_trend_analysis - INFO - Saved trend decomposition visualization for food & beverages to outputs/industry_trends/trend_decomposition_food_beverages.png
2025-04-22 17:57:37,183 - industry_trend_analysis - INFO - Saved trend decomposition visualization for hospitality to outputs/industry_trends/trend_decomposition_hospitality.png
2025-04-22 17:57:37,238 - industry_trend_analysis - INFO - Saved trend decomposition visualization for food production to outputs/industry_trends/trend_decomposition_food_production.png
2025-04-22 17:57:37,573 - industry_trend_analysis - INFO - Saved trend decomposition visualization for individual & family services to outputs/industry_trends/trend_decomposition_individual_family_services.png
2025-04-22 17:57:37,907 - industry_trend_analysis - INFO - Saved trend decomposition visualization for fund-raising to outputs/industry_trends/trend_decomposition_fund-raising.png
2025-04-22 17:57:37,974 - industry_trend_analysis - INFO - Saved trend decomposition visualization for industrial automation to outputs/industry_trends/trend_decomposition_industrial_automation.png
2025-04-22 17:57:38,229 - industry_trend_analysis - INFO - Saved trend decomposition visualization for government administration to outputs/industry_trends/trend_decomposition_government_administration.png
2025-04-22 17:57:38,426 - industry_trend_analysis - INFO - Saved trend decomposition visualization for information services to outputs/industry_trends/trend_decomposition_information_services.png
2025-04-22 17:57:38,502 - industry_trend_analysis - INFO - Saved trend decomposition visualization for health to outputs/industry_trends/trend_decomposition_health.png
2025-04-22 17:57:38,744 - industry_trend_analysis - INFO - Saved trend decomposition visualization for information technology & services to outputs/industry_trends/trend_decomposition_information_technology_services.png
2025-04-22 17:57:38,829 - industry_trend_analysis - INFO - Saved trend decomposition visualization for higher education to outputs/industry_trends/trend_decomposition_higher_education.png
2025-04-22 17:57:39,041 - industry_trend_analysis - INFO - Saved trend decomposition visualization for insurance to outputs/industry_trends/trend_decomposition_insurance.png
2025-04-22 17:57:39,122 - industry_trend_analysis - INFO - Saved trend decomposition visualization for hospital & health care to outputs/industry_trends/trend_decomposition_hospital_health_care.png
2025-04-22 17:57:39,316 - industry_trend_analysis - INFO - Saved trend decomposition visualization for internet to outputs/industry_trends/trend_decomposition_internet.png
2025-04-22 17:57:39,413 - industry_trend_analysis - INFO - Saved trend decomposition visualization for hospitality to outputs/industry_trends/trend_decomposition_hospitality.png
2025-04-22 17:57:39,593 - industry_trend_analysis - INFO - Saved trend decomposition visualization for investment management to outputs/industry_trends/trend_decomposition_investment_management.png
2025-04-22 17:57:39,780 - industry_trend_analysis - INFO - Saved trend decomposition visualization for individual & family services to outputs/industry_trends/trend_decomposition_individual_family_services.png
2025-04-22 17:57:39,844 - industry_trend_analysis - INFO - Saved trend decomposition visualization for legal services to outputs/industry_trends/trend_decomposition_legal_services.png
2025-04-22 17:57:40,016 - industry_trend_analysis - INFO - Saved trend decomposition visualization for industrial automation to outputs/industry_trends/trend_decomposition_industrial_automation.png
2025-04-22 17:57:40,190 - industry_trend_analysis - INFO - Saved trend decomposition visualization for logistics & supply chain to outputs/industry_trends/trend_decomposition_logistics_supply_chain.png
2025-04-22 17:57:40,252 - industry_trend_analysis - INFO - Saved trend decomposition visualization for information services to outputs/industry_trends/trend_decomposition_information_services.png
2025-04-22 17:57:40,452 - industry_trend_analysis - INFO - Saved trend decomposition visualization for machinery to outputs/industry_trends/trend_decomposition_machinery.png
2025-04-22 17:57:40,509 - industry_trend_analysis - INFO - Saved trend decomposition visualization for information technology & services to outputs/industry_trends/trend_decomposition_information_technology_services.png
2025-04-22 17:57:40,708 - industry_trend_analysis - INFO - Saved trend decomposition visualization for management consulting to outputs/industry_trends/trend_decomposition_management_consulting.png
2025-04-22 17:57:40,776 - industry_trend_analysis - INFO - Saved trend decomposition visualization for insurance to outputs/industry_trends/trend_decomposition_insurance.png
2025-04-22 17:57:41,043 - industry_trend_analysis - INFO - Saved trend decomposition visualization for maritime to outputs/industry_trends/trend_decomposition_maritime.png
2025-04-22 17:57:41,114 - industry_trend_analysis - INFO - Saved trend decomposition visualization for internet to outputs/industry_trends/trend_decomposition_internet.png
2025-04-22 17:57:41,373 - industry_trend_analysis - INFO - Saved trend decomposition visualization for market research to outputs/industry_trends/trend_decomposition_market_research.png
2025-04-22 17:57:41,495 - industry_trend_analysis - INFO - Saved trend decomposition visualization for investment management to outputs/industry_trends/trend_decomposition_investment_management.png
2025-04-22 17:57:41,694 - industry_trend_analysis - INFO - Saved trend decomposition visualization for marketing & advertising to outputs/industry_trends/trend_decomposition_marketing_advertising.png
2025-04-22 17:57:41,840 - industry_trend_analysis - INFO - Saved trend decomposition visualization for legal services to outputs/industry_trends/trend_decomposition_legal_services.png
2025-04-22 17:57:41,923 - industry_trend_analysis - INFO - Saved trend decomposition visualization for mechanical or industrial engineering to outputs/industry_trends/trend_decomposition_mechanical_or_industrial_engineering.png
2025-04-22 17:57:42,090 - industry_trend_analysis - INFO - Saved trend decomposition visualization for logistics & supply chain to outputs/industry_trends/trend_decomposition_logistics_supply_chain.png
2025-04-22 17:57:42,340 - industry_trend_analysis - INFO - Saved trend decomposition visualization for media production to outputs/industry_trends/trend_decomposition_media_production.png
2025-04-22 17:57:42,341 - industry_trend_analysis - INFO - Saved trend decomposition visualization for machinery to outputs/industry_trends/trend_decomposition_machinery.png
2025-04-22 17:57:42,633 - industry_trend_analysis - INFO - Saved trend decomposition visualization for medical devices to outputs/industry_trends/trend_decomposition_medical_devices.png
2025-04-22 17:57:42,642 - industry_trend_analysis - INFO - Saved trend decomposition visualization for management consulting to outputs/industry_trends/trend_decomposition_management_consulting.png
2025-04-22 17:57:42,875 - industry_trend_analysis - INFO - Saved trend decomposition visualization for medical practice to outputs/industry_trends/trend_decomposition_medical_practice.png
2025-04-22 17:57:42,887 - industry_trend_analysis - INFO - Saved trend decomposition visualization for maritime to outputs/industry_trends/trend_decomposition_maritime.png
2025-04-22 17:57:43,136 - industry_trend_analysis - INFO - Saved trend decomposition visualization for mental health care to outputs/industry_trends/trend_decomposition_mental_health_care.png
2025-04-22 17:57:43,146 - industry_trend_analysis - INFO - Saved trend decomposition visualization for market research to outputs/industry_trends/trend_decomposition_market_research.png
2025-04-22 17:57:43,415 - industry_trend_analysis - INFO - Saved trend decomposition visualization for mining & metals to outputs/industry_trends/trend_decomposition_mining_metals.png
2025-04-22 17:57:43,632 - industry_trend_analysis - INFO - Saved trend decomposition visualization for marketing & advertising to outputs/industry_trends/trend_decomposition_marketing_advertising.png
2025-04-22 17:57:43,753 - industry_trend_analysis - INFO - Saved trend decomposition visualization for museums & institutions to outputs/industry_trends/trend_decomposition_museums_institutions.png
2025-04-22 17:57:44,026 - industry_trend_analysis - INFO - Saved trend decomposition visualization for mechanical or industrial engineering to outputs/industry_trends/trend_decomposition_mechanical_or_industrial_engineering.png
2025-04-22 17:57:44,320 - industry_trend_analysis - INFO - Saved trend decomposition visualization for music to outputs/industry_trends/trend_decomposition_music.png
2025-04-22 17:57:44,401 - industry_trend_analysis - INFO - Saved trend decomposition visualization for media production to outputs/industry_trends/trend_decomposition_media_production.png
2025-04-22 17:57:44,673 - industry_trend_analysis - INFO - Saved trend decomposition visualization for nanotechnology to outputs/industry_trends/trend_decomposition_nanotechnology.png
2025-04-22 17:57:44,759 - industry_trend_analysis - INFO - Saved trend decomposition visualization for medical devices to outputs/industry_trends/trend_decomposition_medical_devices.png
2025-04-22 17:57:44,999 - industry_trend_analysis - INFO - Saved trend decomposition visualization for nonprofit organization management to outputs/industry_trends/trend_decomposition_nonprofit_organization_management.png
2025-04-22 17:57:45,037 - industry_trend_analysis - INFO - Saved trend decomposition visualization for medical practice to outputs/industry_trends/trend_decomposition_medical_practice.png
2025-04-22 17:57:45,247 - industry_trend_analysis - INFO - Saved trend decomposition visualization for oil & energy to outputs/industry_trends/trend_decomposition_oil_energy.png
2025-04-22 17:57:45,257 - industry_trend_analysis - INFO - Saved trend decomposition visualization for mental health care to outputs/industry_trends/trend_decomposition_mental_health_care.png
2025-04-22 17:57:45,485 - industry_trend_analysis - INFO - Saved trend decomposition visualization for online media to outputs/industry_trends/trend_decomposition_online_media.png
2025-04-22 17:57:45,492 - industry_trend_analysis - INFO - Saved trend decomposition visualization for mining & metals to outputs/industry_trends/trend_decomposition_mining_metals.png
2025-04-22 17:57:45,753 - industry_trend_analysis - INFO - Saved trend decomposition visualization for packaging & containers to outputs/industry_trends/trend_decomposition_packaging_containers.png
2025-04-22 17:57:45,871 - industry_trend_analysis - INFO - Saved trend decomposition visualization for museums & institutions to outputs/industry_trends/trend_decomposition_museums_institutions.png
2025-04-22 17:57:45,984 - industry_trend_analysis - INFO - Saved trend decomposition visualization for performing arts to outputs/industry_trends/trend_decomposition_performing_arts.png
2025-04-22 17:57:46,117 - industry_trend_analysis - INFO - Saved trend decomposition visualization for music to outputs/industry_trends/trend_decomposition_music.png
2025-04-22 17:57:46,359 - industry_trend_analysis - INFO - Saved trend decomposition visualization for nanotechnology to outputs/industry_trends/trend_decomposition_nanotechnology.png
2025-04-22 17:57:46,372 - industry_trend_analysis - INFO - Saved trend decomposition visualization for pharmaceuticals to outputs/industry_trends/trend_decomposition_pharmaceuticals.png
2025-04-22 17:57:46,605 - industry_trend_analysis - INFO - Saved trend decomposition visualization for primary/secondary education to outputs/industry_trends/trend_decomposition_primary_secondary_education.png
2025-04-22 17:57:46,607 - industry_trend_analysis - INFO - Saved trend decomposition visualization for nonprofit organization management to outputs/industry_trends/trend_decomposition_nonprofit_organization_management.png
2025-04-22 17:57:46,904 - industry_trend_analysis - INFO - Saved trend decomposition visualization for oil & energy to outputs/industry_trends/trend_decomposition_oil_energy.png
2025-04-22 17:57:46,939 - industry_trend_analysis - INFO - Saved trend decomposition visualization for professional training & coaching to outputs/industry_trends/trend_decomposition_professional_training_coaching.png
2025-04-22 17:57:47,282 - industry_trend_analysis - INFO - Saved trend decomposition visualization for online media to outputs/industry_trends/trend_decomposition_online_media.png
2025-04-22 17:57:47,312 - industry_trend_analysis - INFO - Saved trend decomposition visualization for public safety to outputs/industry_trends/trend_decomposition_public_safety.png
2025-04-22 17:57:47,668 - industry_trend_analysis - INFO - Saved trend decomposition visualization for real estate to outputs/industry_trends/trend_decomposition_real_estate.png
2025-04-22 17:57:47,754 - industry_trend_analysis - INFO - Saved trend decomposition visualization for packaging & containers to outputs/industry_trends/trend_decomposition_packaging_containers.png
2025-04-22 17:57:47,940 - industry_trend_analysis - INFO - Saved trend decomposition visualization for renewables & environment to outputs/industry_trends/trend_decomposition_renewables_environment.png
2025-04-22 17:57:48,004 - industry_trend_analysis - INFO - Saved trend decomposition visualization for performing arts to outputs/industry_trends/trend_decomposition_performing_arts.png
2025-04-22 17:57:48,198 - industry_trend_analysis - INFO - Saved trend decomposition visualization for research to outputs/industry_trends/trend_decomposition_research.png
2025-04-22 17:57:48,266 - industry_trend_analysis - INFO - Saved trend decomposition visualization for pharmaceuticals to outputs/industry_trends/trend_decomposition_pharmaceuticals.png
2025-04-22 17:57:48,554 - industry_trend_analysis - INFO - Saved trend decomposition visualization for primary/secondary education to outputs/industry_trends/trend_decomposition_primary_secondary_education.png
2025-04-22 17:57:48,607 - industry_trend_analysis - INFO - Saved trend decomposition visualization for restaurants to outputs/industry_trends/trend_decomposition_restaurants.png
2025-04-22 17:57:48,813 - industry_trend_analysis - INFO - Saved trend decomposition visualization for professional training & coaching to outputs/industry_trends/trend_decomposition_professional_training_coaching.png
2025-04-22 17:57:48,857 - industry_trend_analysis - INFO - Saved trend decomposition visualization for semiconductors to outputs/industry_trends/trend_decomposition_semiconductors.png
2025-04-22 17:57:49,080 - industry_trend_analysis - INFO - Saved trend decomposition visualization for public safety to outputs/industry_trends/trend_decomposition_public_safety.png
2025-04-22 17:57:49,118 - industry_trend_analysis - INFO - Saved trend decomposition visualization for sports to outputs/industry_trends/trend_decomposition_sports.png
2025-04-22 17:57:49,331 - industry_trend_analysis - INFO - Saved trend decomposition visualization for real estate to outputs/industry_trends/trend_decomposition_real_estate.png
2025-04-22 17:57:49,383 - industry_trend_analysis - INFO - Saved trend decomposition visualization for transportation/trucking/railroad to outputs/industry_trends/trend_decomposition_transportation_trucking_railroad.png
2025-04-22 17:57:49,639 - industry_trend_analysis - INFO - Saved trend decomposition visualization for utilities to outputs/industry_trends/trend_decomposition_utilities.png
2025-04-22 17:57:49,755 - industry_trend_analysis - INFO - Saved trend decomposition visualization for renewables & environment to outputs/industry_trends/trend_decomposition_renewables_environment.png
2025-04-22 17:57:49,915 - industry_trend_analysis - INFO - Saved trend decomposition visualization for venture capital & private equity to outputs/industry_trends/trend_decomposition_venture_capital_private_equity.png
2025-04-22 17:57:50,011 - industry_trend_analysis - INFO - Saved trend decomposition visualization for research to outputs/industry_trends/trend_decomposition_research.png
2025-04-22 17:57:50,295 - industry_trend_analysis - INFO - Saved trend decomposition visualization for restaurants to outputs/industry_trends/trend_decomposition_restaurants.png
2025-04-22 17:57:50,338 - industry_trend_analysis - INFO - Saved trend decomposition visualization for veterinary to outputs/industry_trends/trend_decomposition_veterinary.png
2025-04-22 17:57:50,655 - industry_trend_analysis - INFO - Saved trend decomposition visualization for semiconductors to outputs/industry_trends/trend_decomposition_semiconductors.png
2025-04-22 17:57:50,686 - industry_trend_analysis - INFO - Saved trend decomposition visualization for wholesale to outputs/industry_trends/trend_decomposition_wholesale.png
2025-04-22 17:57:51,017 - industry_trend_analysis - INFO - Saved trend decomposition visualization for sports to outputs/industry_trends/trend_decomposition_sports.png
2025-04-22 17:57:51,035 - industry_trend_analysis - INFO - Saved trend decomposition visualization for wireless to outputs/industry_trends/trend_decomposition_wireless.png
2025-04-22 17:57:51,035 - industry_trend_analysis - INFO - Industry trend visualizations saved to outputs/industry_trends
2025-04-22 17:57:51,035 - industry_trend_analysis - WARNING - No emerging industries available for visualization
2025-04-22 17:57:51,035 - industry_trend_analysis - INFO - Emerging industries visualization saved to outputs/industry_trends
2025-04-22 17:57:51,035 - industry_trend_analysis - ERROR - Error visualizing saturated industries: 'list' object has no attribute 'items'
2025-04-22 17:57:51,045 - industry_trend_analysis - ERROR - Traceback (most recent call last):
  File "/Users/hk/Downloads/DSFinalYearProject/MLPredictiveAnalysis/industry_trend_analysis.py", line 1314, in visualize_saturated_industries
    sorted_industries = sorted(saturated_industries.items(), key=lambda x: x[1])
                               ^^^^^^^^^^^^^^^^^^^^^^^^^^
AttributeError: 'list' object has no attribute 'items'

2025-04-22 17:57:51,046 - industry_trend_analysis - INFO - Saturated industries visualization saved to outputs/industry_trends
2025-04-22 17:57:51,049 - industry_trend_analysis - INFO - Industry trend report generated at outputs/industry_trends/industry_trend_report.html
2025-04-22 17:57:51,049 - industry_trend_analysis - INFO - Industry trend report generated: outputs/industry_trends/industry_trend_report.html
2025-04-22 17:57:51,493 - industry_trend_analysis - INFO - Saved trend decomposition visualization for transportation/trucking/railroad to outputs/industry_trends/trend_decomposition_transportation_trucking_railroad.png
2025-04-22 17:57:51,943 - industry_trend_analysis - INFO - Saved trend decomposition visualization for utilities to outputs/industry_trends/trend_decomposition_utilities.png
2025-04-22 17:57:52,141 - industry_trend_analysis - INFO - Saved trend decomposition visualization for venture capital & private equity to outputs/industry_trends/trend_decomposition_venture_capital_private_equity.png
2025-04-22 17:57:52,353 - industry_trend_analysis - INFO - Saved trend decomposition visualization for veterinary to outputs/industry_trends/trend_decomposition_veterinary.png
2025-04-22 17:57:52,565 - industry_trend_analysis - INFO - Saved trend decomposition visualization for wholesale to outputs/industry_trends/trend_decomposition_wholesale.png
2025-04-22 17:57:52,776 - industry_trend_analysis - INFO - Saved trend decomposition visualization for wireless to outputs/industry_trends/trend_decomposition_wireless.png
2025-04-22 17:57:52,776 - industry_trend_analysis - INFO - Industry trend visualizations saved to outputs/industry_trends
2025-04-22 17:57:52,776 - industry_trend_analysis - WARNING - No emerging industries available for visualization
2025-04-22 17:57:52,776 - industry_trend_analysis - INFO - Emerging industries visualization saved to outputs/industry_trends
2025-04-22 17:57:52,776 - industry_trend_analysis - ERROR - Error visualizing saturated industries: 'list' object has no attribute 'items'
2025-04-22 17:57:52,778 - industry_trend_analysis - ERROR - Traceback (most recent call last):
  File "/Users/hk/Downloads/DSFinalYearProject/MLPredictiveAnalysis/industry_trend_analysis.py", line 1314, in visualize_saturated_industries
    sorted_industries = sorted(saturated_industries.items(), key=lambda x: x[1])
                               ^^^^^^^^^^^^^^^^^^^^^^^^^^
AttributeError: 'list' object has no attribute 'items'

2025-04-22 17:57:52,778 - industry_trend_analysis - INFO - Saturated industries visualization saved to outputs/industry_trends
2025-04-22 17:57:52,780 - industry_trend_analysis - INFO - Industry trend report generated at outputs/industry_trends/industry_trend_report.html
2025-04-22 17:57:52,780 - industry_trend_analysis - INFO - Industry trend report generated: outputs/industry_trends/industry_trend_report.html
2025-04-22 18:19:21,776 - industry_trend_analysis - INFO - Industry Trend Analysis initialized
2025-04-22 18:19:21,778 - industry_trend_analysis - INFO - Loaded industry mappings from ./outputIndustryTrends/industry_mappings.json
2025-04-22 18:19:21,778 - industry_trend_analysis - INFO - Starting industry trend analysis pipeline
2025-04-22 18:19:21,778 - industry_trend_analysis - INFO - Loading data from JSON files
2025-04-22 18:19:21,781 - industry_trend_analysis - INFO - Loaded 1103 records from fundraiser data
2025-04-22 18:19:21,781 - industry_trend_analysis - INFO - Loaded 100 records from growthlist data
2025-04-22 18:19:21,783 - industry_trend_analysis - INFO - Loaded 546 records from topstartup data
2025-04-22 18:19:21,790 - industry_trend_analysis - INFO - Created DataFrame with 1749 records and 27 columns
2025-04-22 18:19:21,790 - industry_trend_analysis - INFO - Standardizing DataFrame
2025-04-22 18:19:21,793 - industry_trend_analysis - INFO - Handling duplicate column: company_name
2025-04-22 18:19:21,795 - industry_trend_analysis - INFO - Handling duplicate column: employees
2025-04-22 18:19:21,796 - industry_trend_analysis - INFO - Handling duplicate column: industry
2025-04-22 18:19:21,799 - industry_trend_analysis - INFO - Handling duplicate column: funding_date
2025-04-22 18:19:21,799 - industry_trend_analysis - INFO - Handling duplicate column: funding_stage
2025-04-22 18:19:21,814 - industry_trend_analysis - INFO - DataFrame standardization complete. Result has 1749 rows and 25 columns
2025-04-22 18:19:21,814 - industry_trend_analysis - INFO - Standardizing DataFrame
2025-04-22 18:19:21,822 - industry_trend_analysis - INFO - DataFrame standardization complete. Result has 1749 rows and 25 columns
2025-04-22 18:19:21,823 - industry_trend_analysis - INFO - Normalizing industry categories
2025-04-22 18:19:21,826 - industry_trend_analysis - INFO - Normalized to 132 industry categories
2025-04-22 18:19:21,826 - industry_trend_analysis - INFO - Creating trend features for analysis
2025-04-22 18:19:22,146 - industry_trend_analysis - INFO - Created time series features with 15 time periods
2025-04-22 18:19:22,147 - industry_trend_analysis - INFO - Applying STL decomposition for trend analysis
2025-04-22 18:19:22,284 - industry_trend_analysis - INFO - Completed trend analysis for 109 industries
2025-04-22 18:19:22,284 - industry_trend_analysis - INFO - Identifying emerging industries
2025-04-22 18:19:22,312 - industry_trend_analysis - INFO - Identified 0 emerging industries
2025-04-22 18:19:22,312 - industry_trend_analysis - INFO - Identifying saturated industries
2025-04-22 18:19:22,312 - industry_trend_analysis - INFO - Found 109 industries to analyze for saturation
2025-04-22 18:19:22,313 - industry_trend_analysis - INFO - Decline-based saturated industry: Architecture, decline: -84.00%
2025-04-22 18:19:22,313 - industry_trend_analysis - INFO - Decline-based saturated industry: Augmented Reality, decline: -45.65%
2025-04-22 18:19:22,314 - industry_trend_analysis - INFO - Decline-based saturated industry: Cloud Computing, decline: -82.07%
2025-04-22 18:19:22,316 - industry_trend_analysis - INFO - Decline-based saturated industry: Electronics, decline: -72.00%
2025-04-22 18:19:22,321 - industry_trend_analysis - INFO - Saturated industry candidate: Telecommunications, momentum: -0.6667, avg_momentum: -0.0684
2025-04-22 18:19:22,321 - industry_trend_analysis - INFO - Decline calculation for Telecommunications: latest=82000000.0, max=164000000.0, decline=-50.00%
2025-04-22 18:19:22,340 - industry_trend_analysis - INFO - Top saturated industry 1: Telecommunications, momentum: -66.67%, decline: -50.00%
2025-04-22 18:19:22,340 - industry_trend_analysis - INFO - Top saturated industry 2: Architecture, momentum: 0.00%, decline: -84.00%
2025-04-22 18:19:22,340 - industry_trend_analysis - INFO - Top saturated industry 3: Cloud Computing, momentum: 0.00%, decline: -82.07%
2025-04-22 18:19:22,340 - industry_trend_analysis - INFO - Top saturated industry 4: Electronics, momentum: 0.00%, decline: -72.00%
2025-04-22 18:19:22,340 - industry_trend_analysis - INFO - Top saturated industry 5: Augmented Reality, momentum: 0.00%, decline: -45.65%
2025-04-22 18:19:22,340 - industry_trend_analysis - INFO - Identified 1 potentially saturated industries
2025-04-22 18:19:22,553 - industry_trend_analysis - INFO - Saved trend decomposition visualization for  to outputs/industry_trends/trend_decomposition_unknown.png
2025-04-22 18:19:22,718 - industry_trend_analysis - INFO - Saved trend decomposition visualization for 0 to outputs/industry_trends/trend_decomposition_0.png
2025-04-22 18:19:22,897 - industry_trend_analysis - INFO - Saved trend decomposition visualization for Aerospace to outputs/industry_trends/trend_decomposition_Aerospace.png
2025-04-22 18:19:23,079 - industry_trend_analysis - INFO - Saved trend decomposition visualization for Architecture to outputs/industry_trends/trend_decomposition_Architecture.png
2025-04-22 18:19:23,311 - industry_trend_analysis - INFO - Saved trend decomposition visualization for Artificial Intelligence to outputs/industry_trends/trend_decomposition_Artificial_Intelligence.png
2025-04-22 18:19:23,494 - industry_trend_analysis - INFO - Saved trend decomposition visualization for Augmented Reality to outputs/industry_trends/trend_decomposition_Augmented_Reality.png
2025-04-22 18:19:23,700 - industry_trend_analysis - INFO - Saved trend decomposition visualization for Biotechnology to outputs/industry_trends/trend_decomposition_Biotechnology.png
2025-04-22 18:19:23,874 - industry_trend_analysis - INFO - Saved trend decomposition visualization for Blockchain to outputs/industry_trends/trend_decomposition_Blockchain.png
2025-04-22 18:19:24,072 - industry_trend_analysis - INFO - Saved trend decomposition visualization for Cloud Computing to outputs/industry_trends/trend_decomposition_Cloud_Computing.png
2025-04-22 18:19:24,260 - industry_trend_analysis - INFO - Saved trend decomposition visualization for Community to outputs/industry_trends/trend_decomposition_Community.png
2025-04-22 18:19:24,521 - industry_trend_analysis - INFO - Saved trend decomposition visualization for Construction to outputs/industry_trends/trend_decomposition_Construction.png
2025-04-22 18:19:24,704 - industry_trend_analysis - INFO - Saved trend decomposition visualization for Construction & Materials to outputs/industry_trends/trend_decomposition_Construction_Materials.png
2025-04-22 18:19:24,890 - industry_trend_analysis - INFO - Saved trend decomposition visualization for Cyber Security to outputs/industry_trends/trend_decomposition_Cyber_Security.png
2025-04-22 18:19:25,053 - industry_trend_analysis - INFO - Saved trend decomposition visualization for Data to outputs/industry_trends/trend_decomposition_Data.png
2025-04-22 18:19:25,219 - industry_trend_analysis - INFO - Saved trend decomposition visualization for E-commerce & Retail to outputs/industry_trends/trend_decomposition_E-commerce_Retail.png
2025-04-22 18:19:25,394 - industry_trend_analysis - INFO - Saved trend decomposition visualization for Electronics to outputs/industry_trends/trend_decomposition_Electronics.png
2025-04-22 18:19:25,579 - industry_trend_analysis - INFO - Saved trend decomposition visualization for Energy to outputs/industry_trends/trend_decomposition_Energy.png
2025-04-22 18:19:25,831 - industry_trend_analysis - INFO - Saved trend decomposition visualization for Entertainment to outputs/industry_trends/trend_decomposition_Entertainment.png
2025-04-22 18:19:26,013 - industry_trend_analysis - INFO - Saved trend decomposition visualization for Family to outputs/industry_trends/trend_decomposition_Family.png
2025-04-22 18:19:26,199 - industry_trend_analysis - INFO - Saved trend decomposition visualization for FinTech to outputs/industry_trends/trend_decomposition_FinTech.png
2025-04-22 18:19:26,387 - industry_trend_analysis - INFO - Saved trend decomposition visualization for Finance to outputs/industry_trends/trend_decomposition_Finance.png
2025-04-22 18:19:26,620 - industry_trend_analysis - INFO - Saved trend decomposition visualization for Fitness to outputs/industry_trends/trend_decomposition_Fitness.png
2025-04-22 18:19:26,801 - industry_trend_analysis - INFO - Saved trend decomposition visualization for Gaming to outputs/industry_trends/trend_decomposition_Gaming.png
