Employbl Company ID,Company Name,Website,Address 1,City,State,Zip,Latitude,Longitude,Company Description,Thumbnail URL,source_file
6,23andMe,23andme.com,899 W Evelyn Ave,Mountain View,CA,94041.0,37.395208,-122.079159,"Discover what 125+ personalized reports have to say about your ancestry, health, traits and more.",,silicon-valley-companies.csv
1075,280 Group,280group.com,142B S Santa Cruz Ave,Los Gatos,CA,95030.0,37.220624,-121.985589,"Let 280 Group help you leverage our proven process for Product Management and Product Marketing through training, certification, consulting, and more.",,silicon-valley-companies.csv
984,5AM Ventures,5amventures.com,2200 Sand Hill Road,Menlo Park,CA,94025.0,37.422774,-122.199215,5AM Ventures is a leading venture capital firm focused on building next-generation life science companies capable of delivering outstanding returns to our investors.,,silicon-valley-companies.csv
1088,Accel,www.accel.com,2500 Sand Hill Road,Menlo Park,CA,94025.0,37.42175,-122.204843,"We partner with exceptional founders with unique insights, from inception through all phases of growth.",,silicon-valley-companies.csv
15,Addepar,addepar.com,303 Bryant St,Mountain View,CA,94041.0,37.39267,-122.080849,"Addepar is the first performance reporting platform that easily handles all of your assets, connecting your financial goals and objectives with real world actionable insights.",,silicon-valley-companies.csv
16,Adecco Group,www.adeccogroup.com,903 Sneath Ln Ste 123,San Bruno,CA,94066.0,37.635,-122.424555,"In the world of work, The Adecco Group is the world's leading provider of temporary staffing, permanent placement, career transition and talent development",,silicon-valley-companies.csv
18,Adobe,www.adobe.com,601 Townsend St,San Francisco,CA,94103.0,37.771206,-122.401662,"Adobe is changing the world through digital experiences. We help our customers create, deliver and optimize content and applications.",,silicon-valley-companies.csv
1081,AgilOne,acquia.com,771 Vaqueros Ave,Sunnyvale,CA,94085.0,37.395589,-122.031758,"AgilOne is now part of Acquia. AgilOne is a customer data platform for enterprise B2C companies. AgilOne's vision is to restore the personal relationships companies once had with customers before channel-specific marketing silos got in the way. Through a single view of customers across all channels, predictive models to understand customer behavior, and real-time APIs to orchestrate personalized experiences across all touch-points, AgilOne creates authentic omni-channel customer relationships that maximize lifetime value.",,silicon-valley-companies.csv
33,Alation,alation.com,805 Veterans Blvd #307,Redwood City,CA,94063.0,37.491223,-122.228606,"Alation's Data Catalog empowers analysts & information stewards to search, query and collaborate for fast, accurate insights and confident decision-making.",,silicon-valley-companies.csv
35,AlienVault,www.alienvault.com,1100 Park Pl #300,San Mateo,CA,94403.0,37.545105,-122.290819,"At AT&T Cybersecurity our mission is to provide phenomenal threat intelligence, collaborative defense & effective security for organizations of all sizes.",,silicon-valley-companies.csv
986,Altimeter Capital,,2420 Sand Hill Road,Menlo Park,CA,94025.0,37.422643,-122.203958,,,silicon-valley-companies.csv
987,Altos Ventures,,2882 Sand Hill Road,Menlo Park,CA,94025.0,37.421968,-122.214066,,,silicon-valley-companies.csv
41,Amazon,amazon.com,1900 University Ave,East Palo Alto,CA,94303.0,37.459056,-122.142821,"Online shopping from the earth's biggest selection of books, magazines, music, DVDs, videos, electronics, computers, software, apparel & accessories, shoes,",,silicon-valley-companies.csv
43,Ambient.ai,ambient.ai,459 Hamilton Ave,Palo Alto,CA,94301.0,37.447222,-122.158617,"We are a small team of Stanford graduates and software engineers with extensive research experience in imaging, neuroscience, deep learning and artificial intelligence. We've previously built mission-critical products and infrastructure at companies like Apple, Google, Microsoft and Dropbox. We're on a mission to advance the state-of-the-art in Vision AI.",,silicon-valley-companies.csv
44,AMD,www.amd.com,2485 Augustine Dr,Santa Clara,CA,95054.0,37.382925,-121.970384,"Advanced Micro Devices, Inc. (AMD) is an American multinational semiconductor company",,silicon-valley-companies.csv
1097,Amply Power,www.amplypower.com,335 E Middlefield Rd,Mountain View,CA,94043.0,37.396461,-122.058804,"AMPLY Power's Charging-as-a-Service model de-risks and accelerates the adoption of electric buses, trucks, and cars.",,silicon-valley-companies.csv
988,Andreessen Horowitz,a16z.com,2865 Sand Hill Road,Menlo Park,CA,94025.0,37.41973,-122.214244,"Andreessen Horowitz is a private American venture capital firm, founded in 2009 by Marc Andreessen and Ben Horowitz. The company is headquartered in Menlo Park, California. Andreessen Horowitz invests in both early-stage start-ups and established growth companies.",,silicon-valley-companies.csv
49,Anomali,anomali.com,808 Winslow St,Redwood City,CA,94063.0,37.486075,-122.231216,Anomali is a Threat Intelligence Platform that enables businesses to integrate security products and leverage threat data to defend against cyber threats.,,silicon-valley-companies.csv
55,Apple,www.apple.com,Apple Campus,Cupertino,CA,95014.0,37.33182,-122.03118,"Discover the innovative world of Apple and shop everything iPhone, iPad, Apple Watch, Mac, and Apple TV, plus explore accessories, entertainment, and expert",,silicon-valley-companies.csv
61,Apttus,apttus.com,1400 Fashion Island Blvd #100,San Mateo,CA,94404.0,37.556081,-122.288161,"Apttus provides category-defining Quote-to-Cash software delivering CPQ, Contract Management, E-Commerce & Revenue Management.",,silicon-valley-companies.csv
919,Arista,arista.com,5453 Great America Pkwy,Santa Clara,CA,95054.0,37.412161,-121.97603,Arista Networks was founded to pioneer and deliver software-driven cloud networking solutions for large data center storage and computing environments.,,silicon-valley-companies.csv
62,Armory,www.armory.io,28 E 3rd Ave #200,San Mateo,CA,94401.0,37.56325,-122.325167,Continuous Deployment for the Enterprise,,silicon-valley-companies.csv
902,Ascend,tryascend.com,,San Jose,CA,,37.338208,-121.886329,Ascend is a full service debt settlement and debt relief company to help people get and stay out of debt.,,silicon-valley-companies.csv
66,ASUS,www.asus.com,48720 Kato Rd,Fremont,CA,94538.0,37.461544,-121.923311,"ASUS is a worldwide top-three consumer notebook brand that creates innovative technology to deliver a seamless, joyful digital life for everyone.",,silicon-valley-companies.csv
70,Avast,avast.com,2625 Broadway,Redwood City,CA,94063.0,37.485898,-122.233689,"Join 435 million others and get award-winning free antivirus for PC, Mac & Android. Surf safely & privately with our VPN. Download Avast today!",,silicon-valley-companies.csv
1100,Baidu USA,usa.baidu.com,1195 Bordeaux Dr,Sunnyvale,CA,94089.0,37.409228,-122.023987,"Located in the heart of Silicon Valley, Baidu USA is one of the R&D centers of Baidu, China’s largest search engine provider. Baidu USA’s team of elite, world-class researchers and engineers devote their time to tackling the most challenging, change-the-world projects in AI and related fields",,silicon-valley-companies.csv
76,Barracuda,www.barracuda.com,3175 S Winchester Blvd,Campbell,CA,95008.0,37.267651,-121.957931,"Barracuda Networks is the worldwide leader in Security, Application Delivery and Data Protection Solutions.",,silicon-valley-companies.csv
989,Battery Ventures,,2884 Sand Hill Road,Menlo Park,CA,94025.0,37.421944,-122.21513,,,silicon-valley-companies.csv
81,Benevity,benevity.com,32 W 25th Ave #203,San Mateo,CA,94403.0,37.544091,-122.306726,Benevity's goodness platform empowers socially conscious brands to make a real difference. Learn how we can make your giving programs great.,,silicon-valley-companies.csv
84,Betterworks,betterworks.com,999 Main St,Redwood City,CA,94063.0,37.484282,-122.225865,"Continuous Performance Management with Betterworks can help improve employee engagement, OKRs and employee development.",,silicon-valley-companies.csv
98,Blue River Technology,www.bluerivertechnology.com,575 N Pastoria Ave,Sunnyvale,CA,94085.0,37.391861,-122.034289,Blue River Technology is building the next generation of smart agriculture equipment.,,silicon-valley-companies.csv
100,BlueJeans,www.bluejeans.com,516 Clyde Ave,Mountain View,CA,94043.0,37.398873,-122.047364,BlueJeans Network is the most advanced way to enable video conferencing in the workplace or on the road. Our goal is to make video as easy and pervasive as audio communications and create visual experiences that people love.,,silicon-valley-companies.csv
101,BlueVine,bluevine.com,401 Warren St #300,Redwood City,CA,94063.0,37.487126,-122.232107,"BlueVine gives small businesses a flexible line of credit to run their business or an advance on their invoices to meet payroll, buy supplies or grow.",,silicon-valley-companies.csv
104,Box,box.com,900 Jefferson Ave,Redwood City,CA,94063.0,37.48487,-122.229315,Box is changing how you manage content across your business from simple file sharing to building custom apps.,,silicon-valley-companies.csv
108,Branch,branch.io,1400 Seaport Blvd,Redwood City,CA,94063.0,37.51365,-122.199525,"Increase mobile revenue with enterprise-grade links built to acquire, engage, and measure across all devices, channels, and platforms.",,silicon-valley-companies.csv
990,Bright Capital,,3000 Sand Hill Road Building 2,Menlo Park,CA,94025.0,37.42359,-122.221003,,,silicon-valley-companies.csv
843,Brillio,www.brillio.com,5201 Great America Pkwy,Santa Clara,CA,95054.0,37.406306,-121.976493,We help businesses define digital transformation objectives and turn them into actionable market strategies.,,silicon-valley-companies.csv
116,Broadcom,www.broadcom.com,1320 Ridder Park Dr,San Jose,CA,95131.0,37.386135,-121.900328,"Broadcom Inc. (NASDAQ: AVGO) is a global technology leader that designs, develops and supplies semiconductor and infrastructure software solutions.",,silicon-valley-companies.csv
123,C3,c3.ai,1300 Seaport Blvd #500,Redwood City,CA,94063.0,37.513716,-122.201786,"C3 is a leading software provider for rapidly developing, deploying, and operating AI, predictive analytics, and IoT applications.",,silicon-valley-companies.csv
124,Cadence Design Systems,www.cadence.com,2655 Seely Ave,San Jose,CA,95134.0,37.396063,-121.919533,"Cadence is a leading EDA and System Design Enablement provider delivering tools, software, and IP to help you build great products that connect the world.",,silicon-valley-companies.csv
992,Canaan Partners,,2765 Sand Hill Road,Menlo Park,CA,94025.0,37.419687,-122.209616,,,silicon-valley-companies.csv
132,Carbon,carbon3d.com,1089 Mills Way,Redwood City,CA,94063.0,37.487369,-122.209545,Carbon is revolutionizing 3D printing and manufacturing with breakthrough technologies that enable the creation of end use parts with unique properties.,,silicon-valley-companies.csv
135,Carta,carta.com,195 Page Mill Rd Suite 101,Palo Alto,CA,94306.0,37.426587,-122.138655,"Carta (formerly eShares) is an ownership and equity management platform trusted by thousands of founders, investors, and employees.",,silicon-valley-companies.csv
993,Charles River Ventures,,2882 Sand Hill Road,Menlo Park,CA,94025.0,37.421968,-122.214066,,,silicon-valley-companies.csv
144,Chegg,www.chegg.com,3990 Freedom Cir,Santa Clara,CA,95054.0,37.388454,-121.972382,"Get step-by-step Textbook Solutions for your hard classes or connect with an online tutor instantly. As always, save up to 90% on textbook rentals.",,silicon-valley-companies.csv
921,CipherCloud,ciphercloud.com,333 W San Carlos St,San Jose,CA,95110.0,37.328862,-121.893598,"CipherCloud is a cloud security software company based in San Jose, California. The company enables businesses to adopt cloud services while ensuring data security and regulatory compliance.",,silicon-valley-companies.csv
922,Cisco,cisco.com,3605 Cisco Way,San Jose,CA,95134.0,37.408175,-121.928128,"Cisco (NASDAQ: CSCO) enables people to make powerful connections--whether in business, education, philanthropy, or creativity. Cisco hardware, software, and service offerings are used to create the Internet solutions that make networks possible--providing easy access to information anywhere, at any time. ",,silicon-valley-companies.csv
150,Clara Analytics,www.claraanalytics.com,451 El Camino Real #201,Santa Clara,CA,95050.0,37.35087,-121.932689,Reducing Workers' Compensation Medical Costs through Actionable AI.,,silicon-valley-companies.csv
159,Cloudbees,www.cloudbees.com,2001 Gateway Pl #670W,San Jose,CA,95110.0,37.369715,-121.922733,We’re Building the World’s First End-to-End Continuous Software Delivery System,,silicon-valley-companies.csv
163,Clover Network,clover.com,415 N Mathilda Ave,Sunnyvale,CA,94085.0,37.386705,-122.03198,"Clover designs smart, customized point of sale devices that make running your business easier & accepting payments from customers seamless.",,silicon-valley-companies.csv
168,Codexis,codexis.com,400 Penobscot Dr,Redwood City,CA,94063.0,37.500281,-122.216549,Codexis is a leading protein engineering company that applies its technology to the development of biocatalysts for commercial manufacture of pharmaceuticals,,silicon-valley-companies.csv
871,ColorTokens,colortokens.com,2101 Tasman Dr Suite 201,Santa Clara,CA,95054.0,37.409514,-121.961797,"Built from the ground up for zero trust, the ColorTokens cloud-delivered platform offers a new-generation of proactive security that simplifies and streamlines protection and compliance for cloud workloads, applications, and endpoints",,silicon-valley-companies.csv
997,Columbus Nova,,3000 Sand Hill Road Building 3 Suite 190,Menlo Park,CA,94025.0,37.42359,-122.221003,,,silicon-valley-companies.csv
821,CommonGenius,commongenius.com,75 E Santa Clara St,San Jose,CA,95113.0,37.337119,-121.889391,"Meet 1-on-1 with top executives, investors, life coaches, technologists, best selling authors, influencers, and so much more. Invest in yourself and your success.",,silicon-valley-companies.csv
1116,Confident Cannabis,confidentcannabis.com,,,,,0.0,0.0,"Confident Cannabis software simplifies testing and wholesale trade to help legal operators test, buy and sell compliant cannabis.",,silicon-valley-companies.csv
1117,Course Hero,www.coursehero.com,2000 Seaport Blvd,Redwood City,CA,94063.0,37.510734,-122.203471,"Instant access to millions of Study Resources, Course Notes, Test Prep, 24/7 Homework Help, Tutors, and more. Learn, teach, and study with Course Hero.",,silicon-valley-companies.csv
179,Coursera,www.coursera.org,381 E Evelyn Ave,Mountain View,CA,94041.0,37.386873,-122.060787,"Choose your #CourseToSuccess! Learn online and earn valuable credentials from top universities like Yale, Michigan, Stanford",,silicon-valley-companies.csv
180,Cradlepoint,cradlepoint.com,718 University Ave Suite 200,Los Gatos,CA,95032.0,37.236957,-121.975021,"Founded in 2006, Cradlepoint has grown to become the industry leader in cloud-delivered 4G LTE network solutions for business, service provider, and government organizations, and we are committed to extending our leadership into the emerging 5G space.",,silicon-valley-companies.csv
873,Crossover Hub,crossoverhub.com,42514 Albrae St,Fremont,CA,94538.0,37.508858,-121.970526,"Freshly established in 2018, Crossover Hub is an incubator for pioneering and edge-cutting ideas and minds.
The hub offers co-working space and operational supports to entrepreneurs and early stage companies,
from starting up to scaling up.",,silicon-valley-companies.csv
925,DataStax,datastax.com,3975 Freedom Cir,Santa Clara,CA,95054.0,37.387153,-121.973883,"DataStax is an experienced partner in on-premises, hybrid, and multi-cloud deployments and offers a suite of distributed data management products and cloud services. We make it easy for enterprises to deliver killer apps that crush the competition. ",,silicon-valley-companies.csv
196,Datavisor,datavisor.com,967 N Shoreline Blvd,Mountain View,CA,94043.0,37.407728,-122.077488,"Predict novel, evolving attacks with Unsupervised Machine Learning.",,silicon-valley-companies.csv
874,Datrium,datrium.com,385 Moffett Park Dr #205,Sunnyvale,CA,94089.0,37.40639,-122.016012,"Datrium Does Disaster Recovery and Disaggregated HCI Right.
Get a single powerful platform with solutions for hybrid cloud, private cloud, and on-premises data centers",,silicon-valley-companies.csv
999,DCM Ventures,,2420 Sand Hill Road,Menlo Park,CA,94025.0,37.422643,-122.203958,,,silicon-valley-companies.csv
927,Delphix,delphix.com,1400 Seaport Blvd,Redwood City,CA,94063.0,37.513745,-122.199786,Deliver winning applications with compliant data that can be versioned on demand—across clouds.,,silicon-valley-companies.csv
825,DiDi Labs,didi-labs.com,450 National Ave,Mountain View,CA,94043.0,37.40184,-122.052942,"DiDi Labs is developing advanced technologies to power our vision of the future: an open, efficient, collaborative, and sustainable transportation ecosystem.",,silicon-valley-companies.csv
844,Diffbot,www.diffbot.com,333 Ravenswood Ave,Menlo Park,CA,94025.0,37.457562,-122.176536,Tap into accurate data from a single page or the entire web with Diffbot AI.,,silicon-valley-companies.csv
208,DNAnexus,dnanexusconnect.com,1975 W El Camino Real #204,Mountain View,CA,94040.0,37.393674,-122.099278,"DNAnexus, a cloud-based genome informatics & data management platform, is accelerating genomic medicine by making it easier to work with genomic data",,silicon-valley-companies.csv
1058,Dokkio,dokkio.com,1 Waters Park Dr #103,San Mateo,CA,94403.0,37.551425,-122.291173,"Dokkio gives your team an intelligent way to organize, find, understand, and collaborate on the files your team uploads and shares. When connected to Dropbox, Google Drive, Gmail, Slack, or Box, Dokkio automatically",,silicon-valley-companies.csv
1001,Draper Fisher Jurvetson,,2882 Sand Hill Road,Menlo Park,CA,94025.0,37.421968,-122.214066,,,silicon-valley-companies.csv
221,eBay,www.ebay.com,2025 Hamilton Ave,San Jose,CA,95125.0,37.295145,-121.926111,"Buy and sell electronics, cars, fashion apparel, collectibles, sporting goods, digital cameras, baby items, coupons, and everything else on eBay",,silicon-valley-companies.csv
930,Egnyte,egnyte.com,1350 W Middlefield Rd,Mountain View,CA,94043.0,37.409204,-122.083073,"Egnyte is a company that provides software for enterprise file synchronization and sharing. The technology can store files in a company's existing data repository, as well as cloud computing storage",,silicon-valley-companies.csv
931,Elastic,elastic.co,800 W El Camino Real,Mountain View,CA,94040.0,37.386495,-122.084129,"We're the creators of the Elastic (ELK) Stack -- Elasticsearch, Kibana, Beats, and Logstash.",https://i.imgur.com/yYMGZRc.png,silicon-valley-companies.csv
225,Electronic Arts,ea.com,209 Redwood Shores Pkwy,Redwood City,CA,94065.0,37.52328,-122.254142,"We exist to inspire the world through Play. Electronic Arts is a leading publisher of games on Console, PC and Mobile.",,silicon-valley-companies.csv
932,EMC Data Domain,emc.com,2421 Mission College Blvd,Santa Clara,CA,95054.0,37.39035,-121.970629,"Dell EMC Data Domain is Dell EMC’s data deduplication storage system. Development began with the founding of Data Domain, and has continued since that company’s acquisition by EMC Corporation",,silicon-valley-companies.csv
234,Equinix,equinix.com,1 Lagoon Dr,Redwood City,CA,94065.0,37.527344,-122.261179,"Equinix is the world's largest IBX data center & colocation provider, offering the fastest application performance, lowest latency routes worldwide",,silicon-valley-companies.csv
238,Evernote,evernote.com,305 Walnut St,Redwood City,CA,94063.0,37.49209,-122.222378,"Evernote helps you capture and prioritize ideas, projects, and to-do lists, so nothing falls through the cracks.",,silicon-valley-companies.csv
243,Facebook,www.facebook.com,1 Hacker Way,Menlo Park,CA,94025.0,37.484377,-122.148304,"Create an account or log into Facebook. Connect with friends, family and other people you know. Share photos and videos, send messages and get updates.",,silicon-valley-companies.csv
245,Fanatics,fanatics.com,1 Franklin Pkwy,San Mateo,CA,94403.0,37.542249,-122.293545,"Fanatics.com is the ultimate sports apparel and Fan Gear Store. Our sports store features Football Jerseys, T-shirts, Hats and more for NFL, MLB, NBA, NHL",,silicon-valley-companies.csv
845,FileMaker,www.filemaker.com,5201 Patrick Henry Dr,Santa Clara,CA,95054.0,37.406436,-121.983479,Discover how you can use the FileMaker Platform to create innovative custom apps for your workplace.,,silicon-valley-companies.csv
933,Flipboard,about.flipboard.com,735 Emerson St,Palo Alto,CA,94301.0,37.442773,-122.159474,"Flipboard is a news aggregator and social network aggregation company based in Palo Alto, California, with offices in New York, Vancouver and Bejiing. Its software, also known as Flipboard, was first released in July 2010",,silicon-valley-companies.csv
1079,Forcepoint,forcepoint.com,983 University Ave # A,Los Gatos,CA,95032.0,37.249966,-121.967384,Forcepoint is the human-centric cybersecurity company that understands behavior and adapts security response and enforcement to risk. The Forcepoint Human Point platform delivers Risk-Adaptive Protection to continuously ensure trusted use of critical data and systems.,,silicon-valley-companies.csv
266,Gainsight,gainsight.com,1400 Bridge Pkwy #101,Redwood City,CA,94065.0,37.535116,-122.258255,"Gainsight's Customer Success Software empowers companies to increase revenue, decrease customer churn, and drive advocacy.",,silicon-valley-companies.csv
268,GarageScript,garagescript.org,490 W San Carlos St,San Jose,CA,95110.0,37.325786,-121.898008,We are a nonprofit public benefit organization dedicated to helping and training people who are pursuing a career as a software engineer.,,silicon-valley-companies.csv
271,GenapSys,genapsys.com,200 Cardinal Way,Redwood City,CA,94063.0,37.50446,-122.219206,"We live at the whim of the molecular world. Untapped molecular information is all around us: in the cells in our body, the food we eat, the land we inhabit",,silicon-valley-companies.csv
273,Genomic Health,genomichealth.com,301 Penobscot Dr,Redwood City,CA,94063.0,37.498897,-122.218145,"Learn more about Genomic Health's life changing work, transforming treatment decisions and outcomes in cancer delivering clinically actionable diagnostics",,silicon-valley-companies.csv
1004,GGV Capital,,2494 Sand Hill Road,Menlo Park,CA,94025.0,37.422068,-122.203026,,,silicon-valley-companies.csv
1005,GI Partners,,2180 Sand Hill Road,Menlo Park,CA,94025.0,37.423064,-122.198505,,,silicon-valley-companies.csv
935,Gigya,gigya.com,2513 E Charleston Rd,Palo Alto,CA,94303.0,37.421046,-122.098583,"(acquired by SAP) Gigya offers an identity management platform for businesses which includes products for customized registration, social login, user profile and preference management, user engagement and loyalty, and integrations with third-party marketing and services platforms.",,silicon-valley-companies.csv
936,Globalfoundries,globalfoundries.com,2600 Great America Way,Santa Clara,CA,95054.0,37.415293,-121.974448,GLOBALFOUNDRIES Delivers Industry's First Production-ready eMRAM on 22FDX Platform for IoT and Automotive Applications,,silicon-valley-companies.csv
1128,GoFundMe,www.gofundme.com,855 Jefferson Ave,Redwood City,CA,94063.0,37.485529,-122.227764,GoFundMe: The most trusted free online fundraiser platform. Start a crowdfunding campaign on the site with over $5 Billion Raised.,,silicon-valley-companies.csv
284,Gong.io,www.gong.io,1200 Park Place Suite 100,San Mateo,CA,94403.0,37.546157,-122.290233,"Gong is conversation intelligence software for sales teams that uses AI to record, transcribe, and analyze sales conversations.",,silicon-valley-companies.csv
913,GoodRx,goodrx.com,577 2nd St Suite 103,San Francisco,CA,94107.0,37.782257,-122.392295,GoodRx helps Americans save on prescriptions.,,silicon-valley-companies.csv
288,Google,google.com,,Mountain View,CA,,37.386052,-122.083851,"Google LLC is an American multinational technology company that specializes in Internet-related services and products, which include online advertising technologies, search engine, cloud computing, software, and hardware. It is considered one of the Big Four technology companies, alongside Amazon, Apple and Facebook",,silicon-valley-companies.csv
1130,Green Bits,www.greenbits.com,75 E Santa Clara St,San Jose,CA,95113.0,37.337119,-121.889391,Our mission is to empower you with the essential retail management solutions you need to grow your business with ease.,,silicon-valley-companies.csv
292,Greenfield Labs,greenfieldlabs.com,3251 Hillview Ave,Palo Alto,CA,94304.0,37.408727,-122.14585,Greenfield Labs was created by Ford to explore the future of mobility through human-centered design.,,silicon-valley-companies.csv
1007,Greylock Partners,greylock.com,2250 Sand Hill Road,Menlo Park,CA,94025.0,37.424218,-122.194856,We partner early with consumer and enterprise software entrepreneurs. Our mission is to help realize rare potential.,,silicon-valley-companies.csv
296,Groupon,groupon.com,2445 Augustine Dr,Santa Clara,CA,95054.0,37.382589,-121.96944,"Discover and save on 1000s of great deals at nearby restaurants, spas, things to do, shopping, travel and more.",,silicon-valley-companies.csv
1096,GSR Ventures,www.gsrventures.com,245 Lytton Ave #350,Palo Alto,CA,94301.0,37.44598,-122.164006,"GSR Ventures is a premier global investment firm with $3 billion under management and consists of independently managed funds in China, US, and globally.",,silicon-valley-companies.csv
1094,GV,www.gv.com,,Mountain View,CA,,37.386052,-122.083851,GV provides venture capital funding to bold new companies.,,silicon-valley-companies.csv
1060,HackerRank,hackerrank.com,700 E El Camino Real #300,Mountain View,CA,94041.0,37.377584,-122.064086,"Join over 7 million developers. Practice coding, prepare for interviews, and get hired.",,silicon-valley-companies.csv
877,Harmonic,harmonicinc.com,4300 N 1st St,San Jose,CA,95134.0,37.421136,-121.961086,"Harmonic (NASDAQ: HLIT), the worldwide leader in video delivery technology and services, enables media companies and service providers to deliver ultra-high-quality broadcast and OTT video services to consumers globally.",,silicon-valley-companies.csv
829,Health Gorilla,healthgorilla.com,185 N Wolfe Rd,Sunnyvale,CA,94086.0,37.377107,-122.014039,"In partnership with some of the nation’s leading healthcare organizations, Health Gorilla has built the first Trusted Clinical Network",,silicon-valley-companies.csv
310,HeartFlow,heartflow.com,1400 Seaport Blvd,Redwood City,CA,94063.0,37.51365,-122.199525,The non-invasive HeartFlow Analysis uses data from a standard CT scan to create a 3D model of the coronary arteries & analyzes the impact blockages have,,silicon-valley-companies.csv
939,Hewlett Packard,hp.com,3000 Hanover St,Palo Alto,CA,94304.0,37.414562,-122.146289,"HP Inc. develops personal computers (PCs), printers and related supplies, as well as 3D printing solutions.",,silicon-valley-companies.csv
878,Hewlett-Packard Enterprise,hpe.com,6280 America Center Dr,San Jose,CA,95002.0,37.419235,-121.978859,"Technologies, Partners, Services and Financial Models to Help Your Business Thrive. Learn How HPE Can Help Ignite Innovation w/ Hybrid Cloud & Unleash the Power of Your Data. Intelligent Edge.",,silicon-valley-companies.csv
1009,Highland Capital Partners,,2420 Sand Hill Road Suite 300,Menlo Park,CA,94025.0,37.422643,-122.203958,,,silicon-valley-companies.csv
318,Hiretual,www.hiretual.com,2525 E Charleston Rd #104,Mountain View,CA,94043.0,37.421186,-122.098438,"Source Talent 10x Faster Find, Engage, and Pipeline the Right Candidates with AI",,silicon-valley-companies.csv
1061,Hivemapper,hivemapper.com,1801 Murchison Dr UNIT 128,Burlingame,CA,94010.0,37.593663,-122.388098,Hivemapper is a software product for building fresh maps that see changes in the physical world from nothing more than video.,,silicon-valley-companies.csv
940,Houzz,houzz.com,285 Hamilton Ave,Palo Alto,CA,94301.0,37.445099,-122.160735,"Houzz is the new way to design your home. Browse 20 million interior design photos, home decor, decorating ideas and home professionals online.",,silicon-valley-companies.csv
1087,IBM,ibm.com,555 Bailey Ave,San Jose,CA,95141.0,37.195907,-121.748586,For more than a century IBM has been dedicated to every client's success and to creating innovations that matter for the world.,,silicon-valley-companies.csv
336,Imperva,imperva.com,3400 Bridge Pkwy,Redwood City,CA,94065.0,37.537772,-122.25518,Imperva provides complete cyber security by protecting what really matters most—your data and applications—whether on-premises or in the cloud.,,silicon-valley-companies.csv
868,Incorta,incorta.com,2755 Campus Dr #350,San Mateo,CA,94403.0,37.536903,-122.324879,"Incorta aggregates large complex business data in real time, eliminating the need to reshape it. No Data Warehouse. No Transformations. Real-Time Insight.",,silicon-valley-companies.csv
941,Inflection.com,inflection.com,555 Twin Dolphin Dr,Redwood City,CA,94065.0,37.521019,-122.256482,Empowering Companies to Make Better and Faster People Decisions,,silicon-valley-companies.csv
1074,Infogain,infogain.com,485 Alberto Way #100,Los Gatos,CA,95032.0,37.229674,-121.971945,"Infogain is a Silicon Valley headquartered company with software platform engineering and deep domain expertise in the travel, retail, insurance and high technology industries. We accelerate the delivery of digital customer engagement systems using digital technologies such as cloud, microservices, robotic process automation and artificial intelligence to our clients.",,silicon-valley-companies.csv
342,Informatica,informatica.com,2100 Seaport Blvd,Redwood City,CA,94063.0,37.511302,-122.204801,"As the world's leader in enterprise cloud data management, we're prepared to help you intelligently lead—in any sector, category or niche.",,silicon-valley-companies.csv
1010,Institutional Venture Partners,,3000 Sand Hill Road,Menlo Park,CA,94025.0,37.42359,-122.221003,,,silicon-valley-companies.csv
942,Intel,intel.com,2200 Mission College Blvd,Santa Clara,CA,95054.0,37.387524,-121.96366,"Intel's innovation in cloud computing, data center, Internet of Things, and PC solutions is powering the smart and connected digital world we live in.",,silicon-valley-companies.csv
348,Intelliswift,intelliswift.com,39600 Balentine Dr #200,Newark,CA,94560.0,37.52388,-121.996495,"Intelliswift is a premier IT services and solutions company. We provide solutions on enterprise applications development, mobility, big data/Bl and cloud services.",,silicon-valley-companies.csv
1011,InterWest Partners,,2710 Sand Hill Road,Menlo Park,CA,94025.0,37.421583,-122.208924,,,silicon-valley-companies.csv
351,Intuit,www.intuit.com,2675 Coast Ave,Mountain View,CA,94043.0,37.431219,-122.097991,"Intuit Inc. is a business and financial software company that develops and sells financial, accounting, and tax preparation software and related services for small businesses, accountants, and individuals. The company is headquartered in Mountain View, California",,silicon-valley-companies.csv
353,Invoice2go,2go.com,2317 Broadway,Redwood City,CA,94063.0,37.486067,-122.230423,"Invoice2go is the world’s top selling invoicing app, with customers in more than 160 countries.",,silicon-valley-companies.csv
943,Jasper Wireless,jasper.com,189 S Bernardo Ave,Mountain View,CA,94043.0,37.38628,-122.051355,"Jasper, now part of Cisco, is an American corporation headquartered in Santa Clara, California that provides a cloud-based software platform for the Internet of Things and, more specifically, to enable product businesses to become IoT service businesses.",,silicon-valley-companies.csv
359,Jobvite,jobvite.com,1300 S El Camino Real,San Mateo,CA,94402.0,37.554714,-122.317245,"Jobvite is the leading best-of-breed recruiting software that helps thousands of companies source, hire, and onboard top talent.",,silicon-valley-companies.csv
945,Juniper Networks,juniper.net,1133 Innovation Way,Sunnyvale,CA,94089.0,37.407504,-122.029189,"Juniper Networks provides high-performance networking & cybersecurity solutions to service providers, enterprise companies & public sector organizations.",,silicon-valley-companies.csv
846,Katerra,www.katerra.com,2494 Sand Hill Rd #100,Menlo Park,CA,94025.0,37.422068,-122.203026,Transforming construction through technology – every process and every product.,,silicon-valley-companies.csv
374,Khan Academy,www.khanacademy.org,1937 Landings Drive,Mountain View,CA,94043.0,37.421321,-122.088694,You can learn anything. Expert-created content and resources for every course and level. Always free.,,silicon-valley-companies.csv
1013,Khosla Ventures,khoslaventures.com,2128 Sand Hill Road,Menlo Park,CA,94025.0,37.425613,-122.193384,We assist great entrepreneurs determined to build companies with lasting significance.,,silicon-valley-companies.csv
1015,Kleiner Perkins,,2750 Sand Hill Road,Menlo Park,CA,94025.0,37.421271,-122.211292,,,silicon-valley-companies.csv
1016,Kohlberg Kravis Roberts,kkr.com,2800 Sand Hill Road,Menlo Park,CA,94025.0,37.421086,-122.21216,,,silicon-valley-companies.csv
947,Lab126,lab126.com,20450 Stevens Creek Blvd,Cupertino,CA,95014.0,37.321379,-122.030751,"Amazon Lab126 is an inventive San Francisco Bay Area research and development team that designs and engineers high-profile consumer electronic devices. We design and engineer devices like Fire tablets, Kindle e-readers, Amazon Fire TV, Amazon Echo, and more.",,silicon-valley-companies.csv
861,Leetcode,leetcode.com,953 Industrial Ave,Palo Alto,CA,94303.0,37.424205,-122.098878,Level up your coding skills and quickly land a job. This is the best place to expand your knowledge and get prepared for your next interview.,,silicon-valley-companies.csv
1018,Lightspeed Venture Partners,lsvp.com,2200 Sand Hill Road,Menlo Park,CA,94025.0,37.422774,-122.199215,Tomorrow Built Today.,,silicon-valley-companies.csv
405,Livongo,livongo.com,150 W Evelyn Ave #150,Mountain View,CA,94041.0,37.39242,-122.071804,"Our Applied Health Signals engine, data scientists, behavioral specialists, and clinicians work to transform healthcare and empower the lives of our members.",,silicon-valley-companies.csv
948,Logitech,logitech.com,7700 Gateway Blvd,Newark,CA,94560.0,37.539124,-122.06178,Shop online now! Find the largest selection of Logitech Products. Official Online Store with exclusive deals. Money back guarantee. Sign up for our newsletter.,,silicon-valley-companies.csv
1064,Lohika,lohika.com,1825 S Grant St #400,San Mateo,CA,94402.0,37.553927,-122.299989,Lohika partners with growth-stage technology companies to scale their engineering operations. We collaborate closely with our clients’ engineering organizations to transform them from bottlenecks to growth drivers.,,silicon-valley-companies.csv
412,Machine Zone,www.mz.com,2225 E Bayshore Rd #200,Palo Alto,CA,94303.0,37.449965,-122.120976,We're changing the way the world experiences games.,,silicon-valley-companies.csv
1020,Makena Capital Management,,2755 Sand Hill Road,Menlo Park,CA,94025.0,37.419515,-122.209543,,,silicon-valley-companies.csv
951,MapR Technologies,mapr.com,350 Holger Way,San Jose,CA,95134.0,37.418436,-121.944978,"(Acquired by HPE) MapR Technologies, provider of the industry's next generation data platform for AI and Analytics, enables enterprises to inject analytics into their business processes to increase revenue, reduce costs, and mitigate risks",,silicon-valley-companies.csv
419,Marketo,marketo.com,901 Mariners Island Blvd,San Mateo,CA,94404.0,37.559895,-122.287037,Marketo's powerful marketing automation software helps marketers master the art & science of digital marketing to engage customers and prospects.,,silicon-valley-companies.csv
952,MarkLogic,marklogic.com,999 Skyway Rd,San Carlos,CA,94070.0,37.50734,-122.246944,"The MarkLogic Data Hub Platform integrates and curates your enterprise data to provide immediate business value. Running on a NoSQL foundation for speed and scale, it’s multi-model, elastic, transactional, secure, and built for the cloud.",,silicon-valley-companies.csv
953,Marvell,marvell.com,5488 Marvell Ln,Santa Clara,CA,95054.0,37.411865,-121.982146,"Marvell Technology Group is a global semiconductor company. Founded in 1995, the company now has more than 6,000 employees and 10,000 patents worldwide and annual revenue of $2.9 billion. Its U.S. headquarters is in Santa Clara, CA, and it has design centers in 14 countries across three continents",,silicon-valley-companies.csv
426,Mattermost,mattermost.com,530 Lytton Ave Suite 201,Palo Alto,CA,94301.0,37.44934,-122.15997,"Get more done, faster, with team collaboration and messaging that deploys to cloud infrastructure under IT control, as well as on-premise.",,silicon-valley-companies.csv
1022,Mayfield Fund,,2484 Sand Hill Road,Menlo Park,CA,94025.0,37.423162,-122.205333,,,silicon-valley-companies.csv
955,McAfee,mcafee.com,2821 Mission College Blvd,Santa Clara,CA,95054.0,37.389291,-121.979214,"As a leading-edge cybersecurity company, McAfee provides advanced security solutions to consumers, small and large businesses, enterprises, and governments. Security technologies from McAfee use a unique, predictive capability that is powered by McAfee Global Threat Intelligence, which enables home users and businesses to stay one step ahead of the next wave of fileless attacks, viruses, malware, and other online threats.",,silicon-valley-companies.csv
1023,Menlo Ventures,www.menlovc.com,2884 Sand Hill Road,Menlo Park,CA,94025.0,37.421944,-122.21513,"Menlo pursues companies with the potential to disrupt huge markets and invests primarily in early-stage consumer, enterprise, and life science technologies.",,silicon-valley-companies.csv
1024,Mentor Graphics,mentor.com,46871 Bayside Pkwy,Fremont,CA,94538.0,37.479393,-121.942169,"Mentor, a Siemens Business is a US-based electronic design automation multinational corporation for electrical engineering and electronics. The company was founded in 1981 and sold to Siemens in 2017",,silicon-valley-companies.csv
438,MetaVision,www.metavision.com,2855 Campus Drive,San Mateo,CA,94403.0,37.536121,-122.325787,Bridge the gap between the virtual and the real with the world's most immersive AR experience,,silicon-valley-companies.csv
1082,MetricStream,metricstream.com,2479 E Bayshore Rd #260,Palo Alto,CA,94303.0,37.448524,-122.118314,"MetricStream, the independent market leader in enterprise and cloud applications for Governance, Risk, Compliance (GRC) and Quality Management, makes GRC simple.",,silicon-valley-companies.csv
831,Miles,getmiles.com,75 E Santa Clara St Suite 05-137,San Jose,CA,95113.0,37.337119,-121.889391,Miles is a universal rewards app empowering anyone to earn miles automatically for all forms of travel and commute,,silicon-valley-companies.csv
443,Mindsource,mindsource.com,555 Clyde Ave # 100,Mountain View,CA,94043.0,37.399445,-122.046322,MindSource is a top tier staffing and consulting agency for technical solutions located in the heart of the Silicon Valley.,,silicon-valley-companies.csv
451,Model N,modeln.com,777 Mariners Island Blvd #300,San Mateo,CA,94404.0,37.559179,-122.286982,Model N's leading cloud-based revenue management solutions for high tech and life sciences industries allow companies to impact their top-line.,,silicon-valley-companies.csv
1025,Mohr Davidow Ventures,,3000 Sand Hill Road,Menlo Park,CA,94025.0,37.42359,-122.221003,,,silicon-valley-companies.csv
959,MongoDB,mongodb.com,100 Forest Ave,Palo Alto,CA,94301.0,37.442041,-122.161195,"We're the creators of MongoDB, the most popular database for modern apps, and MongoDB Atlas, the global cloud database on AWS, Azure, and GCP.",,silicon-valley-companies.csv
1026,Morgenthaler,,2710 Sand Hill Road,Menlo Park,CA,94025.0,37.421583,-122.208924,,,silicon-valley-companies.csv
457,Mountain View Staffing,www.mountainviewstaffing.com,824 San Antonio Rd,Palo Alto,CA,94303.0,37.421099,-122.101449,"Mountain View Staffing is the trusted recruiting and staffing agency of Silicon Valley based companies. We help startups to Fortune 500 companies hire full-time, contract and contract-to-hire employees.",,silicon-valley-companies.csv
960,NetApp,netapp.com,475 E Java Dr,Sunnyvale,CA,94089.0,37.411384,-122.01254,"NetApp offers proven capabilities to build your data fabric. Modernize IT, simplify private clouds for agility, and fuel data-driven innovation on any cloud.",,silicon-valley-companies.csv
470,Netflix,netflix.com,100 Winchester Cir,Los Gatos,CA,95032.0,37.259575,-121.962753,"Watch Netflix movies & TV shows online or stream right to your smart TV, game console, PC, Mac, mobile, tablet and more.",https://i.imgur.com/OvrPa1w.jpg,silicon-valley-companies.csv
916,NetSpring,netspring.io,800 W El Camino Real #180,Mountain View,CA,94040.0,37.386564,-122.084176,"NetSpring is a Cloud application platform-as-a-service that helps enterprises reach their peak of operational efficiency through quick, actionable insights from operational data systems. ",,silicon-valley-companies.csv
1027,New Enterprise Associates,,2855 Sand Hill Road,Menlo Park,CA,94025.0,37.419767,-122.21359,,,silicon-valley-companies.csv
833,NexGenT,nexgent.com,2033 Gateway Pl #460,San Jose,CA,95110.0,37.371113,-121.925578,NexGent is a great place to learn and build a solid foundation in real-world network engineering skills.,,silicon-valley-companies.csv
849,Nextgen Technologies,www.nextgentechinc.com,1735 N 1st St Suite 308,San Jose,CA,95112.0,37.368505,-121.915417,Nextgen Technologies is the Forefront of Technology Innovation - From Idea to Implementation,,silicon-valley-companies.csv
1028,Nexus Venture Partners,,2200 Sand Hill Road,Menlo Park,CA,94025.0,37.422774,-122.199215,,,silicon-valley-companies.csv
850,Nuance Communications,www.nuance.com,1198 E Arques Ave,Sunnyvale,CA,94085.0,37.37944,-121.997339,"Our innovations in voice, natural language understanding, reasoning and systems integration come together to create more human technology",,silicon-valley-companies.csv
485,Nuro,nuro.ai,1300 Terra Bella Ave #100,Mountain View,CA,94043.0,37.410376,-122.081143,"At Nuro, our mission is to accelerate the benefits of robotics for everyday life. Our first step is a self-driving vehicle designed for local goods transportation.",,silicon-valley-companies.csv
961,Nutanix,nutanix.com,1740 Technology Dr,San Jose,CA,95112.0,37.367681,-121.918126,"Have employees working remotely on any device in under an hour. Free yourself from the complexity and cost of legacy IT, and embrace the power of cloud. Your enterprise cloud journey starts here.",,silicon-valley-companies.csv
962,NVIDIA,nvidia.com,2741 County Hwy G4,Santa Clara,CA,95050.0,37.370837,-121.964022,"Nvidia Corporation, more commonly referred to as Nvidia, is an American technology company incorporated in Delaware and based in Santa Clara, California. It designs graphics processing units for the gaming and professional markets, as well as system on a chip units for the mobile computing and automotive market.",,silicon-valley-companies.csv
492,Onesignal,onesignal.com,411 Borel Ave #512,San Mateo,CA,94402.0,37.548326,-122.320274,"The world's leader for Mobile Push Notifications, Web Push, and In-App Messaging. Trusted by 600k businesses to send 4 billion Push Notifications per day.",,silicon-valley-companies.csv
1030,Onset Ventures,,2400 Sand Hill Road,Menlo Park,CA,94025.0,37.423485,-122.203901,,,silicon-valley-companies.csv
498,Oracle,www.oracle.com,100 Oracle Pkwy,Redwood City,CA,94065.0,37.530705,-122.26242,Oracle offers a comprehensive and fully integrated stack of cloud applications and platform services.,,silicon-valley-companies.csv
1067,OutreachCircle,outreachcircle.com,174 Pepper Dr,Los Altos,CA,94022.0,37.377091,-122.110261,"OutreachCircle is a relational organizing and supporter management platform for campaigns, causes and organizations – from fundraising to field.",,silicon-valley-companies.csv
964,Palantir,palantir.com,540 Emerson St,Palo Alto,CA,94301.0,37.443844,-122.162189,Our Gotham and Foundry platforms use versioning technology so you can manage data like software engineers manage code.,,silicon-valley-companies.csv
505,Palo Alto Staffing,www.paloaltostaffing.com,2479 E Bayshore Rd #165,Palo Alto,CA,94303.0,37.448524,-122.118314,"Get a consultation today with Palo Alto Staffing, Silicon Valley's professional staffing agency - results are guaranteed.",,silicon-valley-companies.csv
512,PayPal,www.paypal.com,2211 N 1st St,San Jose,CA,95131.0,37.376851,-121.922733,"PayPal is the faster, safer way to send money, make an online payment, receive money or set up a merchant account.",,silicon-valley-companies.csv
1069,Planful,planful.com,555 Twin Dolphin Dr #400,Redwood City,CA,94065.0,37.520957,-122.256128,Planful (formerly Host Analytics) is a leading financial planning and analysis (FP&A) cloud platform. Planful delivers a vision of Continuous Planning by accelerating the end-to-end FP&A process and fostering business-wide participation in agile planning and decision-making,,silicon-valley-companies.csv
530,Poshmark,poshmark.com,203 Redwood Shores Pkwy Floor 8,Redwood City,CA,94065.0,37.521035,-122.253951,Poshmark is the #1 place to buy and sell fashion. Shop millions of closets across America—and sell yours too!,,silicon-valley-companies.csv
539,Proofpoint,proofpoint.com,892 Ross Dr,Sunnyvale,CA,94089.0,37.400617,-122.032115,Proofpoint is a leading next-generation cybersecurity company that protects the way people work today.,,silicon-valley-companies.csv
540,Proteus Digital Health,www.proteus.com,2600 Bridge Pkwy,Redwood City,CA,94065.0,37.539077,-122.25728,"Welcome to Proteus Digital Health, a leading innovator spearheading the Digital Medicines revolution. Join our unique collection of innovative engineers, scientists, designers, developers, clinicians, and other digital health pioneers, and assist us with achieving our compelling vision, “Healthcare for Everyone, Everywhere.”",,silicon-valley-companies.csv
545,Qualys,qualys.com,919 E Hillsdale Blvd 4th Floor,Foster City,CA,94404.0,37.555726,-122.276719,"Qualys, Inc. helps your business automate the full spectrum of auditing, compliance and protection of your IT systems and web applications.",,silicon-valley-companies.csv
549,Quora,quora.com,650 Castro St #450,Mountain View,CA,94041.0,37.387912,-122.083125,Quora is a place to gain and share knowledge. It's a platform to ask questions and connect with people who contribute unique insights and quality answers.,,silicon-valley-companies.csv
550,Qwilt,qwilt.com,275 Shoreline Dr # 510,Redwood City,CA,94065.0,37.524955,-122.257862,"Qwilt allows you to build and operate a new delivery layer at the true edge of your network, enabling service providers to create radical content and application",,silicon-valley-companies.csv
563,Red Oak Technologies,www.redoaktech.com,2001 Gateway Pl Suite 150w,San Jose,CA,95110.0,37.369715,-121.922733,We are an established provider of comprehensive resourcing solutions ranging from startups to Fortune 500 companies.,,silicon-valley-companies.csv
567,Redpoint Ventures,www.redpoint.com,21 S Park St suite 100,San Francisco,CA,94107.0,37.781917,-122.393022,We invest in people.,,silicon-valley-companies.csv
1033,Relay Ventures,,3000 Sand Hill Road,Menlo Park,CA,94025.0,37.42359,-122.221003,,,silicon-valley-companies.csv
967,reputation.com,reputation.com,1001 Marshall St,Redwood City,CA,94063.0,37.487976,-122.224383,"Experience, scale and industry leadership. We invented the online reputation management category, and we continue to lead the charge with the only proven, unified ORM platform and innovative, customer-driven solutions.",,silicon-valley-companies.csv
581,RingCentral,www.ringcentral.com,20 Davis Dr,Belmont,CA,94002.0,37.5109,-122.306596,RingCentral is the leading provider of cloud-based communications and collaboration solutions for small business and enterprise companies,,silicon-valley-companies.csv
968,Robinhood,robinhood.com,3200 Ash St,Palo Alto,CA,94306.0,37.422211,-122.13708,"Robinhood, a pioneer of commission-free investing, gives you more ways to make your money work harder.",,silicon-valley-companies.csv
835,Roblox,roblox.com,970 Park Pl,San Mateo,CA,94403.0,37.544412,-122.293699,Roblox is a global platform that brings people together through play. ... Roblox. Play Roblox in our Android app! Millions of games by players like you. Play.,,silicon-valley-companies.csv
1073,Roku,roku.com,170 Knowles Dr,Los Gatos,CA,95032.0,37.261103,-121.961486,Roku provides the simplest way to stream entertainment to your TV. On your terms. Access more than 500000+ movies and TV episodes across free and paid,,silicon-valley-companies.csv
969,Sandisk,sandisk.com,1001 Sandisk Dr,Milpitas,CA,95035.0,37.417533,-121.92248,"SanDisk is a brand of Western Digital for flash memory products, including memory cards and readers, USB flash drives, and solid-state drives.",,silicon-valley-companies.csv
598,SAP,sap.com,3410 Hillview Ave,Palo Alto,CA,94304.0,37.398759,-122.146484,"Get software and technology solutions from SAP, the leader in business applications. Run simple with the best in cloud, analytics, mobile and IT solutions.",,silicon-valley-companies.csv
605,Scalyr,scalyr.com,101 S San Mateo Dr 4th Floor,San Mateo,CA,94401.0,37.566047,-122.325402,"We built the observability platform we've always wished for. Scalyr is blazing-fast logs, traces and metrics for application monitoring and troubleshooting.",,silicon-valley-companies.csv
1034,Seagate,seagate.com,10200 S De Anza Blvd,Cupertino,CA,95014.0,37.320788,-122.031617,"For 40 years, Seagate has enabled exponential data growth with breakthrough hard drives, solid state drives, systems, and recovery services",,silicon-valley-companies.csv
608,Securly,securly.com,111 N Market St 4th floor,San Jose,CA,95113.0,37.337659,-121.894104,Cloud-based web filtering and parental controls that work across schools and homes. Setup in minutes. Bullying & self-harm detection. Reports via Parent Portal.,,silicon-valley-companies.csv
1158,Sendbird,sendbird.com,400 1st Ave,San Mateo,CA,94401.0,37.56765,-122.322993,"Building connections in a digital world: Chat, voice and video API",,silicon-valley-companies.csv
610,Sendgrid,sendgrid.com,889 Winslow St,Redwood City,CA,94063.0,37.485417,-122.229213,Delivering your transactional and marketing emails through the world's largest cloud-based email delivery platform. Send with confidence.,,silicon-valley-companies.csv
886,SentinelOne,sentinelone.com,605 Fairchild Dr #2234,Mountain View,CA,94043.0,37.402611,-122.049253,"Endpoint security software that defends every endpoint against every type of attack, at every stage in the threat lifecycle.",,silicon-valley-companies.csv
1035,Sequoia Capital,sequoiacap.com,3000 Sand Hill Road,Menlo Park,CA,94025.0,37.42359,-122.221003,We help the daring build legendary companies from idea to IPO and beyond.,,silicon-valley-companies.csv
1037,Shasta Ventures,shastaventures.com,2440 Sand Hill Road,Menlo Park,CA,94025.0,37.422654,-122.203971,"Shasta is an early stage investor in enterprise, consumer, and emerging platform companies building products that change the way we live and work.",,silicon-valley-companies.csv
614,Shazam,shazam.com,2114 Broadway,Redwood City,CA,94063.0,37.48683,-122.228591,Our mission is to help people recognize and engage with the world around them. Shazam is a mobile app that recognizes music and TV around you.,,silicon-valley-companies.csv
620,Shutterfly,shutterfly.com,2800 Bridge Pkwy,Redwood City,CA,94065.0,37.539416,-122.256659,"Create photo books, personalize photo cards & stationery, and share photos with family and friends at Shutterfly.com.",,silicon-valley-companies.csv
621,Sibly,sibly.co,2395 Broadway,Redwood City,CA,94063.0,37.486231,-122.230866,"Sibly is human, helpful, and always here. Our platform provides a text-based service that connects employees with helpful human coaches whenever, wherever.",,silicon-valley-companies.csv
1038,Sierra Ventures,,2884 Sand Hill Road,Menlo Park,CA,94025.0,37.421944,-122.21513,,,silicon-valley-companies.csv
624,SignalFx,signalfx.com,60 E 3rd Ave Suite 225,San Mateo,CA,94401.0,37.563562,-122.324503,"SignalFx is the only real-time cloud monitoring platform for infrastructure, microservices, and applications.",,silicon-valley-companies.csv
1039,Silver Lake Partners,,2775 Sand Hill Road,Menlo Park,CA,94025.0,37.417814,-122.210348,,,silicon-valley-companies.csv
627,Sizmek,sizmek.com,2000 Seaport Blvd,Redwood City,CA,94063.0,37.510734,-122.203471,"Sizmek, the largest independent buy-side advertising platform that creates impressions that inspire.",,silicon-valley-companies.csv
637,SmugMug,smugmug.com,67 E Evelyn Ave,Mountain View,CA,94041.0,37.389879,-122.067676,"Photos are a reflection of your experiences—what drives you, where you’ve been, where you’re going, who you love. SmugMug is a safe, beautiful home for all of it—your journey and your photos. Protect your photos and memories with a SmugMug site and give them a place to shine.",,silicon-valley-companies.csv
639,SnapLogic,snaplogic.com,1825 S Grant St,San Mateo,CA,94402.0,37.553927,-122.299989,"SnapLogic's iPaaS platform empowers enterprises by automating application, data and cloud integration. Reach digital business transformation with SnapLogic.",,silicon-valley-companies.csv
641,Snowflake Computing,snowflake.com,100 S Ellsworth Ave,San Mateo,CA,94401.0,37.566551,-122.325004,Snowflake is the only data warehouse built for the cloud for all your data & all your users,,silicon-valley-companies.csv
1092,Social Capital,www.socialcapital.com,120 Hawthorne Ave,Palo Alto,CA,94301.0,37.446086,-122.16711,"Our mission is to advance humanity by solving the world's hardest problems. We partner with companies at every stage of their business, for as long as it takes.",,silicon-valley-companies.csv
1041,Sofinnova Ventures,,3000 Sand Hill Road,Menlo Park,CA,94025.0,37.42359,-122.221003,,,silicon-valley-companies.csv
972,Space Systems Loral,sslmda.com,1076 E Meadow Cir,Palo Alto,CA,94303.0,37.429347,-122.10886,"Delivering Next-Generation Spacecraft and Communications Systems. SSL is a global leader in integrated space technologies, delivering advanced systems for communications, exploration, data gathering, and next-generation services.",,silicon-valley-companies.csv
1093,Spark Capital,www.sparkcapital.com,332 Pine St,San Francisco,CA,94104.0,37.792209,-122.401552,FOUNDER. PRODUCT. VISION. We take risks on exceptional founders and the products they design.,,silicon-valley-companies.csv
1078,Sterling Communications,sterlingpr.com,750 University Ave,Los Gatos,CA,95032.0,37.238909,-121.973883,"Sterling Communications is Silicon Valley's creative PR agency. We use public relations, visual media, and content marketing to build powerful brands.",,silicon-valley-companies.csv
1042,Storm Ventures,stormventures.com,3000 Sand Hill Road Building 4 Suite 210,Menlo Park,CA,94025.0,37.42359,-122.221003,"Storm Ventures is a Silicon Valley based VC firm focused on Building Enterprise Leaders – as the first or early investor.  Storm’s current enterprise software investments include Algolia, AtScale, Digital Shadows, Engagio, Guidespark, MobileIron, Pipedrive, RedLock, Swiftstack and Talkdesk. Storm was the first or early investor in Airespace (Cisco), Cellfire (Catalina), Com2uS (KOSDAQ IPO), EchoSign (Adobe), Kidaro (Microsoft), iML (Taiwan IPO/Exar), Marketo (IPO/Vista), Metacloud (Cisco), Sandforce (LSI) and Sierra Monolithics (Semtech).",,silicon-valley-companies.csv
672,Sumo Logic,sumologic.com,305 Main St,Redwood City,CA,94063.0,37.492762,-122.227852,"Sumo Logic is industry's leading, secure, cloud-based service for logs & metrics management for modern apps, providing real-time analytics and insights.",,silicon-valley-companies.csv
973,SurveyMonkey,surveymonkey.com,101 Lytton Ave,Palo Alto,CA,94301.0,37.444478,-122.165316,Use SurveyMonkey to drive your business forward by using our free online survey tool to capture the voices and opinions of the people who matter most to you.,,silicon-valley-companies.csv
1076,SVG Ventures,svgventures.com,750 University Ave #260,Los Gatos,CA,95032.0,37.238909,-121.973883,"SVG Ventures-THRIVE is the leading agri-food innovation ecosystem, comprised of top agriculture, food & technology corporations, universities and investors. With a community of over 2,500 startups from 90 countries, the THRIVE platform invests, accelerates and creates unparalleled access for entrepreneurs to scale globally.",,silicon-valley-companies.csv
680,Syllable.ai,syllable.ai,333 W El Camino Real,Sunnyvale,CA,94087.0,37.369399,-122.035872,Healthcare communication technology using AI and NLP.,,silicon-valley-companies.csv
681,Symantec,symantec.com,350 Ellis Street,Mountain View,CA,94043.0,37.397614,-122.053924,"Symantec Corporation (NASDAQ: SYMC), the world’s leading cyber security company, helps organizations, governments and people secure their most important data wherever it lives. Organizations across the world look to Symantec for strategic, integrated solutions to defend against sophisticated attacks across endpoints, cloud and infrastructure",,silicon-valley-companies.csv
974,Synopsys,synopsys.com,690 E Middlefield Rd,Mountain View,CA,94043.0,37.394497,-122.050391,"Synopsys is an American electronic design automation company that focuses on silicon design and verification, silicon intellectual property and software security and quality",,silicon-valley-companies.csv
862,TalentSeer,talentseer.com,530 Lakeside Dr,Sunnyvale,Ca,94085.0,37.384261,-121.992675,TalentSeer helps you recruit the right talent faster and smarter! Our mission is to enable the creation of cutting-edge technologies through the placement of sharpest talent.,,silicon-valley-companies.csv
689,Taos,taos.com,121 Daggett Dr,San Jose,CA,95134.0,37.395928,-121.931578,Taos is your trusted advisor for any technology challenge. Discover why Taos is trusted by thousands of the world's best to solve technology problems.,,silicon-valley-companies.csv
1077,Tascent,tascent.com,475 Alberto Way,Los Gatos,CA,95032.0,37.229431,-121.971254,Tascent Multimodal Biometric Systems and Technology for High Throughput and Mobile Identification and Enrollment.,,silicon-valley-companies.csv
1084,Tata Consultancy Services,tcs.com,5201 Great America Pkwy #522,Santa Clara,CA,95054.0,37.406306,-121.976493,"Tata Consultancy Services is a global leader in IT services, consulting & business solutions with a large network of innovation & delivery centers. Know more!",,silicon-valley-companies.csv
699,Tenable,www.tenable.com,75 E Santa Clara St,San Jose,CA,95113.0,37.337119,-121.889391,Our Vision: To empower all organizations to understand and reduce their cyber risk across the modern attack surface.,,silicon-valley-companies.csv
701,Tesla,www.tesla.com,3500 Deer Creek Rd,Palo Alto,CA,94304.0,37.394838,-122.150389,"Tesla, Inc. is an American automotive and energy company based in Palo Alto, California. The company specializes in electric car manufacturing and, through its SolarCity subsidiary, solar panel manufacturing.",,silicon-valley-companies.csv
1044,The Blackstone Group,,2494 Sand Hill Road,Menlo Park,CA,94025.0,37.422068,-122.203026,,,silicon-valley-companies.csv
1045,The Westly Group,,2200 Sand Hill Road,Menlo Park,CA,94025.0,37.422774,-122.199215,,,silicon-valley-companies.csv
716,TIBCO Software,tibco.com,3307 Hillview Ave,Palo Alto,CA,94304.0,37.407268,-122.145009,TIBCO Software is the leading independent provider of infrastructure software creating event-enabled enterprises to use on-premise or as part of cloud,,silicon-valley-companies.csv
1047,Trinity Ventures,,3000 Sand Hill Road Building 4 Suite 160,Menlo Park,CA,94025.0,37.42359,-122.221003,,,silicon-valley-companies.csv
1048,TriplePoint Capital,triplepointcapital.com,2755 Sand Hill Road,Menlo Park,CA,94025.0,37.419515,-122.209543,We serve venture capital-backed companies around the world and at every stage of development with our debt and equity financing solutions,,silicon-valley-companies.csv
976,TuneIn,tunein.com,210 King St,San Francisco,CA,94107.0,37.77801,-122.39253,"TuneIn empowers people to hear exactly what they love the moment they want it, and discover a universe of audio, all in one place. We combine the power of audio, design, and technology to bring together live sports, up-to-the-minute news, curated music, millions of podcasts, and over 120,000 streaming radio stations. We are audio fanatics working for fanatics, always pushing to deliver the world’s best listening experience.",,silicon-valley-companies.csv
857,Tynker,www.tynker.com,480 San Antonio Rd #100,Mountain View,CA,94040.0,37.404447,-122.112369,"Learn to code and mod Minecraft with Tynker's easy-to-learn, visual programming courses.",,silicon-valley-companies.csv
1049,U.S. Venture Partners,,2735 Sand Hill Road,Menlo Park,CA,94025.0,37.419632,-122.209057,,,silicon-valley-companies.csv
736,Udacity,www.udacity.com,2440 W El Camino Real,Mountain View,CA,94040.0,37.399322,-122.107764,"Advance your career with online courses in programming, data science, artificial intelligence, digital marketing, and more. Built with industry leaders.",,silicon-valley-companies.csv
917,unitQ,unitq.com,300 S Ellsworth Ave,San Mateo,CA,94401.0,37.564618,-122.322962,"Keep your finger on the pulse of product quality. unitQ Monitor analyzes popular customer channels — including App Store reviews, Zendesk tickets, and social media — in over 100 languages to uncover potential issues with your product, in real time.",,silicon-valley-companies.csv
1170,Veev,www.veev.com,777 Bridgepointe Cir,San Mateo,CA,94404.0,37.562337,-122.285913,"At Veev, we’re reinventing the way homes are built and experienced while working together to solve housing shortages around the world.",,silicon-valley-companies.csv
747,Verkada,verkada.com,60 E 3rd Ave #300,San Mateo,CA,94401.0,37.563562,-122.324503,"Manage cameras from an easy-to-use platform and access footage remotely. Free 30-day trial. Simple, secure and scalable enterprise security camera system.",,silicon-valley-companies.csv
754,Virtusa,virtusa.com,6627 Dumbarton Cir,Fremont,CA,94555.0,37.546319,-122.064388,Virtusa provides end-to-end digital transformation and information technology (IT) outsourcing services to Global 2000 companies.,,silicon-valley-companies.csv
858,Visa,usa.visa.com,900 Metro Center Blvd,Foster City,CA,94404.0,37.559665,-122.275934,"We are a global payments technology company working to enable consumers, businesses, banks and governments to use digital currency.",,silicon-valley-companies.csv
757,VMWare,www.vmware.com,3401 Hillview Ave,Palo Alto,CA,94304.0,37.402086,-122.144617,"VMware, a global leader in cloud infrastructure & digital workspace technology, accelerates digital transformation for evolving IT environments.",,silicon-valley-companies.csv
759,Volt Workforce Solutions,www.volt.com,2201 Walnut Ave #110,Fremont,CA,94538.0,37.555363,-121.975903,"Volt offers consultative solutions to ensure you have the qualified people you need, the processes to manage them effectively, and an outsourcing partner you",,silicon-valley-companies.csv
765,Walmart Labs,www.walmartlabs.com,860 W California Ave,Sunnyvale,CA,94086.0,37.381451,-122.036953,"At Walmart Labs, a line of code can change the way the world shops. Join our team of technologists and be on the forefront of a smarter future.",,silicon-valley-companies.csv
769,Wealthfront,wealthfront.com,900 Middlefield Rd,Redwood City,CA,94063.0,37.485152,-122.229612,Wealthfront is an all-in-one solution that helps you build a data-driven financial plan for the life you want and automate your investments at a low cost.,,silicon-valley-companies.csv
841,WellPay,www.wellpay.care,,San Mateo,CA,,37.562992,-122.325525,Better Healthcare payments for everyone. A modern payment platform to pay in full or Pay Over Time.,,silicon-valley-companies.csv
774,WePay,go.wepay.com,350 Convention Way #200,Redwood City,CA,94063.0,37.49396,-122.227933,WePay is an integrated payments provider for SaaS and crowdfunding platforms. Grow your revenue without friction or fraud.,,silicon-valley-companies.csv
979,WhatsApp,whatsapp.com,650 Castro St,Mountain View,CA,94041.0,37.387999,-122.082985,"Simple. Secure. Reliable messaging.  With WhatsApp, you'll get fast, simple, secure messaging and calling for free*, available on phones all over the world.",,silicon-valley-companies.csv
1071,Wiser Solutions,wiser.com,1730 S El Camino Real #500,San Mateo,CA,94402.0,37.551741,-122.314051,Wiser Solutions simplifies and streamlines omnichannel retail data analysis so you know exactly what you need to do.,,silicon-valley-companies.csv
1089,Workato,www.workato.com,215 Castro St Suite 300,Mountain View,CA,94041.0,37.393498,-122.078907,A single platform to integrate anything and automate everything.,,silicon-valley-companies.csv
865,WorkBoard,workboard.com,487 Seaport Ct #100,Redwood City,CA,94063.0,37.50372,-122.212355,"Execute for growth with software to set OKRs and FAST goals, measure transparently and automate business reviews.",,silicon-valley-companies.csv
980,Xilinx,xilinx.com,2050 Logic Dr,San Jose,CA,95124.0,37.252624,-121.933771,"Xilinx is the inventor of the FPGA, programmable SoCs, and now, the ACAP. Xilinx delivers the most dynamic processing technology in the industry.",,silicon-valley-companies.csv
790,Xoriant,xoriant.com,1248 Reamwood Ave,Sunnyvale,CA,94089.0,37.404943,-121.987639,"Xoriant, a product engineering and technology services company, helps unicorn start-ups and large enterprise software companies to outperform the competition.",,silicon-valley-companies.csv
981,Yahoo,yahoo.com,701 1st Ave,Sunnyvale,CA,94089.0,37.417181,-122.025012,"News, email and search are just the beginning. Discover more every day. Find your yodel.",,silicon-valley-companies.csv
796,Yodlee,yodlee.com,3600 Bridge Pkwy Suite 200,Redwood City,CA,94065.0,37.537298,-122.254532,"Build and transform financial apps and services with access to financial data through our APIs and digital solutions for banks, developers, and innovators.",,silicon-valley-companies.csv
982,YouTube,youtube.com,901 Cherry Ave,San Bruno,CA,94066.0,37.628293,-122.426523,"Enjoy the videos and music you love, upload original content, and share it all with friends, family, and the world on YouTube.",,silicon-valley-companies.csv
1176,Yummly,www.yummly.com,3101 Park Blvd,Palo Alto,CA,94306.0,37.425248,-122.136504,"The smart cooking sidekick that learns what you like and customizes the experience to your personal tastes, nutritional needs, skill level, and more.",,silicon-valley-companies.csv
798,Zazzle,zazzle.com,1800 Seaport Blvd,Redwood City,CA,94063.0,37.51098,-122.201431,"From cool t-shirts to custom mugs to DIY invitations, Zazzle is the place to unleash your creative side. Shop for, or design, amazing products today!",,silicon-valley-companies.csv
807,Zicasso,zicasso.com,1580 W El Camino Real STE 14,Mountain View,CA,94040.0,37.390265,-122.092123,Top travel agents compete to customize your trip.,,silicon-valley-companies.csv
842,Zipcar,zipcar.com,15 N Ellsworth Ave suite 100,San Mateo,CA,94401.0,37.567466,-122.325692,Zipcar is the world's largest car sharing and car club service. We are an alternative to traditional car rental and car ownership.,,silicon-valley-companies.csv
983,Zscaler,zscaler.com,100 Rose Orchard Way,San Jose,CA,95134.0,37.415951,-121.947837,"Zscaler is revolutionizing cloud security by empowering organizations to embrace cloud efficiency, intelligence, and agility—securely.",,silicon-valley-companies.csv
811,Zume Pizza,zumepizza.com,250 Polaris Ave,Mountain View,CA,94043.0,37.399147,-122.084199,"Order delicious artisan thin-crust pizza and have it delivered hot and fast! Order online or through our Zume Pizza app to view the menu, track orders online",,silicon-valley-companies.csv
813,Zuora,zuora.com,3050 S Delaware St #301,San Mateo,CA,94403.0,37.540405,-122.298993,"Zuora creates cloud-based software on a subscription basis that enables any company in any industry to successfully launch, manage, and transform into a subscription business.",,silicon-valley-companies.csv
6,23andMe,23andme.com,899 W Evelyn Ave,Mountain View,CA,94041.0,37.395208,-122.079159,"Discover what 125+ personalized reports have to say about your ancestry, health, traits and more.",,silicon_valley_companies.csv
1075,280 Group,280group.com,142B S Santa Cruz Ave,Los Gatos,CA,95030.0,37.220624,-121.985589,"Let 280 Group help you leverage our proven process for Product Management and Product Marketing through training, certification, consulting, and more.",,silicon_valley_companies.csv
984,5AM Ventures,5amventures.com,2200 Sand Hill Road,Menlo Park,CA,94025.0,37.422774,-122.199215,5AM Ventures is a leading venture capital firm focused on building next-generation life science companies capable of delivering outstanding returns to our investors.,,silicon_valley_companies.csv
1088,Accel,www.accel.com,2500 Sand Hill Road,Menlo Park,CA,94025.0,37.42175,-122.204843,"We partner with exceptional founders with unique insights, from inception through all phases of growth.",,silicon_valley_companies.csv
15,Addepar,addepar.com,303 Bryant St,Mountain View,CA,94041.0,37.39267,-122.080849,"Addepar is the first performance reporting platform that easily handles all of your assets, connecting your financial goals and objectives with real world actionable insights.",,silicon_valley_companies.csv
16,Adecco Group,www.adeccogroup.com,903 Sneath Ln Ste 123,San Bruno,CA,94066.0,37.635,-122.424555,"In the world of work, The Adecco Group is the world's leading provider of temporary staffing, permanent placement, career transition and talent development",,silicon_valley_companies.csv
18,Adobe,www.adobe.com,601 Townsend St,San Francisco,CA,94103.0,37.771206,-122.401662,"Adobe is changing the world through digital experiences. We help our customers create, deliver and optimize content and applications.",,silicon_valley_companies.csv
1081,AgilOne,acquia.com,771 Vaqueros Ave,Sunnyvale,CA,94085.0,37.395589,-122.031758,"AgilOne is now part of Acquia. AgilOne is a customer data platform for enterprise B2C companies. AgilOne's vision is to restore the personal relationships companies once had with customers before channel-specific marketing silos got in the way. Through a single view of customers across all channels, predictive models to understand customer behavior, and real-time APIs to orchestrate personalized experiences across all touch-points, AgilOne creates authentic omni-channel customer relationships that maximize lifetime value.",,silicon_valley_companies.csv
33,Alation,alation.com,805 Veterans Blvd #307,Redwood City,CA,94063.0,37.491223,-122.228606,"Alation's Data Catalog empowers analysts & information stewards to search, query and collaborate for fast, accurate insights and confident decision-making.",,silicon_valley_companies.csv
35,AlienVault,www.alienvault.com,1100 Park Pl #300,San Mateo,CA,94403.0,37.545105,-122.290819,"At AT&T Cybersecurity our mission is to provide phenomenal threat intelligence, collaborative defense & effective security for organizations of all sizes.",,silicon_valley_companies.csv
986,Altimeter Capital,,2420 Sand Hill Road,Menlo Park,CA,94025.0,37.422643,-122.203958,,,silicon_valley_companies.csv
987,Altos Ventures,,2882 Sand Hill Road,Menlo Park,CA,94025.0,37.421968,-122.214066,,,silicon_valley_companies.csv
41,Amazon,amazon.com,1900 University Ave,East Palo Alto,CA,94303.0,37.459056,-122.142821,"Online shopping from the earth's biggest selection of books, magazines, music, DVDs, videos, electronics, computers, software, apparel & accessories, shoes,",,silicon_valley_companies.csv
43,Ambient.ai,ambient.ai,459 Hamilton Ave,Palo Alto,CA,94301.0,37.447222,-122.158617,"We are a small team of Stanford graduates and software engineers with extensive research experience in imaging, neuroscience, deep learning and artificial intelligence. We've previously built mission-critical products and infrastructure at companies like Apple, Google, Microsoft and Dropbox. We're on a mission to advance the state-of-the-art in Vision AI.",,silicon_valley_companies.csv
44,AMD,www.amd.com,2485 Augustine Dr,Santa Clara,CA,95054.0,37.382925,-121.970384,"Advanced Micro Devices, Inc. (AMD) is an American multinational semiconductor company",,silicon_valley_companies.csv
1097,Amply Power,www.amplypower.com,335 E Middlefield Rd,Mountain View,CA,94043.0,37.396461,-122.058804,"AMPLY Power's Charging-as-a-Service model de-risks and accelerates the adoption of electric buses, trucks, and cars.",,silicon_valley_companies.csv
988,Andreessen Horowitz,a16z.com,2865 Sand Hill Road,Menlo Park,CA,94025.0,37.41973,-122.214244,"Andreessen Horowitz is a private American venture capital firm, founded in 2009 by Marc Andreessen and Ben Horowitz. The company is headquartered in Menlo Park, California. Andreessen Horowitz invests in both early-stage start-ups and established growth companies.",,silicon_valley_companies.csv
49,Anomali,anomali.com,808 Winslow St,Redwood City,CA,94063.0,37.486075,-122.231216,Anomali is a Threat Intelligence Platform that enables businesses to integrate security products and leverage threat data to defend against cyber threats.,,silicon_valley_companies.csv
55,Apple,www.apple.com,Apple Campus,Cupertino,CA,95014.0,37.33182,-122.03118,"Discover the innovative world of Apple and shop everything iPhone, iPad, Apple Watch, Mac, and Apple TV, plus explore accessories, entertainment, and expert",,silicon_valley_companies.csv
61,Apttus,apttus.com,1400 Fashion Island Blvd #100,San Mateo,CA,94404.0,37.556081,-122.288161,"Apttus provides category-defining Quote-to-Cash software delivering CPQ, Contract Management, E-Commerce & Revenue Management.",,silicon_valley_companies.csv
919,Arista,arista.com,5453 Great America Pkwy,Santa Clara,CA,95054.0,37.412161,-121.97603,Arista Networks was founded to pioneer and deliver software-driven cloud networking solutions for large data center storage and computing environments.,,silicon_valley_companies.csv
62,Armory,www.armory.io,28 E 3rd Ave #200,San Mateo,CA,94401.0,37.56325,-122.325167,Continuous Deployment for the Enterprise,,silicon_valley_companies.csv
902,Ascend,tryascend.com,,San Jose,CA,,37.338208,-121.886329,Ascend is a full service debt settlement and debt relief company to help people get and stay out of debt.,,silicon_valley_companies.csv
66,ASUS,www.asus.com,48720 Kato Rd,Fremont,CA,94538.0,37.461544,-121.923311,"ASUS is a worldwide top-three consumer notebook brand that creates innovative technology to deliver a seamless, joyful digital life for everyone.",,silicon_valley_companies.csv
70,Avast,avast.com,2625 Broadway,Redwood City,CA,94063.0,37.485898,-122.233689,"Join 435 million others and get award-winning free antivirus for PC, Mac & Android. Surf safely & privately with our VPN. Download Avast today!",,silicon_valley_companies.csv
1100,Baidu USA,usa.baidu.com,1195 Bordeaux Dr,Sunnyvale,CA,94089.0,37.409228,-122.023987,"Located in the heart of Silicon Valley, Baidu USA is one of the R&D centers of Baidu, China’s largest search engine provider. Baidu USA’s team of elite, world-class researchers and engineers devote their time to tackling the most challenging, change-the-world projects in AI and related fields",,silicon_valley_companies.csv
76,Barracuda,www.barracuda.com,3175 S Winchester Blvd,Campbell,CA,95008.0,37.267651,-121.957931,"Barracuda Networks is the worldwide leader in Security, Application Delivery and Data Protection Solutions.",,silicon_valley_companies.csv
989,Battery Ventures,,2884 Sand Hill Road,Menlo Park,CA,94025.0,37.421944,-122.21513,,,silicon_valley_companies.csv
81,Benevity,benevity.com,32 W 25th Ave #203,San Mateo,CA,94403.0,37.544091,-122.306726,Benevity's goodness platform empowers socially conscious brands to make a real difference. Learn how we can make your giving programs great.,,silicon_valley_companies.csv
84,Betterworks,betterworks.com,999 Main St,Redwood City,CA,94063.0,37.484282,-122.225865,"Continuous Performance Management with Betterworks can help improve employee engagement, OKRs and employee development.",,silicon_valley_companies.csv
98,Blue River Technology,www.bluerivertechnology.com,575 N Pastoria Ave,Sunnyvale,CA,94085.0,37.391861,-122.034289,Blue River Technology is building the next generation of smart agriculture equipment.,,silicon_valley_companies.csv
100,BlueJeans,www.bluejeans.com,516 Clyde Ave,Mountain View,CA,94043.0,37.398873,-122.047364,BlueJeans Network is the most advanced way to enable video conferencing in the workplace or on the road. Our goal is to make video as easy and pervasive as audio communications and create visual experiences that people love.,,silicon_valley_companies.csv
101,BlueVine,bluevine.com,401 Warren St #300,Redwood City,CA,94063.0,37.487126,-122.232107,"BlueVine gives small businesses a flexible line of credit to run their business or an advance on their invoices to meet payroll, buy supplies or grow.",,silicon_valley_companies.csv
104,Box,box.com,900 Jefferson Ave,Redwood City,CA,94063.0,37.48487,-122.229315,Box is changing how you manage content across your business from simple file sharing to building custom apps.,,silicon_valley_companies.csv
108,Branch,branch.io,1400 Seaport Blvd,Redwood City,CA,94063.0,37.51365,-122.199525,"Increase mobile revenue with enterprise-grade links built to acquire, engage, and measure across all devices, channels, and platforms.",,silicon_valley_companies.csv
990,Bright Capital,,3000 Sand Hill Road Building 2,Menlo Park,CA,94025.0,37.42359,-122.221003,,,silicon_valley_companies.csv
843,Brillio,www.brillio.com,5201 Great America Pkwy,Santa Clara,CA,95054.0,37.406306,-121.976493,We help businesses define digital transformation objectives and turn them into actionable market strategies.,,silicon_valley_companies.csv
116,Broadcom,www.broadcom.com,1320 Ridder Park Dr,San Jose,CA,95131.0,37.386135,-121.900328,"Broadcom Inc. (NASDAQ: AVGO) is a global technology leader that designs, develops and supplies semiconductor and infrastructure software solutions.",,silicon_valley_companies.csv
123,C3,c3.ai,1300 Seaport Blvd #500,Redwood City,CA,94063.0,37.513716,-122.201786,"C3 is a leading software provider for rapidly developing, deploying, and operating AI, predictive analytics, and IoT applications.",,silicon_valley_companies.csv
124,Cadence Design Systems,www.cadence.com,2655 Seely Ave,San Jose,CA,95134.0,37.396063,-121.919533,"Cadence is a leading EDA and System Design Enablement provider delivering tools, software, and IP to help you build great products that connect the world.",,silicon_valley_companies.csv
992,Canaan Partners,,2765 Sand Hill Road,Menlo Park,CA,94025.0,37.419687,-122.209616,,,silicon_valley_companies.csv
132,Carbon,carbon3d.com,1089 Mills Way,Redwood City,CA,94063.0,37.487369,-122.209545,Carbon is revolutionizing 3D printing and manufacturing with breakthrough technologies that enable the creation of end use parts with unique properties.,,silicon_valley_companies.csv
135,Carta,carta.com,195 Page Mill Rd Suite 101,Palo Alto,CA,94306.0,37.426587,-122.138655,"Carta (formerly eShares) is an ownership and equity management platform trusted by thousands of founders, investors, and employees.",,silicon_valley_companies.csv
993,Charles River Ventures,,2882 Sand Hill Road,Menlo Park,CA,94025.0,37.421968,-122.214066,,,silicon_valley_companies.csv
144,Chegg,www.chegg.com,3990 Freedom Cir,Santa Clara,CA,95054.0,37.388454,-121.972382,"Get step-by-step Textbook Solutions for your hard classes or connect with an online tutor instantly. As always, save up to 90% on textbook rentals.",,silicon_valley_companies.csv
921,CipherCloud,ciphercloud.com,333 W San Carlos St,San Jose,CA,95110.0,37.328862,-121.893598,"CipherCloud is a cloud security software company based in San Jose, California. The company enables businesses to adopt cloud services while ensuring data security and regulatory compliance.",,silicon_valley_companies.csv
922,Cisco,cisco.com,3605 Cisco Way,San Jose,CA,95134.0,37.408175,-121.928128,"Cisco (NASDAQ: CSCO) enables people to make powerful connections--whether in business, education, philanthropy, or creativity. Cisco hardware, software, and service offerings are used to create the Internet solutions that make networks possible--providing easy access to information anywhere, at any time. ",,silicon_valley_companies.csv
150,Clara Analytics,www.claraanalytics.com,451 El Camino Real #201,Santa Clara,CA,95050.0,37.35087,-121.932689,Reducing Workers' Compensation Medical Costs through Actionable AI.,,silicon_valley_companies.csv
159,Cloudbees,www.cloudbees.com,2001 Gateway Pl #670W,San Jose,CA,95110.0,37.369715,-121.922733,We’re Building the World’s First End-to-End Continuous Software Delivery System,,silicon_valley_companies.csv
163,Clover Network,clover.com,415 N Mathilda Ave,Sunnyvale,CA,94085.0,37.386705,-122.03198,"Clover designs smart, customized point of sale devices that make running your business easier & accepting payments from customers seamless.",,silicon_valley_companies.csv
168,Codexis,codexis.com,400 Penobscot Dr,Redwood City,CA,94063.0,37.500281,-122.216549,Codexis is a leading protein engineering company that applies its technology to the development of biocatalysts for commercial manufacture of pharmaceuticals,,silicon_valley_companies.csv
871,ColorTokens,colortokens.com,2101 Tasman Dr Suite 201,Santa Clara,CA,95054.0,37.409514,-121.961797,"Built from the ground up for zero trust, the ColorTokens cloud-delivered platform offers a new-generation of proactive security that simplifies and streamlines protection and compliance for cloud workloads, applications, and endpoints",,silicon_valley_companies.csv
997,Columbus Nova,,3000 Sand Hill Road Building 3 Suite 190,Menlo Park,CA,94025.0,37.42359,-122.221003,,,silicon_valley_companies.csv
821,CommonGenius,commongenius.com,75 E Santa Clara St,San Jose,CA,95113.0,37.337119,-121.889391,"Meet 1-on-1 with top executives, investors, life coaches, technologists, best selling authors, influencers, and so much more. Invest in yourself and your success.",,silicon_valley_companies.csv
1116,Confident Cannabis,confidentcannabis.com,,,,,0.0,0.0,"Confident Cannabis software simplifies testing and wholesale trade to help legal operators test, buy and sell compliant cannabis.",,silicon_valley_companies.csv
1117,Course Hero,www.coursehero.com,2000 Seaport Blvd,Redwood City,CA,94063.0,37.510734,-122.203471,"Instant access to millions of Study Resources, Course Notes, Test Prep, 24/7 Homework Help, Tutors, and more. Learn, teach, and study with Course Hero.",,silicon_valley_companies.csv
179,Coursera,www.coursera.org,381 E Evelyn Ave,Mountain View,CA,94041.0,37.386873,-122.060787,"Choose your #CourseToSuccess! Learn online and earn valuable credentials from top universities like Yale, Michigan, Stanford",,silicon_valley_companies.csv
180,Cradlepoint,cradlepoint.com,718 University Ave Suite 200,Los Gatos,CA,95032.0,37.236957,-121.975021,"Founded in 2006, Cradlepoint has grown to become the industry leader in cloud-delivered 4G LTE network solutions for business, service provider, and government organizations, and we are committed to extending our leadership into the emerging 5G space.",,silicon_valley_companies.csv
873,Crossover Hub,crossoverhub.com,42514 Albrae St,Fremont,CA,94538.0,37.508858,-121.970526,"Freshly established in 2018, Crossover Hub is an incubator for pioneering and edge-cutting ideas and minds.
The hub offers co-working space and operational supports to entrepreneurs and early stage companies,
from starting up to scaling up.",,silicon_valley_companies.csv
925,DataStax,datastax.com,3975 Freedom Cir,Santa Clara,CA,95054.0,37.387153,-121.973883,"DataStax is an experienced partner in on-premises, hybrid, and multi-cloud deployments and offers a suite of distributed data management products and cloud services. We make it easy for enterprises to deliver killer apps that crush the competition. ",,silicon_valley_companies.csv
196,Datavisor,datavisor.com,967 N Shoreline Blvd,Mountain View,CA,94043.0,37.407728,-122.077488,"Predict novel, evolving attacks with Unsupervised Machine Learning.",,silicon_valley_companies.csv
874,Datrium,datrium.com,385 Moffett Park Dr #205,Sunnyvale,CA,94089.0,37.40639,-122.016012,"Datrium Does Disaster Recovery and Disaggregated HCI Right.
Get a single powerful platform with solutions for hybrid cloud, private cloud, and on-premises data centers",,silicon_valley_companies.csv
999,DCM Ventures,,2420 Sand Hill Road,Menlo Park,CA,94025.0,37.422643,-122.203958,,,silicon_valley_companies.csv
927,Delphix,delphix.com,1400 Seaport Blvd,Redwood City,CA,94063.0,37.513745,-122.199786,Deliver winning applications with compliant data that can be versioned on demand—across clouds.,,silicon_valley_companies.csv
825,DiDi Labs,didi-labs.com,450 National Ave,Mountain View,CA,94043.0,37.40184,-122.052942,"DiDi Labs is developing advanced technologies to power our vision of the future: an open, efficient, collaborative, and sustainable transportation ecosystem.",,silicon_valley_companies.csv
844,Diffbot,www.diffbot.com,333 Ravenswood Ave,Menlo Park,CA,94025.0,37.457562,-122.176536,Tap into accurate data from a single page or the entire web with Diffbot AI.,,silicon_valley_companies.csv
208,DNAnexus,dnanexusconnect.com,1975 W El Camino Real #204,Mountain View,CA,94040.0,37.393674,-122.099278,"DNAnexus, a cloud-based genome informatics & data management platform, is accelerating genomic medicine by making it easier to work with genomic data",,silicon_valley_companies.csv
1058,Dokkio,dokkio.com,1 Waters Park Dr #103,San Mateo,CA,94403.0,37.551425,-122.291173,"Dokkio gives your team an intelligent way to organize, find, understand, and collaborate on the files your team uploads and shares. When connected to Dropbox, Google Drive, Gmail, Slack, or Box, Dokkio automatically",,silicon_valley_companies.csv
1001,Draper Fisher Jurvetson,,2882 Sand Hill Road,Menlo Park,CA,94025.0,37.421968,-122.214066,,,silicon_valley_companies.csv
221,eBay,www.ebay.com,2025 Hamilton Ave,San Jose,CA,95125.0,37.295145,-121.926111,"Buy and sell electronics, cars, fashion apparel, collectibles, sporting goods, digital cameras, baby items, coupons, and everything else on eBay",,silicon_valley_companies.csv
930,Egnyte,egnyte.com,1350 W Middlefield Rd,Mountain View,CA,94043.0,37.409204,-122.083073,"Egnyte is a company that provides software for enterprise file synchronization and sharing. The technology can store files in a company's existing data repository, as well as cloud computing storage",,silicon_valley_companies.csv
931,Elastic,elastic.co,800 W El Camino Real,Mountain View,CA,94040.0,37.386495,-122.084129,"We're the creators of the Elastic (ELK) Stack -- Elasticsearch, Kibana, Beats, and Logstash.",https://i.imgur.com/yYMGZRc.png,silicon_valley_companies.csv
225,Electronic Arts,ea.com,209 Redwood Shores Pkwy,Redwood City,CA,94065.0,37.52328,-122.254142,"We exist to inspire the world through Play. Electronic Arts is a leading publisher of games on Console, PC and Mobile.",,silicon_valley_companies.csv
932,EMC Data Domain,emc.com,2421 Mission College Blvd,Santa Clara,CA,95054.0,37.39035,-121.970629,"Dell EMC Data Domain is Dell EMC’s data deduplication storage system. Development began with the founding of Data Domain, and has continued since that company’s acquisition by EMC Corporation",,silicon_valley_companies.csv
234,Equinix,equinix.com,1 Lagoon Dr,Redwood City,CA,94065.0,37.527344,-122.261179,"Equinix is the world's largest IBX data center & colocation provider, offering the fastest application performance, lowest latency routes worldwide",,silicon_valley_companies.csv
238,Evernote,evernote.com,305 Walnut St,Redwood City,CA,94063.0,37.49209,-122.222378,"Evernote helps you capture and prioritize ideas, projects, and to-do lists, so nothing falls through the cracks.",,silicon_valley_companies.csv
243,Facebook,www.facebook.com,1 Hacker Way,Menlo Park,CA,94025.0,37.484377,-122.148304,"Create an account or log into Facebook. Connect with friends, family and other people you know. Share photos and videos, send messages and get updates.",,silicon_valley_companies.csv
245,Fanatics,fanatics.com,1 Franklin Pkwy,San Mateo,CA,94403.0,37.542249,-122.293545,"Fanatics.com is the ultimate sports apparel and Fan Gear Store. Our sports store features Football Jerseys, T-shirts, Hats and more for NFL, MLB, NBA, NHL",,silicon_valley_companies.csv
845,FileMaker,www.filemaker.com,5201 Patrick Henry Dr,Santa Clara,CA,95054.0,37.406436,-121.983479,Discover how you can use the FileMaker Platform to create innovative custom apps for your workplace.,,silicon_valley_companies.csv
933,Flipboard,about.flipboard.com,735 Emerson St,Palo Alto,CA,94301.0,37.442773,-122.159474,"Flipboard is a news aggregator and social network aggregation company based in Palo Alto, California, with offices in New York, Vancouver and Bejiing. Its software, also known as Flipboard, was first released in July 2010",,silicon_valley_companies.csv
1079,Forcepoint,forcepoint.com,983 University Ave # A,Los Gatos,CA,95032.0,37.249966,-121.967384,Forcepoint is the human-centric cybersecurity company that understands behavior and adapts security response and enforcement to risk. The Forcepoint Human Point platform delivers Risk-Adaptive Protection to continuously ensure trusted use of critical data and systems.,,silicon_valley_companies.csv
266,Gainsight,gainsight.com,1400 Bridge Pkwy #101,Redwood City,CA,94065.0,37.535116,-122.258255,"Gainsight's Customer Success Software empowers companies to increase revenue, decrease customer churn, and drive advocacy.",,silicon_valley_companies.csv
268,GarageScript,garagescript.org,490 W San Carlos St,San Jose,CA,95110.0,37.325786,-121.898008,We are a nonprofit public benefit organization dedicated to helping and training people who are pursuing a career as a software engineer.,,silicon_valley_companies.csv
271,GenapSys,genapsys.com,200 Cardinal Way,Redwood City,CA,94063.0,37.50446,-122.219206,"We live at the whim of the molecular world. Untapped molecular information is all around us: in the cells in our body, the food we eat, the land we inhabit",,silicon_valley_companies.csv
273,Genomic Health,genomichealth.com,301 Penobscot Dr,Redwood City,CA,94063.0,37.498897,-122.218145,"Learn more about Genomic Health's life changing work, transforming treatment decisions and outcomes in cancer delivering clinically actionable diagnostics",,silicon_valley_companies.csv
1004,GGV Capital,,2494 Sand Hill Road,Menlo Park,CA,94025.0,37.422068,-122.203026,,,silicon_valley_companies.csv
1005,GI Partners,,2180 Sand Hill Road,Menlo Park,CA,94025.0,37.423064,-122.198505,,,silicon_valley_companies.csv
935,Gigya,gigya.com,2513 E Charleston Rd,Palo Alto,CA,94303.0,37.421046,-122.098583,"(acquired by SAP) Gigya offers an identity management platform for businesses which includes products for customized registration, social login, user profile and preference management, user engagement and loyalty, and integrations with third-party marketing and services platforms.",,silicon_valley_companies.csv
936,Globalfoundries,globalfoundries.com,2600 Great America Way,Santa Clara,CA,95054.0,37.415293,-121.974448,GLOBALFOUNDRIES Delivers Industry's First Production-ready eMRAM on 22FDX Platform for IoT and Automotive Applications,,silicon_valley_companies.csv
1128,GoFundMe,www.gofundme.com,855 Jefferson Ave,Redwood City,CA,94063.0,37.485529,-122.227764,GoFundMe: The most trusted free online fundraiser platform. Start a crowdfunding campaign on the site with over $5 Billion Raised.,,silicon_valley_companies.csv
284,Gong.io,www.gong.io,1200 Park Place Suite 100,San Mateo,CA,94403.0,37.546157,-122.290233,"Gong is conversation intelligence software for sales teams that uses AI to record, transcribe, and analyze sales conversations.",,silicon_valley_companies.csv
913,GoodRx,goodrx.com,577 2nd St Suite 103,San Francisco,CA,94107.0,37.782257,-122.392295,GoodRx helps Americans save on prescriptions.,,silicon_valley_companies.csv
288,Google,google.com,,Mountain View,CA,,37.386052,-122.083851,"Google LLC is an American multinational technology company that specializes in Internet-related services and products, which include online advertising technologies, search engine, cloud computing, software, and hardware. It is considered one of the Big Four technology companies, alongside Amazon, Apple and Facebook",,silicon_valley_companies.csv
1130,Green Bits,www.greenbits.com,75 E Santa Clara St,San Jose,CA,95113.0,37.337119,-121.889391,Our mission is to empower you with the essential retail management solutions you need to grow your business with ease.,,silicon_valley_companies.csv
292,Greenfield Labs,greenfieldlabs.com,3251 Hillview Ave,Palo Alto,CA,94304.0,37.408727,-122.14585,Greenfield Labs was created by Ford to explore the future of mobility through human-centered design.,,silicon_valley_companies.csv
1007,Greylock Partners,greylock.com,2250 Sand Hill Road,Menlo Park,CA,94025.0,37.424218,-122.194856,We partner early with consumer and enterprise software entrepreneurs. Our mission is to help realize rare potential.,,silicon_valley_companies.csv
296,Groupon,groupon.com,2445 Augustine Dr,Santa Clara,CA,95054.0,37.382589,-121.96944,"Discover and save on 1000s of great deals at nearby restaurants, spas, things to do, shopping, travel and more.",,silicon_valley_companies.csv
1096,GSR Ventures,www.gsrventures.com,245 Lytton Ave #350,Palo Alto,CA,94301.0,37.44598,-122.164006,"GSR Ventures is a premier global investment firm with $3 billion under management and consists of independently managed funds in China, US, and globally.",,silicon_valley_companies.csv
1094,GV,www.gv.com,,Mountain View,CA,,37.386052,-122.083851,GV provides venture capital funding to bold new companies.,,silicon_valley_companies.csv
1060,HackerRank,hackerrank.com,700 E El Camino Real #300,Mountain View,CA,94041.0,37.377584,-122.064086,"Join over 7 million developers. Practice coding, prepare for interviews, and get hired.",,silicon_valley_companies.csv
877,Harmonic,harmonicinc.com,4300 N 1st St,San Jose,CA,95134.0,37.421136,-121.961086,"Harmonic (NASDAQ: HLIT), the worldwide leader in video delivery technology and services, enables media companies and service providers to deliver ultra-high-quality broadcast and OTT video services to consumers globally.",,silicon_valley_companies.csv
829,Health Gorilla,healthgorilla.com,185 N Wolfe Rd,Sunnyvale,CA,94086.0,37.377107,-122.014039,"In partnership with some of the nation’s leading healthcare organizations, Health Gorilla has built the first Trusted Clinical Network",,silicon_valley_companies.csv
310,HeartFlow,heartflow.com,1400 Seaport Blvd,Redwood City,CA,94063.0,37.51365,-122.199525,The non-invasive HeartFlow Analysis uses data from a standard CT scan to create a 3D model of the coronary arteries & analyzes the impact blockages have,,silicon_valley_companies.csv
939,Hewlett Packard,hp.com,3000 Hanover St,Palo Alto,CA,94304.0,37.414562,-122.146289,"HP Inc. develops personal computers (PCs), printers and related supplies, as well as 3D printing solutions.",,silicon_valley_companies.csv
878,Hewlett-Packard Enterprise,hpe.com,6280 America Center Dr,San Jose,CA,95002.0,37.419235,-121.978859,"Technologies, Partners, Services and Financial Models to Help Your Business Thrive. Learn How HPE Can Help Ignite Innovation w/ Hybrid Cloud & Unleash the Power of Your Data. Intelligent Edge.",,silicon_valley_companies.csv
1009,Highland Capital Partners,,2420 Sand Hill Road Suite 300,Menlo Park,CA,94025.0,37.422643,-122.203958,,,silicon_valley_companies.csv
318,Hiretual,www.hiretual.com,2525 E Charleston Rd #104,Mountain View,CA,94043.0,37.421186,-122.098438,"Source Talent 10x Faster Find, Engage, and Pipeline the Right Candidates with AI",,silicon_valley_companies.csv
1061,Hivemapper,hivemapper.com,1801 Murchison Dr UNIT 128,Burlingame,CA,94010.0,37.593663,-122.388098,Hivemapper is a software product for building fresh maps that see changes in the physical world from nothing more than video.,,silicon_valley_companies.csv
940,Houzz,houzz.com,285 Hamilton Ave,Palo Alto,CA,94301.0,37.445099,-122.160735,"Houzz is the new way to design your home. Browse 20 million interior design photos, home decor, decorating ideas and home professionals online.",,silicon_valley_companies.csv
1087,IBM,ibm.com,555 Bailey Ave,San Jose,CA,95141.0,37.195907,-121.748586,For more than a century IBM has been dedicated to every client's success and to creating innovations that matter for the world.,,silicon_valley_companies.csv
336,Imperva,imperva.com,3400 Bridge Pkwy,Redwood City,CA,94065.0,37.537772,-122.25518,Imperva provides complete cyber security by protecting what really matters most—your data and applications—whether on-premises or in the cloud.,,silicon_valley_companies.csv
868,Incorta,incorta.com,2755 Campus Dr #350,San Mateo,CA,94403.0,37.536903,-122.324879,"Incorta aggregates large complex business data in real time, eliminating the need to reshape it. No Data Warehouse. No Transformations. Real-Time Insight.",,silicon_valley_companies.csv
941,Inflection.com,inflection.com,555 Twin Dolphin Dr,Redwood City,CA,94065.0,37.521019,-122.256482,Empowering Companies to Make Better and Faster People Decisions,,silicon_valley_companies.csv
1074,Infogain,infogain.com,485 Alberto Way #100,Los Gatos,CA,95032.0,37.229674,-121.971945,"Infogain is a Silicon Valley headquartered company with software platform engineering and deep domain expertise in the travel, retail, insurance and high technology industries. We accelerate the delivery of digital customer engagement systems using digital technologies such as cloud, microservices, robotic process automation and artificial intelligence to our clients.",,silicon_valley_companies.csv
342,Informatica,informatica.com,2100 Seaport Blvd,Redwood City,CA,94063.0,37.511302,-122.204801,"As the world's leader in enterprise cloud data management, we're prepared to help you intelligently lead—in any sector, category or niche.",,silicon_valley_companies.csv
1010,Institutional Venture Partners,,3000 Sand Hill Road,Menlo Park,CA,94025.0,37.42359,-122.221003,,,silicon_valley_companies.csv
942,Intel,intel.com,2200 Mission College Blvd,Santa Clara,CA,95054.0,37.387524,-121.96366,"Intel's innovation in cloud computing, data center, Internet of Things, and PC solutions is powering the smart and connected digital world we live in.",,silicon_valley_companies.csv
348,Intelliswift,intelliswift.com,39600 Balentine Dr #200,Newark,CA,94560.0,37.52388,-121.996495,"Intelliswift is a premier IT services and solutions company. We provide solutions on enterprise applications development, mobility, big data/Bl and cloud services.",,silicon_valley_companies.csv
1011,InterWest Partners,,2710 Sand Hill Road,Menlo Park,CA,94025.0,37.421583,-122.208924,,,silicon_valley_companies.csv
351,Intuit,www.intuit.com,2675 Coast Ave,Mountain View,CA,94043.0,37.431219,-122.097991,"Intuit Inc. is a business and financial software company that develops and sells financial, accounting, and tax preparation software and related services for small businesses, accountants, and individuals. The company is headquartered in Mountain View, California",,silicon_valley_companies.csv
353,Invoice2go,2go.com,2317 Broadway,Redwood City,CA,94063.0,37.486067,-122.230423,"Invoice2go is the world’s top selling invoicing app, with customers in more than 160 countries.",,silicon_valley_companies.csv
943,Jasper Wireless,jasper.com,189 S Bernardo Ave,Mountain View,CA,94043.0,37.38628,-122.051355,"Jasper, now part of Cisco, is an American corporation headquartered in Santa Clara, California that provides a cloud-based software platform for the Internet of Things and, more specifically, to enable product businesses to become IoT service businesses.",,silicon_valley_companies.csv
359,Jobvite,jobvite.com,1300 S El Camino Real,San Mateo,CA,94402.0,37.554714,-122.317245,"Jobvite is the leading best-of-breed recruiting software that helps thousands of companies source, hire, and onboard top talent.",,silicon_valley_companies.csv
945,Juniper Networks,juniper.net,1133 Innovation Way,Sunnyvale,CA,94089.0,37.407504,-122.029189,"Juniper Networks provides high-performance networking & cybersecurity solutions to service providers, enterprise companies & public sector organizations.",,silicon_valley_companies.csv
846,Katerra,www.katerra.com,2494 Sand Hill Rd #100,Menlo Park,CA,94025.0,37.422068,-122.203026,Transforming construction through technology – every process and every product.,,silicon_valley_companies.csv
374,Khan Academy,www.khanacademy.org,1937 Landings Drive,Mountain View,CA,94043.0,37.421321,-122.088694,You can learn anything. Expert-created content and resources for every course and level. Always free.,,silicon_valley_companies.csv
1013,Khosla Ventures,khoslaventures.com,2128 Sand Hill Road,Menlo Park,CA,94025.0,37.425613,-122.193384,We assist great entrepreneurs determined to build companies with lasting significance.,,silicon_valley_companies.csv
1015,Kleiner Perkins,,2750 Sand Hill Road,Menlo Park,CA,94025.0,37.421271,-122.211292,,,silicon_valley_companies.csv
1016,Kohlberg Kravis Roberts,kkr.com,2800 Sand Hill Road,Menlo Park,CA,94025.0,37.421086,-122.21216,,,silicon_valley_companies.csv
947,Lab126,lab126.com,20450 Stevens Creek Blvd,Cupertino,CA,95014.0,37.321379,-122.030751,"Amazon Lab126 is an inventive San Francisco Bay Area research and development team that designs and engineers high-profile consumer electronic devices. We design and engineer devices like Fire tablets, Kindle e-readers, Amazon Fire TV, Amazon Echo, and more.",,silicon_valley_companies.csv
861,Leetcode,leetcode.com,953 Industrial Ave,Palo Alto,CA,94303.0,37.424205,-122.098878,Level up your coding skills and quickly land a job. This is the best place to expand your knowledge and get prepared for your next interview.,,silicon_valley_companies.csv
1018,Lightspeed Venture Partners,lsvp.com,2200 Sand Hill Road,Menlo Park,CA,94025.0,37.422774,-122.199215,Tomorrow Built Today.,,silicon_valley_companies.csv
405,Livongo,livongo.com,150 W Evelyn Ave #150,Mountain View,CA,94041.0,37.39242,-122.071804,"Our Applied Health Signals engine, data scientists, behavioral specialists, and clinicians work to transform healthcare and empower the lives of our members.",,silicon_valley_companies.csv
948,Logitech,logitech.com,7700 Gateway Blvd,Newark,CA,94560.0,37.539124,-122.06178,Shop online now! Find the largest selection of Logitech Products. Official Online Store with exclusive deals. Money back guarantee. Sign up for our newsletter.,,silicon_valley_companies.csv
1064,Lohika,lohika.com,1825 S Grant St #400,San Mateo,CA,94402.0,37.553927,-122.299989,Lohika partners with growth-stage technology companies to scale their engineering operations. We collaborate closely with our clients’ engineering organizations to transform them from bottlenecks to growth drivers.,,silicon_valley_companies.csv
412,Machine Zone,www.mz.com,2225 E Bayshore Rd #200,Palo Alto,CA,94303.0,37.449965,-122.120976,We're changing the way the world experiences games.,,silicon_valley_companies.csv
1020,Makena Capital Management,,2755 Sand Hill Road,Menlo Park,CA,94025.0,37.419515,-122.209543,,,silicon_valley_companies.csv
951,MapR Technologies,mapr.com,350 Holger Way,San Jose,CA,95134.0,37.418436,-121.944978,"(Acquired by HPE) MapR Technologies, provider of the industry's next generation data platform for AI and Analytics, enables enterprises to inject analytics into their business processes to increase revenue, reduce costs, and mitigate risks",,silicon_valley_companies.csv
419,Marketo,marketo.com,901 Mariners Island Blvd,San Mateo,CA,94404.0,37.559895,-122.287037,Marketo's powerful marketing automation software helps marketers master the art & science of digital marketing to engage customers and prospects.,,silicon_valley_companies.csv
952,MarkLogic,marklogic.com,999 Skyway Rd,San Carlos,CA,94070.0,37.50734,-122.246944,"The MarkLogic Data Hub Platform integrates and curates your enterprise data to provide immediate business value. Running on a NoSQL foundation for speed and scale, it’s multi-model, elastic, transactional, secure, and built for the cloud.",,silicon_valley_companies.csv
953,Marvell,marvell.com,5488 Marvell Ln,Santa Clara,CA,95054.0,37.411865,-121.982146,"Marvell Technology Group is a global semiconductor company. Founded in 1995, the company now has more than 6,000 employees and 10,000 patents worldwide and annual revenue of $2.9 billion. Its U.S. headquarters is in Santa Clara, CA, and it has design centers in 14 countries across three continents",,silicon_valley_companies.csv
426,Mattermost,mattermost.com,530 Lytton Ave Suite 201,Palo Alto,CA,94301.0,37.44934,-122.15997,"Get more done, faster, with team collaboration and messaging that deploys to cloud infrastructure under IT control, as well as on-premise.",,silicon_valley_companies.csv
1022,Mayfield Fund,,2484 Sand Hill Road,Menlo Park,CA,94025.0,37.423162,-122.205333,,,silicon_valley_companies.csv
955,McAfee,mcafee.com,2821 Mission College Blvd,Santa Clara,CA,95054.0,37.389291,-121.979214,"As a leading-edge cybersecurity company, McAfee provides advanced security solutions to consumers, small and large businesses, enterprises, and governments. Security technologies from McAfee use a unique, predictive capability that is powered by McAfee Global Threat Intelligence, which enables home users and businesses to stay one step ahead of the next wave of fileless attacks, viruses, malware, and other online threats.",,silicon_valley_companies.csv
1023,Menlo Ventures,www.menlovc.com,2884 Sand Hill Road,Menlo Park,CA,94025.0,37.421944,-122.21513,"Menlo pursues companies with the potential to disrupt huge markets and invests primarily in early-stage consumer, enterprise, and life science technologies.",,silicon_valley_companies.csv
1024,Mentor Graphics,mentor.com,46871 Bayside Pkwy,Fremont,CA,94538.0,37.479393,-121.942169,"Mentor, a Siemens Business is a US-based electronic design automation multinational corporation for electrical engineering and electronics. The company was founded in 1981 and sold to Siemens in 2017",,silicon_valley_companies.csv
438,MetaVision,www.metavision.com,2855 Campus Drive,San Mateo,CA,94403.0,37.536121,-122.325787,Bridge the gap between the virtual and the real with the world's most immersive AR experience,,silicon_valley_companies.csv
1082,MetricStream,metricstream.com,2479 E Bayshore Rd #260,Palo Alto,CA,94303.0,37.448524,-122.118314,"MetricStream, the independent market leader in enterprise and cloud applications for Governance, Risk, Compliance (GRC) and Quality Management, makes GRC simple.",,silicon_valley_companies.csv
831,Miles,getmiles.com,75 E Santa Clara St Suite 05-137,San Jose,CA,95113.0,37.337119,-121.889391,Miles is a universal rewards app empowering anyone to earn miles automatically for all forms of travel and commute,,silicon_valley_companies.csv
443,Mindsource,mindsource.com,555 Clyde Ave # 100,Mountain View,CA,94043.0,37.399445,-122.046322,MindSource is a top tier staffing and consulting agency for technical solutions located in the heart of the Silicon Valley.,,silicon_valley_companies.csv
451,Model N,modeln.com,777 Mariners Island Blvd #300,San Mateo,CA,94404.0,37.559179,-122.286982,Model N's leading cloud-based revenue management solutions for high tech and life sciences industries allow companies to impact their top-line.,,silicon_valley_companies.csv
1025,Mohr Davidow Ventures,,3000 Sand Hill Road,Menlo Park,CA,94025.0,37.42359,-122.221003,,,silicon_valley_companies.csv
959,MongoDB,mongodb.com,100 Forest Ave,Palo Alto,CA,94301.0,37.442041,-122.161195,"We're the creators of MongoDB, the most popular database for modern apps, and MongoDB Atlas, the global cloud database on AWS, Azure, and GCP.",,silicon_valley_companies.csv
1026,Morgenthaler,,2710 Sand Hill Road,Menlo Park,CA,94025.0,37.421583,-122.208924,,,silicon_valley_companies.csv
457,Mountain View Staffing,www.mountainviewstaffing.com,824 San Antonio Rd,Palo Alto,CA,94303.0,37.421099,-122.101449,"Mountain View Staffing is the trusted recruiting and staffing agency of Silicon Valley based companies. We help startups to Fortune 500 companies hire full-time, contract and contract-to-hire employees.",,silicon_valley_companies.csv
960,NetApp,netapp.com,475 E Java Dr,Sunnyvale,CA,94089.0,37.411384,-122.01254,"NetApp offers proven capabilities to build your data fabric. Modernize IT, simplify private clouds for agility, and fuel data-driven innovation on any cloud.",,silicon_valley_companies.csv
470,Netflix,netflix.com,100 Winchester Cir,Los Gatos,CA,95032.0,37.259575,-121.962753,"Watch Netflix movies & TV shows online or stream right to your smart TV, game console, PC, Mac, mobile, tablet and more.",https://i.imgur.com/OvrPa1w.jpg,silicon_valley_companies.csv
916,NetSpring,netspring.io,800 W El Camino Real #180,Mountain View,CA,94040.0,37.386564,-122.084176,"NetSpring is a Cloud application platform-as-a-service that helps enterprises reach their peak of operational efficiency through quick, actionable insights from operational data systems. ",,silicon_valley_companies.csv
1027,New Enterprise Associates,,2855 Sand Hill Road,Menlo Park,CA,94025.0,37.419767,-122.21359,,,silicon_valley_companies.csv
833,NexGenT,nexgent.com,2033 Gateway Pl #460,San Jose,CA,95110.0,37.371113,-121.925578,NexGent is a great place to learn and build a solid foundation in real-world network engineering skills.,,silicon_valley_companies.csv
849,Nextgen Technologies,www.nextgentechinc.com,1735 N 1st St Suite 308,San Jose,CA,95112.0,37.368505,-121.915417,Nextgen Technologies is the Forefront of Technology Innovation - From Idea to Implementation,,silicon_valley_companies.csv
1028,Nexus Venture Partners,,2200 Sand Hill Road,Menlo Park,CA,94025.0,37.422774,-122.199215,,,silicon_valley_companies.csv
850,Nuance Communications,www.nuance.com,1198 E Arques Ave,Sunnyvale,CA,94085.0,37.37944,-121.997339,"Our innovations in voice, natural language understanding, reasoning and systems integration come together to create more human technology",,silicon_valley_companies.csv
485,Nuro,nuro.ai,1300 Terra Bella Ave #100,Mountain View,CA,94043.0,37.410376,-122.081143,"At Nuro, our mission is to accelerate the benefits of robotics for everyday life. Our first step is a self-driving vehicle designed for local goods transportation.",,silicon_valley_companies.csv
961,Nutanix,nutanix.com,1740 Technology Dr,San Jose,CA,95112.0,37.367681,-121.918126,"Have employees working remotely on any device in under an hour. Free yourself from the complexity and cost of legacy IT, and embrace the power of cloud. Your enterprise cloud journey starts here.",,silicon_valley_companies.csv
962,NVIDIA,nvidia.com,2741 County Hwy G4,Santa Clara,CA,95050.0,37.370837,-121.964022,"Nvidia Corporation, more commonly referred to as Nvidia, is an American technology company incorporated in Delaware and based in Santa Clara, California. It designs graphics processing units for the gaming and professional markets, as well as system on a chip units for the mobile computing and automotive market.",,silicon_valley_companies.csv
492,Onesignal,onesignal.com,411 Borel Ave #512,San Mateo,CA,94402.0,37.548326,-122.320274,"The world's leader for Mobile Push Notifications, Web Push, and In-App Messaging. Trusted by 600k businesses to send 4 billion Push Notifications per day.",,silicon_valley_companies.csv
1030,Onset Ventures,,2400 Sand Hill Road,Menlo Park,CA,94025.0,37.423485,-122.203901,,,silicon_valley_companies.csv
498,Oracle,www.oracle.com,100 Oracle Pkwy,Redwood City,CA,94065.0,37.530705,-122.26242,Oracle offers a comprehensive and fully integrated stack of cloud applications and platform services.,,silicon_valley_companies.csv
1067,OutreachCircle,outreachcircle.com,174 Pepper Dr,Los Altos,CA,94022.0,37.377091,-122.110261,"OutreachCircle is a relational organizing and supporter management platform for campaigns, causes and organizations – from fundraising to field.",,silicon_valley_companies.csv
964,Palantir,palantir.com,540 Emerson St,Palo Alto,CA,94301.0,37.443844,-122.162189,Our Gotham and Foundry platforms use versioning technology so you can manage data like software engineers manage code.,,silicon_valley_companies.csv
505,Palo Alto Staffing,www.paloaltostaffing.com,2479 E Bayshore Rd #165,Palo Alto,CA,94303.0,37.448524,-122.118314,"Get a consultation today with Palo Alto Staffing, Silicon Valley's professional staffing agency - results are guaranteed.",,silicon_valley_companies.csv
512,PayPal,www.paypal.com,2211 N 1st St,San Jose,CA,95131.0,37.376851,-121.922733,"PayPal is the faster, safer way to send money, make an online payment, receive money or set up a merchant account.",,silicon_valley_companies.csv
1069,Planful,planful.com,555 Twin Dolphin Dr #400,Redwood City,CA,94065.0,37.520957,-122.256128,Planful (formerly Host Analytics) is a leading financial planning and analysis (FP&A) cloud platform. Planful delivers a vision of Continuous Planning by accelerating the end-to-end FP&A process and fostering business-wide participation in agile planning and decision-making,,silicon_valley_companies.csv
530,Poshmark,poshmark.com,203 Redwood Shores Pkwy Floor 8,Redwood City,CA,94065.0,37.521035,-122.253951,Poshmark is the #1 place to buy and sell fashion. Shop millions of closets across America—and sell yours too!,,silicon_valley_companies.csv
539,Proofpoint,proofpoint.com,892 Ross Dr,Sunnyvale,CA,94089.0,37.400617,-122.032115,Proofpoint is a leading next-generation cybersecurity company that protects the way people work today.,,silicon_valley_companies.csv
540,Proteus Digital Health,www.proteus.com,2600 Bridge Pkwy,Redwood City,CA,94065.0,37.539077,-122.25728,"Welcome to Proteus Digital Health, a leading innovator spearheading the Digital Medicines revolution. Join our unique collection of innovative engineers, scientists, designers, developers, clinicians, and other digital health pioneers, and assist us with achieving our compelling vision, “Healthcare for Everyone, Everywhere.”",,silicon_valley_companies.csv
545,Qualys,qualys.com,919 E Hillsdale Blvd 4th Floor,Foster City,CA,94404.0,37.555726,-122.276719,"Qualys, Inc. helps your business automate the full spectrum of auditing, compliance and protection of your IT systems and web applications.",,silicon_valley_companies.csv
549,Quora,quora.com,650 Castro St #450,Mountain View,CA,94041.0,37.387912,-122.083125,Quora is a place to gain and share knowledge. It's a platform to ask questions and connect with people who contribute unique insights and quality answers.,,silicon_valley_companies.csv
550,Qwilt,qwilt.com,275 Shoreline Dr # 510,Redwood City,CA,94065.0,37.524955,-122.257862,"Qwilt allows you to build and operate a new delivery layer at the true edge of your network, enabling service providers to create radical content and application",,silicon_valley_companies.csv
563,Red Oak Technologies,www.redoaktech.com,2001 Gateway Pl Suite 150w,San Jose,CA,95110.0,37.369715,-121.922733,We are an established provider of comprehensive resourcing solutions ranging from startups to Fortune 500 companies.,,silicon_valley_companies.csv
567,Redpoint Ventures,www.redpoint.com,21 S Park St suite 100,San Francisco,CA,94107.0,37.781917,-122.393022,We invest in people.,,silicon_valley_companies.csv
1033,Relay Ventures,,3000 Sand Hill Road,Menlo Park,CA,94025.0,37.42359,-122.221003,,,silicon_valley_companies.csv
967,reputation.com,reputation.com,1001 Marshall St,Redwood City,CA,94063.0,37.487976,-122.224383,"Experience, scale and industry leadership. We invented the online reputation management category, and we continue to lead the charge with the only proven, unified ORM platform and innovative, customer-driven solutions.",,silicon_valley_companies.csv
581,RingCentral,www.ringcentral.com,20 Davis Dr,Belmont,CA,94002.0,37.5109,-122.306596,RingCentral is the leading provider of cloud-based communications and collaboration solutions for small business and enterprise companies,,silicon_valley_companies.csv
968,Robinhood,robinhood.com,3200 Ash St,Palo Alto,CA,94306.0,37.422211,-122.13708,"Robinhood, a pioneer of commission-free investing, gives you more ways to make your money work harder.",,silicon_valley_companies.csv
835,Roblox,roblox.com,970 Park Pl,San Mateo,CA,94403.0,37.544412,-122.293699,Roblox is a global platform that brings people together through play. ... Roblox. Play Roblox in our Android app! Millions of games by players like you. Play.,,silicon_valley_companies.csv
1073,Roku,roku.com,170 Knowles Dr,Los Gatos,CA,95032.0,37.261103,-121.961486,Roku provides the simplest way to stream entertainment to your TV. On your terms. Access more than 500000+ movies and TV episodes across free and paid,,silicon_valley_companies.csv
969,Sandisk,sandisk.com,1001 Sandisk Dr,Milpitas,CA,95035.0,37.417533,-121.92248,"SanDisk is a brand of Western Digital for flash memory products, including memory cards and readers, USB flash drives, and solid-state drives.",,silicon_valley_companies.csv
598,SAP,sap.com,3410 Hillview Ave,Palo Alto,CA,94304.0,37.398759,-122.146484,"Get software and technology solutions from SAP, the leader in business applications. Run simple with the best in cloud, analytics, mobile and IT solutions.",,silicon_valley_companies.csv
605,Scalyr,scalyr.com,101 S San Mateo Dr 4th Floor,San Mateo,CA,94401.0,37.566047,-122.325402,"We built the observability platform we've always wished for. Scalyr is blazing-fast logs, traces and metrics for application monitoring and troubleshooting.",,silicon_valley_companies.csv
1034,Seagate,seagate.com,10200 S De Anza Blvd,Cupertino,CA,95014.0,37.320788,-122.031617,"For 40 years, Seagate has enabled exponential data growth with breakthrough hard drives, solid state drives, systems, and recovery services",,silicon_valley_companies.csv
608,Securly,securly.com,111 N Market St 4th floor,San Jose,CA,95113.0,37.337659,-121.894104,Cloud-based web filtering and parental controls that work across schools and homes. Setup in minutes. Bullying & self-harm detection. Reports via Parent Portal.,,silicon_valley_companies.csv
1158,Sendbird,sendbird.com,400 1st Ave,San Mateo,CA,94401.0,37.56765,-122.322993,"Building connections in a digital world: Chat, voice and video API",,silicon_valley_companies.csv
610,Sendgrid,sendgrid.com,889 Winslow St,Redwood City,CA,94063.0,37.485417,-122.229213,Delivering your transactional and marketing emails through the world's largest cloud-based email delivery platform. Send with confidence.,,silicon_valley_companies.csv
886,SentinelOne,sentinelone.com,605 Fairchild Dr #2234,Mountain View,CA,94043.0,37.402611,-122.049253,"Endpoint security software that defends every endpoint against every type of attack, at every stage in the threat lifecycle.",,silicon_valley_companies.csv
1035,Sequoia Capital,sequoiacap.com,3000 Sand Hill Road,Menlo Park,CA,94025.0,37.42359,-122.221003,We help the daring build legendary companies from idea to IPO and beyond.,,silicon_valley_companies.csv
1037,Shasta Ventures,shastaventures.com,2440 Sand Hill Road,Menlo Park,CA,94025.0,37.422654,-122.203971,"Shasta is an early stage investor in enterprise, consumer, and emerging platform companies building products that change the way we live and work.",,silicon_valley_companies.csv
614,Shazam,shazam.com,2114 Broadway,Redwood City,CA,94063.0,37.48683,-122.228591,Our mission is to help people recognize and engage with the world around them. Shazam is a mobile app that recognizes music and TV around you.,,silicon_valley_companies.csv
620,Shutterfly,shutterfly.com,2800 Bridge Pkwy,Redwood City,CA,94065.0,37.539416,-122.256659,"Create photo books, personalize photo cards & stationery, and share photos with family and friends at Shutterfly.com.",,silicon_valley_companies.csv
621,Sibly,sibly.co,2395 Broadway,Redwood City,CA,94063.0,37.486231,-122.230866,"Sibly is human, helpful, and always here. Our platform provides a text-based service that connects employees with helpful human coaches whenever, wherever.",,silicon_valley_companies.csv
1038,Sierra Ventures,,2884 Sand Hill Road,Menlo Park,CA,94025.0,37.421944,-122.21513,,,silicon_valley_companies.csv
624,SignalFx,signalfx.com,60 E 3rd Ave Suite 225,San Mateo,CA,94401.0,37.563562,-122.324503,"SignalFx is the only real-time cloud monitoring platform for infrastructure, microservices, and applications.",,silicon_valley_companies.csv
1039,Silver Lake Partners,,2775 Sand Hill Road,Menlo Park,CA,94025.0,37.417814,-122.210348,,,silicon_valley_companies.csv
627,Sizmek,sizmek.com,2000 Seaport Blvd,Redwood City,CA,94063.0,37.510734,-122.203471,"Sizmek, the largest independent buy-side advertising platform that creates impressions that inspire.",,silicon_valley_companies.csv
637,SmugMug,smugmug.com,67 E Evelyn Ave,Mountain View,CA,94041.0,37.389879,-122.067676,"Photos are a reflection of your experiences—what drives you, where you’ve been, where you’re going, who you love. SmugMug is a safe, beautiful home for all of it—your journey and your photos. Protect your photos and memories with a SmugMug site and give them a place to shine.",,silicon_valley_companies.csv
639,SnapLogic,snaplogic.com,1825 S Grant St,San Mateo,CA,94402.0,37.553927,-122.299989,"SnapLogic's iPaaS platform empowers enterprises by automating application, data and cloud integration. Reach digital business transformation with SnapLogic.",,silicon_valley_companies.csv
641,Snowflake Computing,snowflake.com,100 S Ellsworth Ave,San Mateo,CA,94401.0,37.566551,-122.325004,Snowflake is the only data warehouse built for the cloud for all your data & all your users,,silicon_valley_companies.csv
1092,Social Capital,www.socialcapital.com,120 Hawthorne Ave,Palo Alto,CA,94301.0,37.446086,-122.16711,"Our mission is to advance humanity by solving the world's hardest problems. We partner with companies at every stage of their business, for as long as it takes.",,silicon_valley_companies.csv
1041,Sofinnova Ventures,,3000 Sand Hill Road,Menlo Park,CA,94025.0,37.42359,-122.221003,,,silicon_valley_companies.csv
972,Space Systems Loral,sslmda.com,1076 E Meadow Cir,Palo Alto,CA,94303.0,37.429347,-122.10886,"Delivering Next-Generation Spacecraft and Communications Systems. SSL is a global leader in integrated space technologies, delivering advanced systems for communications, exploration, data gathering, and next-generation services.",,silicon_valley_companies.csv
1093,Spark Capital,www.sparkcapital.com,332 Pine St,San Francisco,CA,94104.0,37.792209,-122.401552,FOUNDER. PRODUCT. VISION. We take risks on exceptional founders and the products they design.,,silicon_valley_companies.csv
1078,Sterling Communications,sterlingpr.com,750 University Ave,Los Gatos,CA,95032.0,37.238909,-121.973883,"Sterling Communications is Silicon Valley's creative PR agency. We use public relations, visual media, and content marketing to build powerful brands.",,silicon_valley_companies.csv
1042,Storm Ventures,stormventures.com,3000 Sand Hill Road Building 4 Suite 210,Menlo Park,CA,94025.0,37.42359,-122.221003,"Storm Ventures is a Silicon Valley based VC firm focused on Building Enterprise Leaders – as the first or early investor.  Storm’s current enterprise software investments include Algolia, AtScale, Digital Shadows, Engagio, Guidespark, MobileIron, Pipedrive, RedLock, Swiftstack and Talkdesk. Storm was the first or early investor in Airespace (Cisco), Cellfire (Catalina), Com2uS (KOSDAQ IPO), EchoSign (Adobe), Kidaro (Microsoft), iML (Taiwan IPO/Exar), Marketo (IPO/Vista), Metacloud (Cisco), Sandforce (LSI) and Sierra Monolithics (Semtech).",,silicon_valley_companies.csv
672,Sumo Logic,sumologic.com,305 Main St,Redwood City,CA,94063.0,37.492762,-122.227852,"Sumo Logic is industry's leading, secure, cloud-based service for logs & metrics management for modern apps, providing real-time analytics and insights.",,silicon_valley_companies.csv
973,SurveyMonkey,surveymonkey.com,101 Lytton Ave,Palo Alto,CA,94301.0,37.444478,-122.165316,Use SurveyMonkey to drive your business forward by using our free online survey tool to capture the voices and opinions of the people who matter most to you.,,silicon_valley_companies.csv
1076,SVG Ventures,svgventures.com,750 University Ave #260,Los Gatos,CA,95032.0,37.238909,-121.973883,"SVG Ventures-THRIVE is the leading agri-food innovation ecosystem, comprised of top agriculture, food & technology corporations, universities and investors. With a community of over 2,500 startups from 90 countries, the THRIVE platform invests, accelerates and creates unparalleled access for entrepreneurs to scale globally.",,silicon_valley_companies.csv
680,Syllable.ai,syllable.ai,333 W El Camino Real,Sunnyvale,CA,94087.0,37.369399,-122.035872,Healthcare communication technology using AI and NLP.,,silicon_valley_companies.csv
681,Symantec,symantec.com,350 Ellis Street,Mountain View,CA,94043.0,37.397614,-122.053924,"Symantec Corporation (NASDAQ: SYMC), the world’s leading cyber security company, helps organizations, governments and people secure their most important data wherever it lives. Organizations across the world look to Symantec for strategic, integrated solutions to defend against sophisticated attacks across endpoints, cloud and infrastructure",,silicon_valley_companies.csv
974,Synopsys,synopsys.com,690 E Middlefield Rd,Mountain View,CA,94043.0,37.394497,-122.050391,"Synopsys is an American electronic design automation company that focuses on silicon design and verification, silicon intellectual property and software security and quality",,silicon_valley_companies.csv
862,TalentSeer,talentseer.com,530 Lakeside Dr,Sunnyvale,Ca,94085.0,37.384261,-121.992675,TalentSeer helps you recruit the right talent faster and smarter! Our mission is to enable the creation of cutting-edge technologies through the placement of sharpest talent.,,silicon_valley_companies.csv
689,Taos,taos.com,121 Daggett Dr,San Jose,CA,95134.0,37.395928,-121.931578,Taos is your trusted advisor for any technology challenge. Discover why Taos is trusted by thousands of the world's best to solve technology problems.,,silicon_valley_companies.csv
1077,Tascent,tascent.com,475 Alberto Way,Los Gatos,CA,95032.0,37.229431,-121.971254,Tascent Multimodal Biometric Systems and Technology for High Throughput and Mobile Identification and Enrollment.,,silicon_valley_companies.csv
1084,Tata Consultancy Services,tcs.com,5201 Great America Pkwy #522,Santa Clara,CA,95054.0,37.406306,-121.976493,"Tata Consultancy Services is a global leader in IT services, consulting & business solutions with a large network of innovation & delivery centers. Know more!",,silicon_valley_companies.csv
699,Tenable,www.tenable.com,75 E Santa Clara St,San Jose,CA,95113.0,37.337119,-121.889391,Our Vision: To empower all organizations to understand and reduce their cyber risk across the modern attack surface.,,silicon_valley_companies.csv
701,Tesla,www.tesla.com,3500 Deer Creek Rd,Palo Alto,CA,94304.0,37.394838,-122.150389,"Tesla, Inc. is an American automotive and energy company based in Palo Alto, California. The company specializes in electric car manufacturing and, through its SolarCity subsidiary, solar panel manufacturing.",,silicon_valley_companies.csv
1044,The Blackstone Group,,2494 Sand Hill Road,Menlo Park,CA,94025.0,37.422068,-122.203026,,,silicon_valley_companies.csv
1045,The Westly Group,,2200 Sand Hill Road,Menlo Park,CA,94025.0,37.422774,-122.199215,,,silicon_valley_companies.csv
716,TIBCO Software,tibco.com,3307 Hillview Ave,Palo Alto,CA,94304.0,37.407268,-122.145009,TIBCO Software is the leading independent provider of infrastructure software creating event-enabled enterprises to use on-premise or as part of cloud,,silicon_valley_companies.csv
1047,Trinity Ventures,,3000 Sand Hill Road Building 4 Suite 160,Menlo Park,CA,94025.0,37.42359,-122.221003,,,silicon_valley_companies.csv
1048,TriplePoint Capital,triplepointcapital.com,2755 Sand Hill Road,Menlo Park,CA,94025.0,37.419515,-122.209543,We serve venture capital-backed companies around the world and at every stage of development with our debt and equity financing solutions,,silicon_valley_companies.csv
976,TuneIn,tunein.com,210 King St,San Francisco,CA,94107.0,37.77801,-122.39253,"TuneIn empowers people to hear exactly what they love the moment they want it, and discover a universe of audio, all in one place. We combine the power of audio, design, and technology to bring together live sports, up-to-the-minute news, curated music, millions of podcasts, and over 120,000 streaming radio stations. We are audio fanatics working for fanatics, always pushing to deliver the world’s best listening experience.",,silicon_valley_companies.csv
857,Tynker,www.tynker.com,480 San Antonio Rd #100,Mountain View,CA,94040.0,37.404447,-122.112369,"Learn to code and mod Minecraft with Tynker's easy-to-learn, visual programming courses.",,silicon_valley_companies.csv
1049,U.S. Venture Partners,,2735 Sand Hill Road,Menlo Park,CA,94025.0,37.419632,-122.209057,,,silicon_valley_companies.csv
736,Udacity,www.udacity.com,2440 W El Camino Real,Mountain View,CA,94040.0,37.399322,-122.107764,"Advance your career with online courses in programming, data science, artificial intelligence, digital marketing, and more. Built with industry leaders.",,silicon_valley_companies.csv
917,unitQ,unitq.com,300 S Ellsworth Ave,San Mateo,CA,94401.0,37.564618,-122.322962,"Keep your finger on the pulse of product quality. unitQ Monitor analyzes popular customer channels — including App Store reviews, Zendesk tickets, and social media — in over 100 languages to uncover potential issues with your product, in real time.",,silicon_valley_companies.csv
1170,Veev,www.veev.com,777 Bridgepointe Cir,San Mateo,CA,94404.0,37.562337,-122.285913,"At Veev, we’re reinventing the way homes are built and experienced while working together to solve housing shortages around the world.",,silicon_valley_companies.csv
747,Verkada,verkada.com,60 E 3rd Ave #300,San Mateo,CA,94401.0,37.563562,-122.324503,"Manage cameras from an easy-to-use platform and access footage remotely. Free 30-day trial. Simple, secure and scalable enterprise security camera system.",,silicon_valley_companies.csv
754,Virtusa,virtusa.com,6627 Dumbarton Cir,Fremont,CA,94555.0,37.546319,-122.064388,Virtusa provides end-to-end digital transformation and information technology (IT) outsourcing services to Global 2000 companies.,,silicon_valley_companies.csv
858,Visa,usa.visa.com,900 Metro Center Blvd,Foster City,CA,94404.0,37.559665,-122.275934,"We are a global payments technology company working to enable consumers, businesses, banks and governments to use digital currency.",,silicon_valley_companies.csv
757,VMWare,www.vmware.com,3401 Hillview Ave,Palo Alto,CA,94304.0,37.402086,-122.144617,"VMware, a global leader in cloud infrastructure & digital workspace technology, accelerates digital transformation for evolving IT environments.",,silicon_valley_companies.csv
759,Volt Workforce Solutions,www.volt.com,2201 Walnut Ave #110,Fremont,CA,94538.0,37.555363,-121.975903,"Volt offers consultative solutions to ensure you have the qualified people you need, the processes to manage them effectively, and an outsourcing partner you",,silicon_valley_companies.csv
765,Walmart Labs,www.walmartlabs.com,860 W California Ave,Sunnyvale,CA,94086.0,37.381451,-122.036953,"At Walmart Labs, a line of code can change the way the world shops. Join our team of technologists and be on the forefront of a smarter future.",,silicon_valley_companies.csv
769,Wealthfront,wealthfront.com,900 Middlefield Rd,Redwood City,CA,94063.0,37.485152,-122.229612,Wealthfront is an all-in-one solution that helps you build a data-driven financial plan for the life you want and automate your investments at a low cost.,,silicon_valley_companies.csv
841,WellPay,www.wellpay.care,,San Mateo,CA,,37.562992,-122.325525,Better Healthcare payments for everyone. A modern payment platform to pay in full or Pay Over Time.,,silicon_valley_companies.csv
774,WePay,go.wepay.com,350 Convention Way #200,Redwood City,CA,94063.0,37.49396,-122.227933,WePay is an integrated payments provider for SaaS and crowdfunding platforms. Grow your revenue without friction or fraud.,,silicon_valley_companies.csv
979,WhatsApp,whatsapp.com,650 Castro St,Mountain View,CA,94041.0,37.387999,-122.082985,"Simple. Secure. Reliable messaging.  With WhatsApp, you'll get fast, simple, secure messaging and calling for free*, available on phones all over the world.",,silicon_valley_companies.csv
1071,Wiser Solutions,wiser.com,1730 S El Camino Real #500,San Mateo,CA,94402.0,37.551741,-122.314051,Wiser Solutions simplifies and streamlines omnichannel retail data analysis so you know exactly what you need to do.,,silicon_valley_companies.csv
1089,Workato,www.workato.com,215 Castro St Suite 300,Mountain View,CA,94041.0,37.393498,-122.078907,A single platform to integrate anything and automate everything.,,silicon_valley_companies.csv
865,WorkBoard,workboard.com,487 Seaport Ct #100,Redwood City,CA,94063.0,37.50372,-122.212355,"Execute for growth with software to set OKRs and FAST goals, measure transparently and automate business reviews.",,silicon_valley_companies.csv
980,Xilinx,xilinx.com,2050 Logic Dr,San Jose,CA,95124.0,37.252624,-121.933771,"Xilinx is the inventor of the FPGA, programmable SoCs, and now, the ACAP. Xilinx delivers the most dynamic processing technology in the industry.",,silicon_valley_companies.csv
790,Xoriant,xoriant.com,1248 Reamwood Ave,Sunnyvale,CA,94089.0,37.404943,-121.987639,"Xoriant, a product engineering and technology services company, helps unicorn start-ups and large enterprise software companies to outperform the competition.",,silicon_valley_companies.csv
981,Yahoo,yahoo.com,701 1st Ave,Sunnyvale,CA,94089.0,37.417181,-122.025012,"News, email and search are just the beginning. Discover more every day. Find your yodel.",,silicon_valley_companies.csv
796,Yodlee,yodlee.com,3600 Bridge Pkwy Suite 200,Redwood City,CA,94065.0,37.537298,-122.254532,"Build and transform financial apps and services with access to financial data through our APIs and digital solutions for banks, developers, and innovators.",,silicon_valley_companies.csv
982,YouTube,youtube.com,901 Cherry Ave,San Bruno,CA,94066.0,37.628293,-122.426523,"Enjoy the videos and music you love, upload original content, and share it all with friends, family, and the world on YouTube.",,silicon_valley_companies.csv
1176,Yummly,www.yummly.com,3101 Park Blvd,Palo Alto,CA,94306.0,37.425248,-122.136504,"The smart cooking sidekick that learns what you like and customizes the experience to your personal tastes, nutritional needs, skill level, and more.",,silicon_valley_companies.csv
798,Zazzle,zazzle.com,1800 Seaport Blvd,Redwood City,CA,94063.0,37.51098,-122.201431,"From cool t-shirts to custom mugs to DIY invitations, Zazzle is the place to unleash your creative side. Shop for, or design, amazing products today!",,silicon_valley_companies.csv
807,Zicasso,zicasso.com,1580 W El Camino Real STE 14,Mountain View,CA,94040.0,37.390265,-122.092123,Top travel agents compete to customize your trip.,,silicon_valley_companies.csv
842,Zipcar,zipcar.com,15 N Ellsworth Ave suite 100,San Mateo,CA,94401.0,37.567466,-122.325692,Zipcar is the world's largest car sharing and car club service. We are an alternative to traditional car rental and car ownership.,,silicon_valley_companies.csv
983,Zscaler,zscaler.com,100 Rose Orchard Way,San Jose,CA,95134.0,37.415951,-121.947837,"Zscaler is revolutionizing cloud security by empowering organizations to embrace cloud efficiency, intelligence, and agility—securely.",,silicon_valley_companies.csv
811,Zume Pizza,zumepizza.com,250 Polaris Ave,Mountain View,CA,94043.0,37.399147,-122.084199,"Order delicious artisan thin-crust pizza and have it delivered hot and fast! Order online or through our Zume Pizza app to view the menu, track orders online",,silicon_valley_companies.csv
813,Zuora,zuora.com,3050 S Delaware St #301,San Mateo,CA,94403.0,37.540405,-122.298993,"Zuora creates cloud-based software on a subscription basis that enables any company in any industry to successfully launch, manage, and transform into a subscription business.",,silicon_valley_companies.csv
