company_name,industry,location,data_source,investor,mention_count,source_file,uniqueid,business_id,certificate_number,owner,name,address,city,state,zip_code,dba_start_date,founded_date,mailing_address_1,mail_city,mail_zipcode,mail_state,naic_code_x,naic_code_description_x,naics_code_descriptions_list,parking_tax,transient_occupancy_tax,supervisor_district,neighborhoods_analysis_boundaries,data_as_of,data_loaded_at,dba_end_date,location_end_date,lic,lic_code_description,lic_code_descriptions_list,administratively_closed,business_corridor,naic_code_y,naic_code_description_y,is_tech,name_contains_tech,description,Name,Website,Country,funding_amount,funding_stage,Last Funding Date,location_funding,founding_year,valuation,recent_by_founded_date,recent_by_founding_year,has_funding,is_tech_industry,is_startup,funding_category,website,funding,tags
Airbnb,Travel/Hospitality,San Francisco,Fallback Data,,,bay_area_startups_master copy 3.csv,,,,,,,,,,,,,,,,,,,,,,,,,,,,,,,,,,,,,,,,,,,,,,,,,,,,,,
Stripe,Fintech,San Francisco,Fallback Data,,,bay_area_startups_master copy 3.csv,,,,,,,,,,,,,,,,,,,,,,,,,,,,,,,,,,,,,,,,,,,,,,,,,,,,,,
Lyft,Transportation,San Francisco,Fallback Data,,,bay_area_startups_master copy 3.csv,,,,,,,,,,,,,,,,,,,,,,,,,,,,,,,,,,,,,,,,,,,,,,,,,,,,,,
Uber,Transportation,San Francisco,Fallback Data,,,bay_area_startups_master copy 3.csv,,,,,,,,,,,,,,,,,,,,,,,,,,,,,,,,,,,,,,,,,,,,,,,,,,,,,,
Doordash,Food Delivery,San Francisco,Fallback Data,,,bay_area_startups_master copy 3.csv,,,,,,,,,,,,,,,,,,,,,,,,,,,,,,,,,,,,,,,,,,,,,,,,,,,,,,
Coinbase,Cryptocurrency,San Francisco,Fallback Data,,,bay_area_startups_master copy 3.csv,,,,,,,,,,,,,,,,,,,,,,,,,,,,,,,,,,,,,,,,,,,,,,,,,,,,,,
Discord,Communications,San Francisco,Fallback Data,,,bay_area_startups_master copy 3.csv,,,,,,,,,,,,,,,,,,,,,,,,,,,,,,,,,,,,,,,,,,,,,,,,,,,,,,
Figma,Design Software,San Francisco,Fallback Data,,,bay_area_startups_master copy 3.csv,,,,,,,,,,,,,,,,,,,,,,,,,,,,,,,,,,,,,,,,,,,,,,,,,,,,,,
Slack,Business Communications,San Francisco,Fallback Data,,,bay_area_startups_master copy 3.csv,,,,,,,,,,,,,,,,,,,,,,,,,,,,,,,,,,,,,,,,,,,,,,,,,,,,,,
Square,Fintech,San Francisco,Fallback Data,,,bay_area_startups_master copy 3.csv,,,,,,,,,,,,,,,,,,,,,,,,,,,,,,,,,,,,,,,,,,,,,,,,,,,,,,
Meta,,Menlo Park,Fallback Silicon Valley Data,,,bay_area_startups_master copy 3.csv,,,,,,,,,,,,,,,,,,,,,,,,,,,,,,,,,,,,,,,,,,,,,,,,,,,,,,
Google,,Mountain View,Fallback Silicon Valley Data,,,bay_area_startups_master copy 3.csv,,,,,,,,,,,,,,,,,,,,,,,,,,,,,,,,,,,,,,,,,,,,,,,,,,,,,,
Apple,,Cupertino,Fallback Silicon Valley Data,,,bay_area_startups_master copy 3.csv,,,,,,,,,,,,,,,,,,,,,,,,,,,,,,,,,,,,,,,,,,,,,,,,,,,,,,
Netflix,,Los Gatos,Fallback Silicon Valley Data,,,bay_area_startups_master copy 3.csv,,,,,,,,,,,,,,,,,,,,,,,,,,,,,,,,,,,,,,,,,,,,,,,,,,,,,,
Adobe,,San Jose,Fallback Silicon Valley Data,,,bay_area_startups_master copy 3.csv,,,,,,,,,,,,,,,,,,,,,,,,,,,,,,,,,,,,,,,,,,,,,,,,,,,,,,
Nvidia,,Santa Clara,Fallback Silicon Valley Data,,,bay_area_startups_master copy 3.csv,,,,,,,,,,,,,,,,,,,,,,,,,,,,,,,,,,,,,,,,,,,,,,,,,,,,,,
News & Content,,,VC Portfolio (alternative method),Andreessen Horowitz,,bay_area_startups_master copy 3.csv,,,,,,,,,,,,,,,,,,,,,,,,,,,,,,,,,,,,,,,,,,,,,,,,,,,,,,
Team,,,VC Portfolio (alternative method),Andreessen Horowitz,,bay_area_startups_master copy 3.csv,,,,,,,,,,,,,,,,,,,,,,,,,,,,,,,,,,,,,,,,,,,,,,,,,,,,,,
Jobs,,,VC Portfolio (alternative method),Andreessen Horowitz,,bay_area_startups_master copy 3.csv,,,,,,,,,,,,,,,,,,,,,,,,,,,,,,,,,,,,,,,,,,,,,,,,,,,,,,
Connect,,,VC Portfolio (alternative method),Andreessen Horowitz,,bay_area_startups_master copy 3.csv,,,,,,,,,,,,,,,,,,,,,,,,,,,,,,,,,,,,,,,,,,,,,,,,,,,,,,
American Dynamism,,,VC Portfolio (alternative method),Andreessen Horowitz,,bay_area_startups_master copy 3.csv,,,,,,,,,,,,,,,,,,,,,,,,,,,,,,,,,,,,,,,,,,,,,,,,,,,,,,
Bio + Health,,,VC Portfolio (alternative method),Andreessen Horowitz,,bay_area_startups_master copy 3.csv,,,,,,,,,,,,,,,,,,,,,,,,,,,,,,,,,,,,,,,,,,,,,,,,,,,,,,
Consumer,,,VC Portfolio (alternative method),Andreessen Horowitz,,bay_area_startups_master copy 3.csv,,,,,,,,,,,,,,,,,,,,,,,,,,,,,,,,,,,,,,,,,,,,,,,,,,,,,,
Crypto,,,VC Portfolio (alternative method),Andreessen Horowitz,,bay_area_startups_master copy 3.csv,,,,,,,,,,,,,,,,,,,,,,,,,,,,,,,,,,,,,,,,,,,,,,,,,,,,,,
Enterprise,,,VC Portfolio (alternative method),Andreessen Horowitz,,bay_area_startups_master copy 3.csv,,,,,,,,,,,,,,,,,,,,,,,,,,,,,,,,,,,,,,,,,,,,,,,,,,,,,,
Fintech,,,VC Portfolio (alternative method),Andreessen Horowitz,,bay_area_startups_master copy 3.csv,,,,,,,,,,,,,,,,,,,,,,,,,,,,,,,,,,,,,,,,,,,,,,,,,,,,,,
Games,,,VC Portfolio (alternative method),Andreessen Horowitz,,bay_area_startups_master copy 3.csv,,,,,,,,,,,,,,,,,,,,,,,,,,,,,,,,,,,,,,,,,,,,,,,,,,,,,,
Infrastructure,,,VC Portfolio (alternative method),Andreessen Horowitz,,bay_area_startups_master copy 3.csv,,,,,,,,,,,,,,,,,,,,,,,,,,,,,,,,,,,,,,,,,,,,,,,,,,,,,,
Seed,,,VC Portfolio (alternative method),Andreessen Horowitz,,bay_area_startups_master copy 3.csv,,,,,,,,,,,,,,,,,,,,,,,,,,,,,,,,,,,,,,,,,,,,,,,,,,,,,,
Speedrun,,,VC Portfolio (alternative method),Andreessen Horowitz,,bay_area_startups_master copy 3.csv,,,,,,,,,,,,,,,,,,,,,,,,,,,,,,,,,,,,,,,,,,,,,,,,,,,,,,
Growth,,,VC Portfolio (alternative method),Andreessen Horowitz,,bay_area_startups_master copy 3.csv,,,,,,,,,,,,,,,,,,,,,,,,,,,,,,,,,,,,,,,,,,,,,,,,,,,,,,
Cultural Leadership Fund,,,VC Portfolio (alternative method),Andreessen Horowitz,,bay_area_startups_master copy 3.csv,,,,,,,,,,,,,,,,,,,,,,,,,,,,,,,,,,,,,,,,,,,,,,,,,,,,,,
Talent X Opportunity,,,VC Portfolio (alternative method),Andreessen Horowitz,,bay_area_startups_master copy 3.csv,,,,,,,,,,,,,,,,,,,,,,,,,,,,,,,,,,,,,,,,,,,,,,,,,,,,,,
Perennial,,,VC Portfolio (alternative method),Andreessen Horowitz,,bay_area_startups_master copy 3.csv,,,,,,,,,,,,,,,,,,,,,,,,,,,,,,,,,,,,,,,,,,,,,,,,,,,,,,
See More Results,,,VC Portfolio (alternative method),Andreessen Horowitz,,bay_area_startups_master copy 3.csv,,,,,,,,,,,,,,,,,,,,,,,,,,,,,,,,,,,,,,,,,,,,,,,,,,,,,,
Machine & Deep Learning,,,VC Portfolio (alternative method),Andreessen Horowitz,,bay_area_startups_master copy 3.csv,,,,,,,,,,,,,,,,,,,,,,,,,,,,,,,,,,,,,,,,,,,,,,,,,,,,,,
"Product, Design & Engineering",,,VC Portfolio (alternative method),Andreessen Horowitz,,bay_area_startups_master copy 3.csv,,,,,,,,,,,,,,,,,,,,,,,,,,,,,,,,,,,,,,,,,,,,,,,,,,,,,,
Education,,,VC Portfolio (alternative method),Andreessen Horowitz,,bay_area_startups_master copy 3.csv,,,,,,,,,,,,,,,,,,,,,,,,,,,,,,,,,,,,,,,,,,,,,,,,,,,,,,
Marketplaces,,,VC Portfolio (alternative method),Andreessen Horowitz,,bay_area_startups_master copy 3.csv,,,,,,,,,,,,,,,,,,,,,,,,,,,,,,,,,,,,,,,,,,,,,,,,,,,,,,
Web3,,,VC Portfolio (alternative method),Andreessen Horowitz,,bay_area_startups_master copy 3.csv,,,,,,,,,,,,,,,,,,,,,,,,,,,,,,,,,,,,,,,,,,,,,,,,,,,,,,
Go To Top,,,VC Portfolio (alternative method),Andreessen Horowitz,,bay_area_startups_master copy 3.csv,,,,,,,,,,,,,,,,,,,,,,,,,,,,,,,,,,,,,,,,,,,,,,,,,,,,,,
Terms Of Use,,,VC Portfolio (alternative method),Andreessen Horowitz,,bay_area_startups_master copy 3.csv,,,,,,,,,,,,,,,,,,,,,,,,,,,,,,,,,,,,,,,,,,,,,,,,,,,,,,
Conduct,,,VC Portfolio (alternative method),Andreessen Horowitz,,bay_area_startups_master copy 3.csv,,,,,,,,,,,,,,,,,,,,,,,,,,,,,,,,,,,,,,,,,,,,,,,,,,,,,,
Privacy Policy,,,VC Portfolio (alternative method),Andreessen Horowitz,,bay_area_startups_master copy 3.csv,,,,,,,,,,,,,,,,,,,,,,,,,,,,,,,,,,,,,,,,,,,,,,,,,,,,,,
Disclosures,,,VC Portfolio (alternative method),Andreessen Horowitz,,bay_area_startups_master copy 3.csv,,,,,,,,,,,,,,,,,,,,,,,,,,,,,,,,,,,,,,,,,,,,,,,,,,,,,,
"Home

H",,,VC Portfolio (alternative method),Andreessen Horowitz,,bay_area_startups_master copy 3.csv,,,,,,,,,,,,,,,,,,,,,,,,,,,,,,,,,,,,,,,,,,,,,,,,,,,,,,
Cookie Policy,,,VC Portfolio (alternative method),Andreessen Horowitz,,bay_area_startups_master copy 3.csv,,,,,,,,,,,,,,,,,,,,,,,,,,,,,,,,,,,,,,,,,,,,,,,,,,,,,,
Accept,,,VC Portfolio (alternative method),Andreessen Horowitz,,bay_area_startups_master copy 3.csv,,,,,,,,,,,,,,,,,,,,,,,,,,,,,,,,,,,,,,,,,,,,,,,,,,,,,,
Decline,,,VC Portfolio (alternative method),Andreessen Horowitz,,bay_area_startups_master copy 3.csv,,,,,,,,,,,,,,,,,,,,,,,,,,,,,,,,,,,,,,,,,,,,,,,,,,,,,,
Skip To Main Content,,,VC Portfolio (alternative method),Sequoia Capital,,bay_area_startups_master copy 3.csv,,,,,,,,,,,,,,,,,,,,,,,,,,,,,,,,,,,,,,,,,,,,,,,,,,,,,,
Our Founders,,,VC Portfolio (alternative method),Sequoia Capital,,bay_area_startups_master copy 3.csv,,,,,,,,,,,,,,,,,,,,,,,,,,,,,,,,,,,,,,,,,,,,,,,,,,,,,,
Our Companies,,,VC Portfolio (alternative method),Sequoia Capital,,bay_area_startups_master copy 3.csv,,,,,,,,,,,,,,,,,,,,,,,,,,,,,,,,,,,,,,,,,,,,,,,,,,,,,,
Our Team,,,VC Portfolio (alternative method),Sequoia Capital,,bay_area_startups_master copy 3.csv,,,,,,,,,,,,,,,,,,,,,,,,,,,,,,,,,,,,,,,,,,,,,,,,,,,,,,
Stories,,,VC Portfolio (alternative method),Sequoia Capital,,bay_area_startups_master copy 3.csv,,,,,,,,,,,,,,,,,,,,,,,,,,,,,,,,,,,,,,,,,,,,,,,,,,,,,,
Company Design,,,VC Portfolio (alternative method),Sequoia Capital,,bay_area_startups_master copy 3.csv,,,,,,,,,,,,,,,,,,,,,,,,,,,,,,,,,,,,,,,,,,,,,,,,,,,,,,
Spotlights,,,VC Portfolio (alternative method),Sequoia Capital,,bay_area_startups_master copy 3.csv,,,,,,,,,,,,,,,,,,,,,,,,,,,,,,,,,,,,,,,,,,,,,,,,,,,,,,
"Nvidia
Nvidia Is A Pioneer In The Art And Science Of Visual Computing.",,,VC Portfolio (alternative method),Sequoia Capital,,bay_area_startups_master copy 3.csv,,,,,,,,,,,,,,,,,,,,,,,,,,,,,,,,,,,,,,,,,,,,,,,,,,,,,,
"Reddit
Reddit Is The Internet’S Leading Source Of Interest-Based Content.",,,VC Portfolio (alternative method),Sequoia Capital,,bay_area_startups_master copy 3.csv,,,,,,,,,,,,,,,,,,,,,,,,,,,,,,,,,,,,,,,,,,,,,,,,,,,,,,
"Instacart
Instacart Facilitates Instant Grocery Delivery From Local Stores.",,,VC Portfolio (alternative method),Sequoia Capital,,bay_area_startups_master copy 3.csv,,,,,,,,,,,,,,,,,,,,,,,,,,,,,,,,,,,,,,,,,,,,,,,,,,,,,,
"Youtube
Youtube, Now Part Of Google, Is The World'S Leading Video-Sharing Service.",,,VC Portfolio (alternative method),Sequoia Capital,,bay_area_startups_master copy 3.csv,,,,,,,,,,,,,,,,,,,,,,,,,,,,,,,,,,,,,,,,,,,,,,,,,,,,,,
"Apple
Apple Transforms How Humans Interact With Technologies With Products Like The Iphone, Ipod, Ipad, Mac And Watch.",,,VC Portfolio (alternative method),Sequoia Capital,,bay_area_startups_master copy 3.csv,,,,,,,,,,,,,,,,,,,,,,,,,,,,,,,,,,,,,,,,,,,,,,,,,,,,,,
"Dropbox
Dropbox Is A Collaboration Platform Transforming The Way Teams Work Together.",,,VC Portfolio (alternative method),Sequoia Capital,,bay_area_startups_master copy 3.csv,,,,,,,,,,,,,,,,,,,,,,,,,,,,,,,,,,,,,,,,,,,,,,,,,,,,,,
"Doordash
Doordash Is An On-Demand Delivery Service.",,,VC Portfolio (alternative method),Sequoia Capital,,bay_area_startups_master copy 3.csv,,,,,,,,,,,,,,,,,,,,,,,,,,,,,,,,,,,,,,,,,,,,,,,,,,,,,,
"Airbnb
Airbnb Connects People Around The World With Unique Homes And Unforgettable Experiences.",,,VC Portfolio (alternative method),Sequoia Capital,,bay_area_startups_master copy 3.csv,,,,,,,,,,,,,,,,,,,,,,,,,,,,,,,,,,,,,,,,,,,,,,,,,,,,,,
"Linear
Linear Builds Issue Tracking Tools For Developers.",,,VC Portfolio (alternative method),Sequoia Capital,,bay_area_startups_master copy 3.csv,,,,,,,,,,,,,,,,,,,,,,,,,,,,,,,,,,,,,,,,,,,,,,,,,,,,,,
"Paypal
Paypal Is The Digital Payment Solution Behind The Digital Wallet.",,,VC Portfolio (alternative method),Sequoia Capital,,bay_area_startups_master copy 3.csv,,,,,,,,,,,,,,,,,,,,,,,,,,,,,,,,,,,,,,,,,,,,,,,,,,,,,,
"Block
Block Is Square, Cash App, Spiral, Tidal, Tbd, And Other Foundational Teams.",,,VC Portfolio (alternative method),Sequoia Capital,,bay_area_startups_master copy 3.csv,,,,,,,,,,,,,,,,,,,,,,,,,,,,,,,,,,,,,,,,,,,,,,,,,,,,,,
"Snowflake
Snowflake Is A Data Warehouse Platform Built For The Cloud.",,,VC Portfolio (alternative method),Sequoia Capital,,bay_area_startups_master copy 3.csv,,,,,,,,,,,,,,,,,,,,,,,,,,,,,,,,,,,,,,,,,,,,,,,,,,,,,,
"Spacex
Spacex Designs, Manufactures And Launches Rockets And Spacecraft.",,,VC Portfolio (alternative method),Sequoia Capital,,bay_area_startups_master copy 3.csv,,,,,,,,,,,,,,,,,,,,,,,,,,,,,,,,,,,,,,,,,,,,,,,,,,,,,,
"Vanta
Vanta Automates And Simplifies Security And Compliance.",,,VC Portfolio (alternative method),Sequoia Capital,,bay_area_startups_master copy 3.csv,,,,,,,,,,,,,,,,,,,,,,,,,,,,,,,,,,,,,,,,,,,,,,,,,,,,,,
"Nubank
Nubank Provides Next-Generation Mobile Banking And Financial Services To The Latin American Market.",,,VC Portfolio (alternative method),Sequoia Capital,,bay_area_startups_master copy 3.csv,,,,,,,,,,,,,,,,,,,,,,,,,,,,,,,,,,,,,,,,,,,,,,,,,,,,,,
"Stripe
Stripe Is Building An Economic Infrastructure For The Internet.",,,VC Portfolio (alternative method),Sequoia Capital,,bay_area_startups_master copy 3.csv,,,,,,,,,,,,,,,,,,,,,,,,,,,,,,,,,,,,,,,,,,,,,,,,,,,,,,
"Retool
Retool Is The Fastest Way To Build Internal Applications.",,,VC Portfolio (alternative method),Sequoia Capital,,bay_area_startups_master copy 3.csv,,,,,,,,,,,,,,,,,,,,,,,,,,,,,,,,,,,,,,,,,,,,,,,,,,,,,,
"Zoom
Zoom Brings Teams Together With Cloud-Based Video Communications.",,,VC Portfolio (alternative method),Sequoia Capital,,bay_area_startups_master copy 3.csv,,,,,,,,,,,,,,,,,,,,,,,,,,,,,,,,,,,,,,,,,,,,,,,,,,,,,,
"Whatsapp
Whatsapp, Now Part Of Facebook, Is An End-To-End Encrypted Mobile Messenger App.",,,VC Portfolio (alternative method),Sequoia Capital,,bay_area_startups_master copy 3.csv,,,,,,,,,,,,,,,,,,,,,,,,,,,,,,,,,,,,,,,,,,,,,,,,,,,,,,
"Google
Google Organizes The World'S Information.",,,VC Portfolio (alternative method),Sequoia Capital,,bay_area_startups_master copy 3.csv,,,,,,,,,,,,,,,,,,,,,,,,,,,,,,,,,,,,,,,,,,,,,,,,,,,,,,
"Hubspot
Hubspot Builds All-In-One Marketing Software.",,,VC Portfolio (alternative method),Sequoia Capital,,bay_area_startups_master copy 3.csv,,,,,,,,,,,,,,,,,,,,,,,,,,,,,,,,,,,,,,,,,,,,,,,,,,,,,,
"Unity
Unity Is A 3D And Vr Content Development Platform.",,,VC Portfolio (alternative method),Sequoia Capital,,bay_area_startups_master copy 3.csv,,,,,,,,,,,,,,,,,,,,,,,,,,,,,,,,,,,,,,,,,,,,,,,,,,,,,,
"Instagram
Instagram, Now Part Of Meta, Is The World'S Most Popular Photo-Sharing App.",,,VC Portfolio (alternative method),Sequoia Capital,,bay_area_startups_master copy 3.csv,,,,,,,,,,,,,,,,,,,,,,,,,,,,,,,,,,,,,,,,,,,,,,,,,,,,,,
"Cisco
Cisco Makes Networking, Security And Collaboration Products For Enterprise Companies.",,,VC Portfolio (alternative method),Sequoia Capital,,bay_area_startups_master copy 3.csv,,,,,,,,,,,,,,,,,,,,,,,,,,,,,,,,,,,,,,,,,,,,,,,,,,,,,,
Our Ethos,,,VC Portfolio (alternative method),Sequoia Capital,,bay_area_startups_master copy 3.csv,,,,,,,,,,,,,,,,,,,,,,,,,,,,,,,,,,,,,,,,,,,,,,,,,,,,,,
Our History,,,VC Portfolio (alternative method),Sequoia Capital,,bay_area_startups_master copy 3.csv,,,,,,,,,,,,,,,,,,,,,,,,,,,,,,,,,,,,,,,,,,,,,,,,,,,,,,
Newsletter,,,VC Portfolio (alternative method),Sequoia Capital,,bay_area_startups_master copy 3.csv,,,,,,,,,,,,,,,,,,,,,,,,,,,,,,,,,,,,,,,,,,,,,,,,,,,,,,
Legal,,,VC Portfolio (alternative method),Sequoia Capital,,bay_area_startups_master copy 3.csv,,,,,,,,,,,,,,,,,,,,,,,,,,,,,,,,,,,,,,,,,,,,,,,,,,,,,,
Sequoia Capital,,,VC Portfolio (alternative method),Sequoia Capital,,bay_area_startups_master copy 3.csv,,,,,,,,,,,,,,,,,,,,,,,,,,,,,,,,,,,,,,,,,,,,,,,,,,,,,,
Sequoia Heritage,,,VC Portfolio (alternative method),Sequoia Capital,,bay_area_startups_master copy 3.csv,,,,,,,,,,,,,,,,,,,,,,,,,,,,,,,,,,,,,,,,,,,,,,,,,,,,,,
Sequoia Capital Global Equities,,,VC Portfolio (alternative method),Sequoia Capital,,bay_area_startups_master copy 3.csv,,,,,,,,,,,,,,,,,,,,,,,,,,,,,,,,,,,,,,,,,,,,,,,,,,,,,,
Lp Login,,,VC Portfolio (alternative method),Sequoia Capital,,bay_area_startups_master copy 3.csv,,,,,,,,,,,,,,,,,,,,,,,,,,,,,,,,,,,,,,,,,,,,,,,,,,,,,,
Sequoia Ampersand Login,,,VC Portfolio (alternative method),Sequoia Capital,,bay_area_startups_master copy 3.csv,,,,,,,,,,,,,,,,,,,,,,,,,,,,,,,,,,,,,,,,,,,,,,,,,,,,,,
Menu,,,VC Portfolio (alternative method),Khosla Ventures,,bay_area_startups_master copy 3.csv,,,,,,,,,,,,,,,,,,,,,,,,,,,,,,,,,,,,,,,,,,,,,,,,,,,,,,
Close,,,VC Portfolio (alternative method),Khosla Ventures,,bay_area_startups_master copy 3.csv,,,,,,,,,,,,,,,,,,,,,,,,,,,,,,,,,,,,,,,,,,,,,,,,,,,,,,
Aboutimagining The Possible,,,VC Portfolio (alternative method),Khosla Ventures,,bay_area_startups_master copy 3.csv,,,,,,,,,,,,,,,,,,,,,,,,,,,,,,,,,,,,,,,,,,,,,,,,,,,,,,
Portfoliomaking The Impossible Happen,,,VC Portfolio (alternative method),Khosla Ventures,,bay_area_startups_master copy 3.csv,,,,,,,,,,,,,,,,,,,,,,,,,,,,,,,,,,,,,,,,,,,,,,,,,,,,,,
Teamventure Assistance,,,VC Portfolio (alternative method),Khosla Ventures,,bay_area_startups_master copy 3.csv,,,,,,,,,,,,,,,,,,,,,,,,,,,,,,,,,,,,,,,,,,,,,,,,,,,,,,
Entrepreneursresources For Entrepreneurs,,,VC Portfolio (alternative method),Khosla Ventures,,bay_area_startups_master copy 3.csv,,,,,,,,,,,,,,,,,,,,,,,,,,,,,,,,,,,,,,,,,,,,,,,,,,,,,,
Kv@Khoslaventures.Com,,,VC Portfolio (alternative method),Khosla Ventures,,bay_area_startups_master copy 3.csv,,,,,,,,,,,,,,,,,,,,,,,,,,,,,,,,,,,,,,,,,,,,,,,,,,,,,,
Media@Khoslaventures.Com,,,VC Portfolio (alternative method),Khosla Ventures,,bay_area_startups_master copy 3.csv,,,,,,,,,,,,,,,,,,,,,,,,,,,,,,,,,,,,,,,,,,,,,,,,,,,,,,
Categories,,,VC Portfolio (alternative method),Khosla Ventures,,bay_area_startups_master copy 3.csv,,,,,,,,,,,,,,,,,,,,,,,,,,,,,,,,,,,,,,,,,,,,,,,,,,,,,,
Careers,,,VC Portfolio (alternative method),Khosla Ventures,,bay_area_startups_master copy 3.csv,,,,,,,,,,,,,,,,,,,,,,,,,,,,,,,,,,,,,,,,,,,,,,,,,,,,,,
Consumer & Retail,,,VC Portfolio (alternative method),Khosla Ventures,,bay_area_startups_master copy 3.csv,,,,,,,,,,,,,,,,,,,,,,,,,,,,,,,,,,,,,,,,,,,,,,,,,,,,,,
Frontier,,,VC Portfolio (alternative method),Khosla Ventures,,bay_area_startups_master copy 3.csv,,,,,,,,,,,,,,,,,,,,,,,,,,,,,,,,,,,,,,,,,,,,,,,,,,,,,,
Sustainability,,,VC Portfolio (alternative method),Khosla Ventures,,bay_area_startups_master copy 3.csv,,,,,,,,,,,,,,,,,,,,,,,,,,,,,,,,,,,,,,,,,,,,,,,,,,,,,,
Digital Health,,,VC Portfolio (alternative method),Khosla Ventures,,bay_area_startups_master copy 3.csv,,,,,,,,,,,,,,,,,,,,,,,,,,,,,,,,,,,,,,,,,,,,,,,,,,,,,,
Medtech & Diagnostics,,,VC Portfolio (alternative method),Khosla Ventures,,bay_area_startups_master copy 3.csv,,,,,,,,,,,,,,,,,,,,,,,,,,,,,,,,,,,,,,,,,,,,,,,,,,,,,,
Therapeutics,,,VC Portfolio (alternative method),Khosla Ventures,,bay_area_startups_master copy 3.csv,,,,,,,,,,,,,,,,,,,,,,,,,,,,,,,,,,,,,,,,,,,,,,,,,,,,,,
Select Exits,,,VC Portfolio (alternative method),Khosla Ventures,,bay_area_startups_master copy 3.csv,,,,,,,,,,,,,,,,,,,,,,,,,,,,,,,,,,,,,,,,,,,,,,,,,,,,,,
View More,,,VC Portfolio (alternative method),Khosla Ventures,,bay_area_startups_master copy 3.csv,,,,,,,,,,,,,,,,,,,,,,,,,,,,,,,,,,,,,,,,,,,,,,,,,,,,,,
Transforming The Way America Eats,,,VC Portfolio (alternative method),Khosla Ventures,,bay_area_startups_master copy 3.csv,,,,,,,,,,,,,,,,,,,,,,,,,,,,,,,,,,,,,,,,,,,,,,,,,,,,,,
Fueling Human Potential Through Optimal Sleep,,,VC Portfolio (alternative method),Khosla Ventures,,bay_area_startups_master copy 3.csv,,,,,,,,,,,,,,,,,,,,,,,,,,,,,,,,,,,,,,,,,,,,,,,,,,,,,,
One-Stop Shop For Wholesale,,,VC Portfolio (alternative method),Khosla Ventures,,bay_area_startups_master copy 3.csv,,,,,,,,,,,,,,,,,,,,,,,,,,,,,,,,,,,,,,,,,,,,,,,,,,,,,,
One Dedicated Handyman For Your Home,,,VC Portfolio (alternative method),Khosla Ventures,,bay_area_startups_master copy 3.csv,,,,,,,,,,,,,,,,,,,,,,,,,,,,,,,,,,,,,,,,,,,,,,,,,,,,,,
Hyper-Personalized Stories Powered By Ai,,,VC Portfolio (alternative method),Khosla Ventures,,bay_area_startups_master copy 3.csv,,,,,,,,,,,,,,,,,,,,,,,,,,,,,,,,,,,,,,,,,,,,,,,,,,,,,,
World'S Largest Online Grocery Service,,,VC Portfolio (alternative method),Khosla Ventures,,bay_area_startups_master copy 3.csv,,,,,,,,,,,,,,,,,,,,,,,,,,,,,,,,,,,,,,,,,,,,,,,,,,,,,,
Creating Objects Out Of Light And Thin Air,,,VC Portfolio (alternative method),Khosla Ventures,,bay_area_startups_master copy 3.csv,,,,,,,,,,,,,,,,,,,,,,,,,,,,,,,,,,,,,,,,,,,,,,,,,,,,,,
Sell A Home In Minutes,,,VC Portfolio (alternative method),Khosla Ventures,,bay_area_startups_master copy 3.csv,,,,,,,,,,,,,,,,,,,,,,,,,,,,,,,,,,,,,,,,,,,,,,,,,,,,,,
Watch Live Sports With Friends,,,VC Portfolio (alternative method),Khosla Ventures,,bay_area_startups_master copy 3.csv,,,,,,,,,,,,,,,,,,,,,,,,,,,,,,,,,,,,,,,,,,,,,,,,,,,,,,
Personalized Automated Oral Health System,,,VC Portfolio (alternative method),Khosla Ventures,,bay_area_startups_master copy 3.csv,,,,,,,,,,,,,,,,,,,,,,,,,,,,,,,,,,,,,,,,,,,,,,,,,,,,,,
Personal Ai-Powered Chatbot,,,VC Portfolio (alternative method),Khosla Ventures,,bay_area_startups_master copy 3.csv,,,,,,,,,,,,,,,,,,,,,,,,,,,,,,,,,,,,,,,,,,,,,,,,,,,,,,
Clinical Grade Headband To Improve Sleep,,,VC Portfolio (alternative method),Khosla Ventures,,bay_area_startups_master copy 3.csv,,,,,,,,,,,,,,,,,,,,,,,,,,,,,,,,,,,,,,,,,,,,,,,,,,,,,,
Largest Music Game On Roblox,,,VC Portfolio (alternative method),Khosla Ventures,,bay_area_startups_master copy 3.csv,,,,,,,,,,,,,,,,,,,,,,,,,,,,,,,,,,,,,,,,,,,,,,,,,,,,,,
First Federally Chartered Crypto Bank,,,VC Portfolio (alternative method),Khosla Ventures,,bay_area_startups_master copy 3.csv,,,,,,,,,,,,,,,,,,,,,,,,,,,,,,,,,,,,,,,,,,,,,,,,,,,,,,
Ai-Powered Finance Workflow,,,VC Portfolio (alternative method),Khosla Ventures,,bay_area_startups_master copy 3.csv,,,,,,,,,,,,,,,,,,,,,,,,,,,,,,,,,,,,,,,,,,,,,,,,,,,,,,
Automated Analog Layout,,,VC Portfolio (alternative method),Khosla Ventures,,bay_area_startups_master copy 3.csv,,,,,,,,,,,,,,,,,,,,,,,,,,,,,,,,,,,,,,,,,,,,,,,,,,,,,,
Building An Ai+Human Executive Assistant,,,VC Portfolio (alternative method),Khosla Ventures,,bay_area_startups_master copy 3.csv,,,,,,,,,,,,,,,,,,,,,,,,,,,,,,,,,,,,,,,,,,,,,,,,,,,,,,
Agentic Service Management Platform,,,VC Portfolio (alternative method),Khosla Ventures,,bay_area_startups_master copy 3.csv,,,,,,,,,,,,,,,,,,,,,,,,,,,,,,,,,,,,,,,,,,,,,,,,,,,,,,
Chip Design Reimagined With Ai,,,VC Portfolio (alternative method),Khosla Ventures,,bay_area_startups_master copy 3.csv,,,,,,,,,,,,,,,,,,,,,,,,,,,,,,,,,,,,,,,,,,,,,,,,,,,,,,
Ai-Powered Website Optimization,,,VC Portfolio (alternative method),Khosla Ventures,,bay_area_startups_master copy 3.csv,,,,,,,,,,,,,,,,,,,,,,,,,,,,,,,,,,,,,,,,,,,,,,,,,,,,,,
"Makers Of Devin, The First Ai Software Engineer.",,,VC Portfolio (alternative method),Khosla Ventures,,bay_area_startups_master copy 3.csv,,,,,,,,,,,,,,,,,,,,,,,,,,,,,,,,,,,,,,,,,,,,,,,,,,,,,,
Antivirus Software To Prevent Rather Than Detect,,,VC Portfolio (alternative method),Khosla Ventures,,bay_area_startups_master copy 3.csv,,,,,,,,,,,,,,,,,,,,,,,,,,,,,,,,,,,,,,,,,,,,,,,,,,,,,,
Force Multiply Your Cloud Security Team,,,VC Portfolio (alternative method),Khosla Ventures,,bay_area_startups_master copy 3.csv,,,,,,,,,,,,,,,,,,,,,,,,,,,,,,,,,,,,,,,,,,,,,,,,,,,,,,
Ai Assistant To Transcribe And Summarize Meetings,,,VC Portfolio (alternative method),Khosla Ventures,,bay_area_startups_master copy 3.csv,,,,,,,,,,,,,,,,,,,,,,,,,,,,,,,,,,,,,,,,,,,,,,,,,,,,,,
Devsecops,,,VC Portfolio (alternative method),Khosla Ventures,,bay_area_startups_master copy 3.csv,,,,,,,,,,,,,,,,,,,,,,,,,,,,,,,,,,,,,,,,,,,,,,,,,,,,,,
Business Automation In Your Own Words,,,VC Portfolio (alternative method),Khosla Ventures,,bay_area_startups_master copy 3.csv,,,,,,,,,,,,,,,,,,,,,,,,,,,,,,,,,,,,,,,,,,,,,,,,,,,,,,
Ai-Powered Contract Management System,,,VC Portfolio (alternative method),Khosla Ventures,,bay_area_startups_master copy 3.csv,,,,,,,,,,,,,,,,,,,,,,,,,,,,,,,,,,,,,,,,,,,,,,,,,,,,,,
Building Blocks For Platform Creators,,,VC Portfolio (alternative method),Khosla Ventures,,bay_area_startups_master copy 3.csv,,,,,,,,,,,,,,,,,,,,,,,,,,,,,,,,,,,,,,,,,,,,,,,,,,,,,,
World'S Largest Realtime People Database Powered By Ai,,,VC Portfolio (alternative method),Khosla Ventures,,bay_area_startups_master copy 3.csv,,,,,,,,,,,,,,,,,,,,,,,,,,,,,,,,,,,,,,,,,,,,,,,,,,,,,,
Serverless Postgres,,,VC Portfolio (alternative method),Khosla Ventures,,bay_area_startups_master copy 3.csv,,,,,,,,,,,,,,,,,,,,,,,,,,,,,,,,,,,,,,,,,,,,,,,,,,,,,,
World'S Largest Decentralized Wireless Network.,,,VC Portfolio (alternative method),Khosla Ventures,,bay_area_startups_master copy 3.csv,,,,,,,,,,,,,,,,,,,,,,,,,,,,,,,,,,,,,,,,,,,,,,,,,,,,,,
One Platform To Run All Your Apps And Data Anywhere,,,VC Portfolio (alternative method),Khosla Ventures,,bay_area_startups_master copy 3.csv,,,,,,,,,,,,,,,,,,,,,,,,,,,,,,,,,,,,,,,,,,,,,,,,,,,,,,
World'S Identity Company,,,VC Portfolio (alternative method),Khosla Ventures,,bay_area_startups_master copy 3.csv,,,,,,,,,,,,,,,,,,,,,,,,,,,,,,,,,,,,,,,,,,,,,,,,,,,,,,
Adapting The Web For Ais,,,VC Portfolio (alternative method),Khosla Ventures,,bay_area_startups_master copy 3.csv,,,,,,,,,,,,,,,,,,,,,,,,,,,,,,,,,,,,,,,,,,,,,,,,,,,,,,
Superhuman Customer Support Voice Assistants Powered By Ai,,,VC Portfolio (alternative method),Khosla Ventures,,bay_area_startups_master copy 3.csv,,,,,,,,,,,,,,,,,,,,,,,,,,,,,,,,,,,,,,,,,,,,,,,,,,,,,,
Empowering A Billion Software Developers,,,VC Portfolio (alternative method),Khosla Ventures,,bay_area_startups_master copy 3.csv,,,,,,,,,,,,,,,,,,,,,,,,,,,,,,,,,,,,,,,,,,,,,,,,,,,,,,
Simplified Business Communications,,,VC Portfolio (alternative method),Khosla Ventures,,bay_area_startups_master copy 3.csv,,,,,,,,,,,,,,,,,,,,,,,,,,,,,,,,,,,,,,,,,,,,,,,,,,,,,,
Ai Gamemaker,,,VC Portfolio (alternative method),Khosla Ventures,,bay_area_startups_master copy 3.csv,,,,,,,,,,,,,,,,,,,,,,,,,,,,,,,,,,,,,,,,,,,,,,,,,,,,,,
Data Security And Operational Resilience For Enterprises,,,VC Portfolio (alternative method),Khosla Ventures,,bay_area_startups_master copy 3.csv,,,,,,,,,,,,,,,,,,,,,,,,,,,,,,,,,,,,,,,,,,,,,,,,,,,,,,
Building A Native Ai Foundational Model For Japan,,,VC Portfolio (alternative method),Khosla Ventures,,bay_area_startups_master copy 3.csv,,,,,,,,,,,,,,,,,,,,,,,,,,,,,,,,,,,,,,,,,,,,,,,,,,,,,,
Building The Full-Stack For Generative Ai In India,,,VC Portfolio (alternative method),Khosla Ventures,,bay_area_startups_master copy 3.csv,,,,,,,,,,,,,,,,,,,,,,,,,,,,,,,,,,,,,,,,,,,,,,,,,,,,,,
Copilot For Architects And Interior Designers,,,VC Portfolio (alternative method),Khosla Ventures,,bay_area_startups_master copy 3.csv,,,,,,,,,,,,,,,,,,,,,,,,,,,,,,,,,,,,,,,,,,,,,,,,,,,,,,
Data Privacy Vault For Ai,,,VC Portfolio (alternative method),Khosla Ventures,,bay_area_startups_master copy 3.csv,,,,,,,,,,,,,,,,,,,,,,,,,,,,,,,,,,,,,,,,,,,,,,,,,,,,,,
Staying On Top Of Cyber Threats,,,VC Portfolio (alternative method),Khosla Ventures,,bay_area_startups_master copy 3.csv,,,,,,,,,,,,,,,,,,,,,,,,,,,,,,,,,,,,,,,,,,,,,,,,,,,,,,
Pay Over Time Without Hidden Fees,,,VC Portfolio (alternative method),Khosla Ventures,,bay_area_startups_master copy 3.csv,,,,,,,,,,,,,,,,,,,,,,,,,,,,,,,,,,,,,,,,,,,,,,,,,,,,,,
Cyber Insurance,,,VC Portfolio (alternative method),Khosla Ventures,,bay_area_startups_master copy 3.csv,,,,,,,,,,,,,,,,,,,,,,,,,,,,,,,,,,,,,,,,,,,,,,,,,,,,,,
Credit Card Using Your Home Equity For Lower Rates,,,VC Portfolio (alternative method),Khosla Ventures,,bay_area_startups_master copy 3.csv,,,,,,,,,,,,,,,,,,,,,,,,,,,,,,,,,,,,,,,,,,,,,,,,,,,,,,
Ai Agents Built For Accountants,,,VC Portfolio (alternative method),Khosla Ventures,,bay_area_startups_master copy 3.csv,,,,,,,,,,,,,,,,,,,,,,,,,,,,,,,,,,,,,,,,,,,,,,,,,,,,,,
Enabling Businesses To Participate In The Economy,,,VC Portfolio (alternative method),Khosla Ventures,,bay_area_startups_master copy 3.csv,,,,,,,,,,,,,,,,,,,,,,,,,,,,,,,,,,,,,,,,,,,,,,,,,,,,,,
Platform For Small Businesses To Optimize Cash Flow,,,VC Portfolio (alternative method),Khosla Ventures,,bay_area_startups_master copy 3.csv,,,,,,,,,,,,,,,,,,,,,,,,,,,,,,,,,,,,,,,,,,,,,,,,,,,,,,
Finance Simplified,,,VC Portfolio (alternative method),Khosla Ventures,,bay_area_startups_master copy 3.csv,,,,,,,,,,,,,,,,,,,,,,,,,,,,,,,,,,,,,,,,,,,,,,,,,,,,,,
Real Estate Investing For Everyone,,,VC Portfolio (alternative method),Khosla Ventures,,bay_area_startups_master copy 3.csv,,,,,,,,,,,,,,,,,,,,,,,,,,,,,,,,,,,,,,,,,,,,,,,,,,,,,,
Financial Infrastructure For The Internet,,,VC Portfolio (alternative method),Khosla Ventures,,bay_area_startups_master copy 3.csv,,,,,,,,,,,,,,,,,,,,,,,,,,,,,,,,,,,,,,,,,,,,,,,,,,,,,,
Helping American Small Businesses Become Employee-Owned,,,VC Portfolio (alternative method),Khosla Ventures,,bay_area_startups_master copy 3.csv,,,,,,,,,,,,,,,,,,,,,,,,,,,,,,,,,,,,,,,,,,,,,,,,,,,,,,
Building A New Way To Live Where Renters Build Wealth Like Owners,,,VC Portfolio (alternative method),Khosla Ventures,,bay_area_startups_master copy 3.csv,,,,,,,,,,,,,,,,,,,,,,,,,,,,,,,,,,,,,,,,,,,,,,,,,,,,,,
Improving Access To Affordable Credit With Ai,,,VC Portfolio (alternative method),Khosla Ventures,,bay_area_startups_master copy 3.csv,,,,,,,,,,,,,,,,,,,,,,,,,,,,,,,,,,,,,,,,,,,,,,,,,,,,,,
Building Identity And Financial Network As A Public Utility For All,,,VC Portfolio (alternative method),Khosla Ventures,,bay_area_startups_master copy 3.csv,,,,,,,,,,,,,,,,,,,,,,,,,,,,,,,,,,,,,,,,,,,,,,,,,,,,,,
Revolutionizing Analog Computing For Ai,,,VC Portfolio (alternative method),Khosla Ventures,,bay_area_startups_master copy 3.csv,,,,,,,,,,,,,,,,,,,,,,,,,,,,,,,,,,,,,,,,,,,,,,,,,,,,,,
Intelligent Enterprise Robotics,,,VC Portfolio (alternative method),Khosla Ventures,,bay_area_startups_master copy 3.csv,,,,,,,,,,,,,,,,,,,,,,,,,,,,,,,,,,,,,,,,,,,,,,,,,,,,,,
New York To London In 90 Minutes Via Mach 5 Aircraft,,,VC Portfolio (alternative method),Khosla Ventures,,bay_area_startups_master copy 3.csv,,,,,,,,,,,,,,,,,,,,,,,,,,,,,,,,,,,,,,,,,,,,,,,,,,,,,,
Intelligent Robotics For Item Handling,,,VC Portfolio (alternative method),Khosla Ventures,,bay_area_startups_master copy 3.csv,,,,,,,,,,,,,,,,,,,,,,,,,,,,,,,,,,,,,,,,,,,,,,,,,,,,,,
Ai Benefiting Humanity,,,VC Portfolio (alternative method),Khosla Ventures,,bay_area_startups_master copy 3.csv,,,,,,,,,,,,,,,,,,,,,,,,,,,,,,,,,,,,,,,,,,,,,,,,,,,,,,
"Frequent, Reliable Access To Space",,,VC Portfolio (alternative method),Khosla Ventures,,bay_area_startups_master copy 3.csv,,,,,,,,,,,,,,,,,,,,,,,,,,,,,,,,,,,,,,,,,,,,,,,,,,,,,,
High-Resolution Imaging Satellites,,,VC Portfolio (alternative method),Khosla Ventures,,bay_area_startups_master copy 3.csv,,,,,,,,,,,,,,,,,,,,,,,,,,,,,,,,,,,,,,,,,,,,,,,,,,,,,,
Structured Cognition In Machines,,,VC Portfolio (alternative method),Khosla Ventures,,bay_area_startups_master copy 3.csv,,,,,,,,,,,,,,,,,,,,,,,,,,,,,,,,,,,,,,,,,,,,,,,,,,,,,,
Manufacturing In Space,,,VC Portfolio (alternative method),Khosla Ventures,,bay_area_startups_master copy 3.csv,,,,,,,,,,,,,,,,,,,,,,,,,,,,,,,,,,,,,,,,,,,,,,,,,,,,,,
Building Delivery Bots,,,VC Portfolio (alternative method),Khosla Ventures,,bay_area_startups_master copy 3.csv,,,,,,,,,,,,,,,,,,,,,,,,,,,,,,,,,,,,,,,,,,,,,,,,,,,,,,
Self-Driving Trucks,,,VC Portfolio (alternative method),Khosla Ventures,,bay_area_startups_master copy 3.csv,,,,,,,,,,,,,,,,,,,,,,,,,,,,,,,,,,,,,,,,,,,,,,,,,,,,,,
Ai-Powered Weather Balloons,,,VC Portfolio (alternative method),Khosla Ventures,,bay_area_startups_master copy 3.csv,,,,,,,,,,,,,,,,,,,,,,,,,,,,,,,,,,,,,,,,,,,,,,,,,,,,,,
High-Resolution Radar,,,VC Portfolio (alternative method),Khosla Ventures,,bay_area_startups_master copy 3.csv,,,,,,,,,,,,,,,,,,,,,,,,,,,,,,,,,,,,,,,,,,,,,,,,,,,,,,
Universal Manufacturing Network,,,VC Portfolio (alternative method),Khosla Ventures,,bay_area_startups_master copy 3.csv,,,,,,,,,,,,,,,,,,,,,,,,,,,,,,,,,,,,,,,,,,,,,,,,,,,,,,
Changing Agriculture With Intelligent Machinery,,,VC Portfolio (alternative method),Khosla Ventures,,bay_area_startups_master copy 3.csv,,,,,,,,,,,,,,,,,,,,,,,,,,,,,,,,,,,,,,,,,,,,,,,,,,,,,,
Using Perovskites For Lower-Cost Solar,,,VC Portfolio (alternative method),Khosla Ventures,,bay_area_startups_master copy 3.csv,,,,,,,,,,,,,,,,,,,,,,,,,,,,,,,,,,,,,,,,,,,,,,,,,,,,,,
Unlocking The World'S Copper,,,VC Portfolio (alternative method),Khosla Ventures,,bay_area_startups_master copy 3.csv,,,,,,,,,,,,,,,,,,,,,,,,,,,,,,,,,,,,,,,,,,,,,,,,,,,,,,
Limitless Clean Fusion Energy,,,VC Portfolio (alternative method),Khosla Ventures,,bay_area_startups_master copy 3.csv,,,,,,,,,,,,,,,,,,,,,,,,,,,,,,,,,,,,,,,,,,,,,,,,,,,,,,
Low Co₂ Cement,,,VC Portfolio (alternative method),Khosla Ventures,,bay_area_startups_master copy 3.csv,,,,,,,,,,,,,,,,,,,,,,,,,,,,,,,,,,,,,,,,,,,,,,,,,,,,,,
High-Capacity Urban Mass Transit,,,VC Portfolio (alternative method),Khosla Ventures,,bay_area_startups_master copy 3.csv,,,,,,,,,,,,,,,,,,,,,,,,,,,,,,,,,,,,,,,,,,,,,,,,,,,,,,
"Burgers, Chicken Nuggets And Pork All From Plants",,,VC Portfolio (alternative method),Khosla Ventures,,bay_area_startups_master copy 3.csv,,,,,,,,,,,,,,,,,,,,,,,,,,,,,,,,,,,,,,,,,,,,,,,,,,,,,,
"Identify, Access, And Produce Geologic Hydrogen",,,VC Portfolio (alternative method),Khosla Ventures,,bay_area_startups_master copy 3.csv,,,,,,,,,,,,,,,,,,,,,,,,,,,,,,,,,,,,,,,,,,,,,,,,,,,,,,
Transforming Pollution Into Sustainable Fuels,,,VC Portfolio (alternative method),Khosla Ventures,,bay_area_startups_master copy 3.csv,,,,,,,,,,,,,,,,,,,,,,,,,,,,,,,,,,,,,,,,,,,,,,,,,,,,,,
Capturing Rubisco Protein From Green Leaves,,,VC Portfolio (alternative method),Khosla Ventures,,bay_area_startups_master copy 3.csv,,,,,,,,,,,,,,,,,,,,,,,,,,,,,,,,,,,,,,,,,,,,,,,,,,,,,,
Next-Generation Lithium-Ion Battery Recycling,,,VC Portfolio (alternative method),Khosla Ventures,,bay_area_startups_master copy 3.csv,,,,,,,,,,,,,,,,,,,,,,,,,,,,,,,,,,,,,,,,,,,,,,,,,,,,,,
Local Power Generation For A Zero-Carbon Future,,,VC Portfolio (alternative method),Khosla Ventures,,bay_area_startups_master copy 3.csv,,,,,,,,,,,,,,,,,,,,,,,,,,,,,,,,,,,,,,,,,,,,,,,,,,,,,,
Fertilizer From Air,,,VC Portfolio (alternative method),Khosla Ventures,,bay_area_startups_master copy 3.csv,,,,,,,,,,,,,,,,,,,,,,,,,,,,,,,,,,,,,,,,,,,,,,,,,,,,,,
Solid State Lithium Batteries,,,VC Portfolio (alternative method),Khosla Ventures,,bay_area_startups_master copy 3.csv,,,,,,,,,,,,,,,,,,,,,,,,,,,,,,,,,,,,,,,,,,,,,,,,,,,,,,
Industrial Heat And Power From Fusion,,,VC Portfolio (alternative method),Khosla Ventures,,bay_area_startups_master copy 3.csv,,,,,,,,,,,,,,,,,,,,,,,,,,,,,,,,,,,,,,,,,,,,,,,,,,,,,,
Energy Storage Solution,,,VC Portfolio (alternative method),Khosla Ventures,,bay_area_startups_master copy 3.csv,,,,,,,,,,,,,,,,,,,,,,,,,,,,,,,,,,,,,,,,,,,,,,,,,,,,,,
Circular Apparel,,,VC Portfolio (alternative method),Khosla Ventures,,bay_area_startups_master copy 3.csv,,,,,,,,,,,,,,,,,,,,,,,,,,,,,,,,,,,,,,,,,,,,,,,,,,,,,,
Direct Air Capture At Scale,,,VC Portfolio (alternative method),Khosla Ventures,,bay_area_startups_master copy 3.csv,,,,,,,,,,,,,,,,,,,,,,,,,,,,,,,,,,,,,,,,,,,,,,,,,,,,,,
Improving Critical Resource Development With Advanced Intelligent Systems,,,VC Portfolio (alternative method),Khosla Ventures,,bay_area_startups_master copy 3.csv,,,,,,,,,,,,,,,,,,,,,,,,,,,,,,,,,,,,,,,,,,,,,,,,,,,,,,
Green Hydrogen Using Renewable Energy & Water,,,VC Portfolio (alternative method),Khosla Ventures,,bay_area_startups_master copy 3.csv,,,,,,,,,,,,,,,,,,,,,,,,,,,,,,,,,,,,,,,,,,,,,,,,,,,,,,
Transforming Cardiologic Care Using Deep Learning,,,VC Portfolio (alternative method),Khosla Ventures,,bay_area_startups_master copy 3.csv,,,,,,,,,,,,,,,,,,,,,,,,,,,,,,,,,,,,,,,,,,,,,,,,,,,,,,
Exercise Platform To Prevent Falls,,,VC Portfolio (alternative method),Khosla Ventures,,bay_area_startups_master copy 3.csv,,,,,,,,,,,,,,,,,,,,,,,,,,,,,,,,,,,,,,,,,,,,,,,,,,,,,,
Prediction Model For Cancer,,,VC Portfolio (alternative method),Khosla Ventures,,bay_area_startups_master copy 3.csv,,,,,,,,,,,,,,,,,,,,,,,,,,,,,,,,,,,,,,,,,,,,,,,,,,,,,,
Ai-Assisted Primary Care,,,VC Portfolio (alternative method),Khosla Ventures,,bay_area_startups_master copy 3.csv,,,,,,,,,,,,,,,,,,,,,,,,,,,,,,,,,,,,,,,,,,,,,,,,,,,,,,
In-The-Moment Care For Every Emotion,,,VC Portfolio (alternative method),Khosla Ventures,,bay_area_startups_master copy 3.csv,,,,,,,,,,,,,,,,,,,,,,,,,,,,,,,,,,,,,,,,,,,,,,,,,,,,,,
Empowering People To Improve Their Heart Health,,,VC Portfolio (alternative method),Khosla Ventures,,bay_area_startups_master copy 3.csv,,,,,,,,,,,,,,,,,,,,,,,,,,,,,,,,,,,,,,,,,,,,,,,,,,,,,,
Ai Therapist,,,VC Portfolio (alternative method),Khosla Ventures,,bay_area_startups_master copy 3.csv,,,,,,,,,,,,,,,,,,,,,,,,,,,,,,,,,,,,,,,,,,,,,,,,,,,,,,
Health Insurance Built On A Full-Stack Tech Platform,,,VC Portfolio (alternative method),Khosla Ventures,,bay_area_startups_master copy 3.csv,,,,,,,,,,,,,,,,,,,,,,,,,,,,,,,,,,,,,,,,,,,,,,,,,,,,,,
Ai Radiology Workflow Automation Tool,,,VC Portfolio (alternative method),Khosla Ventures,,bay_area_startups_master copy 3.csv,,,,,,,,,,,,,,,,,,,,,,,,,,,,,,,,,,,,,,,,,,,,,,,,,,,,,,
Simplifying The Healthcare Experience For Clients And Members,,,VC Portfolio (alternative method),Khosla Ventures,,bay_area_startups_master copy 3.csv,,,,,,,,,,,,,,,,,,,,,,,,,,,,,,,,,,,,,,,,,,,,,,,,,,,,,,
Freeing The World From Pain,,,VC Portfolio (alternative method),Khosla Ventures,,bay_area_startups_master copy 3.csv,,,,,,,,,,,,,,,,,,,,,,,,,,,,,,,,,,,,,,,,,,,,,,,,,,,,,,
Ai Copilot For Physicians,,,VC Portfolio (alternative method),Khosla Ventures,,bay_area_startups_master copy 3.csv,,,,,,,,,,,,,,,,,,,,,,,,,,,,,,,,,,,,,,,,,,,,,,,,,,,,,,
"Automated, Software-Only Platform That Greatly Simplifies A Cmr Exam",,,VC Portfolio (alternative method),Khosla Ventures,,bay_area_startups_master copy 3.csv,,,,,,,,,,,,,,,,,,,,,,,,,,,,,,,,,,,,,,,,,,,,,,,,,,,,,,
Medication-Free Depression Treatment,,,VC Portfolio (alternative method),Khosla Ventures,,bay_area_startups_master copy 3.csv,,,,,,,,,,,,,,,,,,,,,,,,,,,,,,,,,,,,,,,,,,,,,,,,,,,,,,
Transforming Cancer Care Through Blood Tests,,,VC Portfolio (alternative method),Khosla Ventures,,bay_area_startups_master copy 3.csv,,,,,,,,,,,,,,,,,,,,,,,,,,,,,,,,,,,,,,,,,,,,,,,,,,,,,,
Rapid Diagnostic Tests That Read The Immune System,,,VC Portfolio (alternative method),Khosla Ventures,,bay_area_startups_master copy 3.csv,,,,,,,,,,,,,,,,,,,,,,,,,,,,,,,,,,,,,,,,,,,,,,,,,,,,,,
Robots For Biologists,,,VC Portfolio (alternative method),Khosla Ventures,,bay_area_startups_master copy 3.csv,,,,,,,,,,,,,,,,,,,,,,,,,,,,,,,,,,,,,,,,,,,,,,,,,,,,,,
An Embryology Lab In A Box Making Ivf More Accesible,,,VC Portfolio (alternative method),Khosla Ventures,,bay_area_startups_master copy 3.csv,,,,,,,,,,,,,,,,,,,,,,,,,,,,,,,,,,,,,,,,,,,,,,,,,,,,,,
Building Next-Gen Biomaterials For Smart Biologics,,,VC Portfolio (alternative method),Khosla Ventures,,bay_area_startups_master copy 3.csv,,,,,,,,,,,,,,,,,,,,,,,,,,,,,,,,,,,,,,,,,,,,,,,,,,,,,,
Autonomous Full Body Scanner,,,VC Portfolio (alternative method),Khosla Ventures,,bay_area_startups_master copy 3.csv,,,,,,,,,,,,,,,,,,,,,,,,,,,,,,,,,,,,,,,,,,,,,,,,,,,,,,
Matching Each Autoimmune Patient With Their Most Effective Therapy,,,VC Portfolio (alternative method),Khosla Ventures,,bay_area_startups_master copy 3.csv,,,,,,,,,,,,,,,,,,,,,,,,,,,,,,,,,,,,,,,,,,,,,,,,,,,,,,
Instant Access To Biomarkers Using Silicon Photonics.,,,VC Portfolio (alternative method),Khosla Ventures,,bay_area_startups_master copy 3.csv,,,,,,,,,,,,,,,,,,,,,,,,,,,,,,,,,,,,,,,,,,,,,,,,,,,,,,
Brain Computer Interface To Treat Paralysis And More,,,VC Portfolio (alternative method),Khosla Ventures,,bay_area_startups_master copy 3.csv,,,,,,,,,,,,,,,,,,,,,,,,,,,,,,,,,,,,,,,,,,,,,,,,,,,,,,
$100 Dna Sequencing Platform,,,VC Portfolio (alternative method),Khosla Ventures,,bay_area_startups_master copy 3.csv,,,,,,,,,,,,,,,,,,,,,,,,,,,,,,,,,,,,,,,,,,,,,,,,,,,,,,
Robots For Minimally Invasive Surgery,,,VC Portfolio (alternative method),Khosla Ventures,,bay_area_startups_master copy 3.csv,,,,,,,,,,,,,,,,,,,,,,,,,,,,,,,,,,,,,,,,,,,,,,,,,,,,,,
Neonatal Platform For Preterm Infants,,,VC Portfolio (alternative method),Khosla Ventures,,bay_area_startups_master copy 3.csv,,,,,,,,,,,,,,,,,,,,,,,,,,,,,,,,,,,,,,,,,,,,,,,,,,,,,,
Longevity Therapeutics Discovery,,,VC Portfolio (alternative method),Khosla Ventures,,bay_area_startups_master copy 3.csv,,,,,,,,,,,,,,,,,,,,,,,,,,,,,,,,,,,,,,,,,,,,,,,,,,,,,,
Micro-Robots To Navigate The Human Body,,,VC Portfolio (alternative method),Khosla Ventures,,bay_area_startups_master copy 3.csv,,,,,,,,,,,,,,,,,,,,,,,,,,,,,,,,,,,,,,,,,,,,,,,,,,,,,,
Microfluidics-Based Cell Engineering Platform,,,VC Portfolio (alternative method),Khosla Ventures,,bay_area_startups_master copy 3.csv,,,,,,,,,,,,,,,,,,,,,,,,,,,,,,,,,,,,,,,,,,,,,,,,,,,,,,
Autonomizing Stem Cell Therapy Manufacturing.,,,VC Portfolio (alternative method),Khosla Ventures,,bay_area_startups_master copy 3.csv,,,,,,,,,,,,,,,,,,,,,,,,,,,,,,,,,,,,,,,,,,,,,,,,,,,,,,
Individualized Precision Therapeutics,,,VC Portfolio (alternative method),Khosla Ventures,,bay_area_startups_master copy 3.csv,,,,,,,,,,,,,,,,,,,,,,,,,,,,,,,,,,,,,,,,,,,,,,,,,,,,,,
Precision Nucleic Acid Delivery Technology,,,VC Portfolio (alternative method),Khosla Ventures,,bay_area_startups_master copy 3.csv,,,,,,,,,,,,,,,,,,,,,,,,,,,,,,,,,,,,,,,,,,,,,,,,,,,,,,
Extending Lifespan Of Dogs,,,VC Portfolio (alternative method),Khosla Ventures,,bay_area_startups_master copy 3.csv,,,,,,,,,,,,,,,,,,,,,,,,,,,,,,,,,,,,,,,,,,,,,,,,,,,,,,
Pioneering Precision Epigenetic Medicines,,,VC Portfolio (alternative method),Khosla Ventures,,bay_area_startups_master copy 3.csv,,,,,,,,,,,,,,,,,,,,,,,,,,,,,,,,,,,,,,,,,,,,,,,,,,,,,,
Immune Organoid Technology For Cancer,,,VC Portfolio (alternative method),Khosla Ventures,,bay_area_startups_master copy 3.csv,,,,,,,,,,,,,,,,,,,,,,,,,,,,,,,,,,,,,,,,,,,,,,,,,,,,,,
3D-Printed Lymph Node Organoids,,,VC Portfolio (alternative method),Khosla Ventures,,bay_area_startups_master copy 3.csv,,,,,,,,,,,,,,,,,,,,,,,,,,,,,,,,,,,,,,,,,,,,,,,,,,,,,,
Targeting Cells That Cause Aging,,,VC Portfolio (alternative method),Khosla Ventures,,bay_area_startups_master copy 3.csv,,,,,,,,,,,,,,,,,,,,,,,,,,,,,,,,,,,,,,,,,,,,,,,,,,,,,,
Turning Cells Into Bioreactors To Manufacture Proteins In The Body,,,VC Portfolio (alternative method),Khosla Ventures,,bay_area_startups_master copy 3.csv,,,,,,,,,,,,,,,,,,,,,,,,,,,,,,,,,,,,,,,,,,,,,,,,,,,,,,
Lab-Grown Human Organs For Drug Discovery,,,VC Portfolio (alternative method),Khosla Ventures,,bay_area_startups_master copy 3.csv,,,,,,,,,,,,,,,,,,,,,,,,,,,,,,,,,,,,,,,,,,,,,,,,,,,,,,
Openai,,,News Mentions Fallback,,15.0,bay_area_startups_master copy 3.csv,,,,,,,,,,,,,,,,,,,,,,,,,,,,,,,,,,,,,,,,,,,,,,,,,,,,,,
Anthropic,,,News Mentions Fallback,,12.0,bay_area_startups_master copy 3.csv,,,,,,,,,,,,,,,,,,,,,,,,,,,,,,,,,,,,,,,,,,,,,,,,,,,,,,
Scale Ai,,,News Mentions Fallback,,8.0,bay_area_startups_master copy 3.csv,,,,,,,,,,,,,,,,,,,,,,,,,,,,,,,,,,,,,,,,,,,,,,,,,,,,,,
Databricks,,,News Mentions Fallback,,7.0,bay_area_startups_master copy 3.csv,,,,,,,,,,,,,,,,,,,,,,,,,,,,,,,,,,,,,,,,,,,,,,,,,,,,,,
Rippling,,,News Mentions Fallback,,6.0,bay_area_startups_master copy 3.csv,,,,,,,,,,,,,,,,,,,,,,,,,,,,,,,,,,,,,,,,,,,,,,,,,,,,,,
Plaid,,,News Mentions Fallback,,5.0,bay_area_startups_master copy 3.csv,,,,,,,,,,,,,,,,,,,,,,,,,,,,,,,,,,,,,,,,,,,,,,,,,,,,,,
,,"{'type': 'Point', 'coordinates': [-122.4026055, 37.794087]}",DataSF,,,bay_area_startups_master copy 2.csv,1274816-04-211-0391825,1274816-04-211,391825.0,Net App Inc,"Netapp, Inc.",565 Commercial St Ste 200,San Francisco,CA,94111.0,2013-05-31,2020-05-01,3060 Olsen Dr,San Jose,95128.0,CA,3100-3399,Manufacturing,Manufacturing,False,False,3.0,Chinatown,2025-03-09T00:00:00.000,2025-03-09T04:12:33.000,,,,,,,,3100-3399,Manufacturing,False,True,,,,,,,,,,,True,False,False,False,True,Unknown,,,
,FinTech,,StartupList + CB Insights,,,bay_area_startups_master copy 2.csv,,,,,Stripe,,,,,,,,,,,,,,,,,,,,,,,,,,,,,,,Payment processing platform,,,,2200000000.0,,,San Francisco,2010.0,50000000000.0,False,False,True,True,True,Mega Round (>$100M),,,
,,,StartupList,,,bay_area_startups_master copy 2.csv,,,,,Airtable,,,,,,,,,,,,,,,,,,,,,,,,,,,,,,,Collaborative database platform,,,,,,,,,,False,False,False,False,False,Unknown,,,
,HR Tech,,StartupList + CB Insights,,,bay_area_startups_master copy 2.csv,,,,,Rippling,,,,,,,,,,,,,,,,,,,,,,,,,,,,,,,Employee management platform,,,,1200000000.0,,,San Francisco,2016.0,11250000000.0,False,False,True,False,True,Mega Round (>$100M),,,
,,,StartupList,,,bay_area_startups_master copy 2.csv,,,,,Notion,,,,,,,,,,,,,,,,,,,,,,,,,,,,,,,All-in-one workspace,,,,,,,,,,False,False,False,False,False,Unknown,,,
,,,StartupList,,,bay_area_startups_master copy 2.csv,,,,,Figma,,,,,,,,,,,,,,,,,,,,,,,,,,,,,,,Collaborative design platform,,,,,,,,,,False,False,False,False,False,Unknown,,,
1076 Capp,,San Francisco,bay_area_startups_master.csv,,,bay_area_startups_master.csv,,,,,,,,CA,,,,,,,,,,,,,,,,,,,,,,,,,,,,,,,,,,,,2024.0,,,,,,,,,,
115 Moffitt Air Bnb,,San Francisco,bay_area_startups_master.csv,,,bay_area_startups_master.csv,,,,,,,,CA,,,,,,,,,,,,,,,,,,,,,,,,,,,,,,,,,,,,2025.0,,,,,,,,,,
1552 Haight Street,,San Francisco,bay_area_startups_master.csv,,,bay_area_startups_master.csv,,,,,,,,CA,,,,,,,,,,,,,,,,,,,,,,,,,,,,,,,,,,,,2025.0,,,,,,,,,,
40x0 Training,,San Francisco,bay_area_startups_master.csv,,,bay_area_startups_master.csv,,,,,,,,CA,,,,,,,,,,,,,,,,,,,,,,,,,,,,,,,,,,,,2024.0,,,,,,,,,,
41x1 Training,,San Francisco,bay_area_startups_master.csv,,,bay_area_startups_master.csv,,,,,,,,CA,,,,,,,,,,,,,,,,,,,,,,,,,,,,,,,,,,,,2024.0,,,,,,,,,,
435 Duncan St Airbnb,,San Francisco,bay_area_startups_master.csv,,,bay_area_startups_master.csv,,,,,,,,CA,,,,,,,,,,,,,,,,,,,,,,,,,,,,,,,,,,,,2024.0,,,,,,,,,,
581 Capp Street,,San Francisco,bay_area_startups_master.csv,,,bay_area_startups_master.csv,,,,,,,,CA,,,,,,,,,,,,,,,,,,,,,,,,,,,,,,,,,,,,2025.0,,,,,,,,,,
848 Clement Street Tai Hing Books & Gifts,,San Francisco,bay_area_startups_master.csv,,,bay_area_startups_master.csv,,,,,,,,CA,,,,,,,,,,,,,,,,,,,,,,,,,,,,,,,,,,,,2024.0,,,,,,,,,,
949 Capp,,San Francisco,bay_area_startups_master.csv,,,bay_area_startups_master.csv,,,,,,,,CA,,,,,,,,,,,,,,,,,,,,,,,,,,,,,,,,,,,,2024.0,,,,,,,,,,
A&S Painting And Plastering Inc,,San Francisco,bay_area_startups_master.csv,,,bay_area_startups_master.csv,,,,,,,,CA,,,,,,,,,,,,,,,,,,,,,,,,,,,,,,,,,,,,2024.0,,,,,,,,,,
A1 Bright Maid,,San Francisco,bay_area_startups_master.csv,,,bay_area_startups_master.csv,,,,,,,,CA,,,,,,,,,,,,,,,,,,,,,,,,,,,,,,,,,,,,2025.0,,,,,,,,,,
Abigail Edber,,San Francisco,bay_area_startups_master.csv,,,bay_area_startups_master.csv,,,,,,,,CA,,,,,,,,,,,,,,,,,,,,,,,,,,,,,,,,,,,,2024.0,,,,,,,,,,
Aciif Ai Forensics Celta Academy,,San Francisco,bay_area_startups_master.csv,,,bay_area_startups_master.csv,,,,,,,,CA,,,,,,,,,,,,,,,,,,,,,,,,,,,,,,,,,,,,2025.0,,,,,,,,,,
Adornment Painting Inc.,,San Francisco,bay_area_startups_master.csv,,,bay_area_startups_master.csv,,,,,,,,CA,,,,,,,,,,,,,,,,,,,,,,,,,,,,,,,,,,,,2025.0,,,,,,,,,,
Advanced Data Sciences,,San Francisco,bay_area_startups_master.csv,,,bay_area_startups_master.csv,,,,,,,,CA,,,,,,,,,,,,,,,,,,,,,,,,,,,,,,,,,,,,2025.0,,,,,,,,,,
Advanced Heating And Air,,San Francisco,bay_area_startups_master.csv,,,bay_area_startups_master.csv,,,,,,,,CA,,,,,,,,,,,,,,,,,,,,,,,,,,,,,,,,,,,,2024.0,,,,,,,,,,
Agentbaseai Inc,,San Francisco,bay_area_startups_master.csv,,,bay_area_startups_master.csv,,,,,,,,CA,,,,,,,,,,,,,,,,,,,,,,,,,,,,,,,,,,,,2024.0,,,,,,,,,,
Ai Receptionist Agency,,San Francisco,bay_area_startups_master.csv,,,bay_area_startups_master.csv,,,,,,,,CA,,,,,,,,,,,,,,,,,,,,,,,,,,,,,,,,,,,,2025.0,,,,,,,,,,
Ai System,,San Francisco,bay_area_startups_master.csv,,,bay_area_startups_master.csv,,,,,,,,CA,,,,,,,,,,,,,,,,,,,,,,,,,,,,,,,,,,,,2025.0,,,,,,,,,,
Aidens Quality Painting Inc,,San Francisco,bay_area_startups_master.csv,,,bay_area_startups_master.csv,,,,,,,,CA,,,,,,,,,,,,,,,,,,,,,,,,,,,,,,,,,,,,2024.0,,,,,,,,,,
Aiherbs Inc,,San Francisco,bay_area_startups_master.csv,,,bay_area_startups_master.csv,,,,,,,,CA,,,,,,,,,,,,,,,,,,,,,,,,,,,,,,,,,,,,2025.0,,,,,,,,,,
Aimee Duddridge-Picard,,San Francisco,bay_area_startups_master.csv,,,bay_area_startups_master.csv,,,,,,,,CA,,,,,,,,,,,,,,,,,,,,,,,,,,,,,,,,,,,,2024.0,,,,,,,,,,
Aimee Golant: Metal Art & Judaica,,San Francisco,bay_area_startups_master.csv,,,bay_area_startups_master.csv,,,,,,,,CA,,,,,,,,,,,,,,,,,,,,,,,,,,,,,,,,,,,,2024.0,,,,,,,,,,
Air Sharks,,San Francisco,bay_area_startups_master.csv,,,bay_area_startups_master.csv,,,,,,,,CA,,,,,,,,,,,,,,,,,,,,,,,,,,,,,,,,,,,,2025.0,,,,,,,,,,
Airbnb,,San Francisco,bay_area_startups_master.csv,,,bay_area_startups_master.csv,,,,,,,,CA,,,,,,,,,,,,,,,,,,,,,,,,,,,,,,,,,,,,2024.0,,,,,,,,,,
Aireserv Of Campbell And Saratoga,,San Francisco,bay_area_startups_master.csv,,,bay_area_startups_master.csv,,,,,,,,CA,,,,,,,,,,,,,,,,,,,,,,,,,,,,,,,,,,,,2025.0,,,,,,,,,,
Aiurion Inc.,,San Francisco,bay_area_startups_master.csv,,,bay_area_startups_master.csv,,,,,,,,CA,,,,,,,,,,,,,,,,,,,,,,,,,,,,,,,,,,,,2025.0,,,,,,,,,,
Al Aignment Liaison,,San Francisco,bay_area_startups_master.csv,,,bay_area_startups_master.csv,,,,,,,,CA,,,,,,,,,,,,,,,,,,,,,,,,,,,,,,,,,,,,2024.0,,,,,,,,,,
Alamere Digital LLC,,San Francisco,bay_area_startups_master.csv,,,bay_area_startups_master.csv,,,,,,,,CA,,,,,,,,,,,,,,,,,,,,,,,,,,,,,,,,,,,,2024.0,,,,,,,,,,
Alice Nails,,San Francisco,bay_area_startups_master.csv,,,bay_area_startups_master.csv,,,,,,,,CA,,,,,,,,,,,,,,,,,,,,,,,,,,,,,,,,,,,,2025.0,,,,,,,,,,
All Pro Painting Inc,,San Francisco,bay_area_startups_master.csv,,,bay_area_startups_master.csv,,,,,,,,CA,,,,,,,,,,,,,,,,,,,,,,,,,,,,,,,,,,,,2025.0,,,,,,,,,,
Alp Construction & Painting Inc,,San Francisco,bay_area_startups_master.csv,,,bay_area_startups_master.csv,,,,,,,,CA,,,,,,,,,,,,,,,,,,,,,,,,,,,,,,,,,,,,2024.0,,,,,,,,,,
"Ambr Technologies, Inc.",,San Francisco,bay_area_startups_master.csv,,,bay_area_startups_master.csv,,,,,,,,CA,,,,,,,,,,,,,,,,,,,,,,,,,,,,,,,,,,,,2024.0,,,,,,,,,,
American School Of Emerging Technology,,San Francisco,bay_area_startups_master.csv,,,bay_area_startups_master.csv,,,,,,,,CA,,,,,,,,,,,,,,,,,,,,,,,,,,,,,,,,,,,,2025.0,,,,,,,,,,
Amine Jemai,,San Francisco,bay_area_startups_master.csv,,,bay_area_startups_master.csv,,,,,,,,CA,,,,,,,,,,,,,,,,,,,,,,,,,,,,,,,,,,,,2025.0,,,,,,,,,,
Amy Tai,,San Francisco,bay_area_startups_master.csv,,,bay_area_startups_master.csv,,,,,,,,CA,,,,,,,,,,,,,,,,,,,,,,,,,,,,,,,,,,,,2024.0,,,,,,,,,,
Angstrom Ai Inc.,,San Francisco,bay_area_startups_master.csv,,,bay_area_startups_master.csv,,,,,,,,CA,,,,,,,,,,,,,,,,,,,,,,,,,,,,,,,,,,,,2025.0,,,,,,,,,,
Appliance Repair SF,,San Francisco,bay_area_startups_master.csv,,,bay_area_startups_master.csv,,,,,,,,CA,,,,,,,,,,,,,,,,,,,,,,,,,,,,,,,,,,,,2024.0,,,,,,,,,,
Appreciation Coffee,,San Francisco,bay_area_startups_master.csv,,,bay_area_startups_master.csv,,,,,,,,CA,,,,,,,,,,,,,,,,,,,,,,,,,,,,,,,,,,,,2025.0,,,,,,,,,,
Appu Tattoos,,San Francisco,bay_area_startups_master.csv,,,bay_area_startups_master.csv,,,,,,,,CA,,,,,,,,,,,,,,,,,,,,,,,,,,,,,,,,,,,,2025.0,,,,,,,,,,
Aquatic Technology Pool & Spa,,San Francisco,bay_area_startups_master.csv,,,bay_area_startups_master.csv,,,,,,,,CA,,,,,,,,,,,,,,,,,,,,,,,,,,,,,,,,,,,,2024.0,,,,,,,,,,
Armored Air Heating & Air Conditioning,,San Francisco,bay_area_startups_master.csv,,,bay_area_startups_master.csv,,,,,,,,CA,,,,,,,,,,,,,,,,,,,,,,,,,,,,,,,,,,,,2024.0,,,,,,,,,,
Artist Liaison Agency,,San Francisco,bay_area_startups_master.csv,,,bay_area_startups_master.csv,,,,,,,,CA,,,,,,,,,,,,,,,,,,,,,,,,,,,,,,,,,,,,2025.0,,,,,,,,,,
Atlas Voice & Data LLC,,San Francisco,bay_area_startups_master.csv,,,bay_area_startups_master.csv,,,,,,,,CA,,,,,,,,,,,,,,,,,,,,,,,,,,,,,,,,,,,,2024.0,,,,,,,,,,
Avail Engineering,,San Francisco,bay_area_startups_master.csv,,,bay_area_startups_master.csv,,,,,,,,CA,,,,,,,,,,,,,,,,,,,,,,,,,,,,,,,,,,,,2024.0,,,,,,,,,,
Bamboo Nails,,San Francisco,bay_area_startups_master.csv,,,bay_area_startups_master.csv,,,,,,,,CA,,,,,,,,,,,,,,,,,,,,,,,,,,,,,,,,,,,,2025.0,,,,,,,,,,
Bay Area Mobile Diagnostics,,San Francisco,bay_area_startups_master.csv,,,bay_area_startups_master.csv,,,,,,,,CA,,,,,,,,,,,,,,,,,,,,,,,,,,,,,,,,,,,,2025.0,,,,,,,,,,
"Bay-Valley Painting, Inc.",,San Francisco,bay_area_startups_master.csv,,,bay_area_startups_master.csv,,,,,,,,CA,,,,,,,,,,,,,,,,,,,,,,,,,,,,,,,,,,,,2025.0,,,,,,,,,,
Baytek Indoor Air Solutions,,San Francisco,bay_area_startups_master.csv,,,bay_area_startups_master.csv,,,,,,,,CA,,,,,,,,,,,,,,,,,,,,,,,,,,,,,,,,,,,,2025.0,,,,,,,,,,
"Bdo Digital, LLC",,San Francisco,bay_area_startups_master.csv,,,bay_area_startups_master.csv,,,,,,,,CA,,,,,,,,,,,,,,,,,,,,,,,,,,,,,,,,,,,,2024.0,,,,,,,,,,
Bear Paws Training & Animal Communication,,San Francisco,bay_area_startups_master.csv,,,bay_area_startups_master.csv,,,,,,,,CA,,,,,,,,,,,,,,,,,,,,,,,,,,,,,,,,,,,,2024.0,,,,,,,,,,
Ben Edmondson Building Maintenance Company,,San Francisco,bay_area_startups_master.csv,,,bay_area_startups_master.csv,,,,,,,,CA,,,,,,,,,,,,,,,,,,,,,,,,,,,,,,,,,,,,2024.0,,,,,,,,,,
Best Coast Sailing,,San Francisco,bay_area_startups_master.csv,,,bay_area_startups_master.csv,,,,,,,,CA,,,,,,,,,,,,,,,,,,,,,,,,,,,,,,,,,,,,2024.0,,,,,,,,,,
Better Hairdays,,San Francisco,bay_area_startups_master.csv,,,bay_area_startups_master.csv,,,,,,,,CA,,,,,,,,,,,,,,,,,,,,,,,,,,,,,,,,,,,,2025.0,,,,,,,,,,
"Blackhawk Painting, Inc.",,San Francisco,bay_area_startups_master.csv,,,bay_area_startups_master.csv,,,,,,,,CA,,,,,,,,,,,,,,,,,,,,,,,,,,,,,,,,,,,,2024.0,,,,,,,,,,
Brightwright-Techcomm LLC,,San Francisco,bay_area_startups_master.csv,,,bay_area_startups_master.csv,,,,,,,,CA,,,,,,,,,,,,,,,,,,,,,,,,,,,,,,,,,,,,2024.0,,,,,,,,,,
Caias Cookies,,San Francisco,bay_area_startups_master.csv,,,bay_area_startups_master.csv,,,,,,,,CA,,,,,,,,,,,,,,,,,,,,,,,,,,,,,,,,,,,,2024.0,,,,,,,,,,
"Caias Cookies, LLC",,San Francisco,bay_area_startups_master.csv,,,bay_area_startups_master.csv,,,,,,,,CA,,,,,,,,,,,,,,,,,,,,,,,,,,,,,,,,,,,,2024.0,,,,,,,,,,
"Caitlin Odonnell, Psyd, Psychotherapy Inc.",,San Francisco,bay_area_startups_master.csv,,,bay_area_startups_master.csv,,,,,,,,CA,,,,,,,,,,,,,,,,,,,,,,,,,,,,,,,,,,,,2024.0,,,,,,,,,,
Caiye Huang,,San Francisco,bay_area_startups_master.csv,,,bay_area_startups_master.csv,,,,,,,,CA,,,,,,,,,,,,,,,,,,,,,,,,,,,,,,,,,,,,2024.0,,,,,,,,,,
Caldata Communications,,San Francisco,bay_area_startups_master.csv,,,bay_area_startups_master.csv,,,,,,,,CA,,,,,,,,,,,,,,,,,,,,,,,,,,,,,,,,,,,,2025.0,,,,,,,,,,
"California College Of Business, Science & Technology",,San Francisco,bay_area_startups_master.csv,,,bay_area_startups_master.csv,,,,,,,,CA,,,,,,,,,,,,,,,,,,,,,,,,,,,,,,,,,,,,2025.0,,,,,,,,,,
Calpro Construction & Painting,,San Francisco,bay_area_startups_master.csv,,,bay_area_startups_master.csv,,,,,,,,CA,,,,,,,,,,,,,,,,,,,,,,,,,,,,,,,,,,,,2024.0,,,,,,,,,,
"Capernaum Ai, Inc.",,San Francisco,bay_area_startups_master.csv,,,bay_area_startups_master.csv,,,,,,,,CA,,,,,,,,,,,,,,,,,,,,,,,,,,,,,,,,,,,,2025.0,,,,,,,,,,
"Capture Technologies A Division Of Identisys, Inc.",,San Francisco,bay_area_startups_master.csv,,,bay_area_startups_master.csv,,,,,,,,CA,,,,,,,,,,,,,,,,,,,,,,,,,,,,,,,,,,,,2024.0,,,,,,,,,,
Caretech Innovations LLC,,San Francisco,bay_area_startups_master.csv,,,bay_area_startups_master.csv,,,,,,,,CA,,,,,,,,,,,,,,,,,,,,,,,,,,,,,,,,,,,,2024.0,,,,,,,,,,
Central Haight Market,,San Francisco,bay_area_startups_master.csv,,,bay_area_startups_master.csv,,,,,,,,CA,,,,,,,,,,,,,,,,,,,,,,,,,,,,,,,,,,,,2024.0,,,,,,,,,,
Chutikarn Sukmongkolchai,,San Francisco,bay_area_startups_master.csv,,,bay_area_startups_master.csv,,,,,,,,CA,,,,,,,,,,,,,,,,,,,,,,,,,,,,,,,,,,,,2025.0,,,,,,,,,,
Cje Heating And Air,,San Francisco,bay_area_startups_master.csv,,,bay_area_startups_master.csv,,,,,,,,CA,,,,,,,,,,,,,,,,,,,,,,,,,,,,,,,,,,,,2024.0,,,,,,,,,,
Claire Bonham-Carter,,San Francisco,bay_area_startups_master.csv,,,bay_area_startups_master.csv,,,,,,,,CA,,,,,,,,,,,,,,,,,,,,,,,,,,,,,,,,,,,,2024.0,,,,,,,,,,
Clarity Ai Research Inc,,San Francisco,bay_area_startups_master.csv,,,bay_area_startups_master.csv,,,,,,,,CA,,,,,,,,,,,,,,,,,,,,,,,,,,,,,,,,,,,,2024.0,,,,,,,,,,
Clearscope Technology Solutions,,San Francisco,bay_area_startups_master.csv,,,bay_area_startups_master.csv,,,,,,,,CA,,,,,,,,,,,,,,,,,,,,,,,,,,,,,,,,,,,,2024.0,,,,,,,,,,
Clinton Park Airbnb,,San Francisco,bay_area_startups_master.csv,,,bay_area_startups_master.csv,,,,,,,,CA,,,,,,,,,,,,,,,,,,,,,,,,,,,,,,,,,,,,2024.0,,,,,,,,,,
Cloud N Books Pc,,San Francisco,bay_area_startups_master.csv,,,bay_area_startups_master.csv,,,,,,,,CA,,,,,,,,,,,,,,,,,,,,,,,,,,,,,,,,,,,,2025.0,,,,,,,,,,
Cloud95,,San Francisco,bay_area_startups_master.csv,,,bay_area_startups_master.csv,,,,,,,,CA,,,,,,,,,,,,,,,,,,,,,,,,,,,,,,,,,,,,2025.0,,,,,,,,,,
"Cloudcruise, Inc.",,San Francisco,bay_area_startups_master.csv,,,bay_area_startups_master.csv,,,,,,,,CA,,,,,,,,,,,,,,,,,,,,,,,,,,,,,,,,,,,,2025.0,,,,,,,,,,
Cloudxpress,,San Francisco,bay_area_startups_master.csv,,,bay_area_startups_master.csv,,,,,,,,CA,,,,,,,,,,,,,,,,,,,,,,,,,,,,,,,,,,,,2024.0,,,,,,,,,,
Cogent Infotech,,San Francisco,bay_area_startups_master.csv,,,bay_area_startups_master.csv,,,,,,,,CA,,,,,,,,,,,,,,,,,,,,,,,,,,,,,,,,,,,,2024.0,,,,,,,,,,
Comfort Home Heating & Air,,San Francisco,bay_area_startups_master.csv,,,bay_area_startups_master.csv,,,,,,,,CA,,,,,,,,,,,,,,,,,,,,,,,,,,,,,,,,,,,,2025.0,,,,,,,,,,
"Cooper Oates Air Conditioning, Inc.",,San Francisco,bay_area_startups_master.csv,,,bay_area_startups_master.csv,,,,,,,,CA,,,,,,,,,,,,,,,,,,,,,,,,,,,,,,,,,,,,2025.0,,,,,,,,,,
"Cordata Healthcare Innovations, Inc.",,San Francisco,bay_area_startups_master.csv,,,bay_area_startups_master.csv,,,,,,,,CA,,,,,,,,,,,,,,,,,,,,,,,,,,,,,,,,,,,,2024.0,,,,,,,,,,
D & F Mobile Truck Repair,,San Francisco,bay_area_startups_master.csv,,,bay_area_startups_master.csv,,,,,,,,CA,,,,,,,,,,,,,,,,,,,,,,,,,,,,,,,,,,,,2024.0,,,,,,,,,,
D Air Balance Inc,,San Francisco,bay_area_startups_master.csv,,,bay_area_startups_master.csv,,,,,,,,CA,,,,,,,,,,,,,,,,,,,,,,,,,,,,,,,,,,,,2024.0,,,,,,,,,,
Daily Accounting Services,,San Francisco,bay_area_startups_master.csv,,,bay_area_startups_master.csv,,,,,,,,CA,,,,,,,,,,,,,,,,,,,,,,,,,,,,,,,,,,,,2024.0,,,,,,,,,,
Dannys Hair Studio SF,,San Francisco,bay_area_startups_master.csv,,,bay_area_startups_master.csv,,,,,,,,CA,,,,,,,,,,,,,,,,,,,,,,,,,,,,,,,,,,,,2025.0,,,,,,,,,,
Dariyana Ukrainian Crepes,,San Francisco,bay_area_startups_master.csv,,,bay_area_startups_master.csv,,,,,,,,CA,,,,,,,,,,,,,,,,,,,,,,,,,,,,,,,,,,,,2024.0,,,,,,,,,,
Data Sync Communication Inc,,San Francisco,bay_area_startups_master.csv,,,bay_area_startups_master.csv,,,,,,,,CA,,,,,,,,,,,,,,,,,,,,,,,,,,,,,,,,,,,,2024.0,,,,,,,,,,
Dba Vetsentry/River City Data,,San Francisco,bay_area_startups_master.csv,,,bay_area_startups_master.csv,,,,,,,,CA,,,,,,,,,,,,,,,,,,,,,,,,,,,,,,,,,,,,2024.0,,,,,,,,,,
Deconvolute Ai Inc,,San Francisco,bay_area_startups_master.csv,,,bay_area_startups_master.csv,,,,,,,,CA,,,,,,,,,,,,,,,,,,,,,,,,,,,,,,,,,,,,2024.0,,,,,,,,,,
"Deepseq.Ai, Inc.",,San Francisco,bay_area_startups_master.csv,,,bay_area_startups_master.csv,,,,,,,,CA,,,,,,,,,,,,,,,,,,,,,,,,,,,,,,,,,,,,2024.0,,,,,,,,,,
Diane Martinez - Certified Personal Trainer (Cpt),,San Francisco,bay_area_startups_master.csv,,,bay_area_startups_master.csv,,,,,,,,CA,,,,,,,,,,,,,,,,,,,,,,,,,,,,,,,,,,,,2024.0,,,,,,,,,,
Diego Data,,San Francisco,bay_area_startups_master.csv,,,bay_area_startups_master.csv,,,,,,,,CA,,,,,,,,,,,,,,,,,,,,,,,,,,,,,,,,,,,,2024.0,,,,,,,,,,
Digital Mobile Innovations LLC,,San Francisco,bay_area_startups_master.csv,,,bay_area_startups_master.csv,,,,,,,,CA,,,,,,,,,,,,,,,,,,,,,,,,,,,,,,,,,,,,2024.0,,,,,,,,,,
Dodirtys Security And Maintenance,,San Francisco,bay_area_startups_master.csv,,,bay_area_startups_master.csv,,,,,,,,CA,,,,,,,,,,,,,,,,,,,,,,,,,,,,,,,,,,,,2025.0,,,,,,,,,,
Done Right Heating And Air,,San Francisco,bay_area_startups_master.csv,,,bay_area_startups_master.csv,,,,,,,,CA,,,,,,,,,,,,,,,,,,,,,,,,,,,,,,,,,,,,2024.0,,,,,,,,,,
Draintek Plumbing Inc,,San Francisco,bay_area_startups_master.csv,,,bay_area_startups_master.csv,,,,,,,,CA,,,,,,,,,,,,,,,,,,,,,,,,,,,,,,,,,,,,2025.0,,,,,,,,,,
Dynamic Map Platform North America Inc,,San Francisco,bay_area_startups_master.csv,,,bay_area_startups_master.csv,,,,,,,,CA,,,,,,,,,,,,,,,,,,,,,,,,,,,,,,,,,,,,2024.0,,,,,,,,,,
Eckerts Mobile Phones,,San Francisco,bay_area_startups_master.csv,,,bay_area_startups_master.csv,,,,,,,,CA,,,,,,,,,,,,,,,,,,,,,,,,,,,,,,,,,,,,2024.0,,,,,,,,,,
Edgewood Contruction & Home Repair,,San Francisco,bay_area_startups_master.csv,,,bay_area_startups_master.csv,,,,,,,,CA,,,,,,,,,,,,,,,,,,,,,,,,,,,,,,,,,,,,2024.0,,,,,,,,,,
Ees Nails,,San Francisco,bay_area_startups_master.csv,,,bay_area_startups_master.csv,,,,,,,,CA,,,,,,,,,,,,,,,,,,,,,,,,,,,,,,,,,,,,2025.0,,,,,,,,,,
Eg Painting,,San Francisco,bay_area_startups_master.csv,,,bay_area_startups_master.csv,,,,,,,,CA,,,,,,,,,,,,,,,,,,,,,,,,,,,,,,,,,,,,2024.0,,,,,,,,,,
Eightai Inc.,,San Francisco,bay_area_startups_master.csv,,,bay_area_startups_master.csv,,,,,,,,CA,,,,,,,,,,,,,,,,,,,,,,,,,,,,,,,,,,,,2024.0,,,,,,,,,,
Elearning Lair Corp,,San Francisco,bay_area_startups_master.csv,,,bay_area_startups_master.csv,,,,,,,,CA,,,,,,,,,,,,,,,,,,,,,,,,,,,,,,,,,,,,2025.0,,,,,,,,,,
Erica Maissy,,San Francisco,bay_area_startups_master.csv,,,bay_area_startups_master.csv,,,,,,,,CA,,,,,,,,,,,,,,,,,,,,,,,,,,,,,,,,,,,,2025.0,,,,,,,,,,
Escobar Pro Painting Corp,,San Francisco,bay_area_startups_master.csv,,,bay_area_startups_master.csv,,,,,,,,CA,,,,,,,,,,,,,,,,,,,,,,,,,,,,,,,,,,,,2025.0,,,,,,,,,,
Evolve Digitally LLC,,San Francisco,bay_area_startups_master.csv,,,bay_area_startups_master.csv,,,,,,,,CA,,,,,,,,,,,,,,,,,,,,,,,,,,,,,,,,,,,,2025.0,,,,,,,,,,
Excellence Heating And Air,,San Francisco,bay_area_startups_master.csv,,,bay_area_startups_master.csv,,,,,,,,CA,,,,,,,,,,,,,,,,,,,,,,,,,,,,,,,,,,,,2025.0,,,,,,,,,,
"Expand Power Technologies, Inc.",,San Francisco,bay_area_startups_master.csv,,,bay_area_startups_master.csv,,,,,,,,CA,,,,,,,,,,,,,,,,,,,,,,,,,,,,,,,,,,,,2024.0,,,,,,,,,,
Failup Management Advisory Inc,,San Francisco,bay_area_startups_master.csv,,,bay_area_startups_master.csv,,,,,,,,CA,,,,,,,,,,,,,,,,,,,,,,,,,,,,,,,,,,,,2024.0,,,,,,,,,,
Fairbrook,,San Francisco,bay_area_startups_master.csv,,,bay_area_startups_master.csv,,,,,,,,CA,,,,,,,,,,,,,,,,,,,,,,,,,,,,,,,,,,,,2025.0,,,,,,,,,,
Flagship Training,,San Francisco,bay_area_startups_master.csv,,,bay_area_startups_master.csv,,,,,,,,CA,,,,,,,,,,,,,,,,,,,,,,,,,,,,,,,,,,,,2024.0,,,,,,,,,,
Flagship Training Fidi,,San Francisco,bay_area_startups_master.csv,,,bay_area_startups_master.csv,,,,,,,,CA,,,,,,,,,,,,,,,,,,,,,,,,,,,,,,,,,,,,2025.0,,,,,,,,,,
Flare App Inc,,San Francisco,bay_area_startups_master.csv,,,bay_area_startups_master.csv,,,,,,,,CA,,,,,,,,,,,,,,,,,,,,,,,,,,,,,,,,,,,,2025.0,,,,,,,,,,
Flenser Entertainment Rights,,San Francisco,bay_area_startups_master.csv,,,bay_area_startups_master.csv,,,,,,,,CA,,,,,,,,,,,,,,,,,,,,,,,,,,,,,,,,,,,,2025.0,,,,,,,,,,
Foam Ai,,San Francisco,bay_area_startups_master.csv,,,bay_area_startups_master.csv,,,,,,,,CA,,,,,,,,,,,,,,,,,,,,,,,,,,,,,,,,,,,,2024.0,,,,,,,,,,
Fog City Detail,,San Francisco,bay_area_startups_master.csv,,,bay_area_startups_master.csv,,,,,,,,CA,,,,,,,,,,,,,,,,,,,,,,,,,,,,,,,,,,,,2025.0,,,,,,,,,,
Forte Fintech,,San Francisco,bay_area_startups_master.csv,,,bay_area_startups_master.csv,,,,,,,,CA,,,,,,,,,,,,,,,,,,,,,,,,,,,,,,,,,,,,2025.0,,,,,,,,,,
Forte Fintech LLC,,San Francisco,bay_area_startups_master.csv,,,bay_area_startups_master.csv,,,,,,,,CA,,,,,,,,,,,,,,,,,,,,,,,,,,,,,,,,,,,,2025.0,,,,,,,,,,
"Foundry Technologies, Inc.",,San Francisco,bay_area_startups_master.csv,,,bay_area_startups_master.csv,,,,,,,,CA,,,,,,,,,,,,,,,,,,,,,,,,,,,,,,,,,,,,2025.0,,,,,,,,,,
Freemans Heating Air Conditioning & Electrical Services,,San Francisco,bay_area_startups_master.csv,,,bay_area_startups_master.csv,,,,,,,,CA,,,,,,,,,,,,,,,,,,,,,,,,,,,,,,,,,,,,2024.0,,,,,,,,,,
Friendly App Studio,,San Francisco,bay_area_startups_master.csv,,,bay_area_startups_master.csv,,,,,,,,CA,,,,,,,,,,,,,,,,,,,,,,,,,,,,,,,,,,,,2024.0,,,,,,,,,,
Furry Friends Dog Training,,San Francisco,bay_area_startups_master.csv,,,bay_area_startups_master.csv,,,,,,,,CA,,,,,,,,,,,,,,,,,,,,,,,,,,,,,,,,,,,,2025.0,,,,,,,,,,
Gaa Auto Repair And Body Shop,,San Francisco,bay_area_startups_master.csv,,,bay_area_startups_master.csv,,,,,,,,CA,,,,,,,,,,,,,,,,,,,,,,,,,,,,,,,,,,,,2024.0,,,,,,,,,,
Gaines Event Staffing,,San Francisco,bay_area_startups_master.csv,,,bay_area_startups_master.csv,,,,,,,,CA,,,,,,,,,,,,,,,,,,,,,,,,,,,,,,,,,,,,2025.0,,,,,,,,,,
Gateway Mountain Center,,San Francisco,bay_area_startups_master.csv,,,bay_area_startups_master.csv,,,,,,,,CA,,,,,,,,,,,,,,,,,,,,,,,,,,,,,,,,,,,,2025.0,,,,,,,,,,
"Gb Heating And Air, Inc",,San Francisco,bay_area_startups_master.csv,,,bay_area_startups_master.csv,,,,,,,,CA,,,,,,,,,,,,,,,,,,,,,,,,,,,,,,,,,,,,2024.0,,,,,,,,,,
General Hvac Electric And Appliance Repair,,San Francisco,bay_area_startups_master.csv,,,bay_area_startups_master.csv,,,,,,,,CA,,,,,,,,,,,,,,,,,,,,,,,,,,,,,,,,,,,,2024.0,,,,,,,,,,
"Go Technology Management, LLC",,San Francisco,bay_area_startups_master.csv,,,bay_area_startups_master.csv,,,,,,,,CA,,,,,,,,,,,,,,,,,,,,,,,,,,,,,,,,,,,,2025.0,,,,,,,,,,
Golden Bear Heating And Air,,San Francisco,bay_area_startups_master.csv,,,bay_area_startups_master.csv,,,,,,,,CA,,,,,,,,,,,,,,,,,,,,,,,,,,,,,,,,,,,,2024.0,,,,,,,,,,
"Golden State Training, LLC",,San Francisco,bay_area_startups_master.csv,,,bay_area_startups_master.csv,,,,,,,,CA,,,,,,,,,,,,,,,,,,,,,,,,,,,,,,,,,,,,2025.0,,,,,,,,,,
Gp Mobile Solutions LLC,,San Francisco,bay_area_startups_master.csv,,,bay_area_startups_master.csv,,,,,,,,CA,,,,,,,,,,,,,,,,,,,,,,,,,,,,,,,,,,,,2025.0,,,,,,,,,,
Green Windows Repairs,,San Francisco,bay_area_startups_master.csv,,,bay_area_startups_master.csv,,,,,,,,CA,,,,,,,,,,,,,,,,,,,,,,,,,,,,,,,,,,,,2025.0,,,,,,,,,,
Gregory Training Center,,San Francisco,bay_area_startups_master.csv,,,bay_area_startups_master.csv,,,,,,,,CA,,,,,,,,,,,,,,,,,,,,,,,,,,,,,,,,,,,,2025.0,,,,,,,,,,
Haight Street Eyecare,,San Francisco,bay_area_startups_master.csv,,,bay_area_startups_master.csv,,,,,,,,CA,,,,,,,,,,,,,,,,,,,,,,,,,,,,,,,,,,,,2025.0,,,,,,,,,,
Hair By Becca LLC,,San Francisco,bay_area_startups_master.csv,,,bay_area_startups_master.csv,,,,,,,,CA,,,,,,,,,,,,,,,,,,,,,,,,,,,,,,,,,,,,2025.0,,,,,,,,,,
Hair By The Ts Misty,,San Francisco,bay_area_startups_master.csv,,,bay_area_startups_master.csv,,,,,,,,CA,,,,,,,,,,,,,,,,,,,,,,,,,,,,,,,,,,,,2024.0,,,,,,,,,,
Hair Caffe Lab,,San Francisco,bay_area_startups_master.csv,,,bay_area_startups_master.csv,,,,,,,,CA,,,,,,,,,,,,,,,,,,,,,,,,,,,,,,,,,,,,2025.0,,,,,,,,,,
Hairglim Beauty,,San Francisco,bay_area_startups_master.csv,,,bay_area_startups_master.csv,,,,,,,,CA,,,,,,,,,,,,,,,,,,,,,,,,,,,,,,,,,,,,2024.0,,,,,,,,,,
Hairsbybren,,San Francisco,bay_area_startups_master.csv,,,bay_area_startups_master.csv,,,,,,,,CA,,,,,,,,,,,,,,,,,,,,,,,,,,,,,,,,,,,,2024.0,,,,,,,,,,
Hand Wash Detailing SF,,San Francisco,bay_area_startups_master.csv,,,bay_area_startups_master.csv,,,,,,,,CA,,,,,,,,,,,,,,,,,,,,,,,,,,,,,,,,,,,,2024.0,,,,,,,,,,
Happy Cozy Rental,,San Francisco,bay_area_startups_master.csv,,,bay_area_startups_master.csv,,,,,,,,CA,,,,,,,,,,,,,,,,,,,,,,,,,,,,,,,,,,,,2024.0,,,,,,,,,,
Happy Junk Truck,,San Francisco,bay_area_startups_master.csv,,,bay_area_startups_master.csv,,,,,,,,CA,,,,,,,,,,,,,,,,,,,,,,,,,,,,,,,,,,,,2024.0,,,,,,,,,,
Happy Patches LLC,,San Francisco,bay_area_startups_master.csv,,,bay_area_startups_master.csv,,,,,,,,CA,,,,,,,,,,,,,,,,,,,,,,,,,,,,,,,,,,,,2024.0,,,,,,,,,,
Happy Poke,,San Francisco,bay_area_startups_master.csv,,,bay_area_startups_master.csv,,,,,,,,CA,,,,,,,,,,,,,,,,,,,,,,,,,,,,,,,,,,,,2024.0,,,,,,,,,,
Happy Teachers,,San Francisco,bay_area_startups_master.csv,,,bay_area_startups_master.csv,,,,,,,,CA,,,,,,,,,,,,,,,,,,,,,,,,,,,,,,,,,,,,2024.0,,,,,,,,,,
Happy Tots Sf Daycare,,San Francisco,bay_area_startups_master.csv,,,bay_area_startups_master.csv,,,,,,,,CA,,,,,,,,,,,,,,,,,,,,,,,,,,,,,,,,,,,,2025.0,,,,,,,,,,
Hawkeye Safety Training,,San Francisco,bay_area_startups_master.csv,,,bay_area_startups_master.csv,,,,,,,,CA,,,,,,,,,,,,,,,,,,,,,,,,,,,,,,,,,,,,2025.0,,,,,,,,,,
Heat Technology Products,,San Francisco,bay_area_startups_master.csv,,,bay_area_startups_master.csv,,,,,,,,CA,,,,,,,,,,,,,,,,,,,,,,,,,,,,,,,,,,,,2024.0,,,,,,,,,,
Heating And Air Design,,San Francisco,bay_area_startups_master.csv,,,bay_area_startups_master.csv,,,,,,,,CA,,,,,,,,,,,,,,,,,,,,,,,,,,,,,,,,,,,,2025.0,,,,,,,,,,
Hero Auto Detailing,,San Francisco,bay_area_startups_master.csv,,,bay_area_startups_master.csv,,,,,,,,CA,,,,,,,,,,,,,,,,,,,,,,,,,,,,,,,,,,,,2025.0,,,,,,,,,,
"Hi-Lite Airfield Services, LLC",,San Francisco,bay_area_startups_master.csv,,,bay_area_startups_master.csv,,,,,,,,CA,,,,,,,,,,,,,,,,,,,,,,,,,,,,,,,,,,,,2024.0,,,,,,,,,,
High-Growth Digital,,San Francisco,bay_area_startups_master.csv,,,bay_area_startups_master.csv,,,,,,,,CA,,,,,,,,,,,,,,,,,,,,,,,,,,,,,,,,,,,,2025.0,,,,,,,,,,
Home Front Heating And Air Conditioning Inc,,San Francisco,bay_area_startups_master.csv,,,bay_area_startups_master.csv,,,,,,,,CA,,,,,,,,,,,,,,,,,,,,,,,,,,,,,,,,,,,,2024.0,,,,,,,,,,
Hometown Heating & Air,,San Francisco,bay_area_startups_master.csv,,,bay_area_startups_master.csv,,,,,,,,CA,,,,,,,,,,,,,,,,,,,,,,,,,,,,,,,,,,,,2024.0,,,,,,,,,,
Humantech,,San Francisco,bay_area_startups_master.csv,,,bay_area_startups_master.csv,,,,,,,,CA,,,,,,,,,,,,,,,,,,,,,,,,,,,,,,,,,,,,2024.0,,,,,,,,,,
Hung Mai Corporation Dba Floor Pros,,San Francisco,bay_area_startups_master.csv,,,bay_area_startups_master.csv,,,,,,,,CA,,,,,,,,,,,,,,,,,,,,,,,,,,,,,,,,,,,,2025.0,,,,,,,,,,
"Hydra Technologies, LLC",,San Francisco,bay_area_startups_master.csv,,,bay_area_startups_master.csv,,,,,,,,CA,,,,,,,,,,,,,,,,,,,,,,,,,,,,,,,,,,,,2024.0,,,,,,,,,,
In Place Technology Inc,,San Francisco,bay_area_startups_master.csv,,,bay_area_startups_master.csv,,,,,,,,CA,,,,,,,,,,,,,,,,,,,,,,,,,,,,,,,,,,,,2024.0,,,,,,,,,,
Informa Tech LLC,,San Francisco,bay_area_startups_master.csv,,,bay_area_startups_master.csv,,,,,,,,CA,,,,,,,,,,,,,,,,,,,,,,,,,,,,,,,,,,,,2024.0,,,,,,,,,,
Innovatics Ai LLC,,San Francisco,bay_area_startups_master.csv,,,bay_area_startups_master.csv,,,,,,,,CA,,,,,,,,,,,,,,,,,,,,,,,,,,,,,,,,,,,,2025.0,,,,,,,,,,
Insul-Tech Contracting,,San Francisco,bay_area_startups_master.csv,,,bay_area_startups_master.csv,,,,,,,,CA,,,,,,,,,,,,,,,,,,,,,,,,,,,,,,,,,,,,2025.0,,,,,,,,,,
Iz Painting,,San Francisco,bay_area_startups_master.csv,,,bay_area_startups_master.csv,,,,,,,,CA,,,,,,,,,,,,,,,,,,,,,,,,,,,,,,,,,,,,2025.0,,,,,,,,,,
Jackdanyels Mobile Car Wash And Detailing,,San Francisco,bay_area_startups_master.csv,,,bay_area_startups_master.csv,,,,,,,,CA,,,,,,,,,,,,,,,,,,,,,,,,,,,,,,,,,,,,2024.0,,,,,,,,,,
Jairo A Medina Mayorga,,San Francisco,bay_area_startups_master.csv,,,bay_area_startups_master.csv,,,,,,,,CA,,,,,,,,,,,,,,,,,,,,,,,,,,,,,,,,,,,,2025.0,,,,,,,,,,
Jamila Voltaire,,San Francisco,bay_area_startups_master.csv,,,bay_area_startups_master.csv,,,,,,,,CA,,,,,,,,,,,,,,,,,,,,,,,,,,,,,,,,,,,,2024.0,,,,,,,,,,
Jb Painting,,San Francisco,bay_area_startups_master.csv,,,bay_area_startups_master.csv,,,,,,,,CA,,,,,,,,,,,,,,,,,,,,,,,,,,,,,,,,,,,,2024.0,,,,,,,,,,
Joannabuksahair,,San Francisco,bay_area_startups_master.csv,,,bay_area_startups_master.csv,,,,,,,,CA,,,,,,,,,,,,,,,,,,,,,,,,,,,,,,,,,,,,2024.0,,,,,,,,,,
Js Information Technology Solutions LLC,,San Francisco,bay_area_startups_master.csv,,,bay_area_startups_master.csv,,,,,,,,CA,,,,,,,,,,,,,,,,,,,,,,,,,,,,,,,,,,,,2024.0,,,,,,,,,,
Js Technology Ventures Inc,,San Francisco,bay_area_startups_master.csv,,,bay_area_startups_master.csv,,,,,,,,CA,,,,,,,,,,,,,,,,,,,,,,,,,,,,,,,,,,,,2024.0,,,,,,,,,,
Junaid Basir Reinforce,,San Francisco,bay_area_startups_master.csv,,,bay_area_startups_master.csv,,,,,,,,CA,,,,,,,,,,,,,,,,,,,,,,,,,,,,,,,,,,,,2024.0,,,,,,,,,,
K&K Nail Studio,,San Francisco,bay_area_startups_master.csv,,,bay_area_startups_master.csv,,,,,,,,CA,,,,,,,,,,,,,,,,,,,,,,,,,,,,,,,,,,,,2024.0,,,,,,,,,,
Kai Morgan,,San Francisco,bay_area_startups_master.csv,,,bay_area_startups_master.csv,,,,,,,,CA,,,,,,,,,,,,,,,,,,,,,,,,,,,,,,,,,,,,2025.0,,,,,,,,,,
Kaili Beauty Nail Salon,,San Francisco,bay_area_startups_master.csv,,,bay_area_startups_master.csv,,,,,,,,CA,,,,,,,,,,,,,,,,,,,,,,,,,,,,,,,,,,,,2024.0,,,,,,,,,,
Kailie Barnes,,San Francisco,bay_area_startups_master.csv,,,bay_area_startups_master.csv,,,,,,,,CA,,,,,,,,,,,,,,,,,,,,,,,,,,,,,,,,,,,,2024.0,,,,,,,,,,
Kenia Beauty Nails,,San Francisco,bay_area_startups_master.csv,,,bay_area_startups_master.csv,,,,,,,,CA,,,,,,,,,,,,,,,,,,,,,,,,,,,,,,,,,,,,2024.0,,,,,,,,,,
"Kino Ai, Inc.",,San Francisco,bay_area_startups_master.csv,,,bay_area_startups_master.csv,,,,,,,,CA,,,,,,,,,,,,,,,,,,,,,,,,,,,,,,,,,,,,2024.0,,,,,,,,,,
"Kitchen Cabinet Public Affairs Group, Inc.",,San Francisco,bay_area_startups_master.csv,,,bay_area_startups_master.csv,,,,,,,,CA,,,,,,,,,,,,,,,,,,,,,,,,,,,,,,,,,,,,2025.0,,,,,,,,,,
Kmosaic,,San Francisco,bay_area_startups_master.csv,,,bay_area_startups_master.csv,,,,,,,,CA,,,,,,,,,,,,,,,,,,,,,,,,,,,,,,,,,,,,2025.0,,,,,,,,,,
Laila Fernanda Vivas Maline Sarmadi,,San Francisco,bay_area_startups_master.csv,,,bay_area_startups_master.csv,,,,,,,,CA,,,,,,,,,,,,,,,,,,,,,,,,,,,,,,,,,,,,2024.0,,,,,,,,,,
"Laketech Solutions, Inc.",,San Francisco,bay_area_startups_master.csv,,,bay_area_startups_master.csv,,,,,,,,CA,,,,,,,,,,,,,,,,,,,,,,,,,,,,,,,,,,,,2025.0,,,,,,,,,,
Lauren Elisa Face Painting,,San Francisco,bay_area_startups_master.csv,,,bay_area_startups_master.csv,,,,,,,,CA,,,,,,,,,,,,,,,,,,,,,,,,,,,,,,,,,,,,2025.0,,,,,,,,,,
"Law Office Of Christy Lai, P.C.",,San Francisco,bay_area_startups_master.csv,,,bay_area_startups_master.csv,,,,,,,,CA,,,,,,,,,,,,,,,,,,,,,,,,,,,,,,,,,,,,2024.0,,,,,,,,,,
Le Nain,,San Francisco,bay_area_startups_master.csv,,,bay_area_startups_master.csv,,,,,,,,CA,,,,,,,,,,,,,,,,,,,,,,,,,,,,,,,,,,,,2025.0,,,,,,,,,,
Leafair Construction Inc,,San Francisco,bay_area_startups_master.csv,,,bay_area_startups_master.csv,,,,,,,,CA,,,,,,,,,,,,,,,,,,,,,,,,,,,,,,,,,,,,2025.0,,,,,,,,,,
Leico Tire & Auto Repair,,San Francisco,bay_area_startups_master.csv,,,bay_area_startups_master.csv,,,,,,,,CA,,,,,,,,,,,,,,,,,,,,,,,,,,,,,,,,,,,,2025.0,,,,,,,,,,
Leksi Paints,,San Francisco,bay_area_startups_master.csv,,,bay_area_startups_master.csv,,,,,,,,CA,,,,,,,,,,,,,,,,,,,,,,,,,,,,,,,,,,,,2024.0,,,,,,,,,,
Leshchinskaia Music,,San Francisco,bay_area_startups_master.csv,,,bay_area_startups_master.csv,,,,,,,,CA,,,,,,,,,,,,,,,,,,,,,,,,,,,,,,,,,,,,2025.0,,,,,,,,,,
Ligier Entertainment Inc.,,San Francisco,bay_area_startups_master.csv,,,bay_area_startups_master.csv,,,,,,,,CA,,,,,,,,,,,,,,,,,,,,,,,,,,,,,,,,,,,,2025.0,,,,,,,,,,
"Linkup Mobile, Inc.",,San Francisco,bay_area_startups_master.csv,,,bay_area_startups_master.csv,,,,,,,,CA,,,,,,,,,,,,,,,,,,,,,,,,,,,,,,,,,,,,2024.0,,,,,,,,,,
"Liquidmetal Ai, Inc.",,San Francisco,bay_area_startups_master.csv,,,bay_area_startups_master.csv,,,,,,,,CA,,,,,,,,,,,,,,,,,,,,,,,,,,,,,,,,,,,,2024.0,,,,,,,,,,
Live Guard Tech LLC,,San Francisco,bay_area_startups_master.csv,,,bay_area_startups_master.csv,,,,,,,,CA,,,,,,,,,,,,,,,,,,,,,,,,,,,,,,,,,,,,2024.0,,,,,,,,,,
"Loqi Applications, LLC",,San Francisco,bay_area_startups_master.csv,,,bay_area_startups_master.csv,,,,,,,,CA,,,,,,,,,,,,,,,,,,,,,,,,,,,,,,,,,,,,2024.0,,,,,,,,,,
Lucidic Ai,,San Francisco,bay_area_startups_master.csv,,,bay_area_startups_master.csv,,,,,,,,CA,,,,,,,,,,,,,,,,,,,,,,,,,,,,,,,,,,,,2025.0,,,,,,,,,,
Luckyxhair,,San Francisco,bay_area_startups_master.csv,,,bay_area_startups_master.csv,,,,,,,,CA,,,,,,,,,,,,,,,,,,,,,,,,,,,,,,,,,,,,2025.0,,,,,,,,,,
Luke Moody Ai,,San Francisco,bay_area_startups_master.csv,,,bay_area_startups_master.csv,,,,,,,,CA,,,,,,,,,,,,,,,,,,,,,,,,,,,,,,,,,,,,2024.0,,,,,,,,,,
"Luminator Technology Group Global, LLC",,San Francisco,bay_area_startups_master.csv,,,bay_area_startups_master.csv,,,,,,,,CA,,,,,,,,,,,,,,,,,,,,,,,,,,,,,,,,,,,,2024.0,,,,,,,,,,
Lunarlanding.Ai,,San Francisco,bay_area_startups_master.csv,,,bay_area_startups_master.csv,,,,,,,,CA,,,,,,,,,,,,,,,,,,,,,,,,,,,,,,,,,,,,2025.0,,,,,,,,,,
"Macano Tech, LLC",,San Francisco,bay_area_startups_master.csv,,,bay_area_startups_master.csv,,,,,,,,CA,,,,,,,,,,,,,,,,,,,,,,,,,,,,,,,,,,,,2024.0,,,,,,,,,,
Made Simple Heating And Air Inc.,,San Francisco,bay_area_startups_master.csv,,,bay_area_startups_master.csv,,,,,,,,CA,,,,,,,,,,,,,,,,,,,,,,,,,,,,,,,,,,,,2024.0,,,,,,,,,,
Mai Bodywork,,San Francisco,bay_area_startups_master.csv,,,bay_area_startups_master.csv,,,,,,,,CA,,,,,,,,,,,,,,,,,,,,,,,,,,,,,,,,,,,,2025.0,,,,,,,,,,
Maigane Music,,San Francisco,bay_area_startups_master.csv,,,bay_area_startups_master.csv,,,,,,,,CA,,,,,,,,,,,,,,,,,,,,,,,,,,,,,,,,,,,,2024.0,,,,,,,,,,
Maison Assist,,San Francisco,bay_area_startups_master.csv,,,bay_area_startups_master.csv,,,,,,,,CA,,,,,,,,,,,,,,,,,,,,,,,,,,,,,,,,,,,,2025.0,,,,,,,,,,
Maison Au Pont Owners Association,,San Francisco,bay_area_startups_master.csv,,,bay_area_startups_master.csv,,,,,,,,CA,,,,,,,,,,,,,,,,,,,,,,,,,,,,,,,,,,,,2024.0,,,,,,,,,,
Maison De Vertu,,San Francisco,bay_area_startups_master.csv,,,bay_area_startups_master.csv,,,,,,,,CA,,,,,,,,,,,,,,,,,,,,,,,,,,,,,,,,,,,,2024.0,,,,,,,,,,
Maison Eureka,,San Francisco,bay_area_startups_master.csv,,,bay_area_startups_master.csv,,,,,,,,CA,,,,,,,,,,,,,,,,,,,,,,,,,,,,,,,,,,,,2025.0,,,,,,,,,,
"Maiten Consulting, LLC",,San Francisco,bay_area_startups_master.csv,,,bay_area_startups_master.csv,,,,,,,,CA,,,,,,,,,,,,,,,,,,,,,,,,,,,,,,,,,,,,2025.0,,,,,,,,,,
Mantech (Usa) Inc.,,San Francisco,bay_area_startups_master.csv,,,bay_area_startups_master.csv,,,,,,,,CA,,,,,,,,,,,,,,,,,,,,,,,,,,,,,,,,,,,,2024.0,,,,,,,,,,
Marina Auto Detail,,San Francisco,bay_area_startups_master.csv,,,bay_area_startups_master.csv,,,,,,,,CA,,,,,,,,,,,,,,,,,,,,,,,,,,,,,,,,,,,,2024.0,,,,,,,,,,
Mb Painting Company,,San Francisco,bay_area_startups_master.csv,,,bay_area_startups_master.csv,,,,,,,,CA,,,,,,,,,,,,,,,,,,,,,,,,,,,,,,,,,,,,2024.0,,,,,,,,,,
Mbh Residential Cleaning And Maintenance Services,,San Francisco,bay_area_startups_master.csv,,,bay_area_startups_master.csv,,,,,,,,CA,,,,,,,,,,,,,,,,,,,,,,,,,,,,,,,,,,,,2025.0,,,,,,,,,,
Memos Painters LLC,,San Francisco,bay_area_startups_master.csv,,,bay_area_startups_master.csv,,,,,,,,CA,,,,,,,,,,,,,,,,,,,,,,,,,,,,,,,,,,,,2025.0,,,,,,,,,,
Metaintels LLC,,San Francisco,bay_area_startups_master.csv,,,bay_area_startups_master.csv,,,,,,,,CA,,,,,,,,,,,,,,,,,,,,,,,,,,,,,,,,,,,,2024.0,,,,,,,,,,
Metro Mobile Communications,,San Francisco,bay_area_startups_master.csv,,,bay_area_startups_master.csv,,,,,,,,CA,,,,,,,,,,,,,,,,,,,,,,,,,,,,,,,,,,,,2024.0,,,,,,,,,,
Miguel Painting,,San Francisco,bay_area_startups_master.csv,,,bay_area_startups_master.csv,,,,,,,,CA,,,,,,,,,,,,,,,,,,,,,,,,,,,,,,,,,,,,2025.0,,,,,,,,,,
Mindfulfairy Foundation,,San Francisco,bay_area_startups_master.csv,,,bay_area_startups_master.csv,,,,,,,,CA,,,,,,,,,,,,,,,,,,,,,,,,,,,,,,,,,,,,2025.0,,,,,,,,,,
Mobetta Entertainment,,San Francisco,bay_area_startups_master.csv,,,bay_area_startups_master.csv,,,,,,,,CA,,,,,,,,,,,,,,,,,,,,,,,,,,,,,,,,,,,,2025.0,,,,,,,,,,
"Mosaic Ai Labs, Inc.",,San Francisco,bay_area_startups_master.csv,,,bay_area_startups_master.csv,,,,,,,,CA,,,,,,,,,,,,,,,,,,,,,,,,,,,,,,,,,,,,2025.0,,,,,,,,,,
Mosaic Global Transportation,,San Francisco,bay_area_startups_master.csv,,,bay_area_startups_master.csv,,,,,,,,CA,,,,,,,,,,,,,,,,,,,,,,,,,,,,,,,,,,,,2025.0,,,,,,,,,,
Mosaic Public Partners LLC,,San Francisco,bay_area_startups_master.csv,,,bay_area_startups_master.csv,,,,,,,,CA,,,,,,,,,,,,,,,,,,,,,,,,,,,,,,,,,,,,2024.0,,,,,,,,,,
Mountain Microgrids,,San Francisco,bay_area_startups_master.csv,,,bay_area_startups_master.csv,,,,,,,,CA,,,,,,,,,,,,,,,,,,,,,,,,,,,,,,,,,,,,2024.0,,,,,,,,,,
Mova.Ai,,San Francisco,bay_area_startups_master.csv,,,bay_area_startups_master.csv,,,,,,,,CA,,,,,,,,,,,,,,,,,,,,,,,,,,,,,,,,,,,,2025.0,,,,,,,,,,
Nail Dar,,San Francisco,bay_area_startups_master.csv,,,bay_area_startups_master.csv,,,,,,,,CA,,,,,,,,,,,,,,,,,,,,,,,,,,,,,,,,,,,,2024.0,,,,,,,,,,
Nail It SF,,San Francisco,bay_area_startups_master.csv,,,bay_area_startups_master.csv,,,,,,,,CA,,,,,,,,,,,,,,,,,,,,,,,,,,,,,,,,,,,,2024.0,,,,,,,,,,
Nailart Fairytale,,San Francisco,bay_area_startups_master.csv,,,bay_area_startups_master.csv,,,,,,,,CA,,,,,,,,,,,,,,,,,,,,,,,,,,,,,,,,,,,,2024.0,,,,,,,,,,
Nails 2001,,San Francisco,bay_area_startups_master.csv,,,bay_area_startups_master.csv,,,,,,,,CA,,,,,,,,,,,,,,,,,,,,,,,,,,,,,,,,,,,,2024.0,,,,,,,,,,
New Image Hairstyling,,San Francisco,bay_area_startups_master.csv,,,bay_area_startups_master.csv,,,,,,,,CA,,,,,,,,,,,,,,,,,,,,,,,,,,,,,,,,,,,,2025.0,,,,,,,,,,
Nicolas Protopappas,,San Francisco,bay_area_startups_master.csv,,,bay_area_startups_master.csv,,,,,,,,CA,,,,,,,,,,,,,,,,,,,,,,,,,,,,,,,,,,,,2024.0,,,,,,,,,,
"Nonna App, LLC",,San Francisco,bay_area_startups_master.csv,,,bay_area_startups_master.csv,,,,,,,,CA,,,,,,,,,,,,,,,,,,,,,,,,,,,,,,,,,,,,2024.0,,,,,,,,,,
Norcal Maid Cleaning Services,,San Francisco,bay_area_startups_master.csv,,,bay_area_startups_master.csv,,,,,,,,CA,,,,,,,,,,,,,,,,,,,,,,,,,,,,,,,,,,,,2024.0,,,,,,,,,,
Novas Airbnb,,San Francisco,bay_area_startups_master.csv,,,bay_area_startups_master.csv,,,,,,,,CA,,,,,,,,,,,,,,,,,,,,,,,,,,,,,,,,,,,,2024.0,,,,,,,,,,
Omnithink.Ai Inc.,,San Francisco,bay_area_startups_master.csv,,,bay_area_startups_master.csv,,,,,,,,CA,,,,,,,,,,,,,,,,,,,,,,,,,,,,,,,,,,,,2024.0,,,,,,,,,,
Onedigital,,San Francisco,bay_area_startups_master.csv,,,bay_area_startups_master.csv,,,,,,,,CA,,,,,,,,,,,,,,,,,,,,,,,,,,,,,,,,,,,,2024.0,,,,,,,,,,
Organization Technology,,San Francisco,bay_area_startups_master.csv,,,bay_area_startups_master.csv,,,,,,,,CA,,,,,,,,,,,,,,,,,,,,,,,,,,,,,,,,,,,,2024.0,,,,,,,,,,
Oscar Areas Mobile Auto Repair,,San Francisco,bay_area_startups_master.csv,,,bay_area_startups_master.csv,,,,,,,,CA,,,,,,,,,,,,,,,,,,,,,,,,,,,,,,,,,,,,2024.0,,,,,,,,,,
"Oui, Si, Hai LLC",,San Francisco,bay_area_startups_master.csv,,,bay_area_startups_master.csv,,,,,,,,CA,,,,,,,,,,,,,,,,,,,,,,,,,,,,,,,,,,,,2024.0,,,,,,,,,,
Paige Mclaughlin,,San Francisco,bay_area_startups_master.csv,,,bay_area_startups_master.csv,,,,,,,,CA,,,,,,,,,,,,,,,,,,,,,,,,,,,,,,,,,,,,2025.0,,,,,,,,,,
Par Apparel LLC,,San Francisco,bay_area_startups_master.csv,,,bay_area_startups_master.csv,,,,,,,,CA,,,,,,,,,,,,,,,,,,,,,,,,,,,,,,,,,,,,2024.0,,,,,,,,,,
"Paratus Ai, Inc",,San Francisco,bay_area_startups_master.csv,,,bay_area_startups_master.csv,,,,,,,,CA,,,,,,,,,,,,,,,,,,,,,,,,,,,,,,,,,,,,2024.0,,,,,,,,,,
Patronus Ai,,San Francisco,bay_area_startups_master.csv,,,bay_area_startups_master.csv,,,,,,,,CA,,,,,,,,,,,,,,,,,,,,,,,,,,,,,,,,,,,,2025.0,,,,,,,,,,
Pauls Mobile Detailing Inc,,San Francisco,bay_area_startups_master.csv,,,bay_area_startups_master.csv,,,,,,,,CA,,,,,,,,,,,,,,,,,,,,,,,,,,,,,,,,,,,,2024.0,,,,,,,,,,
Peachy Nails,,San Francisco,bay_area_startups_master.csv,,,bay_area_startups_master.csv,,,,,,,,CA,,,,,,,,,,,,,,,,,,,,,,,,,,,,,,,,,,,,2024.0,,,,,,,,,,
Peerless Digital Services,,San Francisco,bay_area_startups_master.csv,,,bay_area_startups_master.csv,,,,,,,,CA,,,,,,,,,,,,,,,,,,,,,,,,,,,,,,,,,,,,2024.0,,,,,,,,,,
"Perfect Pairing Trading, LLC.",,San Francisco,bay_area_startups_master.csv,,,bay_area_startups_master.csv,,,,,,,,CA,,,,,,,,,,,,,,,,,,,,,,,,,,,,,,,,,,,,2024.0,,,,,,,,,,
Perfect Star Heating & Air Conditioning,,San Francisco,bay_area_startups_master.csv,,,bay_area_startups_master.csv,,,,,,,,CA,,,,,,,,,,,,,,,,,,,,,,,,,,,,,,,,,,,,2025.0,,,,,,,,,,
Phone & Computer Repair 23rd,,San Francisco,bay_area_startups_master.csv,,,bay_area_startups_master.csv,,,,,,,,CA,,,,,,,,,,,,,,,,,,,,,,,,,,,,,,,,,,,,2024.0,,,,,,,,,,
Phone Repair,,San Francisco,bay_area_startups_master.csv,,,bay_area_startups_master.csv,,,,,,,,CA,,,,,,,,,,,,,,,,,,,,,,,,,,,,,,,,,,,,2024.0,,,,,,,,,,
Precision Strength Training,,San Francisco,bay_area_startups_master.csv,,,bay_area_startups_master.csv,,,,,,,,CA,,,,,,,,,,,,,,,,,,,,,,,,,,,,,,,,,,,,2025.0,,,,,,,,,,
Premier Hair Solutions,,San Francisco,bay_area_startups_master.csv,,,bay_area_startups_master.csv,,,,,,,,CA,,,,,,,,,,,,,,,,,,,,,,,,,,,,,,,,,,,,2024.0,,,,,,,,,,
Prestige Custom Painting Inc,,San Francisco,bay_area_startups_master.csv,,,bay_area_startups_master.csv,,,,,,,,CA,,,,,,,,,,,,,,,,,,,,,,,,,,,,,,,,,,,,2024.0,,,,,,,,,,
Pretty Art Nail & Beauty Spa,,San Francisco,bay_area_startups_master.csv,,,bay_area_startups_master.csv,,,,,,,,CA,,,,,,,,,,,,,,,,,,,,,,,,,,,,,,,,,,,,2025.0,,,,,,,,,,
"Primal Paint, Inc.",,San Francisco,bay_area_startups_master.csv,,,bay_area_startups_master.csv,,,,,,,,CA,,,,,,,,,,,,,,,,,,,,,,,,,,,,,,,,,,,,2024.0,,,,,,,,,,
"Propel Platform, Inc.",,San Francisco,bay_area_startups_master.csv,,,bay_area_startups_master.csv,,,,,,,,CA,,,,,,,,,,,,,,,,,,,,,,,,,,,,,,,,,,,,2024.0,,,,,,,,,,
Pulidos Painting,,San Francisco,bay_area_startups_master.csv,,,bay_area_startups_master.csv,,,,,,,,CA,,,,,,,,,,,,,,,,,,,,,,,,,,,,,,,,,,,,2025.0,,,,,,,,,,
Puzz.Ai,,San Francisco,bay_area_startups_master.csv,,,bay_area_startups_master.csv,,,,,,,,CA,,,,,,,,,,,,,,,,,,,,,,,,,,,,,,,,,,,,2025.0,,,,,,,,,,
"Quantum Energy Services & Technologies, Inc.",,San Francisco,bay_area_startups_master.csv,,,bay_area_startups_master.csv,,,,,,,,CA,,,,,,,,,,,,,,,,,,,,,,,,,,,,,,,,,,,,2025.0,,,,,,,,,,
Queue Happy Inspirations,,San Francisco,bay_area_startups_master.csv,,,bay_area_startups_master.csv,,,,,,,,CA,,,,,,,,,,,,,,,,,,,,,,,,,,,,,,,,,,,,2025.0,,,,,,,,,,
Quevedo Painting,,San Francisco,bay_area_startups_master.csv,,,bay_area_startups_master.csv,,,,,,,,CA,,,,,,,,,,,,,,,,,,,,,,,,,,,,,,,,,,,,2024.0,,,,,,,,,,
Quick Fix Garage Door Repair Inc,,San Francisco,bay_area_startups_master.csv,,,bay_area_startups_master.csv,,,,,,,,CA,,,,,,,,,,,,,,,,,,,,,,,,,,,,,,,,,,,,2024.0,,,,,,,,,,
Rainbow Beauty Spa,,San Francisco,bay_area_startups_master.csv,,,bay_area_startups_master.csv,,,,,,,,CA,,,,,,,,,,,,,,,,,,,,,,,,,,,,,,,,,,,,2025.0,,,,,,,,,,
Rainbow Market And Deli,,San Francisco,bay_area_startups_master.csv,,,bay_area_startups_master.csv,,,,,,,,CA,,,,,,,,,,,,,,,,,,,,,,,,,,,,,,,,,,,,2025.0,,,,,,,,,,
Rc Maintenance Holdings Inc,,San Francisco,bay_area_startups_master.csv,,,bay_area_startups_master.csv,,,,,,,,CA,,,,,,,,,,,,,,,,,,,,,,,,,,,,,,,,,,,,2024.0,,,,,,,,,,
Rebecca Wraxall Hair,,San Francisco,bay_area_startups_master.csv,,,bay_area_startups_master.csv,,,,,,,,CA,,,,,,,,,,,,,,,,,,,,,,,,,,,,,,,,,,,,2025.0,,,,,,,,,,
Rebelretailers,,San Francisco,bay_area_startups_master.csv,,,bay_area_startups_master.csv,,,,,,,,CA,,,,,,,,,,,,,,,,,,,,,,,,,,,,,,,,,,,,2025.0,,,,,,,,,,
Removaldefense.Ai,,San Francisco,bay_area_startups_master.csv,,,bay_area_startups_master.csv,,,,,,,,CA,,,,,,,,,,,,,,,,,,,,,,,,,,,,,,,,,,,,2024.0,,,,,,,,,,
Revic Ai Inc,,San Francisco,bay_area_startups_master.csv,,,bay_area_startups_master.csv,,,,,,,,CA,,,,,,,,,,,,,,,,,,,,,,,,,,,,,,,,,,,,2024.0,,,,,,,,,,
Richmond District Jewelry Repair,,San Francisco,bay_area_startups_master.csv,,,bay_area_startups_master.csv,,,,,,,,CA,,,,,,,,,,,,,,,,,,,,,,,,,,,,,,,,,,,,2024.0,,,,,,,,,,
Ridea Painting,,San Francisco,bay_area_startups_master.csv,,,bay_area_startups_master.csv,,,,,,,,CA,,,,,,,,,,,,,,,,,,,,,,,,,,,,,,,,,,,,2025.0,,,,,,,,,,
"Riley Ai, Inc.",,San Francisco,bay_area_startups_master.csv,,,bay_area_startups_master.csv,,,,,,,,CA,,,,,,,,,,,,,,,,,,,,,,,,,,,,,,,,,,,,2025.0,,,,,,,,,,
"Riveter Ai, Inc.",,San Francisco,bay_area_startups_master.csv,,,bay_area_startups_master.csv,,,,,,,,CA,,,,,,,,,,,,,,,,,,,,,,,,,,,,,,,,,,,,2024.0,,,,,,,,,,
Rockstar Iphone Ipad Samsung Mac Laptop & Electronics Repair,,San Francisco,bay_area_startups_master.csv,,,bay_area_startups_master.csv,,,,,,,,CA,,,,,,,,,,,,,,,,,,,,,,,,,,,,,,,,,,,,2024.0,,,,,,,,,,
Rotor Digital Services,,San Francisco,bay_area_startups_master.csv,,,bay_area_startups_master.csv,,,,,,,,CA,,,,,,,,,,,,,,,,,,,,,,,,,,,,,,,,,,,,2024.0,,,,,,,,,,
Roundabout Technologies,,San Francisco,bay_area_startups_master.csv,,,bay_area_startups_master.csv,,,,,,,,CA,,,,,,,,,,,,,,,,,,,,,,,,,,,,,,,,,,,,2024.0,,,,,,,,,,
Rous Maintenance Services LLC,,San Francisco,bay_area_startups_master.csv,,,bay_area_startups_master.csv,,,,,,,,CA,,,,,,,,,,,,,,,,,,,,,,,,,,,,,,,,,,,,2025.0,,,,,,,,,,
Running With Abigail LLC,,San Francisco,bay_area_startups_master.csv,,,bay_area_startups_master.csv,,,,,,,,CA,,,,,,,,,,,,,,,,,,,,,,,,,,,,,,,,,,,,2025.0,,,,,,,,,,
Rush Air Mechanical,,San Francisco,bay_area_startups_master.csv,,,bay_area_startups_master.csv,,,,,,,,CA,,,,,,,,,,,,,,,,,,,,,,,,,,,,,,,,,,,,2024.0,,,,,,,,,,
Said & Done Projects,,San Francisco,bay_area_startups_master.csv,,,bay_area_startups_master.csv,,,,,,,,CA,,,,,,,,,,,,,,,,,,,,,,,,,,,,,,,,,,,,2025.0,,,,,,,,,,
Sandpail Productions,,San Francisco,bay_area_startups_master.csv,,,bay_area_startups_master.csv,,,,,,,,CA,,,,,,,,,,,,,,,,,,,,,,,,,,,,,,,,,,,,2025.0,,,,,,,,,,
Sandy Ai,,San Francisco,bay_area_startups_master.csv,,,bay_area_startups_master.csv,,,,,,,,CA,,,,,,,,,,,,,,,,,,,,,,,,,,,,,,,,,,,,2025.0,,,,,,,,,,
Sandy Health Ai,,San Francisco,bay_area_startups_master.csv,,,bay_area_startups_master.csv,,,,,,,,CA,,,,,,,,,,,,,,,,,,,,,,,,,,,,,,,,,,,,2025.0,,,,,,,,,,
"Scrubz Apparel Supplies 2024 Unlimited, LLC",,San Francisco,bay_area_startups_master.csv,,,bay_area_startups_master.csv,,,,,,,,CA,,,,,,,,,,,,,,,,,,,,,,,,,,,,,,,,,,,,2024.0,,,,,,,,,,
"Securus Technologies, LLC",,San Francisco,bay_area_startups_master.csv,,,bay_area_startups_master.csv,,,,,,,,CA,,,,,,,,,,,,,,,,,,,,,,,,,,,,,,,,,,,,2025.0,,,,,,,,,,
Service King Air,,San Francisco,bay_area_startups_master.csv,,,bay_area_startups_master.csv,,,,,,,,CA,,,,,,,,,,,,,,,,,,,,,,,,,,,,,,,,,,,,2024.0,,,,,,,,,,
Sf House Of Nails,,San Francisco,bay_area_startups_master.csv,,,bay_area_startups_master.csv,,,,,,,,CA,,,,,,,,,,,,,,,,,,,,,,,,,,,,,,,,,,,,2025.0,,,,,,,,,,
Sf House Of Nails Pierce Inc,,San Francisco,bay_area_startups_master.csv,,,bay_area_startups_master.csv,,,,,,,,CA,,,,,,,,,,,,,,,,,,,,,,,,,,,,,,,,,,,,2025.0,,,,,,,,,,
Shannon Cairns,,San Francisco,bay_area_startups_master.csv,,,bay_area_startups_master.csv,,,,,,,,CA,,,,,,,,,,,,,,,,,,,,,,,,,,,,,,,,,,,,2025.0,,,,,,,,,,
Silver Apple LLC,,San Francisco,bay_area_startups_master.csv,,,bay_area_startups_master.csv,,,,,,,,CA,,,,,,,,,,,,,,,,,,,,,,,,,,,,,,,,,,,,2024.0,,,,,,,,,,
Silver Cloud,,San Francisco,bay_area_startups_master.csv,,,bay_area_startups_master.csv,,,,,,,,CA,,,,,,,,,,,,,,,,,,,,,,,,,,,,,,,,,,,,2024.0,,,,,,,,,,
Sinclair Domestic Services,,San Francisco,bay_area_startups_master.csv,,,bay_area_startups_master.csv,,,,,,,,CA,,,,,,,,,,,,,,,,,,,,,,,,,,,,,,,,,,,,2024.0,,,,,,,,,,
Slightly Straight Stud Construction,,San Francisco,bay_area_startups_master.csv,,,bay_area_startups_master.csv,,,,,,,,CA,,,,,,,,,,,,,,,,,,,,,,,,,,,,,,,,,,,,2025.0,,,,,,,,,,
Smarketing Technologies Corporation,,San Francisco,bay_area_startups_master.csv,,,bay_area_startups_master.csv,,,,,,,,CA,,,,,,,,,,,,,,,,,,,,,,,,,,,,,,,,,,,,2025.0,,,,,,,,,,
Smart & Beyond Painting Inc,,San Francisco,bay_area_startups_master.csv,,,bay_area_startups_master.csv,,,,,,,,CA,,,,,,,,,,,,,,,,,,,,,,,,,,,,,,,,,,,,2025.0,,,,,,,,,,
"So Does Nails, Inc",,San Francisco,bay_area_startups_master.csv,,,bay_area_startups_master.csv,,,,,,,,CA,,,,,,,,,,,,,,,,,,,,,,,,,,,,,,,,,,,,2024.0,,,,,,,,,,
Solar Tech Collective LLC,,San Francisco,bay_area_startups_master.csv,,,bay_area_startups_master.csv,,,,,,,,CA,,,,,,,,,,,,,,,,,,,,,,,,,,,,,,,,,,,,2024.0,,,,,,,,,,
Solis Ai And Data Transformation Services,,San Francisco,bay_area_startups_master.csv,,,bay_area_startups_master.csv,,,,,,,,CA,,,,,,,,,,,,,,,,,,,,,,,,,,,,,,,,,,,,2024.0,,,,,,,,,,
Somo Ai Inc,,San Francisco,bay_area_startups_master.csv,,,bay_area_startups_master.csv,,,,,,,,CA,,,,,,,,,,,,,,,,,,,,,,,,,,,,,,,,,,,,2024.0,,,,,,,,,,
Sophia Nail Spa,,San Francisco,bay_area_startups_master.csv,,,bay_area_startups_master.csv,,,,,,,,CA,,,,,,,,,,,,,,,,,,,,,,,,,,,,,,,,,,,,2024.0,,,,,,,,,,
Soulful Web Design Studio,,San Francisco,bay_area_startups_master.csv,,,bay_area_startups_master.csv,,,,,,,,CA,,,,,,,,,,,,,,,,,,,,,,,,,,,,,,,,,,,,2025.0,,,,,,,,,,
Sparkl Sustainable Solutions Dba Sparkl Reusables,,San Francisco,bay_area_startups_master.csv,,,bay_area_startups_master.csv,,,,,,,,CA,,,,,,,,,,,,,,,,,,,,,,,,,,,,,,,,,,,,2024.0,,,,,,,,,,
Steps Towards Faith,,San Francisco,bay_area_startups_master.csv,,,bay_area_startups_master.csv,,,,,,,,CA,,,,,,,,,,,,,,,,,,,,,,,,,,,,,,,,,,,,2024.0,,,,,,,,,,
Stoic Tech,,San Francisco,bay_area_startups_master.csv,,,bay_area_startups_master.csv,,,,,,,,CA,,,,,,,,,,,,,,,,,,,,,,,,,,,,,,,,,,,,2024.0,,,,,,,,,,
Straightedge Handyman Service And Solutions,,San Francisco,bay_area_startups_master.csv,,,bay_area_startups_master.csv,,,,,,,,CA,,,,,,,,,,,,,,,,,,,,,,,,,,,,,,,,,,,,2025.0,,,,,,,,,,
Sun & Shield Tech Services,,San Francisco,bay_area_startups_master.csv,,,bay_area_startups_master.csv,,,,,,,,CA,,,,,,,,,,,,,,,,,,,,,,,,,,,,,,,,,,,,2024.0,,,,,,,,,,
Sunset Painting,,San Francisco,bay_area_startups_master.csv,,,bay_area_startups_master.csv,,,,,,,,CA,,,,,,,,,,,,,,,,,,,,,,,,,,,,,,,,,,,,2024.0,,,,,,,,,,
Susie Thai Massage,,San Francisco,bay_area_startups_master.csv,,,bay_area_startups_master.csv,,,,,,,,CA,,,,,,,,,,,,,,,,,,,,,,,,,,,,,,,,,,,,2024.0,,,,,,,,,,
T & H Painting Company,,San Francisco,bay_area_startups_master.csv,,,bay_area_startups_master.csv,,,,,,,,CA,,,,,,,,,,,,,,,,,,,,,,,,,,,,,,,,,,,,2024.0,,,,,,,,,,
Tacos El Shaddai,,San Francisco,bay_area_startups_master.csv,,,bay_area_startups_master.csv,,,,,,,,CA,,,,,,,,,,,,,,,,,,,,,,,,,,,,,,,,,,,,2025.0,,,,,,,,,,
Tailwinds,,San Francisco,bay_area_startups_master.csv,,,bay_area_startups_master.csv,,,,,,,,CA,,,,,,,,,,,,,,,,,,,,,,,,,,,,,,,,,,,,2025.0,,,,,,,,,,
Tailwinds Advisory,,San Francisco,bay_area_startups_master.csv,,,bay_area_startups_master.csv,,,,,,,,CA,,,,,,,,,,,,,,,,,,,,,,,,,,,,,,,,,,,,2025.0,,,,,,,,,,
Taishan Cuisine,,San Francisco,bay_area_startups_master.csv,,,bay_area_startups_master.csv,,,,,,,,CA,,,,,,,,,,,,,,,,,,,,,,,,,,,,,,,,,,,,2024.0,,,,,,,,,,
Taishan Cuisine Second,,San Francisco,bay_area_startups_master.csv,,,bay_area_startups_master.csv,,,,,,,,CA,,,,,,,,,,,,,,,,,,,,,,,,,,,,,,,,,,,,2024.0,,,,,,,,,,
Taishan Cuisine The 5th One,,San Francisco,bay_area_startups_master.csv,,,bay_area_startups_master.csv,,,,,,,,CA,,,,,,,,,,,,,,,,,,,,,,,,,,,,,,,,,,,,2024.0,,,,,,,,,,
Taishan Food Gift Shop,,San Francisco,bay_area_startups_master.csv,,,bay_area_startups_master.csv,,,,,,,,CA,,,,,,,,,,,,,,,,,,,,,,,,,,,,,,,,,,,,2025.0,,,,,,,,,,
Taishan Restaurant,,San Francisco,bay_area_startups_master.csv,,,bay_area_startups_master.csv,,,,,,,,CA,,,,,,,,,,,,,,,,,,,,,,,,,,,,,,,,,,,,2024.0,,,,,,,,,,
Taishan Specialty,,San Francisco,bay_area_startups_master.csv,,,bay_area_startups_master.csv,,,,,,,,CA,,,,,,,,,,,,,,,,,,,,,,,,,,,,,,,,,,,,2024.0,,,,,,,,,,
Taldea Services And Maintenance,,San Francisco,bay_area_startups_master.csv,,,bay_area_startups_master.csv,,,,,,,,CA,,,,,,,,,,,,,,,,,,,,,,,,,,,,,,,,,,,,2025.0,,,,,,,,,,
Teixeira Training,,San Francisco,bay_area_startups_master.csv,,,bay_area_startups_master.csv,,,,,,,,CA,,,,,,,,,,,,,,,,,,,,,,,,,,,,,,,,,,,,2024.0,,,,,,,,,,
"Terrace Biotech, LLC",,San Francisco,bay_area_startups_master.csv,,,bay_area_startups_master.csv,,,,,,,,CA,,,,,,,,,,,,,,,,,,,,,,,,,,,,,,,,,,,,2024.0,,,,,,,,,,
Tetelestai Painting Corporation,,San Francisco,bay_area_startups_master.csv,,,bay_area_startups_master.csv,,,,,,,,CA,,,,,,,,,,,,,,,,,,,,,,,,,,,,,,,,,,,,2024.0,,,,,,,,,,
The Ai Receptionist Agency,,San Francisco,bay_area_startups_master.csv,,,bay_area_startups_master.csv,,,,,,,,CA,,,,,,,,,,,,,,,,,,,,,,,,,,,,,,,,,,,,2025.0,,,,,,,,,,
The Creation Painting Inc.,,San Francisco,bay_area_startups_master.csv,,,bay_area_startups_master.csv,,,,,,,,CA,,,,,,,,,,,,,,,,,,,,,,,,,,,,,,,,,,,,2024.0,,,,,,,,,,
The Daisy Foundation,,San Francisco,bay_area_startups_master.csv,,,bay_area_startups_master.csv,,,,,,,,CA,,,,,,,,,,,,,,,,,,,,,,,,,,,,,,,,,,,,2025.0,,,,,,,,,,
"The Main Post, Inc",,San Francisco,bay_area_startups_master.csv,,,bay_area_startups_master.csv,,,,,,,,CA,,,,,,,,,,,,,,,,,,,,,,,,,,,,,,,,,,,,2025.0,,,,,,,,,,
Three Soles Inc. Dba Trainor Builders,,San Francisco,bay_area_startups_master.csv,,,bay_area_startups_master.csv,,,,,,,,CA,,,,,,,,,,,,,,,,,,,,,,,,,,,,,,,,,,,,2024.0,,,,,,,,,,
Tie Dye By Gail,,San Francisco,bay_area_startups_master.csv,,,bay_area_startups_master.csv,,,,,,,,CA,,,,,,,,,,,,,,,,,,,,,,,,,,,,,,,,,,,,2024.0,,,,,,,,,,
Toc Painting,,San Francisco,bay_area_startups_master.csv,,,bay_area_startups_master.csv,,,,,,,,CA,,,,,,,,,,,,,,,,,,,,,,,,,,,,,,,,,,,,2024.0,,,,,,,,,,
Tom Praisan,,San Francisco,bay_area_startups_master.csv,,,bay_area_startups_master.csv,,,,,,,,CA,,,,,,,,,,,,,,,,,,,,,,,,,,,,,,,,,,,,2025.0,,,,,,,,,,
Toorialai Naeem,,San Francisco,bay_area_startups_master.csv,,,bay_area_startups_master.csv,,,,,,,,CA,,,,,,,,,,,,,,,,,,,,,,,,,,,,,,,,,,,,2024.0,,,,,,,,,,
Top Hair Care LLC,,San Francisco,bay_area_startups_master.csv,,,bay_area_startups_master.csv,,,,,,,,CA,,,,,,,,,,,,,,,,,,,,,,,,,,,,,,,,,,,,2024.0,,,,,,,,,,
Trachawk Painting Co,,San Francisco,bay_area_startups_master.csv,,,bay_area_startups_master.csv,,,,,,,,CA,,,,,,,,,,,,,,,,,,,,,,,,,,,,,,,,,,,,2024.0,,,,,,,,,,
"Tri Valley Hvac LLC, Dba Aireserv Of Pleasanton",,San Francisco,bay_area_startups_master.csv,,,bay_area_startups_master.csv,,,,,,,,CA,,,,,,,,,,,,,,,,,,,,,,,,,,,,,,,,,,,,2024.0,,,,,,,,,,
Ts Nail & Lash Spa,,San Francisco,bay_area_startups_master.csv,,,bay_area_startups_master.csv,,,,,,,,CA,,,,,,,,,,,,,,,,,,,,,,,,,,,,,,,,,,,,2024.0,,,,,,,,,,
Ts Nail&Lash LLC,,San Francisco,bay_area_startups_master.csv,,,bay_area_startups_master.csv,,,,,,,,CA,,,,,,,,,,,,,,,,,,,,,,,,,,,,,,,,,,,,2024.0,,,,,,,,,,
Turner Auctions + Appraisals LLC,,San Francisco,bay_area_startups_master.csv,,,bay_area_startups_master.csv,,,,,,,,CA,,,,,,,,,,,,,,,,,,,,,,,,,,,,,,,,,,,,2025.0,,,,,,,,,,
"Tusk Ai, Inc.",,San Francisco,bay_area_startups_master.csv,,,bay_area_startups_master.csv,,,,,,,,CA,,,,,,,,,,,,,,,,,,,,,,,,,,,,,,,,,,,,2025.0,,,,,,,,,,
Unsloth Ai,,San Francisco,bay_area_startups_master.csv,,,bay_area_startups_master.csv,,,,,,,,CA,,,,,,,,,,,,,,,,,,,,,,,,,,,,,,,,,,,,2024.0,,,,,,,,,,
Unsloth Ai Inc.,,San Francisco,bay_area_startups_master.csv,,,bay_area_startups_master.csv,,,,,,,,CA,,,,,,,,,,,,,,,,,,,,,,,,,,,,,,,,,,,,2024.0,,,,,,,,,,
"Usa Digital Communications, Inc",,San Francisco,bay_area_startups_master.csv,,,bay_area_startups_master.csv,,,,,,,,CA,,,,,,,,,,,,,,,,,,,,,,,,,,,,,,,,,,,,2024.0,,,,,,,,,,
"Vanguard Smoke & Fire Curtains, Inc.",,San Francisco,bay_area_startups_master.csv,,,bay_area_startups_master.csv,,,,,,,,CA,,,,,,,,,,,,,,,,,,,,,,,,,,,,,,,,,,,,2024.0,,,,,,,,,,
Vista Mobile Urgent Care Inc,,San Francisco,bay_area_startups_master.csv,,,bay_area_startups_master.csv,,,,,,,,CA,,,,,,,,,,,,,,,,,,,,,,,,,,,,,,,,,,,,2024.0,,,,,,,,,,
Vroomdetail,,San Francisco,bay_area_startups_master.csv,,,bay_area_startups_master.csv,,,,,,,,CA,,,,,,,,,,,,,,,,,,,,,,,,,,,,,,,,,,,,2025.0,,,,,,,,,,
Wai Ahead LLC,,San Francisco,bay_area_startups_master.csv,,,bay_area_startups_master.csv,,,,,,,,CA,,,,,,,,,,,,,,,,,,,,,,,,,,,,,,,,,,,,2025.0,,,,,,,,,,
Wainaku Strategy Group,,San Francisco,bay_area_startups_master.csv,,,bay_area_startups_master.csv,,,,,,,,CA,,,,,,,,,,,,,,,,,,,,,,,,,,,,,,,,,,,,2025.0,,,,,,,,,,
Wastech Corporation,,San Francisco,bay_area_startups_master.csv,,,bay_area_startups_master.csv,,,,,,,,CA,,,,,,,,,,,,,,,,,,,,,,,,,,,,,,,,,,,,2024.0,,,,,,,,,,
"Weedn Public Affairs, LLC",,San Francisco,bay_area_startups_master.csv,,,bay_area_startups_master.csv,,,,,,,,CA,,,,,,,,,,,,,,,,,,,,,,,,,,,,,,,,,,,,2025.0,,,,,,,,,,
Whiskertails,,San Francisco,bay_area_startups_master.csv,,,bay_area_startups_master.csv,,,,,,,,CA,,,,,,,,,,,,,,,,,,,,,,,,,,,,,,,,,,,,2024.0,,,,,,,,,,
Wong Tai Sen Temple & Services Inc,,San Francisco,bay_area_startups_master.csv,,,bay_area_startups_master.csv,,,,,,,,CA,,,,,,,,,,,,,,,,,,,,,,,,,,,,,,,,,,,,2024.0,,,,,,,,,,
Yeji Cuts Hair,,San Francisco,bay_area_startups_master.csv,,,bay_area_startups_master.csv,,,,,,,,CA,,,,,,,,,,,,,,,,,,,,,,,,,,,,,,,,,,,,2025.0,,,,,,,,,,
Yellow Orchid Nail Spa,,San Francisco,bay_area_startups_master.csv,,,bay_area_startups_master.csv,,,,,,,,CA,,,,,,,,,,,,,,,,,,,,,,,,,,,,,,,,,,,,2025.0,,,,,,,,,,
Yishai Lerner Consulting,,San Francisco,bay_area_startups_master.csv,,,bay_area_startups_master.csv,,,,,,,,CA,,,,,,,,,,,,,,,,,,,,,,,,,,,,,,,,,,,,2024.0,,,,,,,,,,
Your Happy Place LLC,,San Francisco,bay_area_startups_master.csv,,,bay_area_startups_master.csv,,,,,,,,CA,,,,,,,,,,,,,,,,,,,,,,,,,,,,,,,,,,,,2024.0,,,,,,,,,,
Z & F Maintenance LLC,,San Francisco,bay_area_startups_master.csv,,,bay_area_startups_master.csv,,,,,,,,CA,,,,,,,,,,,,,,,,,,,,,,,,,,,,,,,,,,,,2025.0,,,,,,,,,,
Zorina Nail Studio,,San Francisco,bay_area_startups_master.csv,,,bay_area_startups_master.csv,,,,,,,,CA,,,,,,,,,,,,,,,,,,,,,,,,,,,,,,,,,,,,2024.0,,,,,,,,,,
1076 Capp,,San Francisco,DataSF API,,,bay_area_startups_master copy.csv,,,,,,,,CA,,,,,,,,,,,,,,,,,,,,,,,,,,,,,,,,,,,,2024.0,,,,,,,,,,
115 Moffitt Air Bnb,,San Francisco,DataSF API,,,bay_area_startups_master copy.csv,,,,,,,,CA,,,,,,,,,,,,,,,,,,,,,,,,,,,,,,,,,,,,2025.0,,,,,,,,,,
1552 Haight Street,,San Francisco,DataSF API,,,bay_area_startups_master copy.csv,,,,,,,,CA,,,,,,,,,,,,,,,,,,,,,,,,,,,,,,,,,,,,2025.0,,,,,,,,,,
40x0 Training,,San Francisco,DataSF API,,,bay_area_startups_master copy.csv,,,,,,,,CA,,,,,,,,,,,,,,,,,,,,,,,,,,,,,,,,,,,,2024.0,,,,,,,,,,
41x1 Training,,San Francisco,DataSF API,,,bay_area_startups_master copy.csv,,,,,,,,CA,,,,,,,,,,,,,,,,,,,,,,,,,,,,,,,,,,,,2024.0,,,,,,,,,,
435 Duncan St Airbnb,,San Francisco,DataSF API,,,bay_area_startups_master copy.csv,,,,,,,,CA,,,,,,,,,,,,,,,,,,,,,,,,,,,,,,,,,,,,2024.0,,,,,,,,,,
581 Capp Street,,San Francisco,DataSF API,,,bay_area_startups_master copy.csv,,,,,,,,CA,,,,,,,,,,,,,,,,,,,,,,,,,,,,,,,,,,,,2025.0,,,,,,,,,,
848 Clement Street Tai Hing Books & Gifts,,San Francisco,DataSF API,,,bay_area_startups_master copy.csv,,,,,,,,CA,,,,,,,,,,,,,,,,,,,,,,,,,,,,,,,,,,,,2024.0,,,,,,,,,,
949 Capp,,San Francisco,DataSF API,,,bay_area_startups_master copy.csv,,,,,,,,CA,,,,,,,,,,,,,,,,,,,,,,,,,,,,,,,,,,,,2024.0,,,,,,,,,,
A&S Painting And Plastering Inc,,San Francisco,DataSF API,,,bay_area_startups_master copy.csv,,,,,,,,CA,,,,,,,,,,,,,,,,,,,,,,,,,,,,,,,,,,,,2024.0,,,,,,,,,,
A1 Bright Maid,,San Francisco,DataSF API,,,bay_area_startups_master copy.csv,,,,,,,,CA,,,,,,,,,,,,,,,,,,,,,,,,,,,,,,,,,,,,2025.0,,,,,,,,,,
Abigail Edber,,San Francisco,DataSF API,,,bay_area_startups_master copy.csv,,,,,,,,CA,,,,,,,,,,,,,,,,,,,,,,,,,,,,,,,,,,,,2024.0,,,,,,,,,,
Aciif Ai Forensics Celta Academy,,San Francisco,DataSF API,,,bay_area_startups_master copy.csv,,,,,,,,CA,,,,,,,,,,,,,,,,,,,,,,,,,,,,,,,,,,,,2025.0,,,,,,,,,,
Adornment Painting Inc.,,San Francisco,DataSF API,,,bay_area_startups_master copy.csv,,,,,,,,CA,,,,,,,,,,,,,,,,,,,,,,,,,,,,,,,,,,,,2025.0,,,,,,,,,,
Advanced Data Sciences,,San Francisco,DataSF API,,,bay_area_startups_master copy.csv,,,,,,,,CA,,,,,,,,,,,,,,,,,,,,,,,,,,,,,,,,,,,,2025.0,,,,,,,,,,
Advanced Heating And Air,,San Francisco,DataSF API,,,bay_area_startups_master copy.csv,,,,,,,,CA,,,,,,,,,,,,,,,,,,,,,,,,,,,,,,,,,,,,2024.0,,,,,,,,,,
Agentbaseai Inc,,San Francisco,DataSF API,,,bay_area_startups_master copy.csv,,,,,,,,CA,,,,,,,,,,,,,,,,,,,,,,,,,,,,,,,,,,,,2024.0,,,,,,,,,,
Ai Receptionist Agency,,San Francisco,DataSF API,,,bay_area_startups_master copy.csv,,,,,,,,CA,,,,,,,,,,,,,,,,,,,,,,,,,,,,,,,,,,,,2025.0,,,,,,,,,,
Ai System,,San Francisco,DataSF API,,,bay_area_startups_master copy.csv,,,,,,,,CA,,,,,,,,,,,,,,,,,,,,,,,,,,,,,,,,,,,,2025.0,,,,,,,,,,
Aidens Quality Painting Inc,,San Francisco,DataSF API,,,bay_area_startups_master copy.csv,,,,,,,,CA,,,,,,,,,,,,,,,,,,,,,,,,,,,,,,,,,,,,2024.0,,,,,,,,,,
Aiherbs Inc,,San Francisco,DataSF API,,,bay_area_startups_master copy.csv,,,,,,,,CA,,,,,,,,,,,,,,,,,,,,,,,,,,,,,,,,,,,,2025.0,,,,,,,,,,
Aimee Duddridge-Picard,,San Francisco,DataSF API,,,bay_area_startups_master copy.csv,,,,,,,,CA,,,,,,,,,,,,,,,,,,,,,,,,,,,,,,,,,,,,2024.0,,,,,,,,,,
Aimee Golant: Metal Art & Judaica,,San Francisco,DataSF API,,,bay_area_startups_master copy.csv,,,,,,,,CA,,,,,,,,,,,,,,,,,,,,,,,,,,,,,,,,,,,,2024.0,,,,,,,,,,
Air Sharks,,San Francisco,DataSF API,,,bay_area_startups_master copy.csv,,,,,,,,CA,,,,,,,,,,,,,,,,,,,,,,,,,,,,,,,,,,,,2025.0,,,,,,,,,,
Airbnb,,San Francisco,DataSF API,,,bay_area_startups_master copy.csv,,,,,,,,CA,,,,,,,,,,,,,,,,,,,,,,,,,,,,,,,,,,,,2024.0,,,,,,,,,,
Aireserv Of Campbell And Saratoga,,San Francisco,DataSF API,,,bay_area_startups_master copy.csv,,,,,,,,CA,,,,,,,,,,,,,,,,,,,,,,,,,,,,,,,,,,,,2025.0,,,,,,,,,,
Aiurion Inc.,,San Francisco,DataSF API,,,bay_area_startups_master copy.csv,,,,,,,,CA,,,,,,,,,,,,,,,,,,,,,,,,,,,,,,,,,,,,2025.0,,,,,,,,,,
Al Aignment Liaison,,San Francisco,DataSF API,,,bay_area_startups_master copy.csv,,,,,,,,CA,,,,,,,,,,,,,,,,,,,,,,,,,,,,,,,,,,,,2024.0,,,,,,,,,,
Alamere Digital LLC,,San Francisco,DataSF API,,,bay_area_startups_master copy.csv,,,,,,,,CA,,,,,,,,,,,,,,,,,,,,,,,,,,,,,,,,,,,,2024.0,,,,,,,,,,
Alice Nails,,San Francisco,DataSF API,,,bay_area_startups_master copy.csv,,,,,,,,CA,,,,,,,,,,,,,,,,,,,,,,,,,,,,,,,,,,,,2025.0,,,,,,,,,,
All Pro Painting Inc,,San Francisco,DataSF API,,,bay_area_startups_master copy.csv,,,,,,,,CA,,,,,,,,,,,,,,,,,,,,,,,,,,,,,,,,,,,,2025.0,,,,,,,,,,
Alp Construction & Painting Inc,,San Francisco,DataSF API,,,bay_area_startups_master copy.csv,,,,,,,,CA,,,,,,,,,,,,,,,,,,,,,,,,,,,,,,,,,,,,2024.0,,,,,,,,,,
"Ambr Technologies, Inc.",,San Francisco,DataSF API,,,bay_area_startups_master copy.csv,,,,,,,,CA,,,,,,,,,,,,,,,,,,,,,,,,,,,,,,,,,,,,2024.0,,,,,,,,,,
American School Of Emerging Technology,,San Francisco,DataSF API,,,bay_area_startups_master copy.csv,,,,,,,,CA,,,,,,,,,,,,,,,,,,,,,,,,,,,,,,,,,,,,2025.0,,,,,,,,,,
Amine Jemai,,San Francisco,DataSF API,,,bay_area_startups_master copy.csv,,,,,,,,CA,,,,,,,,,,,,,,,,,,,,,,,,,,,,,,,,,,,,2025.0,,,,,,,,,,
Amy Tai,,San Francisco,DataSF API,,,bay_area_startups_master copy.csv,,,,,,,,CA,,,,,,,,,,,,,,,,,,,,,,,,,,,,,,,,,,,,2024.0,,,,,,,,,,
Angstrom Ai Inc.,,San Francisco,DataSF API,,,bay_area_startups_master copy.csv,,,,,,,,CA,,,,,,,,,,,,,,,,,,,,,,,,,,,,,,,,,,,,2025.0,,,,,,,,,,
Appliance Repair SF,,San Francisco,DataSF API,,,bay_area_startups_master copy.csv,,,,,,,,CA,,,,,,,,,,,,,,,,,,,,,,,,,,,,,,,,,,,,2024.0,,,,,,,,,,
Appreciation Coffee,,San Francisco,DataSF API,,,bay_area_startups_master copy.csv,,,,,,,,CA,,,,,,,,,,,,,,,,,,,,,,,,,,,,,,,,,,,,2025.0,,,,,,,,,,
Appu Tattoos,,San Francisco,DataSF API,,,bay_area_startups_master copy.csv,,,,,,,,CA,,,,,,,,,,,,,,,,,,,,,,,,,,,,,,,,,,,,2025.0,,,,,,,,,,
Aquatic Technology Pool & Spa,,San Francisco,DataSF API,,,bay_area_startups_master copy.csv,,,,,,,,CA,,,,,,,,,,,,,,,,,,,,,,,,,,,,,,,,,,,,2024.0,,,,,,,,,,
Armored Air Heating & Air Conditioning,,San Francisco,DataSF API,,,bay_area_startups_master copy.csv,,,,,,,,CA,,,,,,,,,,,,,,,,,,,,,,,,,,,,,,,,,,,,2024.0,,,,,,,,,,
Artist Liaison Agency,,San Francisco,DataSF API,,,bay_area_startups_master copy.csv,,,,,,,,CA,,,,,,,,,,,,,,,,,,,,,,,,,,,,,,,,,,,,2025.0,,,,,,,,,,
Atlas Voice & Data LLC,,San Francisco,DataSF API,,,bay_area_startups_master copy.csv,,,,,,,,CA,,,,,,,,,,,,,,,,,,,,,,,,,,,,,,,,,,,,2024.0,,,,,,,,,,
Avail Engineering,,San Francisco,DataSF API,,,bay_area_startups_master copy.csv,,,,,,,,CA,,,,,,,,,,,,,,,,,,,,,,,,,,,,,,,,,,,,2024.0,,,,,,,,,,
Bamboo Nails,,San Francisco,DataSF API,,,bay_area_startups_master copy.csv,,,,,,,,CA,,,,,,,,,,,,,,,,,,,,,,,,,,,,,,,,,,,,2025.0,,,,,,,,,,
Bay Area Mobile Diagnostics,,San Francisco,DataSF API,,,bay_area_startups_master copy.csv,,,,,,,,CA,,,,,,,,,,,,,,,,,,,,,,,,,,,,,,,,,,,,2025.0,,,,,,,,,,
"Bay-Valley Painting, Inc.",,San Francisco,DataSF API,,,bay_area_startups_master copy.csv,,,,,,,,CA,,,,,,,,,,,,,,,,,,,,,,,,,,,,,,,,,,,,2025.0,,,,,,,,,,
Baytek Indoor Air Solutions,,San Francisco,DataSF API,,,bay_area_startups_master copy.csv,,,,,,,,CA,,,,,,,,,,,,,,,,,,,,,,,,,,,,,,,,,,,,2025.0,,,,,,,,,,
"Bdo Digital, LLC",,San Francisco,DataSF API,,,bay_area_startups_master copy.csv,,,,,,,,CA,,,,,,,,,,,,,,,,,,,,,,,,,,,,,,,,,,,,2024.0,,,,,,,,,,
Bear Paws Training & Animal Communication,,San Francisco,DataSF API,,,bay_area_startups_master copy.csv,,,,,,,,CA,,,,,,,,,,,,,,,,,,,,,,,,,,,,,,,,,,,,2024.0,,,,,,,,,,
Ben Edmondson Building Maintenance Company,,San Francisco,DataSF API,,,bay_area_startups_master copy.csv,,,,,,,,CA,,,,,,,,,,,,,,,,,,,,,,,,,,,,,,,,,,,,2024.0,,,,,,,,,,
Best Coast Sailing,,San Francisco,DataSF API,,,bay_area_startups_master copy.csv,,,,,,,,CA,,,,,,,,,,,,,,,,,,,,,,,,,,,,,,,,,,,,2024.0,,,,,,,,,,
Better Hairdays,,San Francisco,DataSF API,,,bay_area_startups_master copy.csv,,,,,,,,CA,,,,,,,,,,,,,,,,,,,,,,,,,,,,,,,,,,,,2025.0,,,,,,,,,,
"Blackhawk Painting, Inc.",,San Francisco,DataSF API,,,bay_area_startups_master copy.csv,,,,,,,,CA,,,,,,,,,,,,,,,,,,,,,,,,,,,,,,,,,,,,2024.0,,,,,,,,,,
Brightwright-Techcomm LLC,,San Francisco,DataSF API,,,bay_area_startups_master copy.csv,,,,,,,,CA,,,,,,,,,,,,,,,,,,,,,,,,,,,,,,,,,,,,2024.0,,,,,,,,,,
Caias Cookies,,San Francisco,DataSF API,,,bay_area_startups_master copy.csv,,,,,,,,CA,,,,,,,,,,,,,,,,,,,,,,,,,,,,,,,,,,,,2024.0,,,,,,,,,,
"Caias Cookies, LLC",,San Francisco,DataSF API,,,bay_area_startups_master copy.csv,,,,,,,,CA,,,,,,,,,,,,,,,,,,,,,,,,,,,,,,,,,,,,2024.0,,,,,,,,,,
"Caitlin Odonnell, Psyd, Psychotherapy Inc.",,San Francisco,DataSF API,,,bay_area_startups_master copy.csv,,,,,,,,CA,,,,,,,,,,,,,,,,,,,,,,,,,,,,,,,,,,,,2024.0,,,,,,,,,,
Caiye Huang,,San Francisco,DataSF API,,,bay_area_startups_master copy.csv,,,,,,,,CA,,,,,,,,,,,,,,,,,,,,,,,,,,,,,,,,,,,,2024.0,,,,,,,,,,
Caldata Communications,,San Francisco,DataSF API,,,bay_area_startups_master copy.csv,,,,,,,,CA,,,,,,,,,,,,,,,,,,,,,,,,,,,,,,,,,,,,2025.0,,,,,,,,,,
"California College Of Business, Science & Technology",,San Francisco,DataSF API,,,bay_area_startups_master copy.csv,,,,,,,,CA,,,,,,,,,,,,,,,,,,,,,,,,,,,,,,,,,,,,2025.0,,,,,,,,,,
Calpro Construction & Painting,,San Francisco,DataSF API,,,bay_area_startups_master copy.csv,,,,,,,,CA,,,,,,,,,,,,,,,,,,,,,,,,,,,,,,,,,,,,2024.0,,,,,,,,,,
"Capernaum Ai, Inc.",,San Francisco,DataSF API,,,bay_area_startups_master copy.csv,,,,,,,,CA,,,,,,,,,,,,,,,,,,,,,,,,,,,,,,,,,,,,2025.0,,,,,,,,,,
"Capture Technologies A Division Of Identisys, Inc.",,San Francisco,DataSF API,,,bay_area_startups_master copy.csv,,,,,,,,CA,,,,,,,,,,,,,,,,,,,,,,,,,,,,,,,,,,,,2024.0,,,,,,,,,,
Caretech Innovations LLC,,San Francisco,DataSF API,,,bay_area_startups_master copy.csv,,,,,,,,CA,,,,,,,,,,,,,,,,,,,,,,,,,,,,,,,,,,,,2024.0,,,,,,,,,,
Central Haight Market,,San Francisco,DataSF API,,,bay_area_startups_master copy.csv,,,,,,,,CA,,,,,,,,,,,,,,,,,,,,,,,,,,,,,,,,,,,,2024.0,,,,,,,,,,
Chutikarn Sukmongkolchai,,San Francisco,DataSF API,,,bay_area_startups_master copy.csv,,,,,,,,CA,,,,,,,,,,,,,,,,,,,,,,,,,,,,,,,,,,,,2025.0,,,,,,,,,,
Cje Heating And Air,,San Francisco,DataSF API,,,bay_area_startups_master copy.csv,,,,,,,,CA,,,,,,,,,,,,,,,,,,,,,,,,,,,,,,,,,,,,2024.0,,,,,,,,,,
Claire Bonham-Carter,,San Francisco,DataSF API,,,bay_area_startups_master copy.csv,,,,,,,,CA,,,,,,,,,,,,,,,,,,,,,,,,,,,,,,,,,,,,2024.0,,,,,,,,,,
Clarity Ai Research Inc,,San Francisco,DataSF API,,,bay_area_startups_master copy.csv,,,,,,,,CA,,,,,,,,,,,,,,,,,,,,,,,,,,,,,,,,,,,,2024.0,,,,,,,,,,
Clearscope Technology Solutions,,San Francisco,DataSF API,,,bay_area_startups_master copy.csv,,,,,,,,CA,,,,,,,,,,,,,,,,,,,,,,,,,,,,,,,,,,,,2024.0,,,,,,,,,,
Clinton Park Airbnb,,San Francisco,DataSF API,,,bay_area_startups_master copy.csv,,,,,,,,CA,,,,,,,,,,,,,,,,,,,,,,,,,,,,,,,,,,,,2024.0,,,,,,,,,,
Cloud N Books Pc,,San Francisco,DataSF API,,,bay_area_startups_master copy.csv,,,,,,,,CA,,,,,,,,,,,,,,,,,,,,,,,,,,,,,,,,,,,,2025.0,,,,,,,,,,
Cloud95,,San Francisco,DataSF API,,,bay_area_startups_master copy.csv,,,,,,,,CA,,,,,,,,,,,,,,,,,,,,,,,,,,,,,,,,,,,,2025.0,,,,,,,,,,
"Cloudcruise, Inc.",,San Francisco,DataSF API,,,bay_area_startups_master copy.csv,,,,,,,,CA,,,,,,,,,,,,,,,,,,,,,,,,,,,,,,,,,,,,2025.0,,,,,,,,,,
Cloudxpress,,San Francisco,DataSF API,,,bay_area_startups_master copy.csv,,,,,,,,CA,,,,,,,,,,,,,,,,,,,,,,,,,,,,,,,,,,,,2024.0,,,,,,,,,,
Cogent Infotech,,San Francisco,DataSF API,,,bay_area_startups_master copy.csv,,,,,,,,CA,,,,,,,,,,,,,,,,,,,,,,,,,,,,,,,,,,,,2024.0,,,,,,,,,,
Comfort Home Heating & Air,,San Francisco,DataSF API,,,bay_area_startups_master copy.csv,,,,,,,,CA,,,,,,,,,,,,,,,,,,,,,,,,,,,,,,,,,,,,2025.0,,,,,,,,,,
"Cooper Oates Air Conditioning, Inc.",,San Francisco,DataSF API,,,bay_area_startups_master copy.csv,,,,,,,,CA,,,,,,,,,,,,,,,,,,,,,,,,,,,,,,,,,,,,2025.0,,,,,,,,,,
"Cordata Healthcare Innovations, Inc.",,San Francisco,DataSF API,,,bay_area_startups_master copy.csv,,,,,,,,CA,,,,,,,,,,,,,,,,,,,,,,,,,,,,,,,,,,,,2024.0,,,,,,,,,,
D & F Mobile Truck Repair,,San Francisco,DataSF API,,,bay_area_startups_master copy.csv,,,,,,,,CA,,,,,,,,,,,,,,,,,,,,,,,,,,,,,,,,,,,,2024.0,,,,,,,,,,
D Air Balance Inc,,San Francisco,DataSF API,,,bay_area_startups_master copy.csv,,,,,,,,CA,,,,,,,,,,,,,,,,,,,,,,,,,,,,,,,,,,,,2024.0,,,,,,,,,,
Daily Accounting Services,,San Francisco,DataSF API,,,bay_area_startups_master copy.csv,,,,,,,,CA,,,,,,,,,,,,,,,,,,,,,,,,,,,,,,,,,,,,2024.0,,,,,,,,,,
Dannys Hair Studio SF,,San Francisco,DataSF API,,,bay_area_startups_master copy.csv,,,,,,,,CA,,,,,,,,,,,,,,,,,,,,,,,,,,,,,,,,,,,,2025.0,,,,,,,,,,
Dariyana Ukrainian Crepes,,San Francisco,DataSF API,,,bay_area_startups_master copy.csv,,,,,,,,CA,,,,,,,,,,,,,,,,,,,,,,,,,,,,,,,,,,,,2024.0,,,,,,,,,,
Data Sync Communication Inc,,San Francisco,DataSF API,,,bay_area_startups_master copy.csv,,,,,,,,CA,,,,,,,,,,,,,,,,,,,,,,,,,,,,,,,,,,,,2024.0,,,,,,,,,,
Dba Vetsentry/River City Data,,San Francisco,DataSF API,,,bay_area_startups_master copy.csv,,,,,,,,CA,,,,,,,,,,,,,,,,,,,,,,,,,,,,,,,,,,,,2024.0,,,,,,,,,,
Deconvolute Ai Inc,,San Francisco,DataSF API,,,bay_area_startups_master copy.csv,,,,,,,,CA,,,,,,,,,,,,,,,,,,,,,,,,,,,,,,,,,,,,2024.0,,,,,,,,,,
"Deepseq.Ai, Inc.",,San Francisco,DataSF API,,,bay_area_startups_master copy.csv,,,,,,,,CA,,,,,,,,,,,,,,,,,,,,,,,,,,,,,,,,,,,,2024.0,,,,,,,,,,
Diane Martinez - Certified Personal Trainer (Cpt),,San Francisco,DataSF API,,,bay_area_startups_master copy.csv,,,,,,,,CA,,,,,,,,,,,,,,,,,,,,,,,,,,,,,,,,,,,,2024.0,,,,,,,,,,
Diego Data,,San Francisco,DataSF API,,,bay_area_startups_master copy.csv,,,,,,,,CA,,,,,,,,,,,,,,,,,,,,,,,,,,,,,,,,,,,,2024.0,,,,,,,,,,
Digital Mobile Innovations LLC,,San Francisco,DataSF API,,,bay_area_startups_master copy.csv,,,,,,,,CA,,,,,,,,,,,,,,,,,,,,,,,,,,,,,,,,,,,,2024.0,,,,,,,,,,
Dodirtys Security And Maintenance,,San Francisco,DataSF API,,,bay_area_startups_master copy.csv,,,,,,,,CA,,,,,,,,,,,,,,,,,,,,,,,,,,,,,,,,,,,,2025.0,,,,,,,,,,
Done Right Heating And Air,,San Francisco,DataSF API,,,bay_area_startups_master copy.csv,,,,,,,,CA,,,,,,,,,,,,,,,,,,,,,,,,,,,,,,,,,,,,2024.0,,,,,,,,,,
Draintek Plumbing Inc,,San Francisco,DataSF API,,,bay_area_startups_master copy.csv,,,,,,,,CA,,,,,,,,,,,,,,,,,,,,,,,,,,,,,,,,,,,,2025.0,,,,,,,,,,
Dynamic Map Platform North America Inc,,San Francisco,DataSF API,,,bay_area_startups_master copy.csv,,,,,,,,CA,,,,,,,,,,,,,,,,,,,,,,,,,,,,,,,,,,,,2024.0,,,,,,,,,,
Eckerts Mobile Phones,,San Francisco,DataSF API,,,bay_area_startups_master copy.csv,,,,,,,,CA,,,,,,,,,,,,,,,,,,,,,,,,,,,,,,,,,,,,2024.0,,,,,,,,,,
Edgewood Contruction & Home Repair,,San Francisco,DataSF API,,,bay_area_startups_master copy.csv,,,,,,,,CA,,,,,,,,,,,,,,,,,,,,,,,,,,,,,,,,,,,,2024.0,,,,,,,,,,
Ees Nails,,San Francisco,DataSF API,,,bay_area_startups_master copy.csv,,,,,,,,CA,,,,,,,,,,,,,,,,,,,,,,,,,,,,,,,,,,,,2025.0,,,,,,,,,,
Eg Painting,,San Francisco,DataSF API,,,bay_area_startups_master copy.csv,,,,,,,,CA,,,,,,,,,,,,,,,,,,,,,,,,,,,,,,,,,,,,2024.0,,,,,,,,,,
Eightai Inc.,,San Francisco,DataSF API,,,bay_area_startups_master copy.csv,,,,,,,,CA,,,,,,,,,,,,,,,,,,,,,,,,,,,,,,,,,,,,2024.0,,,,,,,,,,
Elearning Lair Corp,,San Francisco,DataSF API,,,bay_area_startups_master copy.csv,,,,,,,,CA,,,,,,,,,,,,,,,,,,,,,,,,,,,,,,,,,,,,2025.0,,,,,,,,,,
Erica Maissy,,San Francisco,DataSF API,,,bay_area_startups_master copy.csv,,,,,,,,CA,,,,,,,,,,,,,,,,,,,,,,,,,,,,,,,,,,,,2025.0,,,,,,,,,,
Escobar Pro Painting Corp,,San Francisco,DataSF API,,,bay_area_startups_master copy.csv,,,,,,,,CA,,,,,,,,,,,,,,,,,,,,,,,,,,,,,,,,,,,,2025.0,,,,,,,,,,
Evolve Digitally LLC,,San Francisco,DataSF API,,,bay_area_startups_master copy.csv,,,,,,,,CA,,,,,,,,,,,,,,,,,,,,,,,,,,,,,,,,,,,,2025.0,,,,,,,,,,
Excellence Heating And Air,,San Francisco,DataSF API,,,bay_area_startups_master copy.csv,,,,,,,,CA,,,,,,,,,,,,,,,,,,,,,,,,,,,,,,,,,,,,2025.0,,,,,,,,,,
"Expand Power Technologies, Inc.",,San Francisco,DataSF API,,,bay_area_startups_master copy.csv,,,,,,,,CA,,,,,,,,,,,,,,,,,,,,,,,,,,,,,,,,,,,,2024.0,,,,,,,,,,
Failup Management Advisory Inc,,San Francisco,DataSF API,,,bay_area_startups_master copy.csv,,,,,,,,CA,,,,,,,,,,,,,,,,,,,,,,,,,,,,,,,,,,,,2024.0,,,,,,,,,,
Fairbrook,,San Francisco,DataSF API,,,bay_area_startups_master copy.csv,,,,,,,,CA,,,,,,,,,,,,,,,,,,,,,,,,,,,,,,,,,,,,2025.0,,,,,,,,,,
Flagship Training,,San Francisco,DataSF API,,,bay_area_startups_master copy.csv,,,,,,,,CA,,,,,,,,,,,,,,,,,,,,,,,,,,,,,,,,,,,,2024.0,,,,,,,,,,
Flagship Training Fidi,,San Francisco,DataSF API,,,bay_area_startups_master copy.csv,,,,,,,,CA,,,,,,,,,,,,,,,,,,,,,,,,,,,,,,,,,,,,2025.0,,,,,,,,,,
Flare App Inc,,San Francisco,DataSF API,,,bay_area_startups_master copy.csv,,,,,,,,CA,,,,,,,,,,,,,,,,,,,,,,,,,,,,,,,,,,,,2025.0,,,,,,,,,,
Flenser Entertainment Rights,,San Francisco,DataSF API,,,bay_area_startups_master copy.csv,,,,,,,,CA,,,,,,,,,,,,,,,,,,,,,,,,,,,,,,,,,,,,2025.0,,,,,,,,,,
Foam Ai,,San Francisco,DataSF API,,,bay_area_startups_master copy.csv,,,,,,,,CA,,,,,,,,,,,,,,,,,,,,,,,,,,,,,,,,,,,,2024.0,,,,,,,,,,
Fog City Detail,,San Francisco,DataSF API,,,bay_area_startups_master copy.csv,,,,,,,,CA,,,,,,,,,,,,,,,,,,,,,,,,,,,,,,,,,,,,2025.0,,,,,,,,,,
Forte Fintech,,San Francisco,DataSF API,,,bay_area_startups_master copy.csv,,,,,,,,CA,,,,,,,,,,,,,,,,,,,,,,,,,,,,,,,,,,,,2025.0,,,,,,,,,,
Forte Fintech LLC,,San Francisco,DataSF API,,,bay_area_startups_master copy.csv,,,,,,,,CA,,,,,,,,,,,,,,,,,,,,,,,,,,,,,,,,,,,,2025.0,,,,,,,,,,
"Foundry Technologies, Inc.",,San Francisco,DataSF API,,,bay_area_startups_master copy.csv,,,,,,,,CA,,,,,,,,,,,,,,,,,,,,,,,,,,,,,,,,,,,,2025.0,,,,,,,,,,
Freemans Heating Air Conditioning & Electrical Services,,San Francisco,DataSF API,,,bay_area_startups_master copy.csv,,,,,,,,CA,,,,,,,,,,,,,,,,,,,,,,,,,,,,,,,,,,,,2024.0,,,,,,,,,,
Friendly App Studio,,San Francisco,DataSF API,,,bay_area_startups_master copy.csv,,,,,,,,CA,,,,,,,,,,,,,,,,,,,,,,,,,,,,,,,,,,,,2024.0,,,,,,,,,,
Furry Friends Dog Training,,San Francisco,DataSF API,,,bay_area_startups_master copy.csv,,,,,,,,CA,,,,,,,,,,,,,,,,,,,,,,,,,,,,,,,,,,,,2025.0,,,,,,,,,,
Gaa Auto Repair And Body Shop,,San Francisco,DataSF API,,,bay_area_startups_master copy.csv,,,,,,,,CA,,,,,,,,,,,,,,,,,,,,,,,,,,,,,,,,,,,,2024.0,,,,,,,,,,
Gaines Event Staffing,,San Francisco,DataSF API,,,bay_area_startups_master copy.csv,,,,,,,,CA,,,,,,,,,,,,,,,,,,,,,,,,,,,,,,,,,,,,2025.0,,,,,,,,,,
Gateway Mountain Center,,San Francisco,DataSF API,,,bay_area_startups_master copy.csv,,,,,,,,CA,,,,,,,,,,,,,,,,,,,,,,,,,,,,,,,,,,,,2025.0,,,,,,,,,,
"Gb Heating And Air, Inc",,San Francisco,DataSF API,,,bay_area_startups_master copy.csv,,,,,,,,CA,,,,,,,,,,,,,,,,,,,,,,,,,,,,,,,,,,,,2024.0,,,,,,,,,,
General Hvac Electric And Appliance Repair,,San Francisco,DataSF API,,,bay_area_startups_master copy.csv,,,,,,,,CA,,,,,,,,,,,,,,,,,,,,,,,,,,,,,,,,,,,,2024.0,,,,,,,,,,
"Go Technology Management, LLC",,San Francisco,DataSF API,,,bay_area_startups_master copy.csv,,,,,,,,CA,,,,,,,,,,,,,,,,,,,,,,,,,,,,,,,,,,,,2025.0,,,,,,,,,,
Golden Bear Heating And Air,,San Francisco,DataSF API,,,bay_area_startups_master copy.csv,,,,,,,,CA,,,,,,,,,,,,,,,,,,,,,,,,,,,,,,,,,,,,2024.0,,,,,,,,,,
"Golden State Training, LLC",,San Francisco,DataSF API,,,bay_area_startups_master copy.csv,,,,,,,,CA,,,,,,,,,,,,,,,,,,,,,,,,,,,,,,,,,,,,2025.0,,,,,,,,,,
Gp Mobile Solutions LLC,,San Francisco,DataSF API,,,bay_area_startups_master copy.csv,,,,,,,,CA,,,,,,,,,,,,,,,,,,,,,,,,,,,,,,,,,,,,2025.0,,,,,,,,,,
Green Windows Repairs,,San Francisco,DataSF API,,,bay_area_startups_master copy.csv,,,,,,,,CA,,,,,,,,,,,,,,,,,,,,,,,,,,,,,,,,,,,,2025.0,,,,,,,,,,
Gregory Training Center,,San Francisco,DataSF API,,,bay_area_startups_master copy.csv,,,,,,,,CA,,,,,,,,,,,,,,,,,,,,,,,,,,,,,,,,,,,,2025.0,,,,,,,,,,
Haight Street Eyecare,,San Francisco,DataSF API,,,bay_area_startups_master copy.csv,,,,,,,,CA,,,,,,,,,,,,,,,,,,,,,,,,,,,,,,,,,,,,2025.0,,,,,,,,,,
Hair By Becca LLC,,San Francisco,DataSF API,,,bay_area_startups_master copy.csv,,,,,,,,CA,,,,,,,,,,,,,,,,,,,,,,,,,,,,,,,,,,,,2025.0,,,,,,,,,,
Hair By The Ts Misty,,San Francisco,DataSF API,,,bay_area_startups_master copy.csv,,,,,,,,CA,,,,,,,,,,,,,,,,,,,,,,,,,,,,,,,,,,,,2024.0,,,,,,,,,,
Hair Caffe Lab,,San Francisco,DataSF API,,,bay_area_startups_master copy.csv,,,,,,,,CA,,,,,,,,,,,,,,,,,,,,,,,,,,,,,,,,,,,,2025.0,,,,,,,,,,
Hairglim Beauty,,San Francisco,DataSF API,,,bay_area_startups_master copy.csv,,,,,,,,CA,,,,,,,,,,,,,,,,,,,,,,,,,,,,,,,,,,,,2024.0,,,,,,,,,,
Hairsbybren,,San Francisco,DataSF API,,,bay_area_startups_master copy.csv,,,,,,,,CA,,,,,,,,,,,,,,,,,,,,,,,,,,,,,,,,,,,,2024.0,,,,,,,,,,
Hand Wash Detailing SF,,San Francisco,DataSF API,,,bay_area_startups_master copy.csv,,,,,,,,CA,,,,,,,,,,,,,,,,,,,,,,,,,,,,,,,,,,,,2024.0,,,,,,,,,,
Happy Cozy Rental,,San Francisco,DataSF API,,,bay_area_startups_master copy.csv,,,,,,,,CA,,,,,,,,,,,,,,,,,,,,,,,,,,,,,,,,,,,,2024.0,,,,,,,,,,
Happy Junk Truck,,San Francisco,DataSF API,,,bay_area_startups_master copy.csv,,,,,,,,CA,,,,,,,,,,,,,,,,,,,,,,,,,,,,,,,,,,,,2024.0,,,,,,,,,,
Happy Patches LLC,,San Francisco,DataSF API,,,bay_area_startups_master copy.csv,,,,,,,,CA,,,,,,,,,,,,,,,,,,,,,,,,,,,,,,,,,,,,2024.0,,,,,,,,,,
Happy Poke,,San Francisco,DataSF API,,,bay_area_startups_master copy.csv,,,,,,,,CA,,,,,,,,,,,,,,,,,,,,,,,,,,,,,,,,,,,,2024.0,,,,,,,,,,
Happy Teachers,,San Francisco,DataSF API,,,bay_area_startups_master copy.csv,,,,,,,,CA,,,,,,,,,,,,,,,,,,,,,,,,,,,,,,,,,,,,2024.0,,,,,,,,,,
Happy Tots Sf Daycare,,San Francisco,DataSF API,,,bay_area_startups_master copy.csv,,,,,,,,CA,,,,,,,,,,,,,,,,,,,,,,,,,,,,,,,,,,,,2025.0,,,,,,,,,,
Hawkeye Safety Training,,San Francisco,DataSF API,,,bay_area_startups_master copy.csv,,,,,,,,CA,,,,,,,,,,,,,,,,,,,,,,,,,,,,,,,,,,,,2025.0,,,,,,,,,,
Heat Technology Products,,San Francisco,DataSF API,,,bay_area_startups_master copy.csv,,,,,,,,CA,,,,,,,,,,,,,,,,,,,,,,,,,,,,,,,,,,,,2024.0,,,,,,,,,,
Heating And Air Design,,San Francisco,DataSF API,,,bay_area_startups_master copy.csv,,,,,,,,CA,,,,,,,,,,,,,,,,,,,,,,,,,,,,,,,,,,,,2025.0,,,,,,,,,,
Hero Auto Detailing,,San Francisco,DataSF API,,,bay_area_startups_master copy.csv,,,,,,,,CA,,,,,,,,,,,,,,,,,,,,,,,,,,,,,,,,,,,,2025.0,,,,,,,,,,
"Hi-Lite Airfield Services, LLC",,San Francisco,DataSF API,,,bay_area_startups_master copy.csv,,,,,,,,CA,,,,,,,,,,,,,,,,,,,,,,,,,,,,,,,,,,,,2024.0,,,,,,,,,,
High-Growth Digital,,San Francisco,DataSF API,,,bay_area_startups_master copy.csv,,,,,,,,CA,,,,,,,,,,,,,,,,,,,,,,,,,,,,,,,,,,,,2025.0,,,,,,,,,,
Home Front Heating And Air Conditioning Inc,,San Francisco,DataSF API,,,bay_area_startups_master copy.csv,,,,,,,,CA,,,,,,,,,,,,,,,,,,,,,,,,,,,,,,,,,,,,2024.0,,,,,,,,,,
Hometown Heating & Air,,San Francisco,DataSF API,,,bay_area_startups_master copy.csv,,,,,,,,CA,,,,,,,,,,,,,,,,,,,,,,,,,,,,,,,,,,,,2024.0,,,,,,,,,,
Humantech,,San Francisco,DataSF API,,,bay_area_startups_master copy.csv,,,,,,,,CA,,,,,,,,,,,,,,,,,,,,,,,,,,,,,,,,,,,,2024.0,,,,,,,,,,
Hung Mai Corporation Dba Floor Pros,,San Francisco,DataSF API,,,bay_area_startups_master copy.csv,,,,,,,,CA,,,,,,,,,,,,,,,,,,,,,,,,,,,,,,,,,,,,2025.0,,,,,,,,,,
"Hydra Technologies, LLC",,San Francisco,DataSF API,,,bay_area_startups_master copy.csv,,,,,,,,CA,,,,,,,,,,,,,,,,,,,,,,,,,,,,,,,,,,,,2024.0,,,,,,,,,,
In Place Technology Inc,,San Francisco,DataSF API,,,bay_area_startups_master copy.csv,,,,,,,,CA,,,,,,,,,,,,,,,,,,,,,,,,,,,,,,,,,,,,2024.0,,,,,,,,,,
Informa Tech LLC,,San Francisco,DataSF API,,,bay_area_startups_master copy.csv,,,,,,,,CA,,,,,,,,,,,,,,,,,,,,,,,,,,,,,,,,,,,,2024.0,,,,,,,,,,
Innovatics Ai LLC,,San Francisco,DataSF API,,,bay_area_startups_master copy.csv,,,,,,,,CA,,,,,,,,,,,,,,,,,,,,,,,,,,,,,,,,,,,,2025.0,,,,,,,,,,
Insul-Tech Contracting,,San Francisco,DataSF API,,,bay_area_startups_master copy.csv,,,,,,,,CA,,,,,,,,,,,,,,,,,,,,,,,,,,,,,,,,,,,,2025.0,,,,,,,,,,
Iz Painting,,San Francisco,DataSF API,,,bay_area_startups_master copy.csv,,,,,,,,CA,,,,,,,,,,,,,,,,,,,,,,,,,,,,,,,,,,,,2025.0,,,,,,,,,,
Jackdanyels Mobile Car Wash And Detailing,,San Francisco,DataSF API,,,bay_area_startups_master copy.csv,,,,,,,,CA,,,,,,,,,,,,,,,,,,,,,,,,,,,,,,,,,,,,2024.0,,,,,,,,,,
Jairo A Medina Mayorga,,San Francisco,DataSF API,,,bay_area_startups_master copy.csv,,,,,,,,CA,,,,,,,,,,,,,,,,,,,,,,,,,,,,,,,,,,,,2025.0,,,,,,,,,,
Jamila Voltaire,,San Francisco,DataSF API,,,bay_area_startups_master copy.csv,,,,,,,,CA,,,,,,,,,,,,,,,,,,,,,,,,,,,,,,,,,,,,2024.0,,,,,,,,,,
Jb Painting,,San Francisco,DataSF API,,,bay_area_startups_master copy.csv,,,,,,,,CA,,,,,,,,,,,,,,,,,,,,,,,,,,,,,,,,,,,,2024.0,,,,,,,,,,
Joannabuksahair,,San Francisco,DataSF API,,,bay_area_startups_master copy.csv,,,,,,,,CA,,,,,,,,,,,,,,,,,,,,,,,,,,,,,,,,,,,,2024.0,,,,,,,,,,
Js Information Technology Solutions LLC,,San Francisco,DataSF API,,,bay_area_startups_master copy.csv,,,,,,,,CA,,,,,,,,,,,,,,,,,,,,,,,,,,,,,,,,,,,,2024.0,,,,,,,,,,
Js Technology Ventures Inc,,San Francisco,DataSF API,,,bay_area_startups_master copy.csv,,,,,,,,CA,,,,,,,,,,,,,,,,,,,,,,,,,,,,,,,,,,,,2024.0,,,,,,,,,,
Junaid Basir Reinforce,,San Francisco,DataSF API,,,bay_area_startups_master copy.csv,,,,,,,,CA,,,,,,,,,,,,,,,,,,,,,,,,,,,,,,,,,,,,2024.0,,,,,,,,,,
K&K Nail Studio,,San Francisco,DataSF API,,,bay_area_startups_master copy.csv,,,,,,,,CA,,,,,,,,,,,,,,,,,,,,,,,,,,,,,,,,,,,,2024.0,,,,,,,,,,
Kai Morgan,,San Francisco,DataSF API,,,bay_area_startups_master copy.csv,,,,,,,,CA,,,,,,,,,,,,,,,,,,,,,,,,,,,,,,,,,,,,2025.0,,,,,,,,,,
Kaili Beauty Nail Salon,,San Francisco,DataSF API,,,bay_area_startups_master copy.csv,,,,,,,,CA,,,,,,,,,,,,,,,,,,,,,,,,,,,,,,,,,,,,2024.0,,,,,,,,,,
Kailie Barnes,,San Francisco,DataSF API,,,bay_area_startups_master copy.csv,,,,,,,,CA,,,,,,,,,,,,,,,,,,,,,,,,,,,,,,,,,,,,2024.0,,,,,,,,,,
Kenia Beauty Nails,,San Francisco,DataSF API,,,bay_area_startups_master copy.csv,,,,,,,,CA,,,,,,,,,,,,,,,,,,,,,,,,,,,,,,,,,,,,2024.0,,,,,,,,,,
"Kino Ai, Inc.",,San Francisco,DataSF API,,,bay_area_startups_master copy.csv,,,,,,,,CA,,,,,,,,,,,,,,,,,,,,,,,,,,,,,,,,,,,,2024.0,,,,,,,,,,
"Kitchen Cabinet Public Affairs Group, Inc.",,San Francisco,DataSF API,,,bay_area_startups_master copy.csv,,,,,,,,CA,,,,,,,,,,,,,,,,,,,,,,,,,,,,,,,,,,,,2025.0,,,,,,,,,,
Kmosaic,,San Francisco,DataSF API,,,bay_area_startups_master copy.csv,,,,,,,,CA,,,,,,,,,,,,,,,,,,,,,,,,,,,,,,,,,,,,2025.0,,,,,,,,,,
Laila Fernanda Vivas Maline Sarmadi,,San Francisco,DataSF API,,,bay_area_startups_master copy.csv,,,,,,,,CA,,,,,,,,,,,,,,,,,,,,,,,,,,,,,,,,,,,,2024.0,,,,,,,,,,
"Laketech Solutions, Inc.",,San Francisco,DataSF API,,,bay_area_startups_master copy.csv,,,,,,,,CA,,,,,,,,,,,,,,,,,,,,,,,,,,,,,,,,,,,,2025.0,,,,,,,,,,
Lauren Elisa Face Painting,,San Francisco,DataSF API,,,bay_area_startups_master copy.csv,,,,,,,,CA,,,,,,,,,,,,,,,,,,,,,,,,,,,,,,,,,,,,2025.0,,,,,,,,,,
"Law Office Of Christy Lai, P.C.",,San Francisco,DataSF API,,,bay_area_startups_master copy.csv,,,,,,,,CA,,,,,,,,,,,,,,,,,,,,,,,,,,,,,,,,,,,,2024.0,,,,,,,,,,
Le Nain,,San Francisco,DataSF API,,,bay_area_startups_master copy.csv,,,,,,,,CA,,,,,,,,,,,,,,,,,,,,,,,,,,,,,,,,,,,,2025.0,,,,,,,,,,
Leafair Construction Inc,,San Francisco,DataSF API,,,bay_area_startups_master copy.csv,,,,,,,,CA,,,,,,,,,,,,,,,,,,,,,,,,,,,,,,,,,,,,2025.0,,,,,,,,,,
Leico Tire & Auto Repair,,San Francisco,DataSF API,,,bay_area_startups_master copy.csv,,,,,,,,CA,,,,,,,,,,,,,,,,,,,,,,,,,,,,,,,,,,,,2025.0,,,,,,,,,,
Leksi Paints,,San Francisco,DataSF API,,,bay_area_startups_master copy.csv,,,,,,,,CA,,,,,,,,,,,,,,,,,,,,,,,,,,,,,,,,,,,,2024.0,,,,,,,,,,
Leshchinskaia Music,,San Francisco,DataSF API,,,bay_area_startups_master copy.csv,,,,,,,,CA,,,,,,,,,,,,,,,,,,,,,,,,,,,,,,,,,,,,2025.0,,,,,,,,,,
Ligier Entertainment Inc.,,San Francisco,DataSF API,,,bay_area_startups_master copy.csv,,,,,,,,CA,,,,,,,,,,,,,,,,,,,,,,,,,,,,,,,,,,,,2025.0,,,,,,,,,,
"Linkup Mobile, Inc.",,San Francisco,DataSF API,,,bay_area_startups_master copy.csv,,,,,,,,CA,,,,,,,,,,,,,,,,,,,,,,,,,,,,,,,,,,,,2024.0,,,,,,,,,,
"Liquidmetal Ai, Inc.",,San Francisco,DataSF API,,,bay_area_startups_master copy.csv,,,,,,,,CA,,,,,,,,,,,,,,,,,,,,,,,,,,,,,,,,,,,,2024.0,,,,,,,,,,
Live Guard Tech LLC,,San Francisco,DataSF API,,,bay_area_startups_master copy.csv,,,,,,,,CA,,,,,,,,,,,,,,,,,,,,,,,,,,,,,,,,,,,,2024.0,,,,,,,,,,
"Loqi Applications, LLC",,San Francisco,DataSF API,,,bay_area_startups_master copy.csv,,,,,,,,CA,,,,,,,,,,,,,,,,,,,,,,,,,,,,,,,,,,,,2024.0,,,,,,,,,,
Lucidic Ai,,San Francisco,DataSF API,,,bay_area_startups_master copy.csv,,,,,,,,CA,,,,,,,,,,,,,,,,,,,,,,,,,,,,,,,,,,,,2025.0,,,,,,,,,,
Luckyxhair,,San Francisco,DataSF API,,,bay_area_startups_master copy.csv,,,,,,,,CA,,,,,,,,,,,,,,,,,,,,,,,,,,,,,,,,,,,,2025.0,,,,,,,,,,
Luke Moody Ai,,San Francisco,DataSF API,,,bay_area_startups_master copy.csv,,,,,,,,CA,,,,,,,,,,,,,,,,,,,,,,,,,,,,,,,,,,,,2024.0,,,,,,,,,,
"Luminator Technology Group Global, LLC",,San Francisco,DataSF API,,,bay_area_startups_master copy.csv,,,,,,,,CA,,,,,,,,,,,,,,,,,,,,,,,,,,,,,,,,,,,,2024.0,,,,,,,,,,
Lunarlanding.Ai,,San Francisco,DataSF API,,,bay_area_startups_master copy.csv,,,,,,,,CA,,,,,,,,,,,,,,,,,,,,,,,,,,,,,,,,,,,,2025.0,,,,,,,,,,
"Macano Tech, LLC",,San Francisco,DataSF API,,,bay_area_startups_master copy.csv,,,,,,,,CA,,,,,,,,,,,,,,,,,,,,,,,,,,,,,,,,,,,,2024.0,,,,,,,,,,
Made Simple Heating And Air Inc.,,San Francisco,DataSF API,,,bay_area_startups_master copy.csv,,,,,,,,CA,,,,,,,,,,,,,,,,,,,,,,,,,,,,,,,,,,,,2024.0,,,,,,,,,,
Mai Bodywork,,San Francisco,DataSF API,,,bay_area_startups_master copy.csv,,,,,,,,CA,,,,,,,,,,,,,,,,,,,,,,,,,,,,,,,,,,,,2025.0,,,,,,,,,,
Maigane Music,,San Francisco,DataSF API,,,bay_area_startups_master copy.csv,,,,,,,,CA,,,,,,,,,,,,,,,,,,,,,,,,,,,,,,,,,,,,2024.0,,,,,,,,,,
Maison Assist,,San Francisco,DataSF API,,,bay_area_startups_master copy.csv,,,,,,,,CA,,,,,,,,,,,,,,,,,,,,,,,,,,,,,,,,,,,,2025.0,,,,,,,,,,
Maison Au Pont Owners Association,,San Francisco,DataSF API,,,bay_area_startups_master copy.csv,,,,,,,,CA,,,,,,,,,,,,,,,,,,,,,,,,,,,,,,,,,,,,2024.0,,,,,,,,,,
Maison De Vertu,,San Francisco,DataSF API,,,bay_area_startups_master copy.csv,,,,,,,,CA,,,,,,,,,,,,,,,,,,,,,,,,,,,,,,,,,,,,2024.0,,,,,,,,,,
Maison Eureka,,San Francisco,DataSF API,,,bay_area_startups_master copy.csv,,,,,,,,CA,,,,,,,,,,,,,,,,,,,,,,,,,,,,,,,,,,,,2025.0,,,,,,,,,,
"Maiten Consulting, LLC",,San Francisco,DataSF API,,,bay_area_startups_master copy.csv,,,,,,,,CA,,,,,,,,,,,,,,,,,,,,,,,,,,,,,,,,,,,,2025.0,,,,,,,,,,
Mantech (Usa) Inc.,,San Francisco,DataSF API,,,bay_area_startups_master copy.csv,,,,,,,,CA,,,,,,,,,,,,,,,,,,,,,,,,,,,,,,,,,,,,2024.0,,,,,,,,,,
Marina Auto Detail,,San Francisco,DataSF API,,,bay_area_startups_master copy.csv,,,,,,,,CA,,,,,,,,,,,,,,,,,,,,,,,,,,,,,,,,,,,,2024.0,,,,,,,,,,
Mb Painting Company,,San Francisco,DataSF API,,,bay_area_startups_master copy.csv,,,,,,,,CA,,,,,,,,,,,,,,,,,,,,,,,,,,,,,,,,,,,,2024.0,,,,,,,,,,
Mbh Residential Cleaning And Maintenance Services,,San Francisco,DataSF API,,,bay_area_startups_master copy.csv,,,,,,,,CA,,,,,,,,,,,,,,,,,,,,,,,,,,,,,,,,,,,,2025.0,,,,,,,,,,
Memos Painters LLC,,San Francisco,DataSF API,,,bay_area_startups_master copy.csv,,,,,,,,CA,,,,,,,,,,,,,,,,,,,,,,,,,,,,,,,,,,,,2025.0,,,,,,,,,,
Metaintels LLC,,San Francisco,DataSF API,,,bay_area_startups_master copy.csv,,,,,,,,CA,,,,,,,,,,,,,,,,,,,,,,,,,,,,,,,,,,,,2024.0,,,,,,,,,,
Metro Mobile Communications,,San Francisco,DataSF API,,,bay_area_startups_master copy.csv,,,,,,,,CA,,,,,,,,,,,,,,,,,,,,,,,,,,,,,,,,,,,,2024.0,,,,,,,,,,
Miguel Painting,,San Francisco,DataSF API,,,bay_area_startups_master copy.csv,,,,,,,,CA,,,,,,,,,,,,,,,,,,,,,,,,,,,,,,,,,,,,2025.0,,,,,,,,,,
Mindfulfairy Foundation,,San Francisco,DataSF API,,,bay_area_startups_master copy.csv,,,,,,,,CA,,,,,,,,,,,,,,,,,,,,,,,,,,,,,,,,,,,,2025.0,,,,,,,,,,
Mobetta Entertainment,,San Francisco,DataSF API,,,bay_area_startups_master copy.csv,,,,,,,,CA,,,,,,,,,,,,,,,,,,,,,,,,,,,,,,,,,,,,2025.0,,,,,,,,,,
"Mosaic Ai Labs, Inc.",,San Francisco,DataSF API,,,bay_area_startups_master copy.csv,,,,,,,,CA,,,,,,,,,,,,,,,,,,,,,,,,,,,,,,,,,,,,2025.0,,,,,,,,,,
Mosaic Global Transportation,,San Francisco,DataSF API,,,bay_area_startups_master copy.csv,,,,,,,,CA,,,,,,,,,,,,,,,,,,,,,,,,,,,,,,,,,,,,2025.0,,,,,,,,,,
Mosaic Public Partners LLC,,San Francisco,DataSF API,,,bay_area_startups_master copy.csv,,,,,,,,CA,,,,,,,,,,,,,,,,,,,,,,,,,,,,,,,,,,,,2024.0,,,,,,,,,,
Mountain Microgrids,,San Francisco,DataSF API,,,bay_area_startups_master copy.csv,,,,,,,,CA,,,,,,,,,,,,,,,,,,,,,,,,,,,,,,,,,,,,2024.0,,,,,,,,,,
Mova.Ai,,San Francisco,DataSF API,,,bay_area_startups_master copy.csv,,,,,,,,CA,,,,,,,,,,,,,,,,,,,,,,,,,,,,,,,,,,,,2025.0,,,,,,,,,,
Nail Dar,,San Francisco,DataSF API,,,bay_area_startups_master copy.csv,,,,,,,,CA,,,,,,,,,,,,,,,,,,,,,,,,,,,,,,,,,,,,2024.0,,,,,,,,,,
Nail It SF,,San Francisco,DataSF API,,,bay_area_startups_master copy.csv,,,,,,,,CA,,,,,,,,,,,,,,,,,,,,,,,,,,,,,,,,,,,,2024.0,,,,,,,,,,
Nailart Fairytale,,San Francisco,DataSF API,,,bay_area_startups_master copy.csv,,,,,,,,CA,,,,,,,,,,,,,,,,,,,,,,,,,,,,,,,,,,,,2024.0,,,,,,,,,,
Nails 2001,,San Francisco,DataSF API,,,bay_area_startups_master copy.csv,,,,,,,,CA,,,,,,,,,,,,,,,,,,,,,,,,,,,,,,,,,,,,2024.0,,,,,,,,,,
New Image Hairstyling,,San Francisco,DataSF API,,,bay_area_startups_master copy.csv,,,,,,,,CA,,,,,,,,,,,,,,,,,,,,,,,,,,,,,,,,,,,,2025.0,,,,,,,,,,
Nicolas Protopappas,,San Francisco,DataSF API,,,bay_area_startups_master copy.csv,,,,,,,,CA,,,,,,,,,,,,,,,,,,,,,,,,,,,,,,,,,,,,2024.0,,,,,,,,,,
"Nonna App, LLC",,San Francisco,DataSF API,,,bay_area_startups_master copy.csv,,,,,,,,CA,,,,,,,,,,,,,,,,,,,,,,,,,,,,,,,,,,,,2024.0,,,,,,,,,,
Norcal Maid Cleaning Services,,San Francisco,DataSF API,,,bay_area_startups_master copy.csv,,,,,,,,CA,,,,,,,,,,,,,,,,,,,,,,,,,,,,,,,,,,,,2024.0,,,,,,,,,,
Novas Airbnb,,San Francisco,DataSF API,,,bay_area_startups_master copy.csv,,,,,,,,CA,,,,,,,,,,,,,,,,,,,,,,,,,,,,,,,,,,,,2024.0,,,,,,,,,,
Omnithink.Ai Inc.,,San Francisco,DataSF API,,,bay_area_startups_master copy.csv,,,,,,,,CA,,,,,,,,,,,,,,,,,,,,,,,,,,,,,,,,,,,,2024.0,,,,,,,,,,
Onedigital,,San Francisco,DataSF API,,,bay_area_startups_master copy.csv,,,,,,,,CA,,,,,,,,,,,,,,,,,,,,,,,,,,,,,,,,,,,,2024.0,,,,,,,,,,
Organization Technology,,San Francisco,DataSF API,,,bay_area_startups_master copy.csv,,,,,,,,CA,,,,,,,,,,,,,,,,,,,,,,,,,,,,,,,,,,,,2024.0,,,,,,,,,,
Oscar Areas Mobile Auto Repair,,San Francisco,DataSF API,,,bay_area_startups_master copy.csv,,,,,,,,CA,,,,,,,,,,,,,,,,,,,,,,,,,,,,,,,,,,,,2024.0,,,,,,,,,,
"Oui, Si, Hai LLC",,San Francisco,DataSF API,,,bay_area_startups_master copy.csv,,,,,,,,CA,,,,,,,,,,,,,,,,,,,,,,,,,,,,,,,,,,,,2024.0,,,,,,,,,,
Paige Mclaughlin,,San Francisco,DataSF API,,,bay_area_startups_master copy.csv,,,,,,,,CA,,,,,,,,,,,,,,,,,,,,,,,,,,,,,,,,,,,,2025.0,,,,,,,,,,
Par Apparel LLC,,San Francisco,DataSF API,,,bay_area_startups_master copy.csv,,,,,,,,CA,,,,,,,,,,,,,,,,,,,,,,,,,,,,,,,,,,,,2024.0,,,,,,,,,,
"Paratus Ai, Inc",,San Francisco,DataSF API,,,bay_area_startups_master copy.csv,,,,,,,,CA,,,,,,,,,,,,,,,,,,,,,,,,,,,,,,,,,,,,2024.0,,,,,,,,,,
Patronus Ai,,San Francisco,DataSF API,,,bay_area_startups_master copy.csv,,,,,,,,CA,,,,,,,,,,,,,,,,,,,,,,,,,,,,,,,,,,,,2025.0,,,,,,,,,,
Pauls Mobile Detailing Inc,,San Francisco,DataSF API,,,bay_area_startups_master copy.csv,,,,,,,,CA,,,,,,,,,,,,,,,,,,,,,,,,,,,,,,,,,,,,2024.0,,,,,,,,,,
Peachy Nails,,San Francisco,DataSF API,,,bay_area_startups_master copy.csv,,,,,,,,CA,,,,,,,,,,,,,,,,,,,,,,,,,,,,,,,,,,,,2024.0,,,,,,,,,,
Peerless Digital Services,,San Francisco,DataSF API,,,bay_area_startups_master copy.csv,,,,,,,,CA,,,,,,,,,,,,,,,,,,,,,,,,,,,,,,,,,,,,2024.0,,,,,,,,,,
"Perfect Pairing Trading, LLC.",,San Francisco,DataSF API,,,bay_area_startups_master copy.csv,,,,,,,,CA,,,,,,,,,,,,,,,,,,,,,,,,,,,,,,,,,,,,2024.0,,,,,,,,,,
Perfect Star Heating & Air Conditioning,,San Francisco,DataSF API,,,bay_area_startups_master copy.csv,,,,,,,,CA,,,,,,,,,,,,,,,,,,,,,,,,,,,,,,,,,,,,2025.0,,,,,,,,,,
Phone & Computer Repair 23rd,,San Francisco,DataSF API,,,bay_area_startups_master copy.csv,,,,,,,,CA,,,,,,,,,,,,,,,,,,,,,,,,,,,,,,,,,,,,2024.0,,,,,,,,,,
Phone Repair,,San Francisco,DataSF API,,,bay_area_startups_master copy.csv,,,,,,,,CA,,,,,,,,,,,,,,,,,,,,,,,,,,,,,,,,,,,,2024.0,,,,,,,,,,
Precision Strength Training,,San Francisco,DataSF API,,,bay_area_startups_master copy.csv,,,,,,,,CA,,,,,,,,,,,,,,,,,,,,,,,,,,,,,,,,,,,,2025.0,,,,,,,,,,
Premier Hair Solutions,,San Francisco,DataSF API,,,bay_area_startups_master copy.csv,,,,,,,,CA,,,,,,,,,,,,,,,,,,,,,,,,,,,,,,,,,,,,2024.0,,,,,,,,,,
Prestige Custom Painting Inc,,San Francisco,DataSF API,,,bay_area_startups_master copy.csv,,,,,,,,CA,,,,,,,,,,,,,,,,,,,,,,,,,,,,,,,,,,,,2024.0,,,,,,,,,,
Pretty Art Nail & Beauty Spa,,San Francisco,DataSF API,,,bay_area_startups_master copy.csv,,,,,,,,CA,,,,,,,,,,,,,,,,,,,,,,,,,,,,,,,,,,,,2025.0,,,,,,,,,,
"Primal Paint, Inc.",,San Francisco,DataSF API,,,bay_area_startups_master copy.csv,,,,,,,,CA,,,,,,,,,,,,,,,,,,,,,,,,,,,,,,,,,,,,2024.0,,,,,,,,,,
"Propel Platform, Inc.",,San Francisco,DataSF API,,,bay_area_startups_master copy.csv,,,,,,,,CA,,,,,,,,,,,,,,,,,,,,,,,,,,,,,,,,,,,,2024.0,,,,,,,,,,
Pulidos Painting,,San Francisco,DataSF API,,,bay_area_startups_master copy.csv,,,,,,,,CA,,,,,,,,,,,,,,,,,,,,,,,,,,,,,,,,,,,,2025.0,,,,,,,,,,
Puzz.Ai,,San Francisco,DataSF API,,,bay_area_startups_master copy.csv,,,,,,,,CA,,,,,,,,,,,,,,,,,,,,,,,,,,,,,,,,,,,,2025.0,,,,,,,,,,
"Quantum Energy Services & Technologies, Inc.",,San Francisco,DataSF API,,,bay_area_startups_master copy.csv,,,,,,,,CA,,,,,,,,,,,,,,,,,,,,,,,,,,,,,,,,,,,,2025.0,,,,,,,,,,
Queue Happy Inspirations,,San Francisco,DataSF API,,,bay_area_startups_master copy.csv,,,,,,,,CA,,,,,,,,,,,,,,,,,,,,,,,,,,,,,,,,,,,,2025.0,,,,,,,,,,
Quevedo Painting,,San Francisco,DataSF API,,,bay_area_startups_master copy.csv,,,,,,,,CA,,,,,,,,,,,,,,,,,,,,,,,,,,,,,,,,,,,,2024.0,,,,,,,,,,
Quick Fix Garage Door Repair Inc,,San Francisco,DataSF API,,,bay_area_startups_master copy.csv,,,,,,,,CA,,,,,,,,,,,,,,,,,,,,,,,,,,,,,,,,,,,,2024.0,,,,,,,,,,
Rainbow Beauty Spa,,San Francisco,DataSF API,,,bay_area_startups_master copy.csv,,,,,,,,CA,,,,,,,,,,,,,,,,,,,,,,,,,,,,,,,,,,,,2025.0,,,,,,,,,,
Rainbow Market And Deli,,San Francisco,DataSF API,,,bay_area_startups_master copy.csv,,,,,,,,CA,,,,,,,,,,,,,,,,,,,,,,,,,,,,,,,,,,,,2025.0,,,,,,,,,,
Rc Maintenance Holdings Inc,,San Francisco,DataSF API,,,bay_area_startups_master copy.csv,,,,,,,,CA,,,,,,,,,,,,,,,,,,,,,,,,,,,,,,,,,,,,2024.0,,,,,,,,,,
Rebecca Wraxall Hair,,San Francisco,DataSF API,,,bay_area_startups_master copy.csv,,,,,,,,CA,,,,,,,,,,,,,,,,,,,,,,,,,,,,,,,,,,,,2025.0,,,,,,,,,,
Rebelretailers,,San Francisco,DataSF API,,,bay_area_startups_master copy.csv,,,,,,,,CA,,,,,,,,,,,,,,,,,,,,,,,,,,,,,,,,,,,,2025.0,,,,,,,,,,
Removaldefense.Ai,,San Francisco,DataSF API,,,bay_area_startups_master copy.csv,,,,,,,,CA,,,,,,,,,,,,,,,,,,,,,,,,,,,,,,,,,,,,2024.0,,,,,,,,,,
Revic Ai Inc,,San Francisco,DataSF API,,,bay_area_startups_master copy.csv,,,,,,,,CA,,,,,,,,,,,,,,,,,,,,,,,,,,,,,,,,,,,,2024.0,,,,,,,,,,
Richmond District Jewelry Repair,,San Francisco,DataSF API,,,bay_area_startups_master copy.csv,,,,,,,,CA,,,,,,,,,,,,,,,,,,,,,,,,,,,,,,,,,,,,2024.0,,,,,,,,,,
Ridea Painting,,San Francisco,DataSF API,,,bay_area_startups_master copy.csv,,,,,,,,CA,,,,,,,,,,,,,,,,,,,,,,,,,,,,,,,,,,,,2025.0,,,,,,,,,,
"Riley Ai, Inc.",,San Francisco,DataSF API,,,bay_area_startups_master copy.csv,,,,,,,,CA,,,,,,,,,,,,,,,,,,,,,,,,,,,,,,,,,,,,2025.0,,,,,,,,,,
"Riveter Ai, Inc.",,San Francisco,DataSF API,,,bay_area_startups_master copy.csv,,,,,,,,CA,,,,,,,,,,,,,,,,,,,,,,,,,,,,,,,,,,,,2024.0,,,,,,,,,,
Rockstar Iphone Ipad Samsung Mac Laptop & Electronics Repair,,San Francisco,DataSF API,,,bay_area_startups_master copy.csv,,,,,,,,CA,,,,,,,,,,,,,,,,,,,,,,,,,,,,,,,,,,,,2024.0,,,,,,,,,,
Rotor Digital Services,,San Francisco,DataSF API,,,bay_area_startups_master copy.csv,,,,,,,,CA,,,,,,,,,,,,,,,,,,,,,,,,,,,,,,,,,,,,2024.0,,,,,,,,,,
Roundabout Technologies,,San Francisco,DataSF API,,,bay_area_startups_master copy.csv,,,,,,,,CA,,,,,,,,,,,,,,,,,,,,,,,,,,,,,,,,,,,,2024.0,,,,,,,,,,
Rous Maintenance Services LLC,,San Francisco,DataSF API,,,bay_area_startups_master copy.csv,,,,,,,,CA,,,,,,,,,,,,,,,,,,,,,,,,,,,,,,,,,,,,2025.0,,,,,,,,,,
Running With Abigail LLC,,San Francisco,DataSF API,,,bay_area_startups_master copy.csv,,,,,,,,CA,,,,,,,,,,,,,,,,,,,,,,,,,,,,,,,,,,,,2025.0,,,,,,,,,,
Rush Air Mechanical,,San Francisco,DataSF API,,,bay_area_startups_master copy.csv,,,,,,,,CA,,,,,,,,,,,,,,,,,,,,,,,,,,,,,,,,,,,,2024.0,,,,,,,,,,
Said & Done Projects,,San Francisco,DataSF API,,,bay_area_startups_master copy.csv,,,,,,,,CA,,,,,,,,,,,,,,,,,,,,,,,,,,,,,,,,,,,,2025.0,,,,,,,,,,
Sandpail Productions,,San Francisco,DataSF API,,,bay_area_startups_master copy.csv,,,,,,,,CA,,,,,,,,,,,,,,,,,,,,,,,,,,,,,,,,,,,,2025.0,,,,,,,,,,
Sandy Ai,,San Francisco,DataSF API,,,bay_area_startups_master copy.csv,,,,,,,,CA,,,,,,,,,,,,,,,,,,,,,,,,,,,,,,,,,,,,2025.0,,,,,,,,,,
Sandy Health Ai,,San Francisco,DataSF API,,,bay_area_startups_master copy.csv,,,,,,,,CA,,,,,,,,,,,,,,,,,,,,,,,,,,,,,,,,,,,,2025.0,,,,,,,,,,
"Scrubz Apparel Supplies 2024 Unlimited, LLC",,San Francisco,DataSF API,,,bay_area_startups_master copy.csv,,,,,,,,CA,,,,,,,,,,,,,,,,,,,,,,,,,,,,,,,,,,,,2024.0,,,,,,,,,,
"Securus Technologies, LLC",,San Francisco,DataSF API,,,bay_area_startups_master copy.csv,,,,,,,,CA,,,,,,,,,,,,,,,,,,,,,,,,,,,,,,,,,,,,2025.0,,,,,,,,,,
Service King Air,,San Francisco,DataSF API,,,bay_area_startups_master copy.csv,,,,,,,,CA,,,,,,,,,,,,,,,,,,,,,,,,,,,,,,,,,,,,2024.0,,,,,,,,,,
Sf House Of Nails,,San Francisco,DataSF API,,,bay_area_startups_master copy.csv,,,,,,,,CA,,,,,,,,,,,,,,,,,,,,,,,,,,,,,,,,,,,,2025.0,,,,,,,,,,
Sf House Of Nails Pierce Inc,,San Francisco,DataSF API,,,bay_area_startups_master copy.csv,,,,,,,,CA,,,,,,,,,,,,,,,,,,,,,,,,,,,,,,,,,,,,2025.0,,,,,,,,,,
Shannon Cairns,,San Francisco,DataSF API,,,bay_area_startups_master copy.csv,,,,,,,,CA,,,,,,,,,,,,,,,,,,,,,,,,,,,,,,,,,,,,2025.0,,,,,,,,,,
Silver Apple LLC,,San Francisco,DataSF API,,,bay_area_startups_master copy.csv,,,,,,,,CA,,,,,,,,,,,,,,,,,,,,,,,,,,,,,,,,,,,,2024.0,,,,,,,,,,
Silver Cloud,,San Francisco,DataSF API,,,bay_area_startups_master copy.csv,,,,,,,,CA,,,,,,,,,,,,,,,,,,,,,,,,,,,,,,,,,,,,2024.0,,,,,,,,,,
Sinclair Domestic Services,,San Francisco,DataSF API,,,bay_area_startups_master copy.csv,,,,,,,,CA,,,,,,,,,,,,,,,,,,,,,,,,,,,,,,,,,,,,2024.0,,,,,,,,,,
Slightly Straight Stud Construction,,San Francisco,DataSF API,,,bay_area_startups_master copy.csv,,,,,,,,CA,,,,,,,,,,,,,,,,,,,,,,,,,,,,,,,,,,,,2025.0,,,,,,,,,,
Smarketing Technologies Corporation,,San Francisco,DataSF API,,,bay_area_startups_master copy.csv,,,,,,,,CA,,,,,,,,,,,,,,,,,,,,,,,,,,,,,,,,,,,,2025.0,,,,,,,,,,
Smart & Beyond Painting Inc,,San Francisco,DataSF API,,,bay_area_startups_master copy.csv,,,,,,,,CA,,,,,,,,,,,,,,,,,,,,,,,,,,,,,,,,,,,,2025.0,,,,,,,,,,
"So Does Nails, Inc",,San Francisco,DataSF API,,,bay_area_startups_master copy.csv,,,,,,,,CA,,,,,,,,,,,,,,,,,,,,,,,,,,,,,,,,,,,,2024.0,,,,,,,,,,
Solar Tech Collective LLC,,San Francisco,DataSF API,,,bay_area_startups_master copy.csv,,,,,,,,CA,,,,,,,,,,,,,,,,,,,,,,,,,,,,,,,,,,,,2024.0,,,,,,,,,,
Solis Ai And Data Transformation Services,,San Francisco,DataSF API,,,bay_area_startups_master copy.csv,,,,,,,,CA,,,,,,,,,,,,,,,,,,,,,,,,,,,,,,,,,,,,2024.0,,,,,,,,,,
Somo Ai Inc,,San Francisco,DataSF API,,,bay_area_startups_master copy.csv,,,,,,,,CA,,,,,,,,,,,,,,,,,,,,,,,,,,,,,,,,,,,,2024.0,,,,,,,,,,
Sophia Nail Spa,,San Francisco,DataSF API,,,bay_area_startups_master copy.csv,,,,,,,,CA,,,,,,,,,,,,,,,,,,,,,,,,,,,,,,,,,,,,2024.0,,,,,,,,,,
Soulful Web Design Studio,,San Francisco,DataSF API,,,bay_area_startups_master copy.csv,,,,,,,,CA,,,,,,,,,,,,,,,,,,,,,,,,,,,,,,,,,,,,2025.0,,,,,,,,,,
Sparkl Sustainable Solutions Dba Sparkl Reusables,,San Francisco,DataSF API,,,bay_area_startups_master copy.csv,,,,,,,,CA,,,,,,,,,,,,,,,,,,,,,,,,,,,,,,,,,,,,2024.0,,,,,,,,,,
Steps Towards Faith,,San Francisco,DataSF API,,,bay_area_startups_master copy.csv,,,,,,,,CA,,,,,,,,,,,,,,,,,,,,,,,,,,,,,,,,,,,,2024.0,,,,,,,,,,
Stoic Tech,,San Francisco,DataSF API,,,bay_area_startups_master copy.csv,,,,,,,,CA,,,,,,,,,,,,,,,,,,,,,,,,,,,,,,,,,,,,2024.0,,,,,,,,,,
Straightedge Handyman Service And Solutions,,San Francisco,DataSF API,,,bay_area_startups_master copy.csv,,,,,,,,CA,,,,,,,,,,,,,,,,,,,,,,,,,,,,,,,,,,,,2025.0,,,,,,,,,,
Sun & Shield Tech Services,,San Francisco,DataSF API,,,bay_area_startups_master copy.csv,,,,,,,,CA,,,,,,,,,,,,,,,,,,,,,,,,,,,,,,,,,,,,2024.0,,,,,,,,,,
Sunset Painting,,San Francisco,DataSF API,,,bay_area_startups_master copy.csv,,,,,,,,CA,,,,,,,,,,,,,,,,,,,,,,,,,,,,,,,,,,,,2024.0,,,,,,,,,,
Susie Thai Massage,,San Francisco,DataSF API,,,bay_area_startups_master copy.csv,,,,,,,,CA,,,,,,,,,,,,,,,,,,,,,,,,,,,,,,,,,,,,2024.0,,,,,,,,,,
T & H Painting Company,,San Francisco,DataSF API,,,bay_area_startups_master copy.csv,,,,,,,,CA,,,,,,,,,,,,,,,,,,,,,,,,,,,,,,,,,,,,2024.0,,,,,,,,,,
Tacos El Shaddai,,San Francisco,DataSF API,,,bay_area_startups_master copy.csv,,,,,,,,CA,,,,,,,,,,,,,,,,,,,,,,,,,,,,,,,,,,,,2025.0,,,,,,,,,,
Tailwinds,,San Francisco,DataSF API,,,bay_area_startups_master copy.csv,,,,,,,,CA,,,,,,,,,,,,,,,,,,,,,,,,,,,,,,,,,,,,2025.0,,,,,,,,,,
Tailwinds Advisory,,San Francisco,DataSF API,,,bay_area_startups_master copy.csv,,,,,,,,CA,,,,,,,,,,,,,,,,,,,,,,,,,,,,,,,,,,,,2025.0,,,,,,,,,,
Taishan Cuisine,,San Francisco,DataSF API,,,bay_area_startups_master copy.csv,,,,,,,,CA,,,,,,,,,,,,,,,,,,,,,,,,,,,,,,,,,,,,2024.0,,,,,,,,,,
Taishan Cuisine Second,,San Francisco,DataSF API,,,bay_area_startups_master copy.csv,,,,,,,,CA,,,,,,,,,,,,,,,,,,,,,,,,,,,,,,,,,,,,2024.0,,,,,,,,,,
Taishan Cuisine The 5th One,,San Francisco,DataSF API,,,bay_area_startups_master copy.csv,,,,,,,,CA,,,,,,,,,,,,,,,,,,,,,,,,,,,,,,,,,,,,2024.0,,,,,,,,,,
Taishan Food Gift Shop,,San Francisco,DataSF API,,,bay_area_startups_master copy.csv,,,,,,,,CA,,,,,,,,,,,,,,,,,,,,,,,,,,,,,,,,,,,,2025.0,,,,,,,,,,
Taishan Restaurant,,San Francisco,DataSF API,,,bay_area_startups_master copy.csv,,,,,,,,CA,,,,,,,,,,,,,,,,,,,,,,,,,,,,,,,,,,,,2024.0,,,,,,,,,,
Taishan Specialty,,San Francisco,DataSF API,,,bay_area_startups_master copy.csv,,,,,,,,CA,,,,,,,,,,,,,,,,,,,,,,,,,,,,,,,,,,,,2024.0,,,,,,,,,,
Taldea Services And Maintenance,,San Francisco,DataSF API,,,bay_area_startups_master copy.csv,,,,,,,,CA,,,,,,,,,,,,,,,,,,,,,,,,,,,,,,,,,,,,2025.0,,,,,,,,,,
Teixeira Training,,San Francisco,DataSF API,,,bay_area_startups_master copy.csv,,,,,,,,CA,,,,,,,,,,,,,,,,,,,,,,,,,,,,,,,,,,,,2024.0,,,,,,,,,,
"Terrace Biotech, LLC",,San Francisco,DataSF API,,,bay_area_startups_master copy.csv,,,,,,,,CA,,,,,,,,,,,,,,,,,,,,,,,,,,,,,,,,,,,,2024.0,,,,,,,,,,
Tetelestai Painting Corporation,,San Francisco,DataSF API,,,bay_area_startups_master copy.csv,,,,,,,,CA,,,,,,,,,,,,,,,,,,,,,,,,,,,,,,,,,,,,2024.0,,,,,,,,,,
The Ai Receptionist Agency,,San Francisco,DataSF API,,,bay_area_startups_master copy.csv,,,,,,,,CA,,,,,,,,,,,,,,,,,,,,,,,,,,,,,,,,,,,,2025.0,,,,,,,,,,
The Creation Painting Inc.,,San Francisco,DataSF API,,,bay_area_startups_master copy.csv,,,,,,,,CA,,,,,,,,,,,,,,,,,,,,,,,,,,,,,,,,,,,,2024.0,,,,,,,,,,
The Daisy Foundation,,San Francisco,DataSF API,,,bay_area_startups_master copy.csv,,,,,,,,CA,,,,,,,,,,,,,,,,,,,,,,,,,,,,,,,,,,,,2025.0,,,,,,,,,,
"The Main Post, Inc",,San Francisco,DataSF API,,,bay_area_startups_master copy.csv,,,,,,,,CA,,,,,,,,,,,,,,,,,,,,,,,,,,,,,,,,,,,,2025.0,,,,,,,,,,
Three Soles Inc. Dba Trainor Builders,,San Francisco,DataSF API,,,bay_area_startups_master copy.csv,,,,,,,,CA,,,,,,,,,,,,,,,,,,,,,,,,,,,,,,,,,,,,2024.0,,,,,,,,,,
Tie Dye By Gail,,San Francisco,DataSF API,,,bay_area_startups_master copy.csv,,,,,,,,CA,,,,,,,,,,,,,,,,,,,,,,,,,,,,,,,,,,,,2024.0,,,,,,,,,,
Toc Painting,,San Francisco,DataSF API,,,bay_area_startups_master copy.csv,,,,,,,,CA,,,,,,,,,,,,,,,,,,,,,,,,,,,,,,,,,,,,2024.0,,,,,,,,,,
Tom Praisan,,San Francisco,DataSF API,,,bay_area_startups_master copy.csv,,,,,,,,CA,,,,,,,,,,,,,,,,,,,,,,,,,,,,,,,,,,,,2025.0,,,,,,,,,,
Toorialai Naeem,,San Francisco,DataSF API,,,bay_area_startups_master copy.csv,,,,,,,,CA,,,,,,,,,,,,,,,,,,,,,,,,,,,,,,,,,,,,2024.0,,,,,,,,,,
Top Hair Care LLC,,San Francisco,DataSF API,,,bay_area_startups_master copy.csv,,,,,,,,CA,,,,,,,,,,,,,,,,,,,,,,,,,,,,,,,,,,,,2024.0,,,,,,,,,,
Trachawk Painting Co,,San Francisco,DataSF API,,,bay_area_startups_master copy.csv,,,,,,,,CA,,,,,,,,,,,,,,,,,,,,,,,,,,,,,,,,,,,,2024.0,,,,,,,,,,
"Tri Valley Hvac LLC, Dba Aireserv Of Pleasanton",,San Francisco,DataSF API,,,bay_area_startups_master copy.csv,,,,,,,,CA,,,,,,,,,,,,,,,,,,,,,,,,,,,,,,,,,,,,2024.0,,,,,,,,,,
Ts Nail & Lash Spa,,San Francisco,DataSF API,,,bay_area_startups_master copy.csv,,,,,,,,CA,,,,,,,,,,,,,,,,,,,,,,,,,,,,,,,,,,,,2024.0,,,,,,,,,,
Ts Nail&Lash LLC,,San Francisco,DataSF API,,,bay_area_startups_master copy.csv,,,,,,,,CA,,,,,,,,,,,,,,,,,,,,,,,,,,,,,,,,,,,,2024.0,,,,,,,,,,
Turner Auctions + Appraisals LLC,,San Francisco,DataSF API,,,bay_area_startups_master copy.csv,,,,,,,,CA,,,,,,,,,,,,,,,,,,,,,,,,,,,,,,,,,,,,2025.0,,,,,,,,,,
"Tusk Ai, Inc.",,San Francisco,DataSF API,,,bay_area_startups_master copy.csv,,,,,,,,CA,,,,,,,,,,,,,,,,,,,,,,,,,,,,,,,,,,,,2025.0,,,,,,,,,,
Unsloth Ai,,San Francisco,DataSF API,,,bay_area_startups_master copy.csv,,,,,,,,CA,,,,,,,,,,,,,,,,,,,,,,,,,,,,,,,,,,,,2024.0,,,,,,,,,,
Unsloth Ai Inc.,,San Francisco,DataSF API,,,bay_area_startups_master copy.csv,,,,,,,,CA,,,,,,,,,,,,,,,,,,,,,,,,,,,,,,,,,,,,2024.0,,,,,,,,,,
"Usa Digital Communications, Inc",,San Francisco,DataSF API,,,bay_area_startups_master copy.csv,,,,,,,,CA,,,,,,,,,,,,,,,,,,,,,,,,,,,,,,,,,,,,2024.0,,,,,,,,,,
"Vanguard Smoke & Fire Curtains, Inc.",,San Francisco,DataSF API,,,bay_area_startups_master copy.csv,,,,,,,,CA,,,,,,,,,,,,,,,,,,,,,,,,,,,,,,,,,,,,2024.0,,,,,,,,,,
Vista Mobile Urgent Care Inc,,San Francisco,DataSF API,,,bay_area_startups_master copy.csv,,,,,,,,CA,,,,,,,,,,,,,,,,,,,,,,,,,,,,,,,,,,,,2024.0,,,,,,,,,,
Vroomdetail,,San Francisco,DataSF API,,,bay_area_startups_master copy.csv,,,,,,,,CA,,,,,,,,,,,,,,,,,,,,,,,,,,,,,,,,,,,,2025.0,,,,,,,,,,
Wai Ahead LLC,,San Francisco,DataSF API,,,bay_area_startups_master copy.csv,,,,,,,,CA,,,,,,,,,,,,,,,,,,,,,,,,,,,,,,,,,,,,2025.0,,,,,,,,,,
Wainaku Strategy Group,,San Francisco,DataSF API,,,bay_area_startups_master copy.csv,,,,,,,,CA,,,,,,,,,,,,,,,,,,,,,,,,,,,,,,,,,,,,2025.0,,,,,,,,,,
Wastech Corporation,,San Francisco,DataSF API,,,bay_area_startups_master copy.csv,,,,,,,,CA,,,,,,,,,,,,,,,,,,,,,,,,,,,,,,,,,,,,2024.0,,,,,,,,,,
"Weedn Public Affairs, LLC",,San Francisco,DataSF API,,,bay_area_startups_master copy.csv,,,,,,,,CA,,,,,,,,,,,,,,,,,,,,,,,,,,,,,,,,,,,,2025.0,,,,,,,,,,
Whiskertails,,San Francisco,DataSF API,,,bay_area_startups_master copy.csv,,,,,,,,CA,,,,,,,,,,,,,,,,,,,,,,,,,,,,,,,,,,,,2024.0,,,,,,,,,,
Wong Tai Sen Temple & Services Inc,,San Francisco,DataSF API,,,bay_area_startups_master copy.csv,,,,,,,,CA,,,,,,,,,,,,,,,,,,,,,,,,,,,,,,,,,,,,2024.0,,,,,,,,,,
Yeji Cuts Hair,,San Francisco,DataSF API,,,bay_area_startups_master copy.csv,,,,,,,,CA,,,,,,,,,,,,,,,,,,,,,,,,,,,,,,,,,,,,2025.0,,,,,,,,,,
Yellow Orchid Nail Spa,,San Francisco,DataSF API,,,bay_area_startups_master copy.csv,,,,,,,,CA,,,,,,,,,,,,,,,,,,,,,,,,,,,,,,,,,,,,2025.0,,,,,,,,,,
Yishai Lerner Consulting,,San Francisco,DataSF API,,,bay_area_startups_master copy.csv,,,,,,,,CA,,,,,,,,,,,,,,,,,,,,,,,,,,,,,,,,,,,,2024.0,,,,,,,,,,
Your Happy Place LLC,,San Francisco,DataSF API,,,bay_area_startups_master copy.csv,,,,,,,,CA,,,,,,,,,,,,,,,,,,,,,,,,,,,,,,,,,,,,2024.0,,,,,,,,,,
Z & F Maintenance LLC,,San Francisco,DataSF API,,,bay_area_startups_master copy.csv,,,,,,,,CA,,,,,,,,,,,,,,,,,,,,,,,,,,,,,,,,,,,,2025.0,,,,,,,,,,
Zorina Nail Studio,,San Francisco,DataSF API,,,bay_area_startups_master copy.csv,,,,,,,,CA,,,,,,,,,,,,,,,,,,,,,,,,,,,,,,,,,,,,2024.0,,,,,,,,,,
