2025-04-14 15:17:30,718 - INFO - Created main data directory at /Users/hk/Downloads/DSFinalYearProject/fundraise_data
2025-04-14 15:17:30,718 - INFO - Setting up scheduled extraction (every 24 hours)
2025-04-14 15:17:30,718 - INFO - Starting extraction process
2025-04-14 15:17:30,718 - INFO - Setting up Chrome WebDriver...
2025-04-14 15:17:30,718 - INFO - ====== WebDriver manager ======
2025-04-14 15:17:30,821 - INFO - Get LATEST chromedriver version for google-chrome
2025-04-14 15:17:30,862 - INFO - Get LATEST chromedriver version for google-chrome
2025-04-14 15:17:30,889 - INFO - Driver [/Users/hk/.wdm/drivers/chromedriver/mac64/135.0.7049.84/chromedriver-mac-arm64/chromedriver] found in cache
2025-04-14 15:17:32,152 - INFO - WebDriver setup completed successfully
2025-04-14 15:17:32,153 - INFO - Navigating to https://fundraiseinsider.com/blog/recently-funded-startups-san-francisco/#showform-238066
2025-04-14 15:17:35,989 - INFO - Found overlay using selector: //div[contains(@class, 'conv-wrap')]
2025-04-14 15:17:35,995 - INFO - No close button found, removing overlay with JavaScript
2025-04-14 15:17:36,882 - INFO - Found overlay using selector: //div[contains(@class, 'overlay')]
2025-04-14 15:17:36,888 - INFO - No close button found, removing overlay with JavaScript
2025-04-14 15:18:03,713 - INFO - Setting up scheduled extraction (every 24 hours)
2025-04-14 15:18:03,713 - INFO - Starting extraction process
2025-04-14 15:18:03,713 - INFO - Setting up Chrome WebDriver...
2025-04-14 15:18:03,713 - INFO - ====== WebDriver manager ======
2025-04-14 15:18:03,788 - INFO - Get LATEST chromedriver version for google-chrome
2025-04-14 15:18:03,824 - INFO - Get LATEST chromedriver version for google-chrome
2025-04-14 15:18:03,852 - INFO - Driver [/Users/hk/.wdm/drivers/chromedriver/mac64/135.0.7049.84/chromedriver-mac-arm64/chromedriver] found in cache
2025-04-14 15:18:04,684 - INFO - WebDriver setup completed successfully
2025-04-14 15:18:04,684 - INFO - Navigating to https://fundraiseinsider.com/blog/recently-funded-startups-san-francisco/#showform-238066
2025-04-14 15:18:21,724 - INFO - Performing efficient scrolling...
2025-04-14 15:18:25,182 - INFO - Scrolling completed
2025-04-14 15:18:25,193 - INFO - Found overlay using selector: //div[contains(@class, 'conv-wrap')]
2025-04-14 15:18:25,199 - INFO - No close button found, removing overlay with JavaScript
2025-04-14 15:18:25,924 - INFO - Found overlay using selector: //div[contains(@class, 'overlay')]
2025-04-14 15:18:25,927 - INFO - No close button found, removing overlay with JavaScript
2025-04-14 15:18:26,694 - INFO - Extracting data from page 1
2025-04-14 15:18:27,492 - INFO - Trying standard table extraction
2025-04-14 15:18:27,531 - INFO - Found funding amount column at index 6
2025-04-14 15:18:27,535 - INFO - Found headquarters column at index 7
2025-04-14 15:18:27,546 - INFO - Found 22 potential data rows
2025-04-14 15:18:27,607 - INFO - Extracted: Rembrand - 2-Jan-25
2025-04-14 15:18:27,607 - INFO - Found funding amount: 23000000
2025-04-14 15:18:27,639 - INFO - Extracted: Wurthy - 30-Dec-24
2025-04-14 15:18:27,639 - INFO - Found funding amount: 0
2025-04-14 15:18:27,673 - INFO - Extracted: Frontier Bio - 25-Dec-24
2025-04-14 15:18:27,673 - INFO - Found funding amount: 1300000
2025-04-14 15:18:27,710 - INFO - Extracted: Courtyard - 23-Dec-24
2025-04-14 15:18:27,710 - INFO - Found funding amount: 4500000
2025-04-14 15:18:27,748 - INFO - Extracted: Pasadena Private Lending - 19-Dec-24
2025-04-14 15:18:27,748 - INFO - Found funding amount: 50000000
2025-04-14 15:18:27,780 - INFO - Extracted: Tenor - 19-Dec-24
2025-04-14 15:18:27,780 - INFO - Found funding amount: 5400000
2025-04-14 15:18:27,810 - INFO - Extracted: Earli - 19-Dec-24
2025-04-14 15:18:27,810 - INFO - Found funding amount: 60000000
2025-04-14 15:18:27,840 - INFO - Extracted: Child Family Health International - 19-Dec-24
2025-04-14 15:18:27,840 - INFO - Found funding amount: 7500
2025-04-14 15:18:27,874 - INFO - Extracted: SandboxAQ - 18-Dec-24
2025-04-14 15:18:27,874 - INFO - Found funding amount: 300000000
2025-04-14 15:18:27,909 - INFO - Extracted: Plume Network - 18-Dec-24
2025-04-14 15:18:27,909 - INFO - Found funding amount: 20000000
2025-04-14 15:18:27,948 - INFO - Extracted: Hamming AI - 18-Dec-24
2025-04-14 15:18:27,948 - INFO - Found funding amount: 3800000
2025-04-14 15:18:27,983 - INFO - Extracted: CourtScribes - 18-Dec-24
2025-04-14 15:18:27,983 - INFO - Found funding amount: 512474
2025-04-14 15:18:28,021 - INFO - Extracted: Perplexity - 18-Dec-24
2025-04-14 15:18:28,021 - INFO - Found funding amount: 500000000
2025-04-14 15:18:28,056 - INFO - Extracted: Lyten - 18-Dec-24
2025-04-14 15:18:28,056 - INFO - Found funding amount: 650000000
2025-04-14 15:18:28,091 - INFO - Extracted: Fairbanc - 18-Dec-24
2025-04-14 15:18:28,091 - INFO - Found funding amount: 50000000000
2025-04-14 15:18:28,126 - INFO - Extracted: Mojave Energy Systems - 18-Dec-24
2025-04-14 15:18:28,126 - INFO - Found funding amount: 9500000
2025-04-14 15:18:28,161 - INFO - Extracted: Fraction AI - 18-Dec-24
2025-04-14 15:18:28,161 - INFO - Found funding amount: 6000000
2025-04-14 15:18:28,194 - INFO - Extracted: Schwarm Technologies Inc. - 17-Dec-24
2025-04-14 15:18:28,194 - INFO - Found funding amount: 3027055
2025-04-14 15:18:28,229 - INFO - Extracted: Landbase - 17-Dec-24
2025-04-14 15:18:28,229 - INFO - Found funding amount: 12500000
2025-04-14 15:18:28,265 - INFO - Extracted: Acre - 17-Dec-24
2025-04-14 15:18:28,265 - INFO - Found funding amount: 10000000
2025-04-14 15:18:28,265 - INFO - Successfully extracted 20 new companies from page 1
2025-04-14 15:18:28,265 - INFO - Attempting to navigate from page 1
2025-04-14 15:18:34,058 - INFO - JavaScript verification confirmed page changed
2025-04-14 15:18:34,617 - INFO - Extracting data from page 2
2025-04-14 15:18:35,585 - INFO - Trying standard table extraction
2025-04-14 15:18:35,617 - INFO - Found funding amount column at index 6
2025-04-14 15:18:35,621 - INFO - Found headquarters column at index 7
2025-04-14 15:18:35,630 - INFO - Found 22 potential data rows
2025-04-14 15:18:35,678 - INFO - Extracted: Finexio - 17-Dec-24
2025-04-14 15:18:35,678 - INFO - Found funding amount: 10000000
2025-04-14 15:18:35,713 - INFO - Extracted: Anatomy Financial - 17-Dec-24
2025-04-14 15:18:35,713 - INFO - Found funding amount: 19000000
2025-04-14 15:18:35,747 - INFO - Extracted: Serverfarm - 17-Dec-24
2025-04-14 15:18:35,747 - INFO - Found funding amount: 1637000000
2025-04-14 15:18:35,780 - INFO - Extracted: Flair - 17-Dec-24
2025-04-14 15:18:35,780 - INFO - Found funding amount: 0
2025-04-14 15:18:35,815 - INFO - Extracted: Leapfin - 17-Dec-24
2025-04-14 15:18:35,815 - INFO - Found funding amount: 1000000
2025-04-14 15:18:35,850 - INFO - Extracted: Parafin - 17-Dec-24
2025-04-14 15:18:35,850 - INFO - Found funding amount: 100000000
2025-04-14 15:18:35,885 - INFO - Extracted: Indapta Therapeutics - 17-Dec-24
2025-04-14 15:18:35,885 - INFO - Found funding amount: 22500000
2025-04-14 15:18:35,919 - INFO - Extracted: Xcell Biosciences - 17-Dec-24
2025-04-14 15:18:35,919 - INFO - Found funding amount: 1400000
2025-04-14 15:18:35,952 - INFO - Extracted: Jiko - 12-Dec-24
2025-04-14 15:18:35,952 - INFO - Found funding amount: 29000000
2025-04-14 15:18:35,988 - INFO - Extracted: One - 12-Dec-24
2025-04-14 15:18:35,988 - INFO - Found funding amount: 300000000
2025-04-14 15:18:36,023 - INFO - Extracted: Evinced - 12-Dec-24
2025-04-14 15:18:36,023 - INFO - Found funding amount: 55000000
2025-04-14 15:18:36,057 - INFO - Extracted: Twelve Labs - 12-Dec-24
2025-04-14 15:18:36,057 - INFO - Found funding amount: 30000000
2025-04-14 15:18:36,093 - INFO - Extracted: Terradot - 12-Dec-24
2025-04-14 15:18:36,093 - INFO - Found funding amount: 54000000
2025-04-14 15:18:36,128 - INFO - Extracted: Cartesia - 12-Dec-24
2025-04-14 15:18:36,128 - INFO - Found funding amount: 22000000
2025-04-14 15:18:36,162 - INFO - Extracted: Vantis Vascular - 12-Dec-24
2025-04-14 15:18:36,162 - INFO - Found funding amount: 10000000
2025-04-14 15:18:36,203 - INFO - Extracted: Alessa Therapeutics - 12-Dec-24
2025-04-14 15:18:36,203 - INFO - Found funding amount: 15000000
2025-04-14 15:18:36,240 - INFO - Extracted: Gigs - 12-Dec-24
2025-04-14 15:18:36,240 - INFO - Found funding amount: 73000000
2025-04-14 15:18:36,273 - INFO - Extracted: Immi - 12-Dec-24
2025-04-14 15:18:36,273 - INFO - Found funding amount: 3000000
2025-04-14 15:18:36,309 - INFO - Extracted: Albert Invent - 11-Dec-24
2025-04-14 15:18:36,309 - INFO - Found funding amount: 22500000
2025-04-14 15:18:36,363 - INFO - Extracted: Strategic Venue Partners - 11-Dec-24
2025-04-14 15:18:36,363 - INFO - Found funding amount: 0
2025-04-14 15:18:36,363 - INFO - Successfully extracted 20 new companies from page 2
2025-04-14 15:18:36,363 - INFO - Attempting to navigate from page 2
2025-04-14 15:18:42,307 - INFO - JavaScript verification confirmed page changed
2025-04-14 15:18:43,232 - INFO - Extracting data from page 3
2025-04-14 15:18:43,896 - INFO - Trying standard table extraction
2025-04-14 15:18:43,928 - INFO - Found funding amount column at index 6
2025-04-14 15:18:43,932 - INFO - Found headquarters column at index 7
2025-04-14 15:18:43,941 - INFO - Found 22 potential data rows
2025-04-14 15:18:43,992 - INFO - Extracted: Parsec Education - 11-Dec-24
2025-04-14 15:18:43,992 - INFO - Found funding amount: 8000000
2025-04-14 15:18:44,029 - INFO - Extracted: Saltmine - 11-Dec-24
2025-04-14 15:18:44,030 - INFO - Found funding amount: 0
2025-04-14 15:18:44,063 - INFO - Extracted: NeuBird - 11-Dec-24
2025-04-14 15:18:44,063 - INFO - Found funding amount: 22500000
2025-04-14 15:18:44,098 - INFO - Extracted: Aimon Labs - 11-Dec-24
2025-04-14 15:18:44,098 - INFO - Found funding amount: 2300000
2025-04-14 15:18:44,135 - INFO - Extracted: Ayar Labs - 11-Dec-24
2025-04-14 15:18:44,135 - INFO - Found funding amount: 155000000
2025-04-14 15:18:44,168 - INFO - Extracted: Vapi - 11-Dec-24
2025-04-14 15:18:44,169 - INFO - Found funding amount: 20000000
2025-04-14 15:18:44,204 - INFO - Extracted: EzDubs - 11-Dec-24
2025-04-14 15:18:44,204 - INFO - Found funding amount: 4200000
2025-04-14 15:18:44,239 - INFO - Extracted: Capstan Medical - 11-Dec-24
2025-04-14 15:18:44,239 - INFO - Found funding amount: 110000000
2025-04-14 15:18:44,273 - INFO - Extracted: Reveal Technology - 11-Dec-24
2025-04-14 15:18:44,274 - INFO - Found funding amount: 11200000
2025-04-14 15:18:44,309 - INFO - Extracted: Tosi - 11-Dec-24
2025-04-14 15:18:44,309 - INFO - Found funding amount: 15805308
2025-04-14 15:18:44,342 - INFO - Extracted: Azimuth AI - 11-Dec-24
2025-04-14 15:18:44,342 - INFO - Found funding amount: 11500000
2025-04-14 15:18:44,383 - INFO - Extracted: Cohesity - 10-Dec-24
2025-04-14 15:18:44,383 - INFO - Found funding amount: 0
2025-04-14 15:18:44,432 - INFO - Extracted: Speak - 10-Dec-24
2025-04-14 15:18:44,433 - INFO - Found funding amount: 78000000
2025-04-14 15:18:44,466 - INFO - Extracted: Mainframe - 10-Dec-24
2025-04-14 15:18:44,466 - INFO - Found funding amount: 5500000
2025-04-14 15:18:44,503 - INFO - Extracted: Gyaan - 10-Dec-24
2025-04-14 15:18:44,503 - INFO - Found funding amount: 5000000
2025-04-14 15:18:44,538 - INFO - Extracted: WeaveGrid - 10-Dec-24
2025-04-14 15:18:44,538 - INFO - Found funding amount: 28000000
2025-04-14 15:18:44,571 - INFO - Extracted: WindBorne Systems - 10-Dec-24
2025-04-14 15:18:44,571 - INFO - Found funding amount: 5000000
2025-04-14 15:18:44,607 - INFO - Extracted: Exabits AI - 10-Dec-24
2025-04-14 15:18:44,607 - INFO - Found funding amount: 15000000
2025-04-14 15:18:44,641 - INFO - Extracted: Gentrace - 10-Dec-24
2025-04-14 15:18:44,641 - INFO - Found funding amount: 8000000
2025-04-14 15:18:44,677 - INFO - Extracted: LambdaTest - 10-Dec-24
2025-04-14 15:18:44,677 - INFO - Found funding amount: 38000000
2025-04-14 15:18:44,677 - INFO - Successfully extracted 20 new companies from page 3
2025-04-14 15:18:44,677 - INFO - Attempting to navigate from page 3
2025-04-14 15:18:50,605 - INFO - JavaScript verification confirmed page changed
2025-04-14 15:18:51,628 - INFO - Extracting data from page 4
2025-04-14 15:18:52,812 - INFO - Trying standard table extraction
2025-04-14 15:18:52,927 - INFO - Found funding amount column at index 6
2025-04-14 15:18:52,932 - INFO - Found headquarters column at index 7
2025-04-14 15:18:52,947 - INFO - Found 22 potential data rows
2025-04-14 15:18:53,189 - INFO - Extracted: Aarvik Therapeutics - 10-Dec-24
2025-04-14 15:18:53,189 - INFO - Found funding amount: 1165000
2025-04-14 15:18:53,227 - INFO - Extracted: WaveForms AI - 10-Dec-24
2025-04-14 15:18:53,227 - INFO - Found funding amount: 40000000
2025-04-14 15:18:53,271 - INFO - Extracted: Wald.ai - 10-Dec-24
2025-04-14 15:18:53,271 - INFO - Found funding amount: 4000000
2025-04-14 15:18:53,309 - INFO - Extracted: Wildflower Health - 10-Dec-24
2025-04-14 15:18:53,309 - INFO - Found funding amount: 17939793
2025-04-14 15:18:53,349 - INFO - Extracted: Aampe - 10-Dec-24
2025-04-14 15:18:53,349 - INFO - Found funding amount: 18000000
2025-04-14 15:18:53,388 - INFO - Extracted: Cala Health - 9-Dec-24
2025-04-14 15:18:53,388 - INFO - Found funding amount: 50000000
2025-04-14 15:18:53,424 - INFO - Extracted: Sofar Ocean - 9-Dec-24
2025-04-14 15:18:53,424 - INFO - Found funding amount: 18250002
2025-04-14 15:18:53,459 - INFO - Extracted: Friend - 9-Dec-24
2025-04-14 15:18:53,459 - INFO - Found funding amount: 5400000
2025-04-14 15:18:53,494 - INFO - Extracted: Lava - 9-Dec-24
2025-04-14 15:18:53,494 - INFO - Found funding amount: 10000000
2025-04-14 15:18:53,530 - INFO - Extracted: MiSalud - 9-Dec-24
2025-04-14 15:18:53,530 - INFO - Found funding amount: 8000000
2025-04-14 15:18:53,565 - INFO - Extracted: Lucra Sports - 5-Dec-24
2025-04-14 15:18:53,565 - INFO - Found funding amount: 10000000
2025-04-14 15:18:53,608 - INFO - Extracted: Across AI - 5-Dec-24
2025-04-14 15:18:53,608 - INFO - Found funding amount: 5750000
2025-04-14 15:18:53,654 - INFO - Extracted: BITKRAFT Ventures - 5-Dec-24
2025-04-14 15:18:53,654 - INFO - Found funding amount: 0
2025-04-14 15:18:53,690 - INFO - Extracted: Nuvig Therapeutics - 5-Dec-24
2025-04-14 15:18:53,690 - INFO - Found funding amount: 161000000
2025-04-14 15:18:53,725 - INFO - Extracted: FutureSearch - 5-Dec-24
2025-04-14 15:18:53,725 - INFO - Found funding amount: 5794991
2025-04-14 15:18:53,758 - INFO - Extracted: Solana - 5-Dec-24
2025-04-14 15:18:53,758 - INFO - Found funding amount: 1500000
2025-04-14 15:18:53,794 - INFO - Extracted: Rubi Laboratories - 5-Dec-24
2025-04-14 15:18:53,794 - INFO - Found funding amount: 969961
2025-04-14 15:18:53,835 - INFO - Extracted: East Oakland Youth Development Center - 5-Dec-24
2025-04-14 15:18:53,835 - INFO - Found funding amount: 0
2025-04-14 15:18:53,871 - INFO - Extracted: Axiado Corporation - 4-Dec-24
2025-04-14 15:18:53,871 - INFO - Found funding amount: 60000000
2025-04-14 15:18:53,905 - INFO - Extracted: Enterpret - 4-Dec-24
2025-04-14 15:18:53,905 - INFO - Found funding amount: 20800000
2025-04-14 15:18:53,905 - INFO - Successfully extracted 20 new companies from page 4
2025-04-14 15:18:53,905 - INFO - Attempting to navigate from page 4
2025-04-14 15:19:00,294 - INFO - JavaScript verification confirmed page changed
2025-04-14 15:19:00,725 - INFO - Extracting data from page 5
2025-04-14 15:19:01,949 - INFO - Trying standard table extraction
2025-04-14 15:19:01,981 - INFO - Found funding amount column at index 6
2025-04-14 15:19:01,986 - INFO - Found headquarters column at index 7
2025-04-14 15:19:01,993 - INFO - Found 22 potential data rows
2025-04-14 15:19:02,044 - INFO - Extracted: HappyRobot - 4-Dec-24
2025-04-14 15:19:02,044 - INFO - Found funding amount: 15600000
2025-04-14 15:19:02,082 - INFO - Extracted: Offcall - 4-Dec-24
2025-04-14 15:19:02,082 - INFO - Found funding amount: 2000000
2025-04-14 15:19:02,117 - INFO - Extracted: Etestho - 4-Dec-24
2025-04-14 15:19:02,117 - INFO - Found funding amount: 0
2025-04-14 15:19:02,152 - INFO - Extracted: Antheia - 3-Dec-24
2025-04-14 15:19:02,152 - INFO - Found funding amount: 12000000
2025-04-14 15:19:02,186 - INFO - Extracted: Aerospike - 3-Dec-24
2025-04-14 15:19:02,187 - INFO - Found funding amount: 109000000
2025-04-14 15:19:02,220 - INFO - Extracted: Yurts Technologies Inc - 3-Dec-24
2025-04-14 15:19:02,220 - INFO - Found funding amount: 40000000
2025-04-14 15:19:02,255 - INFO - Extracted: The Tech Interactive - 3-Dec-24
2025-04-14 15:19:02,255 - INFO - Found funding amount: 0
2025-04-14 15:19:02,289 - INFO - Extracted: Maze Therapeutics - 3-Dec-24
2025-04-14 15:19:02,290 - INFO - Found funding amount: 115000000
2025-04-14 15:19:02,326 - INFO - Extracted: MakersHub - 3-Dec-24
2025-04-14 15:19:02,326 - INFO - Found funding amount: 7000000
2025-04-14 15:19:02,371 - INFO - Extracted: Vooma - 2-Dec-24
2025-04-14 15:19:02,371 - INFO - Found funding amount: 13000000
2025-04-14 15:19:02,406 - INFO - Extracted: Lumin Digital - 2-Dec-24
2025-04-14 15:19:02,406 - INFO - Found funding amount: 160000000
2025-04-14 15:19:02,440 - INFO - Extracted: Upwind Security - 2-Dec-24
2025-04-14 15:19:02,440 - INFO - Found funding amount: 100000000
2025-04-14 15:19:02,475 - INFO - Extracted: CSpeed - 2-Dec-24
2025-04-14 15:19:02,475 - INFO - Found funding amount: 28349982
2025-04-14 15:19:02,510 - INFO - Extracted: Cardless - 26-Nov-24
2025-04-14 15:19:02,510 - INFO - Found funding amount: 30000000
2025-04-14 15:19:02,544 - INFO - Extracted: Sirona Medical - 26-Nov-24
2025-04-14 15:19:02,544 - INFO - Found funding amount: 42000000
2025-04-14 15:19:02,578 - INFO - Extracted: Wherobots Inc. - 26-Nov-24
2025-04-14 15:19:02,578 - INFO - Found funding amount: 21500000
2025-04-14 15:19:02,627 - INFO - Extracted: Circleback - 26-Nov-24
2025-04-14 15:19:02,627 - INFO - Found funding amount: 2500000
2025-04-14 15:19:02,663 - INFO - Extracted: Mindstate Design Labs - 26-Nov-24
2025-04-14 15:19:02,663 - INFO - Found funding amount: 12698587
2025-04-14 15:19:02,697 - INFO - Extracted: Femtosense - 26-Nov-24
2025-04-14 15:19:02,697 - INFO - Found funding amount: 4258347
2025-04-14 15:19:02,762 - INFO - Extracted: Play.ht - 25-Nov-24
2025-04-14 15:19:02,762 - INFO - Found funding amount: 21000000
2025-04-14 15:19:02,762 - INFO - Successfully extracted 20 new companies from page 5
2025-04-14 15:19:02,762 - INFO - Attempting to navigate from page 5
2025-04-14 15:19:08,583 - INFO - JavaScript verification confirmed page changed
2025-04-14 15:19:09,016 - INFO - Extracting data from page 6
2025-04-14 15:19:09,976 - INFO - Trying standard table extraction
2025-04-14 15:19:10,007 - INFO - Found funding amount column at index 6
2025-04-14 15:19:10,012 - INFO - Found headquarters column at index 7
2025-04-14 15:19:10,021 - INFO - Found 22 potential data rows
2025-04-14 15:19:10,087 - INFO - Extracted: Tempest DX - 25-Nov-24
2025-04-14 15:19:10,087 - INFO - Found funding amount: 3200000
2025-04-14 15:19:10,121 - INFO - Extracted: Trustero - 21-Nov-24
2025-04-14 15:19:10,121 - INFO - Found funding amount: 10350000
2025-04-14 15:19:10,158 - INFO - Extracted: Epic Cleantec - 21-Nov-24
2025-04-14 15:19:10,158 - INFO - Found funding amount: 12000000
2025-04-14 15:19:10,193 - INFO - Extracted: VISO TRUST - 21-Nov-24
2025-04-14 15:19:10,193 - INFO - Found funding amount: 7000000
2025-04-14 15:19:10,237 - INFO - Extracted: Aviz Networks - 21-Nov-24
2025-04-14 15:19:10,237 - INFO - Found funding amount: 17000000
2025-04-14 15:19:10,273 - INFO - Extracted: Arcade - 21-Nov-24
2025-04-14 15:19:10,273 - INFO - Found funding amount: 14000000
2025-04-14 15:19:10,311 - INFO - Extracted: Anomalo - 21-Nov-24
2025-04-14 15:19:10,311 - INFO - Found funding amount: 10000000
2025-04-14 15:19:10,355 - INFO - Extracted: Teleo - 21-Nov-24
2025-04-14 15:19:10,355 - INFO - Found funding amount: 7000000
2025-04-14 15:19:10,390 - INFO - Extracted: Wordware - 21-Nov-24
2025-04-14 15:19:10,390 - INFO - Found funding amount: 30000000
2025-04-14 15:19:10,424 - INFO - Extracted: Aira Technologies - 20-Nov-24
2025-04-14 15:19:10,424 - INFO - Found funding amount: 14500000
2025-04-14 15:19:10,459 - INFO - Extracted: Generate Capital - 20-Nov-24
2025-04-14 15:19:10,459 - INFO - Found funding amount: 1200000000
2025-04-14 15:19:10,504 - INFO - Extracted: Rox - 20-Nov-24
2025-04-14 15:19:10,505 - INFO - Found funding amount: 50000000
2025-04-14 15:19:10,538 - INFO - Extracted: Aethero - 20-Nov-24
2025-04-14 15:19:10,538 - INFO - Found funding amount: 0
2025-04-14 15:19:10,572 - INFO - Extracted: Federato - 20-Nov-24
2025-04-14 15:19:10,572 - INFO - Found funding amount: 40000000
2025-04-14 15:19:10,606 - INFO - Extracted: Distru - 20-Nov-24
2025-04-14 15:19:10,606 - INFO - Found funding amount: 6000000
2025-04-14 15:19:10,643 - INFO - Extracted: THEO AI - 20-Nov-24
2025-04-14 15:19:10,644 - INFO - Found funding amount: 2200000
2025-04-14 15:19:10,678 - INFO - Extracted: Shinami - 20-Nov-24
2025-04-14 15:19:10,678 - INFO - Found funding amount: 5650000
2025-04-14 15:19:10,711 - INFO - Extracted: PostSig - 20-Nov-24
2025-04-14 15:19:10,711 - INFO - Found funding amount: 1200000
2025-04-14 15:19:10,745 - INFO - Extracted: Flywheel Dynamix - 20-Nov-24
2025-04-14 15:19:10,745 - INFO - Found funding amount: 7000000
2025-04-14 15:19:10,779 - INFO - Extracted: New Lantern - 20-Nov-24
2025-04-14 15:19:10,779 - INFO - Found funding amount: 19000000
2025-04-14 15:19:10,779 - INFO - Successfully extracted 20 new companies from page 6
2025-04-14 15:19:10,779 - INFO - Attempting to navigate from page 6
2025-04-14 15:19:16,582 - INFO - JavaScript verification confirmed page changed
2025-04-14 15:19:17,694 - INFO - Extracting data from page 7
2025-04-14 15:19:18,788 - INFO - Trying standard table extraction
2025-04-14 15:19:18,819 - INFO - Found funding amount column at index 6
2025-04-14 15:19:18,823 - INFO - Found headquarters column at index 7
2025-04-14 15:19:18,830 - INFO - Found 22 potential data rows
2025-04-14 15:19:18,880 - INFO - Extracted: Certinia - 19-Nov-24
2025-04-14 15:19:18,880 - INFO - Found funding amount: 0
2025-04-14 15:19:18,914 - INFO - Extracted: Kong - 19-Nov-24
2025-04-14 15:19:18,914 - INFO - Found funding amount: 175000000
2025-04-14 15:19:18,952 - INFO - Extracted: Kintsugi AI - 19-Nov-24
2025-04-14 15:19:18,952 - INFO - Found funding amount: 4000000
2025-04-14 15:19:18,988 - INFO - Extracted: StoreCash - 19-Nov-24
2025-04-14 15:19:18,988 - INFO - Found funding amount: 3700000
2025-04-14 15:19:19,024 - INFO - Extracted: Spectro Cloud - 19-Nov-24
2025-04-14 15:19:19,024 - INFO - Found funding amount: 75000000
2025-04-14 15:19:19,062 - INFO - Extracted: BrightAI - 19-Nov-24
2025-04-14 15:19:19,062 - INFO - Found funding amount: 15000000
2025-04-14 15:19:19,097 - INFO - Extracted: Open Source Wellness - 19-Nov-24
2025-04-14 15:19:19,097 - INFO - Found funding amount: 0
2025-04-14 15:19:19,131 - INFO - Extracted: Neo4j - 19-Nov-24
2025-04-14 15:19:19,131 - INFO - Found funding amount: 50000000
2025-04-14 15:19:19,167 - INFO - Extracted: Rain AI - 19-Nov-24
2025-04-14 15:19:19,167 - INFO - Found funding amount: 150000000
2025-04-14 15:19:19,202 - INFO - Extracted: JustPaid - 19-Nov-24
2025-04-14 15:19:19,202 - INFO - Found funding amount: 3500000
2025-04-14 15:19:19,237 - INFO - Extracted: Cresta - 19-Nov-24
2025-04-14 15:19:19,237 - INFO - Found funding amount: 125000000
2025-04-14 15:19:19,271 - INFO - Extracted: Enfabrica - 19-Nov-24
2025-04-14 15:19:19,271 - INFO - Found funding amount: 115000000
2025-04-14 15:19:19,304 - INFO - Extracted: ANAFLASH - 19-Nov-24
2025-04-14 15:19:19,304 - INFO - Found funding amount: 0
2025-04-14 15:19:19,341 - INFO - Extracted: Open Philanthropy - 18-Nov-24
2025-04-14 15:19:19,341 - INFO - Found funding amount: 0
2025-04-14 15:19:19,380 - INFO - Extracted: California University of Science and Medicine - 18-Nov-24
2025-04-14 15:19:19,380 - INFO - Found funding amount: 0
2025-04-14 15:19:19,413 - INFO - Extracted: Zenflow - 18-Nov-24
2025-04-14 15:19:19,413 - INFO - Found funding amount: 24000000
2025-04-14 15:19:19,447 - INFO - Extracted: Radiant - 14-Nov-24
2025-04-14 15:19:19,447 - INFO - Found funding amount: 100000000
2025-04-14 15:19:19,482 - INFO - Extracted: Athina AI - 14-Nov-24
2025-04-14 15:19:19,482 - INFO - Found funding amount: 250000000
2025-04-14 15:19:19,515 - INFO - Extracted: Team-GPT - 14-Nov-24
2025-04-14 15:19:19,515 - INFO - Found funding amount: 4500000
2025-04-14 15:19:19,556 - INFO - Extracted: Falkonry - 14-Nov-24
2025-04-14 15:19:19,556 - INFO - Found funding amount: 3387133
2025-04-14 15:19:19,556 - INFO - Successfully extracted 20 new companies from page 7
2025-04-14 15:19:19,557 - INFO - Attempting to navigate from page 7
2025-04-14 15:19:24,773 - INFO - JavaScript verification confirmed page changed
2025-04-14 15:19:25,936 - INFO - Extracting data from page 8
2025-04-14 15:19:26,995 - INFO - Trying standard table extraction
2025-04-14 15:19:27,141 - INFO - Found funding amount column at index 6
2025-04-14 15:19:27,158 - INFO - Found headquarters column at index 7
2025-04-14 15:19:27,167 - INFO - Found 22 potential data rows
2025-04-14 15:19:27,219 - INFO - Extracted: Leland - 13-Nov-24
2025-04-14 15:19:27,219 - INFO - Found funding amount: 12000000
2025-04-14 15:19:27,254 - INFO - Extracted: TRex Bio - 13-Nov-24
2025-04-14 15:19:27,254 - INFO - Found funding amount: 84000000
2025-04-14 15:19:27,289 - INFO - Extracted: Medeloop - 13-Nov-24
2025-04-14 15:19:27,289 - INFO - Found funding amount: 15500000
2025-04-14 15:19:27,324 - INFO - Extracted: OneSkin - 13-Nov-24
2025-04-14 15:19:27,324 - INFO - Found funding amount: 6999929
2025-04-14 15:19:27,366 - INFO - Extracted: The WiTT Group - 13-Nov-24
2025-04-14 15:19:27,366 - INFO - Found funding amount: 0
2025-04-14 15:19:27,404 - INFO - Extracted: Riot - 13-Nov-24
2025-04-14 15:19:27,404 - INFO - Found funding amount: 27597597
2025-04-14 15:19:27,438 - INFO - Extracted: Writer - 12-Nov-24
2025-04-14 15:19:27,438 - INFO - Found funding amount: 200000000
2025-04-14 15:19:27,472 - INFO - Extracted: Trace Neuroscience - 12-Nov-24
2025-04-14 15:19:27,473 - INFO - Found funding amount: 101000000
2025-04-14 15:19:27,510 - INFO - Extracted: Fastino - 12-Nov-24
2025-04-14 15:19:27,510 - INFO - Found funding amount: 7000000
2025-04-14 15:19:27,543 - INFO - Extracted: Shiru - 12-Nov-24
2025-04-14 15:19:27,543 - INFO - Found funding amount: 16000000
2025-04-14 15:19:27,575 - INFO - Extracted: Outbuild - 12-Nov-24
2025-04-14 15:19:27,576 - INFO - Found funding amount: 11000000
2025-04-14 15:19:27,609 - INFO - Extracted: Anthrogen - 12-Nov-24
2025-04-14 15:19:27,609 - INFO - Found funding amount: 4000000
2025-04-14 15:19:27,641 - INFO - Extracted: Connecty AI - 11-Nov-24
2025-04-14 15:19:27,641 - INFO - Found funding amount: 1800000
2025-04-14 15:19:27,673 - INFO - Extracted: AirGarage - 8-Nov-24
2025-04-14 15:19:27,673 - INFO - Found funding amount: 11428497
2025-04-14 15:19:27,706 - INFO - Extracted: Fractional - 7-Nov-24
2025-04-14 15:19:27,706 - INFO - Found funding amount: 15000000
2025-04-14 15:19:27,740 - INFO - Extracted: Orbital Sidekick - 7-Nov-24
2025-04-14 15:19:27,740 - INFO - Found funding amount: 8626740
2025-04-14 15:19:27,781 - INFO - Extracted: Corgea - 6-Nov-24
2025-04-14 15:19:27,781 - INFO - Found funding amount: 2600000
2025-04-14 15:19:27,812 - INFO - Extracted: OptraScan - 6-Nov-24
2025-04-14 15:19:27,812 - INFO - Found funding amount: 30000000
2025-04-14 15:19:27,845 - INFO - Extracted: Workhelix - 5-Nov-24
2025-04-14 15:19:27,845 - INFO - Found funding amount: 15324979
2025-04-14 15:19:27,876 - INFO - Extracted: PrognomiQ - 5-Nov-24
2025-04-14 15:19:27,877 - INFO - Found funding amount: 34000000
2025-04-14 15:19:27,877 - INFO - Successfully extracted 20 new companies from page 8
2025-04-14 15:19:27,877 - INFO - Attempting to navigate from page 8
2025-04-14 15:19:33,593 - INFO - JavaScript verification confirmed page changed
2025-04-14 15:19:34,072 - INFO - Extracting data from page 9
2025-04-14 15:19:35,176 - INFO - Trying standard table extraction
2025-04-14 15:19:35,237 - INFO - Found funding amount column at index 6
2025-04-14 15:19:35,242 - INFO - Found headquarters column at index 7
2025-04-14 15:19:35,252 - INFO - Found 22 potential data rows
2025-04-14 15:19:35,296 - INFO - Extracted: Carvis.AI - 4-Nov-24
2025-04-14 15:19:35,296 - INFO - Found funding amount: 1200000
2025-04-14 15:19:35,326 - INFO - Extracted: Inquis Medical - 4-Nov-24
2025-04-14 15:19:35,326 - INFO - Found funding amount: 40000000
2025-04-14 15:19:35,366 - INFO - Extracted: Augment Code - 4-Nov-24
2025-04-14 15:19:35,366 - INFO - Found funding amount: 227000000
2025-04-14 15:19:35,420 - INFO - Extracted: Primergy Solar - 4-Nov-24
2025-04-14 15:19:35,421 - INFO - Found funding amount: 225000000
2025-04-14 15:19:35,460 - INFO - Extracted: Advex AI - 4-Nov-24
2025-04-14 15:19:35,461 - INFO - Found funding amount: 3500000
2025-04-14 15:19:35,535 - INFO - Extracted: The Nursing Beat - 4-Nov-24
2025-04-14 15:19:35,535 - INFO - Found funding amount: 0
2025-04-14 15:19:35,567 - INFO - Extracted: Cornerstone AI - 31-Oct-24
2025-04-14 15:19:35,567 - INFO - Found funding amount: 5000000
2025-04-14 15:19:35,596 - INFO - Extracted: Spot AI - 31-Oct-24
2025-04-14 15:19:35,596 - INFO - Found funding amount: 31000000
2025-04-14 15:19:35,624 - INFO - Extracted: Buddy.ai - 31-Oct-24
2025-04-14 15:19:35,624 - INFO - Found funding amount: 10200000
2025-04-14 15:19:35,652 - INFO - Extracted: Evommune - 31-Oct-24
2025-04-14 15:19:35,652 - INFO - Found funding amount: 115000000
2025-04-14 15:19:35,680 - INFO - Extracted: Bugcrowd - 31-Oct-24
2025-04-14 15:19:35,681 - INFO - Found funding amount: 50000000
2025-04-14 15:19:35,710 - INFO - Extracted: Decart - 31-Oct-24
2025-04-14 15:19:35,710 - INFO - Found funding amount: 21000000
2025-04-14 15:19:35,738 - INFO - Extracted: Birch Creek Development - 31-Oct-24
2025-04-14 15:19:35,738 - INFO - Found funding amount: 150000000
2025-04-14 15:19:35,766 - INFO - Extracted: Shadowbox - 31-Oct-24
2025-04-14 15:19:35,766 - INFO - Found funding amount: 2000000
2025-04-14 15:19:35,794 - INFO - Extracted: Delos Insurance - 31-Oct-24
2025-04-14 15:19:35,794 - INFO - Found funding amount: 9000000
2025-04-14 15:19:35,826 - INFO - Extracted: Bifrost AI - 30-Oct-24
2025-04-14 15:19:35,826 - INFO - Found funding amount: 8000000
2025-04-14 15:19:35,857 - INFO - Extracted: Third Wave Automation - 30-Oct-24
2025-04-14 15:19:35,857 - INFO - Found funding amount: 27000000
2025-04-14 15:19:35,885 - INFO - Extracted: Sapien - 29-Oct-24
2025-04-14 15:19:35,885 - INFO - Found funding amount: 8700000
2025-04-14 15:19:35,913 - INFO - Extracted: HomeBoost - 29-Oct-24
2025-04-14 15:19:35,913 - INFO - Found funding amount: 4000000
2025-04-14 15:19:35,944 - INFO - Extracted: LifeSaver Mobile - 29-Oct-24
2025-04-14 15:19:35,944 - INFO - Found funding amount: 0
2025-04-14 15:19:35,944 - INFO - Successfully extracted 20 new companies from page 9
2025-04-14 15:19:35,944 - INFO - Attempting to navigate from page 9
2025-04-14 15:19:42,071 - INFO - JavaScript verification confirmed page changed
2025-04-14 15:19:43,257 - INFO - Extracting data from page 10
2025-04-14 15:19:44,229 - INFO - Trying standard table extraction
2025-04-14 15:19:44,289 - INFO - Found funding amount column at index 6
2025-04-14 15:19:44,294 - INFO - Found headquarters column at index 7
2025-04-14 15:19:44,303 - INFO - Found 22 potential data rows
2025-04-14 15:19:44,348 - INFO - Extracted: CredibleMind - 29-Oct-24
2025-04-14 15:19:44,348 - INFO - Found funding amount: 7500000
2025-04-14 15:19:44,380 - INFO - Extracted: Opus Guard - 29-Oct-24
2025-04-14 15:19:44,380 - INFO - Found funding amount: 0
2025-04-14 15:19:44,414 - INFO - Extracted: GMI Cloud - 29-Oct-24
2025-04-14 15:19:44,414 - INFO - Found funding amount: 67000000
2025-04-14 15:19:44,443 - INFO - Extracted: Browserbase - 29-Oct-24
2025-04-14 15:19:44,443 - INFO - Found funding amount: 21000000
2025-04-14 15:19:44,472 - INFO - Extracted: Armis Security - 28-Oct-24
2025-04-14 15:19:44,473 - INFO - Found funding amount: 200000000
2025-04-14 15:19:44,501 - INFO - Extracted: Kivu Bioscience - 28-Oct-24
2025-04-14 15:19:44,502 - INFO - Found funding amount: 92000000
2025-04-14 15:19:44,530 - INFO - Extracted: Sierra - 28-Oct-24
2025-04-14 15:19:44,530 - INFO - Found funding amount: 175000000
2025-04-14 15:19:44,559 - INFO - Extracted: Fondo - 28-Oct-24
2025-04-14 15:19:44,559 - INFO - Found funding amount: 7000000
2025-04-14 15:19:44,588 - INFO - Extracted: Abstract Security - 28-Oct-24
2025-04-14 15:19:44,588 - INFO - Found funding amount: 15000000
2025-04-14 15:19:44,616 - INFO - Extracted: Revyl - 28-Oct-24
2025-04-14 15:19:44,616 - INFO - Found funding amount: 1100000
2025-04-14 15:19:44,654 - INFO - Extracted: Pharos - 25-Oct-24
2025-04-14 15:19:44,654 - INFO - Found funding amount: 5000000
2025-04-14 15:19:44,683 - INFO - Extracted: Connect The Dots - 24-Oct-24
2025-04-14 15:19:44,683 - INFO - Found funding amount: 0
2025-04-14 15:19:44,712 - INFO - Extracted: Sociaaal - 24-Oct-24
2025-04-14 15:19:44,712 - INFO - Found funding amount: 4000000
2025-04-14 15:19:44,740 - INFO - Extracted: AnyLog - 24-Oct-24
2025-04-14 15:19:44,740 - INFO - Found funding amount: 3789997
2025-04-14 15:19:44,770 - INFO - Extracted: Concentric AI - 24-Oct-24
2025-04-14 15:19:44,770 - INFO - Found funding amount: 45000000
2025-04-14 15:19:44,799 - INFO - Extracted: PayToMe.co - 24-Oct-24
2025-04-14 15:19:44,799 - INFO - Found funding amount: 0
2025-04-14 15:19:44,827 - INFO - Extracted: Finix - 24-Oct-24
2025-04-14 15:19:44,827 - INFO - Found funding amount: 75000000
2025-04-14 15:19:44,856 - INFO - Extracted: Simbe Robotics - 24-Oct-24
2025-04-14 15:19:44,856 - INFO - Found funding amount: 50000000
2025-04-14 15:19:44,885 - INFO - Extracted: Oloid - 24-Oct-24
2025-04-14 15:19:44,885 - INFO - Found funding amount: 6000000
2025-04-14 15:19:44,925 - INFO - Extracted: Nimble Robotics - 23-Oct-24
2025-04-14 15:19:44,925 - INFO - Found funding amount: 106000000
2025-04-14 15:19:44,925 - INFO - Successfully extracted 20 new companies from page 10
2025-04-14 15:19:44,925 - INFO - Attempting to navigate from page 10
2025-04-14 15:19:51,002 - INFO - JavaScript verification confirmed page changed
2025-04-14 15:19:52,191 - INFO - Extracting data from page 11
2025-04-14 15:19:52,796 - INFO - Trying standard table extraction
2025-04-14 15:19:52,845 - INFO - Found funding amount column at index 6
2025-04-14 15:19:52,850 - INFO - Found headquarters column at index 7
2025-04-14 15:19:52,858 - INFO - Found 22 potential data rows
2025-04-14 15:19:52,910 - INFO - Extracted: Archy - 23-Oct-24
2025-04-14 15:19:52,910 - INFO - Found funding amount: 15000000
2025-04-14 15:19:52,943 - INFO - Extracted: Infinitus Systems - 23-Oct-24
2025-04-14 15:19:52,943 - INFO - Found funding amount: 51500000
2025-04-14 15:19:52,975 - INFO - Extracted: Courie - 23-Oct-24
2025-04-14 15:19:52,975 - INFO - Found funding amount: 3825000
2025-04-14 15:19:53,004 - INFO - Extracted: Anthro Energy - 23-Oct-24
2025-04-14 15:19:53,004 - INFO - Found funding amount: 24900000
2025-04-14 15:19:53,036 - INFO - Extracted: LAWFTY - 23-Oct-24
2025-04-14 15:19:53,036 - INFO - Found funding amount: 40000000
2025-04-14 15:19:53,084 - INFO - Extracted: BodySpec - 22-Oct-24
2025-04-14 15:19:53,084 - INFO - Found funding amount: 3999998
2025-04-14 15:19:53,123 - INFO - Extracted: Nooks - 22-Oct-24
2025-04-14 15:19:53,123 - INFO - Found funding amount: 43000000
2025-04-14 15:19:53,154 - INFO - Extracted: CrewAI - 22-Oct-24
2025-04-14 15:19:53,154 - INFO - Found funding amount: 12000000
2025-04-14 15:19:53,183 - INFO - Extracted: Qpoint - 22-Oct-24
2025-04-14 15:19:53,183 - INFO - Found funding amount: 4000000
2025-04-14 15:19:53,212 - INFO - Extracted: Globality - 22-Oct-24
2025-04-14 15:19:53,213 - INFO - Found funding amount: 47000000
2025-04-14 15:19:53,242 - INFO - Extracted: Socket - 22-Oct-24
2025-04-14 15:19:53,242 - INFO - Found funding amount: 40000000
2025-04-14 15:19:53,272 - INFO - Extracted: Mainspring Energy - 22-Oct-24
2025-04-14 15:19:53,272 - INFO - Found funding amount: 87000000
2025-04-14 15:19:53,301 - INFO - Extracted: interface.ai - 22-Oct-24
2025-04-14 15:19:53,301 - INFO - Found funding amount: 20000000
2025-04-14 15:19:53,331 - INFO - Extracted: Trellis Bioscience - 22-Oct-24
2025-04-14 15:19:53,332 - INFO - Found funding amount: 0
2025-04-14 15:19:53,362 - INFO - Extracted: Revelation Partners - 22-Oct-24
2025-04-14 15:19:53,362 - INFO - Found funding amount: 0
2025-04-14 15:19:53,392 - INFO - Extracted: Genmo - 22-Oct-24
2025-04-14 15:19:53,392 - INFO - Found funding amount: 28400000
2025-04-14 15:19:53,427 - INFO - Extracted: ItsWare - 22-Oct-24
2025-04-14 15:19:53,427 - INFO - Found funding amount: 856464
2025-04-14 15:19:53,464 - INFO - Extracted: Avenue Biosciences - 22-Oct-24
2025-04-14 15:19:53,464 - INFO - Found funding amount: 2500000
2025-04-14 15:19:53,497 - INFO - Extracted: Zip - 21-Oct-24
2025-04-14 15:19:53,497 - INFO - Found funding amount: 190000000
2025-04-14 15:19:53,526 - INFO - Extracted: HealthEx - 21-Oct-24
2025-04-14 15:19:53,526 - INFO - Found funding amount: 14000000
2025-04-14 15:19:53,526 - INFO - Successfully extracted 20 new companies from page 11
2025-04-14 15:19:53,526 - INFO - Attempting to navigate from page 11
2025-04-14 15:19:59,266 - INFO - JavaScript verification confirmed page changed
2025-04-14 15:20:00,127 - INFO - Extracting data from page 12
2025-04-14 15:20:00,496 - INFO - Trying standard table extraction
2025-04-14 15:20:00,546 - INFO - Found funding amount column at index 6
2025-04-14 15:20:00,551 - INFO - Found headquarters column at index 7
2025-04-14 15:20:00,560 - INFO - Found 22 potential data rows
2025-04-14 15:20:00,607 - INFO - Extracted: Uprise - 21-Oct-24
2025-04-14 15:20:00,607 - INFO - Found funding amount: 3300000
2025-04-14 15:20:00,640 - INFO - Extracted: Voxela - 21-Oct-24
2025-04-14 15:20:00,640 - INFO - Found funding amount: 0
2025-04-14 15:20:00,673 - INFO - Extracted: Kick - 17-Oct-24
2025-04-14 15:20:00,673 - INFO - Found funding amount: 9000000
2025-04-14 15:20:00,702 - INFO - Extracted: AN2 Therapeutics - 17-Oct-24
2025-04-14 15:20:00,702 - INFO - Found funding amount: 0
2025-04-14 15:20:00,731 - INFO - Extracted: Terray Therapeutics - 17-Oct-24
2025-04-14 15:20:00,731 - INFO - Found funding amount: 120000000
2025-04-14 15:20:00,762 - INFO - Extracted: Abel Police - 17-Oct-24
2025-04-14 15:20:00,762 - INFO - Found funding amount: 5000000
2025-04-14 15:20:00,793 - INFO - Extracted: Edgee - 17-Oct-24
2025-04-14 15:20:00,793 - INFO - Found funding amount: 2900000
2025-04-14 15:20:00,825 - INFO - Extracted: GetSetUp - 16-Oct-24
2025-04-14 15:20:00,825 - INFO - Found funding amount: 50000
2025-04-14 15:20:00,857 - INFO - Extracted: Samay - 16-Oct-24
2025-04-14 15:20:00,857 - INFO - Found funding amount: 350000
2025-04-14 15:20:00,888 - INFO - Extracted: Kiavi - 16-Oct-24
2025-04-14 15:20:00,889 - INFO - Found funding amount: 400000000
2025-04-14 15:20:00,918 - INFO - Extracted: Tako - 16-Oct-24
2025-04-14 15:20:00,918 - INFO - Found funding amount: 5750000
2025-04-14 15:20:00,958 - INFO - Extracted: Lightmatter - 16-Oct-24
2025-04-14 15:20:00,958 - INFO - Found funding amount: 400000000
2025-04-14 15:20:00,990 - INFO - Extracted: Agtonomy - 16-Oct-24
2025-04-14 15:20:00,990 - INFO - Found funding amount: 10000000
2025-04-14 15:20:01,030 - INFO - Extracted: PyrAmes, Inc. - 15-Oct-24
2025-04-14 15:20:01,030 - INFO - Found funding amount: 50000
2025-04-14 15:20:01,060 - INFO - Extracted: Alchemy - 15-Oct-24
2025-04-14 15:20:01,060 - INFO - Found funding amount: 31000000
2025-04-14 15:20:01,090 - INFO - Extracted: MDisrupt - 15-Oct-24
2025-04-14 15:20:01,090 - INFO - Found funding amount: 1000000
2025-04-14 15:20:01,119 - INFO - Extracted: Galileo - 15-Oct-24
2025-04-14 15:20:01,119 - INFO - Found funding amount: 45000000
2025-04-14 15:20:01,148 - INFO - Extracted: Azra Games - 15-Oct-24
2025-04-14 15:20:01,148 - INFO - Found funding amount: 42700000
2025-04-14 15:20:01,176 - INFO - Extracted: Chargie - 15-Oct-24
2025-04-14 15:20:01,176 - INFO - Found funding amount: 9300000
2025-04-14 15:20:01,204 - INFO - Extracted: Decagon - 15-Oct-24
2025-04-14 15:20:01,204 - INFO - Found funding amount: 65000000
2025-04-14 15:20:01,204 - INFO - Successfully extracted 20 new companies from page 12
2025-04-14 15:20:01,204 - INFO - Attempting to navigate from page 12
2025-04-14 15:20:07,128 - INFO - JavaScript verification confirmed page changed
2025-04-14 15:20:08,156 - INFO - Extracting data from page 13
2025-04-14 15:20:09,010 - INFO - Trying standard table extraction
2025-04-14 15:20:09,068 - INFO - Found funding amount column at index 6
2025-04-14 15:20:09,074 - INFO - Found headquarters column at index 7
2025-04-14 15:20:09,084 - INFO - Found 22 potential data rows
2025-04-14 15:20:09,128 - INFO - Extracted: Concourse - 15-Oct-24
2025-04-14 15:20:09,128 - INFO - Found funding amount: 4700000
2025-04-14 15:20:09,158 - INFO - Extracted: Stockguard - 15-Oct-24
2025-04-14 15:20:09,158 - INFO - Found funding amount: 5999999
2025-04-14 15:20:09,187 - INFO - Extracted: Neuron7.ai - 15-Oct-24
2025-04-14 15:20:09,187 - INFO - Found funding amount: 44000000
2025-04-14 15:20:09,216 - INFO - Extracted: Parakeet Health - 15-Oct-24
2025-04-14 15:20:09,216 - INFO - Found funding amount: 3000000
2025-04-14 15:20:09,245 - INFO - Extracted: Dryvebox - 14-Oct-24
2025-04-14 15:20:09,245 - INFO - Found funding amount: 0
2025-04-14 15:20:09,273 - INFO - Extracted: Blockcast - 14-Oct-24
2025-04-14 15:20:09,274 - INFO - Found funding amount: 2850000
2025-04-14 15:20:09,302 - INFO - Extracted: Cavecrack - 13-Oct-24
2025-04-14 15:20:09,302 - INFO - Found funding amount: 0
2025-04-14 15:20:09,331 - INFO - Extracted: Cerebelly - 10-Oct-24
2025-04-14 15:20:09,331 - INFO - Found funding amount: 3000000
2025-04-14 15:20:09,359 - INFO - Extracted: Suki - 10-Oct-24
2025-04-14 15:20:09,359 - INFO - Found funding amount: 70000000
2025-04-14 15:20:09,396 - INFO - Extracted: CytoVale - 10-Oct-24
2025-04-14 15:20:09,396 - INFO - Found funding amount: 100000000
2025-04-14 15:20:09,425 - INFO - Extracted: Zeal - 10-Oct-24
2025-04-14 15:20:09,425 - INFO - Found funding amount: 15000000
2025-04-14 15:20:09,454 - INFO - Extracted: Vidoc Security Lab - 10-Oct-24
2025-04-14 15:20:09,454 - INFO - Found funding amount: 0
2025-04-14 15:20:09,485 - INFO - Extracted: Relyance AI - 10-Oct-24
2025-04-14 15:20:09,485 - INFO - Found funding amount: 32000000
2025-04-14 15:20:09,515 - INFO - Extracted: Numeric - 10-Oct-24
2025-04-14 15:20:09,515 - INFO - Found funding amount: 28000000
2025-04-14 15:20:09,543 - INFO - Extracted: COVU - 10-Oct-24
2025-04-14 15:20:09,543 - INFO - Found funding amount: 12500000
2025-04-14 15:20:09,573 - INFO - Extracted: ApertureData - 10-Oct-24
2025-04-14 15:20:09,573 - INFO - Found funding amount: 5250000
2025-04-14 15:20:09,601 - INFO - Extracted: MiLaboratories - 10-Oct-24
2025-04-14 15:20:09,601 - INFO - Found funding amount: 10000000
2025-04-14 15:20:09,630 - INFO - Extracted: Glooko - 10-Oct-24
2025-04-14 15:20:09,630 - INFO - Found funding amount: 100000000
2025-04-14 15:20:09,658 - INFO - Extracted: IncumbentFI - 10-Oct-24
2025-04-14 15:20:09,658 - INFO - Found funding amount: 5639687
2025-04-14 15:20:09,687 - INFO - Extracted: Prophecy.io - 10-Oct-24
2025-04-14 15:20:09,687 - INFO - Found funding amount: 38799983
2025-04-14 15:20:09,687 - INFO - Successfully extracted 20 new companies from page 13
2025-04-14 15:20:09,687 - INFO - Attempting to navigate from page 13
2025-04-14 15:20:15,834 - INFO - JavaScript verification confirmed page changed
2025-04-14 15:20:16,247 - INFO - Extracting data from page 14
2025-04-14 15:20:17,039 - INFO - Trying standard table extraction
2025-04-14 15:20:17,076 - INFO - Found funding amount column at index 6
2025-04-14 15:20:17,080 - INFO - Found headquarters column at index 7
2025-04-14 15:20:17,092 - INFO - Found 22 potential data rows
2025-04-14 15:20:17,138 - INFO - Extracted: Sidepit - 10-Oct-24
2025-04-14 15:20:17,138 - INFO - Found funding amount: 0
2025-04-14 15:20:17,171 - INFO - Extracted: Astrix Health - 10-Oct-24
2025-04-14 15:20:17,171 - INFO - Found funding amount: 500000
2025-04-14 15:20:17,206 - INFO - Extracted: CEQAbase - 9-Oct-24
2025-04-14 15:20:17,206 - INFO - Found funding amount: 200000
2025-04-14 15:20:17,241 - INFO - Extracted: SimX - 9-Oct-24
2025-04-14 15:20:17,241 - INFO - Found funding amount: 1250000
2025-04-14 15:20:17,284 - INFO - Extracted: Bigeye - 9-Oct-24
2025-04-14 15:20:17,285 - INFO - Found funding amount: 5000000
2025-04-14 15:20:17,331 - INFO - Extracted: Drawer AI - 9-Oct-24
2025-04-14 15:20:17,331 - INFO - Found funding amount: 5000000
2025-04-14 15:20:17,368 - INFO - Extracted: Vultron - 9-Oct-24
2025-04-14 15:20:17,368 - INFO - Found funding amount: 4850000
2025-04-14 15:20:17,403 - INFO - Extracted: AppShip - 9-Oct-24
2025-04-14 15:20:17,403 - INFO - Found funding amount: 200000
2025-04-14 15:20:17,438 - INFO - Extracted: EvenUp - 8-Oct-24
2025-04-14 15:20:17,438 - INFO - Found funding amount: 135000000
2025-04-14 15:20:17,473 - INFO - Extracted: Tele911 - 8-Oct-24
2025-04-14 15:20:17,473 - INFO - Found funding amount: 6756624
2025-04-14 15:20:17,506 - INFO - Extracted: Kiva AI - 8-Oct-24
2025-04-14 15:20:17,506 - INFO - Found funding amount: 7000000
2025-04-14 15:20:17,538 - INFO - Extracted: Selonterra - 8-Oct-24
2025-04-14 15:20:17,538 - INFO - Found funding amount: 2500000
2025-04-14 15:20:17,571 - INFO - Extracted: Unify - 8-Oct-24
2025-04-14 15:20:17,571 - INFO - Found funding amount: 12000000
2025-04-14 15:20:17,607 - INFO - Extracted: Third Dimension AI - 8-Oct-24
2025-04-14 15:20:17,607 - INFO - Found funding amount: 7000000
2025-04-14 15:20:17,656 - INFO - Extracted: Distributional - 8-Oct-24
2025-04-14 15:20:17,656 - INFO - Found funding amount: 19000000
2025-04-14 15:20:17,692 - INFO - Extracted: Truthset - 8-Oct-24
2025-04-14 15:20:17,692 - INFO - Found funding amount: 5000000
2025-04-14 15:20:17,725 - INFO - Extracted: Stream - 8-Oct-24
2025-04-14 15:20:17,725 - INFO - Found funding amount: 5300000
2025-04-14 15:20:17,759 - INFO - Extracted: InterVene - 7-Oct-24
2025-04-14 15:20:17,760 - INFO - Found funding amount: 13000000
2025-04-14 15:20:17,794 - INFO - Extracted: Treya Partners - 7-Oct-24
2025-04-14 15:20:17,794 - INFO - Found funding amount: 0
2025-04-14 15:20:17,828 - INFO - Extracted: VESSL AI - 7-Oct-24
2025-04-14 15:20:17,828 - INFO - Found funding amount: 12200000
2025-04-14 15:20:17,828 - INFO - Successfully extracted 20 new companies from page 14
2025-04-14 15:20:17,828 - INFO - Attempting to navigate from page 14
2025-04-14 15:20:23,845 - INFO - JavaScript verification confirmed page changed
2025-04-14 15:20:24,682 - INFO - Extracting data from page 15
2025-04-14 15:20:25,586 - INFO - Trying standard table extraction
2025-04-14 15:20:25,647 - INFO - Found funding amount column at index 6
2025-04-14 15:20:25,652 - INFO - Found headquarters column at index 7
2025-04-14 15:20:25,661 - INFO - Found 22 potential data rows
2025-04-14 15:20:25,717 - INFO - Extracted: IOMETE - 7-Oct-24
2025-04-14 15:20:25,717 - INFO - Found funding amount: 0
2025-04-14 15:20:25,747 - INFO - Extracted: Kavia AI - 3-Oct-24
2025-04-14 15:20:25,747 - INFO - Found funding amount: 1000000
2025-04-14 15:20:25,776 - INFO - Extracted: OpenAI - 3-Oct-24
2025-04-14 15:20:25,777 - INFO - Found funding amount: 4000000000
2025-04-14 15:20:25,807 - INFO - Extracted: Paren - 3-Oct-24
2025-04-14 15:20:25,807 - INFO - Found funding amount: 3000000
2025-04-14 15:20:25,837 - INFO - Extracted: Integrated Biosciences - 3-Oct-24
2025-04-14 15:20:25,837 - INFO - Found funding amount: 17200000
2025-04-14 15:20:25,868 - INFO - Extracted: Booksy - 3-Oct-24
2025-04-14 15:20:25,868 - INFO - Found funding amount: 0
2025-04-14 15:20:25,898 - INFO - Extracted: Voyage AI - 3-Oct-24
2025-04-14 15:20:25,898 - INFO - Found funding amount: 20000000
2025-04-14 15:20:25,928 - INFO - Extracted: Valdera - 3-Oct-24
2025-04-14 15:20:25,928 - INFO - Found funding amount: 15000000
2025-04-14 15:20:25,966 - INFO - Extracted: Visolis - 3-Oct-24
2025-04-14 15:20:25,966 - INFO - Found funding amount: 2250000
2025-04-14 15:20:26,000 - INFO - Extracted: GuRu - 2-Oct-24
2025-04-14 15:20:26,000 - INFO - Found funding amount: 0
2025-04-14 15:20:26,047 - INFO - Extracted: Permanent - 2-Oct-24
2025-04-14 15:20:26,047 - INFO - Found funding amount: 3700000
2025-04-14 15:20:26,082 - INFO - Extracted: Poolside - 2-Oct-24
2025-04-14 15:20:26,082 - INFO - Found funding amount: 500000000
2025-04-14 15:20:26,112 - INFO - Extracted: Pallet - 2-Oct-24
2025-04-14 15:20:26,112 - INFO - Found funding amount: 18000000
2025-04-14 15:20:26,142 - INFO - Extracted: Billables AI - 2-Oct-24
2025-04-14 15:20:26,142 - INFO - Found funding amount: 3900000
2025-04-14 15:20:26,172 - INFO - Extracted: Reducto - 2-Oct-24
2025-04-14 15:20:26,172 - INFO - Found funding amount: 8400000
2025-04-14 15:20:26,202 - INFO - Extracted: Arda Therapeutics - 1-Oct-24
2025-04-14 15:20:26,202 - INFO - Found funding amount: 43303366
2025-04-14 15:20:26,231 - INFO - Extracted: Aspect Build - 1-Oct-24
2025-04-14 15:20:26,231 - INFO - Found funding amount: 3000000
2025-04-14 15:20:26,261 - INFO - Extracted: Synedgen - 1-Oct-24
2025-04-14 15:20:26,261 - INFO - Found funding amount: 1750000
2025-04-14 15:20:26,291 - INFO - Extracted: DataPelago - 1-Oct-24
2025-04-14 15:20:26,291 - INFO - Found funding amount: 47000000
2025-04-14 15:20:26,321 - INFO - Extracted: Neeve - 30-Sep-24
2025-04-14 15:20:26,321 - INFO - Found funding amount: 15000000
2025-04-14 15:20:26,321 - INFO - Successfully extracted 20 new companies from page 15
2025-04-14 15:20:26,321 - INFO - Attempting to navigate from page 15
2025-04-14 15:20:31,947 - INFO - JavaScript verification confirmed page changed
2025-04-14 15:20:33,164 - INFO - Extracting data from page 16
2025-04-14 15:20:34,381 - INFO - Trying standard table extraction
2025-04-14 15:20:34,428 - INFO - Found funding amount column at index 6
2025-04-14 15:20:34,434 - INFO - Found headquarters column at index 7
2025-04-14 15:20:34,445 - INFO - Found 22 potential data rows
2025-04-14 15:20:34,517 - INFO - Extracted: Artisan AI - 30-Sep-24
2025-04-14 15:20:34,518 - INFO - Found funding amount: 11500000
2025-04-14 15:20:34,564 - INFO - Extracted: Gladly - 26-Sep-24
2025-04-14 15:20:34,564 - INFO - Found funding amount: 40000000
2025-04-14 15:20:34,607 - INFO - Extracted: PlayWorks - 26-Sep-24
2025-04-14 15:20:34,607 - INFO - Found funding amount: 25000
2025-04-14 15:20:34,645 - INFO - Extracted: Bemi - 26-Sep-24
2025-04-14 15:20:34,645 - INFO - Found funding amount: 309000
2025-04-14 15:20:34,676 - INFO - Extracted: Superb AI - 26-Sep-24
2025-04-14 15:20:34,676 - INFO - Found funding amount: 10200000
2025-04-14 15:20:34,708 - INFO - Extracted: SKY Leasing - 26-Sep-24
2025-04-14 15:20:34,708 - INFO - Found funding amount: 569540000
2025-04-14 15:20:34,740 - INFO - Extracted: AssetHub - 25-Sep-24
2025-04-14 15:20:34,740 - INFO - Found funding amount: 100000000
2025-04-14 15:20:34,770 - INFO - Extracted: Feno - 25-Sep-24
2025-04-14 15:20:34,771 - INFO - Found funding amount: 6000000
2025-04-14 15:20:34,802 - INFO - Extracted: Supabase - 25-Sep-24
2025-04-14 15:20:34,802 - INFO - Found funding amount: 80000000
2025-04-14 15:20:34,831 - INFO - Extracted: Whatfix - 25-Sep-24
2025-04-14 15:20:34,831 - INFO - Found funding amount: 125000000
2025-04-14 15:20:34,860 - INFO - Extracted: SnippetSentry - 25-Sep-24
2025-04-14 15:20:34,860 - INFO - Found funding amount: 500000
2025-04-14 15:20:34,890 - INFO - Extracted: FluidLogic - 24-Sep-24
2025-04-14 15:20:34,890 - INFO - Found funding amount: 15000000
2025-04-14 15:20:34,920 - INFO - Extracted: Distyl AI - 24-Sep-24
2025-04-14 15:20:34,921 - INFO - Found funding amount: 20000000
2025-04-14 15:20:34,952 - INFO - Extracted: Icon Savings Plan - 24-Sep-24
2025-04-14 15:20:34,952 - INFO - Found funding amount: 9200000
2025-04-14 15:20:34,983 - INFO - Extracted: UJET - 24-Sep-24
2025-04-14 15:20:34,983 - INFO - Found funding amount: 76000000
2025-04-14 15:20:35,012 - INFO - Extracted: Anadro - 24-Sep-24
2025-04-14 15:20:35,012 - INFO - Found funding amount: 2516495
2025-04-14 15:20:35,049 - INFO - Extracted: Atlys - 24-Sep-24
2025-04-14 15:20:35,049 - INFO - Found funding amount: 20000000
2025-04-14 15:20:35,082 - INFO - Extracted: Datapad - 24-Sep-24
2025-04-14 15:20:35,082 - INFO - Found funding amount: 0
2025-04-14 15:20:35,111 - INFO - Extracted: Altimate AI - 23-Sep-24
2025-04-14 15:20:35,111 - INFO - Found funding amount: 0
2025-04-14 15:20:35,144 - INFO - Extracted: Harmonic - 23-Sep-24
2025-04-14 15:20:35,144 - INFO - Found funding amount: 75000000
2025-04-14 15:20:35,144 - INFO - Successfully extracted 20 new companies from page 16
2025-04-14 15:20:35,144 - INFO - Attempting to navigate from page 16
2025-04-14 15:20:41,828 - INFO - JavaScript verification confirmed page changed
2025-04-14 15:20:42,931 - INFO - Extracting data from page 17
2025-04-14 15:20:43,887 - INFO - Trying standard table extraction
2025-04-14 15:20:43,947 - INFO - Found funding amount column at index 6
2025-04-14 15:20:43,953 - INFO - Found headquarters column at index 7
2025-04-14 15:20:43,963 - INFO - Found 22 potential data rows
2025-04-14 15:20:44,009 - INFO - Extracted: Genome Medical - 23-Sep-24
2025-04-14 15:20:44,009 - INFO - Found funding amount: 75344304
2025-04-14 15:20:44,041 - INFO - Extracted: Hippocratic AI - 19-Sep-24
2025-04-14 15:20:44,041 - INFO - Found funding amount: 53000000
2025-04-14 15:20:44,073 - INFO - Extracted: Akia - 19-Sep-24
2025-04-14 15:20:44,073 - INFO - Found funding amount: 4999998
2025-04-14 15:20:44,105 - INFO - Extracted: Ferrum Health - 19-Sep-24
2025-04-14 15:20:44,105 - INFO - Found funding amount: 16000000
2025-04-14 15:20:44,137 - INFO - Extracted: Twelve - 19-Sep-24
2025-04-14 15:20:44,137 - INFO - Found funding amount: 400000000
2025-04-14 15:20:44,168 - INFO - Extracted: Aclima - 19-Sep-24
2025-04-14 15:20:44,168 - INFO - Found funding amount: 13000000
2025-04-14 15:20:44,199 - INFO - Extracted: AtoB - 19-Sep-24
2025-04-14 15:20:44,199 - INFO - Found funding amount: 130000000
2025-04-14 15:20:44,230 - INFO - Extracted: Picus Security - 19-Sep-24
2025-04-14 15:20:44,230 - INFO - Found funding amount: 45000000
2025-04-14 15:20:44,261 - INFO - Extracted: Oro Labs - 18-Sep-24
2025-04-14 15:20:44,261 - INFO - Found funding amount: 34000000
2025-04-14 15:20:44,293 - INFO - Extracted: Fal - 18-Sep-24
2025-04-14 15:20:44,293 - INFO - Found funding amount: 14000000
2025-04-14 15:20:44,324 - INFO - Extracted: Mercor - 18-Sep-24
2025-04-14 15:20:44,324 - INFO - Found funding amount: 30000000
2025-04-14 15:20:44,355 - INFO - Extracted: Harvest Thermal - 18-Sep-24
2025-04-14 15:20:44,355 - INFO - Found funding amount: 2000000
2025-04-14 15:20:44,385 - INFO - Extracted: CodePath - 18-Sep-24
2025-04-14 15:20:44,385 - INFO - Found funding amount: 50000000
2025-04-14 15:20:44,415 - INFO - Extracted: Hgen - 17-Sep-24
2025-04-14 15:20:44,415 - INFO - Found funding amount: 5000000
2025-04-14 15:20:44,444 - INFO - Extracted: Orb - 17-Sep-24
2025-04-14 15:20:44,444 - INFO - Found funding amount: 25000000
2025-04-14 15:20:44,474 - INFO - Extracted: Mindtrip - 17-Sep-24
2025-04-14 15:20:44,474 - INFO - Found funding amount: 12000000
2025-04-14 15:20:44,510 - INFO - Extracted: Futuro Health - 17-Sep-24
2025-04-14 15:20:44,510 - INFO - Found funding amount: 10200000
2025-04-14 15:20:44,542 - INFO - Extracted: Prof Jim - 17-Sep-24
2025-04-14 15:20:44,542 - INFO - Found funding amount: 1500000
2025-04-14 15:20:44,572 - INFO - Extracted: TeamBridge - 16-Sep-24
2025-04-14 15:20:44,572 - INFO - Found funding amount: 28000000
2025-04-14 15:20:44,606 - INFO - Extracted: World Labs - 13-Sep-24
2025-04-14 15:20:44,606 - INFO - Found funding amount: 230000000
2025-04-14 15:20:44,606 - INFO - Successfully extracted 20 new companies from page 17
2025-04-14 15:20:44,606 - INFO - Attempting to navigate from page 17
2025-04-14 15:20:50,251 - INFO - JavaScript verification confirmed page changed
2025-04-14 15:20:50,902 - INFO - Extracting data from page 18
2025-04-14 15:20:51,414 - INFO - Trying standard table extraction
2025-04-14 15:20:51,472 - INFO - Found funding amount column at index 6
2025-04-14 15:20:51,478 - INFO - Found headquarters column at index 7
2025-04-14 15:20:51,487 - INFO - Found 22 potential data rows
2025-04-14 15:20:51,540 - INFO - Extracted: Operant - 12-Sep-24
2025-04-14 15:20:51,540 - INFO - Found funding amount: 10000000
2025-04-14 15:20:51,571 - INFO - Extracted: Bounti.ai - 12-Sep-24
2025-04-14 15:20:51,571 - INFO - Found funding amount: 16000000
2025-04-14 15:20:51,602 - INFO - Extracted: Connectly.ai - 11-Sep-24
2025-04-14 15:20:51,602 - INFO - Found funding amount: 20000000
2025-04-14 15:20:51,633 - INFO - Extracted: Nostra AI - 11-Sep-24
2025-04-14 15:20:51,633 - INFO - Found funding amount: 8900000
2025-04-14 15:20:51,664 - INFO - Extracted: Candid Health - 11-Sep-24
2025-04-14 15:20:51,664 - INFO - Found funding amount: 29000000
2025-04-14 15:20:51,695 - INFO - Extracted: Polly - 10-Sep-24
2025-04-14 15:20:51,695 - INFO - Found funding amount: 25000000
2025-04-14 15:20:51,726 - INFO - Extracted: Glean - 10-Sep-24
2025-04-14 15:20:51,726 - INFO - Found funding amount: 260000000
2025-04-14 15:20:51,757 - INFO - Extracted: Reshape Automation - 10-Sep-24
2025-04-14 15:20:51,757 - INFO - Found funding amount: 5000000
2025-04-14 15:20:51,790 - INFO - Extracted: Infinium - 10-Sep-24
2025-04-14 15:20:51,790 - INFO - Found funding amount: 0
2025-04-14 15:20:51,821 - INFO - Extracted: Blended Technologies - 10-Sep-24
2025-04-14 15:20:51,821 - INFO - Found funding amount: 2500000
2025-04-14 15:20:51,851 - INFO - Extracted: AttoTude - 10-Sep-24
2025-04-14 15:20:51,851 - INFO - Found funding amount: 29000000
2025-04-14 15:20:51,882 - INFO - Extracted: Neurona Therapeutics - 10-Sep-24
2025-04-14 15:20:51,882 - INFO - Found funding amount: 3800000
2025-04-14 15:20:51,913 - INFO - Extracted: P0 Security - 10-Sep-24
2025-04-14 15:20:51,913 - INFO - Found funding amount: 15000000
2025-04-14 15:20:51,946 - INFO - Extracted: PIN AI - 9-Sep-24
2025-04-14 15:20:51,946 - INFO - Found funding amount: 10000000
2025-04-14 15:20:51,977 - INFO - Extracted: Race - 9-Sep-24
2025-04-14 15:20:51,977 - INFO - Found funding amount: 375000000
2025-04-14 15:20:52,007 - INFO - Extracted: OrsoBio - 6-Sep-24
2025-04-14 15:20:52,007 - INFO - Found funding amount: 67000000
2025-04-14 15:20:52,036 - INFO - Extracted: DubClub - 5-Sep-24
2025-04-14 15:20:52,037 - INFO - Found funding amount: 7500000
2025-04-14 15:20:52,066 - INFO - Extracted: Thatch - 5-Sep-24
2025-04-14 15:20:52,066 - INFO - Found funding amount: 38000000
2025-04-14 15:20:52,096 - INFO - Extracted: Drip Capital - 5-Sep-24
2025-04-14 15:20:52,096 - INFO - Found funding amount: 90000000
2025-04-14 15:20:52,128 - INFO - Extracted: Acuvity - 5-Sep-24
2025-04-14 15:20:52,128 - INFO - Found funding amount: 9000000
2025-04-14 15:20:52,128 - INFO - Successfully extracted 20 new companies from page 18
2025-04-14 15:20:52,128 - INFO - Attempting to navigate from page 18
2025-04-14 15:20:57,785 - INFO - JavaScript verification confirmed page changed
2025-04-14 15:20:58,746 - INFO - Extracting data from page 19
2025-04-14 15:20:59,514 - INFO - Trying standard table extraction
2025-04-14 15:20:59,573 - INFO - Found funding amount column at index 6
2025-04-14 15:20:59,579 - INFO - Found headquarters column at index 7
2025-04-14 15:20:59,588 - INFO - Found 22 potential data rows
2025-04-14 15:20:59,646 - INFO - Extracted: Portex - 5-Sep-24
2025-04-14 15:20:59,646 - INFO - Found funding amount: 6250000
2025-04-14 15:20:59,679 - INFO - Extracted: Agree.com - 5-Sep-24
2025-04-14 15:20:59,679 - INFO - Found funding amount: 3000000
2025-04-14 15:20:59,710 - INFO - Extracted: Fiddler AI - 5-Sep-24
2025-04-14 15:20:59,711 - INFO - Found funding amount: 18949994
2025-04-14 15:20:59,741 - INFO - Extracted: Cortex - 4-Sep-24
2025-04-14 15:20:59,741 - INFO - Found funding amount: 60000000
2025-04-14 15:20:59,779 - INFO - Extracted: ArsenalBio - 4-Sep-24
2025-04-14 15:20:59,779 - INFO - Found funding amount: 325000000
2025-04-14 15:20:59,810 - INFO - Extracted: Ceres Imaging - 4-Sep-24
2025-04-14 15:20:59,811 - INFO - Found funding amount: 0
2025-04-14 15:20:59,842 - INFO - Extracted: Venova Medical - 4-Sep-24
2025-04-14 15:20:59,842 - INFO - Found funding amount: 30000000
2025-04-14 15:20:59,872 - INFO - Extracted: Climax Foods - 4-Sep-24
2025-04-14 15:20:59,872 - INFO - Found funding amount: 0
2025-04-14 15:20:59,903 - INFO - Extracted: Flex - 4-Sep-24
2025-04-14 15:20:59,903 - INFO - Found funding amount: 3200000
2025-04-14 15:20:59,934 - INFO - Extracted: Circle Pharma - 3-Sep-24
2025-04-14 15:20:59,935 - INFO - Found funding amount: 90000000
2025-04-14 15:20:59,965 - INFO - Extracted: Segmed - 3-Sep-24
2025-04-14 15:20:59,965 - INFO - Found funding amount: 10400000
2025-04-14 15:20:59,996 - INFO - Extracted: Linea Energy - 3-Sep-24
2025-04-14 15:20:59,996 - INFO - Found funding amount: 145000000
2025-04-14 15:21:00,028 - INFO - Extracted: Gainful - 3-Sep-24
2025-04-14 15:21:00,028 - INFO - Found funding amount: 0
2025-04-14 15:21:00,060 - INFO - Extracted: Mintlify - 3-Sep-24
2025-04-14 15:21:00,060 - INFO - Found funding amount: 18500000
2025-04-14 15:21:00,090 - INFO - Extracted: Magic Lifescience - 3-Sep-24
2025-04-14 15:21:00,090 - INFO - Found funding amount: 163398
2025-04-14 15:21:00,120 - INFO - Extracted: Approveit - 2-Sep-24
2025-04-14 15:21:00,120 - INFO - Found funding amount: 1000000
2025-04-14 15:21:00,157 - INFO - Extracted: Weeknd - 1-Sep-24
2025-04-14 15:21:00,158 - INFO - Found funding amount: 0
2025-04-14 15:21:00,187 - INFO - Extracted: Crafty Apes - 30-Aug-24
2025-04-14 15:21:00,187 - INFO - Found funding amount: 0
2025-04-14 15:21:00,216 - INFO - Extracted: Codeium - 29-Aug-24
2025-04-14 15:21:00,216 - INFO - Found funding amount: 150000000
2025-04-14 15:21:00,245 - INFO - Extracted: MIRIS - 29-Aug-24
2025-04-14 15:21:00,245 - INFO - Found funding amount: 26000000
2025-04-14 15:21:00,245 - INFO - Successfully extracted 20 new companies from page 19
2025-04-14 15:21:00,245 - INFO - Attempting to navigate from page 19
2025-04-14 15:21:06,015 - INFO - JavaScript verification confirmed page changed
2025-04-14 15:21:06,529 - INFO - Extracting data from page 20
2025-04-14 15:21:07,488 - INFO - Trying standard table extraction
2025-04-14 15:21:07,550 - INFO - Found funding amount column at index 6
2025-04-14 15:21:07,555 - INFO - Found headquarters column at index 7
2025-04-14 15:21:07,572 - INFO - Found 22 potential data rows
2025-04-14 15:21:07,620 - INFO - Extracted: nOps - 28-Aug-24
2025-04-14 15:21:07,620 - INFO - Found funding amount: 30000000
2025-04-14 15:21:07,654 - INFO - Extracted: Uplift Labs - 28-Aug-24
2025-04-14 15:21:07,654 - INFO - Found funding amount: 2100000
2025-04-14 15:21:07,685 - INFO - Extracted: Opus Clip - 28-Aug-24
2025-04-14 15:21:07,685 - INFO - Found funding amount: 30000000
2025-04-14 15:21:07,715 - INFO - Extracted: Bland AI - 28-Aug-24
2025-04-14 15:21:07,715 - INFO - Found funding amount: 16000000
2025-04-14 15:21:07,750 - INFO - Extracted: Noetik - 28-Aug-24
2025-04-14 15:21:07,750 - INFO - Found funding amount: 40000000
2025-04-14 15:21:07,796 - INFO - Extracted: Inventive AI - 28-Aug-24
2025-04-14 15:21:07,797 - INFO - Found funding amount: 4000000
2025-04-14 15:21:07,828 - INFO - Extracted: Linker Finance - 27-Aug-24
2025-04-14 15:21:07,828 - INFO - Found funding amount: 3700000
2025-04-14 15:21:07,859 - INFO - Extracted: ProhostAI - 27-Aug-24
2025-04-14 15:21:07,860 - INFO - Found funding amount: 1465000
2025-04-14 15:21:07,890 - INFO - Extracted: Cribl - 27-Aug-24
2025-04-14 15:21:07,890 - INFO - Found funding amount: 200000000
2025-04-14 15:21:07,921 - INFO - Extracted: Gameplay Galaxy - 27-Aug-24
2025-04-14 15:21:07,921 - INFO - Found funding amount: 11170000
2025-04-14 15:21:07,953 - INFO - Extracted: Spire Global - 27-Aug-24
2025-04-14 15:21:07,953 - INFO - Found funding amount: 3500000
2025-04-14 15:21:07,985 - INFO - Extracted: Fleet - 27-Aug-24
2025-04-14 15:21:07,985 - INFO - Found funding amount: 2500000
2025-04-14 15:21:08,016 - INFO - Extracted: just words - 27-Aug-24
2025-04-14 15:21:08,016 - INFO - Found funding amount: 1700000
2025-04-14 15:21:08,047 - INFO - Extracted: Planera - 27-Aug-24
2025-04-14 15:21:08,047 - INFO - Found funding amount: 13500000
2025-04-14 15:21:08,079 - INFO - Extracted: Clearway Energy Group - 26-Aug-24
2025-04-14 15:21:08,079 - INFO - Found funding amount: 550000000
2025-04-14 15:21:08,120 - INFO - Extracted: Tavoro - 26-Aug-24
2025-04-14 15:21:08,120 - INFO - Found funding amount: 2500000
2025-04-14 15:21:08,151 - INFO - Extracted: Accession Risk Management Group - 22-Aug-24
2025-04-14 15:21:08,151 - INFO - Found funding amount: 1000000000
2025-04-14 15:21:08,182 - INFO - Extracted: Openwater - 22-Aug-24
2025-04-14 15:21:08,182 - INFO - Found funding amount: 54000000
2025-04-14 15:21:08,211 - INFO - Extracted: Scale AI - 21-Aug-24
2025-04-14 15:21:08,211 - INFO - Found funding amount: 1000000000
2025-04-14 15:21:08,240 - INFO - Extracted: Kodiak Robotics - 21-Aug-24
2025-04-14 15:21:08,240 - INFO - Found funding amount: 0
2025-04-14 15:21:08,240 - INFO - Successfully extracted 20 new companies from page 20
2025-04-14 15:21:08,240 - INFO - Attempting to navigate from page 20
2025-04-14 15:21:14,127 - INFO - JavaScript verification confirmed page changed
2025-04-14 15:21:14,720 - INFO - Extracting data from page 21
2025-04-14 15:21:15,347 - INFO - Trying standard table extraction
2025-04-14 15:21:15,401 - INFO - Found funding amount column at index 6
2025-04-14 15:21:15,405 - INFO - Found headquarters column at index 7
2025-04-14 15:21:15,414 - INFO - Found 22 potential data rows
2025-04-14 15:21:15,460 - INFO - Extracted: Qualified Digital - 21-Aug-24
2025-04-14 15:21:15,460 - INFO - Found funding amount: 0
2025-04-14 15:21:15,492 - INFO - Extracted: Skyfire Systems - 21-Aug-24
2025-04-14 15:21:15,492 - INFO - Found funding amount: 8500000
2025-04-14 15:21:15,523 - INFO - Extracted: XII Medical - 21-Aug-24
2025-04-14 15:21:15,523 - INFO - Found funding amount: 45000000
2025-04-14 15:21:15,555 - INFO - Extracted: Piramidal - 21-Aug-24
2025-04-14 15:21:15,555 - INFO - Found funding amount: 6000000
2025-04-14 15:21:15,587 - INFO - Extracted: Lettuce Financial - 21-Aug-24
2025-04-14 15:21:15,587 - INFO - Found funding amount: 15000000
2025-04-14 15:21:15,618 - INFO - Extracted: Enteligent - 20-Aug-24
2025-04-14 15:21:15,618 - INFO - Found funding amount: 6000000
2025-04-14 15:21:15,649 - INFO - Extracted: Starpath Robotics - 20-Aug-24
2025-04-14 15:21:15,649 - INFO - Found funding amount: 12000000
2025-04-14 15:21:15,680 - INFO - Extracted: Kubiya.ai - 20-Aug-24
2025-04-14 15:21:15,680 - INFO - Found funding amount: 6000000
2025-04-14 15:21:15,711 - INFO - Extracted: Marathon Fusion - 20-Aug-24
2025-04-14 15:21:15,711 - INFO - Found funding amount: 5900000
2025-04-14 15:21:15,742 - INFO - Extracted: Pangeam Inc. - 20-Aug-24
2025-04-14 15:21:15,742 - INFO - Found funding amount: 2750000
2025-04-14 15:21:15,783 - INFO - Extracted: Eppo - 20-Aug-24
2025-04-14 15:21:15,783 - INFO - Found funding amount: 28000000
2025-04-14 15:21:15,813 - INFO - Extracted: Fortera - 20-Aug-24
2025-04-14 15:21:15,813 - INFO - Found funding amount: 85000000
2025-04-14 15:21:15,843 - INFO - Extracted: Exin Health - 19-Aug-24
2025-04-14 15:21:15,843 - INFO - Found funding amount: 0
2025-04-14 15:21:15,873 - INFO - Extracted: Fabric Cryptography - 19-Aug-24
2025-04-14 15:21:15,873 - INFO - Found funding amount: 33000000
2025-04-14 15:21:15,903 - INFO - Extracted: Ensemble AI - 15-Aug-24
2025-04-14 15:21:15,903 - INFO - Found funding amount: 3300000
2025-04-14 15:21:15,933 - INFO - Extracted: Era Finance - 15-Aug-24
2025-04-14 15:21:15,933 - INFO - Found funding amount: 9362409
2025-04-14 15:21:15,962 - INFO - Extracted: Kiteworks - 14-Aug-24
2025-04-14 15:21:15,962 - INFO - Found funding amount: 456000000
2025-04-14 15:21:15,992 - INFO - Extracted: nunu.ai - 14-Aug-24
2025-04-14 15:21:15,992 - INFO - Found funding amount: 2000000
2025-04-14 15:21:16,021 - INFO - Extracted: Moximed - 13-Aug-24
2025-04-14 15:21:16,021 - INFO - Found funding amount: 61000000
2025-04-14 15:21:16,051 - INFO - Extracted: Guidewheel - 13-Aug-24
2025-04-14 15:21:16,051 - INFO - Found funding amount: 31000000
2025-04-14 15:21:16,051 - INFO - Successfully extracted 20 new companies from page 21
2025-04-14 15:21:16,051 - INFO - Attempting to navigate from page 21
2025-04-14 15:21:22,015 - INFO - JavaScript verification confirmed page changed
2025-04-14 15:21:22,734 - INFO - Extracting data from page 22
2025-04-14 15:21:23,934 - INFO - Trying standard table extraction
2025-04-14 15:21:23,981 - INFO - Found funding amount column at index 6
2025-04-14 15:21:23,985 - INFO - Found headquarters column at index 7
2025-04-14 15:21:23,993 - INFO - Found 22 potential data rows
2025-04-14 15:21:24,040 - INFO - Extracted: Cision Vision - 13-Aug-24
2025-04-14 15:21:24,040 - INFO - Found funding amount: 22300000
2025-04-14 15:21:24,071 - INFO - Extracted: PayZen - 13-Aug-24
2025-04-14 15:21:24,071 - INFO - Found funding amount: 200000000
2025-04-14 15:21:24,104 - INFO - Extracted: Voltera - 13-Aug-24
2025-04-14 15:21:24,104 - INFO - Found funding amount: 100000000
2025-04-14 15:21:24,141 - INFO - Extracted: HeatMap, Inc - 13-Aug-24
2025-04-14 15:21:24,141 - INFO - Found funding amount: 4000000
2025-04-14 15:21:24,173 - INFO - Extracted: Cosine - 12-Aug-24
2025-04-14 15:21:24,173 - INFO - Found funding amount: 2500000
2025-04-14 15:21:24,213 - INFO - Extracted: DevRev - 9-Aug-24
2025-04-14 15:21:24,213 - INFO - Found funding amount: 100825173
2025-04-14 15:21:24,245 - INFO - Extracted: Double - 9-Aug-24
2025-04-14 15:21:24,245 - INFO - Found funding amount: 500000
2025-04-14 15:21:24,276 - INFO - Extracted: Brisk Teaching - 9-Aug-24
2025-04-14 15:21:24,276 - INFO - Found funding amount: 6899995
2025-04-14 15:21:24,308 - INFO - Extracted: Feeling Great - 8-Aug-24
2025-04-14 15:21:24,308 - INFO - Found funding amount: 8000000
2025-04-14 15:21:24,338 - INFO - Extracted: Reforged Labs - 8-Aug-24
2025-04-14 15:21:24,339 - INFO - Found funding amount: 3900000
2025-04-14 15:21:24,370 - INFO - Extracted: Opal - 8-Aug-24
2025-04-14 15:21:24,370 - INFO - Found funding amount: 60000000
2025-04-14 15:21:24,401 - INFO - Extracted: Switchback Systems - 8-Aug-24
2025-04-14 15:21:24,401 - INFO - Found funding amount: 10088281
2025-04-14 15:21:24,431 - INFO - Extracted: Bardeen - 8-Aug-24
2025-04-14 15:21:24,432 - INFO - Found funding amount: 3000000
2025-04-14 15:21:24,461 - INFO - Extracted: Bryte - 8-Aug-24
2025-04-14 15:21:24,461 - INFO - Found funding amount: 1000000
2025-04-14 15:21:24,491 - INFO - Extracted: Ionetix - 7-Aug-24
2025-04-14 15:21:24,491 - INFO - Found funding amount: 0
2025-04-14 15:21:24,521 - INFO - Extracted: Anjuna - 7-Aug-24
2025-04-14 15:21:24,521 - INFO - Found funding amount: 25000000
2025-04-14 15:21:24,553 - INFO - Extracted: Flow - 7-Aug-24
2025-04-14 15:21:24,553 - INFO - Found funding amount: 6000000
2025-04-14 15:21:24,588 - INFO - Extracted: Napkin AI - 7-Aug-24
2025-04-14 15:21:24,588 - INFO - Found funding amount: 10000000
2025-04-14 15:21:24,619 - INFO - Extracted: Datch - 7-Aug-24
2025-04-14 15:21:24,619 - INFO - Found funding amount: 15000000
2025-04-14 15:21:24,648 - INFO - Extracted: Greptime - 7-Aug-24
2025-04-14 15:21:24,648 - INFO - Found funding amount: 0
2025-04-14 15:21:24,648 - INFO - Successfully extracted 20 new companies from page 22
2025-04-14 15:21:24,648 - INFO - Attempting to navigate from page 22
2025-04-14 15:21:30,957 - INFO - JavaScript verification confirmed page changed
2025-04-14 15:21:31,765 - INFO - Extracting data from page 23
2025-04-14 15:21:32,328 - INFO - Trying standard table extraction
2025-04-14 15:21:32,388 - INFO - Found funding amount column at index 6
2025-04-14 15:21:32,393 - INFO - Found headquarters column at index 7
2025-04-14 15:21:32,403 - INFO - Found 22 potential data rows
2025-04-14 15:21:32,469 - INFO - Extracted: Sundial - 6-Aug-24
2025-04-14 15:21:32,469 - INFO - Found funding amount: 23348218
2025-04-14 15:21:32,499 - INFO - Extracted: Mechanical Orchard - 6-Aug-24
2025-04-14 15:21:32,500 - INFO - Found funding amount: 50000000
2025-04-14 15:21:32,535 - INFO - Extracted: MentalHappy - 6-Aug-24
2025-04-14 15:21:32,535 - INFO - Found funding amount: 500000
2025-04-14 15:21:32,567 - INFO - Extracted: Abnormal Security - 6-Aug-24
2025-04-14 15:21:32,567 - INFO - Found funding amount: 250000000
2025-04-14 15:21:32,597 - INFO - Extracted: Climatize - 6-Aug-24
2025-04-14 15:21:32,597 - INFO - Found funding amount: 1750000
2025-04-14 15:21:32,627 - INFO - Extracted: Shinobi Therapeutics - 6-Aug-24
2025-04-14 15:21:32,627 - INFO - Found funding amount: 68000000
2025-04-14 15:21:32,658 - INFO - Extracted: Curio Research - 6-Aug-24
2025-04-14 15:21:32,659 - INFO - Found funding amount: 5700000
2025-04-14 15:21:32,690 - INFO - Extracted: Muon Space - 5-Aug-24
2025-04-14 15:21:32,690 - INFO - Found funding amount: 56703744
2025-04-14 15:21:32,721 - INFO - Extracted: Groq - 5-Aug-24
2025-04-14 15:21:32,721 - INFO - Found funding amount: 640000000
2025-04-14 15:21:32,752 - INFO - Extracted: AutoComplete - 5-Aug-24
2025-04-14 15:21:32,752 - INFO - Found funding amount: 0
2025-04-14 15:21:32,782 - INFO - Extracted: Solarcycle - 1-Aug-24
2025-04-14 15:21:32,782 - INFO - Found funding amount: 31629998
2025-04-14 15:21:32,813 - INFO - Extracted: Hedra - 1-Aug-24
2025-04-14 15:21:32,813 - INFO - Found funding amount: 10000000
2025-04-14 15:21:32,843 - INFO - Extracted: Skillfully - 1-Aug-24
2025-04-14 15:21:32,843 - INFO - Found funding amount: 2500000
2025-04-14 15:21:32,873 - INFO - Extracted: Global Predictions - 1-Aug-24
2025-04-14 15:21:32,874 - INFO - Found funding amount: 2000000
2025-04-14 15:21:32,904 - INFO - Extracted: Tezi - 31-Jul-24
2025-04-14 15:21:32,904 - INFO - Found funding amount: 9000000
2025-04-14 15:21:32,934 - INFO - Extracted: Thumbtack - 31-Jul-24
2025-04-14 15:21:32,934 - INFO - Found funding amount: 75000000
2025-04-14 15:21:32,965 - INFO - Extracted: Swords to Plowshares - 31-Jul-24
2025-04-14 15:21:32,965 - INFO - Found funding amount: 0
2025-04-14 15:21:32,994 - INFO - Extracted: Ema - 31-Jul-24
2025-04-14 15:21:32,994 - INFO - Found funding amount: 36000000
2025-04-14 15:21:33,024 - INFO - Extracted: Endari - 31-Jul-24
2025-04-14 15:21:33,024 - INFO - Found funding amount: 4000000
2025-04-14 15:21:33,055 - INFO - Extracted: Streamkap - 31-Jul-24
2025-04-14 15:21:33,055 - INFO - Found funding amount: 3300000
2025-04-14 15:21:33,055 - INFO - Successfully extracted 20 new companies from page 23
2025-04-14 15:21:33,055 - INFO - Attempting to navigate from page 23
2025-04-14 15:21:38,467 - INFO - JavaScript verification confirmed page changed
2025-04-14 15:21:38,945 - INFO - Extracting data from page 24
2025-04-14 15:21:39,511 - INFO - Trying standard table extraction
2025-04-14 15:21:39,570 - INFO - Found funding amount column at index 6
2025-04-14 15:21:39,575 - INFO - Found headquarters column at index 7
2025-04-14 15:21:39,585 - INFO - Found 22 potential data rows
2025-04-14 15:21:39,631 - INFO - Extracted: Rhombus Systems - 30-Jul-24
2025-04-14 15:21:39,631 - INFO - Found funding amount: 45000000
2025-04-14 15:21:39,663 - INFO - Extracted: Credo AI - 30-Jul-24
2025-04-14 15:21:39,663 - INFO - Found funding amount: 21000000
2025-04-14 15:21:39,694 - INFO - Extracted: Montara Therapeutics - 30-Jul-24
2025-04-14 15:21:39,694 - INFO - Found funding amount: 8000000
2025-04-14 15:21:39,726 - INFO - Extracted: Haus - 30-Jul-24
2025-04-14 15:21:39,726 - INFO - Found funding amount: 20000000
2025-04-14 15:21:39,758 - INFO - Extracted: Sybill AI - 30-Jul-24
2025-04-14 15:21:39,758 - INFO - Found funding amount: 11000000
2025-04-14 15:21:39,790 - INFO - Extracted: Aviato - 30-Jul-24
2025-04-14 15:21:39,790 - INFO - Found funding amount: 0
2025-04-14 15:21:39,821 - INFO - Extracted: LTZ Therapeutics - 30-Jul-24
2025-04-14 15:21:39,821 - INFO - Found funding amount: 20000000
2025-04-14 15:21:39,852 - INFO - Extracted: unspun - 29-Jul-24
2025-04-14 15:21:39,852 - INFO - Found funding amount: 32000000
2025-04-14 15:21:39,884 - INFO - Extracted: OnSight - 29-Jul-24
2025-04-14 15:21:39,884 - INFO - Found funding amount: 0
2025-04-14 15:21:39,915 - INFO - Extracted: Rillet - 29-Jul-24
2025-04-14 15:21:39,915 - INFO - Found funding amount: 13500000
2025-04-14 15:21:39,947 - INFO - Extracted: ReviR Therapeutics - 26-Jul-24
2025-04-14 15:21:39,947 - INFO - Found funding amount: 30000000
2025-04-14 15:21:39,982 - INFO - Extracted: Cowbell - 26-Jul-24
2025-04-14 15:21:39,982 - INFO - Found funding amount: 60000000
2025-04-14 15:21:40,011 - INFO - Extracted: Imperative Care - 25-Jul-24
2025-04-14 15:21:40,011 - INFO - Found funding amount: 150000000
2025-04-14 15:21:40,041 - INFO - Extracted: IntelePeer - 25-Jul-24
2025-04-14 15:21:40,041 - INFO - Found funding amount: 140000000
2025-04-14 15:21:40,070 - INFO - Extracted: EtherWhere - 25-Jul-24
2025-04-14 15:21:40,070 - INFO - Found funding amount: 16300000
2025-04-14 15:21:40,100 - INFO - Extracted: InnerPlant - 25-Jul-24
2025-04-14 15:21:40,100 - INFO - Found funding amount: 30000000
2025-04-14 15:21:40,129 - INFO - Extracted: Vanta - 24-Jul-24
2025-04-14 15:21:40,129 - INFO - Found funding amount: 150000000
2025-04-14 15:21:40,159 - INFO - Extracted: Recurrent Energy - 24-Jul-24
2025-04-14 15:21:40,159 - INFO - Found funding amount: 50000000
2025-04-14 15:21:40,189 - INFO - Extracted: Dazz - 24-Jul-24
2025-04-14 15:21:40,189 - INFO - Found funding amount: 50000000
2025-04-14 15:21:40,223 - INFO - Extracted: Sound Health - 24-Jul-24
2025-04-14 15:21:40,223 - INFO - Found funding amount: 7000000
2025-04-14 15:21:40,223 - INFO - Successfully extracted 20 new companies from page 24
2025-04-14 15:21:40,223 - INFO - Attempting to navigate from page 24
2025-04-14 15:21:46,750 - INFO - JavaScript verification confirmed page changed
2025-04-14 15:21:47,278 - INFO - Extracting data from page 25
2025-04-14 15:21:47,842 - INFO - Trying standard table extraction
2025-04-14 15:21:47,924 - INFO - Found funding amount column at index 6
2025-04-14 15:21:47,927 - INFO - Found headquarters column at index 7
2025-04-14 15:21:47,937 - INFO - Found 22 potential data rows
2025-04-14 15:21:47,981 - INFO - Extracted: Hume Supernatural - 24-Jul-24
2025-04-14 15:21:47,981 - INFO - Found funding amount: 200000
2025-04-14 15:21:48,011 - INFO - Extracted: Blumen Systems - 24-Jul-24
2025-04-14 15:21:48,011 - INFO - Found funding amount: 6385989
2025-04-14 15:21:48,042 - INFO - Extracted: Lakera AI - 24-Jul-24
2025-04-14 15:21:48,042 - INFO - Found funding amount: 20000000
2025-04-14 15:21:48,073 - INFO - Extracted: Astranis - 24-Jul-24
2025-04-14 15:21:48,073 - INFO - Found funding amount: 200000000
2025-04-14 15:21:48,104 - INFO - Extracted: Joy - 24-Jul-24
2025-04-14 15:21:48,104 - INFO - Found funding amount: 10000000
2025-04-14 15:21:48,136 - INFO - Extracted: Caldera - 24-Jul-24
2025-04-14 15:21:48,136 - INFO - Found funding amount: 15000000
2025-04-14 15:21:48,168 - INFO - Extracted: IncellDx - 23-Jul-24
2025-04-14 15:21:48,168 - INFO - Found funding amount: 500000
2025-04-14 15:21:48,203 - INFO - Extracted: Powder - 23-Jul-24
2025-04-14 15:21:48,203 - INFO - Found funding amount: 5000000
2025-04-14 15:21:48,235 - INFO - Extracted: Harvey - 23-Jul-24
2025-04-14 15:21:48,235 - INFO - Found funding amount: 100000000
2025-04-14 15:21:48,266 - INFO - Extracted: Placer.ai - 23-Jul-24
2025-04-14 15:21:48,266 - INFO - Found funding amount: 54500187
2025-04-14 15:21:48,298 - INFO - Extracted: Momentum - 23-Jul-24
2025-04-14 15:21:48,298 - INFO - Found funding amount: 13000000
2025-04-14 15:21:48,329 - INFO - Extracted: SirenOpt - 23-Jul-24
2025-04-14 15:21:48,329 - INFO - Found funding amount: 6600000
2025-04-14 15:21:48,363 - INFO - Extracted: Uplimit - 23-Jul-24
2025-04-14 15:21:48,363 - INFO - Found funding amount: 11000000
2025-04-14 15:21:48,396 - INFO - Extracted: Mytra - 23-Jul-24
2025-04-14 15:21:48,396 - INFO - Found funding amount: 50000000
2025-04-14 15:21:48,429 - INFO - Extracted: Level AI - 23-Jul-24
2025-04-14 15:21:48,429 - INFO - Found funding amount: 39400000
2025-04-14 15:21:48,460 - INFO - Extracted: Alixia - 23-Jul-24
2025-04-14 15:21:48,461 - INFO - Found funding amount: 1825445
2025-04-14 15:21:48,491 - INFO - Extracted: Elly Analytics, Inc. - 22-Jul-24
2025-04-14 15:21:48,491 - INFO - Found funding amount: 1000000
2025-04-14 15:21:48,522 - INFO - Extracted: Noded Ai - 22-Jul-24
2025-04-14 15:21:48,522 - INFO - Found funding amount: 4000000
2025-04-14 15:21:48,553 - INFO - Extracted: EdgeRunner AI - 18-Jul-24
2025-04-14 15:21:48,553 - INFO - Found funding amount: 5500000
2025-04-14 15:21:48,598 - INFO - Extracted: Arrcus - 18-Jul-24
2025-04-14 15:21:48,598 - INFO - Found funding amount: 30000000
2025-04-14 15:21:48,598 - INFO - Successfully extracted 20 new companies from page 25
2025-04-14 15:21:48,598 - INFO - Attempting to navigate from page 25
2025-04-14 15:21:55,171 - INFO - JavaScript verification confirmed page changed
2025-04-14 15:21:56,300 - INFO - Extracting data from page 26
2025-04-14 15:21:57,425 - INFO - Trying standard table extraction
2025-04-14 15:21:57,500 - INFO - Found funding amount column at index 6
2025-04-14 15:21:57,503 - INFO - Found headquarters column at index 7
2025-04-14 15:21:57,511 - INFO - Found 22 potential data rows
2025-04-14 15:21:57,558 - INFO - Extracted: Juno - 18-Jul-24
2025-04-14 15:21:57,558 - INFO - Found funding amount: 8500000
2025-04-14 15:21:57,590 - INFO - Extracted: d.light - 17-Jul-24
2025-04-14 15:21:57,591 - INFO - Found funding amount: 176000000
2025-04-14 15:21:57,622 - INFO - Extracted: Human Interest - 17-Jul-24
2025-04-14 15:21:57,623 - INFO - Found funding amount: 242000000
2025-04-14 15:21:57,664 - INFO - Extracted: Caltech - 17-Jul-24
2025-04-14 15:21:57,665 - INFO - Found funding amount: 10000000
2025-04-14 15:21:57,696 - INFO - Extracted: NGM Biopharmaceuticals - 17-Jul-24
2025-04-14 15:21:57,696 - INFO - Found funding amount: 122000000
2025-04-14 15:21:57,727 - INFO - Extracted: aiXplain - 17-Jul-24
2025-04-14 15:21:57,727 - INFO - Found funding amount: 6500000
2025-04-14 15:21:57,759 - INFO - Extracted: Ohlone College - 17-Jul-24
2025-04-14 15:21:57,759 - INFO - Found funding amount: 50000
2025-04-14 15:21:57,790 - INFO - Extracted: Slope - 17-Jul-24
2025-04-14 15:21:57,790 - INFO - Found funding amount: 50000000
2025-04-14 15:21:57,821 - INFO - Extracted: Matera - 17-Jul-24
2025-04-14 15:21:57,821 - INFO - Found funding amount: 100000000
2025-04-14 15:21:57,853 - INFO - Extracted: Solideon - 17-Jul-24
2025-04-14 15:21:57,853 - INFO - Found funding amount: 5000000
2025-04-14 15:21:57,885 - INFO - Extracted: Vectara - 16-Jul-24
2025-04-14 15:21:57,885 - INFO - Found funding amount: 25000000
2025-04-14 15:21:57,916 - INFO - Extracted: Tekion - 16-Jul-24
2025-04-14 15:21:57,919 - INFO - Found funding amount: 200000000
2025-04-14 15:21:57,951 - INFO - Extracted: The San Francisco Compute Company - 16-Jul-24
2025-04-14 15:21:57,951 - INFO - Found funding amount: 12000000
2025-04-14 15:21:57,988 - INFO - Extracted: DreamBig Semiconductor - 16-Jul-24
2025-04-14 15:21:57,988 - INFO - Found funding amount: 75000000
2025-04-14 15:21:58,021 - INFO - Extracted: Echo Chunk AI - 16-Jul-24
2025-04-14 15:21:58,021 - INFO - Found funding amount: 1400000
2025-04-14 15:21:58,051 - INFO - Extracted: Botrista Technology - 16-Jul-24
2025-04-14 15:21:58,051 - INFO - Found funding amount: 65000000
2025-04-14 15:21:58,082 - INFO - Extracted: Dusk - 16-Jul-24
2025-04-14 15:21:58,082 - INFO - Found funding amount: 8000000
2025-04-14 15:21:58,112 - INFO - Extracted: Sphere Technology Holdings - 15-Jul-24
2025-04-14 15:21:58,112 - INFO - Found funding amount: 9511799
2025-04-14 15:21:58,142 - INFO - Extracted: Halo Industries - 15-Jul-24
2025-04-14 15:21:58,142 - INFO - Found funding amount: 80000000
2025-04-14 15:21:58,176 - INFO - Extracted: NeuSpera Medical - 15-Jul-24
2025-04-14 15:21:58,176 - INFO - Found funding amount: 23000000
2025-04-14 15:21:58,176 - INFO - Successfully extracted 20 new companies from page 26
2025-04-14 15:21:58,176 - INFO - Attempting to navigate from page 26
2025-04-14 15:22:04,567 - INFO - JavaScript verification confirmed page changed
2025-04-14 15:22:05,252 - INFO - Extracting data from page 27
2025-04-14 15:22:06,013 - INFO - Trying standard table extraction
2025-04-14 15:22:06,081 - INFO - Found funding amount column at index 6
2025-04-14 15:22:06,086 - INFO - Found headquarters column at index 7
2025-04-14 15:22:06,096 - INFO - Found 22 potential data rows
2025-04-14 15:22:06,144 - INFO - Extracted: Metabase Q - 15-Jul-24
2025-04-14 15:22:06,144 - INFO - Found funding amount: 5099986
2025-04-14 15:22:06,175 - INFO - Extracted: Vivoo - 15-Jul-24
2025-04-14 15:22:06,175 - INFO - Found funding amount: 0
2025-04-14 15:22:06,206 - INFO - Extracted: SmarterLicense - 15-Jul-24
2025-04-14 15:22:06,206 - INFO - Found funding amount: 1100000
2025-04-14 15:22:06,238 - INFO - Extracted: Digestiva - 15-Jul-24
2025-04-14 15:22:06,238 - INFO - Found funding amount: 18400000
2025-04-14 15:22:06,268 - INFO - Extracted: Odyssey - 12-Jul-24
2025-04-14 15:22:06,268 - INFO - Found funding amount: 9000000
2025-04-14 15:22:06,298 - INFO - Extracted: Armada - 11-Jul-24
2025-04-14 15:22:06,298 - INFO - Found funding amount: 40000000
2025-04-14 15:22:06,338 - INFO - Extracted: Mantle - 10-Jul-24
2025-04-14 15:22:06,338 - INFO - Found funding amount: 20000000
2025-04-14 15:22:06,372 - INFO - Extracted: Lekko - 10-Jul-24
2025-04-14 15:22:06,372 - INFO - Found funding amount: 4500000
2025-04-14 15:22:06,401 - INFO - Extracted: Hayden AI - 10-Jul-24
2025-04-14 15:22:06,401 - INFO - Found funding amount: 90000000
2025-04-14 15:22:06,442 - INFO - Extracted: Adona Medical - 10-Jul-24
2025-04-14 15:22:06,442 - INFO - Found funding amount: 13369997
2025-04-14 15:22:06,477 - INFO - Extracted: Safe Passages - 9-Jul-24
2025-04-14 15:22:06,477 - INFO - Found funding amount: 270000
2025-04-14 15:22:06,509 - INFO - Extracted: Valo.ai - 9-Jul-24
2025-04-14 15:22:06,509 - INFO - Found funding amount: 0
2025-04-14 15:22:06,539 - INFO - Extracted: Volley - 9-Jul-24
2025-04-14 15:22:06,539 - INFO - Found funding amount: 55000000
2025-04-14 15:22:06,570 - INFO - Extracted: Accend - 9-Jul-24
2025-04-14 15:22:06,570 - INFO - Found funding amount: 3200000
2025-04-14 15:22:06,600 - INFO - Extracted: NovoNutrients - 9-Jul-24
2025-04-14 15:22:06,600 - INFO - Found funding amount: 18000000
2025-04-14 15:22:06,631 - INFO - Extracted: Default - 8-Jul-24
2025-04-14 15:22:06,631 - INFO - Found funding amount: 4000000
2025-04-14 15:22:06,661 - INFO - Extracted: Cartken - 3-Jul-24
2025-04-14 15:22:06,661 - INFO - Found funding amount: 10000000
2025-04-14 15:22:06,691 - INFO - Extracted: Granza Bio - 3-Jul-24
2025-04-14 15:22:06,691 - INFO - Found funding amount: 7140000
2025-04-14 15:22:06,721 - INFO - Extracted: Frontier Energy - 2-Jul-24
2025-04-14 15:22:06,721 - INFO - Found funding amount: 0
2025-04-14 15:22:06,756 - INFO - Extracted: BRB APP INC - 1-Jul-24
2025-04-14 15:22:06,756 - INFO - Found funding amount: 0
2025-04-14 15:22:06,756 - INFO - Successfully extracted 20 new companies from page 27
2025-04-14 15:22:06,756 - INFO - Attempting to navigate from page 27
2025-04-14 15:22:12,467 - INFO - JavaScript verification confirmed page changed
2025-04-14 15:22:13,180 - INFO - Extracting data from page 28
2025-04-14 15:22:14,361 - INFO - Trying standard table extraction
2025-04-14 15:22:14,416 - INFO - Found funding amount column at index 6
2025-04-14 15:22:14,421 - INFO - Found headquarters column at index 7
2025-04-14 15:22:14,430 - INFO - Found 22 potential data rows
2025-04-14 15:22:14,478 - INFO - Extracted: UptimeAI - 1-Jul-24
2025-04-14 15:22:14,478 - INFO - Found funding amount: 13999999
2025-04-14 15:22:14,510 - INFO - Extracted: AnswerGrid - 1-Jul-24
2025-04-14 15:22:14,510 - INFO - Found funding amount: 500000
2025-04-14 15:22:14,542 - INFO - Extracted: Senti Biosciences - 1-Jul-24
2025-04-14 15:22:14,542 - INFO - Found funding amount: 8000000
2025-04-14 15:22:14,572 - INFO - Extracted: Pivot Robots - 1-Jul-24
2025-04-14 15:22:14,572 - INFO - Found funding amount: 500000
2025-04-14 15:22:14,614 - INFO - Extracted: Odaseva - 27-Jun-24
2025-04-14 15:22:14,614 - INFO - Found funding amount: 54000000
2025-04-14 15:22:14,645 - INFO - Extracted: Aether Fuels - 27-Jun-24
2025-04-14 15:22:14,645 - INFO - Found funding amount: 34000000
2025-04-14 15:22:14,675 - INFO - Extracted: GetReal Labs - 27-Jun-24
2025-04-14 15:22:14,675 - INFO - Found funding amount: 0
2025-04-14 15:22:14,706 - INFO - Extracted: Fetchflow - 27-Jun-24
2025-04-14 15:22:14,706 - INFO - Found funding amount: 500000
2025-04-14 15:22:14,736 - INFO - Extracted: KarmaCheck - 27-Jun-24
2025-04-14 15:22:14,736 - INFO - Found funding amount: 45000000
2025-04-14 15:22:14,767 - INFO - Extracted: Clearstory.build - 27-Jun-24
2025-04-14 15:22:14,767 - INFO - Found funding amount: 16000000
2025-04-14 15:22:14,796 - INFO - Extracted: Foodsmart - 26-Jun-24
2025-04-14 15:22:14,796 - INFO - Found funding amount: 200000000
2025-04-14 15:22:14,826 - INFO - Extracted: Ario - 26-Jun-24
2025-04-14 15:22:14,826 - INFO - Found funding amount: 16000000
2025-04-14 15:22:14,857 - INFO - Extracted: Rondo Energy - 26-Jun-24
2025-04-14 15:22:14,857 - INFO - Found funding amount: 75000000
2025-04-14 15:22:14,888 - INFO - Extracted: Onehouse - 26-Jun-24
2025-04-14 15:22:14,889 - INFO - Found funding amount: 35000000
2025-04-14 15:22:14,919 - INFO - Extracted: Frontier Medicines - 25-Jun-24
2025-04-14 15:22:14,919 - INFO - Found funding amount: 20000000
2025-04-14 15:22:14,950 - INFO - Extracted: Conduit - 25-Jun-24
2025-04-14 15:22:14,950 - INFO - Found funding amount: 37000000
2025-04-14 15:22:14,989 - INFO - Extracted: Cloudian - 25-Jun-24
2025-04-14 15:22:14,989 - INFO - Found funding amount: 23000000
2025-04-14 15:22:15,020 - INFO - Extracted: Asteri AI - 25-Jun-24
2025-04-14 15:22:15,020 - INFO - Found funding amount: 0
2025-04-14 15:22:15,050 - INFO - Extracted: Antora Energy - 25-Jun-24
2025-04-14 15:22:15,050 - INFO - Found funding amount: 14500000
2025-04-14 15:22:15,080 - INFO - Extracted: VidAU - 25-Jun-24
2025-04-14 15:22:15,080 - INFO - Found funding amount: 0
2025-04-14 15:22:15,080 - INFO - Successfully extracted 20 new companies from page 28
2025-04-14 15:22:15,080 - INFO - Attempting to navigate from page 28
2025-04-14 15:22:21,119 - INFO - JavaScript verification confirmed page changed
2025-04-14 15:22:21,554 - INFO - Extracting data from page 29
2025-04-14 15:22:22,683 - INFO - Trying standard table extraction
2025-04-14 15:22:22,723 - INFO - Found funding amount column at index 6
2025-04-14 15:22:22,727 - INFO - Found headquarters column at index 7
2025-04-14 15:22:22,735 - INFO - Found 22 potential data rows
2025-04-14 15:22:22,790 - INFO - Extracted: Etched.ai - 25-Jun-24
2025-04-14 15:22:22,790 - INFO - Found funding amount: 120000000
2025-04-14 15:22:22,822 - INFO - Extracted: Sift - 25-Jun-24
2025-04-14 15:22:22,822 - INFO - Found funding amount: 17500000
2025-04-14 15:22:22,858 - INFO - Extracted: TwoStep Therapeutics - 25-Jun-24
2025-04-14 15:22:22,858 - INFO - Found funding amount: 6500000
2025-04-14 15:22:22,888 - INFO - Extracted: Opus1.io - 25-Jun-24
2025-04-14 15:22:22,888 - INFO - Found funding amount: 0
2025-04-14 15:22:22,917 - INFO - Extracted: Klarity - 24-Jun-24
2025-04-14 15:22:22,917 - INFO - Found funding amount: 70000000
2025-04-14 15:22:22,969 - INFO - Extracted: Tusk - 21-Jun-24
2025-04-14 15:22:22,969 - INFO - Found funding amount: 500000
2025-04-14 15:22:23,000 - INFO - Extracted: MEandMine - 20-Jun-24
2025-04-14 15:22:23,000 - INFO - Found funding amount: 4500000
2025-04-14 15:22:23,029 - INFO - Extracted: Molten Industries - 20-Jun-24
2025-04-14 15:22:23,029 - INFO - Found funding amount: 25000000
2025-04-14 15:22:23,059 - INFO - Extracted: Aikido Technologies - 20-Jun-24
2025-04-14 15:22:23,059 - INFO - Found funding amount: 4000000
2025-04-14 15:22:23,090 - INFO - Extracted: Submix - 19-Jun-24
2025-04-14 15:22:23,090 - INFO - Found funding amount: 1000000
2025-04-14 15:22:23,118 - INFO - Extracted: Speechlab, Inc. - 19-Jun-24
2025-04-14 15:22:23,118 - INFO - Found funding amount: 2900000
2025-04-14 15:22:23,148 - INFO - Extracted: Specialized Packaging Group - 18-Jun-24
2025-04-14 15:22:23,148 - INFO - Found funding amount: 0
2025-04-14 15:22:23,179 - INFO - Extracted: Planted Solar - 18-Jun-24
2025-04-14 15:22:23,179 - INFO - Found funding amount: 20000000
2025-04-14 15:22:23,208 - INFO - Extracted: Promaxo - 18-Jun-24
2025-04-14 15:22:23,208 - INFO - Found funding amount: 0
2025-04-14 15:22:23,237 - INFO - Extracted: Sewer AI - 18-Jun-24
2025-04-14 15:22:23,237 - INFO - Found funding amount: 15000000
2025-04-14 15:22:23,276 - INFO - Extracted: Scoop Analytics - 18-Jun-24
2025-04-14 15:22:23,276 - INFO - Found funding amount: 3500000
2025-04-14 15:22:23,313 - INFO - Extracted: Loop Golf - 18-Jun-24
2025-04-14 15:22:23,313 - INFO - Found funding amount: 1000000
2025-04-14 15:22:23,347 - INFO - Extracted: Marea Therapeutics - 18-Jun-24
2025-04-14 15:22:23,347 - INFO - Found funding amount: 190000000
2025-04-14 15:22:23,377 - INFO - Extracted: Factory - 18-Jun-24
2025-04-14 15:22:23,377 - INFO - Found funding amount: 15000000
2025-04-14 15:22:23,413 - INFO - Extracted: Maxim - 18-Jun-24
2025-04-14 15:22:23,413 - INFO - Found funding amount: 250000000
2025-04-14 15:22:23,413 - INFO - Successfully extracted 20 new companies from page 29
2025-04-14 15:22:23,413 - INFO - Attempting to navigate from page 29
2025-04-14 15:22:29,423 - INFO - JavaScript verification confirmed page changed
2025-04-14 15:22:30,557 - INFO - Extracting data from page 30
2025-04-14 15:22:31,341 - INFO - Trying standard table extraction
2025-04-14 15:22:31,403 - INFO - Found funding amount column at index 6
2025-04-14 15:22:31,409 - INFO - Found headquarters column at index 7
2025-04-14 15:22:31,420 - INFO - Found 22 potential data rows
2025-04-14 15:22:31,467 - INFO - Extracted: Autify - 17-Jun-24
2025-04-14 15:22:31,468 - INFO - Found funding amount: 13000000
2025-04-14 15:22:31,499 - INFO - Extracted: Constructor - 17-Jun-24
2025-04-14 15:22:31,499 - INFO - Found funding amount: 25000000
2025-04-14 15:22:31,529 - INFO - Extracted: You.com - 17-Jun-24
2025-04-14 15:22:31,529 - INFO - Found funding amount: 50000000
2025-04-14 15:22:31,560 - INFO - Extracted: Take Homes - 17-Jun-24
2025-04-14 15:22:31,560 - INFO - Found funding amount: 150000
2025-04-14 15:22:31,590 - INFO - Extracted: Aepnus Technology - 14-Jun-24
2025-04-14 15:22:31,590 - INFO - Found funding amount: 8000000
2025-04-14 15:22:31,621 - INFO - Extracted: Better Health - 13-Jun-24
2025-04-14 15:22:31,621 - INFO - Found funding amount: 14000000
2025-04-14 15:22:31,650 - INFO - Extracted: Viridian Space - 13-Jun-24
2025-04-14 15:22:31,650 - INFO - Found funding amount: 0
2025-04-14 15:22:31,682 - INFO - Extracted: Remmie - 12-Jun-24
2025-04-14 15:22:31,682 - INFO - Found funding amount: 3000000
2025-04-14 15:22:31,711 - INFO - Extracted: Canary Technologies - 12-Jun-24
2025-04-14 15:22:31,711 - INFO - Found funding amount: 50000000
2025-04-14 15:22:31,743 - INFO - Extracted: Grayce - 12-Jun-24
2025-04-14 15:22:31,743 - INFO - Found funding amount: 10400000
2025-04-14 15:22:31,785 - INFO - Extracted: InScope - 12-Jun-24
2025-04-14 15:22:31,785 - INFO - Found funding amount: 4300000
2025-04-14 15:22:31,815 - INFO - Extracted: Learn to Win - 12-Jun-24
2025-04-14 15:22:31,815 - INFO - Found funding amount: 30000000
2025-04-14 15:22:31,850 - INFO - Extracted: Tesseract Medical Research - 11-Jun-24
2025-04-14 15:22:31,850 - INFO - Found funding amount: 20000000
2025-04-14 15:22:31,879 - INFO - Extracted: Cyberhaven - 11-Jun-24
2025-04-14 15:22:31,879 - INFO - Found funding amount: 88000000
2025-04-14 15:22:31,908 - INFO - Extracted: Found - 11-Jun-24
2025-04-14 15:22:31,908 - INFO - Found funding amount: 45999997
2025-04-14 15:22:31,939 - INFO - Extracted: Youth Speaks - 11-Jun-24
2025-04-14 15:22:31,939 - INFO - Found funding amount: 40000
2025-04-14 15:22:31,968 - INFO - Extracted: Perlumi - 11-Jun-24
2025-04-14 15:22:31,968 - INFO - Found funding amount: 4515899
2025-04-14 15:22:31,996 - INFO - Extracted: Nexus Laboratories - 10-Jun-24
2025-04-14 15:22:31,997 - INFO - Found funding amount: 25000000
2025-04-14 15:22:32,026 - INFO - Extracted: Pair Team - 10-Jun-24
2025-04-14 15:22:32,026 - INFO - Found funding amount: 500000
2025-04-14 15:22:32,055 - INFO - Extracted: Gatik - 10-Jun-24
2025-04-14 15:22:32,055 - INFO - Found funding amount: 0
2025-04-14 15:22:32,055 - INFO - Successfully extracted 20 new companies from page 30
2025-04-14 15:22:32,055 - INFO - Attempting to navigate from page 30
2025-04-14 15:22:38,391 - INFO - JavaScript verification confirmed page changed
2025-04-14 15:22:39,234 - INFO - Extracting data from page 31
2025-04-14 15:22:39,647 - INFO - Trying standard table extraction
2025-04-14 15:22:39,705 - INFO - Found funding amount column at index 6
2025-04-14 15:22:39,710 - INFO - Found headquarters column at index 7
2025-04-14 15:22:39,720 - INFO - Found 22 potential data rows
2025-04-14 15:22:39,765 - INFO - Extracted: InSync - 8-Jun-24
2025-04-14 15:22:39,765 - INFO - Found funding amount: 0
2025-04-14 15:22:39,795 - INFO - Extracted: Prolific Machines - 7-Jun-24
2025-04-14 15:22:39,795 - INFO - Found funding amount: 55000000
2025-04-14 15:22:39,825 - INFO - Extracted: Portal AI - 7-Jun-24
2025-04-14 15:22:39,825 - INFO - Found funding amount: 4500000
2025-04-14 15:22:39,855 - INFO - Extracted: Rising Team - 6-Jun-24
2025-04-14 15:22:39,855 - INFO - Found funding amount: 8000000
2025-04-14 15:22:39,885 - INFO - Extracted: Greptile - 6-Jun-24
2025-04-14 15:22:39,885 - INFO - Found funding amount: 4099999
2025-04-14 15:22:39,925 - INFO - Extracted: bem - 6-Jun-24
2025-04-14 15:22:39,925 - INFO - Found funding amount: 3700000
2025-04-14 15:22:39,956 - INFO - Extracted: Boys & Girls Clubs of Fresno County - 6-Jun-24
2025-04-14 15:22:39,957 - INFO - Found funding amount: 55000
2025-04-14 15:22:39,986 - INFO - Extracted: Cube Dev - 6-Jun-24
2025-04-14 15:22:39,986 - INFO - Found funding amount: 25000000
2025-04-14 15:22:40,016 - INFO - Extracted: Tobiko Data - 5-Jun-24
2025-04-14 15:22:40,016 - INFO - Found funding amount: 17300000
2025-04-14 15:22:40,045 - INFO - Extracted: Zingly - 5-Jun-24
2025-04-14 15:22:40,045 - INFO - Found funding amount: 10000000
2025-04-14 15:22:40,075 - INFO - Extracted: 100% Chiropractic - 5-Jun-24
2025-04-14 15:22:40,075 - INFO - Found funding amount: 0
2025-04-14 15:22:40,104 - INFO - Extracted: Pika - 5-Jun-24
2025-04-14 15:22:40,104 - INFO - Found funding amount: 80000000
2025-04-14 15:22:40,134 - INFO - Extracted: Xcimer Energy - 4-Jun-24
2025-04-14 15:22:40,134 - INFO - Found funding amount: 100000000
2025-04-14 15:22:40,162 - INFO - Extracted: Raydiant Oximetry - 4-Jun-24
2025-04-14 15:22:40,163 - INFO - Found funding amount: 7500000
2025-04-14 15:22:40,193 - INFO - Extracted: Vantage Discovery - 4-Jun-24
2025-04-14 15:22:40,193 - INFO - Found funding amount: 16000000
2025-04-14 15:22:40,222 - INFO - Extracted: Siren Biotechnology - 4-Jun-24
2025-04-14 15:22:40,222 - INFO - Found funding amount: 19611194
2025-04-14 15:22:40,260 - INFO - Extracted: SOFIE - 4-Jun-24
2025-04-14 15:22:40,260 - INFO - Found funding amount: 0
2025-04-14 15:22:40,293 - INFO - Extracted: AirMDR - 4-Jun-24
2025-04-14 15:22:40,293 - INFO - Found funding amount: 5000000
2025-04-14 15:22:40,322 - INFO - Extracted: Zum - 4-Jun-24
2025-04-14 15:22:40,322 - INFO - Found funding amount: 32000000
2025-04-14 15:22:40,352 - INFO - Extracted: Spike Technologies - 4-Jun-24
2025-04-14 15:22:40,352 - INFO - Found funding amount: 3200000
2025-04-14 15:22:40,352 - INFO - Successfully extracted 20 new companies from page 31
2025-04-14 15:22:40,352 - INFO - Attempting to navigate from page 31
2025-04-14 15:22:45,967 - INFO - JavaScript verification confirmed page changed
2025-04-14 15:22:47,175 - INFO - Extracting data from page 32
2025-04-14 15:22:47,800 - INFO - Trying standard table extraction
2025-04-14 15:22:47,943 - INFO - Found funding amount column at index 6
2025-04-14 15:22:47,959 - INFO - Found headquarters column at index 7
2025-04-14 15:22:47,969 - INFO - Found 22 potential data rows
2025-04-14 15:22:48,019 - INFO - Extracted: Pr√≥speros - 4-Jun-24
2025-04-14 15:22:48,019 - INFO - Found funding amount: 3000000
2025-04-14 15:22:48,049 - INFO - Extracted: Field Materials, Inc. - 4-Jun-24
2025-04-14 15:22:48,049 - INFO - Found funding amount: 3500000
2025-04-14 15:22:48,080 - INFO - Extracted: Viaduct - 4-Jun-24
2025-04-14 15:22:48,080 - INFO - Found funding amount: 10000000
2025-04-14 15:22:48,111 - INFO - Extracted: Tandem PV - 3-Jun-24
2025-04-14 15:22:48,111 - INFO - Found funding amount: 4700000
2025-04-14 15:22:48,142 - INFO - Extracted: Vimmerse - 3-Jun-24
2025-04-14 15:22:48,142 - INFO - Found funding amount: 0
2025-04-14 15:22:48,171 - INFO - Extracted: Ashby - 3-Jun-24
2025-04-14 15:22:48,171 - INFO - Found funding amount: 30000000
2025-04-14 15:22:48,202 - INFO - Extracted: Balance - 3-Jun-24
2025-04-14 15:22:48,202 - INFO - Found funding amount: 2500000
2025-04-14 15:22:48,236 - INFO - Extracted: Revi - 1-Jun-24
2025-04-14 15:22:48,236 - INFO - Found funding amount: 10000000
2025-04-14 15:22:48,267 - INFO - Extracted: Sprout HR - 1-Jun-24
2025-04-14 15:22:48,267 - INFO - Found funding amount: 0
2025-04-14 15:22:48,297 - INFO - Extracted: Point - 30-May-24
2025-04-14 15:22:48,297 - INFO - Found funding amount: 141000000
2025-04-14 15:22:48,327 - INFO - Extracted: Portside - 30-May-24
2025-04-14 15:22:48,327 - INFO - Found funding amount: 0
2025-04-14 15:22:48,357 - INFO - Extracted: Forward - 30-May-24
2025-04-14 15:22:48,357 - INFO - Found funding amount: 16000000
2025-04-14 15:22:48,388 - INFO - Extracted: Plural Energy - 30-May-24
2025-04-14 15:22:48,388 - INFO - Found funding amount: 2330000
2025-04-14 15:22:48,434 - INFO - Extracted: ZERO - 30-May-24
2025-04-14 15:22:48,434 - INFO - Found funding amount: 26112523
2025-04-14 15:22:48,467 - INFO - Extracted: Functional Finance - 30-May-24
2025-04-14 15:22:48,467 - INFO - Found funding amount: 16999992
2025-04-14 15:22:48,497 - INFO - Extracted: Valar Labs - 30-May-24
2025-04-14 15:22:48,497 - INFO - Found funding amount: 22000000
2025-04-14 15:22:48,526 - INFO - Extracted: BabylonChain - 30-May-24
2025-04-14 15:22:48,526 - INFO - Found funding amount: 70000000
2025-04-14 15:22:48,556 - INFO - Extracted: Plenful - 30-May-24
2025-04-14 15:22:48,557 - INFO - Found funding amount: 17000000
2025-04-14 15:22:48,586 - INFO - Extracted: TraceAir - 29-May-24
2025-04-14 15:22:48,586 - INFO - Found funding amount: 25000000
2025-04-14 15:22:48,616 - INFO - Extracted: Frore Systems - 29-May-24
2025-04-14 15:22:48,616 - INFO - Found funding amount: 80000000
2025-04-14 15:22:48,616 - INFO - Successfully extracted 20 new companies from page 32
2025-04-14 15:22:48,616 - INFO - Attempting to navigate from page 32
2025-04-14 15:22:54,218 - INFO - JavaScript verification confirmed page changed
2025-04-14 15:22:55,293 - INFO - Extracting data from page 33
2025-04-14 15:22:55,737 - INFO - Trying standard table extraction
2025-04-14 15:22:55,790 - INFO - Found funding amount column at index 6
2025-04-14 15:22:55,794 - INFO - Found headquarters column at index 7
2025-04-14 15:22:55,804 - INFO - Found 22 potential data rows
2025-04-14 15:22:55,853 - INFO - Extracted: Figma - 29-May-24
2025-04-14 15:22:55,853 - INFO - Found funding amount: 415749740
2025-04-14 15:22:55,883 - INFO - Extracted: Kinisi - 29-May-24
2025-04-14 15:22:55,883 - INFO - Found funding amount: 437000
2025-04-14 15:22:55,914 - INFO - Extracted: App Orchid - 28-May-24
2025-04-14 15:22:55,914 - INFO - Found funding amount: 1500000
2025-04-14 15:22:55,943 - INFO - Extracted: OpsMx - 28-May-24
2025-04-14 15:22:55,943 - INFO - Found funding amount: 0
2025-04-14 15:22:55,973 - INFO - Extracted: LiveReach Media - 28-May-24
2025-04-14 15:22:55,973 - INFO - Found funding amount: 6908849
2025-04-14 15:22:56,003 - INFO - Extracted: Transcend - 28-May-24
2025-04-14 15:22:56,003 - INFO - Found funding amount: 40000000
2025-04-14 15:22:56,034 - INFO - Extracted: Aperture Finance - 28-May-24
2025-04-14 15:22:56,034 - INFO - Found funding amount: 6700000
2025-04-14 15:22:56,064 - INFO - Extracted: Felix - 28-May-24
2025-04-14 15:22:56,064 - INFO - Found funding amount: 15500000
2025-04-14 15:22:56,094 - INFO - Extracted: Sempera Organics - 24-May-24
2025-04-14 15:22:56,094 - INFO - Found funding amount: 2612490
2025-04-14 15:22:56,137 - INFO - Extracted: Heyday - 24-May-24
2025-04-14 15:22:56,137 - INFO - Found funding amount: 0
2025-04-14 15:22:56,167 - INFO - Extracted: Killington Technologies - 24-May-24
2025-04-14 15:22:56,167 - INFO - Found funding amount: 400000
2025-04-14 15:22:56,196 - INFO - Extracted: Lumos - 23-May-24
2025-04-14 15:22:56,197 - INFO - Found funding amount: 35000000
2025-04-14 15:22:56,227 - INFO - Extracted: Userfront - 23-May-24
2025-04-14 15:22:56,227 - INFO - Found funding amount: 5300000
2025-04-14 15:22:56,258 - INFO - Extracted: Supermove - 23-May-24
2025-04-14 15:22:56,258 - INFO - Found funding amount: 0
2025-04-14 15:22:56,289 - INFO - Extracted: Aduro Advisors - 23-May-24
2025-04-14 15:22:56,289 - INFO - Found funding amount: 0
2025-04-14 15:22:56,319 - INFO - Extracted: forml - 23-May-24
2025-04-14 15:22:56,320 - INFO - Found funding amount: 546477
2025-04-14 15:22:56,350 - INFO - Extracted: BeeHero - 23-May-24
2025-04-14 15:22:56,350 - INFO - Found funding amount: 500000
2025-04-14 15:22:56,379 - INFO - Extracted: Founder AI - 22-May-24
2025-04-14 15:22:56,379 - INFO - Found funding amount: 3000000
2025-04-14 15:22:56,408 - INFO - Extracted: HoundDog.ai - 22-May-24
2025-04-14 15:22:56,409 - INFO - Found funding amount: 3100000
2025-04-14 15:22:56,437 - INFO - Extracted: Amino - 22-May-24
2025-04-14 15:22:56,437 - INFO - Found funding amount: 10000000
2025-04-14 15:22:56,437 - INFO - Successfully extracted 20 new companies from page 33
2025-04-14 15:22:56,437 - INFO - Attempting to navigate from page 33
2025-04-14 15:23:01,564 - INFO - JavaScript verification confirmed page changed
2025-04-14 15:23:02,651 - INFO - Extracting data from page 34
2025-04-14 15:23:03,209 - INFO - Trying standard table extraction
2025-04-14 15:23:03,268 - INFO - Found funding amount column at index 6
2025-04-14 15:23:03,273 - INFO - Found headquarters column at index 7
2025-04-14 15:23:03,283 - INFO - Found 22 potential data rows
2025-04-14 15:23:03,327 - INFO - Extracted: California Walnuts - 22-May-24
2025-04-14 15:23:03,327 - INFO - Found funding amount: 7000000
2025-04-14 15:23:03,358 - INFO - Extracted: Verse - 22-May-24
2025-04-14 15:23:03,358 - INFO - Found funding amount: 20500000
2025-04-14 15:23:03,389 - INFO - Extracted: KETOS - 21-May-24
2025-04-14 15:23:03,390 - INFO - Found funding amount: 10000000
2025-04-14 15:23:03,420 - INFO - Extracted: XGS Energy - 21-May-24
2025-04-14 15:23:03,420 - INFO - Found funding amount: 20000000
2025-04-14 15:23:03,451 - INFO - Extracted: Materna Medical - 21-May-24
2025-04-14 15:23:03,451 - INFO - Found funding amount: 20000000
2025-04-14 15:23:03,493 - INFO - Extracted: Coactive AI - 21-May-24
2025-04-14 15:23:03,493 - INFO - Found funding amount: 30000000
2025-04-14 15:23:03,523 - INFO - Extracted: AltruBio - 21-May-24
2025-04-14 15:23:03,523 - INFO - Found funding amount: 225000000
2025-04-14 15:23:03,553 - INFO - Extracted: Infinx - 21-May-24
2025-04-14 15:23:03,553 - INFO - Found funding amount: 0
2025-04-14 15:23:03,583 - INFO - Extracted: UberCloud - 21-May-24
2025-04-14 15:23:03,583 - INFO - Found funding amount: 20000000
2025-04-14 15:23:03,613 - INFO - Extracted: daydream Labs - 20-May-24
2025-04-14 15:23:03,613 - INFO - Found funding amount: 6217281
2025-04-14 15:23:03,643 - INFO - Extracted: UTOBO - 20-May-24
2025-04-14 15:23:03,643 - INFO - Found funding amount: 0
2025-04-14 15:23:03,673 - INFO - Extracted: Bedrock Materials - 16-May-24
2025-04-14 15:23:03,673 - INFO - Found funding amount: 9000000
2025-04-14 15:23:03,702 - INFO - Extracted: Tree Line Capital Partners - 16-May-24
2025-04-14 15:23:03,702 - INFO - Found funding amount: 0
2025-04-14 15:23:03,732 - INFO - Extracted: Sigma Computing - 16-May-24
2025-04-14 15:23:03,732 - INFO - Found funding amount: 200000000
2025-04-14 15:23:03,762 - INFO - Extracted: Alkira - 15-May-24
2025-04-14 15:23:03,762 - INFO - Found funding amount: 100000000
2025-04-14 15:23:03,794 - INFO - Extracted: MULTI¬∑ON - 15-May-24
2025-04-14 15:23:03,795 - INFO - Found funding amount: 0
2025-04-14 15:23:03,828 - INFO - Extracted: Recall.ai - 15-May-24
2025-04-14 15:23:03,828 - INFO - Found funding amount: 10000000
2025-04-14 15:23:03,857 - INFO - Extracted: WEKA - 15-May-24
2025-04-14 15:23:03,857 - INFO - Found funding amount: 140000000
2025-04-14 15:23:03,887 - INFO - Extracted: AtlasPro AI - 15-May-24
2025-04-14 15:23:03,887 - INFO - Found funding amount: 0
2025-04-14 15:23:03,917 - INFO - Extracted: LanceDB - 15-May-24
2025-04-14 15:23:03,918 - INFO - Found funding amount: 8000000
2025-04-14 15:23:03,918 - INFO - Successfully extracted 20 new companies from page 34
2025-04-14 15:23:03,918 - INFO - Attempting to navigate from page 34
2025-04-14 15:23:10,578 - INFO - JavaScript verification confirmed page changed
2025-04-14 15:23:11,703 - INFO - Extracting data from page 35
2025-04-14 15:23:12,813 - INFO - Trying standard table extraction
2025-04-14 15:23:12,873 - INFO - Found funding amount column at index 6
2025-04-14 15:23:12,878 - INFO - Found headquarters column at index 7
2025-04-14 15:23:12,895 - INFO - Found 22 potential data rows
2025-04-14 15:23:12,961 - INFO - Extracted: Layer Financial Technologies - 15-May-24
2025-04-14 15:23:12,961 - INFO - Found funding amount: 2700000
2025-04-14 15:23:12,997 - INFO - Extracted: Apriora - 15-May-24
2025-04-14 15:23:12,997 - INFO - Found funding amount: 2800000
2025-04-14 15:23:13,028 - INFO - Extracted: Dosu - 14-May-24
2025-04-14 15:23:13,028 - INFO - Found funding amount: 8524997
2025-04-14 15:23:13,059 - INFO - Extracted: Harness - 14-May-24
2025-04-14 15:23:13,059 - INFO - Found funding amount: 150000000
2025-04-14 15:23:13,090 - INFO - Extracted: Gorgias - 14-May-24
2025-04-14 15:23:13,090 - INFO - Found funding amount: 29000000
2025-04-14 15:23:13,120 - INFO - Extracted: Glydways - 14-May-24
2025-04-14 15:23:13,120 - INFO - Found funding amount: 20000000
2025-04-14 15:23:13,150 - INFO - Extracted: Anthropos - 14-May-24
2025-04-14 15:23:13,150 - INFO - Found funding amount: 2700000
2025-04-14 15:23:13,180 - INFO - Extracted: The Fresno Area Hispanic Foundation - 14-May-24
2025-04-14 15:23:13,180 - INFO - Found funding amount: 1000000
2025-04-14 15:23:13,211 - INFO - Extracted: Orange Charger - 14-May-24
2025-04-14 15:23:13,211 - INFO - Found funding amount: 6500000
2025-04-14 15:23:13,242 - INFO - Extracted: Curve Biosciences - 13-May-24
2025-04-14 15:23:13,242 - INFO - Found funding amount: 17691996
2025-04-14 15:23:13,272 - INFO - Extracted: Mitra Chem - 13-May-24
2025-04-14 15:23:13,272 - INFO - Found funding amount: 40000000
2025-04-14 15:23:13,303 - INFO - Extracted: ChainML - 13-May-24
2025-04-14 15:23:13,303 - INFO - Found funding amount: 6200000
2025-04-14 15:23:13,333 - INFO - Extracted: The Bot Company - 13-May-24
2025-04-14 15:23:13,333 - INFO - Found funding amount: 150000000
2025-04-14 15:23:13,363 - INFO - Extracted: Triomics - 9-May-24
2025-04-14 15:23:13,363 - INFO - Found funding amount: 15000000
2025-04-14 15:23:13,394 - INFO - Extracted: Plenty - 9-May-24
2025-04-14 15:23:13,394 - INFO - Found funding amount: 5000000
2025-04-14 15:23:13,424 - INFO - Extracted: Q'Apel Medical - 9-May-24
2025-04-14 15:23:13,424 - INFO - Found funding amount: 17130411
2025-04-14 15:23:13,454 - INFO - Extracted: Bluejay Therapeutics - 9-May-24
2025-04-14 15:23:13,454 - INFO - Found funding amount: 182000000
2025-04-14 15:23:13,483 - INFO - Extracted: Altera - 8-May-24
2025-04-14 15:23:13,484 - INFO - Found funding amount: 9000000
2025-04-14 15:23:13,524 - INFO - Extracted: DatologyAI - 8-May-24
2025-04-14 15:23:13,524 - INFO - Found funding amount: 46000000
2025-04-14 15:23:13,556 - INFO - Extracted: 4L Data Intelligence - 8-May-24
2025-04-14 15:23:13,556 - INFO - Found funding amount: 1000000
2025-04-14 15:23:13,556 - INFO - Successfully extracted 20 new companies from page 35
2025-04-14 15:23:13,556 - INFO - Attempting to navigate from page 35
2025-04-14 15:23:19,091 - INFO - JavaScript verification confirmed page changed
2025-04-14 15:23:19,822 - INFO - Extracting data from page 36
2025-04-14 15:23:20,410 - INFO - Trying standard table extraction
2025-04-14 15:23:20,469 - INFO - Found funding amount column at index 6
2025-04-14 15:23:20,474 - INFO - Found headquarters column at index 7
2025-04-14 15:23:20,483 - INFO - Found 22 potential data rows
2025-04-14 15:23:20,528 - INFO - Extracted: ChangeEngine - 8-May-24
2025-04-14 15:23:20,528 - INFO - Found funding amount: 10000000
2025-04-14 15:23:20,558 - INFO - Extracted: Voyage Foods - 8-May-24
2025-04-14 15:23:20,558 - INFO - Found funding amount: 52000000
2025-04-14 15:23:20,590 - INFO - Extracted: Rad AI - 7-May-24
2025-04-14 15:23:20,590 - INFO - Found funding amount: 50000000
2025-04-14 15:23:20,621 - INFO - Extracted: Trust for Public Land - 7-May-24
2025-04-14 15:23:20,621 - INFO - Found funding amount: 200000
2025-04-14 15:23:20,651 - INFO - Extracted: Saved By Nature - 7-May-24
2025-04-14 15:23:20,651 - INFO - Found funding amount: 40000
2025-04-14 15:23:20,700 - INFO - Extracted: Composabl - 7-May-24
2025-04-14 15:23:20,700 - INFO - Found funding amount: 4250000
2025-04-14 15:23:20,748 - INFO - Extracted: Plan By - 7-May-24
2025-04-14 15:23:20,748 - INFO - Found funding amount: 0
2025-04-14 15:23:20,785 - INFO - Extracted: iFrameAI Health - 7-May-24
2025-04-14 15:23:20,785 - INFO - Found funding amount: 0
2025-04-14 15:23:20,818 - INFO - Extracted: Justice Outside - 7-May-24
2025-04-14 15:23:20,818 - INFO - Found funding amount: 100000
2025-04-14 15:23:20,853 - INFO - Extracted: Anetac - 6-May-24
2025-04-14 15:23:20,853 - INFO - Found funding amount: 16000000
2025-04-14 15:23:20,890 - INFO - Extracted: Sagetap - 6-May-24
2025-04-14 15:23:20,891 - INFO - Found funding amount: 6800000
2025-04-14 15:23:20,924 - INFO - Extracted: Karius - 2-May-24
2025-04-14 15:23:20,924 - INFO - Found funding amount: 100000000
2025-04-14 15:23:20,961 - INFO - Extracted: Altruist - 2-May-24
2025-04-14 15:23:20,961 - INFO - Found funding amount: 169000000
2025-04-14 15:23:20,995 - INFO - Extracted: Paragraph - 2-May-24
2025-04-14 15:23:20,995 - INFO - Found funding amount: 5000000
2025-04-14 15:23:21,029 - INFO - Extracted: Transcarent - 2-May-24
2025-04-14 15:23:21,029 - INFO - Found funding amount: 126000000
2025-04-14 15:23:21,061 - INFO - Extracted: Mimic - 2-May-24
2025-04-14 15:23:21,062 - INFO - Found funding amount: 27000000
2025-04-14 15:23:21,097 - INFO - Extracted: Boys & Girls Club of Silicon Valley - 2-May-24
2025-04-14 15:23:21,097 - INFO - Found funding amount: 100000
2025-04-14 15:23:21,131 - INFO - Extracted: CellChorus - 2-May-24
2025-04-14 15:23:21,131 - INFO - Found funding amount: 2500000
2025-04-14 15:23:21,164 - INFO - Extracted: Ex-human - 2-May-24
2025-04-14 15:23:21,164 - INFO - Found funding amount: 0
2025-04-14 15:23:21,201 - INFO - Extracted: Securitize - 1-May-24
2025-04-14 15:23:21,201 - INFO - Found funding amount: 47000000
2025-04-14 15:23:21,201 - INFO - Successfully extracted 20 new companies from page 36
2025-04-14 15:23:21,201 - INFO - Attempting to navigate from page 36
2025-04-14 15:23:27,183 - INFO - JavaScript verification confirmed page changed
2025-04-14 15:23:28,239 - INFO - Extracting data from page 37
2025-04-14 15:23:28,671 - INFO - Trying standard table extraction
2025-04-14 15:23:28,710 - INFO - Found funding amount column at index 6
2025-04-14 15:23:28,713 - INFO - Found headquarters column at index 7
2025-04-14 15:23:28,722 - INFO - Found 22 potential data rows
2025-04-14 15:23:28,775 - INFO - Extracted: Peregrine Technologies - 1-May-24
2025-04-14 15:23:28,775 - INFO - Found funding amount: 30000000
2025-04-14 15:23:28,807 - INFO - Extracted: Traceable - 1-May-24
2025-04-14 15:23:28,808 - INFO - Found funding amount: 30000000
2025-04-14 15:23:28,842 - INFO - Extracted: Dodgeball - 1-May-24
2025-04-14 15:23:28,842 - INFO - Found funding amount: 0
2025-04-14 15:23:28,881 - INFO - Extracted: Corelight - 30-Apr-24
2025-04-14 15:23:28,881 - INFO - Found funding amount: 150000000
2025-04-14 15:23:28,913 - INFO - Extracted: Ansa - 30-Apr-24
2025-04-14 15:23:28,913 - INFO - Found funding amount: 14000000
2025-04-14 15:23:28,946 - INFO - Extracted: Pakal Technologies - 30-Apr-24
2025-04-14 15:23:28,946 - INFO - Found funding amount: 1666667
2025-04-14 15:23:28,978 - INFO - Extracted: Inhabitr - 30-Apr-24
2025-04-14 15:23:28,978 - INFO - Found funding amount: 27000000
2025-04-14 15:23:29,013 - INFO - Extracted: SafeBase - 30-Apr-24
2025-04-14 15:23:29,013 - INFO - Found funding amount: 33000000
2025-04-14 15:23:29,053 - INFO - Extracted: PsiQuantum - 30-Apr-24
2025-04-14 15:23:29,053 - INFO - Found funding amount: 0
2025-04-14 15:23:29,085 - INFO - Extracted: Surf Bio - 30-Apr-24
2025-04-14 15:23:29,085 - INFO - Found funding amount: 1600000
2025-04-14 15:23:29,121 - INFO - Extracted: Seam AI - 30-Apr-24
2025-04-14 15:23:29,121 - INFO - Found funding amount: 5000000
2025-04-14 15:23:29,155 - INFO - Extracted: Blend - 29-Apr-24
2025-04-14 15:23:29,155 - INFO - Found funding amount: 150000000
2025-04-14 15:23:29,188 - INFO - Extracted: Taiki - 29-Apr-24
2025-04-14 15:23:29,188 - INFO - Found funding amount: 0
2025-04-14 15:23:29,221 - INFO - Extracted: Elisity - 29-Apr-24
2025-04-14 15:23:29,221 - INFO - Found funding amount: 37000000
2025-04-14 15:23:29,254 - INFO - Extracted: Thintronics - 29-Apr-24
2025-04-14 15:23:29,254 - INFO - Found funding amount: 23000000
2025-04-14 15:23:29,286 - INFO - Extracted: RevenueCat - 25-Apr-24
2025-04-14 15:23:29,286 - INFO - Found funding amount: 12000000
2025-04-14 15:23:29,319 - INFO - Extracted: Movement Labs - 25-Apr-24
2025-04-14 15:23:29,319 - INFO - Found funding amount: 38000000
2025-04-14 15:23:29,357 - INFO - Extracted: Centro Community Partners - 25-Apr-24
2025-04-14 15:23:29,357 - INFO - Found funding amount: 325000
2025-04-14 15:23:29,396 - INFO - Extracted: Log10 - 24-Apr-24
2025-04-14 15:23:29,396 - INFO - Found funding amount: 7200000
2025-04-14 15:23:29,440 - INFO - Extracted: Midi Health - 24-Apr-24
2025-04-14 15:23:29,440 - INFO - Found funding amount: 60000000
2025-04-14 15:23:29,440 - INFO - Successfully extracted 20 new companies from page 37
2025-04-14 15:23:29,440 - INFO - Attempting to navigate from page 37
2025-04-14 15:23:35,799 - INFO - JavaScript verification confirmed page changed
2025-04-14 15:23:36,765 - INFO - Extracting data from page 38
2025-04-14 15:23:37,374 - INFO - Trying standard table extraction
2025-04-14 15:23:37,434 - INFO - Found funding amount column at index 6
2025-04-14 15:23:37,439 - INFO - Found headquarters column at index 7
2025-04-14 15:23:37,448 - INFO - Found 22 potential data rows
2025-04-14 15:23:37,504 - INFO - Extracted: Faura - 24-Apr-24
2025-04-14 15:23:37,504 - INFO - Found funding amount: 500000
2025-04-14 15:23:37,536 - INFO - Extracted: Augment - 24-Apr-24
2025-04-14 15:23:37,536 - INFO - Found funding amount: 227000000
2025-04-14 15:23:37,568 - INFO - Extracted: Anon - 24-Apr-24
2025-04-14 15:23:37,568 - INFO - Found funding amount: 4500000
2025-04-14 15:23:37,598 - INFO - Extracted: Cognition - 24-Apr-24
2025-04-14 15:23:37,598 - INFO - Found funding amount: 175000000
2025-04-14 15:23:37,630 - INFO - Extracted: Amplifier Security - 24-Apr-24
2025-04-14 15:23:37,630 - INFO - Found funding amount: 3300000
2025-04-14 15:23:37,660 - INFO - Extracted: Clueso - 24-Apr-24
2025-04-14 15:23:37,660 - INFO - Found funding amount: 1400000
2025-04-14 15:23:37,692 - INFO - Extracted: Xaira Therapeutics - 23-Apr-24
2025-04-14 15:23:37,692 - INFO - Found funding amount: 1000000000
2025-04-14 15:23:37,723 - INFO - Extracted: Framework - 23-Apr-24
2025-04-14 15:23:37,723 - INFO - Found funding amount: 17000000
2025-04-14 15:23:37,754 - INFO - Extracted: Campus - 23-Apr-24
2025-04-14 15:23:37,754 - INFO - Found funding amount: 23000000
2025-04-14 15:23:37,785 - INFO - Extracted: Prophet Security - 23-Apr-24
2025-04-14 15:23:37,785 - INFO - Found funding amount: 11000000
2025-04-14 15:23:37,816 - INFO - Extracted: Clarity Pediatrics - 22-Apr-24
2025-04-14 15:23:37,816 - INFO - Found funding amount: 10000000
2025-04-14 15:23:37,846 - INFO - Extracted: Pomelo - 22-Apr-24
2025-04-14 15:23:37,846 - INFO - Found funding amount: 75000000
2025-04-14 15:23:37,876 - INFO - Extracted: Superinsight - 22-Apr-24
2025-04-14 15:23:37,877 - INFO - Found funding amount: 200000
2025-04-14 15:23:37,906 - INFO - Extracted: Observe - 22-Apr-24
2025-04-14 15:23:37,907 - INFO - Found funding amount: 124999987
2025-04-14 15:23:37,939 - INFO - Extracted: Rubedo Life Sciences - 22-Apr-24
2025-04-14 15:23:37,939 - INFO - Found funding amount: 40000000
2025-04-14 15:23:37,970 - INFO - Extracted: BuildCasa - 19-Apr-24
2025-04-14 15:23:37,970 - INFO - Found funding amount: 6592979
2025-04-14 15:23:38,000 - INFO - Extracted: XFactor - 18-Apr-24
2025-04-14 15:23:38,000 - INFO - Found funding amount: 16000000
2025-04-14 15:23:38,031 - INFO - Extracted: Clazar - 18-Apr-24
2025-04-14 15:23:38,031 - INFO - Found funding amount: 10000000
2025-04-14 15:23:38,061 - INFO - Extracted: Verne - 18-Apr-24
2025-04-14 15:23:38,061 - INFO - Found funding amount: 450000
2025-04-14 15:23:38,107 - INFO - Extracted: Anvilogic - 17-Apr-24
2025-04-14 15:23:38,107 - INFO - Found funding amount: 45000000
2025-04-14 15:23:38,107 - INFO - Successfully extracted 20 new companies from page 38
2025-04-14 15:23:38,107 - INFO - Attempting to navigate from page 38
2025-04-14 15:23:43,769 - INFO - JavaScript verification confirmed page changed
2025-04-14 15:23:44,178 - INFO - Extracting data from page 39
2025-04-14 15:23:44,799 - INFO - Trying standard table extraction
2025-04-14 15:23:44,845 - INFO - Found funding amount column at index 6
2025-04-14 15:23:44,850 - INFO - Found headquarters column at index 7
2025-04-14 15:23:44,858 - INFO - Found 22 potential data rows
2025-04-14 15:23:44,903 - INFO - Extracted: Vorlon - 17-Apr-24
2025-04-14 15:23:44,903 - INFO - Found funding amount: 15700000
2025-04-14 15:23:44,934 - INFO - Extracted: Quilt - 16-Apr-24
2025-04-14 15:23:44,934 - INFO - Found funding amount: 33000000
2025-04-14 15:23:44,964 - INFO - Extracted: Powerbroker AI - 16-Apr-24
2025-04-14 15:23:44,964 - INFO - Found funding amount: 1500000
2025-04-14 15:23:44,994 - INFO - Extracted: Asher Bio - 16-Apr-24
2025-04-14 15:23:44,994 - INFO - Found funding amount: 55000000
2025-04-14 15:23:45,024 - INFO - Extracted: Rivos - 16-Apr-24
2025-04-14 15:23:45,024 - INFO - Found funding amount: 250000000
2025-04-14 15:23:45,055 - INFO - Extracted: Two Chairs - 16-Apr-24
2025-04-14 15:23:45,055 - INFO - Found funding amount: 72000000
2025-04-14 15:23:45,084 - INFO - Extracted: Ripcord - 16-Apr-24
2025-04-14 15:23:45,084 - INFO - Found funding amount: 32000000
2025-04-14 15:23:45,114 - INFO - Extracted: Loft Labs - 16-Apr-24
2025-04-14 15:23:45,114 - INFO - Found funding amount: 24000000
2025-04-14 15:23:45,144 - INFO - Extracted: Common Sense Privacy - 15-Apr-24
2025-04-14 15:23:45,144 - INFO - Found funding amount: 0
2025-04-14 15:23:45,175 - INFO - Extracted: Paraform - 15-Apr-24
2025-04-14 15:23:45,175 - INFO - Found funding amount: 3600000
2025-04-14 15:23:45,205 - INFO - Extracted: Clientell - 15-Apr-24
2025-04-14 15:23:45,205 - INFO - Found funding amount: 2500000
2025-04-14 15:23:45,235 - INFO - Extracted: Integral Health - 15-Apr-24
2025-04-14 15:23:45,235 - INFO - Found funding amount: 0
2025-04-14 15:23:45,265 - INFO - Extracted: Writ - 11-Apr-24
2025-04-14 15:23:45,265 - INFO - Found funding amount: 3800000
2025-04-14 15:23:45,295 - INFO - Extracted: Simbian - 11-Apr-24
2025-04-14 15:23:45,295 - INFO - Found funding amount: 10000000
2025-04-14 15:23:45,325 - INFO - Extracted: Anrok - 11-Apr-24
2025-04-14 15:23:45,325 - INFO - Found funding amount: 30000000
2025-04-14 15:23:45,354 - INFO - Extracted: Symbolica AI - 9-Apr-24
2025-04-14 15:23:45,355 - INFO - Found funding amount: 33000000
2025-04-14 15:23:45,385 - INFO - Extracted: JARS AI - 8-Apr-24
2025-04-14 15:23:45,385 - INFO - Found funding amount: 3000000
2025-04-14 15:23:45,415 - INFO - Extracted: Windfall Bio - 8-Apr-24
2025-04-14 15:23:45,415 - INFO - Found funding amount: 28000000
2025-04-14 15:23:45,444 - INFO - Extracted: MODE - 8-Apr-24
2025-04-14 15:23:45,444 - INFO - Found funding amount: 8750000
2025-04-14 15:23:45,480 - INFO - Extracted: Varda - 5-Apr-24
2025-04-14 15:23:45,480 - INFO - Found funding amount: 90000000
2025-04-14 15:23:45,480 - INFO - Successfully extracted 20 new companies from page 39
2025-04-14 15:23:45,480 - INFO - Attempting to navigate from page 39
2025-04-14 15:23:51,468 - INFO - JavaScript verification confirmed page changed
2025-04-14 15:23:52,347 - INFO - Extracting data from page 40
2025-04-14 15:23:53,379 - INFO - Trying standard table extraction
2025-04-14 15:23:53,415 - INFO - Found funding amount column at index 6
2025-04-14 15:23:53,418 - INFO - Found headquarters column at index 7
2025-04-14 15:23:53,425 - INFO - Found 22 potential data rows
2025-04-14 15:23:53,478 - INFO - Extracted: Enable Biosciences - 4-Apr-24
2025-04-14 15:23:53,479 - INFO - Found funding amount: 0
2025-04-14 15:23:53,510 - INFO - Extracted: SiMa.ai - 4-Apr-24
2025-04-14 15:23:53,511 - INFO - Found funding amount: 70000000
2025-04-14 15:23:53,551 - INFO - Extracted: Lambda - 4-Apr-24
2025-04-14 15:23:53,551 - INFO - Found funding amount: 500000000
2025-04-14 15:23:53,592 - INFO - Extracted: YonedaLabs - 4-Apr-24
2025-04-14 15:23:53,593 - INFO - Found funding amount: 500000
2025-04-14 15:23:53,630 - INFO - Extracted: Coalesce Automation - 4-Apr-24
2025-04-14 15:23:53,630 - INFO - Found funding amount: 50000000
2025-04-14 15:23:53,660 - INFO - Extracted: Scritch - 3-Apr-24
2025-04-14 15:23:53,660 - INFO - Found funding amount: 500000
2025-04-14 15:23:53,692 - INFO - Extracted: nCompass Technologies - 3-Apr-24
2025-04-14 15:23:53,692 - INFO - Found funding amount: 500000
2025-04-14 15:23:53,722 - INFO - Extracted: Trieve - 3-Apr-24
2025-04-14 15:23:53,722 - INFO - Found funding amount: 500000
2025-04-14 15:23:53,759 - INFO - Extracted: DryMerge - 3-Apr-24
2025-04-14 15:23:53,759 - INFO - Found funding amount: 500000
2025-04-14 15:23:53,792 - INFO - Extracted: Permiso Security - 3-Apr-24
2025-04-14 15:23:53,792 - INFO - Found funding amount: 18500000
2025-04-14 15:23:53,821 - INFO - Extracted: Mango Health - 3-Apr-24
2025-04-14 15:23:53,821 - INFO - Found funding amount: 500000
2025-04-14 15:23:53,852 - INFO - Extracted: ion design - 3-Apr-24
2025-04-14 15:23:53,852 - INFO - Found funding amount: 500000
2025-04-14 15:23:53,882 - INFO - Extracted: Numo - 3-Apr-24
2025-04-14 15:23:53,882 - INFO - Found funding amount: 500000
2025-04-14 15:23:53,918 - INFO - Extracted: Celest - 3-Apr-24
2025-04-14 15:23:53,918 - INFO - Found funding amount: 500000
2025-04-14 15:23:53,951 - INFO - Extracted: Higgsfield - 3-Apr-24
2025-04-14 15:23:53,951 - INFO - Found funding amount: 8000000
2025-04-14 15:23:53,980 - INFO - Extracted: OpenFoundry - 3-Apr-24
2025-04-14 15:23:53,980 - INFO - Found funding amount: 500000
2025-04-14 15:23:54,023 - INFO - Extracted: Arch0 - 3-Apr-24
2025-04-14 15:23:54,023 - INFO - Found funding amount: 1250000
2025-04-14 15:23:54,053 - INFO - Extracted: Trellis - 3-Apr-24
2025-04-14 15:23:54,053 - INFO - Found funding amount: 500000
2025-04-14 15:23:54,083 - INFO - Extracted: PointOne Technologies - 3-Apr-24
2025-04-14 15:23:54,083 - INFO - Found funding amount: 500000
2025-04-14 15:23:54,120 - INFO - Extracted: Attunement - 3-Apr-24
2025-04-14 15:23:54,120 - INFO - Found funding amount: 500000
2025-04-14 15:23:54,120 - INFO - Successfully extracted 20 new companies from page 40
2025-04-14 15:23:54,120 - INFO - Attempting to navigate from page 40
2025-04-14 15:23:59,690 - INFO - JavaScript verification confirmed page changed
2025-04-14 15:24:00,456 - INFO - Extracting data from page 41
2025-04-14 15:24:00,889 - INFO - Trying standard table extraction
2025-04-14 15:24:00,985 - INFO - Found funding amount column at index 6
2025-04-14 15:24:01,012 - INFO - Found headquarters column at index 7
2025-04-14 15:24:01,069 - INFO - Found 22 potential data rows
2025-04-14 15:24:01,281 - INFO - Extracted: ego - 3-Apr-24
2025-04-14 15:24:01,282 - INFO - Found funding amount: 500000
2025-04-14 15:24:01,377 - INFO - Extracted: Retell AI - 3-Apr-24
2025-04-14 15:24:01,377 - INFO - Found funding amount: 4125000
2025-04-14 15:24:01,458 - INFO - Extracted: Paradigm - 3-Apr-24
2025-04-14 15:24:01,458 - INFO - Found funding amount: 500000
2025-04-14 15:24:01,504 - INFO - Extracted: SiftHub - 3-Apr-24
2025-04-14 15:24:01,504 - INFO - Found funding amount: 5500000
2025-04-14 15:24:01,550 - INFO - Extracted: Atopile - 3-Apr-24
2025-04-14 15:24:01,551 - INFO - Found funding amount: 500000
2025-04-14 15:24:01,719 - INFO - Extracted: Hemingway - 3-Apr-24
2025-04-14 15:24:01,719 - INFO - Found funding amount: 500000
2025-04-14 15:24:02,051 - INFO - Extracted: MAIHEM - 3-Apr-24
2025-04-14 15:24:02,052 - INFO - Found funding amount: 500000
2025-04-14 15:24:02,366 - INFO - Extracted: Airfront - 3-Apr-24
2025-04-14 15:24:02,379 - INFO - Found funding amount: 500000
2025-04-14 15:24:02,592 - INFO - Extracted: Maia - 3-Apr-24
2025-04-14 15:24:02,592 - INFO - Found funding amount: 500000
2025-04-14 15:24:02,672 - INFO - Extracted: Nuanced - 3-Apr-24
2025-04-14 15:24:02,673 - INFO - Found funding amount: 500000
2025-04-14 15:24:02,716 - INFO - Extracted: Lantern - 3-Apr-24
2025-04-14 15:24:02,716 - INFO - Found funding amount: 500000
2025-04-14 15:24:02,752 - INFO - Extracted: Patchwork - 3-Apr-24
2025-04-14 15:24:02,753 - INFO - Found funding amount: 500000
2025-04-14 15:24:02,785 - INFO - Extracted: Roe AI - 3-Apr-24
2025-04-14 15:24:02,785 - INFO - Found funding amount: 500000
2025-04-14 15:24:02,814 - INFO - Extracted: Creo - 3-Apr-24
2025-04-14 15:24:02,815 - INFO - Found funding amount: 500000
2025-04-14 15:24:02,844 - INFO - Extracted: Precip - 3-Apr-24
2025-04-14 15:24:02,844 - INFO - Found funding amount: 500000
2025-04-14 15:24:02,901 - INFO - Extracted: CloudCruise - 3-Apr-24
2025-04-14 15:24:02,901 - INFO - Found funding amount: 500000
2025-04-14 15:24:02,933 - INFO - Extracted: Intercept - 3-Apr-24
2025-04-14 15:24:02,933 - INFO - Found funding amount: 500000
2025-04-14 15:24:02,962 - INFO - Extracted: Duckie - 3-Apr-24
2025-04-14 15:24:02,962 - INFO - Found funding amount: 500000
2025-04-14 15:24:02,990 - INFO - Extracted: Swift - 3-Apr-24
2025-04-14 15:24:02,991 - INFO - Found funding amount: 500000
2025-04-14 15:24:03,019 - INFO - Extracted: Resonance - 3-Apr-24
2025-04-14 15:24:03,019 - INFO - Found funding amount: 500000
2025-04-14 15:24:03,019 - INFO - Successfully extracted 20 new companies from page 41
2025-04-14 15:24:03,019 - INFO - Attempting to navigate from page 41
2025-04-14 15:24:09,538 - INFO - JavaScript verification confirmed page changed
2025-04-14 15:24:09,911 - INFO - Extracting data from page 42
2025-04-14 15:24:11,127 - INFO - Trying standard table extraction
2025-04-14 15:24:11,166 - INFO - Found funding amount column at index 6
2025-04-14 15:24:11,170 - INFO - Found headquarters column at index 7
2025-04-14 15:24:11,179 - INFO - Found 22 potential data rows
2025-04-14 15:24:11,228 - INFO - Extracted: Yondu - 3-Apr-24
2025-04-14 15:24:11,228 - INFO - Found funding amount: 500000
2025-04-14 15:24:11,262 - INFO - Extracted: Ecliptor - 3-Apr-24
2025-04-14 15:24:11,262 - INFO - Found funding amount: 500000
2025-04-14 15:24:11,293 - INFO - Extracted: Assembly - 3-Apr-24
2025-04-14 15:24:11,293 - INFO - Found funding amount: 500000
2025-04-14 15:24:11,325 - INFO - Extracted: Parasale - 3-Apr-24
2025-04-14 15:24:11,325 - INFO - Found funding amount: 500000
2025-04-14 15:24:11,358 - INFO - Extracted: PartnerHQ - 3-Apr-24
2025-04-14 15:24:11,358 - INFO - Found funding amount: 500000
2025-04-14 15:24:11,388 - INFO - Extracted: Kabilah - 3-Apr-24
2025-04-14 15:24:11,388 - INFO - Found funding amount: 500000
2025-04-14 15:24:11,419 - INFO - Extracted: Relari - 3-Apr-24
2025-04-14 15:24:11,419 - INFO - Found funding amount: 500000
2025-04-14 15:24:11,448 - INFO - Extracted: Momentic - 3-Apr-24
2025-04-14 15:24:11,449 - INFO - Found funding amount: 500000
2025-04-14 15:24:11,477 - INFO - Extracted: Glimmer - 3-Apr-24
2025-04-14 15:24:11,477 - INFO - Found funding amount: 500000
2025-04-14 15:24:11,507 - INFO - Extracted: Homebase - 3-Apr-24
2025-04-14 15:24:11,507 - INFO - Found funding amount: 60000000
2025-04-14 15:24:11,552 - INFO - Extracted: Centralize - 3-Apr-24
2025-04-14 15:24:11,552 - INFO - Found funding amount: 500000
2025-04-14 15:24:11,580 - INFO - Extracted: Aidy - 3-Apr-24
2025-04-14 15:24:11,580 - INFO - Found funding amount: 500000
2025-04-14 15:24:11,614 - INFO - Extracted: Buster - 3-Apr-24
2025-04-14 15:24:11,614 - INFO - Found funding amount: 500000
2025-04-14 15:24:11,644 - INFO - Extracted: Meticulate - 3-Apr-24
2025-04-14 15:24:11,644 - INFO - Found funding amount: 500000
2025-04-14 15:24:11,672 - INFO - Extracted: RadMate AI - 3-Apr-24
2025-04-14 15:24:11,672 - INFO - Found funding amount: 500000
2025-04-14 15:24:11,700 - INFO - Extracted: Quantic - 3-Apr-24
2025-04-14 15:24:11,700 - INFO - Found funding amount: 500000
2025-04-14 15:24:11,736 - INFO - Extracted: Okapi - 3-Apr-24
2025-04-14 15:24:11,736 - INFO - Found funding amount: 500000
2025-04-14 15:24:11,784 - INFO - Extracted: Aether Energy - 3-Apr-24
2025-04-14 15:24:11,784 - INFO - Found funding amount: 500000
2025-04-14 15:24:11,818 - INFO - Extracted: Decipher AI - 3-Apr-24
2025-04-14 15:24:11,818 - INFO - Found funding amount: 500000
2025-04-14 15:24:11,937 - INFO - Extracted: Modal.io - 2-Apr-24
2025-04-14 15:24:11,937 - INFO - Found funding amount: 25000000
2025-04-14 15:24:11,938 - INFO - Successfully extracted 20 new companies from page 42
2025-04-14 15:24:11,938 - INFO - Attempting to navigate from page 42
2025-04-14 15:24:18,281 - INFO - JavaScript verification confirmed page changed
2025-04-14 15:24:19,391 - INFO - Extracting data from page 43
2025-04-14 15:24:20,425 - INFO - Trying standard table extraction
2025-04-14 15:24:20,470 - INFO - Found funding amount column at index 6
2025-04-14 15:24:20,476 - INFO - Found headquarters column at index 7
2025-04-14 15:24:20,486 - INFO - Found 22 potential data rows
2025-04-14 15:24:20,536 - INFO - Extracted: BurnBot - 2-Apr-24
2025-04-14 15:24:20,536 - INFO - Found funding amount: 20000000
2025-04-14 15:24:20,572 - INFO - Extracted: HelicitySpace - 2-Apr-24
2025-04-14 15:24:20,572 - INFO - Found funding amount: 5000000
2025-04-14 15:24:20,606 - INFO - Extracted: SESO - 2-Apr-24
2025-04-14 15:24:20,606 - INFO - Found funding amount: 26000000
2025-04-14 15:24:20,639 - INFO - Extracted: Lumana - 2-Apr-24
2025-04-14 15:24:20,639 - INFO - Found funding amount: 24000000
2025-04-14 15:24:20,673 - INFO - Extracted: Delivery Collective - 2-Apr-24
2025-04-14 15:24:20,673 - INFO - Found funding amount: 3800000
2025-04-14 15:24:20,725 - INFO - Extracted: Meedan - 2-Apr-24
2025-04-14 15:24:20,725 - INFO - Found funding amount: 2000000
2025-04-14 15:24:20,756 - INFO - Extracted: NobleAI - 2-Apr-24
2025-04-14 15:24:20,756 - INFO - Found funding amount: 10000000
2025-04-14 15:24:20,788 - INFO - Extracted: Allermi - 1-Apr-24
2025-04-14 15:24:20,788 - INFO - Found funding amount: 3500000
2025-04-14 15:24:20,823 - INFO - Extracted: BioConsortia - 1-Apr-24
2025-04-14 15:24:20,823 - INFO - Found funding amount: 15000000
2025-04-14 15:24:20,856 - INFO - Extracted: Skyflow - 28-Mar-24
2025-04-14 15:24:20,857 - INFO - Found funding amount: 30000000
2025-04-14 15:24:20,888 - INFO - Extracted: Vizcom - 28-Mar-24
2025-04-14 15:24:20,888 - INFO - Found funding amount: 20000000
2025-04-14 15:24:20,920 - INFO - Extracted: Float Health - 28-Mar-24
2025-04-14 15:24:20,920 - INFO - Found funding amount: 10000000
2025-04-14 15:24:20,956 - INFO - Extracted: Spintly - 28-Mar-24
2025-04-14 15:24:20,956 - INFO - Found funding amount: 500000
2025-04-14 15:24:20,988 - INFO - Extracted: Aeovian Pharmaceuticals - 28-Mar-24
2025-04-14 15:24:20,988 - INFO - Found funding amount: 50000000
2025-04-14 15:24:21,020 - INFO - Extracted: ValidMind - 27-Mar-24
2025-04-14 15:24:21,020 - INFO - Found funding amount: 8100000
2025-04-14 15:24:21,052 - INFO - Extracted: Ensis - 27-Mar-24
2025-04-14 15:24:21,052 - INFO - Found funding amount: 4000000
2025-04-14 15:24:21,097 - INFO - Extracted: YourChoice Therapeutics - 27-Mar-24
2025-04-14 15:24:21,097 - INFO - Found funding amount: 500000
2025-04-14 15:24:21,131 - INFO - Extracted: TurbineOne - 27-Mar-24
2025-04-14 15:24:21,133 - INFO - Found funding amount: 15000000
2025-04-14 15:24:21,162 - INFO - Extracted: JobPixel - 27-Mar-24
2025-04-14 15:24:21,162 - INFO - Found funding amount: 4700000
2025-04-14 15:24:21,193 - INFO - Extracted: OneNotary - 26-Mar-24
2025-04-14 15:24:21,193 - INFO - Found funding amount: 5000000
2025-04-14 15:24:21,193 - INFO - Successfully extracted 20 new companies from page 43
2025-04-14 15:24:21,193 - INFO - Attempting to navigate from page 43
2025-04-14 15:24:26,867 - INFO - JavaScript verification confirmed page changed
2025-04-14 15:24:28,000 - INFO - Extracting data from page 44
2025-04-14 15:24:28,448 - INFO - Trying standard table extraction
2025-04-14 15:24:28,516 - INFO - Found funding amount column at index 6
2025-04-14 15:24:28,522 - INFO - Found headquarters column at index 7
2025-04-14 15:24:28,532 - INFO - Found 22 potential data rows
2025-04-14 15:24:28,577 - INFO - Extracted: Fieldguide - 26-Mar-24
2025-04-14 15:24:28,577 - INFO - Found funding amount: 30000000
2025-04-14 15:24:28,608 - INFO - Extracted: Brightside Health - 26-Mar-24
2025-04-14 15:24:28,608 - INFO - Found funding amount: 33000000
2025-04-14 15:24:28,639 - INFO - Extracted: Picogrid - 26-Mar-24
2025-04-14 15:24:28,639 - INFO - Found funding amount: 12319995
2025-04-14 15:24:28,673 - INFO - Extracted: OpenPipe - 26-Mar-24
2025-04-14 15:24:28,673 - INFO - Found funding amount: 6700000
2025-04-14 15:24:28,705 - INFO - Extracted: ionobell - 26-Mar-24
2025-04-14 15:24:28,705 - INFO - Found funding amount: 3900000
2025-04-14 15:24:28,735 - INFO - Extracted: Activeloop - 26-Mar-24
2025-04-14 15:24:28,735 - INFO - Found funding amount: 11000000
2025-04-14 15:24:28,765 - INFO - Extracted: Bedrock Security - 26-Mar-24
2025-04-14 15:24:28,765 - INFO - Found funding amount: 10000000
2025-04-14 15:24:28,799 - INFO - Extracted: Charlee.ai - 25-Mar-24
2025-04-14 15:24:28,799 - INFO - Found funding amount: 0
2025-04-14 15:24:28,834 - INFO - Extracted: Propel - 25-Mar-24
2025-04-14 15:24:28,834 - INFO - Found funding amount: 1050000
2025-04-14 15:24:28,866 - INFO - Extracted: Circular.co - 25-Mar-24
2025-04-14 15:24:28,866 - INFO - Found funding amount: 5300000
2025-04-14 15:24:28,895 - INFO - Extracted: Profluent Bio - 21-Mar-24
2025-04-14 15:24:28,895 - INFO - Found funding amount: 35000000
2025-04-14 15:24:28,924 - INFO - Extracted: Espresso Systems - 21-Mar-24
2025-04-14 15:24:28,924 - INFO - Found funding amount: 28000000
2025-04-14 15:24:28,953 - INFO - Extracted: Ediphi - 21-Mar-24
2025-04-14 15:24:28,953 - INFO - Found funding amount: 12000000
2025-04-14 15:24:29,004 - INFO - Extracted: Foundry - 21-Mar-24
2025-04-14 15:24:29,004 - INFO - Found funding amount: 80000000
2025-04-14 15:24:29,036 - INFO - Extracted: Tarsal - 21-Mar-24
2025-04-14 15:24:29,036 - INFO - Found funding amount: 6000000
2025-04-14 15:24:29,068 - INFO - Extracted: Buzz Solutions - 20-Mar-24
2025-04-14 15:24:29,068 - INFO - Found funding amount: 5000000
2025-04-14 15:24:29,104 - INFO - Extracted: Airmyne - 20-Mar-24
2025-04-14 15:24:29,104 - INFO - Found funding amount: 6900000
2025-04-14 15:24:29,136 - INFO - Extracted: Mermaid Chart - 20-Mar-24
2025-04-14 15:24:29,136 - INFO - Found funding amount: 7575000
2025-04-14 15:24:29,166 - INFO - Extracted: Euno - 19-Mar-24
2025-04-14 15:24:29,167 - INFO - Found funding amount: 6250000
2025-04-14 15:24:29,196 - INFO - Extracted: RapidFire AI - 19-Mar-24
2025-04-14 15:24:29,197 - INFO - Found funding amount: 4034999
2025-04-14 15:24:29,197 - INFO - Successfully extracted 20 new companies from page 44
2025-04-14 15:24:29,197 - INFO - Attempting to navigate from page 44
2025-04-14 15:24:34,648 - INFO - JavaScript verification confirmed page changed
2025-04-14 15:24:35,261 - INFO - Extracting data from page 45
2025-04-14 15:24:36,319 - INFO - Trying standard table extraction
2025-04-14 15:24:36,377 - INFO - Found funding amount column at index 6
2025-04-14 15:24:36,382 - INFO - Found headquarters column at index 7
2025-04-14 15:24:36,391 - INFO - Found 22 potential data rows
2025-04-14 15:24:36,438 - INFO - Extracted: EKA Solutions - 19-Mar-24
2025-04-14 15:24:36,438 - INFO - Found funding amount: 150000
2025-04-14 15:24:36,470 - INFO - Extracted: Lumino - 19-Mar-24
2025-04-14 15:24:36,470 - INFO - Found funding amount: 2800000
2025-04-14 15:24:36,502 - INFO - Extracted: Chambr - 18-Mar-24
2025-04-14 15:24:36,502 - INFO - Found funding amount: 20000
2025-04-14 15:24:36,538 - INFO - Extracted: Carbonated - 15-Mar-24
2025-04-14 15:24:36,538 - INFO - Found funding amount: 11000000
2025-04-14 15:24:36,568 - INFO - Extracted: Unstructured Technologies - 14-Mar-24
2025-04-14 15:24:36,568 - INFO - Found funding amount: 40000000
2025-04-14 15:24:36,597 - INFO - Extracted: Omni - 14-Mar-24
2025-04-14 15:24:36,597 - INFO - Found funding amount: 20000000
2025-04-14 15:24:36,627 - INFO - Extracted: inDrive - 14-Mar-24
2025-04-14 15:24:36,627 - INFO - Found funding amount: 150000000
2025-04-14 15:24:36,657 - INFO - Extracted: Lily AI - 14-Mar-24
2025-04-14 15:24:36,657 - INFO - Found funding amount: 20000000
2025-04-14 15:24:36,687 - INFO - Extracted: Horizon Treatment Services - 14-Mar-24
2025-04-14 15:24:36,687 - INFO - Found funding amount: 1000000
2025-04-14 15:24:36,732 - INFO - Extracted: Vertosa - 14-Mar-24
2025-04-14 15:24:36,732 - INFO - Found funding amount: 0
2025-04-14 15:24:36,761 - INFO - Extracted: Clique - 14-Mar-24
2025-04-14 15:24:36,761 - INFO - Found funding amount: 8000000
2025-04-14 15:24:36,789 - INFO - Extracted: Sierra Gold Nurseries - 14-Mar-24
2025-04-14 15:24:36,789 - INFO - Found funding amount: 0
2025-04-14 15:24:36,819 - INFO - Extracted: Orbillion Bio - 14-Mar-24
2025-04-14 15:24:36,819 - INFO - Found funding amount: 0
2025-04-14 15:24:36,849 - INFO - Extracted: Redcoat AI - 14-Mar-24
2025-04-14 15:24:36,849 - INFO - Found funding amount: 4240000
2025-04-14 15:24:36,879 - INFO - Extracted: Assort Health - 14-Mar-24
2025-04-14 15:24:36,879 - INFO - Found funding amount: 3500000
2025-04-14 15:24:36,908 - INFO - Extracted: Deep Origin - 13-Mar-24
2025-04-14 15:24:36,908 - INFO - Found funding amount: 25500000
2025-04-14 15:24:36,939 - INFO - Extracted: LiveKit - 13-Mar-24
2025-04-14 15:24:36,939 - INFO - Found funding amount: 19742076
2025-04-14 15:24:36,969 - INFO - Extracted: Voxeleron - 13-Mar-24
2025-04-14 15:24:36,969 - INFO - Found funding amount: 0
2025-04-14 15:24:36,998 - INFO - Extracted: Nozomi Networks - 13-Mar-24
2025-04-14 15:24:36,998 - INFO - Found funding amount: 100000000
2025-04-14 15:24:37,027 - INFO - Extracted: Fermat Commerce - 13-Mar-24
2025-04-14 15:24:37,028 - INFO - Found funding amount: 17000000
2025-04-14 15:24:37,028 - INFO - Successfully extracted 20 new companies from page 45
2025-04-14 15:24:37,028 - INFO - Attempting to navigate from page 45
2025-04-14 15:24:42,570 - INFO - JavaScript verification confirmed page changed
2025-04-14 15:24:43,703 - INFO - Extracting data from page 46
2025-04-14 15:24:44,754 - INFO - Trying standard table extraction
2025-04-14 15:24:44,814 - INFO - Found funding amount column at index 6
2025-04-14 15:24:44,819 - INFO - Found headquarters column at index 7
2025-04-14 15:24:44,829 - INFO - Found 22 potential data rows
2025-04-14 15:24:44,874 - INFO - Extracted: Astronuts - 13-Mar-24
2025-04-14 15:24:44,874 - INFO - Found funding amount: 0
2025-04-14 15:24:44,905 - INFO - Extracted: eDNA Explorer - 13-Mar-24
2025-04-14 15:24:44,905 - INFO - Found funding amount: 500000
2025-04-14 15:24:44,936 - INFO - Extracted: Big Sur AI - 13-Mar-24
2025-04-14 15:24:44,936 - INFO - Found funding amount: 6900000
2025-04-14 15:24:44,993 - INFO - Extracted: HalseyPoint Asset Management - 13-Mar-24
2025-04-14 15:24:44,993 - INFO - Found funding amount: 0
2025-04-14 15:24:45,025 - INFO - Extracted: Luminary Cloud - 13-Mar-24
2025-04-14 15:24:45,025 - INFO - Found funding amount: 115000000
2025-04-14 15:24:45,056 - INFO - Extracted: Furno - 13-Mar-24
2025-04-14 15:24:45,056 - INFO - Found funding amount: 6500000
2025-04-14 15:24:45,087 - INFO - Extracted: Smartschool - 13-Mar-24
2025-04-14 15:24:45,087 - INFO - Found funding amount: 1500000
2025-04-14 15:24:45,117 - INFO - Extracted: NanoNets - 12-Mar-24
2025-04-14 15:24:45,117 - INFO - Found funding amount: 29000000
2025-04-14 15:24:45,146 - INFO - Extracted: Amara Organic Foods - 12-Mar-24
2025-04-14 15:24:45,146 - INFO - Found funding amount: 20000000
2025-04-14 15:24:45,175 - INFO - Extracted: Vouch - 11-Mar-24
2025-04-14 15:24:45,175 - INFO - Found funding amount: 25000000
2025-04-14 15:24:45,205 - INFO - Extracted: Forest Neurotech - 11-Mar-24
2025-04-14 15:24:45,205 - INFO - Found funding amount: 14000000
2025-04-14 15:24:45,236 - INFO - Extracted: Applied Intuition - 11-Mar-24
2025-04-14 15:24:45,236 - INFO - Found funding amount: 250000000
2025-04-14 15:24:45,266 - INFO - Extracted: Bear Robotics - 11-Mar-24
2025-04-14 15:24:45,266 - INFO - Found funding amount: 60000000
2025-04-14 15:24:45,322 - INFO - Extracted: Key - 11-Mar-24
2025-04-14 15:24:45,323 - INFO - Found funding amount: 4300000
2025-04-14 15:24:45,361 - INFO - Extracted: Eigen Therapeutics - 11-Mar-24
2025-04-14 15:24:45,361 - INFO - Found funding amount: 0
2025-04-14 15:24:45,410 - INFO - Extracted: RealSeq Biosciences - 11-Mar-24
2025-04-14 15:24:45,410 - INFO - Found funding amount: 1500000
2025-04-14 15:24:45,482 - INFO - Extracted: Eclipse - 11-Mar-24
2025-04-14 15:24:45,482 - INFO - Found funding amount: 50000000
2025-04-14 15:24:45,532 - INFO - Extracted: Foundation Health - 11-Mar-24
2025-04-14 15:24:45,532 - INFO - Found funding amount: 6000000
2025-04-14 15:24:45,569 - INFO - Extracted: Huski.ai - 8-Mar-24
2025-04-14 15:24:45,569 - INFO - Found funding amount: 4250010
2025-04-14 15:24:45,605 - INFO - Extracted: Ondas Networks - 8-Mar-24
2025-04-14 15:24:45,605 - INFO - Found funding amount: 4500000
2025-04-14 15:24:45,605 - INFO - Successfully extracted 20 new companies from page 46
2025-04-14 15:24:45,605 - INFO - Attempting to navigate from page 46
2025-04-14 15:24:50,826 - INFO - JavaScript verification confirmed page changed
2025-04-14 15:24:51,569 - INFO - Extracting data from page 47
2025-04-14 15:24:52,801 - INFO - Trying standard table extraction
2025-04-14 15:24:52,925 - INFO - Found funding amount column at index 6
2025-04-14 15:24:52,932 - INFO - Found headquarters column at index 7
2025-04-14 15:24:52,940 - INFO - Found 22 potential data rows
2025-04-14 15:24:52,989 - INFO - Extracted: NeuroAge Therapeutics - 7-Mar-24
2025-04-14 15:24:52,989 - INFO - Found funding amount: 250000
2025-04-14 15:24:53,021 - INFO - Extracted: Neural Propulsion Systems - 7-Mar-24
2025-04-14 15:24:53,021 - INFO - Found funding amount: 17500000
2025-04-14 15:24:53,055 - INFO - Extracted: Best Day Brewing - 7-Mar-24
2025-04-14 15:24:53,055 - INFO - Found funding amount: 10000000
2025-04-14 15:24:53,105 - INFO - Extracted: Reach Security - 7-Mar-24
2025-04-14 15:24:53,105 - INFO - Found funding amount: 20000000
2025-04-14 15:24:53,139 - INFO - Extracted: Brevian - 7-Mar-24
2025-04-14 15:24:53,139 - INFO - Found funding amount: 9000000
2025-04-14 15:24:53,173 - INFO - Extracted: Alumis - 6-Mar-24
2025-04-14 15:24:53,173 - INFO - Found funding amount: 259000000
2025-04-14 15:24:53,206 - INFO - Extracted: Abstract - 6-Mar-24
2025-04-14 15:24:53,206 - INFO - Found funding amount: 4256483
2025-04-14 15:24:53,238 - INFO - Extracted: Altro (fka Perch) - 6-Mar-24
2025-04-14 15:24:53,238 - INFO - Found funding amount: 4000000
2025-04-14 15:24:53,271 - INFO - Extracted: Remofirst - 6-Mar-24
2025-04-14 15:24:53,271 - INFO - Found funding amount: 25000000
2025-04-14 15:24:53,310 - INFO - Extracted: Proof of Impact - 6-Mar-24
2025-04-14 15:24:53,310 - INFO - Found funding amount: 569985
2025-04-14 15:24:53,348 - INFO - Extracted: Firewall - 6-Mar-24
2025-04-14 15:24:53,349 - INFO - Found funding amount: 3700000
2025-04-14 15:24:53,381 - INFO - Extracted: Glacier - 6-Mar-24
2025-04-14 15:24:53,381 - INFO - Found funding amount: 7700000
2025-04-14 15:24:53,411 - INFO - Extracted: Jabali - 6-Mar-24
2025-04-14 15:24:53,411 - INFO - Found funding amount: 5000000
2025-04-14 15:24:53,442 - INFO - Extracted: Dtex Systems - 5-Mar-24
2025-04-14 15:24:53,442 - INFO - Found funding amount: 50000000
2025-04-14 15:24:53,473 - INFO - Extracted: Ubicloud - 5-Mar-24
2025-04-14 15:24:53,473 - INFO - Found funding amount: 16000000
2025-04-14 15:24:53,504 - INFO - Extracted: Openprise - 5-Mar-24
2025-04-14 15:24:53,504 - INFO - Found funding amount: 25000000
2025-04-14 15:24:53,535 - INFO - Extracted: appCD - 5-Mar-24
2025-04-14 15:24:53,535 - INFO - Found funding amount: 6000000
2025-04-14 15:24:53,565 - INFO - Extracted: RIOS - 5-Mar-24
2025-04-14 15:24:53,566 - INFO - Found funding amount: 13000000
2025-04-14 15:24:53,596 - INFO - Extracted: Baseten - 4-Mar-24
2025-04-14 15:24:53,596 - INFO - Found funding amount: 40000000
2025-04-14 15:24:53,626 - INFO - Extracted: GALY - 4-Mar-24
2025-04-14 15:24:53,626 - INFO - Found funding amount: 20149994
2025-04-14 15:24:53,626 - INFO - Successfully extracted 20 new companies from page 47
2025-04-14 15:24:53,626 - INFO - Attempting to navigate from page 47
2025-04-14 15:24:58,848 - INFO - JavaScript verification confirmed page changed
2025-04-14 15:24:59,222 - INFO - Extracting data from page 48
2025-04-14 15:25:00,004 - INFO - Trying standard table extraction
2025-04-14 15:25:00,059 - INFO - Found funding amount column at index 6
2025-04-14 15:25:00,064 - INFO - Found headquarters column at index 7
2025-04-14 15:25:00,074 - INFO - Found 22 potential data rows
2025-04-14 15:25:00,121 - INFO - Extracted: Headlands Research - 4-Mar-24
2025-04-14 15:25:00,121 - INFO - Found funding amount: 249997
2025-04-14 15:25:00,150 - INFO - Extracted: treet - 4-Mar-24
2025-04-14 15:25:00,150 - INFO - Found funding amount: 10000000
2025-04-14 15:25:00,178 - INFO - Extracted: Entrada - 4-Mar-24
2025-04-14 15:25:00,178 - INFO - Found funding amount: 0
2025-04-14 15:25:00,208 - INFO - Extracted: Momentous - 29-Feb-24
2025-04-14 15:25:00,208 - INFO - Found funding amount: 0
2025-04-14 15:25:00,236 - INFO - Extracted: FirstHive - 29-Feb-24
2025-04-14 15:25:00,236 - INFO - Found funding amount: 5089250
2025-04-14 15:25:00,265 - INFO - Extracted: Elemeno Health - 29-Feb-24
2025-04-14 15:25:00,265 - INFO - Found funding amount: 3350344
2025-04-14 15:25:00,293 - INFO - Extracted: PawCo Foods - 29-Feb-24
2025-04-14 15:25:00,293 - INFO - Found funding amount: 2000000
2025-04-14 15:25:00,322 - INFO - Extracted: BioCorRx - 28-Feb-24
2025-04-14 15:25:00,322 - INFO - Found funding amount: 11000000
2025-04-14 15:25:00,351 - INFO - Extracted: Range Energy - 28-Feb-24
2025-04-14 15:25:00,351 - INFO - Found funding amount: 23500000
2025-04-14 15:25:00,380 - INFO - Extracted: BloomTech - 28-Feb-24
2025-04-14 15:25:00,380 - INFO - Found funding amount: 14602342
2025-04-14 15:25:00,409 - INFO - Extracted: Backpack - 28-Feb-24
2025-04-14 15:25:00,409 - INFO - Found funding amount: 17000000
2025-04-14 15:25:00,438 - INFO - Extracted: Mineprism Inc. - 28-Feb-24
2025-04-14 15:25:00,438 - INFO - Found funding amount: 75000
2025-04-14 15:25:00,467 - INFO - Extracted: Parspec - 27-Feb-24
2025-04-14 15:25:00,467 - INFO - Found funding amount: 11500000
2025-04-14 15:25:00,495 - INFO - Extracted: Catch+Release - 27-Feb-24
2025-04-14 15:25:00,495 - INFO - Found funding amount: 8800000
2025-04-14 15:25:00,524 - INFO - Extracted: MoneyHash - 27-Feb-24
2025-04-14 15:25:00,524 - INFO - Found funding amount: 4500000
2025-04-14 15:25:00,552 - INFO - Extracted: Reo.Dev - 27-Feb-24
2025-04-14 15:25:00,552 - INFO - Found funding amount: 1200000
2025-04-14 15:25:00,581 - INFO - Extracted: Campfire - 27-Feb-24
2025-04-14 15:25:00,581 - INFO - Found funding amount: 3500000
2025-04-14 15:25:00,610 - INFO - Extracted: Axiom Cloud - 27-Feb-24
2025-04-14 15:25:00,610 - INFO - Found funding amount: 5000000
2025-04-14 15:25:00,639 - INFO - Extracted: Inkitt - 27-Feb-24
2025-04-14 15:25:00,639 - INFO - Found funding amount: 37000000
2025-04-14 15:25:00,669 - INFO - Extracted: EPRI - 26-Feb-24
2025-04-14 15:25:00,669 - INFO - Found funding amount: 3400000
2025-04-14 15:25:00,669 - INFO - Successfully extracted 20 new companies from page 48
2025-04-14 15:25:00,669 - INFO - Attempting to navigate from page 48
2025-04-14 15:25:06,640 - INFO - JavaScript verification confirmed page changed
2025-04-14 15:25:07,317 - INFO - Extracting data from page 49
2025-04-14 15:25:07,695 - INFO - Trying standard table extraction
2025-04-14 15:25:07,751 - INFO - Found funding amount column at index 6
2025-04-14 15:25:07,754 - INFO - Found headquarters column at index 7
2025-04-14 15:25:07,763 - INFO - Found 22 potential data rows
2025-04-14 15:25:07,809 - INFO - Extracted: Alamar Biosciences - 26-Feb-24
2025-04-14 15:25:07,809 - INFO - Found funding amount: 100000000
2025-04-14 15:25:07,847 - INFO - Extracted: FlowGPT - 26-Feb-24
2025-04-14 15:25:07,847 - INFO - Found funding amount: 10000000
2025-04-14 15:25:07,880 - INFO - Extracted: mTAB - 26-Feb-24
2025-04-14 15:25:07,880 - INFO - Found funding amount: 15000000
2025-04-14 15:25:07,914 - INFO - Extracted: InsightRX - 23-Feb-24
2025-04-14 15:25:07,914 - INFO - Found funding amount: 0
2025-04-14 15:25:07,953 - INFO - Extracted: Elve - 22-Feb-24
2025-04-14 15:25:07,953 - INFO - Found funding amount: 15000000
2025-04-14 15:25:07,985 - INFO - Extracted: PermitFlow - 21-Feb-24
2025-04-14 15:25:07,985 - INFO - Found funding amount: 31000000
2025-04-14 15:25:08,017 - INFO - Extracted: Jamix - 21-Feb-24
2025-04-14 15:25:08,017 - INFO - Found funding amount: 3000000
2025-04-14 15:25:08,053 - INFO - Extracted: Hadrian - 21-Feb-24
2025-04-14 15:25:08,053 - INFO - Found funding amount: 92000000
2025-04-14 15:25:08,094 - INFO - Extracted: Empowerly - 21-Feb-24
2025-04-14 15:25:08,094 - INFO - Found funding amount: 15000000
2025-04-14 15:25:08,128 - INFO - Extracted: Orkes - 21-Feb-24
2025-04-14 15:25:08,128 - INFO - Found funding amount: 20000000
2025-04-14 15:25:08,165 - INFO - Extracted: Power Life Science - 21-Feb-24
2025-04-14 15:25:08,165 - INFO - Found funding amount: 11900000
2025-04-14 15:25:08,308 - INFO - Extracted: ElastiFlow - 21-Feb-24
2025-04-14 15:25:08,308 - INFO - Found funding amount: 5000000
2025-04-14 15:25:08,422 - INFO - Extracted: NodeShift - 21-Feb-24
2025-04-14 15:25:08,422 - INFO - Found funding amount: 3200000
2025-04-14 15:25:08,531 - INFO - Extracted: VectorShift - 21-Feb-24
2025-04-14 15:25:08,531 - INFO - Found funding amount: 3000000
2025-04-14 15:25:08,683 - INFO - Extracted: Blue Wire - 20-Feb-24
2025-04-14 15:25:08,683 - INFO - Found funding amount: 0
2025-04-14 15:25:09,176 - INFO - Extracted: Zonexus - 20-Feb-24
2025-04-14 15:25:09,182 - INFO - Found funding amount: 1149998
2025-04-14 15:25:09,235 - INFO - Extracted: Recogni - 20-Feb-24
2025-04-14 15:25:09,235 - INFO - Found funding amount: 102000000
2025-04-14 15:25:09,393 - INFO - Extracted: HighRI Optics - 20-Feb-24
2025-04-14 15:25:09,393 - INFO - Found funding amount: 1099995
2025-04-14 15:25:09,433 - INFO - Extracted: Arini - 19-Feb-24
2025-04-14 15:25:09,433 - INFO - Found funding amount: 500000
2025-04-14 15:25:09,479 - INFO - Extracted: Alembic - 15-Feb-24
2025-04-14 15:25:09,480 - INFO - Found funding amount: 14000000
2025-04-14 15:25:09,480 - INFO - Successfully extracted 20 new companies from page 49
2025-04-14 15:25:09,480 - INFO - Attempting to navigate from page 49
2025-04-14 15:25:15,071 - INFO - JavaScript verification confirmed page changed
2025-04-14 15:25:15,928 - INFO - Extracting data from page 50
2025-04-14 15:25:16,376 - INFO - Trying standard table extraction
2025-04-14 15:25:16,419 - INFO - Found funding amount column at index 6
2025-04-14 15:25:16,423 - INFO - Found headquarters column at index 7
2025-04-14 15:25:16,431 - INFO - Found 22 potential data rows
2025-04-14 15:25:16,484 - INFO - Extracted: Scribe - 15-Feb-24
2025-04-14 15:25:16,484 - INFO - Found funding amount: 25000000
2025-04-14 15:25:16,518 - INFO - Extracted: Freenome - 15-Feb-24
2025-04-14 15:25:16,518 - INFO - Found funding amount: 254000000
2025-04-14 15:25:16,547 - INFO - Extracted: Guardrails AI - 15-Feb-24
2025-04-14 15:25:16,547 - INFO - Found funding amount: 7500000
2025-04-14 15:25:16,577 - INFO - Extracted: Zocks - 15-Feb-24
2025-04-14 15:25:16,577 - INFO - Found funding amount: 5500000
2025-04-14 15:25:16,607 - INFO - Extracted: LangChain - 15-Feb-24
2025-04-14 15:25:16,607 - INFO - Found funding amount: 25000000
2025-04-14 15:25:16,637 - INFO - Extracted: testRigor - 15-Feb-24
2025-04-14 15:25:16,637 - INFO - Found funding amount: 0
2025-04-14 15:25:16,704 - INFO - Extracted: Kairos Aerospace - 15-Feb-24
2025-04-14 15:25:16,704 - INFO - Found funding amount: 52000000
2025-04-14 15:25:16,734 - INFO - Extracted: Sanitas AI - 15-Feb-24
2025-04-14 15:25:16,734 - INFO - Found funding amount: 0
2025-04-14 15:25:16,764 - INFO - Extracted: cPacket Networks - 14-Feb-24
2025-04-14 15:25:16,764 - INFO - Found funding amount: 67000000
2025-04-14 15:25:16,795 - INFO - Extracted: Artie - 14-Feb-24
2025-04-14 15:25:16,795 - INFO - Found funding amount: 3300000
2025-04-14 15:25:16,826 - INFO - Extracted: SkyOne Federal Credit Union - 14-Feb-24
2025-04-14 15:25:16,826 - INFO - Found funding amount: 2750000
2025-04-14 15:25:16,857 - INFO - Extracted: Hippo Harvest - 14-Feb-24
2025-04-14 15:25:16,857 - INFO - Found funding amount: 21000000
2025-04-14 15:25:16,887 - INFO - Extracted: Planette - 14-Feb-24
2025-04-14 15:25:16,887 - INFO - Found funding amount: 2400000
2025-04-14 15:25:16,919 - INFO - Extracted: Rasa - 14-Feb-24
2025-04-14 15:25:16,919 - INFO - Found funding amount: 30000000
2025-04-14 15:25:16,953 - INFO - Extracted: Meter - 13-Feb-24
2025-04-14 15:25:16,953 - INFO - Found funding amount: 35000000
2025-04-14 15:25:16,986 - INFO - Extracted: Skylo - 13-Feb-24
2025-04-14 15:25:16,986 - INFO - Found funding amount: 37000000
2025-04-14 15:25:17,019 - INFO - Extracted: Mindy - 13-Feb-24
2025-04-14 15:25:17,019 - INFO - Found funding amount: 6000000
2025-04-14 15:25:17,051 - INFO - Extracted: Savor - 13-Feb-24
2025-04-14 15:25:17,051 - INFO - Found funding amount: 23000000
2025-04-14 15:25:17,175 - INFO - Extracted: Camus Energy - 13-Feb-24
2025-04-14 15:25:17,175 - INFO - Found funding amount: 10000000
2025-04-14 15:25:17,237 - INFO - Extracted: Chalk - 13-Feb-24
2025-04-14 15:25:17,237 - INFO - Found funding amount: 338298
2025-04-14 15:25:17,237 - INFO - Successfully extracted 20 new companies from page 50
2025-04-14 15:25:17,237 - INFO - Attempting to navigate from page 50
2025-04-14 15:25:23,568 - INFO - JavaScript verification confirmed page changed
2025-04-14 15:25:23,958 - INFO - Extracting data from page 51
2025-04-14 15:25:25,179 - INFO - Trying standard table extraction
2025-04-14 15:25:25,239 - INFO - Found funding amount column at index 6
2025-04-14 15:25:25,244 - INFO - Found headquarters column at index 7
2025-04-14 15:25:25,255 - INFO - Found 22 potential data rows
2025-04-14 15:25:25,301 - INFO - Extracted: SocialCoach - 13-Feb-24
2025-04-14 15:25:25,301 - INFO - Found funding amount: 1000000
2025-04-14 15:25:25,351 - INFO - Extracted: Motif Analytics - 12-Feb-24
2025-04-14 15:25:25,351 - INFO - Found funding amount: 5700000
2025-04-14 15:25:25,383 - INFO - Extracted: Heliux - 12-Feb-24
2025-04-14 15:25:25,383 - INFO - Found funding amount: 2265000
2025-04-14 15:25:25,413 - INFO - Extracted: Lilac Solutions - 12-Feb-24
2025-04-14 15:25:25,413 - INFO - Found funding amount: 145000000
2025-04-14 15:25:25,443 - INFO - Extracted: Magic - 12-Feb-24
2025-04-14 15:25:25,444 - INFO - Found funding amount: 117332923
2025-04-14 15:25:25,473 - INFO - Extracted: LeoLabs - 12-Feb-24
2025-04-14 15:25:25,474 - INFO - Found funding amount: 29000000
2025-04-14 15:25:25,504 - INFO - Extracted: Modern Treasury - 10-Feb-24
2025-04-14 15:25:25,504 - INFO - Found funding amount: 1000000000
2025-04-14 15:25:25,534 - INFO - Extracted: THINKIN - 9-Feb-24
2025-04-14 15:25:25,534 - INFO - Found funding amount: 0
2025-04-14 15:25:25,564 - INFO - Extracted: Unlearn.AI - 8-Feb-24
2025-04-14 15:25:25,564 - INFO - Found funding amount: 50000000
2025-04-14 15:25:25,594 - INFO - Extracted: Handle - 8-Feb-24
2025-04-14 15:25:25,594 - INFO - Found funding amount: 0
2025-04-14 15:25:25,625 - INFO - Extracted: Partners Capital - 8-Feb-24
2025-04-14 15:25:25,626 - INFO - Found funding amount: 0
2025-04-14 15:25:25,657 - INFO - Extracted: Vocode - 8-Feb-24
2025-04-14 15:25:25,657 - INFO - Found funding amount: 3250000
2025-04-14 15:25:25,688 - INFO - Extracted: brd BOT - 8-Feb-24
2025-04-14 15:25:25,688 - INFO - Found funding amount: 100000
2025-04-14 15:25:25,719 - INFO - Extracted: FuzzLand - 8-Feb-24
2025-04-14 15:25:25,719 - INFO - Found funding amount: 3000000
2025-04-14 15:25:25,749 - INFO - Extracted: Overflow - 7-Feb-24
2025-04-14 15:25:25,749 - INFO - Found funding amount: 20000000
2025-04-14 15:25:25,779 - INFO - Extracted: Polycam - 7-Feb-24
2025-04-14 15:25:25,779 - INFO - Found funding amount: 18000000
2025-04-14 15:25:25,809 - INFO - Extracted: Simplify - 7-Feb-24
2025-04-14 15:25:25,809 - INFO - Found funding amount: 3000000
2025-04-14 15:25:25,839 - INFO - Extracted: OutSail Shipping - 7-Feb-24
2025-04-14 15:25:25,839 - INFO - Found funding amount: 500000
2025-04-14 15:25:25,869 - INFO - Extracted: Upstock - 7-Feb-24
2025-04-14 15:25:25,870 - INFO - Found funding amount: 13000000
2025-04-14 15:25:25,899 - INFO - Extracted: Shepherd - 7-Feb-24
2025-04-14 15:25:25,899 - INFO - Found funding amount: 13500000
2025-04-14 15:25:25,899 - INFO - Successfully extracted 20 new companies from page 51
2025-04-14 15:25:25,899 - INFO - Attempting to navigate from page 51
2025-04-14 15:25:31,537 - INFO - JavaScript verification confirmed page changed
2025-04-14 15:25:31,910 - INFO - Extracting data from page 52
2025-04-14 15:25:32,816 - INFO - Trying standard table extraction
2025-04-14 15:25:32,875 - INFO - Found funding amount column at index 6
2025-04-14 15:25:32,880 - INFO - Found headquarters column at index 7
2025-04-14 15:25:32,890 - INFO - Found 22 potential data rows
2025-04-14 15:25:32,938 - INFO - Extracted: ZEDEDA - 7-Feb-24
2025-04-14 15:25:32,938 - INFO - Found funding amount: 72000000
2025-04-14 15:25:32,970 - INFO - Extracted: Aizon - 7-Feb-24
2025-04-14 15:25:32,971 - INFO - Found funding amount: 20000000
2025-04-14 15:25:33,000 - INFO - Extracted: Attralus - 6-Feb-24
2025-04-14 15:25:33,000 - INFO - Found funding amount: 56000000
2025-04-14 15:25:33,030 - INFO - Extracted: Jam - 6-Feb-24
2025-04-14 15:25:33,030 - INFO - Found funding amount: 8900000
2025-04-14 15:25:33,060 - INFO - Extracted: Ambience Healthcare - 6-Feb-24
2025-04-14 15:25:33,060 - INFO - Found funding amount: 70000000
2025-04-14 15:25:33,091 - INFO - Extracted: Starship Technologies - 5-Feb-24
2025-04-14 15:25:33,091 - INFO - Found funding amount: 90000000
2025-04-14 15:25:33,122 - INFO - Extracted: Rigetti Computing - 5-Feb-24
2025-04-14 15:25:33,122 - INFO - Found funding amount: 0
2025-04-14 15:25:33,152 - INFO - Extracted: LightBeam.ai - 1-Feb-24
2025-04-14 15:25:33,152 - INFO - Found funding amount: 17800000
2025-04-14 15:25:33,183 - INFO - Extracted: Artera - 1-Feb-24
2025-04-14 15:25:33,183 - INFO - Found funding amount: 20000000
2025-04-14 15:25:33,213 - INFO - Extracted: Watershed - 1-Feb-24
2025-04-14 15:25:33,213 - INFO - Found funding amount: 100000000
2025-04-14 15:25:33,243 - INFO - Extracted: CARPL.ai - 1-Feb-24
2025-04-14 15:25:33,243 - INFO - Found funding amount: 6000000
2025-04-14 15:25:33,273 - INFO - Extracted: Coris - 1-Feb-24
2025-04-14 15:25:33,273 - INFO - Found funding amount: 3700000
2025-04-14 15:25:33,303 - INFO - Extracted: Mountaintop Studios - 31-Jan-24
2025-04-14 15:25:33,303 - INFO - Found funding amount: 30000000
2025-04-14 15:25:33,333 - INFO - Extracted: Metronome - 31-Jan-24
2025-04-14 15:25:33,333 - INFO - Found funding amount: 43000000
2025-04-14 15:25:33,364 - INFO - Extracted: Reken - 31-Jan-24
2025-04-14 15:25:33,364 - INFO - Found funding amount: 10000000
2025-04-14 15:25:33,399 - INFO - Extracted: Aiden Automotive Technologies - 31-Jan-24
2025-04-14 15:25:33,399 - INFO - Found funding amount: 0
2025-04-14 15:25:33,431 - INFO - Extracted: Inngest - 30-Jan-24
2025-04-14 15:25:33,431 - INFO - Found funding amount: 6100000
2025-04-14 15:25:33,461 - INFO - Extracted: Nile - 30-Jan-24
2025-04-14 15:25:33,461 - INFO - Found funding amount: 11600000
2025-04-14 15:25:33,491 - INFO - Extracted: Aster - 30-Jan-24
2025-04-14 15:25:33,491 - INFO - Found funding amount: 2400000
2025-04-14 15:25:33,522 - INFO - Extracted: HyperBeeAI - 30-Jan-24
2025-04-14 15:25:33,522 - INFO - Found funding amount: 0
2025-04-14 15:25:33,522 - INFO - Successfully extracted 20 new companies from page 52
2025-04-14 15:25:33,522 - INFO - Attempting to navigate from page 52
2025-04-14 15:25:39,065 - INFO - JavaScript verification confirmed page changed
2025-04-14 15:25:40,018 - INFO - Extracting data from page 53
2025-04-14 15:25:40,971 - INFO - Trying standard table extraction
2025-04-14 15:25:41,075 - INFO - Found funding amount column at index 6
2025-04-14 15:25:41,084 - INFO - Found headquarters column at index 7
2025-04-14 15:25:41,094 - INFO - Found 22 potential data rows
2025-04-14 15:25:41,141 - INFO - Extracted: Plex - 30-Jan-24
2025-04-14 15:25:41,141 - INFO - Found funding amount: 40000000
2025-04-14 15:25:41,173 - INFO - Extracted: Alchemist Accelerator - 30-Jan-24
2025-04-14 15:25:41,173 - INFO - Found funding amount: 2000000
2025-04-14 15:25:41,206 - INFO - Extracted: resistanceBio - 29-Jan-24
2025-04-14 15:25:41,206 - INFO - Found funding amount: 12776288
2025-04-14 15:25:41,238 - INFO - Extracted: Mesh - 29-Jan-24
2025-04-14 15:25:41,238 - INFO - Found funding amount: 6500000
2025-04-14 15:25:41,269 - INFO - Extracted: Chef Robotics - 26-Jan-24
2025-04-14 15:25:41,269 - INFO - Found funding amount: 10500000
2025-04-14 15:25:41,302 - INFO - Extracted: Perfumeo - 26-Jan-24
2025-04-14 15:25:41,302 - INFO - Found funding amount: 1000000
2025-04-14 15:25:41,339 - INFO - Extracted: Bastille Networks Internet Security - 25-Jan-24
2025-04-14 15:25:41,339 - INFO - Found funding amount: 44000000
2025-04-14 15:25:41,384 - INFO - Extracted: ViralMoment - 25-Jan-24
2025-04-14 15:25:41,384 - INFO - Found funding amount: 2500000
2025-04-14 15:25:41,420 - INFO - Extracted: Integral Development Corp - 25-Jan-24
2025-04-14 15:25:41,420 - INFO - Found funding amount: 30000000
2025-04-14 15:25:41,456 - INFO - Extracted: Audioshake - 25-Jan-24
2025-04-14 15:25:41,456 - INFO - Found funding amount: 1400000
2025-04-14 15:25:41,503 - INFO - Extracted: Aniai - 24-Jan-24
2025-04-14 15:25:41,503 - INFO - Found funding amount: 12000000
2025-04-14 15:25:41,542 - INFO - Extracted: unSkript, Inc - 24-Jan-24
2025-04-14 15:25:41,542 - INFO - Found funding amount: 3750000
2025-04-14 15:25:41,577 - INFO - Extracted: Masa - 23-Jan-24
2025-04-14 15:25:41,578 - INFO - Found funding amount: 5400000
2025-04-14 15:25:41,611 - INFO - Extracted: AiDash - 23-Jan-24
2025-04-14 15:25:41,611 - INFO - Found funding amount: 50000000
2025-04-14 15:25:41,647 - INFO - Extracted: SER Capital Partners - 23-Jan-24
2025-04-14 15:25:41,647 - INFO - Found funding amount: 0
2025-04-14 15:25:41,677 - INFO - Extracted: Snorkel AI - 23-Jan-24
2025-04-14 15:25:41,677 - INFO - Found funding amount: 0
2025-04-14 15:25:41,772 - INFO - Extracted: Synthesis AI - 23-Jan-24
2025-04-14 15:25:41,772 - INFO - Found funding amount: 168889
2025-04-14 15:25:41,807 - INFO - Extracted: RagaAI Inc. - 23-Jan-24
2025-04-14 15:25:41,807 - INFO - Found funding amount: 4700000
2025-04-14 15:25:41,838 - INFO - Extracted: SmithRx - 23-Jan-24
2025-04-14 15:25:41,838 - INFO - Found funding amount: 60000000
2025-04-14 15:25:41,874 - INFO - Extracted: GenEdit - 23-Jan-24
2025-04-14 15:25:41,874 - INFO - Found funding amount: 24000000
2025-04-14 15:25:41,874 - INFO - Successfully extracted 20 new companies from page 53
2025-04-14 15:25:41,874 - INFO - Attempting to navigate from page 53
2025-04-14 15:25:48,571 - INFO - JavaScript verification confirmed page changed
2025-04-14 15:25:49,039 - INFO - Extracting data from page 54
2025-04-14 15:25:49,879 - INFO - Trying standard table extraction
2025-04-14 15:25:49,927 - INFO - Found funding amount column at index 6
2025-04-14 15:25:49,934 - INFO - Found headquarters column at index 7
2025-04-14 15:25:49,944 - INFO - Found 22 potential data rows
2025-04-14 15:25:49,992 - INFO - Extracted: Neatleaf - 23-Jan-24
2025-04-14 15:25:49,992 - INFO - Found funding amount: 4000000
2025-04-14 15:25:50,033 - INFO - Extracted: Clerk - 23-Jan-24
2025-04-14 15:25:50,033 - INFO - Found funding amount: 30000000
2025-04-14 15:25:50,068 - INFO - Extracted: Ohana Real Estate Investors - 22-Jan-24
2025-04-14 15:25:50,068 - INFO - Found funding amount: 59000000
2025-04-14 15:25:50,104 - INFO - Extracted: Salas O'Brien - 22-Jan-24
2025-04-14 15:25:50,104 - INFO - Found funding amount: 0
2025-04-14 15:25:50,147 - INFO - Extracted: Captura - 22-Jan-24
2025-04-14 15:25:50,147 - INFO - Found funding amount: 21500000
2025-04-14 15:25:50,180 - INFO - Extracted: Better Stack - 22-Jan-24
2025-04-14 15:25:50,180 - INFO - Found funding amount: 10000000
2025-04-14 15:25:50,214 - INFO - Extracted: Bluedot - 22-Jan-24
2025-04-14 15:25:50,214 - INFO - Found funding amount: 5000000
2025-04-14 15:25:50,248 - INFO - Extracted: BuildClub - 22-Jan-24
2025-04-14 15:25:50,249 - INFO - Found funding amount: 1200000
2025-04-14 15:25:50,282 - INFO - Extracted: Metafoodx - 18-Jan-24
2025-04-14 15:25:50,282 - INFO - Found funding amount: 3000000
2025-04-14 15:25:50,320 - INFO - Extracted: Safary - 18-Jan-24
2025-04-14 15:25:50,321 - INFO - Found funding amount: 2400000
2025-04-14 15:25:50,360 - INFO - Extracted: zbyte - 18-Jan-24
2025-04-14 15:25:50,360 - INFO - Found funding amount: 4000000
2025-04-14 15:25:50,409 - INFO - Extracted: Forta - 17-Jan-24
2025-04-14 15:25:50,409 - INFO - Found funding amount: 55000000
2025-04-14 15:25:50,451 - INFO - Extracted: Incognia - 17-Jan-24
2025-04-14 15:25:50,451 - INFO - Found funding amount: 30999967
2025-04-14 15:25:50,507 - INFO - Extracted: Blueshift - 16-Jan-24
2025-04-14 15:25:50,507 - INFO - Found funding amount: 40000000
2025-04-14 15:25:50,550 - INFO - Extracted: Lutheran Social Services of Southern California - 16-Jan-24
2025-04-14 15:25:50,550 - INFO - Found funding amount: 0
2025-04-14 15:25:50,591 - INFO - Extracted: Blue Planet - 16-Jan-24
2025-04-14 15:25:50,592 - INFO - Found funding amount: 0
2025-04-14 15:25:50,631 - INFO - Extracted: Topia - 16-Jan-24
2025-04-14 15:25:50,631 - INFO - Found funding amount: 24440609
2025-04-14 15:25:50,673 - INFO - Extracted: Noctrix Health - 16-Jan-24
2025-04-14 15:25:50,673 - INFO - Found funding amount: 40000000
2025-04-14 15:25:50,715 - INFO - Extracted: Fonda Technologies - 16-Jan-24
2025-04-14 15:25:50,715 - INFO - Found funding amount: 749998
2025-04-14 15:25:50,760 - INFO - Extracted: Chezuba - 12-Jan-24
2025-04-14 15:25:50,760 - INFO - Found funding amount: 1400000
2025-04-14 15:25:50,760 - INFO - Successfully extracted 20 new companies from page 54
2025-04-14 15:25:50,760 - INFO - Attempting to navigate from page 54
2025-04-14 15:25:56,877 - INFO - JavaScript verification confirmed page changed
2025-04-14 15:25:58,016 - INFO - Extracting data from page 55
2025-04-14 15:25:58,530 - INFO - Trying standard table extraction
2025-04-14 15:25:58,566 - INFO - Found funding amount column at index 6
2025-04-14 15:25:58,570 - INFO - Found headquarters column at index 7
2025-04-14 15:25:58,580 - INFO - Found 22 potential data rows
2025-04-14 15:25:58,637 - INFO - Extracted: Rune Labs - 11-Jan-24
2025-04-14 15:25:58,637 - INFO - Found funding amount: 12000000
2025-04-14 15:25:58,671 - INFO - Extracted: Viavi Solutions - 11-Jan-24
2025-04-14 15:25:58,671 - INFO - Found funding amount: 21700000
2025-04-14 15:25:58,705 - INFO - Extracted: Pier - 11-Jan-24
2025-04-14 15:25:58,705 - INFO - Found funding amount: 2400000
2025-04-14 15:25:58,739 - INFO - Extracted: FlutterFlow - 11-Jan-24
2025-04-14 15:25:58,739 - INFO - Found funding amount: 25500000
2025-04-14 15:25:58,774 - INFO - Extracted: Velou - 11-Jan-24
2025-04-14 15:25:58,774 - INFO - Found funding amount: 4000000
2025-04-14 15:25:58,835 - INFO - Extracted: Echo Labs - 10-Jan-24
2025-04-14 15:25:58,835 - INFO - Found funding amount: 7700000
2025-04-14 15:25:58,874 - INFO - Extracted: Quora - 10-Jan-24
2025-04-14 15:25:58,874 - INFO - Found funding amount: 75000000
2025-04-14 15:25:58,907 - INFO - Extracted: Rainbow - 10-Jan-24
2025-04-14 15:25:58,907 - INFO - Found funding amount: 12000000
2025-04-14 15:25:58,943 - INFO - Extracted: Shimmer - 10-Jan-24
2025-04-14 15:25:58,943 - INFO - Found funding amount: 2200000
2025-04-14 15:25:58,976 - INFO - Extracted: Leap AI - 9-Jan-24
2025-04-14 15:25:58,976 - INFO - Found funding amount: 1400000
2025-04-14 15:25:59,023 - INFO - Extracted: Raising the Future - 9-Jan-24
2025-04-14 15:25:59,023 - INFO - Found funding amount: 10000000
2025-04-14 15:25:59,063 - INFO - Extracted: Feel Therapeutics - 9-Jan-24
2025-04-14 15:25:59,064 - INFO - Found funding amount: 0
2025-04-14 15:25:59,097 - INFO - Extracted: Luma AI - 9-Jan-24
2025-04-14 15:25:59,097 - INFO - Found funding amount: 43000000
2025-04-14 15:25:59,132 - INFO - Extracted: anecdotes - 9-Jan-24
2025-04-14 15:25:59,132 - INFO - Found funding amount: 25000000
2025-04-14 15:25:59,164 - INFO - Extracted: MedaSystems - 9-Jan-24
2025-04-14 15:25:59,164 - INFO - Found funding amount: 0
2025-04-14 15:25:59,197 - INFO - Extracted: Revagenix - 5-Jan-24
2025-04-14 15:25:59,197 - INFO - Found funding amount: 0
2025-04-14 15:25:59,228 - INFO - Extracted: UpDoc - 5-Jan-24
2025-04-14 15:25:59,228 - INFO - Found funding amount: 0
2025-04-14 15:25:59,271 - INFO - Extracted: Department of Behavioral Health - 4-Jan-24
2025-04-14 15:25:59,271 - INFO - Found funding amount: 21800000
2025-04-14 15:25:59,306 - INFO - Extracted: Moonwalk Biosciences - 4-Jan-24
2025-04-14 15:25:59,306 - INFO - Found funding amount: 57000000
2025-04-14 15:25:59,343 - INFO - Extracted: Human Immunology Biosciences - 4-Jan-24
2025-04-14 15:25:59,343 - INFO - Found funding amount: 95000000
2025-04-14 15:25:59,343 - INFO - Successfully extracted 20 new companies from page 55
2025-04-14 15:25:59,343 - INFO - Attempting to navigate from page 55
2025-04-14 15:26:05,856 - INFO - JavaScript verification confirmed page changed
2025-04-14 15:26:06,390 - INFO - Extracting data from page 56
2025-04-14 15:26:07,314 - INFO - Trying standard table extraction
2025-04-14 15:26:07,365 - INFO - Found funding amount column at index 6
2025-04-14 15:26:07,369 - INFO - Found headquarters column at index 7
2025-04-14 15:26:07,382 - INFO - Found 5 potential data rows
2025-04-14 15:26:07,441 - INFO - Extracted: Perplexity AI - 4-Jan-24
2025-04-14 15:26:07,441 - INFO - Found funding amount: 70000000
2025-04-14 15:26:07,476 - INFO - Extracted: GSI Technology - 3-Jan-24
2025-04-14 15:26:07,476 - INFO - Found funding amount: 1100000
2025-04-14 15:26:07,511 - INFO - Extracted: Paceline - 1-Jan-24
2025-04-14 15:26:07,511 - INFO - Found funding amount: 0
2025-04-14 15:26:07,511 - INFO - Successfully extracted 3 new companies from page 56
2025-04-14 15:26:07,511 - INFO - Attempting to navigate from page 56
2025-04-14 15:26:13,465 - INFO - JavaScript verification confirmed page changed
2025-04-14 15:26:14,624 - INFO - Extracting data from page 57
2025-04-14 15:26:15,587 - INFO - Trying standard table extraction
2025-04-14 15:26:15,627 - INFO - Found funding amount column at index 6
2025-04-14 15:26:15,632 - INFO - Found headquarters column at index 7
2025-04-14 15:26:15,639 - INFO - Found 5 potential data rows
2025-04-14 15:26:15,743 - INFO - Retry attempt 1 for data extraction
2025-04-14 15:26:17,471 - INFO - Trying standard table extraction
2025-04-14 15:26:17,549 - INFO - Found funding amount column at index 6
2025-04-14 15:26:17,587 - INFO - Found headquarters column at index 7
2025-04-14 15:26:17,625 - INFO - Found 5 potential data rows
2025-04-14 15:26:17,741 - INFO - Retry attempt 2 for data extraction
2025-04-14 15:26:19,286 - INFO - Refreshing page for final extraction attempt
2025-04-14 15:26:22,166 - INFO - Found overlay using selector: //div[contains(@class, 'conv-wrap')]
2025-04-14 15:26:22,175 - INFO - No close button found, removing overlay with JavaScript
2025-04-14 15:26:23,070 - INFO - Found overlay using selector: //div[contains(@class, 'overlay')]
2025-04-14 15:26:23,080 - INFO - No close button found, removing overlay with JavaScript
2025-04-14 15:26:24,493 - INFO - Trying standard table extraction
2025-04-14 15:26:24,525 - INFO - Found funding amount column at index 6
2025-04-14 15:26:24,530 - INFO - Found headquarters column at index 7
2025-04-14 15:26:24,539 - INFO - Found 22 potential data rows
2025-04-14 15:26:25,383 - WARNING - No new companies found on page 57. Empty page count: 1
2025-04-14 15:26:25,383 - INFO - Attempting to navigate from page 57
2025-04-14 15:26:31,272 - INFO - JavaScript verification confirmed page changed
2025-04-14 15:26:32,107 - INFO - Extracting data from page 58
2025-04-14 15:26:32,749 - INFO - Trying standard table extraction
2025-04-14 15:26:32,781 - INFO - Found funding amount column at index 6
2025-04-14 15:26:32,784 - INFO - Found headquarters column at index 7
2025-04-14 15:26:32,792 - INFO - Found 22 potential data rows
2025-04-14 15:26:33,671 - INFO - Retry attempt 1 for data extraction
2025-04-14 15:26:35,307 - INFO - Trying standard table extraction
2025-04-14 15:26:35,366 - INFO - Found funding amount column at index 6
2025-04-14 15:26:35,371 - INFO - Found headquarters column at index 7
2025-04-14 15:26:35,381 - INFO - Found 22 potential data rows
2025-04-14 15:26:36,015 - INFO - Retry attempt 2 for data extraction
2025-04-14 15:26:37,759 - INFO - Refreshing page for final extraction attempt
2025-04-14 15:26:40,972 - INFO - Found overlay using selector: //div[contains(@class, 'conv-wrap')]
2025-04-14 15:26:40,976 - INFO - No close button found, removing overlay with JavaScript
2025-04-14 15:26:41,657 - INFO - Found overlay using selector: //div[contains(@class, 'overlay')]
2025-04-14 15:26:41,663 - INFO - No close button found, removing overlay with JavaScript
2025-04-14 15:26:43,408 - INFO - Trying standard table extraction
2025-04-14 15:26:43,445 - INFO - Found funding amount column at index 6
2025-04-14 15:26:43,452 - INFO - Found headquarters column at index 7
2025-04-14 15:26:43,474 - INFO - Found 22 potential data rows
2025-04-14 15:26:44,375 - WARNING - No new companies found on page 58. Empty page count: 2
2025-04-14 15:26:44,376 - INFO - Stopping after 2 consecutive empty pages
2025-04-14 15:26:44,378 - INFO - Created extraction directory at /Users/hk/Downloads/DSFinalYearProject/fundraise_data/fundraise_data_20250414_152644
2025-04-14 15:26:44,388 - INFO - Successfully saved 1103 records to /Users/hk/Downloads/DSFinalYearProject/fundraise_data/fundraise_data_20250414_152644/startups_20250414_152644.csv
2025-04-14 15:26:44,403 - INFO - Successfully saved JSON data to /Users/hk/Downloads/DSFinalYearProject/fundraise_data/fundraise_data_20250414_152644/startups_20250414_152644.json
2025-04-14 15:26:44,405 - INFO - Saved extraction stats to /Users/hk/Downloads/DSFinalYearProject/fundraise_data/fundraise_data_20250414_152644/extraction_stats.json
2025-04-14 15:26:44,406 - INFO - Extraction completed in 520.69 seconds
2025-04-14 15:26:44,406 - INFO - Extracted 1103 companies from 58 pages
2025-04-14 15:26:44,407 - INFO - Found 1103 unique companies
2025-04-14 15:26:44,408 - INFO - Most recent funding dates: ['1-Apr-24', '1-Aug-24', '1-Feb-24', '1-Jan-24', '1-Jul-24']
2025-04-14 15:26:44,530 - INFO - WebDriver closed
2025-04-14 15:26:44,531 - INFO - Next extraction scheduled for: 2025-04-15 15:26:44
2025-04-15 15:53:59,962 - INFO - Starting extraction process
2025-04-15 15:53:59,978 - INFO - Setting up Chrome WebDriver...
2025-04-15 15:53:59,986 - INFO - ====== WebDriver manager ======
2025-04-15 15:54:00,107 - INFO - Get LATEST chromedriver version for google-chrome
2025-04-15 15:54:00,212 - INFO - Get LATEST chromedriver version for google-chrome
2025-04-15 15:54:00,246 - INFO - There is no [mac64] chromedriver "135.0.7049.95" for browser google-chrome "135.0.7049" in cache
2025-04-15 15:54:00,252 - INFO - Get LATEST chromedriver version for google-chrome
2025-04-15 15:54:00,353 - INFO - WebDriver version 135.0.7049.95 selected
2025-04-15 15:54:00,355 - INFO - Modern chrome version https://storage.googleapis.com/chrome-for-testing-public/135.0.7049.95/mac-arm64/chromedriver-mac-arm64.zip
2025-04-15 15:54:00,355 - INFO - About to download new driver from https://storage.googleapis.com/chrome-for-testing-public/135.0.7049.95/mac-arm64/chromedriver-mac-arm64.zip
2025-04-15 15:54:00,429 - INFO - Driver downloading response is 200
2025-04-15 15:54:00,587 - INFO - Get LATEST chromedriver version for google-chrome
2025-04-15 15:54:00,778 - INFO - Driver has been saved in cache [/Users/hk/.wdm/drivers/chromedriver/mac64/135.0.7049.95]
2025-04-15 16:09:28,828 - INFO - WebDriver setup completed successfully
2025-04-15 16:09:28,829 - INFO - Navigating to https://fundraiseinsider.com/blog/recently-funded-startups-san-francisco/#showform-238066
2025-04-15 16:09:30,195 - INFO - Found overlay using selector: //div[contains(@class, 'conv-wrap')]
2025-04-15 16:09:30,209 - INFO - No close button found, removing overlay with JavaScript
2025-04-15 16:09:30,616 - INFO - Found overlay using selector: //div[contains(@class, 'overlay')]
2025-04-15 16:09:30,619 - INFO - No close button found, removing overlay with JavaScript
2025-04-15 16:29:53,920 - INFO - Performing efficient scrolling...
2025-04-15 16:29:57,920 - INFO - Scrolling completed
2025-04-15 16:29:58,459 - INFO - Extracting data from page 1
2025-04-15 16:29:59,250 - INFO - Trying standard table extraction
2025-04-15 16:29:59,315 - INFO - Found funding amount column at index 6
2025-04-15 16:29:59,320 - INFO - Found headquarters column at index 7
2025-04-15 16:29:59,332 - INFO - Found 22 potential data rows
2025-04-15 16:29:59,377 - INFO - Extracted: Rembrand - 2-Jan-25
2025-04-15 16:29:59,377 - INFO - Found funding amount: 23000000
2025-04-15 16:29:59,411 - INFO - Extracted: Wurthy - 30-Dec-24
2025-04-15 16:29:59,411 - INFO - Found funding amount: 0
2025-04-15 16:29:59,439 - INFO - Extracted: Frontier Bio - 25-Dec-24
2025-04-15 16:29:59,439 - INFO - Found funding amount: 1300000
2025-04-15 16:29:59,468 - INFO - Extracted: Courtyard - 23-Dec-24
2025-04-15 16:29:59,468 - INFO - Found funding amount: 4500000
2025-04-15 16:29:59,503 - INFO - Extracted: Pasadena Private Lending - 19-Dec-24
2025-04-15 16:29:59,503 - INFO - Found funding amount: 50000000
2025-04-15 16:29:59,531 - INFO - Extracted: Tenor - 19-Dec-24
2025-04-15 16:29:59,531 - INFO - Found funding amount: 5400000
2025-04-15 16:29:59,559 - INFO - Extracted: Earli - 19-Dec-24
2025-04-15 16:29:59,559 - INFO - Found funding amount: 60000000
2025-04-15 16:29:59,588 - INFO - Extracted: Child Family Health International - 19-Dec-24
2025-04-15 16:29:59,588 - INFO - Found funding amount: 7500
2025-04-15 16:29:59,616 - INFO - Extracted: SandboxAQ - 18-Dec-24
2025-04-15 16:29:59,616 - INFO - Found funding amount: 300000000
2025-04-15 16:29:59,645 - INFO - Extracted: Plume Network - 18-Dec-24
2025-04-15 16:29:59,645 - INFO - Found funding amount: 20000000
2025-04-15 16:29:59,672 - INFO - Extracted: Hamming AI - 18-Dec-24
2025-04-15 16:29:59,672 - INFO - Found funding amount: 3800000
2025-04-15 16:29:59,700 - INFO - Extracted: CourtScribes - 18-Dec-24
2025-04-15 16:29:59,701 - INFO - Found funding amount: 512474
2025-04-15 16:29:59,729 - INFO - Extracted: Perplexity - 18-Dec-24
2025-04-15 16:29:59,729 - INFO - Found funding amount: 500000000
2025-04-15 16:29:59,758 - INFO - Extracted: Lyten - 18-Dec-24
2025-04-15 16:29:59,759 - INFO - Found funding amount: 650000000
2025-04-15 16:29:59,791 - INFO - Extracted: Fairbanc - 18-Dec-24
2025-04-15 16:29:59,791 - INFO - Found funding amount: 50000000000
2025-04-15 16:29:59,818 - INFO - Extracted: Mojave Energy Systems - 18-Dec-24
2025-04-15 16:29:59,819 - INFO - Found funding amount: 9500000
2025-04-15 16:29:59,846 - INFO - Extracted: Fraction AI - 18-Dec-24
2025-04-15 16:29:59,846 - INFO - Found funding amount: 6000000
2025-04-15 16:29:59,875 - INFO - Extracted: Schwarm Technologies Inc. - 17-Dec-24
2025-04-15 16:29:59,875 - INFO - Found funding amount: 3027055
2025-04-15 16:29:59,903 - INFO - Extracted: Landbase - 17-Dec-24
2025-04-15 16:29:59,903 - INFO - Found funding amount: 12500000
2025-04-15 16:29:59,932 - INFO - Extracted: Acre - 17-Dec-24
2025-04-15 16:29:59,933 - INFO - Found funding amount: 10000000
2025-04-15 16:29:59,933 - INFO - Successfully extracted 20 new companies from page 1
2025-04-15 16:29:59,933 - INFO - Attempting to navigate from page 1
2025-04-15 17:01:25,731 - INFO - JavaScript verification confirmed page changed
2025-04-15 17:01:26,826 - INFO - Extracting data from page 2
2025-04-15 17:01:28,012 - INFO - Trying standard table extraction
2025-04-15 17:01:28,075 - INFO - Found funding amount column at index 6
2025-04-15 17:01:28,081 - INFO - Found headquarters column at index 7
2025-04-15 17:01:28,091 - INFO - Found 22 potential data rows
2025-04-15 17:01:28,137 - INFO - Extracted: Finexio - 17-Dec-24
2025-04-15 17:01:28,137 - INFO - Found funding amount: 10000000
2025-04-15 17:01:28,165 - INFO - Extracted: Anatomy Financial - 17-Dec-24
2025-04-15 17:01:28,165 - INFO - Found funding amount: 19000000
2025-04-15 17:01:28,194 - INFO - Extracted: Serverfarm - 17-Dec-24
2025-04-15 17:01:28,194 - INFO - Found funding amount: 1637000000
2025-04-15 17:01:28,223 - INFO - Extracted: Flair - 17-Dec-24
2025-04-15 17:01:28,223 - INFO - Found funding amount: 0
2025-04-15 17:01:28,252 - INFO - Extracted: Leapfin - 17-Dec-24
2025-04-15 17:01:28,252 - INFO - Found funding amount: 1000000
2025-04-15 17:01:28,295 - INFO - Extracted: Parafin - 17-Dec-24
2025-04-15 17:01:28,296 - INFO - Found funding amount: 100000000
2025-04-15 17:01:28,331 - INFO - Extracted: Indapta Therapeutics - 17-Dec-24
2025-04-15 17:01:28,331 - INFO - Found funding amount: 22500000
2025-04-15 17:01:28,362 - INFO - Extracted: Xcell Biosciences - 17-Dec-24
2025-04-15 17:01:28,363 - INFO - Found funding amount: 1400000
2025-04-15 17:01:28,434 - INFO - Extracted: Jiko - 12-Dec-24
2025-04-15 17:01:28,435 - INFO - Found funding amount: 29000000
2025-04-15 17:01:28,474 - INFO - Extracted: One - 12-Dec-24
2025-04-15 17:01:28,474 - INFO - Found funding amount: 300000000
2025-04-15 17:01:28,505 - INFO - Extracted: Evinced - 12-Dec-24
2025-04-15 17:01:28,505 - INFO - Found funding amount: 55000000
2025-04-15 17:01:28,546 - INFO - Extracted: Twelve Labs - 12-Dec-24
2025-04-15 17:01:28,546 - INFO - Found funding amount: 30000000
2025-04-15 17:01:28,577 - INFO - Extracted: Terradot - 12-Dec-24
2025-04-15 17:01:28,577 - INFO - Found funding amount: 54000000
2025-04-15 17:01:28,609 - INFO - Extracted: Cartesia - 12-Dec-24
2025-04-15 17:01:28,609 - INFO - Found funding amount: 22000000
2025-04-15 17:01:28,641 - INFO - Extracted: Vantis Vascular - 12-Dec-24
2025-04-15 17:01:28,641 - INFO - Found funding amount: 10000000
2025-04-15 17:01:28,672 - INFO - Extracted: Alessa Therapeutics - 12-Dec-24
2025-04-15 17:01:28,672 - INFO - Found funding amount: 15000000
2025-04-15 17:01:28,703 - INFO - Extracted: Gigs - 12-Dec-24
2025-04-15 17:01:28,703 - INFO - Found funding amount: 73000000
2025-04-15 17:01:28,734 - INFO - Extracted: Immi - 12-Dec-24
2025-04-15 17:01:28,734 - INFO - Found funding amount: 3000000
2025-04-15 17:01:28,765 - INFO - Extracted: Albert Invent - 11-Dec-24
2025-04-15 17:01:28,765 - INFO - Found funding amount: 22500000
2025-04-15 17:01:28,796 - INFO - Extracted: Strategic Venue Partners - 11-Dec-24
2025-04-15 17:01:28,796 - INFO - Found funding amount: 0
2025-04-15 17:01:28,796 - INFO - Successfully extracted 20 new companies from page 2
2025-04-15 17:01:28,796 - INFO - Attempting to navigate from page 2
2025-04-15 17:16:51,368 - INFO - JavaScript verification confirmed page changed
2025-04-15 17:16:52,357 - INFO - Extracting data from page 3
2025-04-15 17:33:47,561 - INFO - Trying standard table extraction
2025-04-15 17:33:47,743 - INFO - Found funding amount column at index 6
2025-04-15 17:33:47,758 - INFO - Found headquarters column at index 7
2025-04-15 17:33:47,784 - INFO - Found 22 potential data rows
2025-04-15 17:33:48,187 - INFO - Extracted: Parsec Education - 11-Dec-24
2025-04-15 17:33:48,188 - INFO - Found funding amount: 8000000
2025-04-15 17:33:48,366 - INFO - Extracted: Saltmine - 11-Dec-24
2025-04-15 17:33:48,367 - INFO - Found funding amount: 0
2025-04-15 17:33:48,536 - INFO - Extracted: NeuBird - 11-Dec-24
2025-04-15 17:33:48,536 - INFO - Found funding amount: 22500000
2025-04-15 17:33:48,577 - INFO - Extracted: Aimon Labs - 11-Dec-24
2025-04-15 17:33:48,577 - INFO - Found funding amount: 2300000
2025-04-15 17:33:48,632 - INFO - Extracted: Ayar Labs - 11-Dec-24
2025-04-15 17:33:48,632 - INFO - Found funding amount: 155000000
2025-04-15 17:33:48,671 - INFO - Extracted: Vapi - 11-Dec-24
2025-04-15 17:33:48,671 - INFO - Found funding amount: 20000000
2025-04-15 17:33:48,738 - INFO - Extracted: EzDubs - 11-Dec-24
2025-04-15 17:33:48,738 - INFO - Found funding amount: 4200000
2025-04-15 17:33:48,774 - INFO - Extracted: Capstan Medical - 11-Dec-24
2025-04-15 17:33:48,774 - INFO - Found funding amount: 110000000
2025-04-15 17:33:48,816 - INFO - Extracted: Reveal Technology - 11-Dec-24
2025-04-15 17:33:48,816 - INFO - Found funding amount: 11200000
2025-04-15 17:33:48,869 - INFO - Extracted: Tosi - 11-Dec-24
2025-04-15 17:33:48,869 - INFO - Found funding amount: 15805308
2025-04-15 17:33:48,916 - INFO - Extracted: Azimuth AI - 11-Dec-24
2025-04-15 17:33:48,917 - INFO - Found funding amount: 11500000
2025-04-15 17:33:48,950 - INFO - Extracted: Cohesity - 10-Dec-24
2025-04-15 17:33:48,950 - INFO - Found funding amount: 0
2025-04-15 17:33:48,997 - INFO - Extracted: Speak - 10-Dec-24
2025-04-15 17:33:48,997 - INFO - Found funding amount: 78000000
2025-04-15 17:33:49,026 - INFO - Extracted: Mainframe - 10-Dec-24
2025-04-15 17:33:49,027 - INFO - Found funding amount: 5500000
2025-04-15 17:33:49,058 - INFO - Extracted: Gyaan - 10-Dec-24
2025-04-15 17:33:49,058 - INFO - Found funding amount: 5000000
2025-04-15 17:33:49,088 - INFO - Extracted: WeaveGrid - 10-Dec-24
2025-04-15 17:33:49,088 - INFO - Found funding amount: 28000000
2025-04-15 17:33:49,118 - INFO - Extracted: WindBorne Systems - 10-Dec-24
2025-04-15 17:33:49,118 - INFO - Found funding amount: 5000000
2025-04-15 17:33:49,150 - INFO - Extracted: Exabits AI - 10-Dec-24
2025-04-15 17:33:49,150 - INFO - Found funding amount: 15000000
2025-04-15 17:33:49,187 - INFO - Extracted: Gentrace - 10-Dec-24
2025-04-15 17:33:49,187 - INFO - Found funding amount: 8000000
2025-04-15 17:33:49,228 - INFO - Extracted: LambdaTest - 10-Dec-24
2025-04-15 17:33:49,228 - INFO - Found funding amount: 38000000
2025-04-15 17:33:49,228 - INFO - Successfully extracted 20 new companies from page 3
2025-04-15 17:33:49,228 - INFO - Attempting to navigate from page 3
2025-04-15 17:49:08,716 - INFO - JavaScript verification confirmed page changed
2025-04-15 17:49:09,380 - INFO - Extracting data from page 4
2025-04-15 17:49:09,754 - INFO - Trying standard table extraction
2025-04-15 17:49:09,811 - INFO - Found funding amount column at index 6
2025-04-15 17:49:09,816 - INFO - Found headquarters column at index 7
2025-04-15 17:49:09,825 - INFO - Found 22 potential data rows
2025-04-15 17:49:09,871 - INFO - Extracted: Aarvik Therapeutics - 10-Dec-24
2025-04-15 17:49:09,871 - INFO - Found funding amount: 1165000
2025-04-15 17:49:09,900 - INFO - Extracted: WaveForms AI - 10-Dec-24
2025-04-15 17:49:09,900 - INFO - Found funding amount: 40000000
2025-04-15 17:49:09,929 - INFO - Extracted: Wald.ai - 10-Dec-24
2025-04-15 17:49:09,929 - INFO - Found funding amount: 4000000
2025-04-15 17:49:09,958 - INFO - Extracted: Wildflower Health - 10-Dec-24
2025-04-15 17:49:09,958 - INFO - Found funding amount: 17939793
2025-04-15 17:49:09,987 - INFO - Extracted: Aampe - 10-Dec-24
2025-04-15 17:49:09,987 - INFO - Found funding amount: 18000000
2025-04-15 17:49:10,016 - INFO - Extracted: Cala Health - 9-Dec-24
2025-04-15 17:49:10,016 - INFO - Found funding amount: 50000000
2025-04-15 17:49:10,045 - INFO - Extracted: Sofar Ocean - 9-Dec-24
2025-04-15 17:49:10,045 - INFO - Found funding amount: 18250002
2025-04-15 17:49:10,074 - INFO - Extracted: Friend - 9-Dec-24
2025-04-15 17:49:10,074 - INFO - Found funding amount: 5400000
2025-04-15 17:49:10,114 - INFO - Extracted: Lava - 9-Dec-24
2025-04-15 17:49:10,114 - INFO - Found funding amount: 10000000
2025-04-15 17:49:10,144 - INFO - Extracted: MiSalud - 9-Dec-24
2025-04-15 17:49:10,144 - INFO - Found funding amount: 8000000
2025-04-15 17:49:10,173 - INFO - Extracted: Lucra Sports - 5-Dec-24
2025-04-15 17:49:10,173 - INFO - Found funding amount: 10000000
2025-04-15 17:49:10,202 - INFO - Extracted: Across AI - 5-Dec-24
2025-04-15 17:49:10,202 - INFO - Found funding amount: 5750000
2025-04-15 17:49:10,230 - INFO - Extracted: BITKRAFT Ventures - 5-Dec-24
2025-04-15 17:49:10,230 - INFO - Found funding amount: 0
2025-04-15 17:49:10,258 - INFO - Extracted: Nuvig Therapeutics - 5-Dec-24
2025-04-15 17:49:10,258 - INFO - Found funding amount: 161000000
2025-04-15 17:49:10,286 - INFO - Extracted: FutureSearch - 5-Dec-24
2025-04-15 17:49:10,286 - INFO - Found funding amount: 5794991
2025-04-15 17:49:10,315 - INFO - Extracted: Solana - 5-Dec-24
2025-04-15 17:49:10,315 - INFO - Found funding amount: 1500000
2025-04-15 17:49:10,345 - INFO - Extracted: Rubi Laboratories - 5-Dec-24
2025-04-15 17:49:10,346 - INFO - Found funding amount: 969961
2025-04-15 17:49:10,379 - INFO - Extracted: East Oakland Youth Development Center - 5-Dec-24
2025-04-15 17:49:10,379 - INFO - Found funding amount: 0
2025-04-15 17:49:10,408 - INFO - Extracted: Axiado Corporation - 4-Dec-24
2025-04-15 17:49:10,408 - INFO - Found funding amount: 60000000
2025-04-15 17:49:10,436 - INFO - Extracted: Enterpret - 4-Dec-24
2025-04-15 17:49:10,436 - INFO - Found funding amount: 20800000
2025-04-15 17:49:10,436 - INFO - Successfully extracted 20 new companies from page 4
2025-04-15 17:49:10,436 - INFO - Attempting to navigate from page 4
2025-04-15 18:23:10,306 - INFO - JavaScript verification confirmed page changed
2025-04-15 18:23:11,344 - INFO - Extracting data from page 5
2025-04-15 18:23:12,328 - INFO - Trying standard table extraction
2025-04-15 18:23:12,393 - INFO - Found funding amount column at index 6
2025-04-15 18:23:12,398 - INFO - Found headquarters column at index 7
2025-04-15 18:23:12,407 - INFO - Found 22 potential data rows
2025-04-15 18:23:12,450 - INFO - Extracted: HappyRobot - 4-Dec-24
2025-04-15 18:23:12,451 - INFO - Found funding amount: 15600000
2025-04-15 18:23:12,480 - INFO - Extracted: Offcall - 4-Dec-24
2025-04-15 18:23:12,480 - INFO - Found funding amount: 2000000
2025-04-15 18:23:12,512 - INFO - Extracted: Etestho - 4-Dec-24
2025-04-15 18:23:12,513 - INFO - Found funding amount: 0
2025-04-15 18:23:12,547 - INFO - Extracted: Antheia - 3-Dec-24
2025-04-15 18:23:12,547 - INFO - Found funding amount: 12000000
2025-04-15 18:23:12,578 - INFO - Extracted: Aerospike - 3-Dec-24
2025-04-15 18:23:12,578 - INFO - Found funding amount: 109000000
2025-04-15 18:23:12,609 - INFO - Extracted: Yurts Technologies Inc - 3-Dec-24
2025-04-15 18:23:12,609 - INFO - Found funding amount: 40000000
2025-04-15 18:23:12,640 - INFO - Extracted: The Tech Interactive - 3-Dec-24
2025-04-15 18:23:12,640 - INFO - Found funding amount: 0
2025-04-15 18:23:12,673 - INFO - Extracted: Maze Therapeutics - 3-Dec-24
2025-04-15 18:23:12,674 - INFO - Found funding amount: 115000000
2025-04-15 18:23:12,703 - INFO - Extracted: MakersHub - 3-Dec-24
2025-04-15 18:23:12,703 - INFO - Found funding amount: 7000000
2025-04-15 18:23:12,731 - INFO - Extracted: Vooma - 2-Dec-24
2025-04-15 18:23:12,731 - INFO - Found funding amount: 13000000
2025-04-15 18:23:12,769 - INFO - Extracted: Lumin Digital - 2-Dec-24
2025-04-15 18:23:12,769 - INFO - Found funding amount: 160000000
2025-04-15 18:23:12,809 - INFO - Extracted: Upwind Security - 2-Dec-24
2025-04-15 18:23:12,809 - INFO - Found funding amount: 100000000
2025-04-15 18:23:12,839 - INFO - Extracted: CSpeed - 2-Dec-24
2025-04-15 18:23:12,839 - INFO - Found funding amount: 28349982
2025-04-15 18:23:12,872 - INFO - Extracted: Cardless - 26-Nov-24
2025-04-15 18:23:12,872 - INFO - Found funding amount: 30000000
2025-04-15 18:23:12,899 - INFO - Extracted: Sirona Medical - 26-Nov-24
2025-04-15 18:23:12,899 - INFO - Found funding amount: 42000000
2025-04-15 18:23:12,930 - INFO - Extracted: Wherobots Inc. - 26-Nov-24
2025-04-15 18:23:12,930 - INFO - Found funding amount: 21500000
2025-04-15 18:23:12,959 - INFO - Extracted: Circleback - 26-Nov-24
2025-04-15 18:23:12,959 - INFO - Found funding amount: 2500000
2025-04-15 18:23:12,987 - INFO - Extracted: Mindstate Design Labs - 26-Nov-24
2025-04-15 18:23:12,987 - INFO - Found funding amount: 12698587
2025-04-15 18:23:13,014 - INFO - Extracted: Femtosense - 26-Nov-24
2025-04-15 18:23:13,014 - INFO - Found funding amount: 4258347
2025-04-15 18:23:13,042 - INFO - Extracted: Play.ht - 25-Nov-24
2025-04-15 18:23:13,042 - INFO - Found funding amount: 21000000
2025-04-15 18:23:13,042 - INFO - Successfully extracted 20 new companies from page 5
2025-04-15 18:23:13,042 - INFO - Attempting to navigate from page 5
2025-04-15 18:40:19,328 - INFO - JavaScript verification confirmed page changed
2025-04-15 18:40:20,232 - INFO - Extracting data from page 6
2025-04-15 18:40:20,979 - INFO - Trying standard table extraction
2025-04-15 18:40:21,040 - INFO - Found funding amount column at index 6
2025-04-15 18:40:21,045 - INFO - Found headquarters column at index 7
2025-04-15 18:40:21,054 - INFO - Found 22 potential data rows
2025-04-15 18:40:21,098 - INFO - Extracted: Tempest DX - 25-Nov-24
2025-04-15 18:40:21,098 - INFO - Found funding amount: 3200000
2025-04-15 18:40:21,128 - INFO - Extracted: Trustero - 21-Nov-24
2025-04-15 18:40:21,128 - INFO - Found funding amount: 10350000
2025-04-15 18:40:21,157 - INFO - Extracted: Epic Cleantec - 21-Nov-24
2025-04-15 18:40:21,158 - INFO - Found funding amount: 12000000
2025-04-15 18:40:21,188 - INFO - Extracted: VISO TRUST - 21-Nov-24
2025-04-15 18:40:21,188 - INFO - Found funding amount: 7000000
2025-04-15 18:40:21,223 - INFO - Extracted: Aviz Networks - 21-Nov-24
2025-04-15 18:40:21,223 - INFO - Found funding amount: 17000000
2025-04-15 18:40:21,253 - INFO - Extracted: Arcade - 21-Nov-24
2025-04-15 18:40:21,253 - INFO - Found funding amount: 14000000
2025-04-15 18:40:21,288 - INFO - Extracted: Anomalo - 21-Nov-24
2025-04-15 18:40:21,288 - INFO - Found funding amount: 10000000
2025-04-15 18:40:21,316 - INFO - Extracted: Teleo - 21-Nov-24
2025-04-15 18:40:21,317 - INFO - Found funding amount: 7000000
2025-04-15 18:40:21,345 - INFO - Extracted: Wordware - 21-Nov-24
2025-04-15 18:40:21,345 - INFO - Found funding amount: 30000000
2025-04-15 18:40:21,374 - INFO - Extracted: Aira Technologies - 20-Nov-24
2025-04-15 18:40:21,374 - INFO - Found funding amount: 14500000
2025-04-15 18:40:21,402 - INFO - Extracted: Generate Capital - 20-Nov-24
2025-04-15 18:40:21,402 - INFO - Found funding amount: 1200000000
2025-04-15 18:40:21,431 - INFO - Extracted: Rox - 20-Nov-24
2025-04-15 18:40:21,431 - INFO - Found funding amount: 50000000
2025-04-15 18:40:21,460 - INFO - Extracted: Aethero - 20-Nov-24
2025-04-15 18:40:21,460 - INFO - Found funding amount: 0
2025-04-15 18:40:21,489 - INFO - Extracted: Federato - 20-Nov-24
2025-04-15 18:40:21,489 - INFO - Found funding amount: 40000000
2025-04-15 18:40:21,518 - INFO - Extracted: Distru - 20-Nov-24
2025-04-15 18:40:21,518 - INFO - Found funding amount: 6000000
2025-04-15 18:40:21,549 - INFO - Extracted: THEO AI - 20-Nov-24
2025-04-15 18:40:21,549 - INFO - Found funding amount: 2200000
2025-04-15 18:40:21,583 - INFO - Extracted: Shinami - 20-Nov-24
2025-04-15 18:40:21,583 - INFO - Found funding amount: 5650000
2025-04-15 18:40:21,611 - INFO - Extracted: PostSig - 20-Nov-24
2025-04-15 18:40:21,611 - INFO - Found funding amount: 1200000
2025-04-15 18:40:21,640 - INFO - Extracted: Flywheel Dynamix - 20-Nov-24
2025-04-15 18:40:21,640 - INFO - Found funding amount: 7000000
2025-04-15 18:40:21,673 - INFO - Extracted: New Lantern - 20-Nov-24
2025-04-15 18:40:21,673 - INFO - Found funding amount: 19000000
2025-04-15 18:40:21,673 - INFO - Successfully extracted 20 new companies from page 6
2025-04-15 18:40:21,674 - INFO - Attempting to navigate from page 6
2025-04-15 18:43:40,312 - INFO - JavaScript verification confirmed page changed
2025-04-15 18:43:41,406 - INFO - Extracting data from page 7
2025-04-15 18:43:42,019 - INFO - Trying standard table extraction
2025-04-15 18:43:42,077 - INFO - Found funding amount column at index 6
2025-04-15 18:43:42,082 - INFO - Found headquarters column at index 7
2025-04-15 18:43:42,091 - INFO - Found 22 potential data rows
2025-04-15 18:43:42,136 - INFO - Extracted: Certinia - 19-Nov-24
2025-04-15 18:43:42,136 - INFO - Found funding amount: 0
2025-04-15 18:43:42,166 - INFO - Extracted: Kong - 19-Nov-24
2025-04-15 18:43:42,166 - INFO - Found funding amount: 175000000
2025-04-15 18:43:42,195 - INFO - Extracted: Kintsugi AI - 19-Nov-24
2025-04-15 18:43:42,195 - INFO - Found funding amount: 4000000
2025-04-15 18:43:42,224 - INFO - Extracted: StoreCash - 19-Nov-24
2025-04-15 18:43:42,224 - INFO - Found funding amount: 3700000
2025-04-15 18:43:42,258 - INFO - Extracted: Spectro Cloud - 19-Nov-24
2025-04-15 18:43:42,258 - INFO - Found funding amount: 75000000
2025-04-15 18:43:42,287 - INFO - Extracted: BrightAI - 19-Nov-24
2025-04-15 18:43:42,287 - INFO - Found funding amount: 15000000
2025-04-15 18:43:42,317 - INFO - Extracted: Open Source Wellness - 19-Nov-24
2025-04-15 18:43:42,317 - INFO - Found funding amount: 0
2025-04-15 18:43:42,345 - INFO - Extracted: Neo4j - 19-Nov-24
2025-04-15 18:43:42,345 - INFO - Found funding amount: 50000000
2025-04-15 18:43:42,379 - INFO - Extracted: Rain AI - 19-Nov-24
2025-04-15 18:43:42,379 - INFO - Found funding amount: 150000000
2025-04-15 18:43:42,408 - INFO - Extracted: JustPaid - 19-Nov-24
2025-04-15 18:43:42,408 - INFO - Found funding amount: 3500000
2025-04-15 18:43:42,437 - INFO - Extracted: Cresta - 19-Nov-24
2025-04-15 18:43:42,437 - INFO - Found funding amount: 125000000
2025-04-15 18:43:42,466 - INFO - Extracted: Enfabrica - 19-Nov-24
2025-04-15 18:43:42,466 - INFO - Found funding amount: 115000000
2025-04-15 18:43:42,494 - INFO - Extracted: ANAFLASH - 19-Nov-24
2025-04-15 18:43:42,494 - INFO - Found funding amount: 0
2025-04-15 18:43:42,524 - INFO - Extracted: Open Philanthropy - 18-Nov-24
2025-04-15 18:43:42,524 - INFO - Found funding amount: 0
2025-04-15 18:43:42,552 - INFO - Extracted: California University of Science and Medicine - 18-Nov-24
2025-04-15 18:43:42,553 - INFO - Found funding amount: 0
2025-04-15 18:43:42,581 - INFO - Extracted: Zenflow - 18-Nov-24
2025-04-15 18:43:42,581 - INFO - Found funding amount: 24000000
2025-04-15 18:43:42,615 - INFO - Extracted: Radiant - 14-Nov-24
2025-04-15 18:43:42,615 - INFO - Found funding amount: 100000000
2025-04-15 18:43:42,644 - INFO - Extracted: Athina AI - 14-Nov-24
2025-04-15 18:43:42,644 - INFO - Found funding amount: 250000000
2025-04-15 18:43:42,673 - INFO - Extracted: Team-GPT - 14-Nov-24
2025-04-15 18:43:42,673 - INFO - Found funding amount: 4500000
2025-04-15 18:43:42,701 - INFO - Extracted: Falkonry - 14-Nov-24
2025-04-15 18:43:42,702 - INFO - Found funding amount: 3387133
2025-04-15 18:43:42,702 - INFO - Successfully extracted 20 new companies from page 7
2025-04-15 18:43:42,702 - INFO - Attempting to navigate from page 7
2025-04-15 18:45:26,741 - INFO - JavaScript verification confirmed page changed
2025-04-15 18:45:27,815 - INFO - Extracting data from page 8
2025-04-15 18:45:28,413 - INFO - Trying standard table extraction
2025-04-15 18:45:28,471 - INFO - Found funding amount column at index 6
2025-04-15 18:45:28,476 - INFO - Found headquarters column at index 7
2025-04-15 18:45:28,485 - INFO - Found 22 potential data rows
2025-04-15 18:45:28,530 - INFO - Extracted: Leland - 13-Nov-24
2025-04-15 18:45:28,530 - INFO - Found funding amount: 12000000
2025-04-15 18:45:28,562 - INFO - Extracted: TRex Bio - 13-Nov-24
2025-04-15 18:45:28,562 - INFO - Found funding amount: 84000000
2025-04-15 18:45:28,590 - INFO - Extracted: Medeloop - 13-Nov-24
2025-04-15 18:45:28,590 - INFO - Found funding amount: 15500000
2025-04-15 18:45:28,619 - INFO - Extracted: OneSkin - 13-Nov-24
2025-04-15 18:45:28,619 - INFO - Found funding amount: 6999929
2025-04-15 18:45:28,648 - INFO - Extracted: The WiTT Group - 13-Nov-24
2025-04-15 18:45:28,648 - INFO - Found funding amount: 0
2025-04-15 18:45:28,684 - INFO - Extracted: Riot - 13-Nov-24
2025-04-15 18:45:28,684 - INFO - Found funding amount: 27597597
2025-04-15 18:45:28,713 - INFO - Extracted: Writer - 12-Nov-24
2025-04-15 18:45:28,713 - INFO - Found funding amount: 200000000
2025-04-15 18:45:28,742 - INFO - Extracted: Trace Neuroscience - 12-Nov-24
2025-04-15 18:45:28,742 - INFO - Found funding amount: 101000000
2025-04-15 18:45:28,770 - INFO - Extracted: Fastino - 12-Nov-24
2025-04-15 18:45:28,770 - INFO - Found funding amount: 7000000
2025-04-15 18:45:28,799 - INFO - Extracted: Shiru - 12-Nov-24
2025-04-15 18:45:28,799 - INFO - Found funding amount: 16000000
2025-04-15 18:45:28,828 - INFO - Extracted: Outbuild - 12-Nov-24
2025-04-15 18:45:28,828 - INFO - Found funding amount: 11000000
2025-04-15 18:45:28,857 - INFO - Extracted: Anthrogen - 12-Nov-24
2025-04-15 18:45:28,857 - INFO - Found funding amount: 4000000
2025-04-15 18:45:28,885 - INFO - Extracted: Connecty AI - 11-Nov-24
2025-04-15 18:45:28,885 - INFO - Found funding amount: 1800000
2025-04-15 18:45:28,914 - INFO - Extracted: AirGarage - 8-Nov-24
2025-04-15 18:45:28,914 - INFO - Found funding amount: 11428497
2025-04-15 18:45:28,943 - INFO - Extracted: Fractional - 7-Nov-24
2025-04-15 18:45:28,943 - INFO - Found funding amount: 15000000
2025-04-15 18:45:28,976 - INFO - Extracted: Orbital Sidekick - 7-Nov-24
2025-04-15 18:45:28,977 - INFO - Found funding amount: 8626740
2025-04-15 18:45:29,005 - INFO - Extracted: Corgea - 6-Nov-24
2025-04-15 18:45:29,005 - INFO - Found funding amount: 2600000
2025-04-15 18:45:29,035 - INFO - Extracted: OptraScan - 6-Nov-24
2025-04-15 18:45:29,035 - INFO - Found funding amount: 30000000
2025-04-15 18:45:29,071 - INFO - Extracted: Workhelix - 5-Nov-24
2025-04-15 18:45:29,071 - INFO - Found funding amount: 15324979
2025-04-15 18:45:29,100 - INFO - Extracted: PrognomiQ - 5-Nov-24
2025-04-15 18:45:29,100 - INFO - Found funding amount: 34000000
2025-04-15 18:45:29,100 - INFO - Successfully extracted 20 new companies from page 8
2025-04-15 18:45:29,100 - INFO - Attempting to navigate from page 8
2025-04-15 18:47:16,620 - INFO - JavaScript verification confirmed page changed
2025-04-15 18:47:17,226 - INFO - Extracting data from page 9
2025-04-15 18:47:18,256 - INFO - Trying standard table extraction
2025-04-15 18:47:18,324 - INFO - Found funding amount column at index 6
2025-04-15 18:47:18,329 - INFO - Found headquarters column at index 7
2025-04-15 18:47:18,339 - INFO - Found 22 potential data rows
2025-04-15 18:47:18,392 - INFO - Extracted: Carvis.AI - 4-Nov-24
2025-04-15 18:47:18,392 - INFO - Found funding amount: 1200000
2025-04-15 18:47:18,423 - INFO - Extracted: Inquis Medical - 4-Nov-24
2025-04-15 18:47:18,424 - INFO - Found funding amount: 40000000
2025-04-15 18:47:18,452 - INFO - Extracted: Augment Code - 4-Nov-24
2025-04-15 18:47:18,452 - INFO - Found funding amount: 227000000
2025-04-15 18:47:18,481 - INFO - Extracted: Primergy Solar - 4-Nov-24
2025-04-15 18:47:18,481 - INFO - Found funding amount: 225000000
2025-04-15 18:47:18,510 - INFO - Extracted: Advex AI - 4-Nov-24
2025-04-15 18:47:18,510 - INFO - Found funding amount: 3500000
2025-04-15 18:47:18,537 - INFO - Extracted: The Nursing Beat - 4-Nov-24
2025-04-15 18:47:18,537 - INFO - Found funding amount: 0
2025-04-15 18:47:18,565 - INFO - Extracted: Cornerstone AI - 31-Oct-24
2025-04-15 18:47:18,565 - INFO - Found funding amount: 5000000
2025-04-15 18:47:18,594 - INFO - Extracted: Spot AI - 31-Oct-24
2025-04-15 18:47:18,594 - INFO - Found funding amount: 31000000
2025-04-15 18:47:18,622 - INFO - Extracted: Buddy.ai - 31-Oct-24
2025-04-15 18:47:18,622 - INFO - Found funding amount: 10200000
2025-04-15 18:47:18,651 - INFO - Extracted: Evommune - 31-Oct-24
2025-04-15 18:47:18,651 - INFO - Found funding amount: 115000000
2025-04-15 18:47:18,686 - INFO - Extracted: Bugcrowd - 31-Oct-24
2025-04-15 18:47:18,687 - INFO - Found funding amount: 50000000
2025-04-15 18:47:18,715 - INFO - Extracted: Decart - 31-Oct-24
2025-04-15 18:47:18,715 - INFO - Found funding amount: 21000000
2025-04-15 18:47:18,744 - INFO - Extracted: Birch Creek Development - 31-Oct-24
2025-04-15 18:47:18,744 - INFO - Found funding amount: 150000000
2025-04-15 18:47:18,773 - INFO - Extracted: Shadowbox - 31-Oct-24
2025-04-15 18:47:18,773 - INFO - Found funding amount: 2000000
2025-04-15 18:47:18,801 - INFO - Extracted: Delos Insurance - 31-Oct-24
2025-04-15 18:47:18,802 - INFO - Found funding amount: 9000000
2025-04-15 18:47:18,831 - INFO - Extracted: Bifrost AI - 30-Oct-24
2025-04-15 18:47:18,831 - INFO - Found funding amount: 8000000
2025-04-15 18:47:18,860 - INFO - Extracted: Third Wave Automation - 30-Oct-24
2025-04-15 18:47:18,860 - INFO - Found funding amount: 27000000
2025-04-15 18:47:18,888 - INFO - Extracted: Sapien - 29-Oct-24
2025-04-15 18:47:18,888 - INFO - Found funding amount: 8700000
2025-04-15 18:47:18,916 - INFO - Extracted: HomeBoost - 29-Oct-24
2025-04-15 18:47:18,916 - INFO - Found funding amount: 4000000
2025-04-15 18:47:18,948 - INFO - Extracted: LifeSaver Mobile - 29-Oct-24
2025-04-15 18:47:18,949 - INFO - Found funding amount: 0
2025-04-15 18:47:18,949 - INFO - Successfully extracted 20 new companies from page 9
2025-04-15 18:47:18,949 - INFO - Attempting to navigate from page 9
2025-04-15 18:49:49,514 - INFO - JavaScript verification confirmed page changed
2025-04-15 18:49:49,930 - INFO - Extracting data from page 10
2025-04-15 18:49:50,734 - INFO - Trying standard table extraction
2025-04-15 18:49:50,790 - INFO - Found funding amount column at index 6
2025-04-15 18:49:50,795 - INFO - Found headquarters column at index 7
2025-04-15 18:49:50,805 - INFO - Found 22 potential data rows
2025-04-15 18:49:50,849 - INFO - Extracted: CredibleMind - 29-Oct-24
2025-04-15 18:49:50,850 - INFO - Found funding amount: 7500000
2025-04-15 18:49:50,879 - INFO - Extracted: Opus Guard - 29-Oct-24
2025-04-15 18:49:50,879 - INFO - Found funding amount: 0
2025-04-15 18:49:50,909 - INFO - Extracted: GMI Cloud - 29-Oct-24
2025-04-15 18:49:50,909 - INFO - Found funding amount: 67000000
2025-04-15 18:49:50,938 - INFO - Extracted: Browserbase - 29-Oct-24
2025-04-15 18:49:50,939 - INFO - Found funding amount: 21000000
2025-04-15 18:49:50,968 - INFO - Extracted: Armis Security - 28-Oct-24
2025-04-15 18:49:50,968 - INFO - Found funding amount: 200000000
2025-04-15 18:49:51,009 - INFO - Extracted: Kivu Bioscience - 28-Oct-24
2025-04-15 18:49:51,010 - INFO - Found funding amount: 92000000
2025-04-15 18:49:51,038 - INFO - Extracted: Sierra - 28-Oct-24
2025-04-15 18:49:51,038 - INFO - Found funding amount: 175000000
2025-04-15 18:49:51,067 - INFO - Extracted: Fondo - 28-Oct-24
2025-04-15 18:49:51,067 - INFO - Found funding amount: 7000000
2025-04-15 18:49:51,096 - INFO - Extracted: Abstract Security - 28-Oct-24
2025-04-15 18:49:51,096 - INFO - Found funding amount: 15000000
2025-04-15 18:49:51,124 - INFO - Extracted: Revyl - 28-Oct-24
2025-04-15 18:49:51,125 - INFO - Found funding amount: 1100000
2025-04-15 18:49:51,153 - INFO - Extracted: Pharos - 25-Oct-24
2025-04-15 18:49:51,154 - INFO - Found funding amount: 5000000
2025-04-15 18:49:51,182 - INFO - Extracted: Connect The Dots - 24-Oct-24
2025-04-15 18:49:51,182 - INFO - Found funding amount: 0
2025-04-15 18:49:51,211 - INFO - Extracted: Sociaaal - 24-Oct-24
2025-04-15 18:49:51,211 - INFO - Found funding amount: 4000000
2025-04-15 18:49:51,240 - INFO - Extracted: AnyLog - 24-Oct-24
2025-04-15 18:49:51,240 - INFO - Found funding amount: 3789997
2025-04-15 18:49:51,268 - INFO - Extracted: Concentric AI - 24-Oct-24
2025-04-15 18:49:51,268 - INFO - Found funding amount: 45000000
2025-04-15 18:49:51,297 - INFO - Extracted: PayToMe.co - 24-Oct-24
2025-04-15 18:49:51,297 - INFO - Found funding amount: 0
2025-04-15 18:49:51,329 - INFO - Extracted: Finix - 24-Oct-24
2025-04-15 18:49:51,330 - INFO - Found funding amount: 75000000
2025-04-15 18:49:51,360 - INFO - Extracted: Simbe Robotics - 24-Oct-24
2025-04-15 18:49:51,360 - INFO - Found funding amount: 50000000
2025-04-15 18:49:51,387 - INFO - Extracted: Oloid - 24-Oct-24
2025-04-15 18:49:51,387 - INFO - Found funding amount: 6000000
2025-04-15 18:49:51,414 - INFO - Extracted: Nimble Robotics - 23-Oct-24
2025-04-15 18:49:51,414 - INFO - Found funding amount: 106000000
2025-04-15 18:49:51,414 - INFO - Successfully extracted 20 new companies from page 10
2025-04-15 18:49:51,414 - INFO - Attempting to navigate from page 10
2025-04-15 18:58:18,436 - INFO - JavaScript verification confirmed page changed
2025-04-15 18:58:19,267 - INFO - Extracting data from page 11
2025-04-15 18:58:20,260 - INFO - Trying standard table extraction
2025-04-15 18:58:20,310 - INFO - Found funding amount column at index 6
2025-04-15 18:58:20,314 - INFO - Found headquarters column at index 7
2025-04-15 18:58:20,323 - INFO - Found 22 potential data rows
2025-04-15 18:58:20,366 - INFO - Extracted: Archy - 23-Oct-24
2025-04-15 18:58:20,366 - INFO - Found funding amount: 15000000
2025-04-15 18:58:20,396 - INFO - Extracted: Infinitus Systems - 23-Oct-24
2025-04-15 18:58:20,396 - INFO - Found funding amount: 51500000
2025-04-15 18:58:20,425 - INFO - Extracted: Courie - 23-Oct-24
2025-04-15 18:58:20,425 - INFO - Found funding amount: 3825000
2025-04-15 18:58:20,455 - INFO - Extracted: Anthro Energy - 23-Oct-24
2025-04-15 18:58:20,455 - INFO - Found funding amount: 24900000
2025-04-15 18:58:20,483 - INFO - Extracted: LAWFTY - 23-Oct-24
2025-04-15 18:58:20,483 - INFO - Found funding amount: 40000000
2025-04-15 18:58:20,512 - INFO - Extracted: BodySpec - 22-Oct-24
2025-04-15 18:58:20,512 - INFO - Found funding amount: 3999998
2025-04-15 18:58:20,541 - INFO - Extracted: Nooks - 22-Oct-24
2025-04-15 18:58:20,541 - INFO - Found funding amount: 43000000
2025-04-15 18:58:20,570 - INFO - Extracted: CrewAI - 22-Oct-24
2025-04-15 18:58:20,570 - INFO - Found funding amount: 12000000
2025-04-15 18:58:20,599 - INFO - Extracted: Qpoint - 22-Oct-24
2025-04-15 18:58:20,599 - INFO - Found funding amount: 4000000
2025-04-15 18:58:20,629 - INFO - Extracted: Globality - 22-Oct-24
2025-04-15 18:58:20,630 - INFO - Found funding amount: 47000000
2025-04-15 18:58:20,657 - INFO - Extracted: Socket - 22-Oct-24
2025-04-15 18:58:20,657 - INFO - Found funding amount: 40000000
2025-04-15 18:58:20,685 - INFO - Extracted: Mainspring Energy - 22-Oct-24
2025-04-15 18:58:20,685 - INFO - Found funding amount: 87000000
2025-04-15 18:58:20,716 - INFO - Extracted: interface.ai - 22-Oct-24
2025-04-15 18:58:20,717 - INFO - Found funding amount: 20000000
2025-04-15 18:58:20,748 - INFO - Extracted: Trellis Bioscience - 22-Oct-24
2025-04-15 18:58:20,748 - INFO - Found funding amount: 0
2025-04-15 18:58:20,780 - INFO - Extracted: Revelation Partners - 22-Oct-24
2025-04-15 18:58:20,780 - INFO - Found funding amount: 0
2025-04-15 18:58:20,808 - INFO - Extracted: Genmo - 22-Oct-24
2025-04-15 18:58:20,808 - INFO - Found funding amount: 28400000
2025-04-15 18:58:20,837 - INFO - Extracted: ItsWare - 22-Oct-24
2025-04-15 18:58:20,837 - INFO - Found funding amount: 856464
2025-04-15 18:58:20,866 - INFO - Extracted: Avenue Biosciences - 22-Oct-24
2025-04-15 18:58:20,866 - INFO - Found funding amount: 2500000
2025-04-15 18:58:20,895 - INFO - Extracted: Zip - 21-Oct-24
2025-04-15 18:58:20,895 - INFO - Found funding amount: 190000000
2025-04-15 18:58:20,925 - INFO - Extracted: HealthEx - 21-Oct-24
2025-04-15 18:58:20,925 - INFO - Found funding amount: 14000000
2025-04-15 18:58:20,925 - INFO - Successfully extracted 20 new companies from page 11
2025-04-15 18:58:20,925 - INFO - Attempting to navigate from page 11
2025-04-15 19:15:02,213 - INFO - JavaScript verification confirmed page changed
2025-04-15 19:15:03,203 - INFO - Extracting data from page 12
2025-04-15 19:15:03,851 - INFO - Trying standard table extraction
2025-04-15 19:15:03,896 - INFO - Found funding amount column at index 6
2025-04-15 19:15:03,905 - INFO - Found headquarters column at index 7
2025-04-15 19:15:03,913 - INFO - Found 22 potential data rows
2025-04-15 19:15:03,970 - INFO - Extracted: Uprise - 21-Oct-24
2025-04-15 19:15:03,971 - INFO - Found funding amount: 3300000
2025-04-15 19:15:04,008 - INFO - Extracted: Voxela - 21-Oct-24
2025-04-15 19:15:04,008 - INFO - Found funding amount: 0
2025-04-15 19:15:04,041 - INFO - Extracted: Kick - 17-Oct-24
2025-04-15 19:15:04,041 - INFO - Found funding amount: 9000000
2025-04-15 19:15:04,088 - INFO - Extracted: AN2 Therapeutics - 17-Oct-24
2025-04-15 19:15:04,088 - INFO - Found funding amount: 0
2025-04-15 19:15:04,125 - INFO - Extracted: Terray Therapeutics - 17-Oct-24
2025-04-15 19:15:04,125 - INFO - Found funding amount: 120000000
2025-04-15 19:15:04,156 - INFO - Extracted: Abel Police - 17-Oct-24
2025-04-15 19:15:04,156 - INFO - Found funding amount: 5000000
2025-04-15 19:15:04,186 - INFO - Extracted: Edgee - 17-Oct-24
2025-04-15 19:15:04,186 - INFO - Found funding amount: 2900000
2025-04-15 19:15:04,215 - INFO - Extracted: GetSetUp - 16-Oct-24
2025-04-15 19:15:04,215 - INFO - Found funding amount: 50000
2025-04-15 19:15:04,258 - INFO - Extracted: Samay - 16-Oct-24
2025-04-15 19:15:04,258 - INFO - Found funding amount: 350000
2025-04-15 19:15:04,289 - INFO - Extracted: Kiavi - 16-Oct-24
2025-04-15 19:15:04,289 - INFO - Found funding amount: 400000000
2025-04-15 19:15:04,317 - INFO - Extracted: Tako - 16-Oct-24
2025-04-15 19:15:04,317 - INFO - Found funding amount: 5750000
2025-04-15 19:15:04,346 - INFO - Extracted: Lightmatter - 16-Oct-24
2025-04-15 19:15:04,346 - INFO - Found funding amount: 400000000
2025-04-15 19:15:04,373 - INFO - Extracted: Agtonomy - 16-Oct-24
2025-04-15 19:15:04,373 - INFO - Found funding amount: 10000000
2025-04-15 19:15:04,400 - INFO - Extracted: PyrAmes, Inc. - 15-Oct-24
2025-04-15 19:15:04,400 - INFO - Found funding amount: 50000
2025-04-15 19:15:04,427 - INFO - Extracted: Alchemy - 15-Oct-24
2025-04-15 19:15:04,427 - INFO - Found funding amount: 31000000
2025-04-15 19:15:04,454 - INFO - Extracted: MDisrupt - 15-Oct-24
2025-04-15 19:15:04,454 - INFO - Found funding amount: 1000000
2025-04-15 19:15:04,480 - INFO - Extracted: Galileo - 15-Oct-24
2025-04-15 19:15:04,480 - INFO - Found funding amount: 45000000
2025-04-15 19:15:04,508 - INFO - Extracted: Azra Games - 15-Oct-24
2025-04-15 19:15:04,508 - INFO - Found funding amount: 42700000
2025-04-15 19:15:04,537 - INFO - Extracted: Chargie - 15-Oct-24
2025-04-15 19:15:04,537 - INFO - Found funding amount: 9300000
2025-04-15 19:15:04,573 - INFO - Extracted: Decagon - 15-Oct-24
2025-04-15 19:15:04,573 - INFO - Found funding amount: 65000000
2025-04-15 19:15:04,573 - INFO - Successfully extracted 20 new companies from page 12
2025-04-15 19:15:04,573 - INFO - Attempting to navigate from page 12
2025-04-15 19:16:03,803 - INFO - JavaScript verification confirmed page changed
2025-04-15 19:16:04,868 - INFO - Extracting data from page 13
2025-04-15 19:16:05,964 - INFO - Trying standard table extraction
2025-04-15 19:16:06,021 - INFO - Found funding amount column at index 6
2025-04-15 19:16:06,026 - INFO - Found headquarters column at index 7
2025-04-15 19:16:06,035 - INFO - Found 22 potential data rows
2025-04-15 19:16:06,080 - INFO - Extracted: Concourse - 15-Oct-24
2025-04-15 19:16:06,080 - INFO - Found funding amount: 4700000
2025-04-15 19:16:06,109 - INFO - Extracted: Stockguard - 15-Oct-24
2025-04-15 19:16:06,109 - INFO - Found funding amount: 5999999
2025-04-15 19:16:06,138 - INFO - Extracted: Neuron7.ai - 15-Oct-24
2025-04-15 19:16:06,138 - INFO - Found funding amount: 44000000
2025-04-15 19:16:06,176 - INFO - Extracted: Parakeet Health - 15-Oct-24
2025-04-15 19:16:06,176 - INFO - Found funding amount: 3000000
2025-04-15 19:16:06,204 - INFO - Extracted: Dryvebox - 14-Oct-24
2025-04-15 19:16:06,204 - INFO - Found funding amount: 0
2025-04-15 19:16:06,233 - INFO - Extracted: Blockcast - 14-Oct-24
2025-04-15 19:16:06,233 - INFO - Found funding amount: 2850000
2025-04-15 19:16:06,262 - INFO - Extracted: Cavecrack - 13-Oct-24
2025-04-15 19:16:06,262 - INFO - Found funding amount: 0
2025-04-15 19:16:06,297 - INFO - Extracted: Cerebelly - 10-Oct-24
2025-04-15 19:16:06,297 - INFO - Found funding amount: 3000000
2025-04-15 19:16:06,327 - INFO - Extracted: Suki - 10-Oct-24
2025-04-15 19:16:06,327 - INFO - Found funding amount: 70000000
2025-04-15 19:16:06,355 - INFO - Extracted: CytoVale - 10-Oct-24
2025-04-15 19:16:06,355 - INFO - Found funding amount: 100000000
2025-04-15 19:16:06,382 - INFO - Extracted: Zeal - 10-Oct-24
2025-04-15 19:16:06,382 - INFO - Found funding amount: 15000000
2025-04-15 19:16:06,410 - INFO - Extracted: Vidoc Security Lab - 10-Oct-24
2025-04-15 19:16:06,410 - INFO - Found funding amount: 0
2025-04-15 19:16:06,439 - INFO - Extracted: Relyance AI - 10-Oct-24
2025-04-15 19:16:06,439 - INFO - Found funding amount: 32000000
2025-04-15 19:16:06,468 - INFO - Extracted: Numeric - 10-Oct-24
2025-04-15 19:16:06,468 - INFO - Found funding amount: 28000000
2025-04-15 19:16:06,497 - INFO - Extracted: COVU - 10-Oct-24
2025-04-15 19:16:06,497 - INFO - Found funding amount: 12500000
2025-04-15 19:16:06,526 - INFO - Extracted: ApertureData - 10-Oct-24
2025-04-15 19:16:06,526 - INFO - Found funding amount: 5250000
2025-04-15 19:16:06,554 - INFO - Extracted: MiLaboratories - 10-Oct-24
2025-04-15 19:16:06,555 - INFO - Found funding amount: 10000000
2025-04-15 19:16:06,583 - INFO - Extracted: Glooko - 10-Oct-24
2025-04-15 19:16:06,583 - INFO - Found funding amount: 100000000
2025-04-15 19:16:06,612 - INFO - Extracted: IncumbentFI - 10-Oct-24
2025-04-15 19:16:06,613 - INFO - Found funding amount: 5639687
2025-04-15 19:16:06,641 - INFO - Extracted: Prophecy.io - 10-Oct-24
2025-04-15 19:16:06,642 - INFO - Found funding amount: 38799983
2025-04-15 19:16:06,642 - INFO - Successfully extracted 20 new companies from page 13
2025-04-15 19:16:06,642 - INFO - Attempting to navigate from page 13
2025-04-15 19:17:28,558 - INFO - JavaScript verification confirmed page changed
2025-04-15 19:17:29,173 - INFO - Extracting data from page 14
2025-04-15 19:17:30,101 - INFO - Trying standard table extraction
2025-04-15 19:17:30,159 - INFO - Found funding amount column at index 6
2025-04-15 19:17:30,164 - INFO - Found headquarters column at index 7
2025-04-15 19:17:30,174 - INFO - Found 22 potential data rows
2025-04-15 19:17:30,218 - INFO - Extracted: Sidepit - 10-Oct-24
2025-04-15 19:17:30,218 - INFO - Found funding amount: 0
2025-04-15 19:17:30,248 - INFO - Extracted: Astrix Health - 10-Oct-24
2025-04-15 19:17:30,248 - INFO - Found funding amount: 500000
2025-04-15 19:17:30,277 - INFO - Extracted: CEQAbase - 9-Oct-24
2025-04-15 19:17:30,277 - INFO - Found funding amount: 200000
2025-04-15 19:17:30,306 - INFO - Extracted: SimX - 9-Oct-24
2025-04-15 19:17:30,306 - INFO - Found funding amount: 1250000
2025-04-15 19:17:30,334 - INFO - Extracted: Bigeye - 9-Oct-24
2025-04-15 19:17:30,334 - INFO - Found funding amount: 5000000
2025-04-15 19:17:30,363 - INFO - Extracted: Drawer AI - 9-Oct-24
2025-04-15 19:17:30,363 - INFO - Found funding amount: 5000000
2025-04-15 19:17:30,392 - INFO - Extracted: Vultron - 9-Oct-24
2025-04-15 19:17:30,392 - INFO - Found funding amount: 4850000
2025-04-15 19:17:30,421 - INFO - Extracted: AppShip - 9-Oct-24
2025-04-15 19:17:30,421 - INFO - Found funding amount: 200000
2025-04-15 19:17:30,450 - INFO - Extracted: EvenUp - 8-Oct-24
2025-04-15 19:17:30,450 - INFO - Found funding amount: 135000000
2025-04-15 19:17:30,478 - INFO - Extracted: Tele911 - 8-Oct-24
2025-04-15 19:17:30,478 - INFO - Found funding amount: 6756624
2025-04-15 19:17:30,507 - INFO - Extracted: Kiva AI - 8-Oct-24
2025-04-15 19:17:30,507 - INFO - Found funding amount: 7000000
2025-04-15 19:17:30,535 - INFO - Extracted: Selonterra - 8-Oct-24
2025-04-15 19:17:30,536 - INFO - Found funding amount: 2500000
2025-04-15 19:17:30,564 - INFO - Extracted: Unify - 8-Oct-24
2025-04-15 19:17:30,564 - INFO - Found funding amount: 12000000
2025-04-15 19:17:30,593 - INFO - Extracted: Third Dimension AI - 8-Oct-24
2025-04-15 19:17:30,593 - INFO - Found funding amount: 7000000
2025-04-15 19:17:30,622 - INFO - Extracted: Distributional - 8-Oct-24
2025-04-15 19:17:30,622 - INFO - Found funding amount: 19000000
2025-04-15 19:17:30,651 - INFO - Extracted: Truthset - 8-Oct-24
2025-04-15 19:17:30,651 - INFO - Found funding amount: 5000000
2025-04-15 19:17:30,679 - INFO - Extracted: Stream - 8-Oct-24
2025-04-15 19:17:30,679 - INFO - Found funding amount: 5300000
2025-04-15 19:17:30,708 - INFO - Extracted: InterVene - 7-Oct-24
2025-04-15 19:17:30,708 - INFO - Found funding amount: 13000000
2025-04-15 19:17:30,739 - INFO - Extracted: Treya Partners - 7-Oct-24
2025-04-15 19:17:30,740 - INFO - Found funding amount: 0
2025-04-15 19:17:30,772 - INFO - Extracted: VESSL AI - 7-Oct-24
2025-04-15 19:17:30,772 - INFO - Found funding amount: 12200000
2025-04-15 19:17:30,772 - INFO - Successfully extracted 20 new companies from page 14
2025-04-15 19:17:30,772 - INFO - Attempting to navigate from page 14
2025-04-15 19:41:07,093 - INFO - JavaScript verification confirmed page changed
2025-04-15 19:41:08,249 - INFO - Extracting data from page 15
2025-04-15 19:41:08,988 - INFO - Trying standard table extraction
2025-04-15 19:41:09,045 - INFO - Found funding amount column at index 6
2025-04-15 19:41:09,050 - INFO - Found headquarters column at index 7
2025-04-15 19:41:09,060 - INFO - Found 22 potential data rows
2025-04-15 19:41:09,105 - INFO - Extracted: IOMETE - 7-Oct-24
2025-04-15 19:41:09,105 - INFO - Found funding amount: 0
2025-04-15 19:41:09,135 - INFO - Extracted: Kavia AI - 3-Oct-24
2025-04-15 19:41:09,135 - INFO - Found funding amount: 1000000
2025-04-15 19:41:09,165 - INFO - Extracted: OpenAI - 3-Oct-24
2025-04-15 19:41:09,165 - INFO - Found funding amount: 4000000000
2025-04-15 19:41:09,194 - INFO - Extracted: Paren - 3-Oct-24
2025-04-15 19:41:09,194 - INFO - Found funding amount: 3000000
2025-04-15 19:41:09,223 - INFO - Extracted: Integrated Biosciences - 3-Oct-24
2025-04-15 19:41:09,223 - INFO - Found funding amount: 17200000
2025-04-15 19:41:09,333 - INFO - Extracted: Booksy - 3-Oct-24
2025-04-15 19:41:09,333 - INFO - Found funding amount: 0
2025-04-15 19:41:09,374 - INFO - Extracted: Voyage AI - 3-Oct-24
2025-04-15 19:41:09,374 - INFO - Found funding amount: 20000000
2025-04-15 19:41:09,403 - INFO - Extracted: Valdera - 3-Oct-24
2025-04-15 19:41:09,403 - INFO - Found funding amount: 15000000
2025-04-15 19:41:09,432 - INFO - Extracted: Visolis - 3-Oct-24
2025-04-15 19:41:09,432 - INFO - Found funding amount: 2250000
2025-04-15 19:41:09,469 - INFO - Extracted: GuRu - 2-Oct-24
2025-04-15 19:41:09,469 - INFO - Found funding amount: 0
2025-04-15 19:41:09,506 - INFO - Extracted: Permanent - 2-Oct-24
2025-04-15 19:41:09,506 - INFO - Found funding amount: 3700000
2025-04-15 19:41:09,536 - INFO - Extracted: Poolside - 2-Oct-24
2025-04-15 19:41:09,536 - INFO - Found funding amount: 500000000
2025-04-15 19:41:09,565 - INFO - Extracted: Pallet - 2-Oct-24
2025-04-15 19:41:09,565 - INFO - Found funding amount: 18000000
2025-04-15 19:41:09,594 - INFO - Extracted: Billables AI - 2-Oct-24
2025-04-15 19:41:09,594 - INFO - Found funding amount: 3900000
2025-04-15 19:41:09,623 - INFO - Extracted: Reducto - 2-Oct-24
2025-04-15 19:41:09,623 - INFO - Found funding amount: 8400000
2025-04-15 19:41:09,652 - INFO - Extracted: Arda Therapeutics - 1-Oct-24
2025-04-15 19:41:09,652 - INFO - Found funding amount: 43303366
2025-04-15 19:41:09,681 - INFO - Extracted: Aspect Build - 1-Oct-24
2025-04-15 19:41:09,681 - INFO - Found funding amount: 3000000
2025-04-15 19:41:09,710 - INFO - Extracted: Synedgen - 1-Oct-24
2025-04-15 19:41:09,710 - INFO - Found funding amount: 1750000
2025-04-15 19:41:09,739 - INFO - Extracted: DataPelago - 1-Oct-24
2025-04-15 19:41:09,739 - INFO - Found funding amount: 47000000
2025-04-15 19:41:09,774 - INFO - Extracted: Neeve - 30-Sep-24
2025-04-15 19:41:09,774 - INFO - Found funding amount: 15000000
2025-04-15 19:41:09,774 - INFO - Successfully extracted 20 new companies from page 15
2025-04-15 19:41:09,774 - INFO - Attempting to navigate from page 15
2025-04-15 19:43:11,966 - INFO - JavaScript verification confirmed page changed
2025-04-15 19:43:13,131 - INFO - Extracting data from page 16
2025-04-15 19:43:13,708 - INFO - Trying standard table extraction
2025-04-15 19:43:13,766 - INFO - Found funding amount column at index 6
2025-04-15 19:43:13,771 - INFO - Found headquarters column at index 7
2025-04-15 19:43:13,780 - INFO - Found 22 potential data rows
2025-04-15 19:43:13,828 - INFO - Extracted: Artisan AI - 30-Sep-24
2025-04-15 19:43:13,828 - INFO - Found funding amount: 11500000
2025-04-15 19:43:13,857 - INFO - Extracted: Gladly - 26-Sep-24
2025-04-15 19:43:13,857 - INFO - Found funding amount: 40000000
2025-04-15 19:43:13,894 - INFO - Extracted: PlayWorks - 26-Sep-24
2025-04-15 19:43:13,894 - INFO - Found funding amount: 25000
2025-04-15 19:43:13,923 - INFO - Extracted: Bemi - 26-Sep-24
2025-04-15 19:43:13,923 - INFO - Found funding amount: 309000
2025-04-15 19:43:13,951 - INFO - Extracted: Superb AI - 26-Sep-24
2025-04-15 19:43:13,951 - INFO - Found funding amount: 10200000
2025-04-15 19:43:13,980 - INFO - Extracted: SKY Leasing - 26-Sep-24
2025-04-15 19:43:13,980 - INFO - Found funding amount: 569540000
2025-04-15 19:43:14,008 - INFO - Extracted: AssetHub - 25-Sep-24
2025-04-15 19:43:14,008 - INFO - Found funding amount: 100000000
2025-04-15 19:43:14,037 - INFO - Extracted: Feno - 25-Sep-24
2025-04-15 19:43:14,037 - INFO - Found funding amount: 6000000
2025-04-15 19:43:14,066 - INFO - Extracted: Supabase - 25-Sep-24
2025-04-15 19:43:14,066 - INFO - Found funding amount: 80000000
2025-04-15 19:43:14,095 - INFO - Extracted: Whatfix - 25-Sep-24
2025-04-15 19:43:14,095 - INFO - Found funding amount: 125000000
2025-04-15 19:43:14,124 - INFO - Extracted: SnippetSentry - 25-Sep-24
2025-04-15 19:43:14,124 - INFO - Found funding amount: 500000
2025-04-15 19:43:14,153 - INFO - Extracted: FluidLogic - 24-Sep-24
2025-04-15 19:43:14,153 - INFO - Found funding amount: 15000000
2025-04-15 19:43:14,182 - INFO - Extracted: Distyl AI - 24-Sep-24
2025-04-15 19:43:14,182 - INFO - Found funding amount: 20000000
2025-04-15 19:43:14,211 - INFO - Extracted: Icon Savings Plan - 24-Sep-24
2025-04-15 19:43:14,211 - INFO - Found funding amount: 9200000
2025-04-15 19:43:14,240 - INFO - Extracted: UJET - 24-Sep-24
2025-04-15 19:43:14,240 - INFO - Found funding amount: 76000000
2025-04-15 19:43:14,269 - INFO - Extracted: Anadro - 24-Sep-24
2025-04-15 19:43:14,269 - INFO - Found funding amount: 2516495
2025-04-15 19:43:14,298 - INFO - Extracted: Atlys - 24-Sep-24
2025-04-15 19:43:14,298 - INFO - Found funding amount: 20000000
2025-04-15 19:43:14,333 - INFO - Extracted: Datapad - 24-Sep-24
2025-04-15 19:43:14,333 - INFO - Found funding amount: 0
2025-04-15 19:43:14,361 - INFO - Extracted: Altimate AI - 23-Sep-24
2025-04-15 19:43:14,362 - INFO - Found funding amount: 0
2025-04-15 19:43:14,390 - INFO - Extracted: Harmonic - 23-Sep-24
2025-04-15 19:43:14,390 - INFO - Found funding amount: 75000000
2025-04-15 19:43:14,390 - INFO - Successfully extracted 20 new companies from page 16
2025-04-15 19:43:14,390 - INFO - Attempting to navigate from page 16
2025-04-15 20:00:52,201 - INFO - JavaScript verification confirmed page changed
2025-04-15 20:00:52,604 - INFO - Extracting data from page 17
2025-04-15 20:00:53,299 - INFO - Trying standard table extraction
2025-04-15 20:00:53,344 - INFO - Found funding amount column at index 6
2025-04-15 20:00:53,349 - INFO - Found headquarters column at index 7
2025-04-15 20:00:53,357 - INFO - Found 22 potential data rows
2025-04-15 20:00:53,426 - INFO - Extracted: Genome Medical - 23-Sep-24
2025-04-15 20:00:53,426 - INFO - Found funding amount: 75344304
2025-04-15 20:00:53,579 - INFO - Extracted: Hippocratic AI - 19-Sep-24
2025-04-15 20:00:53,579 - INFO - Found funding amount: 53000000
2025-04-15 20:00:53,617 - INFO - Extracted: Akia - 19-Sep-24
2025-04-15 20:00:53,617 - INFO - Found funding amount: 4999998
2025-04-15 20:00:53,721 - INFO - Extracted: Ferrum Health - 19-Sep-24
2025-04-15 20:00:53,721 - INFO - Found funding amount: 16000000
2025-04-15 20:00:53,754 - INFO - Extracted: Twelve - 19-Sep-24
2025-04-15 20:00:53,754 - INFO - Found funding amount: 400000000
2025-04-15 20:00:53,792 - INFO - Extracted: Aclima - 19-Sep-24
2025-04-15 20:00:53,792 - INFO - Found funding amount: 13000000
2025-04-15 20:00:53,859 - INFO - Extracted: AtoB - 19-Sep-24
2025-04-15 20:00:53,859 - INFO - Found funding amount: 130000000
2025-04-15 20:00:53,898 - INFO - Extracted: Picus Security - 19-Sep-24
2025-04-15 20:00:53,898 - INFO - Found funding amount: 45000000
2025-04-15 20:00:54,012 - INFO - Extracted: Oro Labs - 18-Sep-24
2025-04-15 20:00:54,012 - INFO - Found funding amount: 34000000
2025-04-15 20:00:54,041 - INFO - Extracted: Fal - 18-Sep-24
2025-04-15 20:00:54,042 - INFO - Found funding amount: 14000000
2025-04-15 20:00:54,076 - INFO - Extracted: Mercor - 18-Sep-24
2025-04-15 20:00:54,076 - INFO - Found funding amount: 30000000
2025-04-15 20:00:54,106 - INFO - Extracted: Harvest Thermal - 18-Sep-24
2025-04-15 20:00:54,106 - INFO - Found funding amount: 2000000
2025-04-15 20:00:54,135 - INFO - Extracted: CodePath - 18-Sep-24
2025-04-15 20:00:54,135 - INFO - Found funding amount: 50000000
2025-04-15 20:00:54,164 - INFO - Extracted: Hgen - 17-Sep-24
2025-04-15 20:00:54,164 - INFO - Found funding amount: 5000000
2025-04-15 20:00:54,193 - INFO - Extracted: Orb - 17-Sep-24
2025-04-15 20:00:54,193 - INFO - Found funding amount: 25000000
2025-04-15 20:00:54,222 - INFO - Extracted: Mindtrip - 17-Sep-24
2025-04-15 20:00:54,222 - INFO - Found funding amount: 12000000
2025-04-15 20:00:54,249 - INFO - Extracted: Futuro Health - 17-Sep-24
2025-04-15 20:00:54,249 - INFO - Found funding amount: 10200000
2025-04-15 20:00:54,277 - INFO - Extracted: Prof Jim - 17-Sep-24
2025-04-15 20:00:54,278 - INFO - Found funding amount: 1500000
2025-04-15 20:00:54,306 - INFO - Extracted: TeamBridge - 16-Sep-24
2025-04-15 20:00:54,307 - INFO - Found funding amount: 28000000
2025-04-15 20:00:54,337 - INFO - Extracted: World Labs - 13-Sep-24
2025-04-15 20:00:54,337 - INFO - Found funding amount: 230000000
2025-04-15 20:00:54,337 - INFO - Successfully extracted 20 new companies from page 17
2025-04-15 20:00:54,337 - INFO - Attempting to navigate from page 17
2025-04-15 20:17:30,727 - INFO - JavaScript verification confirmed page changed
2025-04-15 20:19:12,524 - INFO - Extracting data from page 18
2025-04-15 20:19:13,202 - INFO - Trying standard table extraction
2025-04-15 20:19:13,257 - INFO - Found funding amount column at index 6
2025-04-15 20:19:13,261 - INFO - Found headquarters column at index 7
2025-04-15 20:19:13,271 - INFO - Found 22 potential data rows
2025-04-15 20:19:13,314 - INFO - Extracted: Operant - 12-Sep-24
2025-04-15 20:19:13,314 - INFO - Found funding amount: 10000000
2025-04-15 20:19:13,343 - INFO - Extracted: Bounti.ai - 12-Sep-24
2025-04-15 20:19:13,343 - INFO - Found funding amount: 16000000
2025-04-15 20:19:13,370 - INFO - Extracted: Connectly.ai - 11-Sep-24
2025-04-15 20:19:13,371 - INFO - Found funding amount: 20000000
2025-04-15 20:19:13,398 - INFO - Extracted: Nostra AI - 11-Sep-24
2025-04-15 20:19:13,398 - INFO - Found funding amount: 8900000
2025-04-15 20:19:13,458 - INFO - Extracted: Candid Health - 11-Sep-24
2025-04-15 20:19:13,458 - INFO - Found funding amount: 29000000
2025-04-15 20:19:13,485 - INFO - Extracted: Polly - 10-Sep-24
2025-04-15 20:19:13,485 - INFO - Found funding amount: 25000000
2025-04-15 20:19:13,512 - INFO - Extracted: Glean - 10-Sep-24
2025-04-15 20:19:13,512 - INFO - Found funding amount: 260000000
2025-04-15 20:19:13,539 - INFO - Extracted: Reshape Automation - 10-Sep-24
2025-04-15 20:19:13,539 - INFO - Found funding amount: 5000000
2025-04-15 20:19:13,570 - INFO - Extracted: Infinium - 10-Sep-24
2025-04-15 20:19:13,570 - INFO - Found funding amount: 0
2025-04-15 20:19:13,598 - INFO - Extracted: Blended Technologies - 10-Sep-24
2025-04-15 20:19:13,598 - INFO - Found funding amount: 2500000
2025-04-15 20:19:13,624 - INFO - Extracted: AttoTude - 10-Sep-24
2025-04-15 20:19:13,624 - INFO - Found funding amount: 29000000
2025-04-15 20:19:13,653 - INFO - Extracted: Neurona Therapeutics - 10-Sep-24
2025-04-15 20:19:13,653 - INFO - Found funding amount: 3800000
2025-04-15 20:19:13,681 - INFO - Extracted: P0 Security - 10-Sep-24
2025-04-15 20:19:13,681 - INFO - Found funding amount: 15000000
2025-04-15 20:19:13,710 - INFO - Extracted: PIN AI - 9-Sep-24
2025-04-15 20:19:13,710 - INFO - Found funding amount: 10000000
2025-04-15 20:19:13,738 - INFO - Extracted: Race - 9-Sep-24
2025-04-15 20:19:13,738 - INFO - Found funding amount: 375000000
2025-04-15 20:19:13,767 - INFO - Extracted: OrsoBio - 6-Sep-24
2025-04-15 20:19:13,767 - INFO - Found funding amount: 67000000
2025-04-15 20:19:13,809 - INFO - Extracted: DubClub - 5-Sep-24
2025-04-15 20:19:13,809 - INFO - Found funding amount: 7500000
2025-04-15 20:19:13,838 - INFO - Extracted: Thatch - 5-Sep-24
2025-04-15 20:19:13,838 - INFO - Found funding amount: 38000000
2025-04-15 20:19:13,869 - INFO - Extracted: Drip Capital - 5-Sep-24
2025-04-15 20:19:13,869 - INFO - Found funding amount: 90000000
2025-04-15 20:19:13,898 - INFO - Extracted: Acuvity - 5-Sep-24
2025-04-15 20:19:13,898 - INFO - Found funding amount: 9000000
2025-04-15 20:19:13,898 - INFO - Successfully extracted 20 new companies from page 18
2025-04-15 20:19:13,898 - INFO - Attempting to navigate from page 18
2025-04-15 20:19:19,129 - INFO - JavaScript verification confirmed page changed
2025-04-15 20:36:06,122 - INFO - Extracting data from page 19
2025-04-15 20:36:07,097 - INFO - Trying standard table extraction
2025-04-15 20:36:07,165 - INFO - Found funding amount column at index 6
2025-04-15 20:36:07,169 - INFO - Found headquarters column at index 7
2025-04-15 20:36:07,178 - INFO - Found 22 potential data rows
2025-04-15 20:36:07,223 - INFO - Extracted: Portex - 5-Sep-24
2025-04-15 20:36:07,223 - INFO - Found funding amount: 6250000
2025-04-15 20:36:07,251 - INFO - Extracted: Agree.com - 5-Sep-24
2025-04-15 20:36:07,251 - INFO - Found funding amount: 3000000
2025-04-15 20:36:07,280 - INFO - Extracted: Fiddler AI - 5-Sep-24
2025-04-15 20:36:07,280 - INFO - Found funding amount: 18949994
2025-04-15 20:36:07,307 - INFO - Extracted: Cortex - 4-Sep-24
2025-04-15 20:36:07,307 - INFO - Found funding amount: 60000000
2025-04-15 20:36:07,334 - INFO - Extracted: ArsenalBio - 4-Sep-24
2025-04-15 20:36:07,334 - INFO - Found funding amount: 325000000
2025-04-15 20:36:07,361 - INFO - Extracted: Ceres Imaging - 4-Sep-24
2025-04-15 20:36:07,361 - INFO - Found funding amount: 0
2025-04-15 20:36:07,388 - INFO - Extracted: Venova Medical - 4-Sep-24
2025-04-15 20:36:07,388 - INFO - Found funding amount: 30000000
2025-04-15 20:36:07,415 - INFO - Extracted: Climax Foods - 4-Sep-24
2025-04-15 20:36:07,415 - INFO - Found funding amount: 0
2025-04-15 20:36:07,443 - INFO - Extracted: Flex - 4-Sep-24
2025-04-15 20:36:07,443 - INFO - Found funding amount: 3200000
2025-04-15 20:36:07,476 - INFO - Extracted: Circle Pharma - 3-Sep-24
2025-04-15 20:36:07,476 - INFO - Found funding amount: 90000000
2025-04-15 20:36:07,505 - INFO - Extracted: Segmed - 3-Sep-24
2025-04-15 20:36:07,505 - INFO - Found funding amount: 10400000
2025-04-15 20:36:07,534 - INFO - Extracted: Linea Energy - 3-Sep-24
2025-04-15 20:36:07,534 - INFO - Found funding amount: 145000000
2025-04-15 20:36:07,565 - INFO - Extracted: Gainful - 3-Sep-24
2025-04-15 20:36:07,565 - INFO - Found funding amount: 0
2025-04-15 20:36:07,594 - INFO - Extracted: Mintlify - 3-Sep-24
2025-04-15 20:36:07,594 - INFO - Found funding amount: 18500000
2025-04-15 20:36:07,623 - INFO - Extracted: Magic Lifescience - 3-Sep-24
2025-04-15 20:36:07,623 - INFO - Found funding amount: 163398
2025-04-15 20:36:07,652 - INFO - Extracted: Approveit - 2-Sep-24
2025-04-15 20:36:07,652 - INFO - Found funding amount: 1000000
2025-04-15 20:36:07,681 - INFO - Extracted: Weeknd - 1-Sep-24
2025-04-15 20:36:07,681 - INFO - Found funding amount: 0
2025-04-15 20:36:07,710 - INFO - Extracted: Crafty Apes - 30-Aug-24
2025-04-15 20:36:07,710 - INFO - Found funding amount: 0
2025-04-15 20:36:07,738 - INFO - Extracted: Codeium - 29-Aug-24
2025-04-15 20:36:07,739 - INFO - Found funding amount: 150000000
2025-04-15 20:36:07,773 - INFO - Extracted: MIRIS - 29-Aug-24
2025-04-15 20:36:07,773 - INFO - Found funding amount: 26000000
2025-04-15 20:36:07,773 - INFO - Successfully extracted 20 new companies from page 19
2025-04-15 20:36:07,773 - INFO - Attempting to navigate from page 19
2025-04-15 20:37:55,433 - INFO - JavaScript verification confirmed page changed
2025-04-15 20:37:56,146 - INFO - Extracting data from page 20
2025-04-15 20:37:57,345 - INFO - Trying standard table extraction
2025-04-15 20:37:57,411 - INFO - Found funding amount column at index 6
2025-04-15 20:37:57,416 - INFO - Found headquarters column at index 7
2025-04-15 20:37:57,426 - INFO - Found 22 potential data rows
2025-04-15 20:37:57,488 - INFO - Extracted: nOps - 28-Aug-24
2025-04-15 20:37:57,488 - INFO - Found funding amount: 30000000
2025-04-15 20:37:57,567 - INFO - Extracted: Uplift Labs - 28-Aug-24
2025-04-15 20:37:57,567 - INFO - Found funding amount: 2100000
2025-04-15 20:37:57,609 - INFO - Extracted: Opus Clip - 28-Aug-24
2025-04-15 20:37:57,609 - INFO - Found funding amount: 30000000
2025-04-15 20:37:57,642 - INFO - Extracted: Bland AI - 28-Aug-24
2025-04-15 20:37:57,643 - INFO - Found funding amount: 16000000
2025-04-15 20:37:57,699 - INFO - Extracted: Noetik - 28-Aug-24
2025-04-15 20:37:57,699 - INFO - Found funding amount: 40000000
2025-04-15 20:37:57,865 - INFO - Extracted: Inventive AI - 28-Aug-24
2025-04-15 20:37:57,865 - INFO - Found funding amount: 4000000
2025-04-15 20:37:57,895 - INFO - Extracted: Linker Finance - 27-Aug-24
2025-04-15 20:37:57,895 - INFO - Found funding amount: 3700000
2025-04-15 20:37:57,923 - INFO - Extracted: ProhostAI - 27-Aug-24
2025-04-15 20:37:57,923 - INFO - Found funding amount: 1465000
2025-04-15 20:37:57,951 - INFO - Extracted: Cribl - 27-Aug-24
2025-04-15 20:37:57,951 - INFO - Found funding amount: 200000000
2025-04-15 20:37:57,978 - INFO - Extracted: Gameplay Galaxy - 27-Aug-24
2025-04-15 20:37:57,978 - INFO - Found funding amount: 11170000
2025-04-15 20:37:58,006 - INFO - Extracted: Spire Global - 27-Aug-24
2025-04-15 20:37:58,006 - INFO - Found funding amount: 3500000
2025-04-15 20:37:58,035 - INFO - Extracted: Fleet - 27-Aug-24
2025-04-15 20:37:58,035 - INFO - Found funding amount: 2500000
2025-04-15 20:37:58,063 - INFO - Extracted: just words - 27-Aug-24
2025-04-15 20:37:58,063 - INFO - Found funding amount: 1700000
2025-04-15 20:37:58,094 - INFO - Extracted: Planera - 27-Aug-24
2025-04-15 20:37:58,094 - INFO - Found funding amount: 13500000
2025-04-15 20:37:58,124 - INFO - Extracted: Clearway Energy Group - 26-Aug-24
2025-04-15 20:37:58,124 - INFO - Found funding amount: 550000000
2025-04-15 20:37:58,151 - INFO - Extracted: Tavoro - 26-Aug-24
2025-04-15 20:37:58,151 - INFO - Found funding amount: 2500000
2025-04-15 20:37:58,190 - INFO - Extracted: Accession Risk Management Group - 22-Aug-24
2025-04-15 20:37:58,190 - INFO - Found funding amount: 1000000000
2025-04-15 20:37:58,309 - INFO - Extracted: Openwater - 22-Aug-24
2025-04-15 20:37:58,309 - INFO - Found funding amount: 54000000
2025-04-15 20:37:58,361 - INFO - Extracted: Scale AI - 21-Aug-24
2025-04-15 20:37:58,361 - INFO - Found funding amount: 1000000000
2025-04-15 20:37:58,511 - INFO - Extracted: Kodiak Robotics - 21-Aug-24
2025-04-15 20:37:58,512 - INFO - Found funding amount: 0
2025-04-15 20:37:58,512 - INFO - Successfully extracted 20 new companies from page 20
2025-04-15 20:37:58,512 - INFO - Attempting to navigate from page 20
2025-04-15 20:38:05,775 - INFO - JavaScript verification confirmed page changed
2025-04-15 20:38:06,799 - INFO - Extracting data from page 21
2025-04-15 20:38:08,094 - INFO - Trying standard table extraction
2025-04-15 20:38:08,142 - INFO - Found funding amount column at index 6
2025-04-15 20:38:08,146 - INFO - Found headquarters column at index 7
2025-04-15 20:38:08,157 - INFO - Found 22 potential data rows
2025-04-15 20:38:08,203 - INFO - Extracted: Qualified Digital - 21-Aug-24
2025-04-15 20:38:08,203 - INFO - Found funding amount: 0
2025-04-15 20:38:08,232 - INFO - Extracted: Skyfire Systems - 21-Aug-24
2025-04-15 20:38:08,232 - INFO - Found funding amount: 8500000
2025-04-15 20:38:08,261 - INFO - Extracted: XII Medical - 21-Aug-24
2025-04-15 20:38:08,261 - INFO - Found funding amount: 45000000
2025-04-15 20:38:08,302 - INFO - Extracted: Piramidal - 21-Aug-24
2025-04-15 20:38:08,302 - INFO - Found funding amount: 6000000
2025-04-15 20:38:08,335 - INFO - Extracted: Lettuce Financial - 21-Aug-24
2025-04-15 20:38:08,336 - INFO - Found funding amount: 15000000
2025-04-15 20:38:08,366 - INFO - Extracted: Enteligent - 20-Aug-24
2025-04-15 20:38:08,366 - INFO - Found funding amount: 6000000
2025-04-15 20:38:08,394 - INFO - Extracted: Starpath Robotics - 20-Aug-24
2025-04-15 20:38:08,394 - INFO - Found funding amount: 12000000
2025-04-15 20:38:08,423 - INFO - Extracted: Kubiya.ai - 20-Aug-24
2025-04-15 20:38:08,423 - INFO - Found funding amount: 6000000
2025-04-15 20:38:08,454 - INFO - Extracted: Marathon Fusion - 20-Aug-24
2025-04-15 20:38:08,454 - INFO - Found funding amount: 5900000
2025-04-15 20:38:08,487 - INFO - Extracted: Pangeam Inc. - 20-Aug-24
2025-04-15 20:38:08,487 - INFO - Found funding amount: 2750000
2025-04-15 20:38:08,518 - INFO - Extracted: Eppo - 20-Aug-24
2025-04-15 20:38:08,518 - INFO - Found funding amount: 28000000
2025-04-15 20:38:08,550 - INFO - Extracted: Fortera - 20-Aug-24
2025-04-15 20:38:08,550 - INFO - Found funding amount: 85000000
2025-04-15 20:38:08,580 - INFO - Extracted: Exin Health - 19-Aug-24
2025-04-15 20:38:08,580 - INFO - Found funding amount: 0
2025-04-15 20:38:08,610 - INFO - Extracted: Fabric Cryptography - 19-Aug-24
2025-04-15 20:38:08,610 - INFO - Found funding amount: 33000000
2025-04-15 20:38:08,639 - INFO - Extracted: Ensemble AI - 15-Aug-24
2025-04-15 20:38:08,639 - INFO - Found funding amount: 3300000
2025-04-15 20:38:08,676 - INFO - Extracted: Era Finance - 15-Aug-24
2025-04-15 20:38:08,676 - INFO - Found funding amount: 9362409
2025-04-15 20:38:08,707 - INFO - Extracted: Kiteworks - 14-Aug-24
2025-04-15 20:38:08,707 - INFO - Found funding amount: 456000000
2025-04-15 20:38:08,738 - INFO - Extracted: nunu.ai - 14-Aug-24
2025-04-15 20:38:08,738 - INFO - Found funding amount: 2000000
2025-04-15 20:38:08,768 - INFO - Extracted: Moximed - 13-Aug-24
2025-04-15 20:38:08,768 - INFO - Found funding amount: 61000000
2025-04-15 20:38:08,796 - INFO - Extracted: Guidewheel - 13-Aug-24
2025-04-15 20:38:08,797 - INFO - Found funding amount: 31000000
2025-04-15 20:38:08,797 - INFO - Successfully extracted 20 new companies from page 21
2025-04-15 20:38:08,797 - INFO - Attempting to navigate from page 21
2025-04-15 20:38:15,569 - INFO - JavaScript verification confirmed page changed
2025-04-15 20:38:16,506 - INFO - Extracting data from page 22
2025-04-15 20:38:17,207 - INFO - Trying standard table extraction
2025-04-15 20:38:17,266 - INFO - Found funding amount column at index 6
2025-04-15 20:38:17,270 - INFO - Found headquarters column at index 7
2025-04-15 20:38:17,280 - INFO - Found 22 potential data rows
2025-04-15 20:38:17,323 - INFO - Extracted: Cision Vision - 13-Aug-24
2025-04-15 20:38:17,323 - INFO - Found funding amount: 22300000
2025-04-15 20:38:17,351 - INFO - Extracted: PayZen - 13-Aug-24
2025-04-15 20:38:17,351 - INFO - Found funding amount: 200000000
2025-04-15 20:38:17,379 - INFO - Extracted: Voltera - 13-Aug-24
2025-04-15 20:38:17,379 - INFO - Found funding amount: 100000000
2025-04-15 20:38:17,407 - INFO - Extracted: HeatMap, Inc - 13-Aug-24
2025-04-15 20:38:17,407 - INFO - Found funding amount: 4000000
2025-04-15 20:38:17,437 - INFO - Extracted: Cosine - 12-Aug-24
2025-04-15 20:38:17,437 - INFO - Found funding amount: 2500000
2025-04-15 20:38:17,469 - INFO - Extracted: DevRev - 9-Aug-24
2025-04-15 20:38:17,469 - INFO - Found funding amount: 100825173
2025-04-15 20:38:17,511 - INFO - Extracted: Double - 9-Aug-24
2025-04-15 20:38:17,512 - INFO - Found funding amount: 500000
2025-04-15 20:38:17,552 - INFO - Extracted: Brisk Teaching - 9-Aug-24
2025-04-15 20:38:17,552 - INFO - Found funding amount: 6899995
2025-04-15 20:38:17,587 - INFO - Extracted: Feeling Great - 8-Aug-24
2025-04-15 20:38:17,587 - INFO - Found funding amount: 8000000
2025-04-15 20:38:17,632 - INFO - Extracted: Reforged Labs - 8-Aug-24
2025-04-15 20:38:17,632 - INFO - Found funding amount: 3900000
2025-04-15 20:38:17,669 - INFO - Extracted: Opal - 8-Aug-24
2025-04-15 20:38:17,669 - INFO - Found funding amount: 60000000
2025-04-15 20:38:17,705 - INFO - Extracted: Switchback Systems - 8-Aug-24
2025-04-15 20:38:17,705 - INFO - Found funding amount: 10088281
2025-04-15 20:38:17,739 - INFO - Extracted: Bardeen - 8-Aug-24
2025-04-15 20:38:17,739 - INFO - Found funding amount: 3000000
2025-04-15 20:38:17,770 - INFO - Extracted: Bryte - 8-Aug-24
2025-04-15 20:38:17,770 - INFO - Found funding amount: 1000000
2025-04-15 20:38:17,803 - INFO - Extracted: Ionetix - 7-Aug-24
2025-04-15 20:38:17,803 - INFO - Found funding amount: 0
2025-04-15 20:38:17,837 - INFO - Extracted: Anjuna - 7-Aug-24
2025-04-15 20:38:17,838 - INFO - Found funding amount: 25000000
2025-04-15 20:38:17,868 - INFO - Extracted: Flow - 7-Aug-24
2025-04-15 20:38:17,868 - INFO - Found funding amount: 6000000
2025-04-15 20:38:17,897 - INFO - Extracted: Napkin AI - 7-Aug-24
2025-04-15 20:38:17,898 - INFO - Found funding amount: 10000000
2025-04-15 20:38:17,928 - INFO - Extracted: Datch - 7-Aug-24
2025-04-15 20:38:17,928 - INFO - Found funding amount: 15000000
2025-04-15 20:38:17,958 - INFO - Extracted: Greptime - 7-Aug-24
2025-04-15 20:38:17,958 - INFO - Found funding amount: 0
2025-04-15 20:38:17,958 - INFO - Successfully extracted 20 new companies from page 22
2025-04-15 20:38:17,958 - INFO - Attempting to navigate from page 22
2025-04-15 20:38:23,610 - INFO - JavaScript verification confirmed page changed
2025-04-15 20:38:24,241 - INFO - Extracting data from page 23
2025-04-15 20:38:25,270 - INFO - Trying standard table extraction
2025-04-15 20:38:25,317 - INFO - Found funding amount column at index 6
2025-04-15 20:38:25,320 - INFO - Found headquarters column at index 7
2025-04-15 20:38:25,327 - INFO - Found 22 potential data rows
2025-04-15 20:38:25,373 - INFO - Extracted: Sundial - 6-Aug-24
2025-04-15 20:38:25,373 - INFO - Found funding amount: 23348218
2025-04-15 20:38:25,404 - INFO - Extracted: Mechanical Orchard - 6-Aug-24
2025-04-15 20:38:25,404 - INFO - Found funding amount: 50000000
2025-04-15 20:38:25,433 - INFO - Extracted: MentalHappy - 6-Aug-24
2025-04-15 20:38:25,433 - INFO - Found funding amount: 500000
2025-04-15 20:38:25,462 - INFO - Extracted: Abnormal Security - 6-Aug-24
2025-04-15 20:38:25,462 - INFO - Found funding amount: 250000000
2025-04-15 20:38:25,490 - INFO - Extracted: Climatize - 6-Aug-24
2025-04-15 20:38:25,490 - INFO - Found funding amount: 1750000
2025-04-15 20:38:25,527 - INFO - Extracted: Shinobi Therapeutics - 6-Aug-24
2025-04-15 20:38:25,527 - INFO - Found funding amount: 68000000
2025-04-15 20:38:25,557 - INFO - Extracted: Curio Research - 6-Aug-24
2025-04-15 20:38:25,557 - INFO - Found funding amount: 5700000
2025-04-15 20:38:25,588 - INFO - Extracted: Muon Space - 5-Aug-24
2025-04-15 20:38:25,588 - INFO - Found funding amount: 56703744
2025-04-15 20:38:25,634 - INFO - Extracted: Groq - 5-Aug-24
2025-04-15 20:38:25,634 - INFO - Found funding amount: 640000000
2025-04-15 20:38:25,665 - INFO - Extracted: AutoComplete - 5-Aug-24
2025-04-15 20:38:25,665 - INFO - Found funding amount: 0
2025-04-15 20:38:25,699 - INFO - Extracted: Solarcycle - 1-Aug-24
2025-04-15 20:38:25,699 - INFO - Found funding amount: 31629998
2025-04-15 20:38:25,729 - INFO - Extracted: Hedra - 1-Aug-24
2025-04-15 20:38:25,729 - INFO - Found funding amount: 10000000
2025-04-15 20:38:25,766 - INFO - Extracted: Skillfully - 1-Aug-24
2025-04-15 20:38:25,766 - INFO - Found funding amount: 2500000
2025-04-15 20:38:25,805 - INFO - Extracted: Global Predictions - 1-Aug-24
2025-04-15 20:38:25,805 - INFO - Found funding amount: 2000000
2025-04-15 20:38:25,839 - INFO - Extracted: Tezi - 31-Jul-24
2025-04-15 20:38:25,840 - INFO - Found funding amount: 9000000
2025-04-15 20:38:25,879 - INFO - Extracted: Thumbtack - 31-Jul-24
2025-04-15 20:38:25,879 - INFO - Found funding amount: 75000000
2025-04-15 20:38:25,908 - INFO - Extracted: Swords to Plowshares - 31-Jul-24
2025-04-15 20:38:25,908 - INFO - Found funding amount: 0
2025-04-15 20:38:25,938 - INFO - Extracted: Ema - 31-Jul-24
2025-04-15 20:38:25,938 - INFO - Found funding amount: 36000000
2025-04-15 20:38:25,969 - INFO - Extracted: Endari - 31-Jul-24
2025-04-15 20:38:25,969 - INFO - Found funding amount: 4000000
2025-04-15 20:38:26,008 - INFO - Extracted: Streamkap - 31-Jul-24
2025-04-15 20:38:26,008 - INFO - Found funding amount: 3300000
2025-04-15 20:38:26,008 - INFO - Successfully extracted 20 new companies from page 23
2025-04-15 20:38:26,008 - INFO - Attempting to navigate from page 23
2025-04-15 20:38:28,364 - INFO - Created extraction directory at /Users/hk/Downloads/DSFinalYearProject/fundraise_data/fundraise_data_20250415_203828
2025-04-15 20:38:28,374 - INFO - Successfully saved 460 records to /Users/hk/Downloads/DSFinalYearProject/fundraise_data/fundraise_data_20250415_203828/startups_20250415_203828.csv
2025-04-15 20:38:28,381 - INFO - Successfully saved JSON data to /Users/hk/Downloads/DSFinalYearProject/fundraise_data/fundraise_data_20250415_203828/startups_20250415_203828.json
2025-04-15 20:38:28,381 - INFO - Saved extraction stats to /Users/hk/Downloads/DSFinalYearProject/fundraise_data/fundraise_data_20250415_203828/extraction_stats.json
2025-04-15 20:38:28,384 - INFO - Extraction completed in 17068.42 seconds
2025-04-15 20:38:28,384 - INFO - Extracted 460 companies from 23 pages
2025-04-15 20:38:28,384 - INFO - Found 460 unique companies
2025-04-15 20:38:28,385 - INFO - Most recent funding dates: ['1-Aug-24', '1-Oct-24', '1-Sep-24', '10-Dec-24', '10-Oct-24']
2025-04-15 20:38:28,500 - INFO - WebDriver closed
