2025-04-14 01:17:56,668 - INFO - Setting up scheduled extraction (every 24 hours)
2025-04-14 01:17:56,668 - INFO - Starting extraction process
2025-04-14 01:17:56,668 - INFO - Setting up Chrome WebDriver...
2025-04-14 01:17:56,668 - INFO - ====== WebDriver manager ======
2025-04-14 01:17:56,751 - INFO - Get LATEST chromedriver version for google-chrome
2025-04-14 01:17:56,802 - INFO - Get LATEST chromedriver version for google-chrome
2025-04-14 01:17:56,839 - INFO - Driver [/Users/hk/.wdm/drivers/chromedriver/mac64/135.0.7049.84/chromedriver-mac-arm64/chromedriver] found in cache
2025-04-14 01:17:58,379 - INFO - WebDriver setup completed successfully
2025-04-14 01:17:58,380 - INFO - Navigating to https://fundraiseinsider.com/blog/recently-funded-startups-san-francisco/#showform-238066
2025-04-14 01:17:59,542 - INFO - Checking for popups...
2025-04-14 01:17:59,590 - INFO - Scrolling through page...
2025-04-14 01:18:01,707 - INFO - Page scrolling completed
2025-04-14 01:18:01,707 - INFO - Page navigation successful
2025-04-14 01:18:01,707 - INFO - Extracting data from page 1
2025-04-14 01:18:01,734 - WARNING - No data rows found in table
2025-04-14 01:18:01,735 - INFO - Already at the last known page (1)
2025-04-14 01:18:01,735 - INFO - Attempting to navigate to page 2
2025-04-14 01:18:03,325 - ERROR - Error navigating to next page: Message: element click intercepted: Element <a href="https://fundraiseinsider.com/saas-lead-generation/">...</a> is not clickable at point (766, 13). Other element would receive the click: <div class="conv-wrap conv_closer_right" style="backdrop-filter:initial;">...</div>
  (Session info: chrome=135.0.7049.85)
Stacktrace:
0   chromedriver                        0x000000010329edec cxxbridge1$str$ptr + 2817040
1   chromedriver                        0x0000000103297088 cxxbridge1$str$ptr + 2784940
2   chromedriver                        0x0000000102dde8d8 cxxbridge1$string$len + 93028
3   chromedriver                        0x0000000102e2b1a8 cxxbridge1$string$len + 406580
4   chromedriver                        0x0000000102e29738 cxxbridge1$string$len + 399812
5   chromedriver                        0x0000000102e2754c cxxbridge1$string$len + 391128
6   chromedriver                        0x0000000102e26948 cxxbridge1$string$len + 388052
7   chromedriver                        0x0000000102e1b2b0 cxxbridge1$string$len + 341308
8   chromedriver                        0x0000000102e1ad3c cxxbridge1$string$len + 339912
9   chromedriver                        0x0000000102e667b8 cxxbridge1$string$len + 649796
10  chromedriver                        0x0000000102e19a80 cxxbridge1$string$len + 335116
11  chromedriver                        0x0000000103263c74 cxxbridge1$str$ptr + 2575000
12  chromedriver                        0x0000000103266f40 cxxbridge1$str$ptr + 2588004
13  chromedriver                        0x00000001032439fc cxxbridge1$str$ptr + 2443296
14  chromedriver                        0x00000001032677bc cxxbridge1$str$ptr + 2590176
15  chromedriver                        0x0000000103234af0 cxxbridge1$str$ptr + 2382100
16  chromedriver                        0x00000001032879a0 cxxbridge1$str$ptr + 2721732
17  chromedriver                        0x0000000103287b2c cxxbridge1$str$ptr + 2722128
18  chromedriver                        0x0000000103296cd4 cxxbridge1$str$ptr + 2783992
19  libsystem_pthread.dylib             0x0000000188803fa8 _pthread_start + 148
20  libsystem_pthread.dylib             0x00000001887feda0 thread_start + 8

2025-04-14 01:18:03,325 - WARNING - No data to save
2025-04-14 01:18:03,326 - INFO - Extraction completed in 6.66 seconds
2025-04-14 01:18:03,326 - INFO - Extracted 0 companies from 1 pages
2025-04-14 01:18:03,462 - INFO - WebDriver closed
2025-04-14 01:18:03,468 - INFO - Next extraction scheduled for: 2025-04-15 01:18:03
2025-04-14 01:20:13,751 - INFO - Setting up scheduled extraction (every 24 hours)
2025-04-14 01:20:13,752 - INFO - Starting extraction process
2025-04-14 01:20:13,752 - INFO - Setting up Chrome WebDriver...
2025-04-14 01:20:13,752 - INFO - ====== WebDriver manager ======
2025-04-14 01:20:13,825 - INFO - Get LATEST chromedriver version for google-chrome
2025-04-14 01:20:13,869 - INFO - Get LATEST chromedriver version for google-chrome
2025-04-14 01:20:13,906 - INFO - Driver [/Users/hk/.wdm/drivers/chromedriver/mac64/135.0.7049.84/chromedriver-mac-arm64/chromedriver] found in cache
2025-04-14 01:20:15,146 - INFO - WebDriver setup completed successfully
2025-04-14 01:20:15,146 - INFO - Navigating to https://fundraiseinsider.com/blog/recently-funded-startups-san-francisco/#showform-238066
2025-04-14 01:20:15,667 - INFO - Checking for popups...
2025-04-14 01:20:15,700 - INFO - Scrolling through page...
2025-04-14 01:20:25,335 - INFO - Page scrolling completed
2025-04-14 01:20:25,336 - INFO - Page navigation successful
2025-04-14 01:20:25,336 - INFO - Extracting data from page 1
2025-04-14 01:20:25,358 - INFO - Found 21 data rows
2025-04-14 01:20:25,397 - INFO - Extracted: Rembrand - 2-Jan-25
2025-04-14 01:20:25,421 - INFO - Extracted: Wurthy - 30-Dec-24
2025-04-14 01:20:25,445 - INFO - Extracted: Frontier Bio - 25-Dec-24
2025-04-14 01:20:25,470 - INFO - Extracted: Courtyard - 23-Dec-24
2025-04-14 01:20:25,494 - INFO - Extracted: Pasadena Private Lending - 19-Dec-24
2025-04-14 01:20:25,519 - INFO - Extracted: Tenor - 19-Dec-24
2025-04-14 01:20:25,544 - INFO - Extracted: Earli - 19-Dec-24
2025-04-14 01:20:25,569 - INFO - Extracted: Child Family Health International - 19-Dec-24
2025-04-14 01:20:25,592 - INFO - Extracted: SandboxAQ - 18-Dec-24
2025-04-14 01:20:25,616 - INFO - Extracted: Plume Network - 18-Dec-24
2025-04-14 01:20:25,644 - INFO - Extracted: Hamming AI - 18-Dec-24
2025-04-14 01:20:25,668 - INFO - Extracted: CourtScribes - 18-Dec-24
2025-04-14 01:20:25,692 - INFO - Extracted: Perplexity - 18-Dec-24
2025-04-14 01:20:25,715 - INFO - Extracted: Lyten - 18-Dec-24
2025-04-14 01:20:25,739 - INFO - Extracted: Fairbanc - 18-Dec-24
2025-04-14 01:20:25,767 - INFO - Extracted: Mojave Energy Systems - 18-Dec-24
2025-04-14 01:20:25,791 - INFO - Extracted: Fraction AI - 18-Dec-24
2025-04-14 01:20:25,815 - INFO - Extracted: Schwarm Technologies Inc. - 17-Dec-24
2025-04-14 01:20:25,839 - INFO - Extracted: Landbase - 17-Dec-24
2025-04-14 01:20:25,864 - INFO - Extracted: Acre - 17-Dec-24
2025-04-14 01:20:26,085 - INFO - Detected maximum page number: 5
2025-04-14 01:20:26,085 - INFO - Attempting to navigate to page 2
2025-04-14 01:20:28,195 - ERROR - Error navigating to next page: Message: element click intercepted: Element <a class="footable-page-link" href="#" role="button" aria-label="last page">...</a> is not clickable at point (1053, 18). Other element would receive the click: <div class="conv-wrap conv_closer_right" style="backdrop-filter:initial;">...</div>
  (Session info: chrome=135.0.7049.85)
Stacktrace:
0   chromedriver                        0x0000000104716dec cxxbridge1$str$ptr + 2817040
1   chromedriver                        0x000000010470f088 cxxbridge1$str$ptr + 2784940
2   chromedriver                        0x00000001042568d8 cxxbridge1$string$len + 93028
3   chromedriver                        0x00000001042a31a8 cxxbridge1$string$len + 406580
4   chromedriver                        0x00000001042a1738 cxxbridge1$string$len + 399812
5   chromedriver                        0x000000010429f54c cxxbridge1$string$len + 391128
6   chromedriver                        0x000000010429e948 cxxbridge1$string$len + 388052
7   chromedriver                        0x00000001042932b0 cxxbridge1$string$len + 341308
8   chromedriver                        0x0000000104292d3c cxxbridge1$string$len + 339912
9   chromedriver                        0x00000001042de7b8 cxxbridge1$string$len + 649796
10  chromedriver                        0x0000000104291a80 cxxbridge1$string$len + 335116
11  chromedriver                        0x00000001046dbc74 cxxbridge1$str$ptr + 2575000
12  chromedriver                        0x00000001046def40 cxxbridge1$str$ptr + 2588004
13  chromedriver                        0x00000001046bb9fc cxxbridge1$str$ptr + 2443296
14  chromedriver                        0x00000001046df7bc cxxbridge1$str$ptr + 2590176
15  chromedriver                        0x00000001046acaf0 cxxbridge1$str$ptr + 2382100
16  chromedriver                        0x00000001046ff9a0 cxxbridge1$str$ptr + 2721732
17  chromedriver                        0x00000001046ffb2c cxxbridge1$str$ptr + 2722128
18  chromedriver                        0x000000010470ecd4 cxxbridge1$str$ptr + 2783992
19  libsystem_pthread.dylib             0x0000000188803fa8 _pthread_start + 148
20  libsystem_pthread.dylib             0x00000001887feda0 thread_start + 8

2025-04-14 01:20:28,198 - INFO - Successfully saved 20 records to fundraise_insider_sf_startups_20250414_012028.csv
2025-04-14 01:20:28,198 - INFO - Companies saved:
2025-04-14 01:20:28,198 - INFO - - Rembrand
2025-04-14 01:20:28,198 - INFO - - Wurthy
2025-04-14 01:20:28,198 - INFO - - Frontier Bio
2025-04-14 01:20:28,198 - INFO - - Courtyard
2025-04-14 01:20:28,198 - INFO - - Pasadena Private Lending
2025-04-14 01:20:28,199 - INFO - - Tenor
2025-04-14 01:20:28,199 - INFO - - Earli
2025-04-14 01:20:28,199 - INFO - - Child Family Health International
2025-04-14 01:20:28,199 - INFO - - SandboxAQ
2025-04-14 01:20:28,199 - INFO - - Plume Network
2025-04-14 01:20:28,199 - INFO - - Hamming AI
2025-04-14 01:20:28,199 - INFO - - CourtScribes
2025-04-14 01:20:28,199 - INFO - - Perplexity
2025-04-14 01:20:28,199 - INFO - - Lyten
2025-04-14 01:20:28,199 - INFO - - Fairbanc
2025-04-14 01:20:28,199 - INFO - - Mojave Energy Systems
2025-04-14 01:20:28,199 - INFO - - Fraction AI
2025-04-14 01:20:28,199 - INFO - - Schwarm Technologies Inc.
2025-04-14 01:20:28,199 - INFO - - Landbase
2025-04-14 01:20:28,199 - INFO - - Acre
2025-04-14 01:20:28,200 - INFO - Extraction completed in 14.45 seconds
2025-04-14 01:20:28,200 - INFO - Extracted 20 companies from 1 pages
2025-04-14 01:20:28,312 - INFO - WebDriver closed
2025-04-14 01:20:28,313 - INFO - Next extraction scheduled for: 2025-04-15 01:20:28
2025-04-14 01:23:26,919 - INFO - Setting up scheduled extraction (every 24 hours)
2025-04-14 01:23:26,919 - INFO - Starting extraction process
2025-04-14 01:23:26,919 - INFO - Setting up Chrome WebDriver...
2025-04-14 01:23:26,919 - INFO - ====== WebDriver manager ======
2025-04-14 01:23:26,995 - INFO - Get LATEST chromedriver version for google-chrome
2025-04-14 01:23:27,035 - INFO - Get LATEST chromedriver version for google-chrome
2025-04-14 01:23:27,074 - INFO - Driver [/Users/hk/.wdm/drivers/chromedriver/mac64/135.0.7049.84/chromedriver-mac-arm64/chromedriver] found in cache
2025-04-14 01:23:28,277 - INFO - WebDriver setup completed successfully
2025-04-14 01:23:28,278 - INFO - Navigating to https://fundraiseinsider.com/blog/recently-funded-startups-san-francisco/#showform-238066
2025-04-14 01:23:28,952 - INFO - Checking for popups...
2025-04-14 01:23:29,004 - INFO - Scrolling through page...
2025-04-14 01:23:38,619 - INFO - Page scrolling completed
2025-04-14 01:23:38,620 - INFO - Page navigation successful
2025-04-14 01:23:38,620 - INFO - Extracting data from page 1
2025-04-14 01:23:38,636 - WARNING - No data rows found in table
2025-04-14 01:23:38,637 - INFO - Attempting to navigate to the next page from page 1
2025-04-14 01:23:40,711 - ERROR - Error navigating to next page: Message: element click intercepted: Element <a href="https://fundraiseinsider.com/saas-lead-generation/">...</a> is not clickable at point (766, 13). Other element would receive the click: <div class="conv-wrap conv_closer_right" style="backdrop-filter:initial;">...</div>
  (Session info: chrome=135.0.7049.85)
Stacktrace:
0   chromedriver                        0x0000000104d5adec cxxbridge1$str$ptr + 2817040
1   chromedriver                        0x0000000104d53088 cxxbridge1$str$ptr + 2784940
2   chromedriver                        0x000000010489a8d8 cxxbridge1$string$len + 93028
3   chromedriver                        0x00000001048e71a8 cxxbridge1$string$len + 406580
4   chromedriver                        0x00000001048e5738 cxxbridge1$string$len + 399812
5   chromedriver                        0x00000001048e354c cxxbridge1$string$len + 391128
6   chromedriver                        0x00000001048e2948 cxxbridge1$string$len + 388052
7   chromedriver                        0x00000001048d72b0 cxxbridge1$string$len + 341308
8   chromedriver                        0x00000001048d6d3c cxxbridge1$string$len + 339912
9   chromedriver                        0x00000001049227b8 cxxbridge1$string$len + 649796
10  chromedriver                        0x00000001048d5a80 cxxbridge1$string$len + 335116
11  chromedriver                        0x0000000104d1fc74 cxxbridge1$str$ptr + 2575000
12  chromedriver                        0x0000000104d22f40 cxxbridge1$str$ptr + 2588004
13  chromedriver                        0x0000000104cff9fc cxxbridge1$str$ptr + 2443296
14  chromedriver                        0x0000000104d237bc cxxbridge1$str$ptr + 2590176
15  chromedriver                        0x0000000104cf0af0 cxxbridge1$str$ptr + 2382100
16  chromedriver                        0x0000000104d439a0 cxxbridge1$str$ptr + 2721732
17  chromedriver                        0x0000000104d43b2c cxxbridge1$str$ptr + 2722128
18  chromedriver                        0x0000000104d52cd4 cxxbridge1$str$ptr + 2783992
19  libsystem_pthread.dylib             0x0000000188803fa8 _pthread_start + 148
20  libsystem_pthread.dylib             0x00000001887feda0 thread_start + 8

2025-04-14 01:23:40,712 - WARNING - No data to save
2025-04-14 01:23:40,714 - INFO - Extraction completed in 13.79 seconds
2025-04-14 01:23:40,714 - INFO - Extracted 0 companies from 1 pages
2025-04-14 01:23:40,819 - INFO - WebDriver closed
2025-04-14 01:23:40,819 - INFO - Next extraction scheduled for: 2025-04-15 01:23:40
2025-04-14 01:31:22,189 - INFO - Setting up scheduled extraction (every 24 hours)
2025-04-14 01:31:22,189 - INFO - Starting extraction process
2025-04-14 01:31:22,189 - INFO - Setting up Chrome WebDriver...
2025-04-14 01:31:22,189 - INFO - ====== WebDriver manager ======
2025-04-14 01:31:22,272 - INFO - Get LATEST chromedriver version for google-chrome
2025-04-14 01:31:22,321 - INFO - Get LATEST chromedriver version for google-chrome
2025-04-14 01:31:22,363 - INFO - Driver [/Users/hk/.wdm/drivers/chromedriver/mac64/135.0.7049.84/chromedriver-mac-arm64/chromedriver] found in cache
2025-04-14 01:31:23,723 - INFO - WebDriver setup completed successfully
2025-04-14 01:31:23,723 - INFO - Navigating to https://fundraiseinsider.com/blog/recently-funded-startups-san-francisco/#showform-238066
2025-04-14 01:31:24,970 - INFO - Checking for popups...
2025-04-14 01:31:25,057 - INFO - Scrolling through page...
2025-04-14 01:31:34,783 - INFO - Page scrolling completed
2025-04-14 01:31:34,785 - INFO - Page navigation successful
2025-04-14 01:31:34,785 - INFO - Extracting data from page 1
2025-04-14 01:31:34,816 - INFO - Found 21 data rows
2025-04-14 01:31:34,863 - INFO - Extracted: Rembrand - 2-Jan-25
2025-04-14 01:31:34,891 - INFO - Extracted: Wurthy - 30-Dec-24
2025-04-14 01:31:34,915 - INFO - Extracted: Frontier Bio - 25-Dec-24
2025-04-14 01:31:34,949 - INFO - Extracted: Courtyard - 23-Dec-24
2025-04-14 01:31:34,978 - INFO - Extracted: Pasadena Private Lending - 19-Dec-24
2025-04-14 01:31:35,006 - INFO - Extracted: Tenor - 19-Dec-24
2025-04-14 01:31:35,037 - INFO - Extracted: Earli - 19-Dec-24
2025-04-14 01:31:35,077 - INFO - Extracted: Child Family Health International - 19-Dec-24
2025-04-14 01:31:35,108 - INFO - Extracted: SandboxAQ - 18-Dec-24
2025-04-14 01:31:35,147 - INFO - Extracted: Plume Network - 18-Dec-24
2025-04-14 01:31:35,177 - INFO - Extracted: Hamming AI - 18-Dec-24
2025-04-14 01:31:35,209 - INFO - Extracted: CourtScribes - 18-Dec-24
2025-04-14 01:31:35,237 - INFO - Extracted: Perplexity - 18-Dec-24
2025-04-14 01:31:35,265 - INFO - Extracted: Lyten - 18-Dec-24
2025-04-14 01:31:35,294 - INFO - Extracted: Fairbanc - 18-Dec-24
2025-04-14 01:31:35,329 - INFO - Extracted: Mojave Energy Systems - 18-Dec-24
2025-04-14 01:31:35,370 - INFO - Extracted: Fraction AI - 18-Dec-24
2025-04-14 01:31:35,398 - INFO - Extracted: Schwarm Technologies Inc. - 17-Dec-24
2025-04-14 01:31:35,428 - INFO - Extracted: Landbase - 17-Dec-24
2025-04-14 01:31:35,458 - INFO - Extracted: Acre - 17-Dec-24
2025-04-14 01:31:35,458 - INFO - Attempting to navigate to the next page from page 1
2025-04-14 01:31:35,458 - INFO - Checking for popups and overlays...
2025-04-14 01:31:35,497 - INFO - Closing popup or overlay using selector: //div[contains(@class, 'conv-wrap')]
2025-04-14 01:31:40,078 - INFO - Successfully navigated to page 2
2025-04-14 01:31:40,078 - INFO - Checking for popups and overlays...
2025-04-14 01:31:40,113 - INFO - Scrolling through page...
2025-04-14 01:31:49,724 - INFO - Page scrolling completed
2025-04-14 01:31:49,725 - INFO - Extracting data from page 2
2025-04-14 01:31:49,755 - INFO - Found 4 data rows
2025-04-14 01:31:49,794 - INFO - Extracted: Perplexity AI - 4-Jan-24
2025-04-14 01:31:49,826 - INFO - Extracted: GSI Technology - 3-Jan-24
2025-04-14 01:31:49,855 - INFO - Extracted: Paceline - 1-Jan-24
2025-04-14 01:31:49,855 - INFO - Attempting to navigate to the next page from page 2
2025-04-14 01:31:49,855 - INFO - Checking for popups and overlays...
2025-04-14 01:31:53,919 - INFO - Successfully navigated to page 3
2025-04-14 01:31:53,919 - INFO - Checking for popups and overlays...
2025-04-14 01:31:53,962 - INFO - Scrolling through page...
2025-04-14 01:32:03,569 - INFO - Page scrolling completed
2025-04-14 01:32:03,570 - INFO - Extracting data from page 3
2025-04-14 01:32:03,590 - INFO - Found 4 data rows
2025-04-14 01:32:03,629 - INFO - Extracted: Perplexity AI - 4-Jan-24
2025-04-14 01:32:03,662 - INFO - Extracted: GSI Technology - 3-Jan-24
2025-04-14 01:32:03,690 - INFO - Extracted: Paceline - 1-Jan-24
2025-04-14 01:32:03,690 - INFO - Attempting to navigate to the next page from page 3
2025-04-14 01:32:03,690 - INFO - Checking for popups and overlays...
2025-04-14 01:32:07,784 - INFO - Successfully navigated to page 4
2025-04-14 01:32:07,784 - INFO - Checking for popups and overlays...
2025-04-14 01:32:07,820 - INFO - Scrolling through page...
2025-04-14 01:32:17,466 - INFO - Page scrolling completed
2025-04-14 01:32:17,467 - INFO - Extracting data from page 4
2025-04-14 01:32:17,558 - INFO - Found 4 data rows
2025-04-14 01:32:17,652 - INFO - Extracted: Perplexity AI - 4-Jan-24
2025-04-14 01:32:17,687 - INFO - Extracted: GSI Technology - 3-Jan-24
2025-04-14 01:32:17,724 - INFO - Extracted: Paceline - 1-Jan-24
2025-04-14 01:32:17,724 - INFO - Attempting to navigate to the next page from page 4
2025-04-14 01:32:17,724 - INFO - Checking for popups and overlays...
2025-04-14 01:32:21,831 - INFO - Successfully navigated to page 5
2025-04-14 01:32:21,831 - INFO - Checking for popups and overlays...
2025-04-14 01:32:21,862 - INFO - Scrolling through page...
2025-04-14 01:32:31,536 - INFO - Page scrolling completed
2025-04-14 01:32:31,536 - INFO - Extracting data from page 5
2025-04-14 01:32:31,564 - INFO - Found 4 data rows
2025-04-14 01:32:31,609 - INFO - Extracted: Perplexity AI - 4-Jan-24
2025-04-14 01:32:31,645 - INFO - Extracted: GSI Technology - 3-Jan-24
2025-04-14 01:32:31,670 - INFO - Extracted: Paceline - 1-Jan-24
2025-04-14 01:32:31,670 - INFO - Attempting to navigate to the next page from page 5
2025-04-14 01:32:31,670 - INFO - Checking for popups and overlays...
2025-04-14 01:32:35,720 - INFO - Successfully navigated to page 6
2025-04-14 01:32:35,721 - INFO - Checking for popups and overlays...
2025-04-14 01:32:35,755 - INFO - Scrolling through page...
2025-04-14 01:32:45,506 - INFO - Page scrolling completed
2025-04-14 01:32:45,507 - INFO - Extracting data from page 6
2025-04-14 01:32:45,536 - INFO - Found 4 data rows
2025-04-14 01:32:45,582 - INFO - Extracted: Perplexity AI - 4-Jan-24
2025-04-14 01:32:45,625 - INFO - Extracted: GSI Technology - 3-Jan-24
2025-04-14 01:32:45,655 - INFO - Extracted: Paceline - 1-Jan-24
2025-04-14 01:32:45,655 - INFO - Attempting to navigate to the next page from page 6
2025-04-14 01:32:45,655 - INFO - Checking for popups and overlays...
2025-04-14 01:32:49,735 - INFO - Successfully navigated to page 7
2025-04-14 01:32:49,736 - INFO - Checking for popups and overlays...
2025-04-14 01:32:49,782 - INFO - Scrolling through page...
2025-04-14 01:32:59,481 - INFO - Page scrolling completed
2025-04-14 01:32:59,483 - INFO - Extracting data from page 7
2025-04-14 01:32:59,507 - INFO - Found 4 data rows
2025-04-14 01:32:59,558 - INFO - Extracted: Perplexity AI - 4-Jan-24
2025-04-14 01:32:59,596 - INFO - Extracted: GSI Technology - 3-Jan-24
2025-04-14 01:32:59,628 - INFO - Extracted: Paceline - 1-Jan-24
2025-04-14 01:32:59,628 - INFO - Attempting to navigate to the next page from page 7
2025-04-14 01:32:59,628 - INFO - Checking for popups and overlays...
2025-04-14 01:33:03,706 - INFO - Successfully navigated to page 8
2025-04-14 01:33:03,707 - INFO - Checking for popups and overlays...
2025-04-14 01:33:03,747 - INFO - Scrolling through page...
2025-04-14 01:33:13,363 - INFO - Page scrolling completed
2025-04-14 01:33:13,365 - INFO - Extracting data from page 8
2025-04-14 01:33:13,408 - INFO - Found 4 data rows
2025-04-14 01:33:13,448 - INFO - Extracted: Perplexity AI - 4-Jan-24
2025-04-14 01:33:13,477 - INFO - Extracted: GSI Technology - 3-Jan-24
2025-04-14 01:33:13,507 - INFO - Extracted: Paceline - 1-Jan-24
2025-04-14 01:33:13,507 - INFO - Attempting to navigate to the next page from page 8
2025-04-14 01:33:13,507 - INFO - Checking for popups and overlays...
2025-04-14 01:33:17,582 - INFO - Successfully navigated to page 9
2025-04-14 01:33:17,582 - INFO - Checking for popups and overlays...
2025-04-14 01:33:17,617 - INFO - Scrolling through page...
2025-04-14 01:33:27,234 - INFO - Page scrolling completed
2025-04-14 01:33:27,236 - INFO - Extracting data from page 9
2025-04-14 01:33:27,274 - INFO - Found 4 data rows
2025-04-14 01:33:27,315 - INFO - Extracted: Perplexity AI - 4-Jan-24
2025-04-14 01:33:27,344 - INFO - Extracted: GSI Technology - 3-Jan-24
2025-04-14 01:33:27,375 - INFO - Extracted: Paceline - 1-Jan-24
2025-04-14 01:33:27,375 - INFO - Attempting to navigate to the next page from page 9
2025-04-14 01:33:27,375 - INFO - Checking for popups and overlays...
2025-04-14 01:33:31,437 - INFO - Successfully navigated to page 10
2025-04-14 01:33:31,437 - INFO - Checking for popups and overlays...
2025-04-14 01:33:31,463 - INFO - Scrolling through page...
2025-04-14 01:33:41,073 - INFO - Page scrolling completed
2025-04-14 01:33:41,075 - INFO - Extracting data from page 10
2025-04-14 01:33:41,093 - INFO - Found 4 data rows
2025-04-14 01:33:41,142 - INFO - Extracted: Perplexity AI - 4-Jan-24
2025-04-14 01:33:41,176 - INFO - Extracted: GSI Technology - 3-Jan-24
2025-04-14 01:33:41,213 - INFO - Extracted: Paceline - 1-Jan-24
2025-04-14 01:33:41,213 - INFO - Attempting to navigate to the next page from page 10
2025-04-14 01:33:41,213 - INFO - Checking for popups and overlays...
2025-04-14 01:33:45,274 - INFO - Successfully navigated to page 11
2025-04-14 01:33:45,274 - INFO - Checking for popups and overlays...
2025-04-14 01:33:45,300 - INFO - Scrolling through page...
2025-04-14 01:33:54,902 - INFO - Page scrolling completed
2025-04-14 01:33:54,903 - INFO - Extracting data from page 11
2025-04-14 01:33:54,948 - INFO - Found 4 data rows
2025-04-14 01:33:54,993 - INFO - Extracted: Perplexity AI - 4-Jan-24
2025-04-14 01:33:55,023 - INFO - Extracted: GSI Technology - 3-Jan-24
2025-04-14 01:33:55,142 - INFO - Extracted: Paceline - 1-Jan-24
2025-04-14 01:33:55,142 - INFO - Attempting to navigate to the next page from page 11
2025-04-14 01:33:55,142 - INFO - Checking for popups and overlays...
2025-04-14 01:33:59,218 - INFO - Successfully navigated to page 12
2025-04-14 01:33:59,218 - INFO - Checking for popups and overlays...
2025-04-14 01:33:59,246 - INFO - Scrolling through page...
2025-04-14 01:34:08,847 - INFO - Page scrolling completed
2025-04-14 01:34:08,849 - INFO - Extracting data from page 12
2025-04-14 01:34:08,878 - INFO - Found 4 data rows
2025-04-14 01:34:08,915 - INFO - Extracted: Perplexity AI - 4-Jan-24
2025-04-14 01:34:08,941 - INFO - Extracted: GSI Technology - 3-Jan-24
2025-04-14 01:34:08,965 - INFO - Extracted: Paceline - 1-Jan-24
2025-04-14 01:34:08,965 - INFO - Attempting to navigate to the next page from page 12
2025-04-14 01:34:08,965 - INFO - Checking for popups and overlays...
2025-04-14 01:34:13,021 - INFO - Successfully navigated to page 13
2025-04-14 01:34:13,021 - INFO - Checking for popups and overlays...
2025-04-14 01:34:13,048 - INFO - Scrolling through page...
2025-04-14 01:34:22,655 - INFO - Page scrolling completed
2025-04-14 01:34:22,656 - INFO - Extracting data from page 13
2025-04-14 01:34:22,705 - INFO - Found 4 data rows
2025-04-14 01:34:22,740 - INFO - Extracted: Perplexity AI - 4-Jan-24
2025-04-14 01:34:22,769 - INFO - Extracted: GSI Technology - 3-Jan-24
2025-04-14 01:34:22,798 - INFO - Extracted: Paceline - 1-Jan-24
2025-04-14 01:34:22,798 - INFO - Attempting to navigate to the next page from page 13
2025-04-14 01:34:22,798 - INFO - Checking for popups and overlays...
2025-04-14 01:34:26,883 - INFO - Successfully navigated to page 14
2025-04-14 01:34:26,883 - INFO - Checking for popups and overlays...
2025-04-14 01:34:26,925 - INFO - Scrolling through page...
2025-04-14 01:34:36,533 - INFO - Page scrolling completed
2025-04-14 01:34:36,535 - INFO - Extracting data from page 14
2025-04-14 01:34:36,565 - INFO - Found 4 data rows
2025-04-14 01:34:36,628 - INFO - Extracted: Perplexity AI - 4-Jan-24
2025-04-14 01:34:36,655 - INFO - Extracted: GSI Technology - 3-Jan-24
2025-04-14 01:34:36,685 - INFO - Extracted: Paceline - 1-Jan-24
2025-04-14 01:34:36,685 - INFO - Attempting to navigate to the next page from page 14
2025-04-14 01:34:36,685 - INFO - Checking for popups and overlays...
2025-04-14 01:34:40,749 - INFO - Successfully navigated to page 15
2025-04-14 01:34:40,749 - INFO - Checking for popups and overlays...
2025-04-14 01:34:40,792 - INFO - Scrolling through page...
2025-04-14 01:34:50,412 - INFO - Page scrolling completed
2025-04-14 01:34:50,414 - INFO - Extracting data from page 15
2025-04-14 01:34:50,445 - INFO - Found 4 data rows
2025-04-14 01:34:50,482 - INFO - Extracted: Perplexity AI - 4-Jan-24
2025-04-14 01:34:50,507 - INFO - Extracted: GSI Technology - 3-Jan-24
2025-04-14 01:34:50,530 - INFO - Extracted: Paceline - 1-Jan-24
2025-04-14 01:34:50,530 - INFO - Attempting to navigate to the next page from page 15
2025-04-14 01:34:50,530 - INFO - Checking for popups and overlays...
2025-04-14 01:34:54,593 - INFO - Successfully navigated to page 16
2025-04-14 01:34:54,593 - INFO - Checking for popups and overlays...
2025-04-14 01:34:54,636 - INFO - Scrolling through page...
2025-04-14 01:35:04,258 - INFO - Page scrolling completed
2025-04-14 01:35:04,258 - INFO - Extracting data from page 16
2025-04-14 01:35:04,290 - INFO - Found 4 data rows
2025-04-14 01:35:04,327 - INFO - Extracted: Perplexity AI - 4-Jan-24
2025-04-14 01:35:04,352 - INFO - Extracted: GSI Technology - 3-Jan-24
2025-04-14 01:35:04,376 - INFO - Extracted: Paceline - 1-Jan-24
2025-04-14 01:35:04,377 - INFO - Attempting to navigate to the next page from page 16
2025-04-14 01:35:04,377 - INFO - Checking for popups and overlays...
2025-04-14 01:35:08,437 - INFO - Successfully navigated to page 17
2025-04-14 01:35:08,437 - INFO - Checking for popups and overlays...
2025-04-14 01:35:08,480 - INFO - Scrolling through page...
2025-04-14 01:35:18,114 - INFO - Page scrolling completed
2025-04-14 01:35:18,115 - INFO - Extracting data from page 17
2025-04-14 01:35:18,144 - INFO - Found 4 data rows
2025-04-14 01:35:18,188 - INFO - Extracted: Perplexity AI - 4-Jan-24
2025-04-14 01:35:18,212 - INFO - Extracted: GSI Technology - 3-Jan-24
2025-04-14 01:35:18,239 - INFO - Extracted: Paceline - 1-Jan-24
2025-04-14 01:35:18,239 - INFO - Attempting to navigate to the next page from page 17
2025-04-14 01:35:18,239 - INFO - Checking for popups and overlays...
2025-04-14 01:35:22,301 - INFO - Successfully navigated to page 18
2025-04-14 01:35:22,302 - INFO - Checking for popups and overlays...
2025-04-14 01:35:22,345 - INFO - Scrolling through page...
2025-04-14 01:35:31,968 - INFO - Page scrolling completed
2025-04-14 01:35:31,970 - INFO - Extracting data from page 18
2025-04-14 01:35:32,000 - INFO - Found 4 data rows
2025-04-14 01:35:32,039 - INFO - Extracted: Perplexity AI - 4-Jan-24
2025-04-14 01:35:32,064 - INFO - Extracted: GSI Technology - 3-Jan-24
2025-04-14 01:35:32,088 - INFO - Extracted: Paceline - 1-Jan-24
2025-04-14 01:35:32,088 - INFO - Attempting to navigate to the next page from page 18
2025-04-14 01:35:32,088 - INFO - Checking for popups and overlays...
2025-04-14 01:35:36,149 - INFO - Successfully navigated to page 19
2025-04-14 01:35:36,149 - INFO - Checking for popups and overlays...
2025-04-14 01:35:36,192 - INFO - Scrolling through page...
2025-04-14 01:35:45,821 - INFO - Page scrolling completed
2025-04-14 01:35:45,821 - INFO - Extracting data from page 19
2025-04-14 01:35:45,852 - INFO - Found 4 data rows
2025-04-14 01:35:45,891 - INFO - Extracted: Perplexity AI - 4-Jan-24
2025-04-14 01:35:45,915 - INFO - Extracted: GSI Technology - 3-Jan-24
2025-04-14 01:35:45,939 - INFO - Extracted: Paceline - 1-Jan-24
2025-04-14 01:35:45,939 - INFO - Attempting to navigate to the next page from page 19
2025-04-14 01:35:45,939 - INFO - Checking for popups and overlays...
2025-04-14 01:35:49,997 - INFO - Successfully navigated to page 20
2025-04-14 01:35:49,998 - INFO - Checking for popups and overlays...
2025-04-14 01:35:50,041 - INFO - Scrolling through page...
2025-04-14 01:35:59,664 - INFO - Page scrolling completed
2025-04-14 01:35:59,666 - INFO - Extracting data from page 20
2025-04-14 01:35:59,696 - INFO - Found 4 data rows
2025-04-14 01:35:59,733 - INFO - Extracted: Perplexity AI - 4-Jan-24
2025-04-14 01:35:59,759 - INFO - Extracted: GSI Technology - 3-Jan-24
2025-04-14 01:35:59,781 - INFO - Extracted: Paceline - 1-Jan-24
2025-04-14 01:35:59,781 - INFO - Attempting to navigate to the next page from page 20
2025-04-14 01:35:59,781 - INFO - Checking for popups and overlays...
2025-04-14 01:36:03,848 - INFO - Successfully navigated to page 21
2025-04-14 01:36:03,848 - INFO - Checking for popups and overlays...
2025-04-14 01:36:03,890 - INFO - Scrolling through page...
2025-04-14 01:36:13,518 - INFO - Page scrolling completed
2025-04-14 01:36:13,519 - INFO - Extracting data from page 21
2025-04-14 01:36:13,549 - INFO - Found 4 data rows
2025-04-14 01:36:13,587 - INFO - Extracted: Perplexity AI - 4-Jan-24
2025-04-14 01:36:13,612 - INFO - Extracted: GSI Technology - 3-Jan-24
2025-04-14 01:36:13,636 - INFO - Extracted: Paceline - 1-Jan-24
2025-04-14 01:36:13,636 - INFO - Attempting to navigate to the next page from page 21
2025-04-14 01:36:13,636 - INFO - Checking for popups and overlays...
2025-04-14 01:36:17,723 - INFO - Successfully navigated to page 22
2025-04-14 01:36:17,723 - INFO - Checking for popups and overlays...
2025-04-14 01:36:17,837 - INFO - Scrolling through page...
2025-04-14 01:36:27,464 - INFO - Page scrolling completed
2025-04-14 01:36:27,466 - INFO - Extracting data from page 22
2025-04-14 01:36:27,497 - INFO - Found 4 data rows
2025-04-14 01:36:27,536 - INFO - Extracted: Perplexity AI - 4-Jan-24
2025-04-14 01:36:27,562 - INFO - Extracted: GSI Technology - 3-Jan-24
2025-04-14 01:36:27,587 - INFO - Extracted: Paceline - 1-Jan-24
2025-04-14 01:36:27,587 - INFO - Attempting to navigate to the next page from page 22
2025-04-14 01:36:27,587 - INFO - Checking for popups and overlays...
2025-04-14 01:36:31,646 - INFO - Successfully navigated to page 23
2025-04-14 01:36:31,646 - INFO - Checking for popups and overlays...
2025-04-14 01:36:31,687 - INFO - Scrolling through page...
2025-04-14 01:36:41,299 - INFO - Page scrolling completed
2025-04-14 01:36:41,300 - INFO - Extracting data from page 23
2025-04-14 01:36:41,333 - INFO - Found 4 data rows
2025-04-14 01:36:41,370 - INFO - Extracted: Perplexity AI - 4-Jan-24
2025-04-14 01:36:41,394 - INFO - Extracted: GSI Technology - 3-Jan-24
2025-04-14 01:36:41,420 - INFO - Extracted: Paceline - 1-Jan-24
2025-04-14 01:36:41,420 - INFO - Attempting to navigate to the next page from page 23
2025-04-14 01:36:41,420 - INFO - Checking for popups and overlays...
2025-04-14 01:36:41,448 - INFO - Closing popup or overlay using selector: //div[contains(@class, 'conv-wrap')]
2025-04-14 01:36:46,508 - ERROR - Error navigating to next page: Message: no such window: target window already closed
from unknown error: web view not found
  (Session info: chrome=135.0.7049.85)
Stacktrace:
0   chromedriver                        0x0000000100c2edec cxxbridge1$str$ptr + 2817040
1   chromedriver                        0x0000000100c27088 cxxbridge1$str$ptr + 2784940
2   chromedriver                        0x000000010076e8d8 cxxbridge1$string$len + 93028
3   chromedriver                        0x0000000100748758 chromedriver + 132952
4   chromedriver                        0x00000001007dd734 cxxbridge1$string$len + 547264
5   chromedriver                        0x00000001007f62c4 cxxbridge1$string$len + 648528
6   chromedriver                        0x00000001007a9a80 cxxbridge1$string$len + 335116
7   chromedriver                        0x0000000100bf3c74 cxxbridge1$str$ptr + 2575000
8   chromedriver                        0x0000000100bf6f40 cxxbridge1$str$ptr + 2588004
9   chromedriver                        0x0000000100bd39fc cxxbridge1$str$ptr + 2443296
10  chromedriver                        0x0000000100bf77bc cxxbridge1$str$ptr + 2590176
11  chromedriver                        0x0000000100bc4af0 cxxbridge1$str$ptr + 2382100
12  chromedriver                        0x0000000100c179a0 cxxbridge1$str$ptr + 2721732
13  chromedriver                        0x0000000100c17b2c cxxbridge1$str$ptr + 2722128
14  chromedriver                        0x0000000100c26cd4 cxxbridge1$str$ptr + 2783992
15  libsystem_pthread.dylib             0x0000000188803fa8 _pthread_start + 148
16  libsystem_pthread.dylib             0x00000001887feda0 thread_start + 8

2025-04-14 01:36:46,511 - INFO - Successfully saved 86 records to fundraise_insider_sf_startups_20250414_013646.csv
2025-04-14 01:36:46,512 - INFO - Companies saved:
2025-04-14 01:36:46,512 - INFO - - Rembrand
2025-04-14 01:36:46,512 - INFO - - Wurthy
2025-04-14 01:36:46,512 - INFO - - Frontier Bio
2025-04-14 01:36:46,512 - INFO - - Courtyard
2025-04-14 01:36:46,512 - INFO - - Pasadena Private Lending
2025-04-14 01:36:46,512 - INFO - - Tenor
2025-04-14 01:36:46,512 - INFO - - Earli
2025-04-14 01:36:46,512 - INFO - - Child Family Health International
2025-04-14 01:36:46,512 - INFO - - SandboxAQ
2025-04-14 01:36:46,512 - INFO - - Plume Network
2025-04-14 01:36:46,512 - INFO - - Hamming AI
2025-04-14 01:36:46,512 - INFO - - CourtScribes
2025-04-14 01:36:46,512 - INFO - - Perplexity
2025-04-14 01:36:46,512 - INFO - - Lyten
2025-04-14 01:36:46,512 - INFO - - Fairbanc
2025-04-14 01:36:46,512 - INFO - - Mojave Energy Systems
2025-04-14 01:36:46,512 - INFO - - Fraction AI
2025-04-14 01:36:46,513 - INFO - - Schwarm Technologies Inc.
2025-04-14 01:36:46,513 - INFO - - Landbase
2025-04-14 01:36:46,513 - INFO - - Acre
2025-04-14 01:36:46,513 - INFO - - Perplexity AI
2025-04-14 01:36:46,513 - INFO - - GSI Technology
2025-04-14 01:36:46,513 - INFO - - Paceline
2025-04-14 01:36:46,513 - INFO - - Perplexity AI
2025-04-14 01:36:46,513 - INFO - - GSI Technology
2025-04-14 01:36:46,513 - INFO - - Paceline
2025-04-14 01:36:46,513 - INFO - - Perplexity AI
2025-04-14 01:36:46,513 - INFO - - GSI Technology
2025-04-14 01:36:46,513 - INFO - - Paceline
2025-04-14 01:36:46,513 - INFO - - Perplexity AI
2025-04-14 01:36:46,513 - INFO - - GSI Technology
2025-04-14 01:36:46,513 - INFO - - Paceline
2025-04-14 01:36:46,513 - INFO - - Perplexity AI
2025-04-14 01:36:46,513 - INFO - - GSI Technology
2025-04-14 01:36:46,513 - INFO - - Paceline
2025-04-14 01:36:46,513 - INFO - - Perplexity AI
2025-04-14 01:36:46,513 - INFO - - GSI Technology
2025-04-14 01:36:46,513 - INFO - - Paceline
2025-04-14 01:36:46,513 - INFO - - Perplexity AI
2025-04-14 01:36:46,513 - INFO - - GSI Technology
2025-04-14 01:36:46,513 - INFO - - Paceline
2025-04-14 01:36:46,513 - INFO - - Perplexity AI
2025-04-14 01:36:46,513 - INFO - - GSI Technology
2025-04-14 01:36:46,513 - INFO - - Paceline
2025-04-14 01:36:46,513 - INFO - - Perplexity AI
2025-04-14 01:36:46,513 - INFO - - GSI Technology
2025-04-14 01:36:46,513 - INFO - - Paceline
2025-04-14 01:36:46,513 - INFO - - Perplexity AI
2025-04-14 01:36:46,513 - INFO - - GSI Technology
2025-04-14 01:36:46,513 - INFO - - Paceline
2025-04-14 01:36:46,513 - INFO - - Perplexity AI
2025-04-14 01:36:46,513 - INFO - - GSI Technology
2025-04-14 01:36:46,513 - INFO - - Paceline
2025-04-14 01:36:46,513 - INFO - - Perplexity AI
2025-04-14 01:36:46,513 - INFO - - GSI Technology
2025-04-14 01:36:46,513 - INFO - - Paceline
2025-04-14 01:36:46,513 - INFO - - Perplexity AI
2025-04-14 01:36:46,513 - INFO - - GSI Technology
2025-04-14 01:36:46,513 - INFO - - Paceline
2025-04-14 01:36:46,513 - INFO - - Perplexity AI
2025-04-14 01:36:46,513 - INFO - - GSI Technology
2025-04-14 01:36:46,513 - INFO - - Paceline
2025-04-14 01:36:46,513 - INFO - - Perplexity AI
2025-04-14 01:36:46,513 - INFO - - GSI Technology
2025-04-14 01:36:46,513 - INFO - - Paceline
2025-04-14 01:36:46,513 - INFO - - Perplexity AI
2025-04-14 01:36:46,513 - INFO - - GSI Technology
2025-04-14 01:36:46,513 - INFO - - Paceline
2025-04-14 01:36:46,513 - INFO - - Perplexity AI
2025-04-14 01:36:46,514 - INFO - - GSI Technology
2025-04-14 01:36:46,514 - INFO - - Paceline
2025-04-14 01:36:46,514 - INFO - - Perplexity AI
2025-04-14 01:36:46,514 - INFO - - GSI Technology
2025-04-14 01:36:46,514 - INFO - - Paceline
2025-04-14 01:36:46,514 - INFO - - Perplexity AI
2025-04-14 01:36:46,514 - INFO - - GSI Technology
2025-04-14 01:36:46,514 - INFO - - Paceline
2025-04-14 01:36:46,514 - INFO - - Perplexity AI
2025-04-14 01:36:46,514 - INFO - - GSI Technology
2025-04-14 01:36:46,514 - INFO - - Paceline
2025-04-14 01:36:46,514 - INFO - - Perplexity AI
2025-04-14 01:36:46,514 - INFO - - GSI Technology
2025-04-14 01:36:46,514 - INFO - - Paceline
2025-04-14 01:36:46,514 - INFO - - Perplexity AI
2025-04-14 01:36:46,514 - INFO - - GSI Technology
2025-04-14 01:36:46,514 - INFO - - Paceline
2025-04-14 01:36:46,516 - INFO - Extraction completed in 324.33 seconds
2025-04-14 01:36:46,516 - INFO - Extracted 86 companies from 23 pages
2025-04-14 01:36:46,664 - INFO - WebDriver closed
2025-04-14 01:36:46,665 - INFO - Next extraction scheduled for: 2025-04-15 01:36:46
2025-04-14 01:49:56,932 - INFO - Setting up scheduled extraction (every 24 hours)
2025-04-14 01:49:56,932 - INFO - Starting extraction process
2025-04-14 01:49:56,932 - INFO - Setting up Chrome WebDriver...
2025-04-14 01:49:56,933 - INFO - ====== WebDriver manager ======
2025-04-14 01:49:57,005 - INFO - Get LATEST chromedriver version for google-chrome
2025-04-14 01:49:57,068 - INFO - Get LATEST chromedriver version for google-chrome
2025-04-14 01:49:57,109 - INFO - Driver [/Users/hk/.wdm/drivers/chromedriver/mac64/135.0.7049.84/chromedriver-mac-arm64/chromedriver] found in cache
2025-04-14 01:49:58,467 - INFO - WebDriver setup completed successfully
2025-04-14 01:49:58,467 - INFO - Navigating to https://fundraiseinsider.com/blog/recently-funded-startups-san-francisco/#showform-238066
2025-04-14 01:49:59,701 - INFO - Checking for potential overlays and popups...
2025-04-14 01:49:59,719 - INFO - Found overlay using selector: //div[contains(@class, 'conv-wrap')]
2025-04-14 01:49:59,726 - INFO - No close button found, removing overlay with JavaScript
2025-04-14 01:50:00,288 - INFO - Found overlay using selector: //div[contains(@class, 'overlay')]
2025-04-14 01:50:00,292 - INFO - No close button found, removing overlay with JavaScript
2025-04-14 01:50:04,185 - INFO - Sent ESC key to close any popups
2025-04-14 01:50:04,867 - INFO - Performing human-like scrolling...
2025-04-14 01:50:25,318 - INFO - Pausing to 'read' content
2025-04-14 01:50:37,481 - INFO - Human-like scrolling completed
2025-04-14 01:50:37,499 - INFO - Table element found on page
2025-04-14 01:50:37,499 - INFO - Checking for potential overlays and popups...
2025-04-14 01:50:37,555 - INFO - Sent ESC key to close any popups
2025-04-14 01:50:37,864 - INFO - Page navigation successful
2025-04-14 01:50:37,865 - INFO - Extracting data from page 1
2025-04-14 01:50:37,865 - INFO - Checking for potential overlays and popups...
2025-04-14 01:50:37,928 - INFO - Sent ESC key to close any popups
2025-04-14 01:50:38,541 - INFO - Trying standard table extraction
2025-04-14 01:50:38,562 - INFO - Found 21 data rows
2025-04-14 01:50:38,596 - INFO - Extracted: Rembrand - 2-Jan-25
2025-04-14 01:50:38,620 - INFO - Extracted: Wurthy - 30-Dec-24
2025-04-14 01:50:38,643 - INFO - Extracted: Frontier Bio - 25-Dec-24
2025-04-14 01:50:38,667 - INFO - Extracted: Courtyard - 23-Dec-24
2025-04-14 01:50:38,690 - INFO - Extracted: Pasadena Private Lending - 19-Dec-24
2025-04-14 01:50:38,718 - INFO - Extracted: Tenor - 19-Dec-24
2025-04-14 01:50:38,741 - INFO - Extracted: Earli - 19-Dec-24
2025-04-14 01:50:38,765 - INFO - Extracted: Child Family Health International - 19-Dec-24
2025-04-14 01:50:38,789 - INFO - Extracted: SandboxAQ - 18-Dec-24
2025-04-14 01:50:38,813 - INFO - Extracted: Plume Network - 18-Dec-24
2025-04-14 01:50:38,837 - INFO - Extracted: Hamming AI - 18-Dec-24
2025-04-14 01:50:38,861 - INFO - Extracted: CourtScribes - 18-Dec-24
2025-04-14 01:50:38,885 - INFO - Extracted: Perplexity - 18-Dec-24
2025-04-14 01:50:38,908 - INFO - Extracted: Lyten - 18-Dec-24
2025-04-14 01:50:38,932 - INFO - Extracted: Fairbanc - 18-Dec-24
2025-04-14 01:50:38,956 - INFO - Extracted: Mojave Energy Systems - 18-Dec-24
2025-04-14 01:50:38,980 - INFO - Extracted: Fraction AI - 18-Dec-24
2025-04-14 01:50:39,003 - INFO - Extracted: Schwarm Technologies Inc. - 17-Dec-24
2025-04-14 01:50:39,027 - INFO - Extracted: Landbase - 17-Dec-24
2025-04-14 01:50:39,050 - INFO - Extracted: Acre - 17-Dec-24
2025-04-14 01:50:39,050 - INFO - Successfully extracted 20 new companies from page 1
2025-04-14 01:50:39,051 - INFO - Attempting to navigate to the next page from page 1
2025-04-14 01:50:39,268 - INFO - Current page: 1, Highest visible page: 5
2025-04-14 01:50:39,268 - INFO - Checking for potential overlays and popups...
2025-04-14 01:50:39,300 - INFO - Sent ESC key to close any popups
2025-04-14 01:50:39,821 - INFO - Found link to page 2
2025-04-14 01:50:40,673 - INFO - Clicking page 2 with JavaScript
2025-04-14 01:50:42,855 - INFO - Successfully navigated to page 2
2025-04-14 01:50:42,856 - INFO - Checking for potential overlays and popups...
2025-04-14 01:50:42,905 - INFO - Sent ESC key to close any popups
2025-04-14 01:50:43,527 - INFO - Performing human-like scrolling...
2025-04-14 01:51:03,067 - INFO - Pausing to 'read' content
2025-04-14 01:51:26,312 - INFO - Human-like scrolling completed
2025-04-14 01:51:26,314 - INFO - Extracting data from page 2
2025-04-14 01:51:26,314 - INFO - Checking for potential overlays and popups...
2025-04-14 01:51:26,384 - INFO - Sent ESC key to close any popups
2025-04-14 01:51:27,029 - INFO - Trying standard table extraction
2025-04-14 01:51:27,058 - INFO - Found 21 data rows
2025-04-14 01:51:27,101 - INFO - Extracted: Finexio - 17-Dec-24
2025-04-14 01:51:27,127 - INFO - Extracted: Anatomy Financial - 17-Dec-24
2025-04-14 01:51:27,151 - INFO - Extracted: Serverfarm - 17-Dec-24
2025-04-14 01:51:27,174 - INFO - Extracted: Flair - 17-Dec-24
2025-04-14 01:51:27,199 - INFO - Extracted: Leapfin - 17-Dec-24
2025-04-14 01:51:27,222 - INFO - Extracted: Parafin - 17-Dec-24
2025-04-14 01:51:27,256 - INFO - Extracted: Indapta Therapeutics - 17-Dec-24
2025-04-14 01:51:27,280 - INFO - Extracted: Xcell Biosciences - 17-Dec-24
2025-04-14 01:51:27,304 - INFO - Extracted: Jiko - 12-Dec-24
2025-04-14 01:51:27,331 - INFO - Extracted: One - 12-Dec-24
2025-04-14 01:51:27,355 - INFO - Extracted: Evinced - 12-Dec-24
2025-04-14 01:51:27,380 - INFO - Extracted: Twelve Labs - 12-Dec-24
2025-04-14 01:51:27,403 - INFO - Extracted: Terradot - 12-Dec-24
2025-04-14 01:51:27,428 - INFO - Extracted: Cartesia - 12-Dec-24
2025-04-14 01:51:27,452 - INFO - Extracted: Vantis Vascular - 12-Dec-24
2025-04-14 01:51:27,475 - INFO - Extracted: Alessa Therapeutics - 12-Dec-24
2025-04-14 01:51:27,500 - INFO - Extracted: Gigs - 12-Dec-24
2025-04-14 01:51:27,523 - INFO - Extracted: Immi - 12-Dec-24
2025-04-14 01:51:27,547 - INFO - Extracted: Albert Invent - 11-Dec-24
2025-04-14 01:51:27,572 - INFO - Extracted: Strategic Venue Partners - 11-Dec-24
2025-04-14 01:51:27,572 - INFO - Successfully extracted 20 new companies from page 2
2025-04-14 01:51:27,572 - INFO - Attempting to navigate to the next page from page 2
2025-04-14 01:51:27,783 - INFO - Current page: 2, Highest visible page: 5
2025-04-14 01:51:27,784 - INFO - Checking for potential overlays and popups...
2025-04-14 01:51:27,816 - INFO - Sent ESC key to close any popups
2025-04-14 01:51:28,539 - INFO - Found link to page 3
2025-04-14 01:51:29,553 - INFO - Clicking page 3 with JavaScript
2025-04-14 01:51:31,263 - INFO - Successfully navigated to page 3
2025-04-14 01:51:31,263 - INFO - Checking for potential overlays and popups...
2025-04-14 01:51:31,313 - INFO - Sent ESC key to close any popups
2025-04-14 01:51:31,964 - INFO - Performing human-like scrolling...
2025-04-14 01:51:54,492 - INFO - Pausing to 'read' content
2025-04-14 01:53:01,932 - INFO - Human-like scrolling completed
2025-04-14 01:53:01,934 - INFO - Extracting data from page 3
2025-04-14 01:53:01,934 - INFO - Checking for potential overlays and popups...
2025-04-14 01:53:02,003 - INFO - Sent ESC key to close any popups
2025-04-14 01:53:07,517 - INFO - Trying standard table extraction
2025-04-14 01:53:07,556 - INFO - Found 21 data rows
2025-04-14 01:53:07,594 - INFO - Extracted: Parsec Education - 11-Dec-24
2025-04-14 01:53:07,620 - INFO - Extracted: Saltmine - 11-Dec-24
2025-04-14 01:53:07,644 - INFO - Extracted: NeuBird - 11-Dec-24
2025-04-14 01:53:07,667 - INFO - Extracted: Aimon Labs - 11-Dec-24
2025-04-14 01:53:07,691 - INFO - Extracted: Ayar Labs - 11-Dec-24
2025-04-14 01:53:07,716 - INFO - Extracted: Vapi - 11-Dec-24
2025-04-14 01:53:07,749 - INFO - Extracted: EzDubs - 11-Dec-24
2025-04-14 01:53:07,778 - INFO - Extracted: Capstan Medical - 11-Dec-24
2025-04-14 01:53:07,803 - INFO - Extracted: Reveal Technology - 11-Dec-24
2025-04-14 01:53:07,832 - INFO - Extracted: Tosi - 11-Dec-24
2025-04-14 01:53:07,856 - INFO - Extracted: Azimuth AI - 11-Dec-24
2025-04-14 01:53:07,879 - INFO - Extracted: Cohesity - 10-Dec-24
2025-04-14 01:53:07,903 - INFO - Extracted: Speak - 10-Dec-24
2025-04-14 01:53:07,927 - INFO - Extracted: Mainframe - 10-Dec-24
2025-04-14 01:53:07,951 - INFO - Extracted: Gyaan - 10-Dec-24
2025-04-14 01:53:07,976 - INFO - Extracted: WeaveGrid - 10-Dec-24
2025-04-14 01:53:08,000 - INFO - Extracted: WindBorne Systems - 10-Dec-24
2025-04-14 01:53:08,023 - INFO - Extracted: Exabits AI - 10-Dec-24
2025-04-14 01:53:08,046 - INFO - Extracted: Gentrace - 10-Dec-24
2025-04-14 01:53:08,071 - INFO - Extracted: LambdaTest - 10-Dec-24
2025-04-14 01:53:08,071 - INFO - Successfully extracted 20 new companies from page 3
2025-04-14 01:53:08,071 - INFO - Attempting to navigate to the next page from page 3
2025-04-14 01:53:08,288 - INFO - Current page: 3, Highest visible page: 5
2025-04-14 01:53:08,289 - INFO - Checking for potential overlays and popups...
2025-04-14 01:53:08,321 - INFO - Sent ESC key to close any popups
2025-04-14 01:53:08,859 - INFO - Found link to page 4
2025-04-14 01:53:10,259 - INFO - Clicking page 4 with JavaScript
2025-04-14 01:53:12,516 - INFO - Successfully navigated to page 4
2025-04-14 01:53:12,516 - INFO - Checking for potential overlays and popups...
2025-04-14 01:53:12,566 - INFO - Sent ESC key to close any popups
2025-04-14 01:53:13,191 - INFO - Performing human-like scrolling...
2025-04-14 01:53:16,607 - INFO - Pausing to 'read' content
2025-04-14 01:53:20,685 - INFO - Human-like scrolling completed
2025-04-14 01:53:20,685 - INFO - Extracting data from page 4
2025-04-14 01:53:20,685 - INFO - Checking for potential overlays and popups...
2025-04-14 01:53:20,754 - INFO - Sent ESC key to close any popups
2025-04-14 01:53:21,222 - INFO - Trying standard table extraction
2025-04-14 01:53:21,251 - INFO - Found 21 data rows
2025-04-14 01:53:21,295 - INFO - Extracted: Aarvik Therapeutics - 10-Dec-24
2025-04-14 01:53:21,326 - INFO - Extracted: WaveForms AI - 10-Dec-24
2025-04-14 01:53:21,350 - INFO - Extracted: Wald.ai - 10-Dec-24
2025-04-14 01:53:21,373 - INFO - Extracted: Wildflower Health - 10-Dec-24
2025-04-14 01:53:21,396 - INFO - Extracted: Aampe - 10-Dec-24
2025-04-14 01:53:21,420 - INFO - Extracted: Cala Health - 9-Dec-24
2025-04-14 01:53:21,443 - INFO - Extracted: Sofar Ocean - 9-Dec-24
2025-04-14 01:53:21,468 - INFO - Extracted: Friend - 9-Dec-24
2025-04-14 01:53:21,491 - INFO - Extracted: Lava - 9-Dec-24
2025-04-14 01:53:21,516 - INFO - Extracted: MiSalud - 9-Dec-24
2025-04-14 01:53:21,539 - INFO - Extracted: Lucra Sports - 5-Dec-24
2025-04-14 01:53:21,562 - INFO - Extracted: Across AI - 5-Dec-24
2025-04-14 01:53:21,586 - INFO - Extracted: BITKRAFT Ventures - 5-Dec-24
2025-04-14 01:53:21,611 - INFO - Extracted: Nuvig Therapeutics - 5-Dec-24
2025-04-14 01:53:21,634 - INFO - Extracted: FutureSearch - 5-Dec-24
2025-04-14 01:53:21,657 - INFO - Extracted: Solana - 5-Dec-24
2025-04-14 01:53:21,683 - INFO - Extracted: Rubi Laboratories - 5-Dec-24
2025-04-14 01:53:21,707 - INFO - Extracted: East Oakland Youth Development Center - 5-Dec-24
2025-04-14 01:53:21,730 - INFO - Extracted: Axiado Corporation - 4-Dec-24
2025-04-14 01:53:21,754 - INFO - Extracted: Enterpret - 4-Dec-24
2025-04-14 01:53:21,754 - INFO - Successfully extracted 20 new companies from page 4
2025-04-14 01:53:21,754 - INFO - Attempting to navigate to the next page from page 4
2025-04-14 01:53:21,966 - INFO - Current page: 4, Highest visible page: 5
2025-04-14 01:53:21,966 - INFO - Checking for potential overlays and popups...
2025-04-14 01:53:21,997 - INFO - Sent ESC key to close any popups
2025-04-14 01:53:22,706 - INFO - Found link to page 5
2025-04-14 01:53:24,002 - INFO - Clicking page 5 with JavaScript
2025-04-14 01:53:25,623 - INFO - Successfully navigated to page 5
2025-04-14 01:53:25,623 - INFO - Checking for potential overlays and popups...
2025-04-14 01:53:25,673 - INFO - Sent ESC key to close any popups
2025-04-14 01:53:26,094 - INFO - Performing human-like scrolling...
2025-04-14 01:53:44,927 - INFO - Pausing to 'read' content
2025-04-14 01:54:10,968 - INFO - Human-like scrolling completed
2025-04-14 01:54:10,970 - INFO - Extracting data from page 5
2025-04-14 01:54:10,970 - INFO - Checking for potential overlays and popups...
2025-04-14 01:54:11,037 - INFO - Sent ESC key to close any popups
2025-04-14 01:54:14,381 - INFO - Trying standard table extraction
2025-04-14 01:54:14,411 - INFO - Found 21 data rows
2025-04-14 01:54:14,452 - INFO - Extracted: HappyRobot - 4-Dec-24
2025-04-14 01:54:14,478 - INFO - Extracted: Offcall - 4-Dec-24
2025-04-14 01:54:14,502 - INFO - Extracted: Etestho - 4-Dec-24
2025-04-14 01:54:14,526 - INFO - Extracted: Antheia - 3-Dec-24
2025-04-14 01:54:14,550 - INFO - Extracted: Aerospike - 3-Dec-24
2025-04-14 01:54:14,574 - INFO - Extracted: Yurts Technologies Inc - 3-Dec-24
2025-04-14 01:54:14,600 - INFO - Extracted: The Tech Interactive - 3-Dec-24
2025-04-14 01:54:14,633 - INFO - Extracted: Maze Therapeutics - 3-Dec-24
2025-04-14 01:54:14,656 - INFO - Extracted: MakersHub - 3-Dec-24
2025-04-14 01:54:14,680 - INFO - Extracted: Vooma - 2-Dec-24
2025-04-14 01:54:14,703 - INFO - Extracted: Lumin Digital - 2-Dec-24
2025-04-14 01:54:14,727 - INFO - Extracted: Upwind Security - 2-Dec-24
2025-04-14 01:54:14,750 - INFO - Extracted: CSpeed - 2-Dec-24
2025-04-14 01:54:14,773 - INFO - Extracted: Cardless - 26-Nov-24
2025-04-14 01:54:14,797 - INFO - Extracted: Sirona Medical - 26-Nov-24
2025-04-14 01:54:14,820 - INFO - Extracted: Wherobots Inc. - 26-Nov-24
2025-04-14 01:54:14,843 - INFO - Extracted: Circleback - 26-Nov-24
2025-04-14 01:54:14,867 - INFO - Extracted: Mindstate Design Labs - 26-Nov-24
2025-04-14 01:54:14,891 - INFO - Extracted: Femtosense - 26-Nov-24
2025-04-14 01:54:14,914 - INFO - Extracted: Play.ht - 25-Nov-24
2025-04-14 01:54:14,915 - INFO - Successfully extracted 20 new companies from page 5
2025-04-14 01:54:14,915 - INFO - Attempting to navigate to the next page from page 5
2025-04-14 01:54:15,126 - INFO - Current page: 5, Highest visible page: 5
2025-04-14 01:54:15,129 - INFO - Checking for potential overlays and popups...
2025-04-14 01:54:15,161 - INFO - Sent ESC key to close any popups
2025-04-14 01:54:15,574 - INFO - Found next button with selector: //a[contains(text(), '»')]
2025-04-14 01:54:16,490 - INFO - Clicking next button with JavaScript
2025-04-14 01:54:19,245 - INFO - Successfully navigated to page 6
2025-04-14 01:54:19,246 - INFO - Checking for potential overlays and popups...
2025-04-14 01:54:19,300 - INFO - Sent ESC key to close any popups
2025-04-14 01:54:19,987 - INFO - Performing human-like scrolling...
2025-04-14 01:54:34,269 - INFO - Pausing to 'read' content
2025-04-14 01:54:48,616 - INFO - Human-like scrolling completed
2025-04-14 01:54:48,618 - INFO - Extracting data from page 6
2025-04-14 01:54:48,618 - INFO - Checking for potential overlays and popups...
2025-04-14 01:54:48,679 - INFO - Sent ESC key to close any popups
2025-04-14 01:54:49,030 - INFO - Trying standard table extraction
2025-04-14 01:54:49,058 - INFO - Found 4 data rows
2025-04-14 01:54:49,104 - INFO - Extracted: Perplexity AI - 4-Jan-24
2025-04-14 01:54:49,131 - INFO - Extracted: GSI Technology - 3-Jan-24
2025-04-14 01:54:49,154 - INFO - Extracted: Paceline - 1-Jan-24
2025-04-14 01:54:49,154 - INFO - Successfully extracted 3 new companies from page 6
2025-04-14 01:54:49,154 - INFO - Attempting to navigate to the next page from page 6
2025-04-14 01:54:49,360 - INFO - Current page: 6, Highest visible page: 56
2025-04-14 01:54:49,360 - INFO - Checking for potential overlays and popups...
2025-04-14 01:54:49,391 - INFO - Sent ESC key to close any popups
2025-04-14 01:54:49,789 - INFO - Found next button with selector: //a[contains(text(), '»')]
2025-04-14 01:54:51,081 - INFO - Clicking next button with JavaScript
2025-04-14 01:54:53,420 - INFO - Successfully navigated to page 7
2025-04-14 01:54:53,420 - INFO - Checking for potential overlays and popups...
2025-04-14 01:54:53,476 - INFO - Sent ESC key to close any popups
2025-04-14 01:54:53,969 - INFO - Performing human-like scrolling...
2025-04-14 01:54:56,319 - INFO - Pausing to 'read' content
2025-04-14 01:55:08,088 - INFO - Human-like scrolling completed
2025-04-14 01:55:08,088 - INFO - Extracting data from page 7
2025-04-14 01:55:08,089 - INFO - Checking for potential overlays and popups...
2025-04-14 01:55:08,155 - INFO - Sent ESC key to close any popups
2025-04-14 01:55:08,603 - INFO - Trying standard table extraction
2025-04-14 01:55:08,632 - INFO - Found 4 data rows
2025-04-14 01:55:08,722 - INFO - Trying alternative table structures
2025-04-14 01:55:08,727 - INFO - Trying aggressive pattern matching
2025-04-14 01:55:08,733 - WARNING - No new companies found on page 7
2025-04-14 01:55:08,733 - INFO - Attempting to navigate to the next page from page 7
2025-04-14 01:55:08,941 - INFO - Current page: 7, Highest visible page: 56
2025-04-14 01:55:08,941 - INFO - Last page may be detected - no data found on current page
2025-04-14 01:55:08,941 - INFO - Last page detected, stopping pagination
2025-04-14 01:55:08,945 - INFO - Successfully saved 103 records to fundraise_insider_sf_startups_20250414_015508.csv
2025-04-14 01:55:08,945 - INFO - Companies extracted:
2025-04-14 01:55:08,945 - INFO - - Rembrand
2025-04-14 01:55:08,945 - INFO - - Wurthy
2025-04-14 01:55:08,945 - INFO - - Frontier Bio
2025-04-14 01:55:08,945 - INFO - - Courtyard
2025-04-14 01:55:08,945 - INFO - - Pasadena Private Lending
2025-04-14 01:55:08,945 - INFO - - Tenor
2025-04-14 01:55:08,945 - INFO - - Earli
2025-04-14 01:55:08,945 - INFO - - Child Family Health International
2025-04-14 01:55:08,945 - INFO - - SandboxAQ
2025-04-14 01:55:08,945 - INFO - - Plume Network
2025-04-14 01:55:08,945 - INFO - - Hamming AI
2025-04-14 01:55:08,945 - INFO - - CourtScribes
2025-04-14 01:55:08,945 - INFO - - Perplexity
2025-04-14 01:55:08,945 - INFO - - Lyten
2025-04-14 01:55:08,945 - INFO - - Fairbanc
2025-04-14 01:55:08,945 - INFO - - Mojave Energy Systems
2025-04-14 01:55:08,945 - INFO - - Fraction AI
2025-04-14 01:55:08,945 - INFO - - Schwarm Technologies Inc.
2025-04-14 01:55:08,945 - INFO - - Landbase
2025-04-14 01:55:08,945 - INFO - - Acre
2025-04-14 01:55:08,945 - INFO - ... and 83 more companies
2025-04-14 01:55:08,947 - INFO - Extraction completed in 312.01 seconds
2025-04-14 01:55:08,947 - INFO - Extracted 103 companies from 7 pages
2025-04-14 01:55:08,947 - INFO - Found 103 unique companies
2025-04-14 01:55:08,947 - INFO - Most recent funding dates: ['1-Jan-24', '10-Dec-24', '11-Dec-24', '12-Dec-24', '17-Dec-24']
2025-04-14 01:55:09,098 - INFO - WebDriver closed
2025-04-14 01:55:09,098 - INFO - Next extraction scheduled for: 2025-04-15 01:55:09
2025-04-14 02:14:03,879 - INFO - Setting up scheduled extraction (every 24 hours)
2025-04-14 02:14:03,879 - INFO - Starting extraction process
2025-04-14 02:14:03,880 - INFO - Setting up Chrome WebDriver...
2025-04-14 02:14:03,880 - INFO - ====== WebDriver manager ======
2025-04-14 02:14:03,965 - INFO - Get LATEST chromedriver version for google-chrome
2025-04-14 02:14:04,026 - INFO - Get LATEST chromedriver version for google-chrome
2025-04-14 02:14:04,064 - INFO - Driver [/Users/hk/.wdm/drivers/chromedriver/mac64/135.0.7049.84/chromedriver-mac-arm64/chromedriver] found in cache
2025-04-14 02:14:05,218 - INFO - WebDriver setup completed successfully
2025-04-14 02:14:05,220 - INFO - Navigating to https://fundraiseinsider.com/blog/recently-funded-startups-san-francisco/#showform-238066
2025-04-14 02:14:06,170 - INFO - Checking for potential overlays and popups...
2025-04-14 02:14:06,188 - INFO - Found overlay using selector: //div[contains(@class, 'conv-wrap')]
2025-04-14 02:14:06,193 - INFO - No close button found, removing overlay with JavaScript
2025-04-14 02:14:06,751 - INFO - Found overlay using selector: //div[contains(@class, 'overlay')]
2025-04-14 02:14:06,760 - INFO - No close button found, removing overlay with JavaScript
2025-04-14 02:14:07,456 - INFO - Sent ESC key to close any popups
2025-04-14 02:14:08,046 - INFO - Performing human-like scrolling...
2025-04-14 02:14:22,101 - INFO - Pausing to 'read' content
2025-04-14 02:14:28,896 - INFO - Human-like scrolling completed
2025-04-14 02:14:28,915 - INFO - Table element found on page
2025-04-14 02:14:28,915 - INFO - Checking for potential overlays and popups...
2025-04-14 02:14:28,969 - INFO - Sent ESC key to close any popups
2025-04-14 02:14:29,662 - INFO - Page navigation successful
2025-04-14 02:14:29,823 - INFO - WebDriver closed
2025-04-14 02:14:29,823 - ERROR - Unhandled error during extraction: 'FundraiseInsiderScraper' object has no attribute 'extract_table_data'
2025-04-14 02:14:29,824 - WARNING - Retrying (Retry(total=2, connect=None, read=None, redirect=None, status=None)) after connection broken by 'NewConnectionError('<urllib3.connection.HTTPConnection object at 0x106c0c320>: Failed to establish a new connection: [Errno 61] Connection refused')': /session/a496ee2fd86974e603129f1d9d51d7be
2025-04-14 02:14:29,824 - WARNING - Retrying (Retry(total=1, connect=None, read=None, redirect=None, status=None)) after connection broken by 'NewConnectionError('<urllib3.connection.HTTPConnection object at 0x106c0c080>: Failed to establish a new connection: [Errno 61] Connection refused')': /session/a496ee2fd86974e603129f1d9d51d7be
2025-04-14 02:14:29,824 - WARNING - Retrying (Retry(total=0, connect=None, read=None, redirect=None, status=None)) after connection broken by 'NewConnectionError('<urllib3.connection.HTTPConnection object at 0x106c0c710>: Failed to establish a new connection: [Errno 61] Connection refused')': /session/a496ee2fd86974e603129f1d9d51d7be
2025-04-14 02:14:29,825 - INFO - WebDriver closed after error
2025-04-14 02:14:29,825 - INFO - Next extraction scheduled for: 2025-04-15 02:14:29
2025-04-14 02:14:49,932 - INFO - Setting up scheduled extraction (every 24 hours)
2025-04-14 02:14:49,932 - INFO - Starting extraction process
2025-04-14 02:14:49,932 - INFO - Setting up Chrome WebDriver...
2025-04-14 02:14:49,932 - INFO - ====== WebDriver manager ======
2025-04-14 02:14:50,004 - INFO - Get LATEST chromedriver version for google-chrome
2025-04-14 02:14:50,044 - INFO - Get LATEST chromedriver version for google-chrome
2025-04-14 02:14:50,079 - INFO - Driver [/Users/hk/.wdm/drivers/chromedriver/mac64/135.0.7049.84/chromedriver-mac-arm64/chromedriver] found in cache
2025-04-14 02:14:51,043 - INFO - WebDriver setup completed successfully
2025-04-14 02:14:51,044 - INFO - Navigating to https://fundraiseinsider.com/blog/recently-funded-startups-san-francisco/#showform-238066
2025-04-14 02:14:52,279 - INFO - Performing efficient scrolling...
2025-04-14 02:14:56,247 - INFO - Scrolling completed
2025-04-14 02:14:56,263 - INFO - Table element found on page
2025-04-14 02:14:56,282 - INFO - Found overlay using selector: //div[contains(@class, 'conv-wrap')]
2025-04-14 02:14:56,292 - INFO - No close button found, removing overlay with JavaScript
2025-04-14 02:14:56,863 - INFO - Found overlay using selector: //div[contains(@class, 'overlay')]
2025-04-14 02:14:56,869 - INFO - No close button found, removing overlay with JavaScript
2025-04-14 02:14:58,541 - INFO - Page navigation successful
2025-04-14 02:14:58,542 - INFO - Extracting data from page 1
2025-04-14 02:14:59,461 - INFO - Trying standard table extraction
2025-04-14 02:14:59,501 - INFO - Found 21 potential data rows
2025-04-14 02:14:59,556 - INFO - Extracted: Rembrand - 2-Jan-25
2025-04-14 02:14:59,579 - INFO - Extracted: Wurthy - 30-Dec-24
2025-04-14 02:14:59,604 - INFO - Extracted: Frontier Bio - 25-Dec-24
2025-04-14 02:14:59,628 - INFO - Extracted: Courtyard - 23-Dec-24
2025-04-14 02:14:59,652 - INFO - Extracted: Pasadena Private Lending - 19-Dec-24
2025-04-14 02:14:59,675 - INFO - Extracted: Tenor - 19-Dec-24
2025-04-14 02:14:59,699 - INFO - Extracted: Earli - 19-Dec-24
2025-04-14 02:14:59,723 - INFO - Extracted: Child Family Health International - 19-Dec-24
2025-04-14 02:14:59,746 - INFO - Extracted: SandboxAQ - 18-Dec-24
2025-04-14 02:14:59,770 - INFO - Extracted: Plume Network - 18-Dec-24
2025-04-14 02:14:59,794 - INFO - Extracted: Hamming AI - 18-Dec-24
2025-04-14 02:14:59,818 - INFO - Extracted: CourtScribes - 18-Dec-24
2025-04-14 02:14:59,841 - INFO - Extracted: Perplexity - 18-Dec-24
2025-04-14 02:14:59,870 - INFO - Extracted: Lyten - 18-Dec-24
2025-04-14 02:14:59,893 - INFO - Extracted: Fairbanc - 18-Dec-24
2025-04-14 02:14:59,917 - INFO - Extracted: Mojave Energy Systems - 18-Dec-24
2025-04-14 02:14:59,941 - INFO - Extracted: Fraction AI - 18-Dec-24
2025-04-14 02:14:59,965 - INFO - Extracted: Schwarm Technologies Inc. - 17-Dec-24
2025-04-14 02:14:59,988 - INFO - Extracted: Landbase - 17-Dec-24
2025-04-14 02:15:00,014 - INFO - Extracted: Acre - 17-Dec-24
2025-04-14 02:15:00,014 - INFO - Successfully extracted 20 new companies from page 1
2025-04-14 02:15:00,014 - INFO - Attempting to navigate from page 1 to next page
2025-04-14 02:15:02,303 - INFO - Found next button using selector: //a[contains(text(), '›')]
2025-04-14 02:15:03,243 - INFO - Clicked next button with JavaScript
2025-04-14 02:15:05,449 - INFO - Successfully navigated to page 2
2025-04-14 02:15:06,562 - INFO - Performing efficient scrolling...
2025-04-14 02:15:08,963 - INFO - Scrolling completed
2025-04-14 02:15:08,965 - INFO - Extracting data from page 2
2025-04-14 02:15:09,482 - INFO - Trying standard table extraction
2025-04-14 02:15:09,494 - INFO - Found 21 potential data rows
2025-04-14 02:15:09,526 - INFO - Extracted: Finexio - 17-Dec-24
2025-04-14 02:15:09,550 - INFO - Extracted: Anatomy Financial - 17-Dec-24
2025-04-14 02:15:09,573 - INFO - Extracted: Serverfarm - 17-Dec-24
2025-04-14 02:15:09,596 - INFO - Extracted: Flair - 17-Dec-24
2025-04-14 02:15:09,621 - INFO - Extracted: Leapfin - 17-Dec-24
2025-04-14 02:15:09,643 - INFO - Extracted: Parafin - 17-Dec-24
2025-04-14 02:15:09,668 - INFO - Extracted: Indapta Therapeutics - 17-Dec-24
2025-04-14 02:15:09,691 - INFO - Extracted: Xcell Biosciences - 17-Dec-24
2025-04-14 02:15:09,715 - INFO - Extracted: Jiko - 12-Dec-24
2025-04-14 02:15:09,739 - INFO - Extracted: One - 12-Dec-24
2025-04-14 02:15:09,762 - INFO - Extracted: Evinced - 12-Dec-24
2025-04-14 02:15:09,786 - INFO - Extracted: Twelve Labs - 12-Dec-24
2025-04-14 02:15:09,810 - INFO - Extracted: Terradot - 12-Dec-24
2025-04-14 02:15:09,834 - INFO - Extracted: Cartesia - 12-Dec-24
2025-04-14 02:15:09,857 - INFO - Extracted: Vantis Vascular - 12-Dec-24
2025-04-14 02:15:09,881 - INFO - Extracted: Alessa Therapeutics - 12-Dec-24
2025-04-14 02:15:09,905 - INFO - Extracted: Gigs - 12-Dec-24
2025-04-14 02:15:09,933 - INFO - Extracted: Immi - 12-Dec-24
2025-04-14 02:15:09,957 - INFO - Extracted: Albert Invent - 11-Dec-24
2025-04-14 02:15:09,980 - INFO - Extracted: Strategic Venue Partners - 11-Dec-24
2025-04-14 02:15:09,980 - INFO - Successfully extracted 20 new companies from page 2
2025-04-14 02:15:09,980 - INFO - Attempting to navigate from page 2 to next page
2025-04-14 02:15:11,585 - INFO - Found next button using selector: //a[contains(text(), '›')]
2025-04-14 02:15:12,729 - INFO - Clicked next button with JavaScript
2025-04-14 02:15:14,343 - INFO - Successfully navigated to page 3
2025-04-14 02:15:14,779 - INFO - Performing efficient scrolling...
2025-04-14 02:15:17,106 - INFO - Scrolling completed
2025-04-14 02:15:17,106 - INFO - Extracting data from page 3
2025-04-14 02:15:18,019 - INFO - Trying standard table extraction
2025-04-14 02:15:18,047 - INFO - Found 21 potential data rows
2025-04-14 02:15:18,095 - INFO - Extracted: Parsec Education - 11-Dec-24
2025-04-14 02:15:18,121 - INFO - Extracted: Saltmine - 11-Dec-24
2025-04-14 02:15:18,144 - INFO - Extracted: NeuBird - 11-Dec-24
2025-04-14 02:15:18,169 - INFO - Extracted: Aimon Labs - 11-Dec-24
2025-04-14 02:15:18,192 - INFO - Extracted: Ayar Labs - 11-Dec-24
2025-04-14 02:15:18,216 - INFO - Extracted: Vapi - 11-Dec-24
2025-04-14 02:15:18,240 - INFO - Extracted: EzDubs - 11-Dec-24
2025-04-14 02:15:18,263 - INFO - Extracted: Capstan Medical - 11-Dec-24
2025-04-14 02:15:18,290 - INFO - Extracted: Reveal Technology - 11-Dec-24
2025-04-14 02:15:18,316 - INFO - Extracted: Tosi - 11-Dec-24
2025-04-14 02:15:18,339 - INFO - Extracted: Azimuth AI - 11-Dec-24
2025-04-14 02:15:18,363 - INFO - Extracted: Cohesity - 10-Dec-24
2025-04-14 02:15:18,386 - INFO - Extracted: Speak - 10-Dec-24
2025-04-14 02:15:18,410 - INFO - Extracted: Mainframe - 10-Dec-24
2025-04-14 02:15:18,433 - INFO - Extracted: Gyaan - 10-Dec-24
2025-04-14 02:15:18,456 - INFO - Extracted: WeaveGrid - 10-Dec-24
2025-04-14 02:15:18,481 - INFO - Extracted: WindBorne Systems - 10-Dec-24
2025-04-14 02:15:18,503 - INFO - Extracted: Exabits AI - 10-Dec-24
2025-04-14 02:15:18,527 - INFO - Extracted: Gentrace - 10-Dec-24
2025-04-14 02:15:18,550 - INFO - Extracted: LambdaTest - 10-Dec-24
2025-04-14 02:15:18,550 - INFO - Successfully extracted 20 new companies from page 3
2025-04-14 02:15:18,550 - INFO - Attempting to navigate from page 3 to next page
2025-04-14 02:15:20,784 - INFO - Found next button using selector: //a[contains(text(), '›')]
2025-04-14 02:15:21,356 - INFO - Clicked next button with JavaScript
2025-04-14 02:15:22,925 - INFO - Successfully navigated to page 4
2025-04-14 02:15:24,091 - INFO - Performing efficient scrolling...
2025-04-14 02:15:27,102 - INFO - Scrolling completed
2025-04-14 02:15:27,103 - INFO - Extracting data from page 4
2025-04-14 02:15:27,736 - INFO - Trying standard table extraction
2025-04-14 02:15:27,760 - INFO - Found 21 potential data rows
2025-04-14 02:15:27,804 - INFO - Extracted: Aarvik Therapeutics - 10-Dec-24
2025-04-14 02:15:27,829 - INFO - Extracted: WaveForms AI - 10-Dec-24
2025-04-14 02:15:27,852 - INFO - Extracted: Wald.ai - 10-Dec-24
2025-04-14 02:15:27,875 - INFO - Extracted: Wildflower Health - 10-Dec-24
2025-04-14 02:15:27,899 - INFO - Extracted: Aampe - 10-Dec-24
2025-04-14 02:15:27,922 - INFO - Extracted: Cala Health - 9-Dec-24
2025-04-14 02:15:27,945 - INFO - Extracted: Sofar Ocean - 9-Dec-24
2025-04-14 02:15:27,968 - INFO - Extracted: Friend - 9-Dec-24
2025-04-14 02:15:27,992 - INFO - Extracted: Lava - 9-Dec-24
2025-04-14 02:15:28,016 - INFO - Extracted: MiSalud - 9-Dec-24
2025-04-14 02:15:28,039 - INFO - Extracted: Lucra Sports - 5-Dec-24
2025-04-14 02:15:28,063 - INFO - Extracted: Across AI - 5-Dec-24
2025-04-14 02:15:28,086 - INFO - Extracted: BITKRAFT Ventures - 5-Dec-24
2025-04-14 02:15:28,109 - INFO - Extracted: Nuvig Therapeutics - 5-Dec-24
2025-04-14 02:15:28,138 - INFO - Extracted: FutureSearch - 5-Dec-24
2025-04-14 02:15:28,160 - INFO - Extracted: Solana - 5-Dec-24
2025-04-14 02:15:28,183 - INFO - Extracted: Rubi Laboratories - 5-Dec-24
2025-04-14 02:15:28,206 - INFO - Extracted: East Oakland Youth Development Center - 5-Dec-24
2025-04-14 02:15:28,230 - INFO - Extracted: Axiado Corporation - 4-Dec-24
2025-04-14 02:15:28,253 - INFO - Extracted: Enterpret - 4-Dec-24
2025-04-14 02:15:28,253 - INFO - Successfully extracted 20 new companies from page 4
2025-04-14 02:15:28,253 - INFO - Attempting to navigate from page 4 to next page
2025-04-14 02:15:29,442 - INFO - Found next button using selector: //a[contains(text(), '›')]
2025-04-14 02:15:30,275 - INFO - Clicked next button with JavaScript
2025-04-14 02:15:32,179 - INFO - Successfully navigated to page 5
2025-04-14 02:15:32,913 - INFO - Performing efficient scrolling...
2025-04-14 02:15:36,728 - INFO - Scrolling completed
2025-04-14 02:15:36,729 - INFO - Extracting data from page 5
2025-04-14 02:15:37,700 - INFO - Trying standard table extraction
2025-04-14 02:15:37,729 - INFO - Found 21 potential data rows
2025-04-14 02:15:37,777 - INFO - Extracted: HappyRobot - 4-Dec-24
2025-04-14 02:15:37,803 - INFO - Extracted: Offcall - 4-Dec-24
2025-04-14 02:15:37,826 - INFO - Extracted: Etestho - 4-Dec-24
2025-04-14 02:15:37,850 - INFO - Extracted: Antheia - 3-Dec-24
2025-04-14 02:15:37,873 - INFO - Extracted: Aerospike - 3-Dec-24
2025-04-14 02:15:37,897 - INFO - Extracted: Yurts Technologies Inc - 3-Dec-24
2025-04-14 02:15:37,921 - INFO - Extracted: The Tech Interactive - 3-Dec-24
2025-04-14 02:15:37,944 - INFO - Extracted: Maze Therapeutics - 3-Dec-24
2025-04-14 02:15:37,968 - INFO - Extracted: MakersHub - 3-Dec-24
2025-04-14 02:15:37,992 - INFO - Extracted: Vooma - 2-Dec-24
2025-04-14 02:15:38,015 - INFO - Extracted: Lumin Digital - 2-Dec-24
2025-04-14 02:15:38,038 - INFO - Extracted: Upwind Security - 2-Dec-24
2025-04-14 02:15:38,061 - INFO - Extracted: CSpeed - 2-Dec-24
2025-04-14 02:15:38,086 - INFO - Extracted: Cardless - 26-Nov-24
2025-04-14 02:15:38,115 - INFO - Extracted: Sirona Medical - 26-Nov-24
2025-04-14 02:15:38,138 - INFO - Extracted: Wherobots Inc. - 26-Nov-24
2025-04-14 02:15:38,161 - INFO - Extracted: Circleback - 26-Nov-24
2025-04-14 02:15:38,185 - INFO - Extracted: Mindstate Design Labs - 26-Nov-24
2025-04-14 02:15:38,208 - INFO - Extracted: Femtosense - 26-Nov-24
2025-04-14 02:15:38,232 - INFO - Extracted: Play.ht - 25-Nov-24
2025-04-14 02:15:38,232 - INFO - Successfully extracted 20 new companies from page 5
2025-04-14 02:15:38,232 - INFO - Attempting to navigate from page 5 to next page
2025-04-14 02:15:39,325 - INFO - Found next button using selector: //a[contains(text(), '›')]
2025-04-14 02:15:39,795 - INFO - Clicked next button with JavaScript
2025-04-14 02:15:42,237 - INFO - Successfully navigated to page 6
2025-04-14 02:15:43,462 - INFO - Performing efficient scrolling...
2025-04-14 02:15:46,405 - INFO - Scrolling completed
2025-04-14 02:15:46,406 - INFO - Extracting data from page 6
2025-04-14 02:15:47,522 - INFO - Trying standard table extraction
2025-04-14 02:15:47,549 - INFO - Found 21 potential data rows
2025-04-14 02:15:47,597 - INFO - Extracted: Tempest DX - 25-Nov-24
2025-04-14 02:15:47,627 - INFO - Extracted: Trustero - 21-Nov-24
2025-04-14 02:15:47,652 - INFO - Extracted: Epic Cleantec - 21-Nov-24
2025-04-14 02:15:47,676 - INFO - Extracted: VISO TRUST - 21-Nov-24
2025-04-14 02:15:47,700 - INFO - Extracted: Aviz Networks - 21-Nov-24
2025-04-14 02:15:47,724 - INFO - Extracted: Arcade - 21-Nov-24
2025-04-14 02:15:47,748 - INFO - Extracted: Anomalo - 21-Nov-24
2025-04-14 02:15:47,772 - INFO - Extracted: Teleo - 21-Nov-24
2025-04-14 02:15:47,795 - INFO - Extracted: Wordware - 21-Nov-24
2025-04-14 02:15:47,829 - INFO - Extracted: Aira Technologies - 20-Nov-24
2025-04-14 02:15:47,853 - INFO - Extracted: Generate Capital - 20-Nov-24
2025-04-14 02:15:47,876 - INFO - Extracted: Rox - 20-Nov-24
2025-04-14 02:15:47,899 - INFO - Extracted: Aethero - 20-Nov-24
2025-04-14 02:15:47,937 - INFO - Extracted: Federato - 20-Nov-24
2025-04-14 02:15:47,960 - INFO - Extracted: Distru - 20-Nov-24
2025-04-14 02:15:47,989 - INFO - Extracted: THEO AI - 20-Nov-24
2025-04-14 02:15:48,026 - INFO - Extracted: Shinami - 20-Nov-24
2025-04-14 02:15:48,050 - INFO - Extracted: PostSig - 20-Nov-24
2025-04-14 02:15:48,073 - INFO - Extracted: Flywheel Dynamix - 20-Nov-24
2025-04-14 02:15:48,096 - INFO - Extracted: New Lantern - 20-Nov-24
2025-04-14 02:15:48,096 - INFO - Successfully extracted 20 new companies from page 6
2025-04-14 02:15:48,096 - INFO - Attempting to navigate from page 6 to next page
2025-04-14 02:15:49,867 - INFO - Found next button using selector: //a[contains(text(), '›')]
2025-04-14 02:15:50,224 - INFO - Clicked next button with JavaScript
2025-04-14 02:15:51,825 - INFO - Successfully navigated to page 7
2025-04-14 02:15:52,608 - INFO - Performing efficient scrolling...
2025-04-14 02:15:55,281 - INFO - Scrolling completed
2025-04-14 02:15:55,282 - INFO - Extracting data from page 7
2025-04-14 02:15:56,410 - INFO - Trying standard table extraction
2025-04-14 02:15:56,440 - INFO - Found 21 potential data rows
2025-04-14 02:15:56,491 - INFO - Extracted: Certinia - 19-Nov-24
2025-04-14 02:15:56,519 - INFO - Extracted: Kong - 19-Nov-24
2025-04-14 02:15:56,551 - INFO - Extracted: Kintsugi AI - 19-Nov-24
2025-04-14 02:15:56,582 - INFO - Extracted: StoreCash - 19-Nov-24
2025-04-14 02:15:56,605 - INFO - Extracted: Spectro Cloud - 19-Nov-24
2025-04-14 02:15:56,629 - INFO - Extracted: BrightAI - 19-Nov-24
2025-04-14 02:15:56,653 - INFO - Extracted: Open Source Wellness - 19-Nov-24
2025-04-14 02:15:56,678 - INFO - Extracted: Neo4j - 19-Nov-24
2025-04-14 02:15:56,701 - INFO - Extracted: Rain AI - 19-Nov-24
2025-04-14 02:15:56,725 - INFO - Extracted: JustPaid - 19-Nov-24
2025-04-14 02:15:56,823 - INFO - Extracted: Cresta - 19-Nov-24
2025-04-14 02:15:56,864 - INFO - Extracted: Enfabrica - 19-Nov-24
2025-04-14 02:15:56,901 - INFO - Extracted: ANAFLASH - 19-Nov-24
2025-04-14 02:15:56,935 - INFO - Extracted: Open Philanthropy - 18-Nov-24
2025-04-14 02:15:56,973 - INFO - Extracted: California University of Science and Medicine - 18-Nov-24
2025-04-14 02:15:57,009 - INFO - Extracted: Zenflow - 18-Nov-24
2025-04-14 02:15:57,044 - INFO - Extracted: Radiant - 14-Nov-24
2025-04-14 02:15:57,087 - INFO - Extracted: Athina AI - 14-Nov-24
2025-04-14 02:15:57,109 - INFO - Extracted: Team-GPT - 14-Nov-24
2025-04-14 02:15:57,132 - INFO - Extracted: Falkonry - 14-Nov-24
2025-04-14 02:15:57,132 - INFO - Successfully extracted 20 new companies from page 7
2025-04-14 02:15:57,132 - INFO - Attempting to navigate from page 7 to next page
2025-04-14 02:15:58,417 - INFO - Found next button using selector: //a[contains(text(), '›')]
2025-04-14 02:15:59,386 - INFO - Clicked next button with JavaScript
2025-04-14 02:16:01,726 - INFO - Successfully navigated to page 8
2025-04-14 02:16:02,405 - INFO - Performing efficient scrolling...
2025-04-14 02:16:06,083 - INFO - Scrolling completed
2025-04-14 02:16:06,084 - INFO - Extracting data from page 8
2025-04-14 02:16:06,685 - INFO - Trying standard table extraction
2025-04-14 02:16:06,712 - INFO - Found 21 potential data rows
2025-04-14 02:16:06,758 - INFO - Extracted: Leland - 13-Nov-24
2025-04-14 02:16:06,792 - INFO - Extracted: TRex Bio - 13-Nov-24
2025-04-14 02:16:06,816 - INFO - Extracted: Medeloop - 13-Nov-24
2025-04-14 02:16:06,840 - INFO - Extracted: OneSkin - 13-Nov-24
2025-04-14 02:16:06,864 - INFO - Extracted: The WiTT Group - 13-Nov-24
2025-04-14 02:16:06,888 - INFO - Extracted: Riot - 13-Nov-24
2025-04-14 02:16:06,912 - INFO - Extracted: Writer - 12-Nov-24
2025-04-14 02:16:06,936 - INFO - Extracted: Trace Neuroscience - 12-Nov-24
2025-04-14 02:16:06,963 - INFO - Extracted: Fastino - 12-Nov-24
2025-04-14 02:16:06,989 - INFO - Extracted: Shiru - 12-Nov-24
2025-04-14 02:16:07,013 - INFO - Extracted: Outbuild - 12-Nov-24
2025-04-14 02:16:07,036 - INFO - Extracted: Anthrogen - 12-Nov-24
2025-04-14 02:16:07,059 - INFO - Extracted: Connecty AI - 11-Nov-24
2025-04-14 02:16:07,082 - INFO - Extracted: AirGarage - 8-Nov-24
2025-04-14 02:16:07,105 - INFO - Extracted: Fractional - 7-Nov-24
2025-04-14 02:16:07,128 - INFO - Extracted: Orbital Sidekick - 7-Nov-24
2025-04-14 02:16:07,152 - INFO - Extracted: Corgea - 6-Nov-24
2025-04-14 02:16:07,176 - INFO - Extracted: OptraScan - 6-Nov-24
2025-04-14 02:16:07,199 - INFO - Extracted: Workhelix - 5-Nov-24
2025-04-14 02:16:07,223 - INFO - Extracted: PrognomiQ - 5-Nov-24
2025-04-14 02:16:07,223 - INFO - Successfully extracted 20 new companies from page 8
2025-04-14 02:16:07,223 - INFO - Attempting to navigate from page 8 to next page
2025-04-14 02:16:08,710 - INFO - Found next button using selector: //a[contains(text(), '›')]
2025-04-14 02:16:09,545 - INFO - Clicked next button with JavaScript
2025-04-14 02:16:12,062 - INFO - Successfully navigated to page 9
2025-04-14 02:16:12,518 - INFO - Performing efficient scrolling...
2025-04-14 02:16:16,217 - INFO - Scrolling completed
2025-04-14 02:16:16,219 - INFO - Extracting data from page 9
2025-04-14 02:16:17,395 - INFO - Trying standard table extraction
2025-04-14 02:16:17,419 - INFO - Found 21 potential data rows
2025-04-14 02:16:17,473 - INFO - Extracted: Carvis.AI - 4-Nov-24
2025-04-14 02:16:17,503 - INFO - Extracted: Inquis Medical - 4-Nov-24
2025-04-14 02:16:17,533 - INFO - Extracted: Augment Code - 4-Nov-24
2025-04-14 02:16:17,556 - INFO - Extracted: Primergy Solar - 4-Nov-24
2025-04-14 02:16:17,579 - INFO - Extracted: Advex AI - 4-Nov-24
2025-04-14 02:16:17,603 - INFO - Extracted: The Nursing Beat - 4-Nov-24
2025-04-14 02:16:17,626 - INFO - Extracted: Cornerstone AI - 31-Oct-24
2025-04-14 02:16:17,649 - INFO - Extracted: Spot AI - 31-Oct-24
2025-04-14 02:16:17,673 - INFO - Extracted: Buddy.ai - 31-Oct-24
2025-04-14 02:16:17,696 - INFO - Extracted: Evommune - 31-Oct-24
2025-04-14 02:16:17,719 - INFO - Extracted: Bugcrowd - 31-Oct-24
2025-04-14 02:16:17,742 - INFO - Extracted: Decart - 31-Oct-24
2025-04-14 02:16:17,766 - INFO - Extracted: Birch Creek Development - 31-Oct-24
2025-04-14 02:16:17,789 - INFO - Extracted: Shadowbox - 31-Oct-24
2025-04-14 02:16:17,811 - INFO - Extracted: Delos Insurance - 31-Oct-24
2025-04-14 02:16:17,834 - INFO - Extracted: Bifrost AI - 30-Oct-24
2025-04-14 02:16:17,857 - INFO - Extracted: Third Wave Automation - 30-Oct-24
2025-04-14 02:16:17,880 - INFO - Extracted: Sapien - 29-Oct-24
2025-04-14 02:16:17,909 - INFO - Extracted: HomeBoost - 29-Oct-24
2025-04-14 02:16:17,933 - INFO - Extracted: LifeSaver Mobile - 29-Oct-24
2025-04-14 02:16:17,933 - INFO - Successfully extracted 20 new companies from page 9
2025-04-14 02:16:17,933 - INFO - Attempting to navigate from page 9 to next page
2025-04-14 02:16:19,406 - INFO - Found next button using selector: //a[contains(text(), '›')]
2025-04-14 02:16:20,274 - INFO - Clicked next button with JavaScript
2025-04-14 02:16:22,174 - INFO - Successfully navigated to page 10
2025-04-14 02:16:23,238 - INFO - Performing efficient scrolling...
2025-04-14 02:16:26,327 - INFO - Scrolling completed
2025-04-14 02:16:26,328 - INFO - Extracting data from page 10
2025-04-14 02:16:27,010 - INFO - Trying standard table extraction
2025-04-14 02:16:27,037 - INFO - Found 21 potential data rows
2025-04-14 02:16:27,085 - INFO - Extracted: CredibleMind - 29-Oct-24
2025-04-14 02:16:27,110 - INFO - Extracted: Opus Guard - 29-Oct-24
2025-04-14 02:16:27,133 - INFO - Extracted: GMI Cloud - 29-Oct-24
2025-04-14 02:16:27,157 - INFO - Extracted: Browserbase - 29-Oct-24
2025-04-14 02:16:27,180 - INFO - Extracted: Armis Security - 28-Oct-24
2025-04-14 02:16:27,203 - INFO - Extracted: Kivu Bioscience - 28-Oct-24
2025-04-14 02:16:27,232 - INFO - Extracted: Sierra - 28-Oct-24
2025-04-14 02:16:27,255 - INFO - Extracted: Fondo - 28-Oct-24
2025-04-14 02:16:27,279 - INFO - Extracted: Abstract Security - 28-Oct-24
2025-04-14 02:16:27,302 - INFO - Extracted: Revyl - 28-Oct-24
2025-04-14 02:16:27,326 - INFO - Extracted: Pharos - 25-Oct-24
2025-04-14 02:16:27,349 - INFO - Extracted: Connect The Dots - 24-Oct-24
2025-04-14 02:16:27,373 - INFO - Extracted: Sociaaal - 24-Oct-24
2025-04-14 02:16:27,396 - INFO - Extracted: AnyLog - 24-Oct-24
2025-04-14 02:16:27,419 - INFO - Extracted: Concentric AI - 24-Oct-24
2025-04-14 02:16:27,443 - INFO - Extracted: PayToMe.co - 24-Oct-24
2025-04-14 02:16:27,467 - INFO - Extracted: Finix - 24-Oct-24
2025-04-14 02:16:27,490 - INFO - Extracted: Simbe Robotics - 24-Oct-24
2025-04-14 02:16:27,513 - INFO - Extracted: Oloid - 24-Oct-24
2025-04-14 02:16:27,536 - INFO - Extracted: Nimble Robotics - 23-Oct-24
2025-04-14 02:16:27,536 - INFO - Successfully extracted 20 new companies from page 10
2025-04-14 02:16:27,536 - INFO - Attempting to navigate from page 10 to next page
2025-04-14 02:16:28,645 - INFO - Found next button using selector: //a[contains(text(), '›')]
2025-04-14 02:16:29,417 - INFO - Clicked next button with JavaScript
2025-04-14 02:16:30,974 - INFO - Successfully navigated to page 11
2025-04-14 02:16:31,392 - INFO - Performing efficient scrolling...
2025-04-14 02:16:34,244 - INFO - Scrolling completed
2025-04-14 02:16:34,244 - INFO - Extracting data from page 11
2025-04-14 02:16:35,356 - INFO - Trying standard table extraction
2025-04-14 02:16:35,385 - INFO - Found 21 potential data rows
2025-04-14 02:16:35,433 - INFO - Extracted: Archy - 23-Oct-24
2025-04-14 02:16:35,459 - INFO - Extracted: Infinitus Systems - 23-Oct-24
2025-04-14 02:16:35,483 - INFO - Extracted: Courie - 23-Oct-24
2025-04-14 02:16:35,512 - INFO - Extracted: Anthro Energy - 23-Oct-24
2025-04-14 02:16:35,535 - INFO - Extracted: LAWFTY - 23-Oct-24
2025-04-14 02:16:35,558 - INFO - Extracted: BodySpec - 22-Oct-24
2025-04-14 02:16:35,582 - INFO - Extracted: Nooks - 22-Oct-24
2025-04-14 02:16:35,605 - INFO - Extracted: CrewAI - 22-Oct-24
2025-04-14 02:16:35,628 - INFO - Extracted: Qpoint - 22-Oct-24
2025-04-14 02:16:35,652 - INFO - Extracted: Globality - 22-Oct-24
2025-04-14 02:16:35,676 - INFO - Extracted: Socket - 22-Oct-24
2025-04-14 02:16:35,699 - INFO - Extracted: Mainspring Energy - 22-Oct-24
2025-04-14 02:16:35,722 - INFO - Extracted: interface.ai - 22-Oct-24
2025-04-14 02:16:35,746 - INFO - Extracted: Trellis Bioscience - 22-Oct-24
2025-04-14 02:16:35,769 - INFO - Extracted: Revelation Partners - 22-Oct-24
2025-04-14 02:16:35,792 - INFO - Extracted: Genmo - 22-Oct-24
2025-04-14 02:16:35,815 - INFO - Extracted: ItsWare - 22-Oct-24
2025-04-14 02:16:35,839 - INFO - Extracted: Avenue Biosciences - 22-Oct-24
2025-04-14 02:16:35,863 - INFO - Extracted: Zip - 21-Oct-24
2025-04-14 02:16:35,886 - INFO - Extracted: HealthEx - 21-Oct-24
2025-04-14 02:16:35,886 - INFO - Successfully extracted 20 new companies from page 11
2025-04-14 02:16:35,886 - INFO - Attempting to navigate from page 11 to next page
2025-04-14 02:16:37,392 - INFO - Found next button using selector: //a[contains(text(), '›')]
2025-04-14 02:16:38,192 - INFO - Clicked next button with JavaScript
2025-04-14 02:16:39,935 - INFO - Successfully navigated to page 12
2025-04-14 02:16:40,454 - INFO - Performing efficient scrolling...
2025-04-14 02:16:43,292 - INFO - Scrolling completed
2025-04-14 02:16:43,293 - INFO - Extracting data from page 12
2025-04-14 02:16:44,186 - INFO - Trying standard table extraction
2025-04-14 02:16:44,216 - INFO - Found 21 potential data rows
2025-04-14 02:16:44,264 - INFO - Extracted: Uprise - 21-Oct-24
2025-04-14 02:16:44,290 - INFO - Extracted: Voxela - 21-Oct-24
2025-04-14 02:16:44,314 - INFO - Extracted: Kick - 17-Oct-24
2025-04-14 02:16:44,337 - INFO - Extracted: AN2 Therapeutics - 17-Oct-24
2025-04-14 02:16:44,361 - INFO - Extracted: Terray Therapeutics - 17-Oct-24
2025-04-14 02:16:44,385 - INFO - Extracted: Abel Police - 17-Oct-24
2025-04-14 02:16:44,409 - INFO - Extracted: Edgee - 17-Oct-24
2025-04-14 02:16:44,434 - INFO - Extracted: GetSetUp - 16-Oct-24
2025-04-14 02:16:44,457 - INFO - Extracted: Samay - 16-Oct-24
2025-04-14 02:16:44,486 - INFO - Extracted: Kiavi - 16-Oct-24
2025-04-14 02:16:44,509 - INFO - Extracted: Tako - 16-Oct-24
2025-04-14 02:16:44,533 - INFO - Extracted: Lightmatter - 16-Oct-24
2025-04-14 02:16:44,556 - INFO - Extracted: Agtonomy - 16-Oct-24
2025-04-14 02:16:44,579 - INFO - Extracted: PyrAmes, Inc. - 15-Oct-24
2025-04-14 02:16:44,602 - INFO - Extracted: Alchemy - 15-Oct-24
2025-04-14 02:16:44,625 - INFO - Extracted: MDisrupt - 15-Oct-24
2025-04-14 02:16:44,648 - INFO - Extracted: Galileo - 15-Oct-24
2025-04-14 02:16:44,672 - INFO - Extracted: Azra Games - 15-Oct-24
2025-04-14 02:16:44,695 - INFO - Extracted: Chargie - 15-Oct-24
2025-04-14 02:16:44,719 - INFO - Extracted: Decagon - 15-Oct-24
2025-04-14 02:16:44,719 - INFO - Successfully extracted 20 new companies from page 12
2025-04-14 02:16:44,719 - INFO - Attempting to navigate from page 12 to next page
2025-04-14 02:16:45,455 - INFO - Found next button using selector: //a[contains(text(), '›')]
2025-04-14 02:16:45,929 - INFO - Clicked next button with JavaScript
2025-04-14 02:16:47,998 - INFO - Successfully navigated to page 13
2025-04-14 02:16:48,441 - INFO - Performing efficient scrolling...
2025-04-14 02:16:50,984 - INFO - Scrolling completed
2025-04-14 02:16:50,985 - INFO - Extracting data from page 13
2025-04-14 02:16:52,066 - INFO - Trying standard table extraction
2025-04-14 02:16:52,095 - INFO - Found 21 potential data rows
2025-04-14 02:16:52,144 - INFO - Extracted: Concourse - 15-Oct-24
2025-04-14 02:16:52,170 - INFO - Extracted: Stockguard - 15-Oct-24
2025-04-14 02:16:52,194 - INFO - Extracted: Neuron7.ai - 15-Oct-24
2025-04-14 02:16:52,217 - INFO - Extracted: Parakeet Health - 15-Oct-24
2025-04-14 02:16:52,241 - INFO - Extracted: Dryvebox - 14-Oct-24
2025-04-14 02:16:52,264 - INFO - Extracted: Blockcast - 14-Oct-24
2025-04-14 02:16:52,288 - INFO - Extracted: Cavecrack - 13-Oct-24
2025-04-14 02:16:52,311 - INFO - Extracted: Cerebelly - 10-Oct-24
2025-04-14 02:16:52,335 - INFO - Extracted: Suki - 10-Oct-24
2025-04-14 02:16:52,358 - INFO - Extracted: CytoVale - 10-Oct-24
2025-04-14 02:16:52,382 - INFO - Extracted: Zeal - 10-Oct-24
2025-04-14 02:16:52,405 - INFO - Extracted: Vidoc Security Lab - 10-Oct-24
2025-04-14 02:16:52,429 - INFO - Extracted: Relyance AI - 10-Oct-24
2025-04-14 02:16:52,452 - INFO - Extracted: Numeric - 10-Oct-24
2025-04-14 02:16:52,476 - INFO - Extracted: COVU - 10-Oct-24
2025-04-14 02:16:52,505 - INFO - Extracted: ApertureData - 10-Oct-24
2025-04-14 02:16:52,528 - INFO - Extracted: MiLaboratories - 10-Oct-24
2025-04-14 02:16:52,552 - INFO - Extracted: Glooko - 10-Oct-24
2025-04-14 02:16:52,576 - INFO - Extracted: IncumbentFI - 10-Oct-24
2025-04-14 02:16:52,599 - INFO - Extracted: Prophecy.io - 10-Oct-24
2025-04-14 02:16:52,599 - INFO - Successfully extracted 20 new companies from page 13
2025-04-14 02:16:52,599 - INFO - Attempting to navigate from page 13 to next page
2025-04-14 02:16:54,234 - INFO - Found next button using selector: //a[contains(text(), '›')]
2025-04-14 02:16:55,210 - INFO - Clicked next button with JavaScript
2025-04-14 02:16:56,865 - INFO - Successfully navigated to page 14
2025-04-14 02:16:57,252 - INFO - Performing efficient scrolling...
2025-04-14 02:17:00,407 - INFO - Scrolling completed
2025-04-14 02:17:00,408 - INFO - Extracting data from page 14
2025-04-14 02:17:00,817 - INFO - Trying standard table extraction
2025-04-14 02:17:00,846 - INFO - Found 21 potential data rows
2025-04-14 02:17:00,893 - INFO - Extracted: Sidepit - 10-Oct-24
2025-04-14 02:17:00,919 - INFO - Extracted: Astrix Health - 10-Oct-24
2025-04-14 02:17:00,942 - INFO - Extracted: CEQAbase - 9-Oct-24
2025-04-14 02:17:00,965 - INFO - Extracted: SimX - 9-Oct-24
2025-04-14 02:17:00,989 - INFO - Extracted: Bigeye - 9-Oct-24
2025-04-14 02:17:01,012 - INFO - Extracted: Drawer AI - 9-Oct-24
2025-04-14 02:17:01,035 - INFO - Extracted: Vultron - 9-Oct-24
2025-04-14 02:17:01,059 - INFO - Extracted: AppShip - 9-Oct-24
2025-04-14 02:17:01,082 - INFO - Extracted: EvenUp - 8-Oct-24
2025-04-14 02:17:01,105 - INFO - Extracted: Tele911 - 8-Oct-24
2025-04-14 02:17:01,130 - INFO - Extracted: Kiva AI - 8-Oct-24
2025-04-14 02:17:01,153 - INFO - Extracted: Selonterra - 8-Oct-24
2025-04-14 02:17:01,176 - INFO - Extracted: Unify - 8-Oct-24
2025-04-14 02:17:01,199 - INFO - Extracted: Third Dimension AI - 8-Oct-24
2025-04-14 02:17:01,222 - INFO - Extracted: Distributional - 8-Oct-24
2025-04-14 02:17:01,246 - INFO - Extracted: Truthset - 8-Oct-24
2025-04-14 02:17:01,270 - INFO - Extracted: Stream - 8-Oct-24
2025-04-14 02:17:01,293 - INFO - Extracted: InterVene - 7-Oct-24
2025-04-14 02:17:01,317 - INFO - Extracted: Treya Partners - 7-Oct-24
2025-04-14 02:17:01,340 - INFO - Extracted: VESSL AI - 7-Oct-24
2025-04-14 02:17:01,340 - INFO - Successfully extracted 20 new companies from page 14
2025-04-14 02:17:01,340 - INFO - Attempting to navigate from page 14 to next page
2025-04-14 02:17:03,385 - INFO - Found next button using selector: //a[contains(text(), '›')]
2025-04-14 02:17:04,500 - INFO - Clicked next button with JavaScript
2025-04-14 02:17:06,393 - INFO - Successfully navigated to page 15
2025-04-14 02:17:06,941 - INFO - Performing efficient scrolling...
2025-04-14 02:17:09,487 - INFO - Scrolling completed
2025-04-14 02:17:09,487 - INFO - Extracting data from page 15
2025-04-14 02:17:10,009 - INFO - Trying standard table extraction
2025-04-14 02:17:10,031 - INFO - Found 21 potential data rows
2025-04-14 02:17:10,075 - INFO - Extracted: IOMETE - 7-Oct-24
2025-04-14 02:17:10,102 - INFO - Extracted: Kavia AI - 3-Oct-24
2025-04-14 02:17:10,126 - INFO - Extracted: OpenAI - 3-Oct-24
2025-04-14 02:17:10,149 - INFO - Extracted: Paren - 3-Oct-24
2025-04-14 02:17:10,171 - INFO - Extracted: Integrated Biosciences - 3-Oct-24
2025-04-14 02:17:10,194 - INFO - Extracted: Booksy - 3-Oct-24
2025-04-14 02:17:10,218 - INFO - Extracted: Voyage AI - 3-Oct-24
2025-04-14 02:17:10,249 - INFO - Extracted: Valdera - 3-Oct-24
2025-04-14 02:17:10,272 - INFO - Extracted: Visolis - 3-Oct-24
2025-04-14 02:17:10,294 - INFO - Extracted: GuRu - 2-Oct-24
2025-04-14 02:17:10,318 - INFO - Extracted: Permanent - 2-Oct-24
2025-04-14 02:17:10,342 - INFO - Extracted: Poolside - 2-Oct-24
2025-04-14 02:17:10,365 - INFO - Extracted: Pallet - 2-Oct-24
2025-04-14 02:17:10,388 - INFO - Extracted: Billables AI - 2-Oct-24
2025-04-14 02:17:10,412 - INFO - Extracted: Reducto - 2-Oct-24
2025-04-14 02:17:10,436 - INFO - Extracted: Arda Therapeutics - 1-Oct-24
2025-04-14 02:17:10,459 - INFO - Extracted: Aspect Build - 1-Oct-24
2025-04-14 02:17:10,483 - INFO - Extracted: Synedgen - 1-Oct-24
2025-04-14 02:17:10,506 - INFO - Extracted: DataPelago - 1-Oct-24
2025-04-14 02:17:10,530 - INFO - Extracted: Neeve - 30-Sep-24
2025-04-14 02:17:10,530 - INFO - Successfully extracted 20 new companies from page 15
2025-04-14 02:17:10,530 - INFO - Attempting to navigate from page 15 to next page
2025-04-14 02:17:11,693 - INFO - Found next button using selector: //a[contains(text(), '›')]
2025-04-14 02:17:12,274 - INFO - Clicked next button with JavaScript
2025-04-14 02:17:14,706 - INFO - Successfully navigated to page 16
2025-04-14 02:17:15,245 - INFO - Performing efficient scrolling...
2025-04-14 02:17:18,782 - INFO - Scrolling completed
2025-04-14 02:17:18,783 - INFO - Extracting data from page 16
2025-04-14 02:17:19,483 - INFO - Trying standard table extraction
2025-04-14 02:17:19,512 - INFO - Found 21 potential data rows
2025-04-14 02:17:19,558 - INFO - Extracted: Artisan AI - 30-Sep-24
2025-04-14 02:17:19,584 - INFO - Extracted: Gladly - 26-Sep-24
2025-04-14 02:17:19,607 - INFO - Extracted: PlayWorks - 26-Sep-24
2025-04-14 02:17:19,637 - INFO - Extracted: Bemi - 26-Sep-24
2025-04-14 02:17:19,660 - INFO - Extracted: Superb AI - 26-Sep-24
2025-04-14 02:17:19,683 - INFO - Extracted: SKY Leasing - 26-Sep-24
2025-04-14 02:17:19,706 - INFO - Extracted: AssetHub - 25-Sep-24
2025-04-14 02:17:19,730 - INFO - Extracted: Feno - 25-Sep-24
2025-04-14 02:17:19,754 - INFO - Extracted: Supabase - 25-Sep-24
2025-04-14 02:17:19,776 - INFO - Extracted: Whatfix - 25-Sep-24
2025-04-14 02:17:19,800 - INFO - Extracted: SnippetSentry - 25-Sep-24
2025-04-14 02:17:19,823 - INFO - Extracted: FluidLogic - 24-Sep-24
2025-04-14 02:17:19,847 - INFO - Extracted: Distyl AI - 24-Sep-24
2025-04-14 02:17:19,870 - INFO - Extracted: Icon Savings Plan - 24-Sep-24
2025-04-14 02:17:19,893 - INFO - Extracted: UJET - 24-Sep-24
2025-04-14 02:17:19,916 - INFO - Extracted: Anadro - 24-Sep-24
2025-04-14 02:17:19,939 - INFO - Extracted: Atlys - 24-Sep-24
2025-04-14 02:17:19,963 - INFO - Extracted: Datapad - 24-Sep-24
2025-04-14 02:17:19,987 - INFO - Extracted: Altimate AI - 23-Sep-24
2025-04-14 02:17:20,010 - INFO - Extracted: Harmonic - 23-Sep-24
2025-04-14 02:17:20,010 - INFO - Successfully extracted 20 new companies from page 16
2025-04-14 02:17:20,010 - INFO - Attempting to navigate from page 16 to next page
2025-04-14 02:17:21,457 - INFO - Found next button using selector: //a[contains(text(), '›')]
2025-04-14 02:17:22,289 - INFO - Clicked next button with JavaScript
2025-04-14 02:17:24,041 - INFO - Successfully navigated to page 17
2025-04-14 02:17:24,652 - INFO - Performing efficient scrolling...
2025-04-14 02:17:27,321 - INFO - Scrolling completed
2025-04-14 02:17:27,321 - INFO - Extracting data from page 17
2025-04-14 02:17:28,235 - INFO - Trying standard table extraction
2025-04-14 02:17:28,265 - INFO - Found 21 potential data rows
2025-04-14 02:17:28,312 - INFO - Extracted: Genome Medical - 23-Sep-24
2025-04-14 02:17:28,338 - INFO - Extracted: Hippocratic AI - 19-Sep-24
2025-04-14 02:17:28,361 - INFO - Extracted: Akia - 19-Sep-24
2025-04-14 02:17:28,385 - INFO - Extracted: Ferrum Health - 19-Sep-24
2025-04-14 02:17:28,409 - INFO - Extracted: Twelve - 19-Sep-24
2025-04-14 02:17:28,432 - INFO - Extracted: Aclima - 19-Sep-24
2025-04-14 02:17:28,455 - INFO - Extracted: AtoB - 19-Sep-24
2025-04-14 02:17:28,478 - INFO - Extracted: Picus Security - 19-Sep-24
2025-04-14 02:17:28,501 - INFO - Extracted: Oro Labs - 18-Sep-24
2025-04-14 02:17:28,523 - INFO - Extracted: Fal - 18-Sep-24
2025-04-14 02:17:28,547 - INFO - Extracted: Mercor - 18-Sep-24
2025-04-14 02:17:28,571 - INFO - Extracted: Harvest Thermal - 18-Sep-24
2025-04-14 02:17:28,596 - INFO - Extracted: CodePath - 18-Sep-24
2025-04-14 02:17:28,619 - INFO - Extracted: Hgen - 17-Sep-24
2025-04-14 02:17:28,652 - INFO - Extracted: Orb - 17-Sep-24
2025-04-14 02:17:28,677 - INFO - Extracted: Mindtrip - 17-Sep-24
2025-04-14 02:17:28,701 - INFO - Extracted: Futuro Health - 17-Sep-24
2025-04-14 02:17:28,726 - INFO - Extracted: Prof Jim - 17-Sep-24
2025-04-14 02:17:28,749 - INFO - Extracted: TeamBridge - 16-Sep-24
2025-04-14 02:17:28,773 - INFO - Extracted: World Labs - 13-Sep-24
2025-04-14 02:17:28,773 - INFO - Successfully extracted 20 new companies from page 17
2025-04-14 02:17:28,773 - INFO - Attempting to navigate from page 17 to next page
2025-04-14 02:17:30,593 - INFO - Found next button using selector: //a[contains(text(), '›')]
2025-04-14 02:17:31,618 - INFO - Clicked next button with JavaScript
2025-04-14 02:17:33,506 - INFO - Successfully navigated to page 18
2025-04-14 02:17:34,193 - INFO - Performing efficient scrolling...
2025-04-14 02:17:36,967 - INFO - Scrolling completed
2025-04-14 02:17:36,967 - INFO - Extracting data from page 18
2025-04-14 02:17:37,865 - INFO - Trying standard table extraction
2025-04-14 02:17:37,894 - INFO - Found 21 potential data rows
2025-04-14 02:17:37,940 - INFO - Extracted: Operant - 12-Sep-24
2025-04-14 02:17:37,966 - INFO - Extracted: Bounti.ai - 12-Sep-24
2025-04-14 02:17:37,989 - INFO - Extracted: Connectly.ai - 11-Sep-24
2025-04-14 02:17:38,013 - INFO - Extracted: Nostra AI - 11-Sep-24
2025-04-14 02:17:38,037 - INFO - Extracted: Candid Health - 11-Sep-24
2025-04-14 02:17:38,060 - INFO - Extracted: Polly - 10-Sep-24
2025-04-14 02:17:38,083 - INFO - Extracted: Glean - 10-Sep-24
2025-04-14 02:17:38,106 - INFO - Extracted: Reshape Automation - 10-Sep-24
2025-04-14 02:17:38,130 - INFO - Extracted: Infinium - 10-Sep-24
2025-04-14 02:17:38,153 - INFO - Extracted: Blended Technologies - 10-Sep-24
2025-04-14 02:17:38,177 - INFO - Extracted: AttoTude - 10-Sep-24
2025-04-14 02:17:38,201 - INFO - Extracted: Neurona Therapeutics - 10-Sep-24
2025-04-14 02:17:38,225 - INFO - Extracted: P0 Security - 10-Sep-24
2025-04-14 02:17:38,248 - INFO - Extracted: PIN AI - 9-Sep-24
2025-04-14 02:17:38,272 - INFO - Extracted: Race - 9-Sep-24
2025-04-14 02:17:38,295 - INFO - Extracted: OrsoBio - 6-Sep-24
2025-04-14 02:17:38,319 - INFO - Extracted: DubClub - 5-Sep-24
2025-04-14 02:17:38,342 - INFO - Extracted: Thatch - 5-Sep-24
2025-04-14 02:17:38,365 - INFO - Extracted: Drip Capital - 5-Sep-24
2025-04-14 02:17:38,388 - INFO - Extracted: Acuvity - 5-Sep-24
2025-04-14 02:17:38,389 - INFO - Successfully extracted 20 new companies from page 18
2025-04-14 02:17:38,389 - INFO - Attempting to navigate from page 18 to next page
2025-04-14 02:17:39,837 - INFO - Found next button using selector: //a[contains(text(), '›')]
2025-04-14 02:17:40,725 - INFO - Clicked next button with JavaScript
2025-04-14 02:17:42,693 - INFO - Successfully navigated to page 19
2025-04-14 02:17:43,488 - INFO - Performing efficient scrolling...
2025-04-14 02:17:46,115 - INFO - Scrolling completed
2025-04-14 02:17:46,115 - INFO - Extracting data from page 19
2025-04-14 02:17:46,676 - INFO - Trying standard table extraction
2025-04-14 02:17:46,700 - INFO - Found 21 potential data rows
2025-04-14 02:17:46,747 - INFO - Extracted: Portex - 5-Sep-24
2025-04-14 02:17:46,772 - INFO - Extracted: Agree.com - 5-Sep-24
2025-04-14 02:17:46,796 - INFO - Extracted: Fiddler AI - 5-Sep-24
2025-04-14 02:17:46,819 - INFO - Extracted: Cortex - 4-Sep-24
2025-04-14 02:17:46,842 - INFO - Extracted: ArsenalBio - 4-Sep-24
2025-04-14 02:17:46,865 - INFO - Extracted: Ceres Imaging - 4-Sep-24
2025-04-14 02:17:46,888 - INFO - Extracted: Venova Medical - 4-Sep-24
2025-04-14 02:17:46,911 - INFO - Extracted: Climax Foods - 4-Sep-24
2025-04-14 02:17:46,935 - INFO - Extracted: Flex - 4-Sep-24
2025-04-14 02:17:46,959 - INFO - Extracted: Circle Pharma - 3-Sep-24
2025-04-14 02:17:46,982 - INFO - Extracted: Segmed - 3-Sep-24
2025-04-14 02:17:47,005 - INFO - Extracted: Linea Energy - 3-Sep-24
2025-04-14 02:17:47,029 - INFO - Extracted: Gainful - 3-Sep-24
2025-04-14 02:17:47,053 - INFO - Extracted: Mintlify - 3-Sep-24
2025-04-14 02:17:47,123 - INFO - Extracted: Magic Lifescience - 3-Sep-24
2025-04-14 02:17:47,147 - INFO - Extracted: Approveit - 2-Sep-24
2025-04-14 02:17:47,170 - INFO - Extracted: Weeknd - 1-Sep-24
2025-04-14 02:17:47,193 - INFO - Extracted: Crafty Apes - 30-Aug-24
2025-04-14 02:17:47,216 - INFO - Extracted: Codeium - 29-Aug-24
2025-04-14 02:17:47,240 - INFO - Extracted: MIRIS - 29-Aug-24
2025-04-14 02:17:47,240 - INFO - Successfully extracted 20 new companies from page 19
2025-04-14 02:17:47,240 - INFO - Attempting to navigate from page 19 to next page
2025-04-14 02:17:48,147 - INFO - Found next button using selector: //a[contains(text(), '›')]
2025-04-14 02:17:49,152 - INFO - Clicked next button with JavaScript
2025-04-14 02:17:50,750 - INFO - Successfully navigated to page 20
2025-04-14 02:17:51,614 - INFO - Performing efficient scrolling...
2025-04-14 02:17:54,324 - INFO - Scrolling completed
2025-04-14 02:17:54,324 - INFO - Extracting data from page 20
2025-04-14 02:17:55,092 - INFO - Trying standard table extraction
2025-04-14 02:17:55,123 - INFO - Found 21 potential data rows
2025-04-14 02:17:55,170 - INFO - Extracted: nOps - 28-Aug-24
2025-04-14 02:17:55,195 - INFO - Extracted: Uplift Labs - 28-Aug-24
2025-04-14 02:17:55,219 - INFO - Extracted: Opus Clip - 28-Aug-24
2025-04-14 02:17:55,257 - INFO - Extracted: Bland AI - 28-Aug-24
2025-04-14 02:17:55,284 - INFO - Extracted: Noetik - 28-Aug-24
2025-04-14 02:17:55,307 - INFO - Extracted: Inventive AI - 28-Aug-24
2025-04-14 02:17:55,331 - INFO - Extracted: Linker Finance - 27-Aug-24
2025-04-14 02:17:55,355 - INFO - Extracted: ProhostAI - 27-Aug-24
2025-04-14 02:17:55,379 - INFO - Extracted: Cribl - 27-Aug-24
2025-04-14 02:17:55,403 - INFO - Extracted: Gameplay Galaxy - 27-Aug-24
2025-04-14 02:17:55,440 - INFO - Extracted: Spire Global - 27-Aug-24
2025-04-14 02:17:55,465 - INFO - Extracted: Fleet - 27-Aug-24
2025-04-14 02:17:55,489 - INFO - Extracted: just words - 27-Aug-24
2025-04-14 02:17:55,512 - INFO - Extracted: Planera - 27-Aug-24
2025-04-14 02:17:55,536 - INFO - Extracted: Clearway Energy Group - 26-Aug-24
2025-04-14 02:17:55,559 - INFO - Extracted: Tavoro - 26-Aug-24
2025-04-14 02:17:55,583 - INFO - Extracted: Accession Risk Management Group - 22-Aug-24
2025-04-14 02:17:55,606 - INFO - Extracted: Openwater - 22-Aug-24
2025-04-14 02:17:55,629 - INFO - Extracted: Scale AI - 21-Aug-24
2025-04-14 02:17:55,653 - INFO - Extracted: Kodiak Robotics - 21-Aug-24
2025-04-14 02:17:55,653 - INFO - Successfully extracted 20 new companies from page 20
2025-04-14 02:17:55,653 - INFO - Attempting to navigate from page 20 to next page
2025-04-14 02:17:56,686 - INFO - Found next button using selector: //a[contains(text(), '›')]
2025-04-14 02:17:57,218 - INFO - Clicked next button with JavaScript
2025-04-14 02:17:59,648 - INFO - Successfully navigated to page 21
2025-04-14 02:18:00,162 - INFO - Performing efficient scrolling...
2025-04-14 02:18:04,778 - INFO - Scrolling completed
2025-04-14 02:18:04,779 - INFO - Extracting data from page 21
2025-04-14 02:18:05,649 - INFO - Trying standard table extraction
2025-04-14 02:18:05,679 - INFO - Found 21 potential data rows
2025-04-14 02:18:05,727 - INFO - Extracted: Qualified Digital - 21-Aug-24
2025-04-14 02:18:05,753 - INFO - Extracted: Skyfire Systems - 21-Aug-24
2025-04-14 02:18:05,776 - INFO - Extracted: XII Medical - 21-Aug-24
2025-04-14 02:18:05,801 - INFO - Extracted: Piramidal - 21-Aug-24
2025-04-14 02:18:05,824 - INFO - Extracted: Lettuce Financial - 21-Aug-24
2025-04-14 02:18:05,848 - INFO - Extracted: Enteligent - 20-Aug-24
2025-04-14 02:18:05,872 - INFO - Extracted: Starpath Robotics - 20-Aug-24
2025-04-14 02:18:05,896 - INFO - Extracted: Kubiya.ai - 20-Aug-24
2025-04-14 02:18:05,920 - INFO - Extracted: Marathon Fusion - 20-Aug-24
2025-04-14 02:18:05,943 - INFO - Extracted: Pangeam Inc. - 20-Aug-24
2025-04-14 02:18:05,967 - INFO - Extracted: Eppo - 20-Aug-24
2025-04-14 02:18:05,991 - INFO - Extracted: Fortera - 20-Aug-24
2025-04-14 02:18:06,015 - INFO - Extracted: Exin Health - 19-Aug-24
2025-04-14 02:18:06,040 - INFO - Extracted: Fabric Cryptography - 19-Aug-24
2025-04-14 02:18:06,064 - INFO - Extracted: Ensemble AI - 15-Aug-24
2025-04-14 02:18:06,087 - INFO - Extracted: Era Finance - 15-Aug-24
2025-04-14 02:18:06,111 - INFO - Extracted: Kiteworks - 14-Aug-24
2025-04-14 02:18:06,134 - INFO - Extracted: nunu.ai - 14-Aug-24
2025-04-14 02:18:06,158 - INFO - Extracted: Moximed - 13-Aug-24
2025-04-14 02:18:06,181 - INFO - Extracted: Guidewheel - 13-Aug-24
2025-04-14 02:18:06,182 - INFO - Successfully extracted 20 new companies from page 21
2025-04-14 02:18:06,182 - INFO - Attempting to navigate from page 21 to next page
2025-04-14 02:18:07,758 - INFO - Found next button using selector: //a[contains(text(), '›')]
2025-04-14 02:18:08,392 - INFO - Clicked next button with JavaScript
2025-04-14 02:18:10,099 - INFO - Successfully navigated to page 22
2025-04-14 02:18:11,215 - INFO - Performing efficient scrolling...
2025-04-14 02:18:14,831 - INFO - Scrolling completed
2025-04-14 02:18:14,833 - INFO - Extracting data from page 22
2025-04-14 02:18:15,853 - INFO - Trying standard table extraction
2025-04-14 02:18:15,884 - INFO - Found 21 potential data rows
2025-04-14 02:18:15,933 - INFO - Extracted: Cision Vision - 13-Aug-24
2025-04-14 02:18:15,965 - INFO - Extracted: PayZen - 13-Aug-24
2025-04-14 02:18:15,991 - INFO - Extracted: Voltera - 13-Aug-24
2025-04-14 02:18:16,015 - INFO - Extracted: HeatMap, Inc - 13-Aug-24
2025-04-14 02:18:16,039 - INFO - Extracted: Cosine - 12-Aug-24
2025-04-14 02:18:16,063 - INFO - Extracted: DevRev - 9-Aug-24
2025-04-14 02:18:16,087 - INFO - Extracted: Double - 9-Aug-24
2025-04-14 02:18:16,110 - INFO - Extracted: Brisk Teaching - 9-Aug-24
2025-04-14 02:18:16,141 - INFO - Extracted: Feeling Great - 8-Aug-24
2025-04-14 02:18:16,167 - INFO - Extracted: Reforged Labs - 8-Aug-24
2025-04-14 02:18:16,191 - INFO - Extracted: Opal - 8-Aug-24
2025-04-14 02:18:16,215 - INFO - Extracted: Switchback Systems - 8-Aug-24
2025-04-14 02:18:16,239 - INFO - Extracted: Bardeen - 8-Aug-24
2025-04-14 02:18:16,263 - INFO - Extracted: Bryte - 8-Aug-24
2025-04-14 02:18:16,287 - INFO - Extracted: Ionetix - 7-Aug-24
2025-04-14 02:18:16,311 - INFO - Extracted: Anjuna - 7-Aug-24
2025-04-14 02:18:16,335 - INFO - Extracted: Flow - 7-Aug-24
2025-04-14 02:18:16,358 - INFO - Extracted: Napkin AI - 7-Aug-24
2025-04-14 02:18:16,381 - INFO - Extracted: Datch - 7-Aug-24
2025-04-14 02:18:16,405 - INFO - Extracted: Greptime - 7-Aug-24
2025-04-14 02:18:16,405 - INFO - Successfully extracted 20 new companies from page 22
2025-04-14 02:18:16,405 - INFO - Attempting to navigate from page 22 to next page
2025-04-14 02:18:17,941 - INFO - Found next button using selector: //a[contains(text(), '›')]
2025-04-14 02:18:18,663 - INFO - Clicked next button with JavaScript
2025-04-14 02:18:20,811 - INFO - Successfully navigated to page 23
2025-04-14 02:18:21,332 - INFO - Performing efficient scrolling...
2025-04-14 02:18:24,822 - INFO - Scrolling completed
2025-04-14 02:18:24,823 - INFO - Extracting data from page 23
2025-04-14 02:18:25,701 - INFO - Trying standard table extraction
2025-04-14 02:18:25,730 - INFO - Found 21 potential data rows
2025-04-14 02:18:25,786 - INFO - Extracted: Sundial - 6-Aug-24
2025-04-14 02:18:25,811 - INFO - Extracted: Mechanical Orchard - 6-Aug-24
2025-04-14 02:18:25,835 - INFO - Extracted: MentalHappy - 6-Aug-24
2025-04-14 02:18:25,859 - INFO - Extracted: Abnormal Security - 6-Aug-24
2025-04-14 02:18:25,883 - INFO - Extracted: Climatize - 6-Aug-24
2025-04-14 02:18:25,907 - INFO - Extracted: Shinobi Therapeutics - 6-Aug-24
2025-04-14 02:18:25,931 - INFO - Extracted: Curio Research - 6-Aug-24
2025-04-14 02:18:25,955 - INFO - Extracted: Muon Space - 5-Aug-24
2025-04-14 02:18:25,978 - INFO - Extracted: Groq - 5-Aug-24
2025-04-14 02:18:26,002 - INFO - Extracted: AutoComplete - 5-Aug-24
2025-04-14 02:18:26,026 - INFO - Extracted: Solarcycle - 1-Aug-24
2025-04-14 02:18:26,050 - INFO - Extracted: Hedra - 1-Aug-24
2025-04-14 02:18:26,073 - INFO - Extracted: Skillfully - 1-Aug-24
2025-04-14 02:18:26,097 - INFO - Extracted: Global Predictions - 1-Aug-24
2025-04-14 02:18:26,120 - INFO - Extracted: Tezi - 31-Jul-24
2025-04-14 02:18:26,143 - INFO - Extracted: Thumbtack - 31-Jul-24
2025-04-14 02:18:26,166 - INFO - Extracted: Swords to Plowshares - 31-Jul-24
2025-04-14 02:18:26,190 - INFO - Extracted: Ema - 31-Jul-24
2025-04-14 02:18:26,213 - INFO - Extracted: Endari - 31-Jul-24
2025-04-14 02:18:26,236 - INFO - Extracted: Streamkap - 31-Jul-24
2025-04-14 02:18:26,237 - INFO - Successfully extracted 20 new companies from page 23
2025-04-14 02:18:26,237 - INFO - Attempting to navigate from page 23 to next page
2025-04-14 02:18:28,611 - INFO - Found next button using selector: //a[contains(text(), '›')]
2025-04-14 02:18:29,250 - INFO - Clicked next button with JavaScript
2025-04-14 02:18:31,590 - INFO - Successfully navigated to page 24
2025-04-14 02:18:32,323 - INFO - Performing efficient scrolling...
2025-04-14 02:18:35,678 - INFO - Scrolling completed
2025-04-14 02:18:35,680 - INFO - Extracting data from page 24
2025-04-14 02:18:36,383 - INFO - Trying standard table extraction
2025-04-14 02:18:36,412 - INFO - Found 21 potential data rows
2025-04-14 02:18:36,460 - INFO - Extracted: Rhombus Systems - 30-Jul-24
2025-04-14 02:18:36,486 - INFO - Extracted: Credo AI - 30-Jul-24
2025-04-14 02:18:36,510 - INFO - Extracted: Montara Therapeutics - 30-Jul-24
2025-04-14 02:18:36,534 - INFO - Extracted: Haus - 30-Jul-24
2025-04-14 02:18:36,557 - INFO - Extracted: Sybill AI - 30-Jul-24
2025-04-14 02:18:36,581 - INFO - Extracted: Aviato - 30-Jul-24
2025-04-14 02:18:36,605 - INFO - Extracted: LTZ Therapeutics - 30-Jul-24
2025-04-14 02:18:36,629 - INFO - Extracted: unspun - 29-Jul-24
2025-04-14 02:18:36,653 - INFO - Extracted: OnSight - 29-Jul-24
2025-04-14 02:18:36,676 - INFO - Extracted: Rillet - 29-Jul-24
2025-04-14 02:18:36,700 - INFO - Extracted: ReviR Therapeutics - 26-Jul-24
2025-04-14 02:18:36,724 - INFO - Extracted: Cowbell - 26-Jul-24
2025-04-14 02:18:36,748 - INFO - Extracted: Imperative Care - 25-Jul-24
2025-04-14 02:18:36,776 - INFO - Extracted: IntelePeer - 25-Jul-24
2025-04-14 02:18:36,800 - INFO - Extracted: EtherWhere - 25-Jul-24
2025-04-14 02:18:36,823 - INFO - Extracted: InnerPlant - 25-Jul-24
2025-04-14 02:18:36,847 - INFO - Extracted: Vanta - 24-Jul-24
2025-04-14 02:18:36,871 - INFO - Extracted: Recurrent Energy - 24-Jul-24
2025-04-14 02:18:36,895 - INFO - Extracted: Dazz - 24-Jul-24
2025-04-14 02:18:36,919 - INFO - Extracted: Sound Health - 24-Jul-24
2025-04-14 02:18:36,919 - INFO - Successfully extracted 20 new companies from page 24
2025-04-14 02:18:36,919 - INFO - Attempting to navigate from page 24 to next page
2025-04-14 02:18:38,835 - INFO - Found next button using selector: //a[contains(text(), '›')]
2025-04-14 02:18:39,985 - INFO - Clicked next button with JavaScript
2025-04-14 02:18:42,124 - INFO - Successfully navigated to page 25
2025-04-14 02:18:43,033 - INFO - Performing efficient scrolling...
2025-04-14 02:18:46,844 - INFO - Scrolling completed
2025-04-14 02:18:46,845 - INFO - Extracting data from page 25
2025-04-14 02:18:47,859 - INFO - Trying standard table extraction
2025-04-14 02:18:47,889 - INFO - Found 21 potential data rows
2025-04-14 02:18:47,937 - INFO - Extracted: Hume Supernatural - 24-Jul-24
2025-04-14 02:18:47,962 - INFO - Extracted: Blumen Systems - 24-Jul-24
2025-04-14 02:18:47,986 - INFO - Extracted: Lakera AI - 24-Jul-24
2025-04-14 02:18:48,010 - INFO - Extracted: Astranis - 24-Jul-24
2025-04-14 02:18:48,033 - INFO - Extracted: Joy - 24-Jul-24
2025-04-14 02:18:48,057 - INFO - Extracted: Caldera - 24-Jul-24
2025-04-14 02:18:48,081 - INFO - Extracted: IncellDx - 23-Jul-24
2025-04-14 02:18:48,104 - INFO - Extracted: Powder - 23-Jul-24
2025-04-14 02:18:48,128 - INFO - Extracted: Harvey - 23-Jul-24
2025-04-14 02:18:48,154 - INFO - Extracted: Placer.ai - 23-Jul-24
2025-04-14 02:18:48,178 - INFO - Extracted: Momentum - 23-Jul-24
2025-04-14 02:18:48,202 - INFO - Extracted: SirenOpt - 23-Jul-24
2025-04-14 02:18:48,225 - INFO - Extracted: Uplimit - 23-Jul-24
2025-04-14 02:18:48,249 - INFO - Extracted: Mytra - 23-Jul-24
2025-04-14 02:18:48,272 - INFO - Extracted: Level AI - 23-Jul-24
2025-04-14 02:18:48,295 - INFO - Extracted: Alixia - 23-Jul-24
2025-04-14 02:18:48,319 - INFO - Extracted: Elly Analytics, Inc. - 22-Jul-24
2025-04-14 02:18:48,342 - INFO - Extracted: Noded Ai - 22-Jul-24
2025-04-14 02:18:48,366 - INFO - Extracted: EdgeRunner AI - 18-Jul-24
2025-04-14 02:18:48,389 - INFO - Extracted: Arrcus - 18-Jul-24
2025-04-14 02:18:48,389 - INFO - Successfully extracted 20 new companies from page 25
2025-04-14 02:18:48,389 - INFO - Attempting to navigate from page 25 to next page
2025-04-14 02:18:49,384 - INFO - Found next button using selector: //a[contains(text(), '›')]
2025-04-14 02:18:49,823 - INFO - Clicked next button with JavaScript
2025-04-14 02:18:52,040 - INFO - Successfully navigated to page 26
2025-04-14 02:18:53,054 - INFO - Performing efficient scrolling...
2025-04-14 02:18:55,706 - INFO - Scrolling completed
2025-04-14 02:18:55,707 - INFO - Extracting data from page 26
2025-04-14 02:18:56,743 - INFO - Trying standard table extraction
2025-04-14 02:18:56,771 - INFO - Found 21 potential data rows
2025-04-14 02:18:56,820 - INFO - Extracted: Juno - 18-Jul-24
2025-04-14 02:18:56,845 - INFO - Extracted: d.light - 17-Jul-24
2025-04-14 02:18:56,869 - INFO - Extracted: Human Interest - 17-Jul-24
2025-04-14 02:18:56,893 - INFO - Extracted: Caltech - 17-Jul-24
2025-04-14 02:18:56,917 - INFO - Extracted: NGM Biopharmaceuticals - 17-Jul-24
2025-04-14 02:18:56,940 - INFO - Extracted: aiXplain - 17-Jul-24
2025-04-14 02:18:56,964 - INFO - Extracted: Ohlone College - 17-Jul-24
2025-04-14 02:18:56,987 - INFO - Extracted: Slope - 17-Jul-24
2025-04-14 02:18:57,011 - INFO - Extracted: Matera - 17-Jul-24
2025-04-14 02:18:57,034 - INFO - Extracted: Solideon - 17-Jul-24
2025-04-14 02:18:57,058 - INFO - Extracted: Vectara - 16-Jul-24
2025-04-14 02:18:57,082 - INFO - Extracted: Tekion - 16-Jul-24
2025-04-14 02:18:57,105 - INFO - Extracted: The San Francisco Compute Company - 16-Jul-24
2025-04-14 02:18:57,196 - INFO - Extracted: DreamBig Semiconductor - 16-Jul-24
2025-04-14 02:18:57,229 - INFO - Extracted: Echo Chunk AI - 16-Jul-24
2025-04-14 02:18:57,253 - INFO - Extracted: Botrista Technology - 16-Jul-24
2025-04-14 02:18:57,276 - INFO - Extracted: Dusk - 16-Jul-24
2025-04-14 02:18:57,300 - INFO - Extracted: Sphere Technology Holdings - 15-Jul-24
2025-04-14 02:18:57,324 - INFO - Extracted: Halo Industries - 15-Jul-24
2025-04-14 02:18:57,347 - INFO - Extracted: NeuSpera Medical - 15-Jul-24
2025-04-14 02:18:57,347 - INFO - Successfully extracted 20 new companies from page 26
2025-04-14 02:18:57,347 - INFO - Attempting to navigate from page 26 to next page
2025-04-14 02:18:59,448 - INFO - Found next button using selector: //a[contains(text(), '›')]
2025-04-14 02:19:00,279 - INFO - Clicked next button with JavaScript
2025-04-14 02:19:02,210 - INFO - Successfully navigated to page 27
2025-04-14 02:19:02,934 - INFO - Performing efficient scrolling...
2025-04-14 02:19:05,236 - INFO - Scrolling completed
2025-04-14 02:19:05,237 - INFO - Extracting data from page 27
2025-04-14 02:19:06,090 - INFO - Trying standard table extraction
2025-04-14 02:19:06,120 - INFO - Found 21 potential data rows
2025-04-14 02:19:06,168 - INFO - Extracted: Metabase Q - 15-Jul-24
2025-04-14 02:19:06,193 - INFO - Extracted: Vivoo - 15-Jul-24
2025-04-14 02:19:06,218 - INFO - Extracted: SmarterLicense - 15-Jul-24
2025-04-14 02:19:06,241 - INFO - Extracted: Digestiva - 15-Jul-24
2025-04-14 02:19:06,265 - INFO - Extracted: Odyssey - 12-Jul-24
2025-04-14 02:19:06,289 - INFO - Extracted: Armada - 11-Jul-24
2025-04-14 02:19:06,312 - INFO - Extracted: Mantle - 10-Jul-24
2025-04-14 02:19:06,336 - INFO - Extracted: Lekko - 10-Jul-24
2025-04-14 02:19:06,360 - INFO - Extracted: Hayden AI - 10-Jul-24
2025-04-14 02:19:06,383 - INFO - Extracted: Adona Medical - 10-Jul-24
2025-04-14 02:19:06,407 - INFO - Extracted: Safe Passages - 9-Jul-24
2025-04-14 02:19:06,431 - INFO - Extracted: Valo.ai - 9-Jul-24
2025-04-14 02:19:06,454 - INFO - Extracted: Volley - 9-Jul-24
2025-04-14 02:19:06,478 - INFO - Extracted: Accend - 9-Jul-24
2025-04-14 02:19:06,502 - INFO - Extracted: NovoNutrients - 9-Jul-24
2025-04-14 02:19:06,526 - INFO - Extracted: Default - 8-Jul-24
2025-04-14 02:19:06,549 - INFO - Extracted: Cartken - 3-Jul-24
2025-04-14 02:19:06,573 - INFO - Extracted: Granza Bio - 3-Jul-24
2025-04-14 02:19:06,596 - INFO - Extracted: Frontier Energy - 2-Jul-24
2025-04-14 02:19:06,619 - INFO - Extracted: BRB APP INC - 1-Jul-24
2025-04-14 02:19:06,620 - INFO - Successfully extracted 20 new companies from page 27
2025-04-14 02:19:06,620 - INFO - Attempting to navigate from page 27 to next page
2025-04-14 02:19:08,131 - INFO - Found next button using selector: //a[contains(text(), '›')]
2025-04-14 02:19:09,167 - INFO - Clicked next button with JavaScript
2025-04-14 02:19:11,163 - INFO - Successfully navigated to page 28
2025-04-14 02:19:11,535 - INFO - Performing efficient scrolling...
2025-04-14 02:19:13,664 - INFO - Scrolling completed
2025-04-14 02:19:13,665 - INFO - Extracting data from page 28
2025-04-14 02:19:14,897 - INFO - Trying standard table extraction
2025-04-14 02:19:14,925 - INFO - Found 21 potential data rows
2025-04-14 02:19:14,973 - INFO - Extracted: UptimeAI - 1-Jul-24
2025-04-14 02:19:14,999 - INFO - Extracted: AnswerGrid - 1-Jul-24
2025-04-14 02:19:15,023 - INFO - Extracted: Senti Biosciences - 1-Jul-24
2025-04-14 02:19:15,047 - INFO - Extracted: Pivot Robots - 1-Jul-24
2025-04-14 02:19:15,070 - INFO - Extracted: Odaseva - 27-Jun-24
2025-04-14 02:19:15,093 - INFO - Extracted: Aether Fuels - 27-Jun-24
2025-04-14 02:19:15,117 - INFO - Extracted: GetReal Labs - 27-Jun-24
2025-04-14 02:19:15,140 - INFO - Extracted: Fetchflow - 27-Jun-24
2025-04-14 02:19:15,164 - INFO - Extracted: KarmaCheck - 27-Jun-24
2025-04-14 02:19:15,189 - INFO - Extracted: Clearstory.build - 27-Jun-24
2025-04-14 02:19:15,213 - INFO - Extracted: Foodsmart - 26-Jun-24
2025-04-14 02:19:15,237 - INFO - Extracted: Ario - 26-Jun-24
2025-04-14 02:19:15,260 - INFO - Extracted: Rondo Energy - 26-Jun-24
2025-04-14 02:19:15,283 - INFO - Extracted: Onehouse - 26-Jun-24
2025-04-14 02:19:15,307 - INFO - Extracted: Frontier Medicines - 25-Jun-24
2025-04-14 02:19:15,330 - INFO - Extracted: Conduit - 25-Jun-24
2025-04-14 02:19:15,353 - INFO - Extracted: Cloudian - 25-Jun-24
2025-04-14 02:19:15,376 - INFO - Extracted: Asteri AI - 25-Jun-24
2025-04-14 02:19:15,401 - INFO - Extracted: Antora Energy - 25-Jun-24
2025-04-14 02:19:15,424 - INFO - Extracted: VidAU - 25-Jun-24
2025-04-14 02:19:15,424 - INFO - Successfully extracted 20 new companies from page 28
2025-04-14 02:19:15,424 - INFO - Attempting to navigate from page 28 to next page
2025-04-14 02:19:17,106 - INFO - Found next button using selector: //a[contains(text(), '›')]
2025-04-14 02:19:18,187 - INFO - Clicked next button with JavaScript
2025-04-14 02:19:20,063 - INFO - Successfully navigated to page 29
2025-04-14 02:19:20,907 - INFO - Performing efficient scrolling...
2025-04-14 02:19:23,064 - INFO - Scrolling completed
2025-04-14 02:19:23,064 - INFO - Extracting data from page 29
2025-04-14 02:19:24,052 - INFO - Trying standard table extraction
2025-04-14 02:19:24,079 - INFO - Found 21 potential data rows
2025-04-14 02:19:24,126 - INFO - Extracted: Etched.ai - 25-Jun-24
2025-04-14 02:19:24,151 - INFO - Extracted: Sift - 25-Jun-24
2025-04-14 02:19:24,175 - INFO - Extracted: TwoStep Therapeutics - 25-Jun-24
2025-04-14 02:19:24,198 - INFO - Extracted: Opus1.io - 25-Jun-24
2025-04-14 02:19:24,222 - INFO - Extracted: Klarity - 24-Jun-24
2025-04-14 02:19:24,245 - INFO - Extracted: Tusk - 21-Jun-24
2025-04-14 02:19:24,269 - INFO - Extracted: MEandMine - 20-Jun-24
2025-04-14 02:19:24,292 - INFO - Extracted: Molten Industries - 20-Jun-24
2025-04-14 02:19:24,316 - INFO - Extracted: Aikido Technologies - 20-Jun-24
2025-04-14 02:19:24,339 - INFO - Extracted: Submix - 19-Jun-24
2025-04-14 02:19:24,363 - INFO - Extracted: Speechlab, Inc. - 19-Jun-24
2025-04-14 02:19:24,386 - INFO - Extracted: Specialized Packaging Group - 18-Jun-24
2025-04-14 02:19:24,409 - INFO - Extracted: Planted Solar - 18-Jun-24
2025-04-14 02:19:24,433 - INFO - Extracted: Promaxo - 18-Jun-24
2025-04-14 02:19:24,456 - INFO - Extracted: Sewer AI - 18-Jun-24
2025-04-14 02:19:24,479 - INFO - Extracted: Scoop Analytics - 18-Jun-24
2025-04-14 02:19:24,502 - INFO - Extracted: Loop Golf - 18-Jun-24
2025-04-14 02:19:24,525 - INFO - Extracted: Marea Therapeutics - 18-Jun-24
2025-04-14 02:19:24,549 - INFO - Extracted: Factory - 18-Jun-24
2025-04-14 02:19:24,572 - INFO - Extracted: Maxim - 18-Jun-24
2025-04-14 02:19:24,572 - INFO - Successfully extracted 20 new companies from page 29
2025-04-14 02:19:24,572 - INFO - Attempting to navigate from page 29 to next page
2025-04-14 02:19:25,713 - INFO - Found next button using selector: //a[contains(text(), '›')]
2025-04-14 02:19:26,245 - INFO - Clicked next button with JavaScript
2025-04-14 02:19:28,636 - INFO - Successfully navigated to page 30
2025-04-14 02:19:29,540 - INFO - Performing efficient scrolling...
2025-04-14 02:19:32,363 - INFO - Scrolling completed
2025-04-14 02:19:32,363 - INFO - Extracting data from page 30
2025-04-14 02:19:33,524 - INFO - Trying standard table extraction
2025-04-14 02:19:33,552 - INFO - Found 21 potential data rows
2025-04-14 02:19:33,600 - INFO - Extracted: Autify - 17-Jun-24
2025-04-14 02:19:33,626 - INFO - Extracted: Constructor - 17-Jun-24
2025-04-14 02:19:33,649 - INFO - Extracted: You.com - 17-Jun-24
2025-04-14 02:19:33,672 - INFO - Extracted: Take Homes - 17-Jun-24
2025-04-14 02:19:33,696 - INFO - Extracted: Aepnus Technology - 14-Jun-24
2025-04-14 02:19:33,720 - INFO - Extracted: Better Health - 13-Jun-24
2025-04-14 02:19:33,743 - INFO - Extracted: Viridian Space - 13-Jun-24
2025-04-14 02:19:33,766 - INFO - Extracted: Remmie - 12-Jun-24
2025-04-14 02:19:33,789 - INFO - Extracted: Canary Technologies - 12-Jun-24
2025-04-14 02:19:33,813 - INFO - Extracted: Grayce - 12-Jun-24
2025-04-14 02:19:33,836 - INFO - Extracted: InScope - 12-Jun-24
2025-04-14 02:19:33,859 - INFO - Extracted: Learn to Win - 12-Jun-24
2025-04-14 02:19:33,883 - INFO - Extracted: Tesseract Medical Research - 11-Jun-24
2025-04-14 02:19:33,906 - INFO - Extracted: Cyberhaven - 11-Jun-24
2025-04-14 02:19:33,929 - INFO - Extracted: Found - 11-Jun-24
2025-04-14 02:19:33,953 - INFO - Extracted: Youth Speaks - 11-Jun-24
2025-04-14 02:19:33,976 - INFO - Extracted: Perlumi - 11-Jun-24
2025-04-14 02:19:34,000 - INFO - Extracted: Nexus Laboratories - 10-Jun-24
2025-04-14 02:19:34,023 - INFO - Extracted: Pair Team - 10-Jun-24
2025-04-14 02:19:34,046 - INFO - Extracted: Gatik - 10-Jun-24
2025-04-14 02:19:34,046 - INFO - Successfully extracted 20 new companies from page 30
2025-04-14 02:19:34,046 - INFO - Attempting to navigate from page 30 to next page
2025-04-14 02:19:35,902 - INFO - Found next button using selector: //a[contains(text(), '›')]
2025-04-14 02:19:37,015 - INFO - Clicked next button with JavaScript
2025-04-14 02:19:38,700 - INFO - Successfully navigated to page 31
2025-04-14 02:19:39,651 - INFO - Performing efficient scrolling...
2025-04-14 02:19:42,335 - INFO - Scrolling completed
2025-04-14 02:19:42,337 - INFO - Extracting data from page 31
2025-04-14 02:19:42,981 - INFO - Trying standard table extraction
2025-04-14 02:19:43,011 - INFO - Found 21 potential data rows
2025-04-14 02:19:43,065 - INFO - Extracted: InSync - 8-Jun-24
2025-04-14 02:19:43,091 - INFO - Extracted: Prolific Machines - 7-Jun-24
2025-04-14 02:19:43,114 - INFO - Extracted: Portal AI - 7-Jun-24
2025-04-14 02:19:43,137 - INFO - Extracted: Rising Team - 6-Jun-24
2025-04-14 02:19:43,161 - INFO - Extracted: Greptile - 6-Jun-24
2025-04-14 02:19:43,184 - INFO - Extracted: bem - 6-Jun-24
2025-04-14 02:19:43,208 - INFO - Extracted: Boys & Girls Clubs of Fresno County - 6-Jun-24
2025-04-14 02:19:43,232 - INFO - Extracted: Cube Dev - 6-Jun-24
2025-04-14 02:19:43,255 - INFO - Extracted: Tobiko Data - 5-Jun-24
2025-04-14 02:19:43,278 - INFO - Extracted: Zingly - 5-Jun-24
2025-04-14 02:19:43,302 - INFO - Extracted: 100% Chiropractic - 5-Jun-24
2025-04-14 02:19:43,326 - INFO - Extracted: Pika - 5-Jun-24
2025-04-14 02:19:43,350 - INFO - Extracted: Xcimer Energy - 4-Jun-24
2025-04-14 02:19:43,374 - INFO - Extracted: Raydiant Oximetry - 4-Jun-24
2025-04-14 02:19:43,398 - INFO - Extracted: Vantage Discovery - 4-Jun-24
2025-04-14 02:19:43,421 - INFO - Extracted: Siren Biotechnology - 4-Jun-24
2025-04-14 02:19:43,445 - INFO - Extracted: SOFIE - 4-Jun-24
2025-04-14 02:19:43,468 - INFO - Extracted: AirMDR - 4-Jun-24
2025-04-14 02:19:43,491 - INFO - Extracted: Zum - 4-Jun-24
2025-04-14 02:19:43,515 - INFO - Extracted: Spike Technologies - 4-Jun-24
2025-04-14 02:19:43,515 - INFO - Successfully extracted 20 new companies from page 31
2025-04-14 02:19:43,515 - INFO - Attempting to navigate from page 31 to next page
2025-04-14 02:19:44,258 - INFO - Found next button using selector: //a[contains(text(), '›')]
2025-04-14 02:19:44,816 - INFO - Clicked next button with JavaScript
2025-04-14 02:19:47,092 - INFO - Successfully navigated to page 32
2025-04-14 02:19:48,246 - INFO - Performing efficient scrolling...
2025-04-14 02:19:50,964 - INFO - Scrolling completed
2025-04-14 02:19:50,964 - INFO - Extracting data from page 32
2025-04-14 02:19:51,829 - INFO - Trying standard table extraction
2025-04-14 02:19:51,857 - INFO - Found 21 potential data rows
2025-04-14 02:19:51,905 - INFO - Extracted: Pr√≥speros - 4-Jun-24
2025-04-14 02:19:51,930 - INFO - Extracted: Field Materials, Inc. - 4-Jun-24
2025-04-14 02:19:51,953 - INFO - Extracted: Viaduct - 4-Jun-24
2025-04-14 02:19:51,977 - INFO - Extracted: Tandem PV - 3-Jun-24
2025-04-14 02:19:52,000 - INFO - Extracted: Vimmerse - 3-Jun-24
2025-04-14 02:19:52,023 - INFO - Extracted: Ashby - 3-Jun-24
2025-04-14 02:19:52,047 - INFO - Extracted: Balance - 3-Jun-24
2025-04-14 02:19:52,070 - INFO - Extracted: Revi - 1-Jun-24
2025-04-14 02:19:52,094 - INFO - Extracted: Sprout HR - 1-Jun-24
2025-04-14 02:19:52,117 - INFO - Extracted: Point - 30-May-24
2025-04-14 02:19:52,141 - INFO - Extracted: Portside - 30-May-24
2025-04-14 02:19:52,164 - INFO - Extracted: Forward - 30-May-24
2025-04-14 02:19:52,187 - INFO - Extracted: Plural Energy - 30-May-24
2025-04-14 02:19:52,210 - INFO - Extracted: ZERO - 30-May-24
2025-04-14 02:19:52,232 - INFO - Extracted: Functional Finance - 30-May-24
2025-04-14 02:19:52,255 - INFO - Extracted: Valar Labs - 30-May-24
2025-04-14 02:19:52,278 - INFO - Extracted: BabylonChain - 30-May-24
2025-04-14 02:19:52,301 - INFO - Extracted: Plenful - 30-May-24
2025-04-14 02:19:52,325 - INFO - Extracted: TraceAir - 29-May-24
2025-04-14 02:19:52,348 - INFO - Extracted: Frore Systems - 29-May-24
2025-04-14 02:19:52,348 - INFO - Successfully extracted 20 new companies from page 32
2025-04-14 02:19:52,348 - INFO - Attempting to navigate from page 32 to next page
2025-04-14 02:19:53,475 - INFO - Found next button using selector: //a[contains(text(), '›')]
2025-04-14 02:19:53,850 - INFO - Clicked next button with JavaScript
2025-04-14 02:19:56,124 - INFO - Successfully navigated to page 33
2025-04-14 02:19:57,193 - INFO - Performing efficient scrolling...
2025-04-14 02:19:59,605 - INFO - Scrolling completed
2025-04-14 02:19:59,605 - INFO - Extracting data from page 33
2025-04-14 02:19:59,952 - INFO - Trying standard table extraction
2025-04-14 02:19:59,980 - INFO - Found 21 potential data rows
2025-04-14 02:20:00,029 - INFO - Extracted: Figma - 29-May-24
2025-04-14 02:20:00,055 - INFO - Extracted: Kinisi - 29-May-24
2025-04-14 02:20:00,079 - INFO - Extracted: App Orchid - 28-May-24
2025-04-14 02:20:00,102 - INFO - Extracted: OpsMx - 28-May-24
2025-04-14 02:20:00,136 - INFO - Extracted: LiveReach Media - 28-May-24
2025-04-14 02:20:00,160 - INFO - Extracted: Transcend - 28-May-24
2025-04-14 02:20:00,184 - INFO - Extracted: Aperture Finance - 28-May-24
2025-04-14 02:20:00,209 - INFO - Extracted: Felix - 28-May-24
2025-04-14 02:20:00,233 - INFO - Extracted: Sempera Organics - 24-May-24
2025-04-14 02:20:00,259 - INFO - Extracted: Heyday - 24-May-24
2025-04-14 02:20:00,283 - INFO - Extracted: Killington Technologies - 24-May-24
2025-04-14 02:20:00,307 - INFO - Extracted: Lumos - 23-May-24
2025-04-14 02:20:00,330 - INFO - Extracted: Userfront - 23-May-24
2025-04-14 02:20:00,354 - INFO - Extracted: Supermove - 23-May-24
2025-04-14 02:20:00,378 - INFO - Extracted: Aduro Advisors - 23-May-24
2025-04-14 02:20:00,401 - INFO - Extracted: forml - 23-May-24
2025-04-14 02:20:00,425 - INFO - Extracted: BeeHero - 23-May-24
2025-04-14 02:20:00,448 - INFO - Extracted: Founder AI - 22-May-24
2025-04-14 02:20:00,471 - INFO - Extracted: HoundDog.ai - 22-May-24
2025-04-14 02:20:00,494 - INFO - Extracted: Amino - 22-May-24
2025-04-14 02:20:00,494 - INFO - Successfully extracted 20 new companies from page 33
2025-04-14 02:20:00,494 - INFO - Attempting to navigate from page 33 to next page
2025-04-14 02:20:02,345 - INFO - Found next button using selector: //a[contains(text(), '›')]
2025-04-14 02:20:03,510 - INFO - Clicked next button with JavaScript
2025-04-14 02:20:05,391 - INFO - Successfully navigated to page 34
2025-04-14 02:20:06,475 - INFO - Performing efficient scrolling...
2025-04-14 02:20:10,295 - INFO - Scrolling completed
2025-04-14 02:20:10,295 - INFO - Extracting data from page 34
2025-04-14 02:20:11,093 - INFO - Trying standard table extraction
2025-04-14 02:20:11,121 - INFO - Found 21 potential data rows
2025-04-14 02:20:11,168 - INFO - Extracted: California Walnuts - 22-May-24
2025-04-14 02:20:11,193 - INFO - Extracted: Verse - 22-May-24
2025-04-14 02:20:11,217 - INFO - Extracted: KETOS - 21-May-24
2025-04-14 02:20:11,242 - INFO - Extracted: XGS Energy - 21-May-24
2025-04-14 02:20:11,265 - INFO - Extracted: Materna Medical - 21-May-24
2025-04-14 02:20:11,289 - INFO - Extracted: Coactive AI - 21-May-24
2025-04-14 02:20:11,312 - INFO - Extracted: AltruBio - 21-May-24
2025-04-14 02:20:11,336 - INFO - Extracted: Infinx - 21-May-24
2025-04-14 02:20:11,360 - INFO - Extracted: UberCloud - 21-May-24
2025-04-14 02:20:11,384 - INFO - Extracted: daydream Labs - 20-May-24
2025-04-14 02:20:11,407 - INFO - Extracted: UTOBO - 20-May-24
2025-04-14 02:20:11,431 - INFO - Extracted: Bedrock Materials - 16-May-24
2025-04-14 02:20:11,454 - INFO - Extracted: Tree Line Capital Partners - 16-May-24
2025-04-14 02:20:11,478 - INFO - Extracted: Sigma Computing - 16-May-24
2025-04-14 02:20:11,501 - INFO - Extracted: Alkira - 15-May-24
2025-04-14 02:20:11,525 - INFO - Extracted: MULTI¬∑ON - 15-May-24
2025-04-14 02:20:11,548 - INFO - Extracted: Recall.ai - 15-May-24
2025-04-14 02:20:11,582 - INFO - Extracted: WEKA - 15-May-24
2025-04-14 02:20:11,605 - INFO - Extracted: AtlasPro AI - 15-May-24
2025-04-14 02:20:11,629 - INFO - Extracted: LanceDB - 15-May-24
2025-04-14 02:20:11,629 - INFO - Successfully extracted 20 new companies from page 34
2025-04-14 02:20:11,629 - INFO - Attempting to navigate from page 34 to next page
2025-04-14 02:20:13,780 - INFO - Found next button using selector: //a[contains(text(), '›')]
2025-04-14 02:20:14,384 - INFO - Clicked next button with JavaScript
2025-04-14 02:20:16,405 - INFO - Successfully navigated to page 35
2025-04-14 02:20:17,018 - INFO - Performing efficient scrolling...
2025-04-14 02:20:19,693 - INFO - Scrolling completed
2025-04-14 02:20:19,693 - INFO - Extracting data from page 35
2025-04-14 02:20:20,718 - INFO - Trying standard table extraction
2025-04-14 02:20:20,741 - INFO - Found 21 potential data rows
2025-04-14 02:20:20,787 - INFO - Extracted: Layer Financial Technologies - 15-May-24
2025-04-14 02:20:20,814 - INFO - Extracted: Apriora - 15-May-24
2025-04-14 02:20:20,849 - INFO - Extracted: Dosu - 14-May-24
2025-04-14 02:20:20,873 - INFO - Extracted: Harness - 14-May-24
2025-04-14 02:20:20,896 - INFO - Extracted: Gorgias - 14-May-24
2025-04-14 02:20:20,919 - INFO - Extracted: Glydways - 14-May-24
2025-04-14 02:20:20,944 - INFO - Extracted: Anthropos - 14-May-24
2025-04-14 02:20:20,967 - INFO - Extracted: The Fresno Area Hispanic Foundation - 14-May-24
2025-04-14 02:20:20,990 - INFO - Extracted: Orange Charger - 14-May-24
2025-04-14 02:20:21,013 - INFO - Extracted: Curve Biosciences - 13-May-24
2025-04-14 02:20:21,036 - INFO - Extracted: Mitra Chem - 13-May-24
2025-04-14 02:20:21,060 - INFO - Extracted: ChainML - 13-May-24
2025-04-14 02:20:21,084 - INFO - Extracted: The Bot Company - 13-May-24
2025-04-14 02:20:21,107 - INFO - Extracted: Triomics - 9-May-24
2025-04-14 02:20:21,131 - INFO - Extracted: Plenty - 9-May-24
2025-04-14 02:20:21,154 - INFO - Extracted: Q'Apel Medical - 9-May-24
2025-04-14 02:20:21,178 - INFO - Extracted: Bluejay Therapeutics - 9-May-24
2025-04-14 02:20:21,202 - INFO - Extracted: Altera - 8-May-24
2025-04-14 02:20:21,226 - INFO - Extracted: DatologyAI - 8-May-24
2025-04-14 02:20:21,249 - INFO - Extracted: 4L Data Intelligence - 8-May-24
2025-04-14 02:20:21,249 - INFO - Successfully extracted 20 new companies from page 35
2025-04-14 02:20:21,249 - INFO - Attempting to navigate from page 35 to next page
2025-04-14 02:20:22,258 - INFO - Found next button using selector: //a[contains(text(), '›')]
2025-04-14 02:20:22,646 - INFO - Clicked next button with JavaScript
2025-04-14 02:20:24,605 - INFO - Successfully navigated to page 36
2025-04-14 02:20:25,428 - INFO - Performing efficient scrolling...
2025-04-14 02:20:27,988 - INFO - Scrolling completed
2025-04-14 02:20:27,988 - INFO - Extracting data from page 36
2025-04-14 02:20:29,181 - INFO - Trying standard table extraction
2025-04-14 02:20:29,210 - INFO - Found 21 potential data rows
2025-04-14 02:20:29,259 - INFO - Extracted: ChangeEngine - 8-May-24
2025-04-14 02:20:29,293 - INFO - Extracted: Voyage Foods - 8-May-24
2025-04-14 02:20:29,316 - INFO - Extracted: Rad AI - 7-May-24
2025-04-14 02:20:29,340 - INFO - Extracted: Trust for Public Land - 7-May-24
2025-04-14 02:20:29,363 - INFO - Extracted: Saved By Nature - 7-May-24
2025-04-14 02:20:29,385 - INFO - Extracted: Composabl - 7-May-24
2025-04-14 02:20:29,409 - INFO - Extracted: Plan By - 7-May-24
2025-04-14 02:20:29,432 - INFO - Extracted: iFrameAI Health - 7-May-24
2025-04-14 02:20:29,455 - INFO - Extracted: Justice Outside - 7-May-24
2025-04-14 02:20:29,479 - INFO - Extracted: Anetac - 6-May-24
2025-04-14 02:20:29,502 - INFO - Extracted: Sagetap - 6-May-24
2025-04-14 02:20:29,526 - INFO - Extracted: Karius - 2-May-24
2025-04-14 02:20:29,550 - INFO - Extracted: Altruist - 2-May-24
2025-04-14 02:20:29,613 - INFO - Extracted: Paragraph - 2-May-24
2025-04-14 02:20:29,670 - INFO - Extracted: Transcarent - 2-May-24
2025-04-14 02:20:29,694 - INFO - Extracted: Mimic - 2-May-24
2025-04-14 02:20:29,718 - INFO - Extracted: Boys & Girls Club of Silicon Valley - 2-May-24
2025-04-14 02:20:29,746 - INFO - Extracted: CellChorus - 2-May-24
2025-04-14 02:20:29,769 - INFO - Extracted: Ex-human - 2-May-24
2025-04-14 02:20:29,793 - INFO - Extracted: Securitize - 1-May-24
2025-04-14 02:20:29,793 - INFO - Successfully extracted 20 new companies from page 36
2025-04-14 02:20:29,793 - INFO - Attempting to navigate from page 36 to next page
2025-04-14 02:20:31,411 - INFO - Found next button using selector: //a[contains(text(), '›')]
2025-04-14 02:20:32,175 - INFO - Clicked next button with JavaScript
2025-04-14 02:20:34,265 - INFO - Successfully navigated to page 37
2025-04-14 02:20:34,653 - INFO - Performing efficient scrolling...
2025-04-14 02:20:37,402 - INFO - Scrolling completed
2025-04-14 02:20:37,404 - INFO - Extracting data from page 37
2025-04-14 02:20:38,666 - INFO - Trying standard table extraction
2025-04-14 02:20:38,694 - INFO - Found 21 potential data rows
2025-04-14 02:20:38,741 - INFO - Extracted: Peregrine Technologies - 1-May-24
2025-04-14 02:20:38,766 - INFO - Extracted: Traceable - 1-May-24
2025-04-14 02:20:38,789 - INFO - Extracted: Dodgeball - 1-May-24
2025-04-14 02:20:38,812 - INFO - Extracted: Corelight - 30-Apr-24
2025-04-14 02:20:38,834 - INFO - Extracted: Ansa - 30-Apr-24
2025-04-14 02:20:38,857 - INFO - Extracted: Pakal Technologies - 30-Apr-24
2025-04-14 02:20:38,880 - INFO - Extracted: Inhabitr - 30-Apr-24
2025-04-14 02:20:38,903 - INFO - Extracted: SafeBase - 30-Apr-24
2025-04-14 02:20:38,926 - INFO - Extracted: PsiQuantum - 30-Apr-24
2025-04-14 02:20:38,952 - INFO - Extracted: Surf Bio - 30-Apr-24
2025-04-14 02:20:38,975 - INFO - Extracted: Seam AI - 30-Apr-24
2025-04-14 02:20:38,997 - INFO - Extracted: Blend - 29-Apr-24
2025-04-14 02:20:39,020 - INFO - Extracted: Taiki - 29-Apr-24
2025-04-14 02:20:39,055 - INFO - Extracted: Elisity - 29-Apr-24
2025-04-14 02:20:39,078 - INFO - Extracted: Thintronics - 29-Apr-24
2025-04-14 02:20:39,101 - INFO - Extracted: RevenueCat - 25-Apr-24
2025-04-14 02:20:39,124 - INFO - Extracted: Movement Labs - 25-Apr-24
2025-04-14 02:20:39,147 - INFO - Extracted: Centro Community Partners - 25-Apr-24
2025-04-14 02:20:39,171 - INFO - Extracted: Log10 - 24-Apr-24
2025-04-14 02:20:39,194 - INFO - Extracted: Midi Health - 24-Apr-24
2025-04-14 02:20:39,194 - INFO - Successfully extracted 20 new companies from page 37
2025-04-14 02:20:39,194 - INFO - Attempting to navigate from page 37 to next page
2025-04-14 02:20:40,918 - INFO - Found next button using selector: //a[contains(text(), '›')]
2025-04-14 02:20:42,087 - INFO - Clicked next button with JavaScript
2025-04-14 02:20:43,775 - INFO - Successfully navigated to page 38
2025-04-14 02:20:44,208 - INFO - Performing efficient scrolling...
2025-04-14 02:20:47,405 - INFO - Scrolling completed
2025-04-14 02:20:47,406 - INFO - Extracting data from page 38
2025-04-14 02:20:48,087 - INFO - Trying standard table extraction
2025-04-14 02:20:48,115 - INFO - Found 21 potential data rows
2025-04-14 02:20:48,161 - INFO - Extracted: Faura - 24-Apr-24
2025-04-14 02:20:48,186 - INFO - Extracted: Augment - 24-Apr-24
2025-04-14 02:20:48,209 - INFO - Extracted: Anon - 24-Apr-24
2025-04-14 02:20:48,232 - INFO - Extracted: Cognition - 24-Apr-24
2025-04-14 02:20:48,256 - INFO - Extracted: Amplifier Security - 24-Apr-24
2025-04-14 02:20:48,281 - INFO - Extracted: Clueso - 24-Apr-24
2025-04-14 02:20:48,304 - INFO - Extracted: Xaira Therapeutics - 23-Apr-24
2025-04-14 02:20:48,327 - INFO - Extracted: Framework - 23-Apr-24
2025-04-14 02:20:48,350 - INFO - Extracted: Campus - 23-Apr-24
2025-04-14 02:20:48,374 - INFO - Extracted: Prophet Security - 23-Apr-24
2025-04-14 02:20:48,404 - INFO - Extracted: Clarity Pediatrics - 22-Apr-24
2025-04-14 02:20:48,431 - INFO - Extracted: Pomelo - 22-Apr-24
2025-04-14 02:20:48,455 - INFO - Extracted: Superinsight - 22-Apr-24
2025-04-14 02:20:48,479 - INFO - Extracted: Observe - 22-Apr-24
2025-04-14 02:20:48,502 - INFO - Extracted: Rubedo Life Sciences - 22-Apr-24
2025-04-14 02:20:48,526 - INFO - Extracted: BuildCasa - 19-Apr-24
2025-04-14 02:20:48,549 - INFO - Extracted: XFactor - 18-Apr-24
2025-04-14 02:20:48,573 - INFO - Extracted: Clazar - 18-Apr-24
2025-04-14 02:20:48,596 - INFO - Extracted: Verne - 18-Apr-24
2025-04-14 02:20:48,620 - INFO - Extracted: Anvilogic - 17-Apr-24
2025-04-14 02:20:48,620 - INFO - Successfully extracted 20 new companies from page 38
2025-04-14 02:20:48,620 - INFO - Attempting to navigate from page 38 to next page
2025-04-14 02:20:50,053 - INFO - Found next button using selector: //a[contains(text(), '›')]
2025-04-14 02:20:51,144 - INFO - Clicked next button with JavaScript
2025-04-14 02:20:53,489 - INFO - Successfully navigated to page 39
2025-04-14 02:20:54,511 - INFO - Performing efficient scrolling...
2025-04-14 02:20:57,063 - INFO - Scrolling completed
2025-04-14 02:20:57,064 - INFO - Extracting data from page 39
2025-04-14 02:20:57,728 - INFO - Trying standard table extraction
2025-04-14 02:20:57,757 - INFO - Found 21 potential data rows
2025-04-14 02:20:57,804 - INFO - Extracted: Vorlon - 17-Apr-24
2025-04-14 02:20:57,829 - INFO - Extracted: Quilt - 16-Apr-24
2025-04-14 02:20:57,852 - INFO - Extracted: Powerbroker AI - 16-Apr-24
2025-04-14 02:20:57,875 - INFO - Extracted: Asher Bio - 16-Apr-24
2025-04-14 02:20:57,898 - INFO - Extracted: Rivos - 16-Apr-24
2025-04-14 02:20:57,921 - INFO - Extracted: Two Chairs - 16-Apr-24
2025-04-14 02:20:57,956 - INFO - Extracted: Ripcord - 16-Apr-24
2025-04-14 02:20:57,979 - INFO - Extracted: Loft Labs - 16-Apr-24
2025-04-14 02:20:58,002 - INFO - Extracted: Common Sense Privacy - 15-Apr-24
2025-04-14 02:20:58,025 - INFO - Extracted: Paraform - 15-Apr-24
2025-04-14 02:20:58,049 - INFO - Extracted: Clientell - 15-Apr-24
2025-04-14 02:20:58,072 - INFO - Extracted: Integral Health - 15-Apr-24
2025-04-14 02:20:58,095 - INFO - Extracted: Writ - 11-Apr-24
2025-04-14 02:20:58,118 - INFO - Extracted: Simbian - 11-Apr-24
2025-04-14 02:20:58,142 - INFO - Extracted: Anrok - 11-Apr-24
2025-04-14 02:20:58,165 - INFO - Extracted: Symbolica AI - 9-Apr-24
2025-04-14 02:20:58,189 - INFO - Extracted: JARS AI - 8-Apr-24
2025-04-14 02:20:58,212 - INFO - Extracted: Windfall Bio - 8-Apr-24
2025-04-14 02:20:58,236 - INFO - Extracted: MODE - 8-Apr-24
2025-04-14 02:20:58,260 - INFO - Extracted: Varda - 5-Apr-24
2025-04-14 02:20:58,260 - INFO - Successfully extracted 20 new companies from page 39
2025-04-14 02:20:58,260 - INFO - Attempting to navigate from page 39 to next page
2025-04-14 02:20:59,952 - INFO - Found next button using selector: //a[contains(text(), '›')]
2025-04-14 02:21:01,182 - INFO - Clicked next button with JavaScript
2025-04-14 02:21:03,556 - INFO - Successfully navigated to page 40
2025-04-14 02:21:04,407 - INFO - Performing efficient scrolling...
2025-04-14 02:21:06,999 - INFO - Scrolling completed
2025-04-14 02:21:07,000 - INFO - Extracting data from page 40
2025-04-14 02:21:07,630 - INFO - Trying standard table extraction
2025-04-14 02:21:07,658 - INFO - Found 21 potential data rows
2025-04-14 02:21:07,703 - INFO - Extracted: Enable Biosciences - 4-Apr-24
2025-04-14 02:21:07,728 - INFO - Extracted: SiMa.ai - 4-Apr-24
2025-04-14 02:21:07,762 - INFO - Extracted: Lambda - 4-Apr-24
2025-04-14 02:21:07,784 - INFO - Extracted: YonedaLabs - 4-Apr-24
2025-04-14 02:21:07,807 - INFO - Extracted: Coalesce Automation - 4-Apr-24
2025-04-14 02:21:07,829 - INFO - Extracted: Scritch - 3-Apr-24
2025-04-14 02:21:07,852 - INFO - Extracted: nCompass Technologies - 3-Apr-24
2025-04-14 02:21:07,875 - INFO - Extracted: Trieve - 3-Apr-24
2025-04-14 02:21:07,899 - INFO - Extracted: DryMerge - 3-Apr-24
2025-04-14 02:21:07,922 - INFO - Extracted: Permiso Security - 3-Apr-24
2025-04-14 02:21:07,945 - INFO - Extracted: Mango Health - 3-Apr-24
2025-04-14 02:21:07,968 - INFO - Extracted: ion design - 3-Apr-24
2025-04-14 02:21:07,992 - INFO - Extracted: Numo - 3-Apr-24
2025-04-14 02:21:08,015 - INFO - Extracted: Celest - 3-Apr-24
2025-04-14 02:21:08,038 - INFO - Extracted: Higgsfield - 3-Apr-24
2025-04-14 02:21:08,061 - INFO - Extracted: OpenFoundry - 3-Apr-24
2025-04-14 02:21:08,085 - INFO - Extracted: Arch0 - 3-Apr-24
2025-04-14 02:21:08,108 - INFO - Extracted: Trellis - 3-Apr-24
2025-04-14 02:21:08,131 - INFO - Extracted: PointOne Technologies - 3-Apr-24
2025-04-14 02:21:08,154 - INFO - Extracted: Attunement - 3-Apr-24
2025-04-14 02:21:08,154 - INFO - Successfully extracted 20 new companies from page 40
2025-04-14 02:21:08,154 - INFO - Attempting to navigate from page 40 to next page
2025-04-14 02:21:10,015 - INFO - Found next button using selector: //a[contains(text(), '›')]
2025-04-14 02:21:10,853 - INFO - Clicked next button with JavaScript
2025-04-14 02:21:12,886 - INFO - Successfully navigated to page 41
2025-04-14 02:21:14,090 - INFO - Performing efficient scrolling...
2025-04-14 02:21:17,860 - INFO - Scrolling completed
2025-04-14 02:21:17,861 - INFO - Extracting data from page 41
2025-04-14 02:21:19,028 - INFO - Trying standard table extraction
2025-04-14 02:21:19,057 - INFO - Found 21 potential data rows
2025-04-14 02:21:19,105 - INFO - Extracted: ego - 3-Apr-24
2025-04-14 02:21:19,132 - INFO - Extracted: Retell AI - 3-Apr-24
2025-04-14 02:21:19,156 - INFO - Extracted: Paradigm - 3-Apr-24
2025-04-14 02:21:19,180 - INFO - Extracted: SiftHub - 3-Apr-24
2025-04-14 02:21:19,203 - INFO - Extracted: Atopile - 3-Apr-24
2025-04-14 02:21:19,229 - INFO - Extracted: Hemingway - 3-Apr-24
2025-04-14 02:21:19,253 - INFO - Extracted: MAIHEM - 3-Apr-24
2025-04-14 02:21:19,277 - INFO - Extracted: Airfront - 3-Apr-24
2025-04-14 02:21:19,300 - INFO - Extracted: Maia - 3-Apr-24
2025-04-14 02:21:19,324 - INFO - Extracted: Nuanced - 3-Apr-24
2025-04-14 02:21:19,348 - INFO - Extracted: Lantern - 3-Apr-24
2025-04-14 02:21:19,371 - INFO - Extracted: Patchwork - 3-Apr-24
2025-04-14 02:21:19,395 - INFO - Extracted: Roe AI - 3-Apr-24
2025-04-14 02:21:19,419 - INFO - Extracted: Creo - 3-Apr-24
2025-04-14 02:21:19,443 - INFO - Extracted: Precip - 3-Apr-24
2025-04-14 02:21:19,466 - INFO - Extracted: CloudCruise - 3-Apr-24
2025-04-14 02:21:19,490 - INFO - Extracted: Intercept - 3-Apr-24
2025-04-14 02:21:19,513 - INFO - Extracted: Duckie - 3-Apr-24
2025-04-14 02:21:19,537 - INFO - Extracted: Swift - 3-Apr-24
2025-04-14 02:21:19,561 - INFO - Extracted: Resonance - 3-Apr-24
2025-04-14 02:21:19,561 - INFO - Successfully extracted 20 new companies from page 41
2025-04-14 02:21:19,561 - INFO - Attempting to navigate from page 41 to next page
2025-04-14 02:21:20,733 - INFO - Found next button using selector: //a[contains(text(), '›')]
2025-04-14 02:21:21,492 - INFO - Clicked next button with JavaScript
2025-04-14 02:21:23,784 - INFO - Successfully navigated to page 42
2025-04-14 02:21:24,363 - INFO - Performing efficient scrolling...
2025-04-14 02:21:27,395 - INFO - Scrolling completed
2025-04-14 02:21:27,395 - INFO - Extracting data from page 42
2025-04-14 02:21:28,261 - INFO - Trying standard table extraction
2025-04-14 02:21:28,288 - INFO - Found 21 potential data rows
2025-04-14 02:21:28,334 - INFO - Extracted: Yondu - 3-Apr-24
2025-04-14 02:21:28,360 - INFO - Extracted: Ecliptor - 3-Apr-24
2025-04-14 02:21:28,384 - INFO - Extracted: Assembly - 3-Apr-24
2025-04-14 02:21:28,408 - INFO - Extracted: Parasale - 3-Apr-24
2025-04-14 02:21:28,431 - INFO - Extracted: PartnerHQ - 3-Apr-24
2025-04-14 02:21:28,455 - INFO - Extracted: Kabilah - 3-Apr-24
2025-04-14 02:21:28,480 - INFO - Extracted: Relari - 3-Apr-24
2025-04-14 02:21:28,503 - INFO - Extracted: Momentic - 3-Apr-24
2025-04-14 02:21:28,527 - INFO - Extracted: Glimmer - 3-Apr-24
2025-04-14 02:21:28,551 - INFO - Extracted: Homebase - 3-Apr-24
2025-04-14 02:21:28,575 - INFO - Extracted: Centralize - 3-Apr-24
2025-04-14 02:21:28,598 - INFO - Extracted: Aidy - 3-Apr-24
2025-04-14 02:21:28,622 - INFO - Extracted: Buster - 3-Apr-24
2025-04-14 02:21:28,646 - INFO - Extracted: Meticulate - 3-Apr-24
2025-04-14 02:21:28,669 - INFO - Extracted: RadMate AI - 3-Apr-24
2025-04-14 02:21:28,693 - INFO - Extracted: Quantic - 3-Apr-24
2025-04-14 02:21:28,716 - INFO - Extracted: Okapi - 3-Apr-24
2025-04-14 02:21:28,740 - INFO - Extracted: Aether Energy - 3-Apr-24
2025-04-14 02:21:28,767 - INFO - Extracted: Decipher AI - 3-Apr-24
2025-04-14 02:21:28,792 - INFO - Extracted: Modal.io - 2-Apr-24
2025-04-14 02:21:28,792 - INFO - Successfully extracted 20 new companies from page 42
2025-04-14 02:21:28,792 - INFO - Attempting to navigate from page 42 to next page
2025-04-14 02:21:29,789 - INFO - Found next button using selector: //a[contains(text(), '›')]
2025-04-14 02:21:30,534 - INFO - Clicked next button with JavaScript
2025-04-14 02:21:32,213 - INFO - Successfully navigated to page 43
2025-04-14 02:21:33,286 - INFO - Performing efficient scrolling...
2025-04-14 02:21:36,878 - INFO - Scrolling completed
2025-04-14 02:21:36,879 - INFO - Extracting data from page 43
2025-04-14 02:21:37,678 - INFO - Trying standard table extraction
2025-04-14 02:21:37,705 - INFO - Found 21 potential data rows
2025-04-14 02:21:37,754 - INFO - Extracted: BurnBot - 2-Apr-24
2025-04-14 02:21:37,780 - INFO - Extracted: HelicitySpace - 2-Apr-24
2025-04-14 02:21:37,803 - INFO - Extracted: SESO - 2-Apr-24
2025-04-14 02:21:37,826 - INFO - Extracted: Lumana - 2-Apr-24
2025-04-14 02:21:37,849 - INFO - Extracted: Delivery Collective - 2-Apr-24
2025-04-14 02:21:37,872 - INFO - Extracted: Meedan - 2-Apr-24
2025-04-14 02:21:37,896 - INFO - Extracted: NobleAI - 2-Apr-24
2025-04-14 02:21:37,918 - INFO - Extracted: Allermi - 1-Apr-24
2025-04-14 02:21:37,942 - INFO - Extracted: BioConsortia - 1-Apr-24
2025-04-14 02:21:37,965 - INFO - Extracted: Skyflow - 28-Mar-24
2025-04-14 02:21:37,989 - INFO - Extracted: Vizcom - 28-Mar-24
2025-04-14 02:21:38,012 - INFO - Extracted: Float Health - 28-Mar-24
2025-04-14 02:21:38,036 - INFO - Extracted: Spintly - 28-Mar-24
2025-04-14 02:21:38,059 - INFO - Extracted: Aeovian Pharmaceuticals - 28-Mar-24
2025-04-14 02:21:38,083 - INFO - Extracted: ValidMind - 27-Mar-24
2025-04-14 02:21:38,106 - INFO - Extracted: Ensis - 27-Mar-24
2025-04-14 02:21:38,130 - INFO - Extracted: YourChoice Therapeutics - 27-Mar-24
2025-04-14 02:21:38,153 - INFO - Extracted: TurbineOne - 27-Mar-24
2025-04-14 02:21:38,177 - INFO - Extracted: JobPixel - 27-Mar-24
2025-04-14 02:21:38,200 - INFO - Extracted: OneNotary - 26-Mar-24
2025-04-14 02:21:38,200 - INFO - Successfully extracted 20 new companies from page 43
2025-04-14 02:21:38,200 - INFO - Attempting to navigate from page 43 to next page
2025-04-14 02:21:40,302 - INFO - Found next button using selector: //a[contains(text(), '›')]
2025-04-14 02:21:41,241 - INFO - Clicked next button with JavaScript
2025-04-14 02:21:43,704 - INFO - Successfully navigated to page 44
2025-04-14 02:21:44,293 - INFO - Performing efficient scrolling...
2025-04-14 02:21:46,906 - INFO - Scrolling completed
2025-04-14 02:21:46,907 - INFO - Extracting data from page 44
2025-04-14 02:21:48,011 - INFO - Trying standard table extraction
2025-04-14 02:21:48,040 - INFO - Found 21 potential data rows
2025-04-14 02:21:48,087 - INFO - Extracted: Fieldguide - 26-Mar-24
2025-04-14 02:21:48,112 - INFO - Extracted: Brightside Health - 26-Mar-24
2025-04-14 02:21:48,134 - INFO - Extracted: Picogrid - 26-Mar-24
2025-04-14 02:21:48,158 - INFO - Extracted: OpenPipe - 26-Mar-24
2025-04-14 02:21:48,181 - INFO - Extracted: ionobell - 26-Mar-24
2025-04-14 02:21:48,203 - INFO - Extracted: Activeloop - 26-Mar-24
2025-04-14 02:21:48,227 - INFO - Extracted: Bedrock Security - 26-Mar-24
2025-04-14 02:21:48,250 - INFO - Extracted: Charlee.ai - 25-Mar-24
2025-04-14 02:21:48,274 - INFO - Extracted: Propel - 25-Mar-24
2025-04-14 02:21:48,297 - INFO - Extracted: Circular.co - 25-Mar-24
2025-04-14 02:21:48,320 - INFO - Extracted: Profluent Bio - 21-Mar-24
2025-04-14 02:21:48,344 - INFO - Extracted: Espresso Systems - 21-Mar-24
2025-04-14 02:21:48,368 - INFO - Extracted: Ediphi - 21-Mar-24
2025-04-14 02:21:48,391 - INFO - Extracted: Foundry - 21-Mar-24
2025-04-14 02:21:48,414 - INFO - Extracted: Tarsal - 21-Mar-24
2025-04-14 02:21:48,443 - INFO - Extracted: Buzz Solutions - 20-Mar-24
2025-04-14 02:21:48,469 - INFO - Extracted: Airmyne - 20-Mar-24
2025-04-14 02:21:48,493 - INFO - Extracted: Mermaid Chart - 20-Mar-24
2025-04-14 02:21:48,516 - INFO - Extracted: Euno - 19-Mar-24
2025-04-14 02:21:48,540 - INFO - Extracted: RapidFire AI - 19-Mar-24
2025-04-14 02:21:48,540 - INFO - Successfully extracted 20 new companies from page 44
2025-04-14 02:21:48,540 - INFO - Attempting to navigate from page 44 to next page
2025-04-14 02:21:49,884 - INFO - Found next button using selector: //a[contains(text(), '›')]
2025-04-14 02:21:50,885 - INFO - Clicked next button with JavaScript
2025-04-14 02:21:53,227 - INFO - Successfully navigated to page 45
2025-04-14 02:21:54,133 - INFO - Performing efficient scrolling...
2025-04-14 02:21:57,502 - INFO - Scrolling completed
2025-04-14 02:21:57,503 - INFO - Extracting data from page 45
2025-04-14 02:21:58,750 - INFO - Trying standard table extraction
2025-04-14 02:21:58,779 - INFO - Found 21 potential data rows
2025-04-14 02:21:58,827 - INFO - Extracted: EKA Solutions - 19-Mar-24
2025-04-14 02:21:58,852 - INFO - Extracted: Lumino - 19-Mar-24
2025-04-14 02:21:58,876 - INFO - Extracted: Chambr - 18-Mar-24
2025-04-14 02:21:58,898 - INFO - Extracted: Carbonated - 15-Mar-24
2025-04-14 02:21:58,922 - INFO - Extracted: Unstructured Technologies - 14-Mar-24
2025-04-14 02:21:58,945 - INFO - Extracted: Omni - 14-Mar-24
2025-04-14 02:21:58,968 - INFO - Extracted: inDrive - 14-Mar-24
2025-04-14 02:21:58,991 - INFO - Extracted: Lily AI - 14-Mar-24
2025-04-14 02:21:59,014 - INFO - Extracted: Horizon Treatment Services - 14-Mar-24
2025-04-14 02:21:59,037 - INFO - Extracted: Vertosa - 14-Mar-24
2025-04-14 02:21:59,060 - INFO - Extracted: Clique - 14-Mar-24
2025-04-14 02:21:59,083 - INFO - Extracted: Sierra Gold Nurseries - 14-Mar-24
2025-04-14 02:21:59,107 - INFO - Extracted: Orbillion Bio - 14-Mar-24
2025-04-14 02:21:59,130 - INFO - Extracted: Redcoat AI - 14-Mar-24
2025-04-14 02:21:59,153 - INFO - Extracted: Assort Health - 14-Mar-24
2025-04-14 02:21:59,177 - INFO - Extracted: Deep Origin - 13-Mar-24
2025-04-14 02:21:59,199 - INFO - Extracted: LiveKit - 13-Mar-24
2025-04-14 02:21:59,223 - INFO - Extracted: Voxeleron - 13-Mar-24
2025-04-14 02:21:59,246 - INFO - Extracted: Nozomi Networks - 13-Mar-24
2025-04-14 02:21:59,270 - INFO - Extracted: Fermat Commerce - 13-Mar-24
2025-04-14 02:21:59,270 - INFO - Successfully extracted 20 new companies from page 45
2025-04-14 02:21:59,270 - INFO - Attempting to navigate from page 45 to next page
2025-04-14 02:22:01,205 - INFO - Found next button using selector: //a[contains(text(), '›')]
2025-04-14 02:22:01,661 - INFO - Clicked next button with JavaScript
2025-04-14 02:22:03,325 - INFO - Successfully navigated to page 46
2025-04-14 02:22:03,863 - INFO - Performing efficient scrolling...
2025-04-14 02:22:05,637 - INFO - Scrolling completed
2025-04-14 02:22:05,638 - INFO - Extracting data from page 46
2025-04-14 02:22:06,597 - INFO - Trying standard table extraction
2025-04-14 02:22:06,627 - INFO - Found 21 potential data rows
2025-04-14 02:22:06,673 - INFO - Extracted: Astronuts - 13-Mar-24
2025-04-14 02:22:06,698 - INFO - Extracted: eDNA Explorer - 13-Mar-24
2025-04-14 02:22:06,722 - INFO - Extracted: Big Sur AI - 13-Mar-24
2025-04-14 02:22:06,745 - INFO - Extracted: HalseyPoint Asset Management - 13-Mar-24
2025-04-14 02:22:06,767 - INFO - Extracted: Luminary Cloud - 13-Mar-24
2025-04-14 02:22:06,790 - INFO - Extracted: Furno - 13-Mar-24
2025-04-14 02:22:06,813 - INFO - Extracted: Smartschool - 13-Mar-24
2025-04-14 02:22:06,836 - INFO - Extracted: NanoNets - 12-Mar-24
2025-04-14 02:22:06,860 - INFO - Extracted: Amara Organic Foods - 12-Mar-24
2025-04-14 02:22:06,883 - INFO - Extracted: Vouch - 11-Mar-24
2025-04-14 02:22:06,907 - INFO - Extracted: Forest Neurotech - 11-Mar-24
2025-04-14 02:22:06,930 - INFO - Extracted: Applied Intuition - 11-Mar-24
2025-04-14 02:22:06,954 - INFO - Extracted: Bear Robotics - 11-Mar-24
2025-04-14 02:22:06,977 - INFO - Extracted: Key - 11-Mar-24
2025-04-14 02:22:07,000 - INFO - Extracted: Eigen Therapeutics - 11-Mar-24
2025-04-14 02:22:07,024 - INFO - Extracted: RealSeq Biosciences - 11-Mar-24
2025-04-14 02:22:07,047 - INFO - Extracted: Eclipse - 11-Mar-24
2025-04-14 02:22:07,071 - INFO - Extracted: Foundation Health - 11-Mar-24
2025-04-14 02:22:07,094 - INFO - Extracted: Huski.ai - 8-Mar-24
2025-04-14 02:22:07,117 - INFO - Extracted: Ondas Networks - 8-Mar-24
2025-04-14 02:22:07,117 - INFO - Successfully extracted 20 new companies from page 46
2025-04-14 02:22:07,117 - INFO - Attempting to navigate from page 46 to next page
2025-04-14 02:22:08,463 - INFO - Found next button using selector: //a[contains(text(), '›')]
2025-04-14 02:22:09,000 - INFO - Clicked next button with JavaScript
2025-04-14 02:22:11,120 - INFO - Successfully navigated to page 47
2025-04-14 02:22:12,051 - INFO - Performing efficient scrolling...
2025-04-14 02:22:14,773 - INFO - Scrolling completed
2025-04-14 02:22:14,774 - INFO - Extracting data from page 47
2025-04-14 02:22:15,293 - INFO - Trying standard table extraction
2025-04-14 02:22:15,317 - INFO - Found 21 potential data rows
2025-04-14 02:22:15,360 - INFO - Extracted: NeuroAge Therapeutics - 7-Mar-24
2025-04-14 02:22:15,384 - INFO - Extracted: Neural Propulsion Systems - 7-Mar-24
2025-04-14 02:22:15,407 - INFO - Extracted: Best Day Brewing - 7-Mar-24
2025-04-14 02:22:15,430 - INFO - Extracted: Reach Security - 7-Mar-24
2025-04-14 02:22:15,453 - INFO - Extracted: Brevian - 7-Mar-24
2025-04-14 02:22:15,477 - INFO - Extracted: Alumis - 6-Mar-24
2025-04-14 02:22:15,500 - INFO - Extracted: Abstract - 6-Mar-24
2025-04-14 02:22:15,523 - INFO - Extracted: Altro (fka Perch) - 6-Mar-24
2025-04-14 02:22:15,546 - INFO - Extracted: Remofirst - 6-Mar-24
2025-04-14 02:22:15,569 - INFO - Extracted: Proof of Impact - 6-Mar-24
2025-04-14 02:22:15,593 - INFO - Extracted: Firewall - 6-Mar-24
2025-04-14 02:22:15,617 - INFO - Extracted: Glacier - 6-Mar-24
2025-04-14 02:22:15,640 - INFO - Extracted: Jabali - 6-Mar-24
2025-04-14 02:22:15,663 - INFO - Extracted: Dtex Systems - 5-Mar-24
2025-04-14 02:22:15,686 - INFO - Extracted: Ubicloud - 5-Mar-24
2025-04-14 02:22:15,710 - INFO - Extracted: Openprise - 5-Mar-24
2025-04-14 02:22:15,733 - INFO - Extracted: appCD - 5-Mar-24
2025-04-14 02:22:15,756 - INFO - Extracted: RIOS - 5-Mar-24
2025-04-14 02:22:15,779 - INFO - Extracted: Baseten - 4-Mar-24
2025-04-14 02:22:15,803 - INFO - Extracted: GALY - 4-Mar-24
2025-04-14 02:22:15,803 - INFO - Successfully extracted 20 new companies from page 47
2025-04-14 02:22:15,803 - INFO - Attempting to navigate from page 47 to next page
2025-04-14 02:22:17,410 - INFO - Found next button using selector: //a[contains(text(), '›')]
2025-04-14 02:22:18,147 - INFO - Clicked next button with JavaScript
2025-04-14 02:22:20,282 - INFO - Successfully navigated to page 48
2025-04-14 02:22:20,842 - INFO - Performing efficient scrolling...
2025-04-14 02:22:24,420 - INFO - Scrolling completed
2025-04-14 02:22:24,421 - INFO - Extracting data from page 48
2025-04-14 02:22:24,954 - INFO - Trying standard table extraction
2025-04-14 02:22:24,982 - INFO - Found 21 potential data rows
2025-04-14 02:22:25,029 - INFO - Extracted: Headlands Research - 4-Mar-24
2025-04-14 02:22:25,055 - INFO - Extracted: treet - 4-Mar-24
2025-04-14 02:22:25,078 - INFO - Extracted: Entrada - 4-Mar-24
2025-04-14 02:22:25,100 - INFO - Extracted: Momentous - 29-Feb-24
2025-04-14 02:22:25,123 - INFO - Extracted: FirstHive - 29-Feb-24
2025-04-14 02:22:25,147 - INFO - Extracted: Elemeno Health - 29-Feb-24
2025-04-14 02:22:25,170 - INFO - Extracted: PawCo Foods - 29-Feb-24
2025-04-14 02:22:25,193 - INFO - Extracted: BioCorRx - 28-Feb-24
2025-04-14 02:22:25,216 - INFO - Extracted: Range Energy - 28-Feb-24
2025-04-14 02:22:25,240 - INFO - Extracted: BloomTech - 28-Feb-24
2025-04-14 02:22:25,263 - INFO - Extracted: Backpack - 28-Feb-24
2025-04-14 02:22:25,286 - INFO - Extracted: Mineprism Inc. - 28-Feb-24
2025-04-14 02:22:25,312 - INFO - Extracted: Parspec - 27-Feb-24
2025-04-14 02:22:25,336 - INFO - Extracted: Catch+Release - 27-Feb-24
2025-04-14 02:22:25,360 - INFO - Extracted: MoneyHash - 27-Feb-24
2025-04-14 02:22:25,383 - INFO - Extracted: Reo.Dev - 27-Feb-24
2025-04-14 02:22:25,407 - INFO - Extracted: Campfire - 27-Feb-24
2025-04-14 02:22:25,431 - INFO - Extracted: Axiom Cloud - 27-Feb-24
2025-04-14 02:22:25,454 - INFO - Extracted: Inkitt - 27-Feb-24
2025-04-14 02:22:25,477 - INFO - Extracted: EPRI - 26-Feb-24
2025-04-14 02:22:25,477 - INFO - Successfully extracted 20 new companies from page 48
2025-04-14 02:22:25,477 - INFO - Attempting to navigate from page 48 to next page
2025-04-14 02:22:26,575 - INFO - Found next button using selector: //a[contains(text(), '›')]
2025-04-14 02:22:27,800 - INFO - Clicked next button with JavaScript
2025-04-14 02:22:30,239 - INFO - Successfully navigated to page 49
2025-04-14 02:22:31,237 - INFO - Performing efficient scrolling...
2025-04-14 02:22:33,808 - INFO - Scrolling completed
2025-04-14 02:22:33,808 - INFO - Extracting data from page 49
2025-04-14 02:22:34,373 - INFO - Trying standard table extraction
2025-04-14 02:22:34,401 - INFO - Found 21 potential data rows
2025-04-14 02:22:34,448 - INFO - Extracted: Alamar Biosciences - 26-Feb-24
2025-04-14 02:22:34,473 - INFO - Extracted: FlowGPT - 26-Feb-24
2025-04-14 02:22:34,496 - INFO - Extracted: mTAB - 26-Feb-24
2025-04-14 02:22:34,519 - INFO - Extracted: InsightRX - 23-Feb-24
2025-04-14 02:22:34,543 - INFO - Extracted: Elve - 22-Feb-24
2025-04-14 02:22:34,566 - INFO - Extracted: PermitFlow - 21-Feb-24
2025-04-14 02:22:34,589 - INFO - Extracted: Jamix - 21-Feb-24
2025-04-14 02:22:34,612 - INFO - Extracted: Hadrian - 21-Feb-24
2025-04-14 02:22:34,636 - INFO - Extracted: Empowerly - 21-Feb-24
2025-04-14 02:22:34,659 - INFO - Extracted: Orkes - 21-Feb-24
2025-04-14 02:22:34,683 - INFO - Extracted: Power Life Science - 21-Feb-24
2025-04-14 02:22:34,706 - INFO - Extracted: ElastiFlow - 21-Feb-24
2025-04-14 02:22:34,730 - INFO - Extracted: NodeShift - 21-Feb-24
2025-04-14 02:22:34,753 - INFO - Extracted: VectorShift - 21-Feb-24
2025-04-14 02:22:34,777 - INFO - Extracted: Blue Wire - 20-Feb-24
2025-04-14 02:22:34,800 - INFO - Extracted: Zonexus - 20-Feb-24
2025-04-14 02:22:34,823 - INFO - Extracted: Recogni - 20-Feb-24
2025-04-14 02:22:34,846 - INFO - Extracted: HighRI Optics - 20-Feb-24
2025-04-14 02:22:34,870 - INFO - Extracted: Arini - 19-Feb-24
2025-04-14 02:22:34,893 - INFO - Extracted: Alembic - 15-Feb-24
2025-04-14 02:22:34,894 - INFO - Successfully extracted 20 new companies from page 49
2025-04-14 02:22:34,894 - INFO - Attempting to navigate from page 49 to next page
2025-04-14 02:22:37,008 - INFO - Found next button using selector: //a[contains(text(), '›')]
2025-04-14 02:22:37,568 - INFO - Clicked next button with JavaScript
2025-04-14 02:22:39,635 - INFO - Successfully navigated to page 50
2025-04-14 02:22:40,536 - INFO - Performing efficient scrolling...
2025-04-14 02:22:42,706 - INFO - Scrolling completed
2025-04-14 02:22:42,708 - INFO - Extracting data from page 50
2025-04-14 02:22:43,862 - INFO - Trying standard table extraction
2025-04-14 02:22:43,890 - INFO - Found 21 potential data rows
2025-04-14 02:22:43,937 - INFO - Extracted: Scribe - 15-Feb-24
2025-04-14 02:22:43,963 - INFO - Extracted: Freenome - 15-Feb-24
2025-04-14 02:22:43,986 - INFO - Extracted: Guardrails AI - 15-Feb-24
2025-04-14 02:22:44,009 - INFO - Extracted: Zocks - 15-Feb-24
2025-04-14 02:22:44,032 - INFO - Extracted: LangChain - 15-Feb-24
2025-04-14 02:22:44,055 - INFO - Extracted: testRigor - 15-Feb-24
2025-04-14 02:22:44,078 - INFO - Extracted: Kairos Aerospace - 15-Feb-24
2025-04-14 02:22:44,100 - INFO - Extracted: Sanitas AI - 15-Feb-24
2025-04-14 02:22:44,123 - INFO - Extracted: cPacket Networks - 14-Feb-24
2025-04-14 02:22:44,146 - INFO - Extracted: Artie - 14-Feb-24
2025-04-14 02:22:44,169 - INFO - Extracted: SkyOne Federal Credit Union - 14-Feb-24
2025-04-14 02:22:44,194 - INFO - Extracted: Hippo Harvest - 14-Feb-24
2025-04-14 02:22:44,216 - INFO - Extracted: Planette - 14-Feb-24
2025-04-14 02:22:44,239 - INFO - Extracted: Rasa - 14-Feb-24
2025-04-14 02:22:44,263 - INFO - Extracted: Meter - 13-Feb-24
2025-04-14 02:22:44,285 - INFO - Extracted: Skylo - 13-Feb-24
2025-04-14 02:22:44,310 - INFO - Extracted: Mindy - 13-Feb-24
2025-04-14 02:22:44,333 - INFO - Extracted: Savor - 13-Feb-24
2025-04-14 02:22:44,357 - INFO - Extracted: Camus Energy - 13-Feb-24
2025-04-14 02:22:44,380 - INFO - Extracted: Chalk - 13-Feb-24
2025-04-14 02:22:44,380 - INFO - Successfully extracted 20 new companies from page 50
2025-04-14 02:22:44,380 - INFO - Attempting to navigate from page 50 to next page
2025-04-14 02:22:46,520 - INFO - Found next button using selector: //a[contains(text(), '›')]
2025-04-14 02:22:47,544 - INFO - Clicked next button with JavaScript
2025-04-14 02:22:49,222 - INFO - Successfully navigated to page 51
2025-04-14 02:22:49,711 - INFO - Performing efficient scrolling...
2025-04-14 02:22:52,374 - INFO - Scrolling completed
2025-04-14 02:22:52,374 - INFO - Extracting data from page 51
2025-04-14 02:22:52,731 - INFO - Trying standard table extraction
2025-04-14 02:22:52,759 - INFO - Found 21 potential data rows
2025-04-14 02:22:52,808 - INFO - Extracted: SocialCoach - 13-Feb-24
2025-04-14 02:22:52,834 - INFO - Extracted: Motif Analytics - 12-Feb-24
2025-04-14 02:22:52,858 - INFO - Extracted: Heliux - 12-Feb-24
2025-04-14 02:22:52,883 - INFO - Extracted: Lilac Solutions - 12-Feb-24
2025-04-14 02:22:52,908 - INFO - Extracted: Magic - 12-Feb-24
2025-04-14 02:22:52,932 - INFO - Extracted: LeoLabs - 12-Feb-24
2025-04-14 02:22:52,957 - INFO - Extracted: Modern Treasury - 10-Feb-24
2025-04-14 02:22:52,981 - INFO - Extracted: THINKIN - 9-Feb-24
2025-04-14 02:22:53,006 - INFO - Extracted: Unlearn.AI - 8-Feb-24
2025-04-14 02:22:53,031 - INFO - Extracted: Handle - 8-Feb-24
2025-04-14 02:22:53,054 - INFO - Extracted: Partners Capital - 8-Feb-24
2025-04-14 02:22:53,078 - INFO - Extracted: Vocode - 8-Feb-24
2025-04-14 02:22:53,101 - INFO - Extracted: brd BOT - 8-Feb-24
2025-04-14 02:22:53,125 - INFO - Extracted: FuzzLand - 8-Feb-24
2025-04-14 02:22:53,149 - INFO - Extracted: Overflow - 7-Feb-24
2025-04-14 02:22:53,172 - INFO - Extracted: Polycam - 7-Feb-24
2025-04-14 02:22:53,196 - INFO - Extracted: Simplify - 7-Feb-24
2025-04-14 02:22:53,219 - INFO - Extracted: OutSail Shipping - 7-Feb-24
2025-04-14 02:22:53,243 - INFO - Extracted: Upstock - 7-Feb-24
2025-04-14 02:22:53,267 - INFO - Extracted: Shepherd - 7-Feb-24
2025-04-14 02:22:53,267 - INFO - Successfully extracted 20 new companies from page 51
2025-04-14 02:22:53,267 - INFO - Attempting to navigate from page 51 to next page
2025-04-14 02:22:55,272 - INFO - Found next button using selector: //a[contains(text(), '›')]
2025-04-14 02:22:56,163 - INFO - Clicked next button with JavaScript
2025-04-14 02:22:58,071 - INFO - Successfully navigated to page 52
2025-04-14 02:22:59,057 - INFO - Performing efficient scrolling...
2025-04-14 02:23:02,186 - INFO - Scrolling completed
2025-04-14 02:23:02,187 - INFO - Extracting data from page 52
2025-04-14 02:23:03,155 - INFO - Trying standard table extraction
2025-04-14 02:23:03,183 - INFO - Found 21 potential data rows
2025-04-14 02:23:03,231 - INFO - Extracted: ZEDEDA - 7-Feb-24
2025-04-14 02:23:03,256 - INFO - Extracted: Aizon - 7-Feb-24
2025-04-14 02:23:03,279 - INFO - Extracted: Attralus - 6-Feb-24
2025-04-14 02:23:03,302 - INFO - Extracted: Jam - 6-Feb-24
2025-04-14 02:23:03,325 - INFO - Extracted: Ambience Healthcare - 6-Feb-24
2025-04-14 02:23:03,348 - INFO - Extracted: Starship Technologies - 5-Feb-24
2025-04-14 02:23:03,371 - INFO - Extracted: Rigetti Computing - 5-Feb-24
2025-04-14 02:23:03,394 - INFO - Extracted: LightBeam.ai - 1-Feb-24
2025-04-14 02:23:03,417 - INFO - Extracted: Artera - 1-Feb-24
2025-04-14 02:23:03,441 - INFO - Extracted: Watershed - 1-Feb-24
2025-04-14 02:23:03,464 - INFO - Extracted: CARPL.ai - 1-Feb-24
2025-04-14 02:23:03,486 - INFO - Extracted: Coris - 1-Feb-24
2025-04-14 02:23:03,511 - INFO - Extracted: Mountaintop Studios - 31-Jan-24
2025-04-14 02:23:03,535 - INFO - Extracted: Metronome - 31-Jan-24
2025-04-14 02:23:03,559 - INFO - Extracted: Reken - 31-Jan-24
2025-04-14 02:23:03,582 - INFO - Extracted: Aiden Automotive Technologies - 31-Jan-24
2025-04-14 02:23:03,605 - INFO - Extracted: Inngest - 30-Jan-24
2025-04-14 02:23:03,628 - INFO - Extracted: Nile - 30-Jan-24
2025-04-14 02:23:03,651 - INFO - Extracted: Aster - 30-Jan-24
2025-04-14 02:23:03,675 - INFO - Extracted: HyperBeeAI - 30-Jan-24
2025-04-14 02:23:03,675 - INFO - Successfully extracted 20 new companies from page 52
2025-04-14 02:23:03,675 - INFO - Attempting to navigate from page 52 to next page
2025-04-14 02:23:04,490 - INFO - Found next button using selector: //a[contains(text(), '›')]
2025-04-14 02:23:04,878 - INFO - Clicked next button with JavaScript
2025-04-14 02:23:07,024 - INFO - Successfully navigated to page 53
2025-04-14 02:23:07,693 - INFO - Performing efficient scrolling...
2025-04-14 02:23:10,954 - INFO - Scrolling completed
2025-04-14 02:23:10,955 - INFO - Extracting data from page 53
2025-04-14 02:23:11,936 - INFO - Trying standard table extraction
2025-04-14 02:23:11,964 - INFO - Found 21 potential data rows
2025-04-14 02:23:12,001 - INFO - Extracted: Plex - 30-Jan-24
2025-04-14 02:23:12,025 - INFO - Extracted: Alchemist Accelerator - 30-Jan-24
2025-04-14 02:23:12,051 - INFO - Extracted: resistanceBio - 29-Jan-24
2025-04-14 02:23:12,079 - INFO - Extracted: Mesh - 29-Jan-24
2025-04-14 02:23:12,102 - INFO - Extracted: Chef Robotics - 26-Jan-24
2025-04-14 02:23:12,125 - INFO - Extracted: Perfumeo - 26-Jan-24
2025-04-14 02:23:12,148 - INFO - Extracted: Bastille Networks Internet Security - 25-Jan-24
2025-04-14 02:23:12,171 - INFO - Extracted: ViralMoment - 25-Jan-24
2025-04-14 02:23:12,193 - INFO - Extracted: Integral Development Corp - 25-Jan-24
2025-04-14 02:23:12,216 - INFO - Extracted: Audioshake - 25-Jan-24
2025-04-14 02:23:12,239 - INFO - Extracted: Aniai - 24-Jan-24
2025-04-14 02:23:12,262 - INFO - Extracted: unSkript, Inc - 24-Jan-24
2025-04-14 02:23:12,284 - INFO - Extracted: Masa - 23-Jan-24
2025-04-14 02:23:12,308 - INFO - Extracted: AiDash - 23-Jan-24
2025-04-14 02:23:12,332 - INFO - Extracted: SER Capital Partners - 23-Jan-24
2025-04-14 02:23:12,358 - INFO - Extracted: Snorkel AI - 23-Jan-24
2025-04-14 02:23:12,382 - INFO - Extracted: Synthesis AI - 23-Jan-24
2025-04-14 02:23:12,407 - INFO - Extracted: RagaAI Inc. - 23-Jan-24
2025-04-14 02:23:12,437 - INFO - Extracted: SmithRx - 23-Jan-24
2025-04-14 02:23:12,461 - INFO - Extracted: GenEdit - 23-Jan-24
2025-04-14 02:23:12,461 - INFO - Successfully extracted 20 new companies from page 53
2025-04-14 02:23:12,461 - INFO - Attempting to navigate from page 53 to next page
2025-04-14 02:23:14,367 - INFO - Found next button using selector: //a[contains(text(), '›')]
2025-04-14 02:23:15,351 - INFO - Clicked next button with JavaScript
2025-04-14 02:23:17,683 - INFO - Successfully navigated to page 54
2025-04-14 02:23:18,104 - INFO - Performing efficient scrolling...
2025-04-14 02:23:21,754 - INFO - Scrolling completed
2025-04-14 02:23:21,755 - INFO - Extracting data from page 54
2025-04-14 02:23:22,981 - INFO - Trying standard table extraction
2025-04-14 02:23:23,010 - INFO - Found 21 potential data rows
2025-04-14 02:23:23,057 - INFO - Extracted: Neatleaf - 23-Jan-24
2025-04-14 02:23:23,082 - INFO - Extracted: Clerk - 23-Jan-24
2025-04-14 02:23:23,105 - INFO - Extracted: Ohana Real Estate Investors - 22-Jan-24
2025-04-14 02:23:23,128 - INFO - Extracted: Salas O'Brien - 22-Jan-24
2025-04-14 02:23:23,151 - INFO - Extracted: Captura - 22-Jan-24
2025-04-14 02:23:23,174 - INFO - Extracted: Better Stack - 22-Jan-24
2025-04-14 02:23:23,197 - INFO - Extracted: Bluedot - 22-Jan-24
2025-04-14 02:23:23,220 - INFO - Extracted: BuildClub - 22-Jan-24
2025-04-14 02:23:23,244 - INFO - Extracted: Metafoodx - 18-Jan-24
2025-04-14 02:23:23,266 - INFO - Extracted: Safary - 18-Jan-24
2025-04-14 02:23:23,290 - INFO - Extracted: zbyte - 18-Jan-24
2025-04-14 02:23:23,313 - INFO - Extracted: Forta - 17-Jan-24
2025-04-14 02:23:23,336 - INFO - Extracted: Incognia - 17-Jan-24
2025-04-14 02:23:23,361 - INFO - Extracted: Blueshift - 16-Jan-24
2025-04-14 02:23:23,384 - INFO - Extracted: Lutheran Social Services of Southern California - 16-Jan-24
2025-04-14 02:23:23,408 - INFO - Extracted: Blue Planet - 16-Jan-24
2025-04-14 02:23:23,431 - INFO - Extracted: Topia - 16-Jan-24
2025-04-14 02:23:23,454 - INFO - Extracted: Noctrix Health - 16-Jan-24
2025-04-14 02:23:23,478 - INFO - Extracted: Fonda Technologies - 16-Jan-24
2025-04-14 02:23:23,501 - INFO - Extracted: Chezuba - 12-Jan-24
2025-04-14 02:23:23,501 - INFO - Successfully extracted 20 new companies from page 54
2025-04-14 02:23:23,501 - INFO - Attempting to navigate from page 54 to next page
2025-04-14 02:23:24,529 - INFO - Found next button using selector: //a[contains(text(), '›')]
2025-04-14 02:23:25,223 - INFO - Clicked next button with JavaScript
2025-04-14 02:23:27,554 - INFO - Successfully navigated to page 55
2025-04-14 02:23:28,136 - INFO - Performing efficient scrolling...
2025-04-14 02:23:30,262 - INFO - Scrolling completed
2025-04-14 02:23:30,263 - INFO - Extracting data from page 55
2025-04-14 02:23:30,790 - INFO - Trying standard table extraction
2025-04-14 02:23:30,815 - INFO - Found 21 potential data rows
2025-04-14 02:23:30,859 - INFO - Extracted: Rune Labs - 11-Jan-24
2025-04-14 02:23:30,884 - INFO - Extracted: Viavi Solutions - 11-Jan-24
2025-04-14 02:23:30,907 - INFO - Extracted: Pier - 11-Jan-24
2025-04-14 02:23:30,930 - INFO - Extracted: FlutterFlow - 11-Jan-24
2025-04-14 02:23:30,953 - INFO - Extracted: Velou - 11-Jan-24
2025-04-14 02:23:30,976 - INFO - Extracted: Echo Labs - 10-Jan-24
2025-04-14 02:23:31,008 - INFO - Extracted: Quora - 10-Jan-24
2025-04-14 02:23:31,030 - INFO - Extracted: Rainbow - 10-Jan-24
2025-04-14 02:23:31,054 - INFO - Extracted: Shimmer - 10-Jan-24
2025-04-14 02:23:31,078 - INFO - Extracted: Leap AI - 9-Jan-24
2025-04-14 02:23:31,101 - INFO - Extracted: Raising the Future - 9-Jan-24
2025-04-14 02:23:31,125 - INFO - Extracted: Feel Therapeutics - 9-Jan-24
2025-04-14 02:23:31,148 - INFO - Extracted: Luma AI - 9-Jan-24
2025-04-14 02:23:31,171 - INFO - Extracted: anecdotes - 9-Jan-24
2025-04-14 02:23:31,195 - INFO - Extracted: MedaSystems - 9-Jan-24
2025-04-14 02:23:31,218 - INFO - Extracted: Revagenix - 5-Jan-24
2025-04-14 02:23:31,242 - INFO - Extracted: UpDoc - 5-Jan-24
2025-04-14 02:23:31,266 - INFO - Extracted: Department of Behavioral Health - 4-Jan-24
2025-04-14 02:23:31,290 - INFO - Extracted: Moonwalk Biosciences - 4-Jan-24
2025-04-14 02:23:31,313 - INFO - Extracted: Human Immunology Biosciences - 4-Jan-24
2025-04-14 02:23:31,313 - INFO - Successfully extracted 20 new companies from page 55
2025-04-14 02:23:31,313 - INFO - Attempting to navigate from page 55 to next page
2025-04-14 02:23:32,508 - INFO - Found next button using selector: //a[contains(text(), '›')]
2025-04-14 02:23:32,980 - INFO - Clicked next button with JavaScript
2025-04-14 02:23:35,404 - INFO - Successfully navigated to page 56
2025-04-14 02:23:36,585 - INFO - Performing efficient scrolling...
2025-04-14 02:23:40,391 - INFO - Scrolling completed
2025-04-14 02:23:40,391 - INFO - Extracting data from page 56
2025-04-14 02:23:40,936 - INFO - Trying standard table extraction
2025-04-14 02:23:40,963 - INFO - Found 4 potential data rows
2025-04-14 02:23:41,011 - INFO - Extracted: Perplexity AI - 4-Jan-24
2025-04-14 02:23:41,036 - INFO - Extracted: GSI Technology - 3-Jan-24
2025-04-14 02:23:41,060 - INFO - Extracted: Paceline - 1-Jan-24
2025-04-14 02:23:41,060 - INFO - Successfully extracted 3 new companies from page 56
2025-04-14 02:23:41,060 - INFO - Attempting to navigate from page 56 to next page
2025-04-14 02:23:42,759 - INFO - Found next button using selector: //a[contains(text(), '›')]
2025-04-14 02:23:43,441 - INFO - Clicked next button with JavaScript
2025-04-14 02:23:45,453 - INFO - Successfully navigated to page 57
2025-04-14 02:23:46,280 - INFO - Performing efficient scrolling...
2025-04-14 02:23:48,837 - INFO - Scrolling completed
2025-04-14 02:23:48,839 - INFO - Extracting data from page 57
2025-04-14 02:23:49,310 - INFO - Trying standard table extraction
2025-04-14 02:23:49,337 - INFO - Found 4 potential data rows
2025-04-14 02:23:49,433 - INFO - Retry attempt 1 for data extraction
2025-04-14 02:23:50,823 - INFO - Trying advanced pattern-based extraction
2025-04-14 02:23:50,875 - INFO - Extracted (advanced pattern): You may also like
2025-04-14 02:23:50,887 - INFO - Extracted (advanced pattern): 35 Sales Email Tips to Crush Your Sales Game
2025-04-14 02:23:50,897 - INFO - Successfully extracted 2 new companies from page 57
2025-04-14 02:23:50,897 - INFO - Attempting to navigate from page 57 to next page
2025-04-14 02:23:52,308 - INFO - Found next button using selector: //a[contains(text(), '›')]
2025-04-14 02:23:53,267 - INFO - Clicked next button with JavaScript
2025-04-14 02:23:55,425 - INFO - Successfully navigated to page 58
2025-04-14 02:23:56,363 - INFO - Performing efficient scrolling...
2025-04-14 02:23:59,374 - INFO - Scrolling completed
2025-04-14 02:23:59,375 - INFO - Extracting data from page 58
2025-04-14 02:24:00,555 - INFO - Trying standard table extraction
2025-04-14 02:24:00,578 - INFO - Found 4 potential data rows
2025-04-14 02:24:00,693 - INFO - Retry attempt 1 for data extraction
2025-04-14 02:24:02,255 - INFO - Trying advanced pattern-based extraction
2025-04-14 02:24:02,324 - INFO - Retry attempt 2 for data extraction
2025-04-14 02:24:04,144 - INFO - Refreshing page for final extraction attempt
2025-04-14 02:24:07,264 - INFO - Found overlay using selector: //div[contains(@class, 'conv-wrap')]
2025-04-14 02:24:07,273 - INFO - No close button found, removing overlay with JavaScript
2025-04-14 02:24:08,028 - INFO - Found overlay using selector: //div[contains(@class, 'overlay')]
2025-04-14 02:24:08,033 - INFO - No close button found, removing overlay with JavaScript
2025-04-14 02:24:09,040 - INFO - Trying standard table extraction
2025-04-14 02:24:09,069 - INFO - Found 21 potential data rows
2025-04-14 02:24:09,557 - WARNING - No new companies found on page 58. Empty page count: 1
2025-04-14 02:24:09,557 - INFO - Attempting to navigate from page 58 to next page
2025-04-14 02:24:11,569 - INFO - Found next button using selector: //a[contains(text(), '›')]
2025-04-14 02:24:12,645 - INFO - Clicked next button with JavaScript
2025-04-14 02:24:14,185 - INFO - Successfully navigated to page 59
2025-04-14 02:24:14,612 - INFO - Performing efficient scrolling...
2025-04-14 02:24:18,213 - INFO - Scrolling completed
2025-04-14 02:24:18,213 - INFO - Extracting data from page 59
2025-04-14 02:24:18,838 - INFO - Trying standard table extraction
2025-04-14 02:24:18,865 - INFO - Found 21 potential data rows
2025-04-14 02:24:19,347 - INFO - Retry attempt 1 for data extraction
2025-04-14 02:24:20,851 - INFO - Trying advanced pattern-based extraction
2025-04-14 02:24:20,921 - INFO - Retry attempt 2 for data extraction
2025-04-14 02:24:22,613 - INFO - Refreshing page for final extraction attempt
2025-04-14 02:24:25,224 - INFO - Found overlay using selector: //div[contains(@class, 'conv-wrap')]
2025-04-14 02:24:25,233 - INFO - No close button found, removing overlay with JavaScript
2025-04-14 02:24:25,657 - INFO - Found overlay using selector: //div[contains(@class, 'overlay')]
2025-04-14 02:24:25,662 - INFO - No close button found, removing overlay with JavaScript
2025-04-14 02:24:27,525 - INFO - Trying standard table extraction
2025-04-14 02:24:27,553 - INFO - Found 21 potential data rows
2025-04-14 02:24:28,042 - WARNING - No new companies found on page 59. Empty page count: 2
2025-04-14 02:24:28,042 - INFO - Stopping after 2 consecutive empty pages
2025-04-14 02:24:28,048 - ERROR - Error saving data: dict contains fields not in fieldnames: 'Note'
2025-04-14 02:24:28,049 - INFO - Extraction completed in 578.12 seconds
2025-04-14 02:24:28,049 - INFO - Extracted 1105 companies from 59 pages
2025-04-14 02:24:28,049 - INFO - Found 1105 unique companies
2025-04-14 02:24:28,049 - INFO - Most recent funding dates: ['1-Apr-24', '1-Aug-24', '1-Feb-24', '1-Jan-24', '1-Jul-24']
2025-04-14 02:24:28,280 - INFO - WebDriver closed
2025-04-14 02:24:28,281 - INFO - Next extraction scheduled for: 2025-04-15 02:24:28
2025-04-14 02:47:50,818 - INFO - Setting up scheduled extraction (every 24 hours)
2025-04-14 02:47:50,818 - INFO - Starting extraction process
2025-04-14 02:47:50,818 - INFO - Setting up Chrome WebDriver...
2025-04-14 02:47:50,818 - INFO - ====== WebDriver manager ======
2025-04-14 02:47:50,902 - INFO - Get LATEST chromedriver version for google-chrome
2025-04-14 02:47:50,965 - INFO - Get LATEST chromedriver version for google-chrome
2025-04-14 02:47:51,007 - INFO - Driver [/Users/hk/.wdm/drivers/chromedriver/mac64/135.0.7049.84/chromedriver-mac-arm64/chromedriver] found in cache
2025-04-14 02:47:52,321 - INFO - WebDriver setup completed successfully
2025-04-14 02:47:52,321 - INFO - Navigating to https://fundraiseinsider.com/blog/recently-funded-startups-san-francisco/#showform-238066
2025-04-14 02:47:53,881 - INFO - Found overlay using selector: //div[contains(@class, 'conv-wrap')]
2025-04-14 02:47:53,889 - INFO - No close button found, removing overlay with JavaScript
2025-04-14 02:47:54,277 - INFO - Found overlay using selector: //div[contains(@class, 'overlay')]
2025-04-14 02:47:54,281 - INFO - No close button found, removing overlay with JavaScript
2025-04-14 02:47:56,498 - INFO - Performing efficient scrolling...
2025-04-14 02:47:59,445 - INFO - Scrolling completed
2025-04-14 02:47:59,463 - INFO - Table element found on page
2025-04-14 02:48:00,373 - INFO - Page navigation successful
2025-04-14 02:48:00,374 - INFO - Extracting data from page 1
2025-04-14 02:48:01,215 - INFO - Trying standard table extraction
2025-04-14 02:48:01,262 - INFO - Found 21 potential data rows
2025-04-14 02:48:01,313 - INFO - Extracted: Rembrand - 2-Jan-25
2025-04-14 02:48:01,337 - INFO - Extracted: Wurthy - 30-Dec-24
2025-04-14 02:48:01,361 - INFO - Extracted: Frontier Bio - 25-Dec-24
2025-04-14 02:48:01,385 - INFO - Extracted: Courtyard - 23-Dec-24
2025-04-14 02:48:01,409 - INFO - Extracted: Pasadena Private Lending - 19-Dec-24
2025-04-14 02:48:01,434 - INFO - Extracted: Tenor - 19-Dec-24
2025-04-14 02:48:01,457 - INFO - Extracted: Earli - 19-Dec-24
2025-04-14 02:48:01,481 - INFO - Extracted: Child Family Health International - 19-Dec-24
2025-04-14 02:48:01,503 - INFO - Extracted: SandboxAQ - 18-Dec-24
2025-04-14 02:48:01,526 - INFO - Extracted: Plume Network - 18-Dec-24
2025-04-14 02:48:01,554 - INFO - Extracted: Hamming AI - 18-Dec-24
2025-04-14 02:48:01,578 - INFO - Extracted: CourtScribes - 18-Dec-24
2025-04-14 02:48:01,602 - INFO - Extracted: Perplexity - 18-Dec-24
2025-04-14 02:48:01,626 - INFO - Extracted: Lyten - 18-Dec-24
2025-04-14 02:48:01,690 - INFO - Extracted: Fairbanc - 18-Dec-24
2025-04-14 02:48:01,747 - INFO - Extracted: Mojave Energy Systems - 18-Dec-24
2025-04-14 02:48:01,771 - INFO - Extracted: Fraction AI - 18-Dec-24
2025-04-14 02:48:01,795 - INFO - Extracted: Schwarm Technologies Inc. - 17-Dec-24
2025-04-14 02:48:01,821 - INFO - Extracted: Landbase - 17-Dec-24
2025-04-14 02:48:01,846 - INFO - Extracted: Acre - 17-Dec-24
2025-04-14 02:48:01,846 - INFO - Successfully extracted 20 new companies from page 1
2025-04-14 02:48:01,846 - INFO - Attempting to navigate from page 1 to next page
2025-04-14 02:48:03,375 - INFO - Found next button using selector: //a[contains(text(), '›')]
2025-04-14 02:48:04,307 - INFO - Clicked next button with JavaScript
2025-04-14 02:48:06,351 - INFO - Successfully navigated to page 2
2025-04-14 02:48:07,236 - INFO - Performing efficient scrolling...
2025-04-14 02:48:10,884 - INFO - Scrolling completed
2025-04-14 02:48:10,885 - INFO - Extracting data from page 2
2025-04-14 02:48:11,871 - INFO - Trying standard table extraction
2025-04-14 02:48:11,901 - INFO - Found 21 potential data rows
2025-04-14 02:48:11,951 - INFO - Extracted: Finexio - 17-Dec-24
2025-04-14 02:48:11,979 - INFO - Extracted: Anatomy Financial - 17-Dec-24
2025-04-14 02:48:12,005 - INFO - Extracted: Serverfarm - 17-Dec-24
2025-04-14 02:48:12,031 - INFO - Extracted: Flair - 17-Dec-24
2025-04-14 02:48:12,054 - INFO - Extracted: Leapfin - 17-Dec-24
2025-04-14 02:48:12,077 - INFO - Extracted: Parafin - 17-Dec-24
2025-04-14 02:48:12,100 - INFO - Extracted: Indapta Therapeutics - 17-Dec-24
2025-04-14 02:48:12,124 - INFO - Extracted: Xcell Biosciences - 17-Dec-24
2025-04-14 02:48:12,148 - INFO - Extracted: Jiko - 12-Dec-24
2025-04-14 02:48:12,172 - INFO - Extracted: One - 12-Dec-24
2025-04-14 02:48:12,203 - INFO - Extracted: Evinced - 12-Dec-24
2025-04-14 02:48:12,228 - INFO - Extracted: Twelve Labs - 12-Dec-24
2025-04-14 02:48:12,251 - INFO - Extracted: Terradot - 12-Dec-24
2025-04-14 02:48:12,275 - INFO - Extracted: Cartesia - 12-Dec-24
2025-04-14 02:48:12,298 - INFO - Extracted: Vantis Vascular - 12-Dec-24
2025-04-14 02:48:12,322 - INFO - Extracted: Alessa Therapeutics - 12-Dec-24
2025-04-14 02:48:12,347 - INFO - Extracted: Gigs - 12-Dec-24
2025-04-14 02:48:12,371 - INFO - Extracted: Immi - 12-Dec-24
2025-04-14 02:48:12,395 - INFO - Extracted: Albert Invent - 11-Dec-24
2025-04-14 02:48:12,418 - INFO - Extracted: Strategic Venue Partners - 11-Dec-24
2025-04-14 02:48:12,418 - INFO - Successfully extracted 20 new companies from page 2
2025-04-14 02:48:12,418 - INFO - Attempting to navigate from page 2 to next page
2025-04-14 02:48:14,030 - INFO - Found next button using selector: //a[contains(text(), '›')]
2025-04-14 02:48:14,861 - INFO - Clicked next button with JavaScript
2025-04-14 02:48:16,705 - INFO - Successfully navigated to page 3
2025-04-14 02:48:17,231 - INFO - Performing efficient scrolling...
2025-04-14 02:48:20,688 - INFO - Scrolling completed
2025-04-14 02:48:20,689 - INFO - Extracting data from page 3
2025-04-14 02:48:21,586 - INFO - Trying standard table extraction
2025-04-14 02:48:21,619 - INFO - Found 21 potential data rows
2025-04-14 02:48:21,665 - INFO - Extracted: Parsec Education - 11-Dec-24
2025-04-14 02:48:21,691 - INFO - Extracted: Saltmine - 11-Dec-24
2025-04-14 02:48:21,715 - INFO - Extracted: NeuBird - 11-Dec-24
2025-04-14 02:48:21,739 - INFO - Extracted: Aimon Labs - 11-Dec-24
2025-04-14 02:48:21,762 - INFO - Extracted: Ayar Labs - 11-Dec-24
2025-04-14 02:48:21,790 - INFO - Extracted: Vapi - 11-Dec-24
2025-04-14 02:48:21,814 - INFO - Extracted: EzDubs - 11-Dec-24
2025-04-14 02:48:21,838 - INFO - Extracted: Capstan Medical - 11-Dec-24
2025-04-14 02:48:21,862 - INFO - Extracted: Reveal Technology - 11-Dec-24
2025-04-14 02:48:21,885 - INFO - Extracted: Tosi - 11-Dec-24
2025-04-14 02:48:21,910 - INFO - Extracted: Azimuth AI - 11-Dec-24
2025-04-14 02:48:21,934 - INFO - Extracted: Cohesity - 10-Dec-24
2025-04-14 02:48:21,961 - INFO - Extracted: Speak - 10-Dec-24
2025-04-14 02:48:21,988 - INFO - Extracted: Mainframe - 10-Dec-24
2025-04-14 02:48:22,015 - INFO - Extracted: Gyaan - 10-Dec-24
2025-04-14 02:48:22,052 - INFO - Extracted: WeaveGrid - 10-Dec-24
2025-04-14 02:48:22,076 - INFO - Extracted: WindBorne Systems - 10-Dec-24
2025-04-14 02:48:22,099 - INFO - Extracted: Exabits AI - 10-Dec-24
2025-04-14 02:48:22,123 - INFO - Extracted: Gentrace - 10-Dec-24
2025-04-14 02:48:22,156 - INFO - Extracted: LambdaTest - 10-Dec-24
2025-04-14 02:48:22,156 - INFO - Successfully extracted 20 new companies from page 3
2025-04-14 02:48:22,156 - INFO - Attempting to navigate from page 3 to next page
2025-04-14 02:48:24,218 - INFO - Found next button using selector: //a[contains(text(), '›')]
2025-04-14 02:48:24,933 - INFO - Clicked next button with JavaScript
2025-04-14 02:48:26,724 - INFO - Successfully navigated to page 4
2025-04-14 02:48:27,248 - INFO - Performing efficient scrolling...
2025-04-14 02:48:29,958 - INFO - Scrolling completed
2025-04-14 02:48:29,959 - INFO - Extracting data from page 4
2025-04-14 02:48:30,690 - INFO - Trying standard table extraction
2025-04-14 02:48:30,708 - INFO - Found 21 potential data rows
2025-04-14 02:48:30,745 - INFO - Extracted: Aarvik Therapeutics - 10-Dec-24
2025-04-14 02:48:30,769 - INFO - Extracted: WaveForms AI - 10-Dec-24
2025-04-14 02:48:30,797 - INFO - Extracted: Wald.ai - 10-Dec-24
2025-04-14 02:48:30,820 - INFO - Extracted: Wildflower Health - 10-Dec-24
2025-04-14 02:48:30,843 - INFO - Extracted: Aampe - 10-Dec-24
2025-04-14 02:48:30,872 - INFO - Extracted: Cala Health - 9-Dec-24
2025-04-14 02:48:30,895 - INFO - Extracted: Sofar Ocean - 9-Dec-24
2025-04-14 02:48:30,918 - INFO - Extracted: Friend - 9-Dec-24
2025-04-14 02:48:30,942 - INFO - Extracted: Lava - 9-Dec-24
2025-04-14 02:48:30,966 - INFO - Extracted: MiSalud - 9-Dec-24
2025-04-14 02:48:30,990 - INFO - Extracted: Lucra Sports - 5-Dec-24
2025-04-14 02:48:31,014 - INFO - Extracted: Across AI - 5-Dec-24
2025-04-14 02:48:31,039 - INFO - Extracted: BITKRAFT Ventures - 5-Dec-24
2025-04-14 02:48:31,068 - INFO - Extracted: Nuvig Therapeutics - 5-Dec-24
2025-04-14 02:48:31,095 - INFO - Extracted: FutureSearch - 5-Dec-24
2025-04-14 02:48:31,118 - INFO - Extracted: Solana - 5-Dec-24
2025-04-14 02:48:31,142 - INFO - Extracted: Rubi Laboratories - 5-Dec-24
2025-04-14 02:48:31,165 - INFO - Extracted: East Oakland Youth Development Center - 5-Dec-24
2025-04-14 02:48:31,188 - INFO - Extracted: Axiado Corporation - 4-Dec-24
2025-04-14 02:48:31,212 - INFO - Extracted: Enterpret - 4-Dec-24
2025-04-14 02:48:31,212 - INFO - Successfully extracted 20 new companies from page 4
2025-04-14 02:48:31,213 - INFO - Attempting to navigate from page 4 to next page
2025-04-14 02:48:33,033 - INFO - Found next button using selector: //a[contains(text(), '›')]
2025-04-14 02:48:34,086 - INFO - Clicked next button with JavaScript
2025-04-14 02:48:36,448 - INFO - Successfully navigated to page 5
2025-04-14 02:48:37,280 - INFO - Performing efficient scrolling...
2025-04-14 02:48:39,375 - INFO - Scrolling completed
2025-04-14 02:48:39,376 - INFO - Extracting data from page 5
2025-04-14 02:48:40,104 - INFO - Trying standard table extraction
2025-04-14 02:48:40,129 - INFO - Found 21 potential data rows
2025-04-14 02:48:40,174 - INFO - Extracted: HappyRobot - 4-Dec-24
2025-04-14 02:48:40,204 - INFO - Extracted: Offcall - 4-Dec-24
2025-04-14 02:48:40,228 - INFO - Extracted: Etestho - 4-Dec-24
2025-04-14 02:48:40,251 - INFO - Extracted: Antheia - 3-Dec-24
2025-04-14 02:48:40,274 - INFO - Extracted: Aerospike - 3-Dec-24
2025-04-14 02:48:40,297 - INFO - Extracted: Yurts Technologies Inc - 3-Dec-24
2025-04-14 02:48:40,320 - INFO - Extracted: The Tech Interactive - 3-Dec-24
2025-04-14 02:48:40,343 - INFO - Extracted: Maze Therapeutics - 3-Dec-24
2025-04-14 02:48:40,367 - INFO - Extracted: MakersHub - 3-Dec-24
2025-04-14 02:48:40,390 - INFO - Extracted: Vooma - 2-Dec-24
2025-04-14 02:48:40,414 - INFO - Extracted: Lumin Digital - 2-Dec-24
2025-04-14 02:48:40,437 - INFO - Extracted: Upwind Security - 2-Dec-24
2025-04-14 02:48:40,461 - INFO - Extracted: CSpeed - 2-Dec-24
2025-04-14 02:48:40,484 - INFO - Extracted: Cardless - 26-Nov-24
2025-04-14 02:48:40,508 - INFO - Extracted: Sirona Medical - 26-Nov-24
2025-04-14 02:48:40,531 - INFO - Extracted: Wherobots Inc. - 26-Nov-24
2025-04-14 02:48:40,554 - INFO - Extracted: Circleback - 26-Nov-24
2025-04-14 02:48:40,578 - INFO - Extracted: Mindstate Design Labs - 26-Nov-24
2025-04-14 02:48:40,601 - INFO - Extracted: Femtosense - 26-Nov-24
2025-04-14 02:48:40,626 - INFO - Extracted: Play.ht - 25-Nov-24
2025-04-14 02:48:40,626 - INFO - Successfully extracted 20 new companies from page 5
2025-04-14 02:48:40,626 - INFO - Attempting to navigate from page 5 to next page
2025-04-14 02:48:42,322 - INFO - Found next button using selector: //a[contains(text(), '›')]
2025-04-14 02:48:42,862 - INFO - Clicked next button with JavaScript
2025-04-14 02:48:44,698 - INFO - Successfully navigated to page 6
2025-04-14 02:48:45,357 - INFO - Performing efficient scrolling...
2025-04-14 02:48:48,338 - INFO - Scrolling completed
2025-04-14 02:48:48,338 - INFO - Extracting data from page 6
2025-04-14 02:48:49,443 - INFO - Trying standard table extraction
2025-04-14 02:48:49,472 - INFO - Found 21 potential data rows
2025-04-14 02:48:49,520 - INFO - Extracted: Tempest DX - 25-Nov-24
2025-04-14 02:48:49,545 - INFO - Extracted: Trustero - 21-Nov-24
2025-04-14 02:48:49,568 - INFO - Extracted: Epic Cleantec - 21-Nov-24
2025-04-14 02:48:49,594 - INFO - Extracted: VISO TRUST - 21-Nov-24
2025-04-14 02:48:49,617 - INFO - Extracted: Aviz Networks - 21-Nov-24
2025-04-14 02:48:49,641 - INFO - Extracted: Arcade - 21-Nov-24
2025-04-14 02:48:49,665 - INFO - Extracted: Anomalo - 21-Nov-24
2025-04-14 02:48:49,689 - INFO - Extracted: Teleo - 21-Nov-24
2025-04-14 02:48:49,713 - INFO - Extracted: Wordware - 21-Nov-24
2025-04-14 02:48:49,744 - INFO - Extracted: Aira Technologies - 20-Nov-24
2025-04-14 02:48:49,767 - INFO - Extracted: Generate Capital - 20-Nov-24
2025-04-14 02:48:49,790 - INFO - Extracted: Rox - 20-Nov-24
2025-04-14 02:48:49,813 - INFO - Extracted: Aethero - 20-Nov-24
2025-04-14 02:48:49,836 - INFO - Extracted: Federato - 20-Nov-24
2025-04-14 02:48:49,860 - INFO - Extracted: Distru - 20-Nov-24
2025-04-14 02:48:49,884 - INFO - Extracted: THEO AI - 20-Nov-24
2025-04-14 02:48:49,907 - INFO - Extracted: Shinami - 20-Nov-24
2025-04-14 02:48:49,931 - INFO - Extracted: PostSig - 20-Nov-24
2025-04-14 02:48:49,954 - INFO - Extracted: Flywheel Dynamix - 20-Nov-24
2025-04-14 02:48:49,978 - INFO - Extracted: New Lantern - 20-Nov-24
2025-04-14 02:48:49,978 - INFO - Successfully extracted 20 new companies from page 6
2025-04-14 02:48:49,978 - INFO - Attempting to navigate from page 6 to next page
2025-04-14 02:48:51,778 - INFO - Found next button using selector: //a[contains(text(), '›')]
2025-04-14 02:48:52,286 - INFO - Clicked next button with JavaScript
2025-04-14 02:48:54,227 - INFO - Successfully navigated to page 7
2025-04-14 02:48:54,854 - INFO - Performing efficient scrolling...
2025-04-14 02:48:57,256 - INFO - Scrolling completed
2025-04-14 02:48:57,257 - INFO - Extracting data from page 7
2025-04-14 02:48:58,475 - INFO - Trying standard table extraction
2025-04-14 02:48:58,504 - INFO - Found 21 potential data rows
2025-04-14 02:48:58,552 - INFO - Extracted: Certinia - 19-Nov-24
2025-04-14 02:48:58,578 - INFO - Extracted: Kong - 19-Nov-24
2025-04-14 02:48:58,602 - INFO - Extracted: Kintsugi AI - 19-Nov-24
2025-04-14 02:48:58,626 - INFO - Extracted: StoreCash - 19-Nov-24
2025-04-14 02:48:58,650 - INFO - Extracted: Spectro Cloud - 19-Nov-24
2025-04-14 02:48:58,673 - INFO - Extracted: BrightAI - 19-Nov-24
2025-04-14 02:48:58,697 - INFO - Extracted: Open Source Wellness - 19-Nov-24
2025-04-14 02:48:58,727 - INFO - Extracted: Neo4j - 19-Nov-24
2025-04-14 02:48:58,750 - INFO - Extracted: Rain AI - 19-Nov-24
2025-04-14 02:48:58,773 - INFO - Extracted: JustPaid - 19-Nov-24
2025-04-14 02:48:58,797 - INFO - Extracted: Cresta - 19-Nov-24
2025-04-14 02:48:58,820 - INFO - Extracted: Enfabrica - 19-Nov-24
2025-04-14 02:48:58,844 - INFO - Extracted: ANAFLASH - 19-Nov-24
2025-04-14 02:48:58,867 - INFO - Extracted: Open Philanthropy - 18-Nov-24
2025-04-14 02:48:58,890 - INFO - Extracted: California University of Science and Medicine - 18-Nov-24
2025-04-14 02:48:58,914 - INFO - Extracted: Zenflow - 18-Nov-24
2025-04-14 02:48:58,937 - INFO - Extracted: Radiant - 14-Nov-24
2025-04-14 02:48:58,961 - INFO - Extracted: Athina AI - 14-Nov-24
2025-04-14 02:48:58,984 - INFO - Extracted: Team-GPT - 14-Nov-24
2025-04-14 02:48:59,009 - INFO - Extracted: Falkonry - 14-Nov-24
2025-04-14 02:48:59,009 - INFO - Successfully extracted 20 new companies from page 7
2025-04-14 02:48:59,009 - INFO - Attempting to navigate from page 7 to next page
2025-04-14 02:49:00,994 - INFO - Found next button using selector: //a[contains(text(), '›')]
2025-04-14 02:49:01,400 - INFO - Clicked next button with JavaScript
2025-04-14 02:49:03,433 - INFO - Successfully navigated to page 8
2025-04-14 02:49:04,473 - INFO - Performing efficient scrolling...
2025-04-14 02:49:07,419 - INFO - Scrolling completed
2025-04-14 02:49:07,420 - INFO - Extracting data from page 8
2025-04-14 02:49:07,941 - INFO - Trying standard table extraction
2025-04-14 02:49:07,962 - INFO - Found 21 potential data rows
2025-04-14 02:49:08,003 - INFO - Extracted: Leland - 13-Nov-24
2025-04-14 02:49:08,028 - INFO - Extracted: TRex Bio - 13-Nov-24
2025-04-14 02:49:08,052 - INFO - Extracted: Medeloop - 13-Nov-24
2025-04-14 02:49:08,075 - INFO - Extracted: OneSkin - 13-Nov-24
2025-04-14 02:49:08,098 - INFO - Extracted: The WiTT Group - 13-Nov-24
2025-04-14 02:49:08,128 - INFO - Extracted: Riot - 13-Nov-24
2025-04-14 02:49:08,151 - INFO - Extracted: Writer - 12-Nov-24
2025-04-14 02:49:08,174 - INFO - Extracted: Trace Neuroscience - 12-Nov-24
2025-04-14 02:49:08,197 - INFO - Extracted: Fastino - 12-Nov-24
2025-04-14 02:49:08,221 - INFO - Extracted: Shiru - 12-Nov-24
2025-04-14 02:49:08,244 - INFO - Extracted: Outbuild - 12-Nov-24
2025-04-14 02:49:08,267 - INFO - Extracted: Anthrogen - 12-Nov-24
2025-04-14 02:49:08,290 - INFO - Extracted: Connecty AI - 11-Nov-24
2025-04-14 02:49:08,314 - INFO - Extracted: AirGarage - 8-Nov-24
2025-04-14 02:49:08,337 - INFO - Extracted: Fractional - 7-Nov-24
2025-04-14 02:49:08,360 - INFO - Extracted: Orbital Sidekick - 7-Nov-24
2025-04-14 02:49:08,383 - INFO - Extracted: Corgea - 6-Nov-24
2025-04-14 02:49:08,406 - INFO - Extracted: OptraScan - 6-Nov-24
2025-04-14 02:49:08,429 - INFO - Extracted: Workhelix - 5-Nov-24
2025-04-14 02:49:08,453 - INFO - Extracted: PrognomiQ - 5-Nov-24
2025-04-14 02:49:08,453 - INFO - Successfully extracted 20 new companies from page 8
2025-04-14 02:49:08,453 - INFO - Attempting to navigate from page 8 to next page
2025-04-14 02:49:10,124 - INFO - Found next button using selector: //a[contains(text(), '›')]
2025-04-14 02:49:10,510 - INFO - Clicked next button with JavaScript
2025-04-14 02:49:12,077 - INFO - Successfully navigated to page 9
2025-04-14 02:49:12,670 - INFO - Performing efficient scrolling...
2025-04-14 02:49:15,571 - INFO - Scrolling completed
2025-04-14 02:49:15,572 - INFO - Extracting data from page 9
2025-04-14 02:49:16,413 - INFO - Trying standard table extraction
2025-04-14 02:49:16,442 - INFO - Found 21 potential data rows
2025-04-14 02:49:16,490 - INFO - Extracted: Carvis.AI - 4-Nov-24
2025-04-14 02:49:16,515 - INFO - Extracted: Inquis Medical - 4-Nov-24
2025-04-14 02:49:16,540 - INFO - Extracted: Augment Code - 4-Nov-24
2025-04-14 02:49:16,570 - INFO - Extracted: Primergy Solar - 4-Nov-24
2025-04-14 02:49:16,594 - INFO - Extracted: Advex AI - 4-Nov-24
2025-04-14 02:49:16,618 - INFO - Extracted: The Nursing Beat - 4-Nov-24
2025-04-14 02:49:16,642 - INFO - Extracted: Cornerstone AI - 31-Oct-24
2025-04-14 02:49:16,665 - INFO - Extracted: Spot AI - 31-Oct-24
2025-04-14 02:49:16,688 - INFO - Extracted: Buddy.ai - 31-Oct-24
2025-04-14 02:49:16,717 - INFO - Extracted: Evommune - 31-Oct-24
2025-04-14 02:49:16,740 - INFO - Extracted: Bugcrowd - 31-Oct-24
2025-04-14 02:49:16,765 - INFO - Extracted: Decart - 31-Oct-24
2025-04-14 02:49:16,788 - INFO - Extracted: Birch Creek Development - 31-Oct-24
2025-04-14 02:49:16,812 - INFO - Extracted: Shadowbox - 31-Oct-24
2025-04-14 02:49:16,836 - INFO - Extracted: Delos Insurance - 31-Oct-24
2025-04-14 02:49:16,859 - INFO - Extracted: Bifrost AI - 30-Oct-24
2025-04-14 02:49:16,882 - INFO - Extracted: Third Wave Automation - 30-Oct-24
2025-04-14 02:49:16,907 - INFO - Extracted: Sapien - 29-Oct-24
2025-04-14 02:49:16,931 - INFO - Extracted: HomeBoost - 29-Oct-24
2025-04-14 02:49:16,954 - INFO - Extracted: LifeSaver Mobile - 29-Oct-24
2025-04-14 02:49:16,954 - INFO - Successfully extracted 20 new companies from page 9
2025-04-14 02:49:16,954 - INFO - Attempting to navigate from page 9 to next page
2025-04-14 02:49:18,516 - INFO - Found next button using selector: //a[contains(text(), '›')]
2025-04-14 02:49:19,627 - INFO - Clicked next button with JavaScript
2025-04-14 02:49:21,663 - INFO - Successfully navigated to page 10
2025-04-14 02:49:22,830 - INFO - Performing efficient scrolling...
2025-04-14 02:49:26,906 - INFO - Scrolling completed
2025-04-14 02:49:26,907 - INFO - Extracting data from page 10
2025-04-14 02:49:27,749 - INFO - Trying standard table extraction
2025-04-14 02:49:27,778 - INFO - Found 21 potential data rows
2025-04-14 02:49:27,833 - INFO - Extracted: CredibleMind - 29-Oct-24
2025-04-14 02:49:27,858 - INFO - Extracted: Opus Guard - 29-Oct-24
2025-04-14 02:49:27,881 - INFO - Extracted: GMI Cloud - 29-Oct-24
2025-04-14 02:49:27,905 - INFO - Extracted: Browserbase - 29-Oct-24
2025-04-14 02:49:27,928 - INFO - Extracted: Armis Security - 28-Oct-24
2025-04-14 02:49:27,952 - INFO - Extracted: Kivu Bioscience - 28-Oct-24
2025-04-14 02:49:27,975 - INFO - Extracted: Sierra - 28-Oct-24
2025-04-14 02:49:27,998 - INFO - Extracted: Fondo - 28-Oct-24
2025-04-14 02:49:28,022 - INFO - Extracted: Abstract Security - 28-Oct-24
2025-04-14 02:49:28,045 - INFO - Extracted: Revyl - 28-Oct-24
2025-04-14 02:49:28,071 - INFO - Extracted: Pharos - 25-Oct-24
2025-04-14 02:49:28,097 - INFO - Extracted: Connect The Dots - 24-Oct-24
2025-04-14 02:49:28,120 - INFO - Extracted: Sociaaal - 24-Oct-24
2025-04-14 02:49:28,144 - INFO - Extracted: AnyLog - 24-Oct-24
2025-04-14 02:49:28,167 - INFO - Extracted: Concentric AI - 24-Oct-24
2025-04-14 02:49:28,191 - INFO - Extracted: PayToMe.co - 24-Oct-24
2025-04-14 02:49:28,215 - INFO - Extracted: Finix - 24-Oct-24
2025-04-14 02:49:28,238 - INFO - Extracted: Simbe Robotics - 24-Oct-24
2025-04-14 02:49:28,262 - INFO - Extracted: Oloid - 24-Oct-24
2025-04-14 02:49:28,285 - INFO - Extracted: Nimble Robotics - 23-Oct-24
2025-04-14 02:49:28,285 - INFO - Successfully extracted 20 new companies from page 10
2025-04-14 02:49:28,285 - INFO - Attempting to navigate from page 10 to next page
2025-04-14 02:49:29,329 - INFO - Found next button using selector: //a[contains(text(), '›')]
2025-04-14 02:49:30,234 - INFO - Clicked next button with JavaScript
2025-04-14 02:49:32,632 - INFO - Successfully navigated to page 11
2025-04-14 02:49:33,245 - INFO - Performing efficient scrolling...
2025-04-14 02:49:35,225 - INFO - Scrolling completed
2025-04-14 02:49:35,226 - INFO - Extracting data from page 11
2025-04-14 02:49:36,268 - INFO - Trying standard table extraction
2025-04-14 02:49:36,298 - INFO - Found 21 potential data rows
2025-04-14 02:49:36,345 - INFO - Extracted: Archy - 23-Oct-24
2025-04-14 02:49:36,370 - INFO - Extracted: Infinitus Systems - 23-Oct-24
2025-04-14 02:49:36,394 - INFO - Extracted: Courie - 23-Oct-24
2025-04-14 02:49:36,418 - INFO - Extracted: Anthro Energy - 23-Oct-24
2025-04-14 02:49:36,443 - INFO - Extracted: LAWFTY - 23-Oct-24
2025-04-14 02:49:36,466 - INFO - Extracted: BodySpec - 22-Oct-24
2025-04-14 02:49:36,490 - INFO - Extracted: Nooks - 22-Oct-24
2025-04-14 02:49:36,513 - INFO - Extracted: CrewAI - 22-Oct-24
2025-04-14 02:49:36,537 - INFO - Extracted: Qpoint - 22-Oct-24
2025-04-14 02:49:36,561 - INFO - Extracted: Globality - 22-Oct-24
2025-04-14 02:49:36,584 - INFO - Extracted: Socket - 22-Oct-24
2025-04-14 02:49:36,609 - INFO - Extracted: Mainspring Energy - 22-Oct-24
2025-04-14 02:49:36,632 - INFO - Extracted: interface.ai - 22-Oct-24
2025-04-14 02:49:36,655 - INFO - Extracted: Trellis Bioscience - 22-Oct-24
2025-04-14 02:49:36,678 - INFO - Extracted: Revelation Partners - 22-Oct-24
2025-04-14 02:49:36,702 - INFO - Extracted: Genmo - 22-Oct-24
2025-04-14 02:49:36,725 - INFO - Extracted: ItsWare - 22-Oct-24
2025-04-14 02:49:36,749 - INFO - Extracted: Avenue Biosciences - 22-Oct-24
2025-04-14 02:49:36,771 - INFO - Extracted: Zip - 21-Oct-24
2025-04-14 02:49:36,795 - INFO - Extracted: HealthEx - 21-Oct-24
2025-04-14 02:49:36,795 - INFO - Successfully extracted 20 new companies from page 11
2025-04-14 02:49:36,795 - INFO - Attempting to navigate from page 11 to next page
2025-04-14 02:49:38,933 - INFO - Found next button using selector: //a[contains(text(), '›')]
2025-04-14 02:49:39,896 - INFO - Clicked next button with JavaScript
2025-04-14 02:49:42,149 - INFO - Successfully navigated to page 12
2025-04-14 02:49:43,352 - INFO - Performing efficient scrolling...
2025-04-14 02:49:45,542 - INFO - Scrolling completed
2025-04-14 02:49:45,542 - INFO - Extracting data from page 12
2025-04-14 02:49:46,361 - INFO - Trying standard table extraction
2025-04-14 02:49:46,391 - INFO - Found 21 potential data rows
2025-04-14 02:49:46,438 - INFO - Extracted: Uprise - 21-Oct-24
2025-04-14 02:49:46,464 - INFO - Extracted: Voxela - 21-Oct-24
2025-04-14 02:49:46,488 - INFO - Extracted: Kick - 17-Oct-24
2025-04-14 02:49:46,511 - INFO - Extracted: AN2 Therapeutics - 17-Oct-24
2025-04-14 02:49:46,534 - INFO - Extracted: Terray Therapeutics - 17-Oct-24
2025-04-14 02:49:46,558 - INFO - Extracted: Abel Police - 17-Oct-24
2025-04-14 02:49:46,581 - INFO - Extracted: Edgee - 17-Oct-24
2025-04-14 02:49:46,604 - INFO - Extracted: GetSetUp - 16-Oct-24
2025-04-14 02:49:46,628 - INFO - Extracted: Samay - 16-Oct-24
2025-04-14 02:49:46,651 - INFO - Extracted: Kiavi - 16-Oct-24
2025-04-14 02:49:46,675 - INFO - Extracted: Tako - 16-Oct-24
2025-04-14 02:49:46,698 - INFO - Extracted: Lightmatter - 16-Oct-24
2025-04-14 02:49:46,722 - INFO - Extracted: Agtonomy - 16-Oct-24
2025-04-14 02:49:46,745 - INFO - Extracted: PyrAmes, Inc. - 15-Oct-24
2025-04-14 02:49:46,769 - INFO - Extracted: Alchemy - 15-Oct-24
2025-04-14 02:49:46,792 - INFO - Extracted: MDisrupt - 15-Oct-24
2025-04-14 02:49:46,815 - INFO - Extracted: Galileo - 15-Oct-24
2025-04-14 02:49:46,838 - INFO - Extracted: Azra Games - 15-Oct-24
2025-04-14 02:49:46,862 - INFO - Extracted: Chargie - 15-Oct-24
2025-04-14 02:49:46,885 - INFO - Extracted: Decagon - 15-Oct-24
2025-04-14 02:49:46,885 - INFO - Successfully extracted 20 new companies from page 12
2025-04-14 02:49:46,885 - INFO - Attempting to navigate from page 12 to next page
2025-04-14 02:49:48,131 - INFO - Found next button using selector: //a[contains(text(), '›')]
2025-04-14 02:49:49,209 - INFO - Clicked next button with JavaScript
2025-04-14 02:49:51,429 - INFO - Successfully navigated to page 13
2025-04-14 02:49:52,527 - INFO - Performing efficient scrolling...
2025-04-14 02:49:55,580 - INFO - Scrolling completed
2025-04-14 02:49:55,581 - INFO - Extracting data from page 13
2025-04-14 02:49:56,066 - INFO - Trying standard table extraction
2025-04-14 02:49:56,094 - INFO - Found 21 potential data rows
2025-04-14 02:49:56,141 - INFO - Extracted: Concourse - 15-Oct-24
2025-04-14 02:49:56,167 - INFO - Extracted: Stockguard - 15-Oct-24
2025-04-14 02:49:56,191 - INFO - Extracted: Neuron7.ai - 15-Oct-24
2025-04-14 02:49:56,214 - INFO - Extracted: Parakeet Health - 15-Oct-24
2025-04-14 02:49:56,238 - INFO - Extracted: Dryvebox - 14-Oct-24
2025-04-14 02:49:56,261 - INFO - Extracted: Blockcast - 14-Oct-24
2025-04-14 02:49:56,285 - INFO - Extracted: Cavecrack - 13-Oct-24
2025-04-14 02:49:56,308 - INFO - Extracted: Cerebelly - 10-Oct-24
2025-04-14 02:49:56,331 - INFO - Extracted: Suki - 10-Oct-24
2025-04-14 02:49:56,355 - INFO - Extracted: CytoVale - 10-Oct-24
2025-04-14 02:49:56,379 - INFO - Extracted: Zeal - 10-Oct-24
2025-04-14 02:49:56,402 - INFO - Extracted: Vidoc Security Lab - 10-Oct-24
2025-04-14 02:49:56,426 - INFO - Extracted: Relyance AI - 10-Oct-24
2025-04-14 02:49:56,449 - INFO - Extracted: Numeric - 10-Oct-24
2025-04-14 02:49:56,473 - INFO - Extracted: COVU - 10-Oct-24
2025-04-14 02:49:56,497 - INFO - Extracted: ApertureData - 10-Oct-24
2025-04-14 02:49:56,520 - INFO - Extracted: MiLaboratories - 10-Oct-24
2025-04-14 02:49:56,544 - INFO - Extracted: Glooko - 10-Oct-24
2025-04-14 02:49:56,567 - INFO - Extracted: IncumbentFI - 10-Oct-24
2025-04-14 02:49:56,590 - INFO - Extracted: Prophecy.io - 10-Oct-24
2025-04-14 02:49:56,590 - INFO - Successfully extracted 20 new companies from page 13
2025-04-14 02:49:56,590 - INFO - Attempting to navigate from page 13 to next page
2025-04-14 02:49:57,557 - INFO - Found next button using selector: //a[contains(text(), '›')]
2025-04-14 02:49:58,740 - INFO - Clicked next button with JavaScript
2025-04-14 02:50:01,254 - INFO - Successfully navigated to page 14
2025-04-14 02:50:02,151 - INFO - Performing efficient scrolling...
2025-04-14 02:50:05,199 - INFO - Scrolling completed
2025-04-14 02:50:05,199 - INFO - Extracting data from page 14
2025-04-14 02:50:05,873 - INFO - Trying standard table extraction
2025-04-14 02:50:05,903 - INFO - Found 21 potential data rows
2025-04-14 02:50:05,950 - INFO - Extracted: Sidepit - 10-Oct-24
2025-04-14 02:50:05,976 - INFO - Extracted: Astrix Health - 10-Oct-24
2025-04-14 02:50:06,000 - INFO - Extracted: CEQAbase - 9-Oct-24
2025-04-14 02:50:06,023 - INFO - Extracted: SimX - 9-Oct-24
2025-04-14 02:50:06,047 - INFO - Extracted: Bigeye - 9-Oct-24
2025-04-14 02:50:06,071 - INFO - Extracted: Drawer AI - 9-Oct-24
2025-04-14 02:50:06,094 - INFO - Extracted: Vultron - 9-Oct-24
2025-04-14 02:50:06,118 - INFO - Extracted: AppShip - 9-Oct-24
2025-04-14 02:50:06,141 - INFO - Extracted: EvenUp - 8-Oct-24
2025-04-14 02:50:06,165 - INFO - Extracted: Tele911 - 8-Oct-24
2025-04-14 02:50:06,189 - INFO - Extracted: Kiva AI - 8-Oct-24
2025-04-14 02:50:06,212 - INFO - Extracted: Selonterra - 8-Oct-24
2025-04-14 02:50:06,236 - INFO - Extracted: Unify - 8-Oct-24
2025-04-14 02:50:06,259 - INFO - Extracted: Third Dimension AI - 8-Oct-24
2025-04-14 02:50:06,283 - INFO - Extracted: Distributional - 8-Oct-24
2025-04-14 02:50:06,306 - INFO - Extracted: Truthset - 8-Oct-24
2025-04-14 02:50:06,330 - INFO - Extracted: Stream - 8-Oct-24
2025-04-14 02:50:06,353 - INFO - Extracted: InterVene - 7-Oct-24
2025-04-14 02:50:06,377 - INFO - Extracted: Treya Partners - 7-Oct-24
2025-04-14 02:50:06,400 - INFO - Extracted: VESSL AI - 7-Oct-24
2025-04-14 02:50:06,400 - INFO - Successfully extracted 20 new companies from page 14
2025-04-14 02:50:06,400 - INFO - Attempting to navigate from page 14 to next page
2025-04-14 02:50:08,413 - INFO - Found next button using selector: //a[contains(text(), '›')]
2025-04-14 02:50:08,820 - INFO - Clicked next button with JavaScript
2025-04-14 02:50:11,023 - INFO - Successfully navigated to page 15
2025-04-14 02:50:11,644 - INFO - Performing efficient scrolling...
2025-04-14 02:50:14,879 - INFO - Scrolling completed
2025-04-14 02:50:14,880 - INFO - Extracting data from page 15
2025-04-14 02:50:15,298 - INFO - Trying standard table extraction
2025-04-14 02:50:15,326 - INFO - Found 21 potential data rows
2025-04-14 02:50:15,374 - INFO - Extracted: IOMETE - 7-Oct-24
2025-04-14 02:50:15,399 - INFO - Extracted: Kavia AI - 3-Oct-24
2025-04-14 02:50:15,423 - INFO - Extracted: OpenAI - 3-Oct-24
2025-04-14 02:50:15,446 - INFO - Extracted: Paren - 3-Oct-24
2025-04-14 02:50:15,470 - INFO - Extracted: Integrated Biosciences - 3-Oct-24
2025-04-14 02:50:15,493 - INFO - Extracted: Booksy - 3-Oct-24
2025-04-14 02:50:15,517 - INFO - Extracted: Voyage AI - 3-Oct-24
2025-04-14 02:50:15,540 - INFO - Extracted: Valdera - 3-Oct-24
2025-04-14 02:50:15,564 - INFO - Extracted: Visolis - 3-Oct-24
2025-04-14 02:50:15,587 - INFO - Extracted: GuRu - 2-Oct-24
2025-04-14 02:50:15,611 - INFO - Extracted: Permanent - 2-Oct-24
2025-04-14 02:50:15,634 - INFO - Extracted: Poolside - 2-Oct-24
2025-04-14 02:50:15,657 - INFO - Extracted: Pallet - 2-Oct-24
2025-04-14 02:50:15,681 - INFO - Extracted: Billables AI - 2-Oct-24
2025-04-14 02:50:15,707 - INFO - Extracted: Reducto - 2-Oct-24
2025-04-14 02:50:15,731 - INFO - Extracted: Arda Therapeutics - 1-Oct-24
2025-04-14 02:50:15,754 - INFO - Extracted: Aspect Build - 1-Oct-24
2025-04-14 02:50:15,778 - INFO - Extracted: Synedgen - 1-Oct-24
2025-04-14 02:50:15,801 - INFO - Extracted: DataPelago - 1-Oct-24
2025-04-14 02:50:15,825 - INFO - Extracted: Neeve - 30-Sep-24
2025-04-14 02:50:15,825 - INFO - Successfully extracted 20 new companies from page 15
2025-04-14 02:50:15,825 - INFO - Attempting to navigate from page 15 to next page
2025-04-14 02:50:17,593 - INFO - Found next button using selector: //a[contains(text(), '›')]
2025-04-14 02:50:18,621 - INFO - Clicked next button with JavaScript
2025-04-14 02:50:20,366 - INFO - Successfully navigated to page 16
2025-04-14 02:50:21,046 - INFO - Performing efficient scrolling...
2025-04-14 02:50:23,777 - INFO - Scrolling completed
2025-04-14 02:50:23,777 - INFO - Extracting data from page 16
2025-04-14 02:50:24,670 - INFO - Trying standard table extraction
2025-04-14 02:50:24,700 - INFO - Found 21 potential data rows
2025-04-14 02:50:24,749 - INFO - Extracted: Artisan AI - 30-Sep-24
2025-04-14 02:50:24,774 - INFO - Extracted: Gladly - 26-Sep-24
2025-04-14 02:50:24,798 - INFO - Extracted: PlayWorks - 26-Sep-24
2025-04-14 02:50:24,821 - INFO - Extracted: Bemi - 26-Sep-24
2025-04-14 02:50:24,845 - INFO - Extracted: Superb AI - 26-Sep-24
2025-04-14 02:50:24,868 - INFO - Extracted: SKY Leasing - 26-Sep-24
2025-04-14 02:50:24,891 - INFO - Extracted: AssetHub - 25-Sep-24
2025-04-14 02:50:24,914 - INFO - Extracted: Feno - 25-Sep-24
2025-04-14 02:50:24,938 - INFO - Extracted: Supabase - 25-Sep-24
2025-04-14 02:50:24,961 - INFO - Extracted: Whatfix - 25-Sep-24
2025-04-14 02:50:24,985 - INFO - Extracted: SnippetSentry - 25-Sep-24
2025-04-14 02:50:25,009 - INFO - Extracted: FluidLogic - 24-Sep-24
2025-04-14 02:50:25,032 - INFO - Extracted: Distyl AI - 24-Sep-24
2025-04-14 02:50:25,055 - INFO - Extracted: Icon Savings Plan - 24-Sep-24
2025-04-14 02:50:25,079 - INFO - Extracted: UJET - 24-Sep-24
2025-04-14 02:50:25,102 - INFO - Extracted: Anadro - 24-Sep-24
2025-04-14 02:50:25,126 - INFO - Extracted: Atlys - 24-Sep-24
2025-04-14 02:50:25,149 - INFO - Extracted: Datapad - 24-Sep-24
2025-04-14 02:50:25,173 - INFO - Extracted: Altimate AI - 23-Sep-24
2025-04-14 02:50:25,197 - INFO - Extracted: Harmonic - 23-Sep-24
2025-04-14 02:50:25,197 - INFO - Successfully extracted 20 new companies from page 16
2025-04-14 02:50:25,197 - INFO - Attempting to navigate from page 16 to next page
2025-04-14 02:50:26,270 - INFO - Found next button using selector: //a[contains(text(), '›')]
2025-04-14 02:50:26,854 - INFO - Clicked next button with JavaScript
2025-04-14 02:50:28,941 - INFO - Successfully navigated to page 17
2025-04-14 02:50:29,761 - INFO - Performing efficient scrolling...
2025-04-14 02:50:32,823 - INFO - Scrolling completed
2025-04-14 02:50:32,824 - INFO - Extracting data from page 17
2025-04-14 02:50:33,984 - INFO - Trying standard table extraction
2025-04-14 02:50:34,012 - INFO - Found 21 potential data rows
2025-04-14 02:50:34,060 - INFO - Extracted: Genome Medical - 23-Sep-24
2025-04-14 02:50:34,086 - INFO - Extracted: Hippocratic AI - 19-Sep-24
2025-04-14 02:50:34,111 - INFO - Extracted: Akia - 19-Sep-24
2025-04-14 02:50:34,135 - INFO - Extracted: Ferrum Health - 19-Sep-24
2025-04-14 02:50:34,159 - INFO - Extracted: Twelve - 19-Sep-24
2025-04-14 02:50:34,182 - INFO - Extracted: Aclima - 19-Sep-24
2025-04-14 02:50:34,206 - INFO - Extracted: AtoB - 19-Sep-24
2025-04-14 02:50:34,230 - INFO - Extracted: Picus Security - 19-Sep-24
2025-04-14 02:50:34,253 - INFO - Extracted: Oro Labs - 18-Sep-24
2025-04-14 02:50:34,277 - INFO - Extracted: Fal - 18-Sep-24
2025-04-14 02:50:34,301 - INFO - Extracted: Mercor - 18-Sep-24
2025-04-14 02:50:34,325 - INFO - Extracted: Harvest Thermal - 18-Sep-24
2025-04-14 02:50:34,349 - INFO - Extracted: CodePath - 18-Sep-24
2025-04-14 02:50:34,372 - INFO - Extracted: Hgen - 17-Sep-24
2025-04-14 02:50:34,395 - INFO - Extracted: Orb - 17-Sep-24
2025-04-14 02:50:34,418 - INFO - Extracted: Mindtrip - 17-Sep-24
2025-04-14 02:50:34,442 - INFO - Extracted: Futuro Health - 17-Sep-24
2025-04-14 02:50:34,465 - INFO - Extracted: Prof Jim - 17-Sep-24
2025-04-14 02:50:34,488 - INFO - Extracted: TeamBridge - 16-Sep-24
2025-04-14 02:50:34,511 - INFO - Extracted: World Labs - 13-Sep-24
2025-04-14 02:50:34,511 - INFO - Successfully extracted 20 new companies from page 17
2025-04-14 02:50:34,511 - INFO - Attempting to navigate from page 17 to next page
2025-04-14 02:50:36,142 - INFO - Found next button using selector: //a[contains(text(), '›')]
2025-04-14 02:50:36,574 - INFO - Clicked next button with JavaScript
2025-04-14 02:50:38,835 - INFO - Successfully navigated to page 18
2025-04-14 02:50:39,804 - INFO - Performing efficient scrolling...
2025-04-14 02:50:43,120 - INFO - Scrolling completed
2025-04-14 02:50:43,121 - INFO - Extracting data from page 18
2025-04-14 02:50:43,981 - INFO - Trying standard table extraction
2025-04-14 02:50:44,010 - INFO - Found 21 potential data rows
2025-04-14 02:50:44,056 - INFO - Extracted: Operant - 12-Sep-24
2025-04-14 02:50:44,081 - INFO - Extracted: Bounti.ai - 12-Sep-24
2025-04-14 02:50:44,105 - INFO - Extracted: Connectly.ai - 11-Sep-24
2025-04-14 02:50:44,128 - INFO - Extracted: Nostra AI - 11-Sep-24
2025-04-14 02:50:44,152 - INFO - Extracted: Candid Health - 11-Sep-24
2025-04-14 02:50:44,175 - INFO - Extracted: Polly - 10-Sep-24
2025-04-14 02:50:44,198 - INFO - Extracted: Glean - 10-Sep-24
2025-04-14 02:50:44,221 - INFO - Extracted: Reshape Automation - 10-Sep-24
2025-04-14 02:50:44,245 - INFO - Extracted: Infinium - 10-Sep-24
2025-04-14 02:50:44,268 - INFO - Extracted: Blended Technologies - 10-Sep-24
2025-04-14 02:50:44,291 - INFO - Extracted: AttoTude - 10-Sep-24
2025-04-14 02:50:44,315 - INFO - Extracted: Neurona Therapeutics - 10-Sep-24
2025-04-14 02:50:44,338 - INFO - Extracted: P0 Security - 10-Sep-24
2025-04-14 02:50:44,361 - INFO - Extracted: PIN AI - 9-Sep-24
2025-04-14 02:50:44,384 - INFO - Extracted: Race - 9-Sep-24
2025-04-14 02:50:44,408 - INFO - Extracted: OrsoBio - 6-Sep-24
2025-04-14 02:50:44,431 - INFO - Extracted: DubClub - 5-Sep-24
2025-04-14 02:50:44,454 - INFO - Extracted: Thatch - 5-Sep-24
2025-04-14 02:50:44,478 - INFO - Extracted: Drip Capital - 5-Sep-24
2025-04-14 02:50:44,501 - INFO - Extracted: Acuvity - 5-Sep-24
2025-04-14 02:50:44,501 - INFO - Successfully extracted 20 new companies from page 18
2025-04-14 02:50:44,501 - INFO - Attempting to navigate from page 18 to next page
2025-04-14 02:50:45,748 - INFO - Found next button using selector: //a[contains(text(), '›')]
2025-04-14 02:50:46,682 - INFO - Clicked next button with JavaScript
2025-04-14 02:50:48,774 - INFO - Successfully navigated to page 19
2025-04-14 02:50:49,215 - INFO - Performing efficient scrolling...
2025-04-14 02:50:52,264 - INFO - Scrolling completed
2025-04-14 02:50:52,265 - INFO - Extracting data from page 19
2025-04-14 02:50:53,440 - INFO - Trying standard table extraction
2025-04-14 02:50:53,465 - INFO - Found 21 potential data rows
2025-04-14 02:50:53,529 - INFO - Extracted: Portex - 5-Sep-24
2025-04-14 02:50:53,556 - INFO - Extracted: Agree.com - 5-Sep-24
2025-04-14 02:50:53,579 - INFO - Extracted: Fiddler AI - 5-Sep-24
2025-04-14 02:50:53,604 - INFO - Extracted: Cortex - 4-Sep-24
2025-04-14 02:50:53,628 - INFO - Extracted: ArsenalBio - 4-Sep-24
2025-04-14 02:50:53,652 - INFO - Extracted: Ceres Imaging - 4-Sep-24
2025-04-14 02:50:53,676 - INFO - Extracted: Venova Medical - 4-Sep-24
2025-04-14 02:50:53,700 - INFO - Extracted: Climax Foods - 4-Sep-24
2025-04-14 02:50:53,724 - INFO - Extracted: Flex - 4-Sep-24
2025-04-14 02:50:53,748 - INFO - Extracted: Circle Pharma - 3-Sep-24
2025-04-14 02:50:53,772 - INFO - Extracted: Segmed - 3-Sep-24
2025-04-14 02:50:53,799 - INFO - Extracted: Linea Energy - 3-Sep-24
2025-04-14 02:50:53,822 - INFO - Extracted: Gainful - 3-Sep-24
2025-04-14 02:50:53,847 - INFO - Extracted: Mintlify - 3-Sep-24
2025-04-14 02:50:53,870 - INFO - Extracted: Magic Lifescience - 3-Sep-24
2025-04-14 02:50:53,894 - INFO - Extracted: Approveit - 2-Sep-24
2025-04-14 02:50:53,920 - INFO - Extracted: Weeknd - 1-Sep-24
2025-04-14 02:50:53,947 - INFO - Extracted: Crafty Apes - 30-Aug-24
2025-04-14 02:50:53,971 - INFO - Extracted: Codeium - 29-Aug-24
2025-04-14 02:50:53,995 - INFO - Extracted: MIRIS - 29-Aug-24
2025-04-14 02:50:53,995 - INFO - Successfully extracted 20 new companies from page 19
2025-04-14 02:50:53,995 - INFO - Attempting to navigate from page 19 to next page
2025-04-14 02:50:55,061 - INFO - Found next button using selector: //a[contains(text(), '›')]
2025-04-14 02:50:55,676 - INFO - Clicked next button with JavaScript
2025-04-14 02:50:57,730 - INFO - Successfully navigated to page 20
2025-04-14 02:50:58,633 - INFO - Performing efficient scrolling...
2025-04-14 02:51:01,616 - INFO - Scrolling completed
2025-04-14 02:51:01,616 - INFO - Extracting data from page 20
2025-04-14 02:51:02,118 - INFO - Trying standard table extraction
2025-04-14 02:51:02,139 - INFO - Found 21 potential data rows
2025-04-14 02:51:02,717 - INFO - Retry attempt 1 for data extraction
2025-04-14 02:51:04,116 - INFO - Trying advanced pattern-based extraction
2025-04-14 02:51:04,172 - INFO - Extracted (advanced pattern): You may also like
2025-04-14 02:51:04,196 - INFO - Extracted (advanced pattern): 35 Sales Email Tips to Crush Your Sales Game
2025-04-14 02:51:04,210 - INFO - Successfully extracted 2 new companies from page 20
2025-04-14 02:51:04,210 - INFO - Attempting to navigate from page 20 to next page
2025-04-14 02:51:05,421 - INFO - Found next button using selector: //a[contains(text(), '›')]
2025-04-14 02:51:05,802 - INFO - Clicked next button with JavaScript
2025-04-14 02:51:07,529 - INFO - Successfully navigated to page 21
2025-04-14 02:51:08,312 - INFO - Performing efficient scrolling...
2025-04-14 02:51:11,556 - INFO - Scrolling completed
2025-04-14 02:51:11,557 - INFO - Extracting data from page 21
2025-04-14 02:51:12,057 - INFO - Trying standard table extraction
2025-04-14 02:51:12,075 - INFO - Found 21 potential data rows
2025-04-14 02:51:12,670 - INFO - Retry attempt 1 for data extraction
2025-04-14 02:51:14,440 - INFO - Trying advanced pattern-based extraction
2025-04-14 02:51:14,528 - INFO - Retry attempt 2 for data extraction
2025-04-14 02:51:16,191 - INFO - Refreshing page for final extraction attempt
2025-04-14 02:51:21,144 - INFO - Trying standard table extraction
2025-04-14 02:51:21,185 - WARNING - No new companies found on page 21. Empty page count: 1
2025-04-14 02:51:21,186 - INFO - Attempting to navigate from page 21 to next page
2025-04-14 02:51:21,193 - INFO - No next page buttons found at all - likely last page
2025-04-14 02:51:21,193 - INFO - Detected last page, stopping pagination
2025-04-14 02:51:21,197 - ERROR - Error saving data: dict contains fields not in fieldnames: 'Note'
2025-04-14 02:51:21,199 - INFO - Extraction completed in 210.38 seconds
2025-04-14 02:51:21,199 - INFO - Extracted 382 companies from 21 pages
2025-04-14 02:51:21,199 - INFO - Found 382 unique companies
2025-04-14 02:51:21,199 - INFO - Most recent funding dates: ['1-Oct-24', '1-Sep-24', '10-Dec-24', '10-Oct-24', '10-Sep-24']
2025-04-14 02:51:21,307 - INFO - WebDriver closed
2025-04-14 02:51:21,307 - INFO - Next extraction scheduled for: 2025-04-15 02:51:21
2025-04-14 02:54:27,875 - INFO - Setting up scheduled extraction (every 24 hours)
2025-04-14 02:54:27,875 - INFO - Starting extraction process
2025-04-14 02:54:27,875 - INFO - Setting up Chrome WebDriver...
2025-04-14 02:54:27,875 - INFO - ====== WebDriver manager ======
2025-04-14 02:54:27,949 - INFO - Get LATEST chromedriver version for google-chrome
2025-04-14 02:54:28,003 - INFO - Get LATEST chromedriver version for google-chrome
2025-04-14 02:54:28,040 - INFO - Driver [/Users/hk/.wdm/drivers/chromedriver/mac64/135.0.7049.84/chromedriver-mac-arm64/chromedriver] found in cache
2025-04-14 02:54:29,223 - INFO - WebDriver setup completed successfully
2025-04-14 02:54:29,223 - INFO - Navigating to https://fundraiseinsider.com/blog/recently-funded-startups-san-francisco/#showform-238066
2025-04-14 02:54:30,320 - INFO - Performing efficient scrolling...
2025-04-14 02:54:32,397 - INFO - Scrolling completed
2025-04-14 02:54:32,405 - INFO - Table element found on page
2025-04-14 02:54:32,418 - INFO - Found overlay using selector: //div[contains(@class, 'conv-wrap')]
2025-04-14 02:54:32,427 - INFO - No close button found, removing overlay with JavaScript
2025-04-14 02:54:33,309 - INFO - Found overlay using selector: //div[contains(@class, 'overlay')]
2025-04-14 02:54:33,315 - INFO - No close button found, removing overlay with JavaScript
2025-04-14 02:54:34,395 - INFO - Page navigation successful
2025-04-14 02:54:34,395 - INFO - Extracting data from page 1
2025-04-14 02:54:35,518 - INFO - Trying standard table extraction
2025-04-14 02:54:35,559 - INFO - Found 21 potential data rows
2025-04-14 02:54:35,611 - INFO - Extracted: Rembrand - 2-Jan-25
2025-04-14 02:54:35,635 - INFO - Extracted: Wurthy - 30-Dec-24
2025-04-14 02:54:35,660 - INFO - Extracted: Frontier Bio - 25-Dec-24
2025-04-14 02:54:35,685 - INFO - Extracted: Courtyard - 23-Dec-24
2025-04-14 02:54:35,710 - INFO - Extracted: Pasadena Private Lending - 19-Dec-24
2025-04-14 02:54:35,734 - INFO - Extracted: Tenor - 19-Dec-24
2025-04-14 02:54:35,758 - INFO - Extracted: Earli - 19-Dec-24
2025-04-14 02:54:35,781 - INFO - Extracted: Child Family Health International - 19-Dec-24
2025-04-14 02:54:35,806 - INFO - Extracted: SandboxAQ - 18-Dec-24
2025-04-14 02:54:35,830 - INFO - Extracted: Plume Network - 18-Dec-24
2025-04-14 02:54:35,854 - INFO - Extracted: Hamming AI - 18-Dec-24
2025-04-14 02:54:35,878 - INFO - Extracted: CourtScribes - 18-Dec-24
2025-04-14 02:54:35,902 - INFO - Extracted: Perplexity - 18-Dec-24
2025-04-14 02:54:35,926 - INFO - Extracted: Lyten - 18-Dec-24
2025-04-14 02:54:35,956 - INFO - Extracted: Fairbanc - 18-Dec-24
2025-04-14 02:54:35,980 - INFO - Extracted: Mojave Energy Systems - 18-Dec-24
2025-04-14 02:54:36,004 - INFO - Extracted: Fraction AI - 18-Dec-24
2025-04-14 02:54:36,031 - INFO - Extracted: Schwarm Technologies Inc. - 17-Dec-24
2025-04-14 02:54:36,055 - INFO - Extracted: Landbase - 17-Dec-24
2025-04-14 02:54:36,078 - INFO - Extracted: Acre - 17-Dec-24
2025-04-14 02:54:36,078 - INFO - Successfully extracted 20 new companies from page 1
2025-04-14 02:54:36,078 - INFO - Attempting to navigate from page 1 to next page
2025-04-14 02:54:38,200 - INFO - Found next button using selector: //a[contains(text(), '›')]
2025-04-14 02:54:39,172 - INFO - Clicked next button with JavaScript
2025-04-14 02:54:41,629 - INFO - Successfully navigated to page 2
2025-04-14 02:54:42,689 - INFO - Performing efficient scrolling...
2025-04-14 02:54:45,453 - INFO - Scrolling completed
2025-04-14 02:54:45,454 - INFO - Extracting data from page 2
2025-04-14 02:54:46,336 - INFO - Trying standard table extraction
2025-04-14 02:54:46,446 - INFO - Found 21 potential data rows
2025-04-14 02:54:46,682 - INFO - Extracted: Finexio - 17-Dec-24
2025-04-14 02:54:46,739 - INFO - Extracted: Anatomy Financial - 17-Dec-24
2025-04-14 02:54:46,794 - INFO - Extracted: Serverfarm - 17-Dec-24
2025-04-14 02:54:46,820 - INFO - Extracted: Flair - 17-Dec-24
2025-04-14 02:54:46,843 - INFO - Extracted: Leapfin - 17-Dec-24
2025-04-14 02:54:46,866 - INFO - Extracted: Parafin - 17-Dec-24
2025-04-14 02:54:46,890 - INFO - Extracted: Indapta Therapeutics - 17-Dec-24
2025-04-14 02:54:46,937 - INFO - Extracted: Xcell Biosciences - 17-Dec-24
2025-04-14 02:54:46,960 - INFO - Extracted: Jiko - 12-Dec-24
2025-04-14 02:54:46,983 - INFO - Extracted: One - 12-Dec-24
2025-04-14 02:54:47,007 - INFO - Extracted: Evinced - 12-Dec-24
2025-04-14 02:54:47,031 - INFO - Extracted: Twelve Labs - 12-Dec-24
2025-04-14 02:54:47,054 - INFO - Extracted: Terradot - 12-Dec-24
2025-04-14 02:54:47,077 - INFO - Extracted: Cartesia - 12-Dec-24
2025-04-14 02:54:47,099 - INFO - Extracted: Vantis Vascular - 12-Dec-24
2025-04-14 02:54:47,121 - INFO - Extracted: Alessa Therapeutics - 12-Dec-24
2025-04-14 02:54:47,143 - INFO - Extracted: Gigs - 12-Dec-24
2025-04-14 02:54:47,165 - INFO - Extracted: Immi - 12-Dec-24
2025-04-14 02:54:47,188 - INFO - Extracted: Albert Invent - 11-Dec-24
2025-04-14 02:54:47,210 - INFO - Extracted: Strategic Venue Partners - 11-Dec-24
2025-04-14 02:54:47,210 - INFO - Successfully extracted 20 new companies from page 2
2025-04-14 02:54:47,210 - INFO - Attempting to navigate from page 2 to next page
2025-04-14 02:54:49,529 - INFO - Found next button using selector: //a[contains(text(), '›')]
2025-04-14 02:54:50,135 - INFO - Clicked next button with JavaScript
2025-04-14 02:54:52,438 - INFO - Successfully navigated to page 3
2025-04-14 02:54:53,661 - INFO - Performing efficient scrolling...
2025-04-14 02:54:56,604 - INFO - Scrolling completed
2025-04-14 02:54:56,604 - INFO - Extracting data from page 3
2025-04-14 02:54:57,794 - INFO - Trying standard table extraction
2025-04-14 02:54:57,814 - INFO - Found 21 potential data rows
2025-04-14 02:54:58,505 - INFO - Retry attempt 1 for data extraction
2025-04-14 02:54:59,961 - INFO - Trying advanced pattern-based extraction
2025-04-14 02:55:00,005 - INFO - Extracted (advanced pattern): You may also like
2025-04-14 02:55:00,048 - INFO - Extracted (advanced pattern): 35 Sales Email Tips to Crush Your Sales Game
2025-04-14 02:55:00,062 - INFO - Successfully extracted 2 new companies from page 3
2025-04-14 02:55:00,062 - INFO - Attempting to navigate from page 3 to next page
2025-04-14 02:55:01,339 - INFO - Found next button using selector: //a[contains(text(), '›')]
2025-04-14 02:55:02,028 - INFO - Clicked next button with JavaScript
2025-04-14 02:55:04,217 - INFO - Successfully navigated to page 4
2025-04-14 02:55:05,360 - INFO - Performing efficient scrolling...
2025-04-14 02:55:08,478 - INFO - Scrolling completed
2025-04-14 02:55:08,479 - INFO - Extracting data from page 4
2025-04-14 02:55:09,171 - INFO - Trying standard table extraction
2025-04-14 02:55:09,193 - INFO - Found 21 potential data rows
2025-04-14 02:55:09,744 - INFO - Retry attempt 1 for data extraction
2025-04-14 02:55:11,292 - INFO - Trying advanced pattern-based extraction
2025-04-14 02:55:11,375 - INFO - Retry attempt 2 for data extraction
2025-04-14 02:55:13,177 - INFO - Refreshing page for final extraction attempt
2025-04-14 02:55:16,024 - INFO - Trying standard table extraction
2025-04-14 02:55:16,044 - WARNING - No new companies found on page 4. Empty page count: 1
2025-04-14 02:55:16,044 - INFO - Attempting to navigate from page 4 to next page
2025-04-14 02:55:16,049 - INFO - No next page buttons found at all - likely last page
2025-04-14 02:55:16,049 - INFO - Detected last page, stopping pagination
2025-04-14 02:55:16,050 - ERROR - Error saving data: dict contains fields not in fieldnames: 'Note'
2025-04-14 02:55:16,051 - INFO - Extraction completed in 48.18 seconds
2025-04-14 02:55:16,051 - INFO - Extracted 42 companies from 4 pages
2025-04-14 02:55:16,051 - INFO - Found 42 unique companies
2025-04-14 02:55:16,051 - INFO - Most recent funding dates: ['11-Dec-24', '12-Dec-24', '17-Dec-24', '18-Dec-24', '19-Dec-24']
2025-04-14 02:55:16,128 - INFO - WebDriver closed
2025-04-14 02:55:16,128 - INFO - Next extraction scheduled for: 2025-04-15 02:55:16
2025-04-14 02:56:05,226 - INFO - Setting up scheduled extraction (every 24 hours)
2025-04-14 02:56:05,226 - INFO - Starting extraction process
2025-04-14 02:56:05,226 - INFO - Setting up Chrome WebDriver...
2025-04-14 02:56:05,226 - INFO - ====== WebDriver manager ======
2025-04-14 02:56:05,303 - INFO - Get LATEST chromedriver version for google-chrome
2025-04-14 02:56:05,377 - INFO - Get LATEST chromedriver version for google-chrome
2025-04-14 02:56:05,412 - INFO - Driver [/Users/hk/.wdm/drivers/chromedriver/mac64/135.0.7049.84/chromedriver-mac-arm64/chromedriver] found in cache
2025-04-14 02:56:06,993 - INFO - WebDriver setup completed successfully
2025-04-14 02:56:06,994 - INFO - Navigating to https://fundraiseinsider.com/blog/recently-funded-startups-san-francisco/#showform-238066
2025-04-14 02:56:09,499 - INFO - Performing efficient scrolling...
2025-04-14 02:56:12,843 - INFO - Scrolling completed
2025-04-14 02:56:12,856 - INFO - Table element found on page
2025-04-14 02:56:12,878 - INFO - Found overlay using selector: //div[contains(@class, 'conv-wrap')]
2025-04-14 02:56:12,888 - INFO - No close button found, removing overlay with JavaScript
2025-04-14 02:56:13,662 - INFO - Found overlay using selector: //div[contains(@class, 'overlay')]
2025-04-14 02:56:13,668 - INFO - No close button found, removing overlay with JavaScript
2025-04-14 02:56:15,213 - INFO - Page navigation successful
2025-04-14 02:56:15,214 - INFO - Extracting data from page 1
2025-04-14 02:56:16,261 - INFO - Trying standard table extraction
2025-04-14 02:56:16,291 - INFO - Found 21 potential data rows
2025-04-14 02:56:16,334 - INFO - Extracted: Rembrand - 2-Jan-25
2025-04-14 02:56:16,361 - INFO - Extracted: Wurthy - 30-Dec-24
2025-04-14 02:56:16,389 - INFO - Extracted: Frontier Bio - 25-Dec-24
2025-04-14 02:56:16,427 - INFO - Extracted: Courtyard - 23-Dec-24
2025-04-14 02:56:16,472 - INFO - Extracted: Pasadena Private Lending - 19-Dec-24
2025-04-14 02:56:16,507 - INFO - Extracted: Tenor - 19-Dec-24
2025-04-14 02:56:16,540 - INFO - Extracted: Earli - 19-Dec-24
2025-04-14 02:56:16,580 - INFO - Extracted: Child Family Health International - 19-Dec-24
2025-04-14 02:56:16,613 - INFO - Extracted: SandboxAQ - 18-Dec-24
2025-04-14 02:56:16,664 - INFO - Extracted: Plume Network - 18-Dec-24
2025-04-14 02:56:16,732 - INFO - Extracted: Hamming AI - 18-Dec-24
2025-04-14 02:56:16,948 - INFO - Extracted: CourtScribes - 18-Dec-24
2025-04-14 02:56:17,093 - INFO - Extracted: Perplexity - 18-Dec-24
2025-04-14 02:56:17,172 - INFO - Extracted: Lyten - 18-Dec-24
2025-04-14 02:56:17,270 - INFO - Extracted: Fairbanc - 18-Dec-24
2025-04-14 02:56:17,354 - INFO - Extracted: Mojave Energy Systems - 18-Dec-24
2025-04-14 02:56:17,410 - INFO - Extracted: Fraction AI - 18-Dec-24
2025-04-14 02:56:17,454 - INFO - Extracted: Schwarm Technologies Inc. - 17-Dec-24
2025-04-14 02:56:17,496 - INFO - Extracted: Landbase - 17-Dec-24
2025-04-14 02:56:17,526 - INFO - Extracted: Acre - 17-Dec-24
2025-04-14 02:56:17,526 - INFO - Successfully extracted 20 new companies from page 1
2025-04-14 02:56:17,526 - INFO - Attempting to navigate from page 1 to next page
2025-04-14 02:56:19,173 - INFO - Couldn't find or click next button - likely reached the end
2025-04-14 02:56:19,176 - INFO - Successfully saved 20 records to fundraise_insider_sf_startups_20250414_025619.csv
2025-04-14 02:56:19,176 - INFO - Companies extracted:
2025-04-14 02:56:19,176 - INFO - - Rembrand
2025-04-14 02:56:19,176 - INFO - - Wurthy
2025-04-14 02:56:19,176 - INFO - - Frontier Bio
2025-04-14 02:56:19,176 - INFO - - Courtyard
2025-04-14 02:56:19,176 - INFO - - Pasadena Private Lending
2025-04-14 02:56:19,177 - INFO - - Tenor
2025-04-14 02:56:19,177 - INFO - - Earli
2025-04-14 02:56:19,177 - INFO - - Child Family Health International
2025-04-14 02:56:19,177 - INFO - - SandboxAQ
2025-04-14 02:56:19,177 - INFO - - Plume Network
2025-04-14 02:56:19,177 - INFO - ... and 10 more companies
2025-04-14 02:56:19,178 - INFO - Extraction completed in 13.95 seconds
2025-04-14 02:56:19,178 - INFO - Extracted 20 companies from 1 pages
2025-04-14 02:56:19,178 - INFO - Found 20 unique companies
2025-04-14 02:56:19,178 - INFO - Most recent funding dates: ['17-Dec-24', '18-Dec-24', '19-Dec-24', '2-Jan-25', '23-Dec-24']
2025-04-14 02:56:19,290 - INFO - WebDriver closed
2025-04-14 02:56:19,290 - INFO - Next extraction scheduled for: 2025-04-15 02:56:19
2025-04-14 02:58:48,737 - INFO - Setting up scheduled extraction (every 24 hours)
2025-04-14 02:58:48,737 - INFO - Starting extraction process
2025-04-14 02:58:48,737 - INFO - Setting up Chrome WebDriver...
2025-04-14 02:58:48,737 - INFO - ====== WebDriver manager ======
2025-04-14 02:58:48,816 - INFO - Get LATEST chromedriver version for google-chrome
2025-04-14 02:58:48,864 - INFO - Get LATEST chromedriver version for google-chrome
2025-04-14 02:58:48,902 - INFO - Driver [/Users/hk/.wdm/drivers/chromedriver/mac64/135.0.7049.84/chromedriver-mac-arm64/chromedriver] found in cache
2025-04-14 02:58:50,068 - INFO - WebDriver setup completed successfully
2025-04-14 02:58:50,068 - INFO - Navigating to https://fundraiseinsider.com/blog/recently-funded-startups-san-francisco/#showform-238066
2025-04-14 02:58:59,349 - INFO - Found overlay using selector: //div[contains(@class, 'conv-wrap')]
2025-04-14 02:58:59,359 - INFO - No close button found, removing overlay with JavaScript
2025-04-14 02:59:01,286 - INFO - Found overlay using selector: //div[contains(@class, 'overlay')]
2025-04-14 02:59:01,292 - INFO - No close button found, removing overlay with JavaScript
2025-04-14 02:59:06,443 - INFO - Performing efficient scrolling...
2025-04-14 02:59:11,951 - INFO - Scrolling completed
2025-04-14 02:59:11,965 - INFO - Table element found on page
2025-04-14 02:59:15,166 - INFO - Page navigation successful
2025-04-14 02:59:15,167 - INFO - Extracting data from page 1
2025-04-14 02:59:16,792 - INFO - Trying standard table extraction
2025-04-14 02:59:16,834 - INFO - Found 21 potential data rows
2025-04-14 02:59:16,891 - INFO - Extracted: Rembrand - 2-Jan-25
2025-04-14 02:59:16,914 - INFO - Extracted: Wurthy - 30-Dec-24
2025-04-14 02:59:16,939 - INFO - Extracted: Frontier Bio - 25-Dec-24
2025-04-14 02:59:16,976 - INFO - Extracted: Courtyard - 23-Dec-24
2025-04-14 02:59:17,007 - INFO - Extracted: Pasadena Private Lending - 19-Dec-24
2025-04-14 02:59:17,046 - INFO - Extracted: Tenor - 19-Dec-24
2025-04-14 02:59:17,073 - INFO - Extracted: Earli - 19-Dec-24
2025-04-14 02:59:17,103 - INFO - Extracted: Child Family Health International - 19-Dec-24
2025-04-14 02:59:17,126 - INFO - Extracted: SandboxAQ - 18-Dec-24
2025-04-14 02:59:17,149 - INFO - Extracted: Plume Network - 18-Dec-24
2025-04-14 02:59:17,173 - INFO - Extracted: Hamming AI - 18-Dec-24
2025-04-14 02:59:17,197 - INFO - Extracted: CourtScribes - 18-Dec-24
2025-04-14 02:59:17,223 - INFO - Extracted: Perplexity - 18-Dec-24
2025-04-14 02:59:17,249 - INFO - Extracted: Lyten - 18-Dec-24
2025-04-14 02:59:17,274 - INFO - Extracted: Fairbanc - 18-Dec-24
2025-04-14 02:59:17,297 - INFO - Extracted: Mojave Energy Systems - 18-Dec-24
2025-04-14 02:59:17,321 - INFO - Extracted: Fraction AI - 18-Dec-24
2025-04-14 02:59:17,345 - INFO - Extracted: Schwarm Technologies Inc. - 17-Dec-24
2025-04-14 02:59:17,375 - INFO - Extracted: Landbase - 17-Dec-24
2025-04-14 02:59:17,398 - INFO - Extracted: Acre - 17-Dec-24
2025-04-14 02:59:17,398 - INFO - Successfully extracted 20 new companies from page 1
2025-04-14 02:59:17,398 - INFO - Attempting to navigate from page 1 to next page
2025-04-14 02:59:20,324 - INFO - Found next button using selector: //a[contains(text(), '›')]
2025-04-14 02:59:21,921 - INFO - Clicked next button with JavaScript
2025-04-14 02:59:23,513 - INFO - Successfully navigated to page 2
2025-04-14 02:59:24,648 - INFO - Performing efficient scrolling...
2025-04-14 02:59:30,985 - INFO - Scrolling completed
2025-04-14 02:59:30,986 - INFO - Extracting data from page 2
2025-04-14 02:59:32,995 - INFO - Trying standard table extraction
2025-04-14 02:59:33,015 - INFO - Found 21 potential data rows
2025-04-14 02:59:33,062 - INFO - Extracted: Finexio - 17-Dec-24
2025-04-14 02:59:33,090 - INFO - Extracted: Anatomy Financial - 17-Dec-24
2025-04-14 02:59:33,125 - INFO - Extracted: Serverfarm - 17-Dec-24
2025-04-14 02:59:33,148 - INFO - Extracted: Flair - 17-Dec-24
2025-04-14 02:59:33,175 - INFO - Extracted: Leapfin - 17-Dec-24
2025-04-14 02:59:33,200 - INFO - Extracted: Parafin - 17-Dec-24
2025-04-14 02:59:33,225 - INFO - Extracted: Indapta Therapeutics - 17-Dec-24
2025-04-14 02:59:33,250 - INFO - Extracted: Xcell Biosciences - 17-Dec-24
2025-04-14 02:59:33,276 - INFO - Extracted: Jiko - 12-Dec-24
2025-04-14 02:59:33,307 - INFO - Extracted: One - 12-Dec-24
2025-04-14 02:59:33,332 - INFO - Extracted: Evinced - 12-Dec-24
2025-04-14 02:59:33,357 - INFO - Extracted: Twelve Labs - 12-Dec-24
2025-04-14 02:59:33,382 - INFO - Extracted: Terradot - 12-Dec-24
2025-04-14 02:59:33,408 - INFO - Extracted: Cartesia - 12-Dec-24
2025-04-14 02:59:33,432 - INFO - Extracted: Vantis Vascular - 12-Dec-24
2025-04-14 02:59:33,458 - INFO - Extracted: Alessa Therapeutics - 12-Dec-24
2025-04-14 02:59:33,482 - INFO - Extracted: Gigs - 12-Dec-24
2025-04-14 02:59:33,508 - INFO - Extracted: Immi - 12-Dec-24
2025-04-14 02:59:33,538 - INFO - Extracted: Albert Invent - 11-Dec-24
2025-04-14 02:59:33,565 - INFO - Extracted: Strategic Venue Partners - 11-Dec-24
2025-04-14 02:59:33,565 - INFO - Successfully extracted 20 new companies from page 2
2025-04-14 02:59:33,565 - INFO - Attempting to navigate from page 2 to next page
2025-04-14 02:59:36,234 - INFO - Found next button using selector: //a[contains(text(), '›')]
2025-04-14 02:59:37,520 - INFO - Clicked next button with JavaScript
2025-04-14 02:59:39,219 - INFO - Successfully navigated to page 3
2025-04-14 02:59:40,610 - INFO - Performing efficient scrolling...
2025-04-14 02:59:47,432 - INFO - Scrolling completed
2025-04-14 02:59:47,433 - INFO - Extracting data from page 3
2025-04-14 02:59:48,787 - INFO - Trying standard table extraction
2025-04-14 02:59:48,819 - INFO - Found 21 potential data rows
2025-04-14 02:59:48,866 - INFO - Extracted: Parsec Education - 11-Dec-24
2025-04-14 02:59:48,892 - INFO - Extracted: Saltmine - 11-Dec-24
2025-04-14 02:59:48,923 - INFO - Extracted: NeuBird - 11-Dec-24
2025-04-14 02:59:48,947 - INFO - Extracted: Aimon Labs - 11-Dec-24
2025-04-14 02:59:48,975 - INFO - Extracted: Ayar Labs - 11-Dec-24
2025-04-14 02:59:48,997 - INFO - Extracted: Vapi - 11-Dec-24
2025-04-14 02:59:49,021 - INFO - Extracted: EzDubs - 11-Dec-24
2025-04-14 02:59:49,051 - INFO - Extracted: Capstan Medical - 11-Dec-24
2025-04-14 02:59:49,074 - INFO - Extracted: Reveal Technology - 11-Dec-24
2025-04-14 02:59:49,097 - INFO - Extracted: Tosi - 11-Dec-24
2025-04-14 02:59:49,121 - INFO - Extracted: Azimuth AI - 11-Dec-24
2025-04-14 02:59:49,145 - INFO - Extracted: Cohesity - 10-Dec-24
2025-04-14 02:59:49,176 - INFO - Extracted: Speak - 10-Dec-24
2025-04-14 02:59:49,199 - INFO - Extracted: Mainframe - 10-Dec-24
2025-04-14 02:59:49,224 - INFO - Extracted: Gyaan - 10-Dec-24
2025-04-14 02:59:49,250 - INFO - Extracted: WeaveGrid - 10-Dec-24
2025-04-14 02:59:49,275 - INFO - Extracted: WindBorne Systems - 10-Dec-24
2025-04-14 02:59:49,303 - INFO - Extracted: Exabits AI - 10-Dec-24
2025-04-14 02:59:49,329 - INFO - Extracted: Gentrace - 10-Dec-24
2025-04-14 02:59:49,354 - INFO - Extracted: LambdaTest - 10-Dec-24
2025-04-14 02:59:49,354 - INFO - Successfully extracted 20 new companies from page 3
2025-04-14 02:59:49,354 - INFO - Attempting to navigate from page 3 to next page
2025-04-14 02:59:51,828 - INFO - Found next button using selector: //a[contains(text(), '›')]
2025-04-14 02:59:53,005 - INFO - Clicked next button with JavaScript
2025-04-14 02:59:55,247 - INFO - Successfully navigated to page 4
2025-04-14 02:59:56,931 - INFO - Performing efficient scrolling...
2025-04-14 03:00:02,141 - INFO - Scrolling completed
2025-04-14 03:00:02,142 - INFO - Extracting data from page 4
2025-04-14 03:00:03,424 - INFO - Trying standard table extraction
2025-04-14 03:00:03,446 - INFO - Found 21 potential data rows
2025-04-14 03:00:03,494 - INFO - Extracted: Aarvik Therapeutics - 10-Dec-24
2025-04-14 03:00:03,523 - INFO - Extracted: WaveForms AI - 10-Dec-24
2025-04-14 03:00:03,549 - INFO - Extracted: Wald.ai - 10-Dec-24
2025-04-14 03:00:03,578 - INFO - Extracted: Wildflower Health - 10-Dec-24
2025-04-14 03:00:03,614 - INFO - Extracted: Aampe - 10-Dec-24
2025-04-14 03:00:03,638 - INFO - Extracted: Cala Health - 9-Dec-24
2025-04-14 03:00:03,661 - INFO - Extracted: Sofar Ocean - 9-Dec-24
2025-04-14 03:00:03,686 - INFO - Extracted: Friend - 9-Dec-24
2025-04-14 03:00:03,712 - INFO - Extracted: Lava - 9-Dec-24
2025-04-14 03:00:03,737 - INFO - Extracted: MiSalud - 9-Dec-24
2025-04-14 03:00:03,762 - INFO - Extracted: Lucra Sports - 5-Dec-24
2025-04-14 03:00:03,787 - INFO - Extracted: Across AI - 5-Dec-24
2025-04-14 03:00:03,813 - INFO - Extracted: BITKRAFT Ventures - 5-Dec-24
2025-04-14 03:00:03,838 - INFO - Extracted: Nuvig Therapeutics - 5-Dec-24
2025-04-14 03:00:03,862 - INFO - Extracted: FutureSearch - 5-Dec-24
2025-04-14 03:00:03,888 - INFO - Extracted: Solana - 5-Dec-24
2025-04-14 03:00:03,913 - INFO - Extracted: Rubi Laboratories - 5-Dec-24
2025-04-14 03:00:03,938 - INFO - Extracted: East Oakland Youth Development Center - 5-Dec-24
2025-04-14 03:00:03,962 - INFO - Extracted: Axiado Corporation - 4-Dec-24
2025-04-14 03:00:03,986 - INFO - Extracted: Enterpret - 4-Dec-24
2025-04-14 03:00:03,986 - INFO - Successfully extracted 20 new companies from page 4
2025-04-14 03:00:03,986 - INFO - Attempting to navigate from page 4 to next page
2025-04-14 03:00:06,677 - INFO - Found next button using selector: //a[contains(text(), '›')]
2025-04-14 03:00:07,694 - INFO - Clicked next button with JavaScript
2025-04-14 03:00:09,783 - INFO - Successfully navigated to page 5
2025-04-14 03:00:11,351 - INFO - Performing efficient scrolling...
2025-04-14 03:00:16,890 - INFO - Scrolling completed
2025-04-14 03:00:16,891 - INFO - Extracting data from page 5
2025-04-14 03:00:18,616 - INFO - Trying standard table extraction
2025-04-14 03:00:18,638 - INFO - Found 21 potential data rows
2025-04-14 03:00:19,182 - INFO - Retry attempt 1 for data extraction
2025-04-14 03:00:20,885 - INFO - Trying advanced pattern-based extraction
2025-04-14 03:00:20,933 - INFO - Extracted (advanced pattern): You may also like
2025-04-14 03:00:20,946 - INFO - Extracted (advanced pattern): 35 Sales Email Tips to Crush Your Sales Game
2025-04-14 03:00:20,956 - INFO - Successfully extracted 2 new companies from page 5
2025-04-14 03:00:20,956 - INFO - Attempting to navigate from page 5 to next page
2025-04-14 03:00:24,125 - INFO - Found next button using selector: //a[contains(text(), '›')]
2025-04-14 03:00:25,169 - INFO - Clicked next button with JavaScript
2025-04-14 03:00:26,846 - INFO - Successfully navigated to page 6
2025-04-14 03:00:28,883 - INFO - Performing efficient scrolling...
2025-04-14 03:00:35,619 - INFO - Scrolling completed
2025-04-14 03:00:35,620 - INFO - Extracting data from page 6
2025-04-14 03:00:36,829 - INFO - Trying standard table extraction
2025-04-14 03:00:36,863 - INFO - Found 21 potential data rows
2025-04-14 03:00:36,941 - INFO - Extracted: HappyRobot - 4-Dec-24
2025-04-14 03:00:37,012 - INFO - Extracted: Offcall - 4-Dec-24
2025-04-14 03:00:37,101 - INFO - Extracted: Etestho - 4-Dec-24
2025-04-14 03:00:37,194 - INFO - Extracted: Antheia - 3-Dec-24
2025-04-14 03:00:37,248 - INFO - Extracted: Aerospike - 3-Dec-24
2025-04-14 03:00:37,284 - INFO - Extracted: Yurts Technologies Inc - 3-Dec-24
2025-04-14 03:00:37,320 - INFO - Extracted: The Tech Interactive - 3-Dec-24
2025-04-14 03:00:37,384 - INFO - Extracted: Maze Therapeutics - 3-Dec-24
2025-04-14 03:00:37,423 - INFO - Extracted: MakersHub - 3-Dec-24
2025-04-14 03:00:37,460 - INFO - Extracted: Vooma - 2-Dec-24
2025-04-14 03:00:37,492 - INFO - Extracted: Lumin Digital - 2-Dec-24
2025-04-14 03:00:37,576 - INFO - Extracted: Upwind Security - 2-Dec-24
2025-04-14 03:00:37,610 - INFO - Extracted: CSpeed - 2-Dec-24
2025-04-14 03:00:37,641 - INFO - Extracted: Cardless - 26-Nov-24
2025-04-14 03:00:37,669 - INFO - Extracted: Sirona Medical - 26-Nov-24
2025-04-14 03:00:37,704 - INFO - Extracted: Wherobots Inc. - 26-Nov-24
2025-04-14 03:00:37,732 - INFO - Extracted: Circleback - 26-Nov-24
2025-04-14 03:00:37,767 - INFO - Extracted: Mindstate Design Labs - 26-Nov-24
2025-04-14 03:00:37,794 - INFO - Extracted: Femtosense - 26-Nov-24
2025-04-14 03:00:37,823 - INFO - Extracted: Play.ht - 25-Nov-24
2025-04-14 03:00:37,823 - INFO - Successfully extracted 20 new companies from page 6
2025-04-14 03:00:37,823 - INFO - Attempting to navigate from page 6 to next page
2025-04-14 03:00:40,445 - INFO - Found next button using selector: //a[contains(text(), '›')]
2025-04-14 03:00:41,476 - INFO - Clicked next button with JavaScript
2025-04-14 03:00:43,502 - INFO - Successfully navigated to page 7
2025-04-14 03:00:45,036 - INFO - Performing efficient scrolling...
2025-04-14 03:00:51,452 - INFO - Scrolling completed
2025-04-14 03:00:51,453 - INFO - Extracting data from page 7
2025-04-14 03:00:52,615 - INFO - Trying standard table extraction
2025-04-14 03:00:52,639 - INFO - Found 21 potential data rows
2025-04-14 03:00:52,685 - INFO - Extracted: Tempest DX - 25-Nov-24
2025-04-14 03:00:52,710 - INFO - Extracted: Trustero - 21-Nov-24
2025-04-14 03:00:52,735 - INFO - Extracted: Epic Cleantec - 21-Nov-24
2025-04-14 03:00:52,759 - INFO - Extracted: VISO TRUST - 21-Nov-24
2025-04-14 03:00:52,789 - INFO - Extracted: Aviz Networks - 21-Nov-24
2025-04-14 03:00:52,820 - INFO - Extracted: Arcade - 21-Nov-24
2025-04-14 03:00:52,844 - INFO - Extracted: Anomalo - 21-Nov-24
2025-04-14 03:00:52,868 - INFO - Extracted: Teleo - 21-Nov-24
2025-04-14 03:00:52,893 - INFO - Extracted: Wordware - 21-Nov-24
2025-04-14 03:00:52,918 - INFO - Extracted: Aira Technologies - 20-Nov-24
2025-04-14 03:00:52,942 - INFO - Extracted: Generate Capital - 20-Nov-24
2025-04-14 03:00:52,966 - INFO - Extracted: Rox - 20-Nov-24
2025-04-14 03:00:52,997 - INFO - Extracted: Aethero - 20-Nov-24
2025-04-14 03:00:53,022 - INFO - Extracted: Federato - 20-Nov-24
2025-04-14 03:00:53,047 - INFO - Extracted: Distru - 20-Nov-24
2025-04-14 03:00:53,071 - INFO - Extracted: THEO AI - 20-Nov-24
2025-04-14 03:00:53,095 - INFO - Extracted: Shinami - 20-Nov-24
2025-04-14 03:00:53,121 - INFO - Extracted: PostSig - 20-Nov-24
2025-04-14 03:00:53,145 - INFO - Extracted: Flywheel Dynamix - 20-Nov-24
2025-04-14 03:00:53,169 - INFO - Extracted: New Lantern - 20-Nov-24
2025-04-14 03:00:53,169 - INFO - Successfully extracted 20 new companies from page 7
2025-04-14 03:00:53,169 - INFO - Attempting to navigate from page 7 to next page
2025-04-14 03:00:56,044 - INFO - Found next button using selector: //a[contains(text(), '›')]
2025-04-14 03:00:57,711 - INFO - Clicked next button with JavaScript
2025-04-14 03:01:00,187 - INFO - Successfully navigated to page 8
2025-04-14 03:01:01,653 - INFO - Performing efficient scrolling...
2025-04-14 03:01:07,663 - INFO - Scrolling completed
2025-04-14 03:01:07,665 - INFO - Extracting data from page 8
2025-04-14 03:01:09,344 - INFO - Trying standard table extraction
2025-04-14 03:01:09,374 - INFO - Found 21 potential data rows
2025-04-14 03:01:09,423 - INFO - Extracted: Certinia - 19-Nov-24
2025-04-14 03:01:09,449 - INFO - Extracted: Kong - 19-Nov-24
2025-04-14 03:01:09,474 - INFO - Extracted: Kintsugi AI - 19-Nov-24
2025-04-14 03:01:09,506 - INFO - Extracted: StoreCash - 19-Nov-24
2025-04-14 03:01:09,530 - INFO - Extracted: Spectro Cloud - 19-Nov-24
2025-04-14 03:01:09,555 - INFO - Extracted: BrightAI - 19-Nov-24
2025-04-14 03:01:09,579 - INFO - Extracted: Open Source Wellness - 19-Nov-24
2025-04-14 03:01:09,615 - INFO - Extracted: Neo4j - 19-Nov-24
2025-04-14 03:01:09,640 - INFO - Extracted: Rain AI - 19-Nov-24
2025-04-14 03:01:09,664 - INFO - Extracted: JustPaid - 19-Nov-24
2025-04-14 03:01:09,689 - INFO - Extracted: Cresta - 19-Nov-24
2025-04-14 03:01:09,722 - INFO - Extracted: Enfabrica - 19-Nov-24
2025-04-14 03:01:09,746 - INFO - Extracted: ANAFLASH - 19-Nov-24
2025-04-14 03:01:09,771 - INFO - Extracted: Open Philanthropy - 18-Nov-24
2025-04-14 03:01:09,795 - INFO - Extracted: California University of Science and Medicine - 18-Nov-24
2025-04-14 03:01:09,836 - INFO - Extracted: Zenflow - 18-Nov-24
2025-04-14 03:01:09,862 - INFO - Extracted: Radiant - 14-Nov-24
2025-04-14 03:01:09,887 - INFO - Extracted: Athina AI - 14-Nov-24
2025-04-14 03:01:09,911 - INFO - Extracted: Team-GPT - 14-Nov-24
2025-04-14 03:01:09,954 - INFO - Extracted: Falkonry - 14-Nov-24
2025-04-14 03:01:09,954 - INFO - Successfully extracted 20 new companies from page 8
2025-04-14 03:01:09,954 - INFO - Attempting to navigate from page 8 to next page
2025-04-14 03:01:13,681 - INFO - Found next button using selector: //a[contains(text(), '›')]
2025-04-14 03:01:14,923 - INFO - Clicked next button with JavaScript
2025-04-14 03:01:17,401 - INFO - Successfully navigated to page 9
2025-04-14 03:01:19,363 - INFO - Performing efficient scrolling...
2025-04-14 03:01:26,023 - INFO - Scrolling completed
2025-04-14 03:01:26,024 - INFO - Extracting data from page 9
2025-04-14 03:01:27,207 - INFO - Trying standard table extraction
2025-04-14 03:01:27,228 - INFO - Found 21 potential data rows
2025-04-14 03:01:27,276 - INFO - Extracted: Leland - 13-Nov-24
2025-04-14 03:01:27,305 - INFO - Extracted: TRex Bio - 13-Nov-24
2025-04-14 03:01:27,332 - INFO - Extracted: Medeloop - 13-Nov-24
2025-04-14 03:01:27,369 - INFO - Extracted: OneSkin - 13-Nov-24
2025-04-14 03:01:27,397 - INFO - Extracted: The WiTT Group - 13-Nov-24
2025-04-14 03:01:27,424 - INFO - Extracted: Riot - 13-Nov-24
2025-04-14 03:01:27,448 - INFO - Extracted: Writer - 12-Nov-24
2025-04-14 03:01:27,475 - INFO - Extracted: Trace Neuroscience - 12-Nov-24
2025-04-14 03:01:27,505 - INFO - Extracted: Fastino - 12-Nov-24
2025-04-14 03:01:27,532 - INFO - Extracted: Shiru - 12-Nov-24
2025-04-14 03:01:27,560 - INFO - Extracted: Outbuild - 12-Nov-24
2025-04-14 03:01:27,588 - INFO - Extracted: Anthrogen - 12-Nov-24
2025-04-14 03:01:27,613 - INFO - Extracted: Connecty AI - 11-Nov-24
2025-04-14 03:01:27,645 - INFO - Extracted: AirGarage - 8-Nov-24
2025-04-14 03:01:27,671 - INFO - Extracted: Fractional - 7-Nov-24
2025-04-14 03:01:27,697 - INFO - Extracted: Orbital Sidekick - 7-Nov-24
2025-04-14 03:01:27,724 - INFO - Extracted: Corgea - 6-Nov-24
2025-04-14 03:01:27,748 - INFO - Extracted: OptraScan - 6-Nov-24
2025-04-14 03:01:27,784 - INFO - Extracted: Workhelix - 5-Nov-24
2025-04-14 03:01:27,809 - INFO - Extracted: PrognomiQ - 5-Nov-24
2025-04-14 03:01:27,809 - INFO - Successfully extracted 20 new companies from page 9
2025-04-14 03:01:27,809 - INFO - Attempting to navigate from page 9 to next page
2025-04-14 03:01:30,461 - INFO - Found next button using selector: //a[contains(text(), '›')]
2025-04-14 03:01:31,601 - INFO - Clicked next button with JavaScript
2025-04-14 03:01:33,768 - INFO - Successfully navigated to page 10
2025-04-14 03:01:35,639 - INFO - Performing efficient scrolling...
2025-04-14 03:01:41,296 - INFO - Scrolling completed
2025-04-14 03:01:41,298 - INFO - Extracting data from page 10
2025-04-14 03:01:43,244 - INFO - Trying standard table extraction
2025-04-14 03:01:43,264 - INFO - Found 21 potential data rows
2025-04-14 03:01:43,832 - INFO - Retry attempt 1 for data extraction
2025-04-14 03:01:45,116 - INFO - Trying advanced pattern-based extraction
2025-04-14 03:01:45,194 - INFO - Retry attempt 2 for data extraction
2025-04-14 03:01:46,383 - INFO - Refreshing page for final extraction attempt
2025-04-14 03:01:50,522 - INFO - Trying standard table extraction
2025-04-14 03:01:50,544 - WARNING - No new companies found on page 10. Empty page count: 1
2025-04-14 03:01:50,544 - INFO - Attempting to navigate from page 10 to next page
2025-04-14 03:01:50,551 - INFO - No next page buttons found at all - likely last page
2025-04-14 03:01:50,551 - INFO - Detected last page, stopping pagination
2025-04-14 03:01:50,553 - ERROR - Error saving data: dict contains fields not in fieldnames: 'Note'
2025-04-14 03:01:50,555 - INFO - Extraction completed in 181.82 seconds
2025-04-14 03:01:50,555 - INFO - Extracted 162 companies from 10 pages
2025-04-14 03:01:50,555 - INFO - Found 162 unique companies
2025-04-14 03:01:50,555 - INFO - Most recent funding dates: ['10-Dec-24', '11-Dec-24', '11-Nov-24', '12-Dec-24', '12-Nov-24']
2025-04-14 03:01:50,676 - INFO - WebDriver closed
2025-04-14 03:01:50,676 - INFO - Next extraction scheduled for: 2025-04-15 03:01:50
2025-04-14 03:24:04,508 - INFO - Created data directory at /Users/hk/Downloads/DSFinalYearProject/ArealTimeData/fundraise_data
2025-04-14 03:24:04,508 - INFO - Setting up scheduled extraction (every 24 hours)
2025-04-14 03:24:04,508 - INFO - Starting extraction process
2025-04-14 03:24:04,508 - INFO - Setting up Chrome WebDriver...
2025-04-14 03:24:04,508 - INFO - ====== WebDriver manager ======
2025-04-14 03:24:04,596 - INFO - Get LATEST chromedriver version for google-chrome
2025-04-14 03:24:04,751 - INFO - Get LATEST chromedriver version for google-chrome
2025-04-14 03:24:04,825 - INFO - Driver [/Users/hk/.wdm/drivers/chromedriver/mac64/135.0.7049.84/chromedriver-mac-arm64/chromedriver] found in cache
2025-04-14 03:24:06,335 - INFO - WebDriver setup completed successfully
2025-04-14 03:24:06,335 - INFO - Navigating to https://fundraiseinsider.com/blog/recently-funded-startups-san-francisco/#showform-238066
2025-04-14 03:24:11,444 - INFO - Found overlay using selector: //div[contains(@class, 'conv-wrap')]
2025-04-14 03:24:11,456 - INFO - No close button found, removing overlay with JavaScript
2025-04-14 03:24:12,303 - INFO - Found overlay using selector: //div[contains(@class, 'overlay')]
2025-04-14 03:24:12,308 - INFO - No close button found, removing overlay with JavaScript
2025-04-14 03:24:13,559 - INFO - Performing efficient scrolling...
2025-04-14 03:24:16,553 - INFO - Scrolling completed
2025-04-14 03:24:16,561 - INFO - Table element found on page
2025-04-14 03:24:17,358 - INFO - Page navigation successful
2025-04-14 03:24:17,358 - INFO - Extracting data from page 1
2025-04-14 03:24:18,541 - INFO - Trying standard table extraction
2025-04-14 03:24:18,572 - INFO - Found 21 potential data rows
2025-04-14 03:24:18,628 - INFO - Extracted: Rembrand - 2-Jan-25
2025-04-14 03:24:18,657 - INFO - Extracted: Wurthy - 30-Dec-24
2025-04-14 03:24:18,681 - INFO - Extracted: Frontier Bio - 25-Dec-24
2025-04-14 03:24:18,706 - INFO - Extracted: Courtyard - 23-Dec-24
2025-04-14 03:24:18,730 - INFO - Extracted: Pasadena Private Lending - 19-Dec-24
2025-04-14 03:24:18,753 - INFO - Extracted: Tenor - 19-Dec-24
2025-04-14 03:24:18,784 - INFO - Extracted: Earli - 19-Dec-24
2025-04-14 03:24:18,813 - INFO - Extracted: Child Family Health International - 19-Dec-24
2025-04-14 03:24:18,839 - INFO - Extracted: SandboxAQ - 18-Dec-24
2025-04-14 03:24:18,869 - INFO - Extracted: Plume Network - 18-Dec-24
2025-04-14 03:24:18,897 - INFO - Extracted: Hamming AI - 18-Dec-24
2025-04-14 03:24:18,926 - INFO - Extracted: CourtScribes - 18-Dec-24
2025-04-14 03:24:18,958 - INFO - Extracted: Perplexity - 18-Dec-24
2025-04-14 03:24:18,986 - INFO - Extracted: Lyten - 18-Dec-24
2025-04-14 03:24:19,020 - INFO - Extracted: Fairbanc - 18-Dec-24
2025-04-14 03:24:19,051 - INFO - Extracted: Mojave Energy Systems - 18-Dec-24
2025-04-14 03:24:19,080 - INFO - Extracted: Fraction AI - 18-Dec-24
2025-04-14 03:24:19,108 - INFO - Extracted: Schwarm Technologies Inc. - 17-Dec-24
2025-04-14 03:24:19,135 - INFO - Extracted: Landbase - 17-Dec-24
2025-04-14 03:24:19,164 - INFO - Extracted: Acre - 17-Dec-24
2025-04-14 03:24:19,164 - INFO - Successfully extracted 20 new companies from page 1
2025-04-14 03:24:19,164 - INFO - Attempting to navigate from page 1
2025-04-14 03:24:24,612 - INFO - JavaScript verification confirmed page changed
2025-04-14 03:24:25,603 - INFO - Extracting data from page 2
2025-04-14 03:24:26,376 - INFO - Trying standard table extraction
2025-04-14 03:24:26,406 - INFO - Found 21 potential data rows
2025-04-14 03:24:26,452 - INFO - Extracted: Finexio - 17-Dec-24
2025-04-14 03:24:26,485 - INFO - Extracted: Anatomy Financial - 17-Dec-24
2025-04-14 03:24:26,509 - INFO - Extracted: Serverfarm - 17-Dec-24
2025-04-14 03:24:26,533 - INFO - Extracted: Flair - 17-Dec-24
2025-04-14 03:24:26,557 - INFO - Extracted: Leapfin - 17-Dec-24
2025-04-14 03:24:26,581 - INFO - Extracted: Parafin - 17-Dec-24
2025-04-14 03:24:26,605 - INFO - Extracted: Indapta Therapeutics - 17-Dec-24
2025-04-14 03:24:26,640 - INFO - Extracted: Xcell Biosciences - 17-Dec-24
2025-04-14 03:24:26,664 - INFO - Extracted: Jiko - 12-Dec-24
2025-04-14 03:24:26,685 - INFO - Extracted: One - 12-Dec-24
2025-04-14 03:24:26,711 - INFO - Extracted: Evinced - 12-Dec-24
2025-04-14 03:24:26,739 - INFO - Extracted: Twelve Labs - 12-Dec-24
2025-04-14 03:24:26,766 - INFO - Extracted: Terradot - 12-Dec-24
2025-04-14 03:24:26,793 - INFO - Extracted: Cartesia - 12-Dec-24
2025-04-14 03:24:26,816 - INFO - Extracted: Vantis Vascular - 12-Dec-24
2025-04-14 03:24:26,840 - INFO - Extracted: Alessa Therapeutics - 12-Dec-24
2025-04-14 03:24:26,864 - INFO - Extracted: Gigs - 12-Dec-24
2025-04-14 03:24:26,888 - INFO - Extracted: Immi - 12-Dec-24
2025-04-14 03:24:26,912 - INFO - Extracted: Albert Invent - 11-Dec-24
2025-04-14 03:24:26,935 - INFO - Extracted: Strategic Venue Partners - 11-Dec-24
2025-04-14 03:24:26,935 - INFO - Successfully extracted 20 new companies from page 2
2025-04-14 03:24:26,935 - INFO - Attempting to navigate from page 2
2025-04-14 03:24:32,855 - INFO - JavaScript verification confirmed page changed
2025-04-14 03:24:33,301 - INFO - Extracting data from page 3
2025-04-14 03:24:33,871 - INFO - Trying standard table extraction
2025-04-14 03:24:33,889 - INFO - Found 21 potential data rows
2025-04-14 03:24:33,927 - INFO - Extracted: Parsec Education - 11-Dec-24
2025-04-14 03:24:33,953 - INFO - Extracted: Saltmine - 11-Dec-24
2025-04-14 03:24:33,979 - INFO - Extracted: NeuBird - 11-Dec-24
2025-04-14 03:24:34,002 - INFO - Extracted: Aimon Labs - 11-Dec-24
2025-04-14 03:24:34,034 - INFO - Extracted: Ayar Labs - 11-Dec-24
2025-04-14 03:24:34,060 - INFO - Extracted: Vapi - 11-Dec-24
2025-04-14 03:24:34,084 - INFO - Extracted: EzDubs - 11-Dec-24
2025-04-14 03:24:34,111 - INFO - Extracted: Capstan Medical - 11-Dec-24
2025-04-14 03:24:34,138 - INFO - Extracted: Reveal Technology - 11-Dec-24
2025-04-14 03:24:34,163 - INFO - Extracted: Tosi - 11-Dec-24
2025-04-14 03:24:34,189 - INFO - Extracted: Azimuth AI - 11-Dec-24
2025-04-14 03:24:34,212 - INFO - Extracted: Cohesity - 10-Dec-24
2025-04-14 03:24:34,236 - INFO - Extracted: Speak - 10-Dec-24
2025-04-14 03:24:34,260 - INFO - Extracted: Mainframe - 10-Dec-24
2025-04-14 03:24:34,284 - INFO - Extracted: Gyaan - 10-Dec-24
2025-04-14 03:24:34,309 - INFO - Extracted: WeaveGrid - 10-Dec-24
2025-04-14 03:24:34,332 - INFO - Extracted: WindBorne Systems - 10-Dec-24
2025-04-14 03:24:34,355 - INFO - Extracted: Exabits AI - 10-Dec-24
2025-04-14 03:24:34,379 - INFO - Extracted: Gentrace - 10-Dec-24
2025-04-14 03:24:34,403 - INFO - Extracted: LambdaTest - 10-Dec-24
2025-04-14 03:24:34,404 - INFO - Successfully extracted 20 new companies from page 3
2025-04-14 03:24:34,404 - INFO - Attempting to navigate from page 3
2025-04-14 03:24:40,191 - INFO - JavaScript verification confirmed page changed
2025-04-14 03:24:40,733 - INFO - Extracting data from page 4
2025-04-14 03:24:41,151 - INFO - Trying standard table extraction
2025-04-14 03:24:41,178 - INFO - Found 21 potential data rows
2025-04-14 03:24:41,224 - INFO - Extracted: Aarvik Therapeutics - 10-Dec-24
2025-04-14 03:24:41,251 - INFO - Extracted: WaveForms AI - 10-Dec-24
2025-04-14 03:24:41,276 - INFO - Extracted: Wald.ai - 10-Dec-24
2025-04-14 03:24:41,302 - INFO - Extracted: Wildflower Health - 10-Dec-24
2025-04-14 03:24:41,344 - INFO - Extracted: Aampe - 10-Dec-24
2025-04-14 03:24:41,368 - INFO - Extracted: Cala Health - 9-Dec-24
2025-04-14 03:24:41,392 - INFO - Extracted: Sofar Ocean - 9-Dec-24
2025-04-14 03:24:41,418 - INFO - Extracted: Friend - 9-Dec-24
2025-04-14 03:24:41,441 - INFO - Extracted: Lava - 9-Dec-24
2025-04-14 03:24:41,465 - INFO - Extracted: MiSalud - 9-Dec-24
2025-04-14 03:24:41,488 - INFO - Extracted: Lucra Sports - 5-Dec-24
2025-04-14 03:24:41,518 - INFO - Extracted: Across AI - 5-Dec-24
2025-04-14 03:24:41,543 - INFO - Extracted: BITKRAFT Ventures - 5-Dec-24
2025-04-14 03:24:41,567 - INFO - Extracted: Nuvig Therapeutics - 5-Dec-24
2025-04-14 03:24:41,590 - INFO - Extracted: FutureSearch - 5-Dec-24
2025-04-14 03:24:41,614 - INFO - Extracted: Solana - 5-Dec-24
2025-04-14 03:24:41,638 - INFO - Extracted: Rubi Laboratories - 5-Dec-24
2025-04-14 03:24:41,662 - INFO - Extracted: East Oakland Youth Development Center - 5-Dec-24
2025-04-14 03:24:41,688 - INFO - Extracted: Axiado Corporation - 4-Dec-24
2025-04-14 03:24:41,712 - INFO - Extracted: Enterpret - 4-Dec-24
2025-04-14 03:24:41,712 - INFO - Successfully extracted 20 new companies from page 4
2025-04-14 03:24:41,712 - INFO - Attempting to navigate from page 4
2025-04-14 03:24:48,253 - INFO - JavaScript verification confirmed page changed
2025-04-14 03:24:49,157 - INFO - Extracting data from page 5
2025-04-14 03:24:50,222 - INFO - Trying standard table extraction
2025-04-14 03:24:50,267 - INFO - Found 21 potential data rows
2025-04-14 03:24:50,310 - INFO - Extracted: HappyRobot - 4-Dec-24
2025-04-14 03:24:50,337 - INFO - Extracted: Offcall - 4-Dec-24
2025-04-14 03:24:50,363 - INFO - Extracted: Etestho - 4-Dec-24
2025-04-14 03:24:50,388 - INFO - Extracted: Antheia - 3-Dec-24
2025-04-14 03:24:50,416 - INFO - Extracted: Aerospike - 3-Dec-24
2025-04-14 03:24:50,442 - INFO - Extracted: Yurts Technologies Inc - 3-Dec-24
2025-04-14 03:24:50,472 - INFO - Extracted: The Tech Interactive - 3-Dec-24
2025-04-14 03:24:50,502 - INFO - Extracted: Maze Therapeutics - 3-Dec-24
2025-04-14 03:24:50,529 - INFO - Extracted: MakersHub - 3-Dec-24
2025-04-14 03:24:50,554 - INFO - Extracted: Vooma - 2-Dec-24
2025-04-14 03:24:50,582 - INFO - Extracted: Lumin Digital - 2-Dec-24
2025-04-14 03:24:50,607 - INFO - Extracted: Upwind Security - 2-Dec-24
2025-04-14 03:24:50,634 - INFO - Extracted: CSpeed - 2-Dec-24
2025-04-14 03:24:50,662 - INFO - Extracted: Cardless - 26-Nov-24
2025-04-14 03:24:50,687 - INFO - Extracted: Sirona Medical - 26-Nov-24
2025-04-14 03:24:50,714 - INFO - Extracted: Wherobots Inc. - 26-Nov-24
2025-04-14 03:24:50,745 - INFO - Extracted: Circleback - 26-Nov-24
2025-04-14 03:24:50,770 - INFO - Extracted: Mindstate Design Labs - 26-Nov-24
2025-04-14 03:24:50,797 - INFO - Extracted: Femtosense - 26-Nov-24
2025-04-14 03:24:50,821 - INFO - Extracted: Play.ht - 25-Nov-24
2025-04-14 03:24:50,821 - INFO - Successfully extracted 20 new companies from page 5
2025-04-14 03:24:50,822 - INFO - Attempting to navigate from page 5
2025-04-14 03:24:56,910 - INFO - JavaScript verification confirmed page changed
2025-04-14 03:24:58,104 - INFO - Extracting data from page 6
2025-04-14 03:24:58,505 - INFO - Trying standard table extraction
2025-04-14 03:24:58,530 - INFO - Found 21 potential data rows
2025-04-14 03:24:58,582 - INFO - Extracted: Tempest DX - 25-Nov-24
2025-04-14 03:24:58,612 - INFO - Extracted: Trustero - 21-Nov-24
2025-04-14 03:24:58,637 - INFO - Extracted: Epic Cleantec - 21-Nov-24
2025-04-14 03:24:58,663 - INFO - Extracted: VISO TRUST - 21-Nov-24
2025-04-14 03:24:58,687 - INFO - Extracted: Aviz Networks - 21-Nov-24
2025-04-14 03:24:58,713 - INFO - Extracted: Arcade - 21-Nov-24
2025-04-14 03:24:58,745 - INFO - Extracted: Anomalo - 21-Nov-24
2025-04-14 03:24:58,770 - INFO - Extracted: Teleo - 21-Nov-24
2025-04-14 03:24:58,796 - INFO - Extracted: Wordware - 21-Nov-24
2025-04-14 03:24:58,821 - INFO - Extracted: Aira Technologies - 20-Nov-24
2025-04-14 03:24:58,848 - INFO - Extracted: Generate Capital - 20-Nov-24
2025-04-14 03:24:58,881 - INFO - Extracted: Rox - 20-Nov-24
2025-04-14 03:24:58,908 - INFO - Extracted: Aethero - 20-Nov-24
2025-04-14 03:24:58,934 - INFO - Extracted: Federato - 20-Nov-24
2025-04-14 03:24:58,957 - INFO - Extracted: Distru - 20-Nov-24
2025-04-14 03:24:58,981 - INFO - Extracted: THEO AI - 20-Nov-24
2025-04-14 03:24:59,008 - INFO - Extracted: Shinami - 20-Nov-24
2025-04-14 03:24:59,035 - INFO - Extracted: PostSig - 20-Nov-24
2025-04-14 03:24:59,059 - INFO - Extracted: Flywheel Dynamix - 20-Nov-24
2025-04-14 03:24:59,089 - INFO - Extracted: New Lantern - 20-Nov-24
2025-04-14 03:24:59,089 - INFO - Successfully extracted 20 new companies from page 6
2025-04-14 03:24:59,089 - INFO - Attempting to navigate from page 6
2025-04-14 03:25:05,079 - INFO - JavaScript verification confirmed page changed
2025-04-14 03:25:06,138 - INFO - Extracting data from page 7
2025-04-14 03:25:06,539 - INFO - Trying standard table extraction
2025-04-14 03:25:06,569 - INFO - Found 21 potential data rows
2025-04-14 03:25:06,619 - INFO - Extracted: Certinia - 19-Nov-24
2025-04-14 03:25:06,647 - INFO - Extracted: Kong - 19-Nov-24
2025-04-14 03:25:06,673 - INFO - Extracted: Kintsugi AI - 19-Nov-24
2025-04-14 03:25:06,699 - INFO - Extracted: StoreCash - 19-Nov-24
2025-04-14 03:25:06,725 - INFO - Extracted: Spectro Cloud - 19-Nov-24
2025-04-14 03:25:06,750 - INFO - Extracted: BrightAI - 19-Nov-24
2025-04-14 03:25:06,778 - INFO - Extracted: Open Source Wellness - 19-Nov-24
2025-04-14 03:25:06,802 - INFO - Extracted: Neo4j - 19-Nov-24
2025-04-14 03:25:06,833 - INFO - Extracted: Rain AI - 19-Nov-24
2025-04-14 03:25:06,855 - INFO - Extracted: JustPaid - 19-Nov-24
2025-04-14 03:25:06,878 - INFO - Extracted: Cresta - 19-Nov-24
2025-04-14 03:25:06,902 - INFO - Extracted: Enfabrica - 19-Nov-24
2025-04-14 03:25:06,928 - INFO - Extracted: ANAFLASH - 19-Nov-24
2025-04-14 03:25:06,953 - INFO - Extracted: Open Philanthropy - 18-Nov-24
2025-04-14 03:25:06,979 - INFO - Extracted: California University of Science and Medicine - 18-Nov-24
2025-04-14 03:25:07,003 - INFO - Extracted: Zenflow - 18-Nov-24
2025-04-14 03:25:07,026 - INFO - Extracted: Radiant - 14-Nov-24
2025-04-14 03:25:07,050 - INFO - Extracted: Athina AI - 14-Nov-24
2025-04-14 03:25:07,072 - INFO - Extracted: Team-GPT - 14-Nov-24
2025-04-14 03:25:07,097 - INFO - Extracted: Falkonry - 14-Nov-24
2025-04-14 03:25:07,097 - INFO - Successfully extracted 20 new companies from page 7
2025-04-14 03:25:07,097 - INFO - Attempting to navigate from page 7
2025-04-14 03:25:13,897 - INFO - JavaScript verification confirmed page changed
2025-04-14 03:25:14,348 - INFO - Extracting data from page 8
2025-04-14 03:25:15,390 - INFO - Trying standard table extraction
2025-04-14 03:25:15,405 - INFO - Found 21 potential data rows
2025-04-14 03:25:15,440 - INFO - Extracted: Leland - 13-Nov-24
2025-04-14 03:25:15,467 - INFO - Extracted: TRex Bio - 13-Nov-24
2025-04-14 03:25:15,495 - INFO - Extracted: Medeloop - 13-Nov-24
2025-04-14 03:25:15,520 - INFO - Extracted: OneSkin - 13-Nov-24
2025-04-14 03:25:15,542 - INFO - Extracted: The WiTT Group - 13-Nov-24
2025-04-14 03:25:15,566 - INFO - Extracted: Riot - 13-Nov-24
2025-04-14 03:25:15,591 - INFO - Extracted: Writer - 12-Nov-24
2025-04-14 03:25:15,613 - INFO - Extracted: Trace Neuroscience - 12-Nov-24
2025-04-14 03:25:15,636 - INFO - Extracted: Fastino - 12-Nov-24
2025-04-14 03:25:15,658 - INFO - Extracted: Shiru - 12-Nov-24
2025-04-14 03:25:15,681 - INFO - Extracted: Outbuild - 12-Nov-24
2025-04-14 03:25:15,703 - INFO - Extracted: Anthrogen - 12-Nov-24
2025-04-14 03:25:15,729 - INFO - Extracted: Connecty AI - 11-Nov-24
2025-04-14 03:25:15,758 - INFO - Extracted: AirGarage - 8-Nov-24
2025-04-14 03:25:15,780 - INFO - Extracted: Fractional - 7-Nov-24
2025-04-14 03:25:15,804 - INFO - Extracted: Orbital Sidekick - 7-Nov-24
2025-04-14 03:25:15,834 - INFO - Extracted: Corgea - 6-Nov-24
2025-04-14 03:25:15,859 - INFO - Extracted: OptraScan - 6-Nov-24
2025-04-14 03:25:15,882 - INFO - Extracted: Workhelix - 5-Nov-24
2025-04-14 03:25:15,905 - INFO - Extracted: PrognomiQ - 5-Nov-24
2025-04-14 03:25:15,905 - INFO - Successfully extracted 20 new companies from page 8
2025-04-14 03:25:15,905 - INFO - Attempting to navigate from page 8
2025-04-14 03:25:22,468 - INFO - JavaScript verification confirmed page changed
2025-04-14 03:25:22,896 - INFO - Extracting data from page 9
2025-04-14 03:25:24,156 - INFO - Trying standard table extraction
2025-04-14 03:25:24,186 - INFO - Found 21 potential data rows
2025-04-14 03:25:24,238 - INFO - Extracted: Carvis.AI - 4-Nov-24
2025-04-14 03:25:24,267 - INFO - Extracted: Inquis Medical - 4-Nov-24
2025-04-14 03:25:24,296 - INFO - Extracted: Augment Code - 4-Nov-24
2025-04-14 03:25:24,321 - INFO - Extracted: Primergy Solar - 4-Nov-24
2025-04-14 03:25:24,348 - INFO - Extracted: Advex AI - 4-Nov-24
2025-04-14 03:25:24,373 - INFO - Extracted: The Nursing Beat - 4-Nov-24
2025-04-14 03:25:24,398 - INFO - Extracted: Cornerstone AI - 31-Oct-24
2025-04-14 03:25:24,423 - INFO - Extracted: Spot AI - 31-Oct-24
2025-04-14 03:25:24,448 - INFO - Extracted: Buddy.ai - 31-Oct-24
2025-04-14 03:25:24,471 - INFO - Extracted: Evommune - 31-Oct-24
2025-04-14 03:25:24,496 - INFO - Extracted: Bugcrowd - 31-Oct-24
2025-04-14 03:25:24,520 - INFO - Extracted: Decart - 31-Oct-24
2025-04-14 03:25:24,545 - INFO - Extracted: Birch Creek Development - 31-Oct-24
2025-04-14 03:25:24,569 - INFO - Extracted: Shadowbox - 31-Oct-24
2025-04-14 03:25:24,595 - INFO - Extracted: Delos Insurance - 31-Oct-24
2025-04-14 03:25:24,622 - INFO - Extracted: Bifrost AI - 30-Oct-24
2025-04-14 03:25:24,649 - INFO - Extracted: Third Wave Automation - 30-Oct-24
2025-04-14 03:25:24,673 - INFO - Extracted: Sapien - 29-Oct-24
2025-04-14 03:25:24,697 - INFO - Extracted: HomeBoost - 29-Oct-24
2025-04-14 03:25:24,726 - INFO - Extracted: LifeSaver Mobile - 29-Oct-24
2025-04-14 03:25:24,726 - INFO - Successfully extracted 20 new companies from page 9
2025-04-14 03:25:24,726 - INFO - Attempting to navigate from page 9
2025-04-14 03:25:31,152 - INFO - JavaScript verification confirmed page changed
2025-04-14 03:25:32,148 - INFO - Extracting data from page 10
2025-04-14 03:25:33,244 - INFO - Trying standard table extraction
2025-04-14 03:25:33,268 - INFO - Found 21 potential data rows
2025-04-14 03:25:33,318 - INFO - Extracted: CredibleMind - 29-Oct-24
2025-04-14 03:25:33,346 - INFO - Extracted: Opus Guard - 29-Oct-24
2025-04-14 03:25:33,371 - INFO - Extracted: GMI Cloud - 29-Oct-24
2025-04-14 03:25:33,397 - INFO - Extracted: Browserbase - 29-Oct-24
2025-04-14 03:25:33,423 - INFO - Extracted: Armis Security - 28-Oct-24
2025-04-14 03:25:33,454 - INFO - Extracted: Kivu Bioscience - 28-Oct-24
2025-04-14 03:25:33,479 - INFO - Extracted: Sierra - 28-Oct-24
2025-04-14 03:25:33,503 - INFO - Extracted: Fondo - 28-Oct-24
2025-04-14 03:25:33,529 - INFO - Extracted: Abstract Security - 28-Oct-24
2025-04-14 03:25:33,553 - INFO - Extracted: Revyl - 28-Oct-24
2025-04-14 03:25:33,579 - INFO - Extracted: Pharos - 25-Oct-24
2025-04-14 03:25:33,603 - INFO - Extracted: Connect The Dots - 24-Oct-24
2025-04-14 03:25:33,629 - INFO - Extracted: Sociaaal - 24-Oct-24
2025-04-14 03:25:33,655 - INFO - Extracted: AnyLog - 24-Oct-24
2025-04-14 03:25:33,684 - INFO - Extracted: Concentric AI - 24-Oct-24
2025-04-14 03:25:33,710 - INFO - Extracted: PayToMe.co - 24-Oct-24
2025-04-14 03:25:33,734 - INFO - Extracted: Finix - 24-Oct-24
2025-04-14 03:25:33,760 - INFO - Extracted: Simbe Robotics - 24-Oct-24
2025-04-14 03:25:33,784 - INFO - Extracted: Oloid - 24-Oct-24
2025-04-14 03:25:33,808 - INFO - Extracted: Nimble Robotics - 23-Oct-24
2025-04-14 03:25:33,808 - INFO - Successfully extracted 20 new companies from page 10
2025-04-14 03:25:33,808 - INFO - Attempting to navigate from page 10
2025-04-14 03:25:39,666 - INFO - JavaScript verification confirmed page changed
2025-04-14 03:25:40,599 - INFO - Extracting data from page 11
2025-04-14 03:25:41,020 - INFO - Trying standard table extraction
2025-04-14 03:25:41,051 - INFO - Found 21 potential data rows
2025-04-14 03:25:41,102 - INFO - Extracted: Archy - 23-Oct-24
2025-04-14 03:25:41,127 - INFO - Extracted: Infinitus Systems - 23-Oct-24
2025-04-14 03:25:41,152 - INFO - Extracted: Courie - 23-Oct-24
2025-04-14 03:25:41,180 - INFO - Extracted: Anthro Energy - 23-Oct-24
2025-04-14 03:25:41,203 - INFO - Extracted: LAWFTY - 23-Oct-24
2025-04-14 03:25:41,231 - INFO - Extracted: BodySpec - 22-Oct-24
2025-04-14 03:25:41,255 - INFO - Extracted: Nooks - 22-Oct-24
2025-04-14 03:25:41,279 - INFO - Extracted: CrewAI - 22-Oct-24
2025-04-14 03:25:41,303 - INFO - Extracted: Qpoint - 22-Oct-24
2025-04-14 03:25:41,328 - INFO - Extracted: Globality - 22-Oct-24
2025-04-14 03:25:41,353 - INFO - Extracted: Socket - 22-Oct-24
2025-04-14 03:25:41,377 - INFO - Extracted: Mainspring Energy - 22-Oct-24
2025-04-14 03:25:41,401 - INFO - Extracted: interface.ai - 22-Oct-24
2025-04-14 03:25:41,430 - INFO - Extracted: Trellis Bioscience - 22-Oct-24
2025-04-14 03:25:41,458 - INFO - Extracted: Revelation Partners - 22-Oct-24
2025-04-14 03:25:41,487 - INFO - Extracted: Genmo - 22-Oct-24
2025-04-14 03:25:41,512 - INFO - Extracted: ItsWare - 22-Oct-24
2025-04-14 03:25:41,536 - INFO - Extracted: Avenue Biosciences - 22-Oct-24
2025-04-14 03:25:41,560 - INFO - Extracted: Zip - 21-Oct-24
2025-04-14 03:25:41,585 - INFO - Extracted: HealthEx - 21-Oct-24
2025-04-14 03:25:41,585 - INFO - Successfully extracted 20 new companies from page 11
2025-04-14 03:25:41,585 - INFO - Attempting to navigate from page 11
2025-04-14 03:25:47,227 - INFO - JavaScript verification confirmed page changed
2025-04-14 03:25:48,393 - INFO - Extracting data from page 12
2025-04-14 03:25:49,624 - INFO - Trying standard table extraction
2025-04-14 03:25:49,651 - INFO - Found 21 potential data rows
2025-04-14 03:25:49,701 - INFO - Extracted: Uprise - 21-Oct-24
2025-04-14 03:25:49,729 - INFO - Extracted: Voxela - 21-Oct-24
2025-04-14 03:25:49,755 - INFO - Extracted: Kick - 17-Oct-24
2025-04-14 03:25:49,780 - INFO - Extracted: AN2 Therapeutics - 17-Oct-24
2025-04-14 03:25:49,804 - INFO - Extracted: Terray Therapeutics - 17-Oct-24
2025-04-14 03:25:49,829 - INFO - Extracted: Abel Police - 17-Oct-24
2025-04-14 03:25:49,866 - INFO - Extracted: Edgee - 17-Oct-24
2025-04-14 03:25:49,892 - INFO - Extracted: GetSetUp - 16-Oct-24
2025-04-14 03:25:49,917 - INFO - Extracted: Samay - 16-Oct-24
2025-04-14 03:25:49,948 - INFO - Extracted: Kiavi - 16-Oct-24
2025-04-14 03:25:49,972 - INFO - Extracted: Tako - 16-Oct-24
2025-04-14 03:25:49,997 - INFO - Extracted: Lightmatter - 16-Oct-24
2025-04-14 03:25:50,026 - INFO - Extracted: Agtonomy - 16-Oct-24
2025-04-14 03:25:50,050 - INFO - Extracted: PyrAmes, Inc. - 15-Oct-24
2025-04-14 03:25:50,073 - INFO - Extracted: Alchemy - 15-Oct-24
2025-04-14 03:25:50,098 - INFO - Extracted: MDisrupt - 15-Oct-24
2025-04-14 03:25:50,124 - INFO - Extracted: Galileo - 15-Oct-24
2025-04-14 03:25:50,149 - INFO - Extracted: Azra Games - 15-Oct-24
2025-04-14 03:25:50,173 - INFO - Extracted: Chargie - 15-Oct-24
2025-04-14 03:25:50,199 - INFO - Extracted: Decagon - 15-Oct-24
2025-04-14 03:25:50,199 - INFO - Successfully extracted 20 new companies from page 12
2025-04-14 03:25:50,199 - INFO - Attempting to navigate from page 12
2025-04-14 03:25:55,789 - INFO - JavaScript verification confirmed page changed
2025-04-14 03:25:56,594 - INFO - Extracting data from page 13
2025-04-14 03:25:57,707 - INFO - Trying standard table extraction
2025-04-14 03:25:57,736 - INFO - Found 21 potential data rows
2025-04-14 03:25:57,792 - INFO - Extracted: Concourse - 15-Oct-24
2025-04-14 03:25:57,818 - INFO - Extracted: Stockguard - 15-Oct-24
2025-04-14 03:25:57,842 - INFO - Extracted: Neuron7.ai - 15-Oct-24
2025-04-14 03:25:57,866 - INFO - Extracted: Parakeet Health - 15-Oct-24
2025-04-14 03:25:57,892 - INFO - Extracted: Dryvebox - 14-Oct-24
2025-04-14 03:25:57,917 - INFO - Extracted: Blockcast - 14-Oct-24
2025-04-14 03:25:57,940 - INFO - Extracted: Cavecrack - 13-Oct-24
2025-04-14 03:25:57,967 - INFO - Extracted: Cerebelly - 10-Oct-24
2025-04-14 03:25:57,992 - INFO - Extracted: Suki - 10-Oct-24
2025-04-14 03:25:58,016 - INFO - Extracted: CytoVale - 10-Oct-24
2025-04-14 03:25:58,040 - INFO - Extracted: Zeal - 10-Oct-24
2025-04-14 03:25:58,065 - INFO - Extracted: Vidoc Security Lab - 10-Oct-24
2025-04-14 03:25:58,088 - INFO - Extracted: Relyance AI - 10-Oct-24
2025-04-14 03:25:58,121 - INFO - Extracted: Numeric - 10-Oct-24
2025-04-14 03:25:58,149 - INFO - Extracted: COVU - 10-Oct-24
2025-04-14 03:25:58,176 - INFO - Extracted: ApertureData - 10-Oct-24
2025-04-14 03:25:58,199 - INFO - Extracted: MiLaboratories - 10-Oct-24
2025-04-14 03:25:58,224 - INFO - Extracted: Glooko - 10-Oct-24
2025-04-14 03:25:58,249 - INFO - Extracted: IncumbentFI - 10-Oct-24
2025-04-14 03:25:58,272 - INFO - Extracted: Prophecy.io - 10-Oct-24
2025-04-14 03:25:58,272 - INFO - Successfully extracted 20 new companies from page 13
2025-04-14 03:25:58,272 - INFO - Attempting to navigate from page 13
2025-04-14 03:26:04,223 - INFO - JavaScript verification confirmed page changed
2025-04-14 03:26:05,336 - INFO - Extracting data from page 14
2025-04-14 03:26:06,136 - INFO - Trying standard table extraction
2025-04-14 03:26:06,166 - INFO - Found 21 potential data rows
2025-04-14 03:26:06,220 - INFO - Extracted: Sidepit - 10-Oct-24
2025-04-14 03:26:06,252 - INFO - Extracted: Astrix Health - 10-Oct-24
2025-04-14 03:26:06,276 - INFO - Extracted: CEQAbase - 9-Oct-24
2025-04-14 03:26:06,299 - INFO - Extracted: SimX - 9-Oct-24
2025-04-14 03:26:06,324 - INFO - Extracted: Bigeye - 9-Oct-24
2025-04-14 03:26:06,348 - INFO - Extracted: Drawer AI - 9-Oct-24
2025-04-14 03:26:06,371 - INFO - Extracted: Vultron - 9-Oct-24
2025-04-14 03:26:06,396 - INFO - Extracted: AppShip - 9-Oct-24
2025-04-14 03:26:06,421 - INFO - Extracted: EvenUp - 8-Oct-24
2025-04-14 03:26:06,451 - INFO - Extracted: Tele911 - 8-Oct-24
2025-04-14 03:26:06,476 - INFO - Extracted: Kiva AI - 8-Oct-24
2025-04-14 03:26:06,500 - INFO - Extracted: Selonterra - 8-Oct-24
2025-04-14 03:26:06,524 - INFO - Extracted: Unify - 8-Oct-24
2025-04-14 03:26:06,548 - INFO - Extracted: Third Dimension AI - 8-Oct-24
2025-04-14 03:26:06,571 - INFO - Extracted: Distributional - 8-Oct-24
2025-04-14 03:26:06,603 - INFO - Extracted: Truthset - 8-Oct-24
2025-04-14 03:26:06,628 - INFO - Extracted: Stream - 8-Oct-24
2025-04-14 03:26:06,653 - INFO - Extracted: InterVene - 7-Oct-24
2025-04-14 03:26:06,677 - INFO - Extracted: Treya Partners - 7-Oct-24
2025-04-14 03:26:06,702 - INFO - Extracted: VESSL AI - 7-Oct-24
2025-04-14 03:26:06,702 - INFO - Successfully extracted 20 new companies from page 14
2025-04-14 03:26:06,702 - INFO - Attempting to navigate from page 14
2025-04-14 03:26:12,609 - INFO - JavaScript verification confirmed page changed
2025-04-14 03:26:13,601 - INFO - Extracting data from page 15
2025-04-14 03:26:14,704 - INFO - Trying standard table extraction
2025-04-14 03:26:14,732 - INFO - Found 21 potential data rows
2025-04-14 03:26:14,783 - INFO - Extracted: IOMETE - 7-Oct-24
2025-04-14 03:26:14,810 - INFO - Extracted: Kavia AI - 3-Oct-24
2025-04-14 03:26:14,836 - INFO - Extracted: OpenAI - 3-Oct-24
2025-04-14 03:26:14,860 - INFO - Extracted: Paren - 3-Oct-24
2025-04-14 03:26:14,885 - INFO - Extracted: Integrated Biosciences - 3-Oct-24
2025-04-14 03:26:14,910 - INFO - Extracted: Booksy - 3-Oct-24
2025-04-14 03:26:14,935 - INFO - Extracted: Voyage AI - 3-Oct-24
2025-04-14 03:26:14,967 - INFO - Extracted: Valdera - 3-Oct-24
2025-04-14 03:26:14,993 - INFO - Extracted: Visolis - 3-Oct-24
2025-04-14 03:26:15,019 - INFO - Extracted: GuRu - 2-Oct-24
2025-04-14 03:26:15,044 - INFO - Extracted: Permanent - 2-Oct-24
2025-04-14 03:26:15,068 - INFO - Extracted: Poolside - 2-Oct-24
2025-04-14 03:26:15,093 - INFO - Extracted: Pallet - 2-Oct-24
2025-04-14 03:26:15,118 - INFO - Extracted: Billables AI - 2-Oct-24
2025-04-14 03:26:15,142 - INFO - Extracted: Reducto - 2-Oct-24
2025-04-14 03:26:15,167 - INFO - Extracted: Arda Therapeutics - 1-Oct-24
2025-04-14 03:26:15,191 - INFO - Extracted: Aspect Build - 1-Oct-24
2025-04-14 03:26:15,215 - INFO - Extracted: Synedgen - 1-Oct-24
2025-04-14 03:26:15,240 - INFO - Extracted: DataPelago - 1-Oct-24
2025-04-14 03:26:15,271 - INFO - Extracted: Neeve - 30-Sep-24
2025-04-14 03:26:15,271 - INFO - Successfully extracted 20 new companies from page 15
2025-04-14 03:26:15,271 - INFO - Attempting to navigate from page 15
2025-04-14 03:26:20,957 - INFO - JavaScript verification confirmed page changed
2025-04-14 03:26:21,641 - INFO - Extracting data from page 16
2025-04-14 03:26:22,754 - INFO - Trying standard table extraction
2025-04-14 03:26:22,781 - INFO - Found 21 potential data rows
2025-04-14 03:26:22,838 - INFO - Extracted: Artisan AI - 30-Sep-24
2025-04-14 03:26:22,868 - INFO - Extracted: Gladly - 26-Sep-24
2025-04-14 03:26:22,894 - INFO - Extracted: PlayWorks - 26-Sep-24
2025-04-14 03:26:22,918 - INFO - Extracted: Bemi - 26-Sep-24
2025-04-14 03:26:22,942 - INFO - Extracted: Superb AI - 26-Sep-24
2025-04-14 03:26:22,968 - INFO - Extracted: SKY Leasing - 26-Sep-24
2025-04-14 03:26:22,993 - INFO - Extracted: AssetHub - 25-Sep-24
2025-04-14 03:26:23,018 - INFO - Extracted: Feno - 25-Sep-24
2025-04-14 03:26:23,043 - INFO - Extracted: Supabase - 25-Sep-24
2025-04-14 03:26:23,067 - INFO - Extracted: Whatfix - 25-Sep-24
2025-04-14 03:26:23,092 - INFO - Extracted: SnippetSentry - 25-Sep-24
2025-04-14 03:26:23,116 - INFO - Extracted: FluidLogic - 24-Sep-24
2025-04-14 03:26:23,140 - INFO - Extracted: Distyl AI - 24-Sep-24
2025-04-14 03:26:23,165 - INFO - Extracted: Icon Savings Plan - 24-Sep-24
2025-04-14 03:26:23,189 - INFO - Extracted: UJET - 24-Sep-24
2025-04-14 03:26:23,215 - INFO - Extracted: Anadro - 24-Sep-24
2025-04-14 03:26:23,250 - INFO - Extracted: Atlys - 24-Sep-24
2025-04-14 03:26:23,273 - INFO - Extracted: Datapad - 24-Sep-24
2025-04-14 03:26:23,297 - INFO - Extracted: Altimate AI - 23-Sep-24
2025-04-14 03:26:23,322 - INFO - Extracted: Harmonic - 23-Sep-24
2025-04-14 03:26:23,322 - INFO - Successfully extracted 20 new companies from page 16
2025-04-14 03:26:23,322 - INFO - Attempting to navigate from page 16
2025-04-14 03:26:29,173 - INFO - JavaScript verification confirmed page changed
2025-04-14 03:26:29,657 - INFO - Extracting data from page 17
2025-04-14 03:26:30,267 - INFO - Trying standard table extraction
2025-04-14 03:26:30,298 - INFO - Found 21 potential data rows
2025-04-14 03:26:30,348 - INFO - Extracted: Genome Medical - 23-Sep-24
2025-04-14 03:26:30,374 - INFO - Extracted: Hippocratic AI - 19-Sep-24
2025-04-14 03:26:30,401 - INFO - Extracted: Akia - 19-Sep-24
2025-04-14 03:26:30,425 - INFO - Extracted: Ferrum Health - 19-Sep-24
2025-04-14 03:26:30,448 - INFO - Extracted: Twelve - 19-Sep-24
2025-04-14 03:26:30,472 - INFO - Extracted: Aclima - 19-Sep-24
2025-04-14 03:26:30,495 - INFO - Extracted: AtoB - 19-Sep-24
2025-04-14 03:26:30,518 - INFO - Extracted: Picus Security - 19-Sep-24
2025-04-14 03:26:30,541 - INFO - Extracted: Oro Labs - 18-Sep-24
2025-04-14 03:26:30,567 - INFO - Extracted: Fal - 18-Sep-24
2025-04-14 03:26:30,590 - INFO - Extracted: Mercor - 18-Sep-24
2025-04-14 03:26:30,615 - INFO - Extracted: Harvest Thermal - 18-Sep-24
2025-04-14 03:26:30,639 - INFO - Extracted: CodePath - 18-Sep-24
2025-04-14 03:26:30,672 - INFO - Extracted: Hgen - 17-Sep-24
2025-04-14 03:26:30,697 - INFO - Extracted: Orb - 17-Sep-24
2025-04-14 03:26:30,722 - INFO - Extracted: Mindtrip - 17-Sep-24
2025-04-14 03:26:30,748 - INFO - Extracted: Futuro Health - 17-Sep-24
2025-04-14 03:26:30,772 - INFO - Extracted: Prof Jim - 17-Sep-24
2025-04-14 03:26:30,796 - INFO - Extracted: TeamBridge - 16-Sep-24
2025-04-14 03:26:30,822 - INFO - Extracted: World Labs - 13-Sep-24
2025-04-14 03:26:30,822 - INFO - Successfully extracted 20 new companies from page 17
2025-04-14 03:26:30,822 - INFO - Attempting to navigate from page 17
2025-04-14 03:26:36,859 - INFO - JavaScript verification confirmed page changed
2025-04-14 03:26:38,094 - INFO - Extracting data from page 18
2025-04-14 03:26:39,094 - INFO - Trying standard table extraction
2025-04-14 03:26:39,124 - INFO - Found 21 potential data rows
2025-04-14 03:26:39,176 - INFO - Extracted: Operant - 12-Sep-24
2025-04-14 03:26:39,201 - INFO - Extracted: Bounti.ai - 12-Sep-24
2025-04-14 03:26:39,225 - INFO - Extracted: Connectly.ai - 11-Sep-24
2025-04-14 03:26:39,248 - INFO - Extracted: Nostra AI - 11-Sep-24
2025-04-14 03:26:39,272 - INFO - Extracted: Candid Health - 11-Sep-24
2025-04-14 03:26:39,295 - INFO - Extracted: Polly - 10-Sep-24
2025-04-14 03:26:39,319 - INFO - Extracted: Glean - 10-Sep-24
2025-04-14 03:26:39,344 - INFO - Extracted: Reshape Automation - 10-Sep-24
2025-04-14 03:26:39,367 - INFO - Extracted: Infinium - 10-Sep-24
2025-04-14 03:26:39,390 - INFO - Extracted: Blended Technologies - 10-Sep-24
2025-04-14 03:26:39,427 - INFO - Extracted: AttoTude - 10-Sep-24
2025-04-14 03:26:39,451 - INFO - Extracted: Neurona Therapeutics - 10-Sep-24
2025-04-14 03:26:39,474 - INFO - Extracted: P0 Security - 10-Sep-24
2025-04-14 03:26:39,498 - INFO - Extracted: PIN AI - 9-Sep-24
2025-04-14 03:26:39,522 - INFO - Extracted: Race - 9-Sep-24
2025-04-14 03:26:39,546 - INFO - Extracted: OrsoBio - 6-Sep-24
2025-04-14 03:26:39,579 - INFO - Extracted: DubClub - 5-Sep-24
2025-04-14 03:26:39,606 - INFO - Extracted: Thatch - 5-Sep-24
2025-04-14 03:26:39,630 - INFO - Extracted: Drip Capital - 5-Sep-24
2025-04-14 03:26:39,653 - INFO - Extracted: Acuvity - 5-Sep-24
2025-04-14 03:26:39,653 - INFO - Successfully extracted 20 new companies from page 18
2025-04-14 03:26:39,653 - INFO - Attempting to navigate from page 18
2025-04-14 03:26:45,902 - INFO - JavaScript verification confirmed page changed
2025-04-14 03:26:46,748 - INFO - Extracting data from page 19
2025-04-14 03:26:47,156 - INFO - Trying standard table extraction
2025-04-14 03:26:47,185 - INFO - Found 21 potential data rows
2025-04-14 03:26:47,235 - INFO - Extracted: Portex - 5-Sep-24
2025-04-14 03:26:47,261 - INFO - Extracted: Agree.com - 5-Sep-24
2025-04-14 03:26:47,286 - INFO - Extracted: Fiddler AI - 5-Sep-24
2025-04-14 03:26:47,313 - INFO - Extracted: Cortex - 4-Sep-24
2025-04-14 03:26:47,338 - INFO - Extracted: ArsenalBio - 4-Sep-24
2025-04-14 03:26:47,366 - INFO - Extracted: Ceres Imaging - 4-Sep-24
2025-04-14 03:26:47,392 - INFO - Extracted: Venova Medical - 4-Sep-24
2025-04-14 03:26:47,418 - INFO - Extracted: Climax Foods - 4-Sep-24
2025-04-14 03:26:47,445 - INFO - Extracted: Flex - 4-Sep-24
2025-04-14 03:26:47,484 - INFO - Extracted: Circle Pharma - 3-Sep-24
2025-04-14 03:26:47,511 - INFO - Extracted: Segmed - 3-Sep-24
2025-04-14 03:26:47,536 - INFO - Extracted: Linea Energy - 3-Sep-24
2025-04-14 03:26:47,569 - INFO - Extracted: Gainful - 3-Sep-24
2025-04-14 03:26:47,594 - INFO - Extracted: Mintlify - 3-Sep-24
2025-04-14 03:26:47,618 - INFO - Extracted: Magic Lifescience - 3-Sep-24
2025-04-14 03:26:47,643 - INFO - Extracted: Approveit - 2-Sep-24
2025-04-14 03:26:47,667 - INFO - Extracted: Weeknd - 1-Sep-24
2025-04-14 03:26:47,692 - INFO - Extracted: Crafty Apes - 30-Aug-24
2025-04-14 03:26:47,716 - INFO - Extracted: Codeium - 29-Aug-24
2025-04-14 03:26:47,740 - INFO - Extracted: MIRIS - 29-Aug-24
2025-04-14 03:26:47,740 - INFO - Successfully extracted 20 new companies from page 19
2025-04-14 03:26:47,740 - INFO - Attempting to navigate from page 19
2025-04-14 03:26:53,707 - INFO - JavaScript verification confirmed page changed
2025-04-14 03:26:54,249 - INFO - Extracting data from page 20
2025-04-14 03:26:54,925 - INFO - Trying standard table extraction
2025-04-14 03:26:54,952 - INFO - Found 21 potential data rows
2025-04-14 03:26:55,005 - INFO - Extracted: nOps - 28-Aug-24
2025-04-14 03:26:55,033 - INFO - Extracted: Uplift Labs - 28-Aug-24
2025-04-14 03:26:55,059 - INFO - Extracted: Opus Clip - 28-Aug-24
2025-04-14 03:26:55,092 - INFO - Extracted: Bland AI - 28-Aug-24
2025-04-14 03:26:55,123 - INFO - Extracted: Noetik - 28-Aug-24
2025-04-14 03:26:55,147 - INFO - Extracted: Inventive AI - 28-Aug-24
2025-04-14 03:26:55,171 - INFO - Extracted: Linker Finance - 27-Aug-24
2025-04-14 03:26:55,195 - INFO - Extracted: ProhostAI - 27-Aug-24
2025-04-14 03:26:55,219 - INFO - Extracted: Cribl - 27-Aug-24
2025-04-14 03:26:55,243 - INFO - Extracted: Gameplay Galaxy - 27-Aug-24
2025-04-14 03:26:55,267 - INFO - Extracted: Spire Global - 27-Aug-24
2025-04-14 03:26:55,310 - INFO - Extracted: Fleet - 27-Aug-24
2025-04-14 03:26:55,337 - INFO - Extracted: just words - 27-Aug-24
2025-04-14 03:26:55,364 - INFO - Extracted: Planera - 27-Aug-24
2025-04-14 03:26:55,396 - INFO - Extracted: Clearway Energy Group - 26-Aug-24
2025-04-14 03:26:55,421 - INFO - Extracted: Tavoro - 26-Aug-24
2025-04-14 03:26:55,445 - INFO - Extracted: Accession Risk Management Group - 22-Aug-24
2025-04-14 03:26:55,470 - INFO - Extracted: Openwater - 22-Aug-24
2025-04-14 03:26:55,494 - INFO - Extracted: Scale AI - 21-Aug-24
2025-04-14 03:26:55,518 - INFO - Extracted: Kodiak Robotics - 21-Aug-24
2025-04-14 03:26:55,518 - INFO - Successfully extracted 20 new companies from page 20
2025-04-14 03:26:55,518 - INFO - Attempting to navigate from page 20
2025-04-14 03:27:01,403 - INFO - JavaScript verification confirmed page changed
2025-04-14 03:27:02,219 - INFO - Extracting data from page 21
2025-04-14 03:27:03,041 - INFO - Trying standard table extraction
2025-04-14 03:27:03,065 - INFO - Found 21 potential data rows
2025-04-14 03:27:03,123 - INFO - Extracted: Qualified Digital - 21-Aug-24
2025-04-14 03:27:03,151 - INFO - Extracted: Skyfire Systems - 21-Aug-24
2025-04-14 03:27:03,176 - INFO - Extracted: XII Medical - 21-Aug-24
2025-04-14 03:27:03,201 - INFO - Extracted: Piramidal - 21-Aug-24
2025-04-14 03:27:03,226 - INFO - Extracted: Lettuce Financial - 21-Aug-24
2025-04-14 03:27:03,252 - INFO - Extracted: Enteligent - 20-Aug-24
2025-04-14 03:27:03,277 - INFO - Extracted: Starpath Robotics - 20-Aug-24
2025-04-14 03:27:03,301 - INFO - Extracted: Kubiya.ai - 20-Aug-24
2025-04-14 03:27:03,327 - INFO - Extracted: Marathon Fusion - 20-Aug-24
2025-04-14 03:27:03,355 - INFO - Extracted: Pangeam Inc. - 20-Aug-24
2025-04-14 03:27:03,382 - INFO - Extracted: Eppo - 20-Aug-24
2025-04-14 03:27:03,406 - INFO - Extracted: Fortera - 20-Aug-24
2025-04-14 03:27:03,431 - INFO - Extracted: Exin Health - 19-Aug-24
2025-04-14 03:27:03,456 - INFO - Extracted: Fabric Cryptography - 19-Aug-24
2025-04-14 03:27:03,489 - INFO - Extracted: Ensemble AI - 15-Aug-24
2025-04-14 03:27:03,527 - INFO - Extracted: Era Finance - 15-Aug-24
2025-04-14 03:27:03,564 - INFO - Extracted: Kiteworks - 14-Aug-24
2025-04-14 03:27:03,592 - INFO - Extracted: nunu.ai - 14-Aug-24
2025-04-14 03:27:03,621 - INFO - Extracted: Moximed - 13-Aug-24
2025-04-14 03:27:03,649 - INFO - Extracted: Guidewheel - 13-Aug-24
2025-04-14 03:27:03,649 - INFO - Successfully extracted 20 new companies from page 21
2025-04-14 03:27:03,649 - INFO - Attempting to navigate from page 21
2025-04-14 03:27:09,610 - INFO - JavaScript verification confirmed page changed
2025-04-14 03:27:09,977 - INFO - Extracting data from page 22
2025-04-14 03:27:10,987 - INFO - Trying standard table extraction
2025-04-14 03:27:11,020 - INFO - Found 21 potential data rows
2025-04-14 03:27:11,077 - INFO - Extracted: Cision Vision - 13-Aug-24
2025-04-14 03:27:11,107 - INFO - Extracted: PayZen - 13-Aug-24
2025-04-14 03:27:11,133 - INFO - Extracted: Voltera - 13-Aug-24
2025-04-14 03:27:11,158 - INFO - Extracted: HeatMap, Inc - 13-Aug-24
2025-04-14 03:27:11,182 - INFO - Extracted: Cosine - 12-Aug-24
2025-04-14 03:27:11,206 - INFO - Extracted: DevRev - 9-Aug-24
2025-04-14 03:27:11,230 - INFO - Extracted: Double - 9-Aug-24
2025-04-14 03:27:11,254 - INFO - Extracted: Brisk Teaching - 9-Aug-24
2025-04-14 03:27:11,278 - INFO - Extracted: Feeling Great - 8-Aug-24
2025-04-14 03:27:11,302 - INFO - Extracted: Reforged Labs - 8-Aug-24
2025-04-14 03:27:11,327 - INFO - Extracted: Opal - 8-Aug-24
2025-04-14 03:27:11,362 - INFO - Extracted: Switchback Systems - 8-Aug-24
2025-04-14 03:27:11,390 - INFO - Extracted: Bardeen - 8-Aug-24
2025-04-14 03:27:11,413 - INFO - Extracted: Bryte - 8-Aug-24
2025-04-14 03:27:11,443 - INFO - Extracted: Ionetix - 7-Aug-24
2025-04-14 03:27:11,467 - INFO - Extracted: Anjuna - 7-Aug-24
2025-04-14 03:27:11,506 - INFO - Extracted: Flow - 7-Aug-24
2025-04-14 03:27:11,532 - INFO - Extracted: Napkin AI - 7-Aug-24
2025-04-14 03:27:11,556 - INFO - Extracted: Datch - 7-Aug-24
2025-04-14 03:27:11,581 - INFO - Extracted: Greptime - 7-Aug-24
2025-04-14 03:27:11,581 - INFO - Successfully extracted 20 new companies from page 22
2025-04-14 03:27:11,581 - INFO - Attempting to navigate from page 22
2025-04-14 03:27:17,727 - INFO - JavaScript verification confirmed page changed
2025-04-14 03:27:18,132 - INFO - Extracting data from page 23
2025-04-14 03:27:18,726 - INFO - Trying standard table extraction
2025-04-14 03:27:18,756 - INFO - Found 21 potential data rows
2025-04-14 03:27:18,804 - INFO - Extracted: Sundial - 6-Aug-24
2025-04-14 03:27:18,830 - INFO - Extracted: Mechanical Orchard - 6-Aug-24
2025-04-14 03:27:18,854 - INFO - Extracted: MentalHappy - 6-Aug-24
2025-04-14 03:27:18,878 - INFO - Extracted: Abnormal Security - 6-Aug-24
2025-04-14 03:27:18,903 - INFO - Extracted: Climatize - 6-Aug-24
2025-04-14 03:27:18,927 - INFO - Extracted: Shinobi Therapeutics - 6-Aug-24
2025-04-14 03:27:18,951 - INFO - Extracted: Curio Research - 6-Aug-24
2025-04-14 03:27:18,974 - INFO - Extracted: Muon Space - 5-Aug-24
2025-04-14 03:27:18,998 - INFO - Extracted: Groq - 5-Aug-24
2025-04-14 03:27:19,022 - INFO - Extracted: AutoComplete - 5-Aug-24
2025-04-14 03:27:19,046 - INFO - Extracted: Solarcycle - 1-Aug-24
2025-04-14 03:27:19,069 - INFO - Extracted: Hedra - 1-Aug-24
2025-04-14 03:27:19,093 - INFO - Extracted: Skillfully - 1-Aug-24
2025-04-14 03:27:19,117 - INFO - Extracted: Global Predictions - 1-Aug-24
2025-04-14 03:27:19,140 - INFO - Extracted: Tezi - 31-Jul-24
2025-04-14 03:27:19,166 - INFO - Extracted: Thumbtack - 31-Jul-24
2025-04-14 03:27:19,195 - INFO - Extracted: Swords to Plowshares - 31-Jul-24
2025-04-14 03:27:19,228 - INFO - Extracted: Ema - 31-Jul-24
2025-04-14 03:27:19,251 - INFO - Extracted: Endari - 31-Jul-24
2025-04-14 03:27:19,274 - INFO - Extracted: Streamkap - 31-Jul-24
2025-04-14 03:27:19,274 - INFO - Successfully extracted 20 new companies from page 23
2025-04-14 03:27:19,275 - INFO - Attempting to navigate from page 23
2025-04-14 03:27:24,315 - INFO - JavaScript verification confirmed page changed
2025-04-14 03:27:25,000 - INFO - Extracting data from page 24
2025-04-14 03:27:26,078 - INFO - Trying standard table extraction
2025-04-14 03:27:26,107 - INFO - Found 21 potential data rows
2025-04-14 03:27:26,156 - INFO - Extracted: Rhombus Systems - 30-Jul-24
2025-04-14 03:27:26,182 - INFO - Extracted: Credo AI - 30-Jul-24
2025-04-14 03:27:26,205 - INFO - Extracted: Montara Therapeutics - 30-Jul-24
2025-04-14 03:27:26,229 - INFO - Extracted: Haus - 30-Jul-24
2025-04-14 03:27:26,252 - INFO - Extracted: Sybill AI - 30-Jul-24
2025-04-14 03:27:26,276 - INFO - Extracted: Aviato - 30-Jul-24
2025-04-14 03:27:26,299 - INFO - Extracted: LTZ Therapeutics - 30-Jul-24
2025-04-14 03:27:26,323 - INFO - Extracted: unspun - 29-Jul-24
2025-04-14 03:27:26,347 - INFO - Extracted: OnSight - 29-Jul-24
2025-04-14 03:27:26,371 - INFO - Extracted: Rillet - 29-Jul-24
2025-04-14 03:27:26,394 - INFO - Extracted: ReviR Therapeutics - 26-Jul-24
2025-04-14 03:27:26,418 - INFO - Extracted: Cowbell - 26-Jul-24
2025-04-14 03:27:26,441 - INFO - Extracted: Imperative Care - 25-Jul-24
2025-04-14 03:27:26,465 - INFO - Extracted: IntelePeer - 25-Jul-24
2025-04-14 03:27:26,488 - INFO - Extracted: EtherWhere - 25-Jul-24
2025-04-14 03:27:26,512 - INFO - Extracted: InnerPlant - 25-Jul-24
2025-04-14 03:27:26,539 - INFO - Extracted: Vanta - 24-Jul-24
2025-04-14 03:27:26,564 - INFO - Extracted: Recurrent Energy - 24-Jul-24
2025-04-14 03:27:26,599 - INFO - Extracted: Dazz - 24-Jul-24
2025-04-14 03:27:26,623 - INFO - Extracted: Sound Health - 24-Jul-24
2025-04-14 03:27:26,623 - INFO - Successfully extracted 20 new companies from page 24
2025-04-14 03:27:26,623 - INFO - Attempting to navigate from page 24
2025-04-14 03:27:32,184 - INFO - JavaScript verification confirmed page changed
2025-04-14 03:27:33,306 - INFO - Extracting data from page 25
2025-04-14 03:27:34,150 - INFO - Trying standard table extraction
2025-04-14 03:27:34,176 - INFO - Found 21 potential data rows
2025-04-14 03:27:34,226 - INFO - Extracted: Hume Supernatural - 24-Jul-24
2025-04-14 03:27:34,252 - INFO - Extracted: Blumen Systems - 24-Jul-24
2025-04-14 03:27:34,276 - INFO - Extracted: Lakera AI - 24-Jul-24
2025-04-14 03:27:34,300 - INFO - Extracted: Astranis - 24-Jul-24
2025-04-14 03:27:34,324 - INFO - Extracted: Joy - 24-Jul-24
2025-04-14 03:27:34,350 - INFO - Extracted: Caldera - 24-Jul-24
2025-04-14 03:27:34,375 - INFO - Extracted: IncellDx - 23-Jul-24
2025-04-14 03:27:34,400 - INFO - Extracted: Powder - 23-Jul-24
2025-04-14 03:27:34,424 - INFO - Extracted: Harvey - 23-Jul-24
2025-04-14 03:27:34,449 - INFO - Extracted: Placer.ai - 23-Jul-24
2025-04-14 03:27:34,473 - INFO - Extracted: Momentum - 23-Jul-24
2025-04-14 03:27:34,497 - INFO - Extracted: SirenOpt - 23-Jul-24
2025-04-14 03:27:34,522 - INFO - Extracted: Uplimit - 23-Jul-24
2025-04-14 03:27:34,546 - INFO - Extracted: Mytra - 23-Jul-24
2025-04-14 03:27:34,570 - INFO - Extracted: Level AI - 23-Jul-24
2025-04-14 03:27:34,595 - INFO - Extracted: Alixia - 23-Jul-24
2025-04-14 03:27:34,620 - INFO - Extracted: Elly Analytics, Inc. - 22-Jul-24
2025-04-14 03:27:34,661 - INFO - Extracted: Noded Ai - 22-Jul-24
2025-04-14 03:27:34,685 - INFO - Extracted: EdgeRunner AI - 18-Jul-24
2025-04-14 03:27:34,709 - INFO - Extracted: Arrcus - 18-Jul-24
2025-04-14 03:27:34,709 - INFO - Successfully extracted 20 new companies from page 25
2025-04-14 03:27:34,709 - INFO - Attempting to navigate from page 25
2025-04-14 03:27:40,883 - INFO - JavaScript verification confirmed page changed
2025-04-14 03:27:41,756 - INFO - Extracting data from page 26
2025-04-14 03:27:43,013 - INFO - Trying standard table extraction
2025-04-14 03:27:43,042 - INFO - Found 21 potential data rows
2025-04-14 03:27:43,090 - INFO - Extracted: Juno - 18-Jul-24
2025-04-14 03:27:43,117 - INFO - Extracted: d.light - 17-Jul-24
2025-04-14 03:27:43,142 - INFO - Extracted: Human Interest - 17-Jul-24
2025-04-14 03:27:43,168 - INFO - Extracted: Caltech - 17-Jul-24
2025-04-14 03:27:43,191 - INFO - Extracted: NGM Biopharmaceuticals - 17-Jul-24
2025-04-14 03:27:43,215 - INFO - Extracted: aiXplain - 17-Jul-24
2025-04-14 03:27:43,238 - INFO - Extracted: Ohlone College - 17-Jul-24
2025-04-14 03:27:43,261 - INFO - Extracted: Slope - 17-Jul-24
2025-04-14 03:27:43,284 - INFO - Extracted: Matera - 17-Jul-24
2025-04-14 03:27:43,307 - INFO - Extracted: Solideon - 17-Jul-24
2025-04-14 03:27:43,331 - INFO - Extracted: Vectara - 16-Jul-24
2025-04-14 03:27:43,354 - INFO - Extracted: Tekion - 16-Jul-24
2025-04-14 03:27:43,377 - INFO - Extracted: The San Francisco Compute Company - 16-Jul-24
2025-04-14 03:27:43,400 - INFO - Extracted: DreamBig Semiconductor - 16-Jul-24
2025-04-14 03:27:43,425 - INFO - Extracted: Echo Chunk AI - 16-Jul-24
2025-04-14 03:27:43,449 - INFO - Extracted: Botrista Technology - 16-Jul-24
2025-04-14 03:27:43,472 - INFO - Extracted: Dusk - 16-Jul-24
2025-04-14 03:27:43,496 - INFO - Extracted: Sphere Technology Holdings - 15-Jul-24
2025-04-14 03:27:43,520 - INFO - Extracted: Halo Industries - 15-Jul-24
2025-04-14 03:27:43,553 - INFO - Extracted: NeuSpera Medical - 15-Jul-24
2025-04-14 03:27:43,553 - INFO - Successfully extracted 20 new companies from page 26
2025-04-14 03:27:43,553 - INFO - Attempting to navigate from page 26
2025-04-14 03:27:49,795 - INFO - JavaScript verification confirmed page changed
2025-04-14 03:27:50,859 - INFO - Extracting data from page 27
2025-04-14 03:27:51,343 - INFO - Trying standard table extraction
2025-04-14 03:27:51,363 - INFO - Found 21 potential data rows
2025-04-14 03:27:51,402 - INFO - Extracted: Metabase Q - 15-Jul-24
2025-04-14 03:27:51,429 - INFO - Extracted: Vivoo - 15-Jul-24
2025-04-14 03:27:51,456 - INFO - Extracted: SmarterLicense - 15-Jul-24
2025-04-14 03:27:51,489 - INFO - Extracted: Digestiva - 15-Jul-24
2025-04-14 03:27:51,516 - INFO - Extracted: Odyssey - 12-Jul-24
2025-04-14 03:27:51,545 - INFO - Extracted: Armada - 11-Jul-24
2025-04-14 03:27:51,573 - INFO - Extracted: Mantle - 10-Jul-24
2025-04-14 03:27:51,617 - INFO - Extracted: Lekko - 10-Jul-24
2025-04-14 03:27:51,646 - INFO - Extracted: Hayden AI - 10-Jul-24
2025-04-14 03:27:51,672 - INFO - Extracted: Adona Medical - 10-Jul-24
2025-04-14 03:27:51,700 - INFO - Extracted: Safe Passages - 9-Jul-24
2025-04-14 03:27:51,729 - INFO - Extracted: Valo.ai - 9-Jul-24
2025-04-14 03:27:51,769 - INFO - Extracted: Volley - 9-Jul-24
2025-04-14 03:27:51,799 - INFO - Extracted: Accend - 9-Jul-24
2025-04-14 03:27:51,937 - INFO - Extracted: NovoNutrients - 9-Jul-24
2025-04-14 03:27:51,975 - INFO - Extracted: Default - 8-Jul-24
2025-04-14 03:27:52,001 - INFO - Extracted: Cartken - 3-Jul-24
2025-04-14 03:27:52,038 - INFO - Extracted: Granza Bio - 3-Jul-24
2025-04-14 03:27:52,066 - INFO - Extracted: Frontier Energy - 2-Jul-24
2025-04-14 03:27:52,094 - INFO - Extracted: BRB APP INC - 1-Jul-24
2025-04-14 03:27:52,094 - INFO - Successfully extracted 20 new companies from page 27
2025-04-14 03:27:52,095 - INFO - Attempting to navigate from page 27
2025-04-14 03:27:57,370 - INFO - JavaScript verification confirmed page changed
2025-04-14 03:27:58,403 - INFO - Extracting data from page 28
2025-04-14 03:27:59,305 - INFO - Trying standard table extraction
2025-04-14 03:27:59,320 - INFO - Found 21 potential data rows
2025-04-14 03:27:59,353 - INFO - Extracted: UptimeAI - 1-Jul-24
2025-04-14 03:27:59,377 - INFO - Extracted: AnswerGrid - 1-Jul-24
2025-04-14 03:27:59,401 - INFO - Extracted: Senti Biosciences - 1-Jul-24
2025-04-14 03:27:59,426 - INFO - Extracted: Pivot Robots - 1-Jul-24
2025-04-14 03:27:59,450 - INFO - Extracted: Odaseva - 27-Jun-24
2025-04-14 03:27:59,475 - INFO - Extracted: Aether Fuels - 27-Jun-24
2025-04-14 03:27:59,499 - INFO - Extracted: GetReal Labs - 27-Jun-24
2025-04-14 03:27:59,523 - INFO - Extracted: Fetchflow - 27-Jun-24
2025-04-14 03:27:59,547 - INFO - Extracted: KarmaCheck - 27-Jun-24
2025-04-14 03:27:59,571 - INFO - Extracted: Clearstory.build - 27-Jun-24
2025-04-14 03:27:59,595 - INFO - Extracted: Foodsmart - 26-Jun-24
2025-04-14 03:27:59,618 - INFO - Extracted: Ario - 26-Jun-24
2025-04-14 03:27:59,646 - INFO - Extracted: Rondo Energy - 26-Jun-24
2025-04-14 03:27:59,672 - INFO - Extracted: Onehouse - 26-Jun-24
2025-04-14 03:27:59,695 - INFO - Extracted: Frontier Medicines - 25-Jun-24
2025-04-14 03:27:59,719 - INFO - Extracted: Conduit - 25-Jun-24
2025-04-14 03:27:59,743 - INFO - Extracted: Cloudian - 25-Jun-24
2025-04-14 03:27:59,766 - INFO - Extracted: Asteri AI - 25-Jun-24
2025-04-14 03:27:59,790 - INFO - Extracted: Antora Energy - 25-Jun-24
2025-04-14 03:27:59,814 - INFO - Extracted: VidAU - 25-Jun-24
2025-04-14 03:27:59,814 - INFO - Successfully extracted 20 new companies from page 28
2025-04-14 03:27:59,814 - INFO - Attempting to navigate from page 28
2025-04-14 03:28:05,904 - INFO - JavaScript verification confirmed page changed
2025-04-14 03:28:06,718 - INFO - Extracting data from page 29
2025-04-14 03:28:07,792 - INFO - Trying standard table extraction
2025-04-14 03:28:07,822 - INFO - Found 21 potential data rows
2025-04-14 03:28:07,870 - INFO - Extracted: Etched.ai - 25-Jun-24
2025-04-14 03:28:07,895 - INFO - Extracted: Sift - 25-Jun-24
2025-04-14 03:28:07,920 - INFO - Extracted: TwoStep Therapeutics - 25-Jun-24
2025-04-14 03:28:07,944 - INFO - Extracted: Opus1.io - 25-Jun-24
2025-04-14 03:28:07,968 - INFO - Extracted: Klarity - 24-Jun-24
2025-04-14 03:28:07,992 - INFO - Extracted: Tusk - 21-Jun-24
2025-04-14 03:28:08,017 - INFO - Extracted: MEandMine - 20-Jun-24
2025-04-14 03:28:08,040 - INFO - Extracted: Molten Industries - 20-Jun-24
2025-04-14 03:28:08,065 - INFO - Extracted: Aikido Technologies - 20-Jun-24
2025-04-14 03:28:08,092 - INFO - Extracted: Submix - 19-Jun-24
2025-04-14 03:28:08,115 - INFO - Extracted: Speechlab, Inc. - 19-Jun-24
2025-04-14 03:28:08,139 - INFO - Extracted: Specialized Packaging Group - 18-Jun-24
2025-04-14 03:28:08,164 - INFO - Extracted: Planted Solar - 18-Jun-24
2025-04-14 03:28:08,188 - INFO - Extracted: Promaxo - 18-Jun-24
2025-04-14 03:28:08,211 - INFO - Extracted: Sewer AI - 18-Jun-24
2025-04-14 03:28:08,234 - INFO - Extracted: Scoop Analytics - 18-Jun-24
2025-04-14 03:28:08,259 - INFO - Extracted: Loop Golf - 18-Jun-24
2025-04-14 03:28:08,283 - INFO - Extracted: Marea Therapeutics - 18-Jun-24
2025-04-14 03:28:08,307 - INFO - Extracted: Factory - 18-Jun-24
2025-04-14 03:28:08,328 - INFO - Extracted: Maxim - 18-Jun-24
2025-04-14 03:28:08,329 - INFO - Successfully extracted 20 new companies from page 29
2025-04-14 03:28:08,329 - INFO - Attempting to navigate from page 29
2025-04-14 03:28:14,425 - INFO - JavaScript verification confirmed page changed
2025-04-14 03:28:14,898 - INFO - Extracting data from page 30
2025-04-14 03:28:15,374 - INFO - Trying standard table extraction
2025-04-14 03:28:15,403 - INFO - Found 21 potential data rows
2025-04-14 03:28:15,459 - INFO - Extracted: Autify - 17-Jun-24
2025-04-14 03:28:15,486 - INFO - Extracted: Constructor - 17-Jun-24
2025-04-14 03:28:15,509 - INFO - Extracted: You.com - 17-Jun-24
2025-04-14 03:28:15,533 - INFO - Extracted: Take Homes - 17-Jun-24
2025-04-14 03:28:15,557 - INFO - Extracted: Aepnus Technology - 14-Jun-24
2025-04-14 03:28:15,582 - INFO - Extracted: Better Health - 13-Jun-24
2025-04-14 03:28:15,609 - INFO - Extracted: Viridian Space - 13-Jun-24
2025-04-14 03:28:15,633 - INFO - Extracted: Remmie - 12-Jun-24
2025-04-14 03:28:15,656 - INFO - Extracted: Canary Technologies - 12-Jun-24
2025-04-14 03:28:15,685 - INFO - Extracted: Grayce - 12-Jun-24
2025-04-14 03:28:15,709 - INFO - Extracted: InScope - 12-Jun-24
2025-04-14 03:28:15,735 - INFO - Extracted: Learn to Win - 12-Jun-24
2025-04-14 03:28:15,760 - INFO - Extracted: Tesseract Medical Research - 11-Jun-24
2025-04-14 03:28:15,786 - INFO - Extracted: Cyberhaven - 11-Jun-24
2025-04-14 03:28:15,811 - INFO - Extracted: Found - 11-Jun-24
2025-04-14 03:28:15,836 - INFO - Extracted: Youth Speaks - 11-Jun-24
2025-04-14 03:28:15,864 - INFO - Extracted: Perlumi - 11-Jun-24
2025-04-14 03:28:15,887 - INFO - Extracted: Nexus Laboratories - 10-Jun-24
2025-04-14 03:28:15,914 - INFO - Extracted: Pair Team - 10-Jun-24
2025-04-14 03:28:15,938 - INFO - Extracted: Gatik - 10-Jun-24
2025-04-14 03:28:15,938 - INFO - Successfully extracted 20 new companies from page 30
2025-04-14 03:28:15,938 - INFO - Attempting to navigate from page 30
2025-04-14 03:28:21,979 - INFO - JavaScript verification confirmed page changed
2025-04-14 03:28:23,076 - INFO - Extracting data from page 31
2025-04-14 03:28:23,498 - INFO - Trying standard table extraction
2025-04-14 03:28:23,528 - INFO - Found 21 potential data rows
2025-04-14 03:28:23,579 - INFO - Extracted: InSync - 8-Jun-24
2025-04-14 03:28:23,605 - INFO - Extracted: Prolific Machines - 7-Jun-24
2025-04-14 03:28:23,633 - INFO - Extracted: Portal AI - 7-Jun-24
2025-04-14 03:28:23,658 - INFO - Extracted: Rising Team - 6-Jun-24
2025-04-14 03:28:23,682 - INFO - Extracted: Greptile - 6-Jun-24
2025-04-14 03:28:23,705 - INFO - Extracted: bem - 6-Jun-24
2025-04-14 03:28:23,729 - INFO - Extracted: Boys & Girls Clubs of Fresno County - 6-Jun-24
2025-04-14 03:28:23,755 - INFO - Extracted: Cube Dev - 6-Jun-24
2025-04-14 03:28:23,780 - INFO - Extracted: Tobiko Data - 5-Jun-24
2025-04-14 03:28:23,805 - INFO - Extracted: Zingly - 5-Jun-24
2025-04-14 03:28:23,830 - INFO - Extracted: 100% Chiropractic - 5-Jun-24
2025-04-14 03:28:23,854 - INFO - Extracted: Pika - 5-Jun-24
2025-04-14 03:28:23,879 - INFO - Extracted: Xcimer Energy - 4-Jun-24
2025-04-14 03:28:23,905 - INFO - Extracted: Raydiant Oximetry - 4-Jun-24
2025-04-14 03:28:23,930 - INFO - Extracted: Vantage Discovery - 4-Jun-24
2025-04-14 03:28:23,954 - INFO - Extracted: Siren Biotechnology - 4-Jun-24
2025-04-14 03:28:23,979 - INFO - Extracted: SOFIE - 4-Jun-24
2025-04-14 03:28:24,002 - INFO - Extracted: AirMDR - 4-Jun-24
2025-04-14 03:28:24,027 - INFO - Extracted: Zum - 4-Jun-24
2025-04-14 03:28:24,051 - INFO - Extracted: Spike Technologies - 4-Jun-24
2025-04-14 03:28:24,051 - INFO - Successfully extracted 20 new companies from page 31
2025-04-14 03:28:24,051 - INFO - Attempting to navigate from page 31
2025-04-14 03:28:29,907 - INFO - JavaScript verification confirmed page changed
2025-04-14 03:28:30,616 - INFO - Extracting data from page 32
2025-04-14 03:28:31,491 - INFO - Trying standard table extraction
2025-04-14 03:28:31,519 - INFO - Found 21 potential data rows
2025-04-14 03:28:31,571 - INFO - Extracted: Pr√≥speros - 4-Jun-24
2025-04-14 03:28:31,595 - INFO - Extracted: Field Materials, Inc. - 4-Jun-24
2025-04-14 03:28:31,619 - INFO - Extracted: Viaduct - 4-Jun-24
2025-04-14 03:28:31,642 - INFO - Extracted: Tandem PV - 3-Jun-24
2025-04-14 03:28:31,666 - INFO - Extracted: Vimmerse - 3-Jun-24
2025-04-14 03:28:31,689 - INFO - Extracted: Ashby - 3-Jun-24
2025-04-14 03:28:31,712 - INFO - Extracted: Balance - 3-Jun-24
2025-04-14 03:28:31,736 - INFO - Extracted: Revi - 1-Jun-24
2025-04-14 03:28:31,762 - INFO - Extracted: Sprout HR - 1-Jun-24
2025-04-14 03:28:31,785 - INFO - Extracted: Point - 30-May-24
2025-04-14 03:28:31,808 - INFO - Extracted: Portside - 30-May-24
2025-04-14 03:28:31,832 - INFO - Extracted: Forward - 30-May-24
2025-04-14 03:28:31,855 - INFO - Extracted: Plural Energy - 30-May-24
2025-04-14 03:28:31,879 - INFO - Extracted: ZERO - 30-May-24
2025-04-14 03:28:31,902 - INFO - Extracted: Functional Finance - 30-May-24
2025-04-14 03:28:31,926 - INFO - Extracted: Valar Labs - 30-May-24
2025-04-14 03:28:31,949 - INFO - Extracted: BabylonChain - 30-May-24
2025-04-14 03:28:31,973 - INFO - Extracted: Plenful - 30-May-24
2025-04-14 03:28:31,998 - INFO - Extracted: TraceAir - 29-May-24
2025-04-14 03:28:32,021 - INFO - Extracted: Frore Systems - 29-May-24
2025-04-14 03:28:32,022 - INFO - Successfully extracted 20 new companies from page 32
2025-04-14 03:28:32,022 - INFO - Attempting to navigate from page 32
2025-04-14 03:28:38,226 - INFO - JavaScript verification confirmed page changed
2025-04-14 03:28:39,205 - INFO - Extracting data from page 33
2025-04-14 03:28:40,057 - INFO - Trying standard table extraction
2025-04-14 03:28:40,085 - INFO - Found 21 potential data rows
2025-04-14 03:28:40,136 - INFO - Extracted: Figma - 29-May-24
2025-04-14 03:28:40,162 - INFO - Extracted: Kinisi - 29-May-24
2025-04-14 03:28:40,186 - INFO - Extracted: App Orchid - 28-May-24
2025-04-14 03:28:40,210 - INFO - Extracted: OpsMx - 28-May-24
2025-04-14 03:28:40,234 - INFO - Extracted: LiveReach Media - 28-May-24
2025-04-14 03:28:40,257 - INFO - Extracted: Transcend - 28-May-24
2025-04-14 03:28:40,282 - INFO - Extracted: Aperture Finance - 28-May-24
2025-04-14 03:28:40,305 - INFO - Extracted: Felix - 28-May-24
2025-04-14 03:28:40,329 - INFO - Extracted: Sempera Organics - 24-May-24
2025-04-14 03:28:40,353 - INFO - Extracted: Heyday - 24-May-24
2025-04-14 03:28:40,376 - INFO - Extracted: Killington Technologies - 24-May-24
2025-04-14 03:28:40,399 - INFO - Extracted: Lumos - 23-May-24
2025-04-14 03:28:40,423 - INFO - Extracted: Userfront - 23-May-24
2025-04-14 03:28:40,448 - INFO - Extracted: Supermove - 23-May-24
2025-04-14 03:28:40,471 - INFO - Extracted: Aduro Advisors - 23-May-24
2025-04-14 03:28:40,495 - INFO - Extracted: forml - 23-May-24
2025-04-14 03:28:40,518 - INFO - Extracted: BeeHero - 23-May-24
2025-04-14 03:28:40,541 - INFO - Extracted: Founder AI - 22-May-24
2025-04-14 03:28:40,564 - INFO - Extracted: HoundDog.ai - 22-May-24
2025-04-14 03:28:40,587 - INFO - Extracted: Amino - 22-May-24
2025-04-14 03:28:40,587 - INFO - Successfully extracted 20 new companies from page 33
2025-04-14 03:28:40,587 - INFO - Attempting to navigate from page 33
2025-04-14 03:28:46,135 - INFO - JavaScript verification confirmed page changed
2025-04-14 03:28:46,641 - INFO - Extracting data from page 34
2025-04-14 03:28:47,098 - INFO - Trying standard table extraction
2025-04-14 03:28:47,128 - INFO - Found 21 potential data rows
2025-04-14 03:28:47,178 - INFO - Extracted: California Walnuts - 22-May-24
2025-04-14 03:28:47,214 - INFO - Extracted: Verse - 22-May-24
2025-04-14 03:28:47,237 - INFO - Extracted: KETOS - 21-May-24
2025-04-14 03:28:47,262 - INFO - Extracted: XGS Energy - 21-May-24
2025-04-14 03:28:47,286 - INFO - Extracted: Materna Medical - 21-May-24
2025-04-14 03:28:47,310 - INFO - Extracted: Coactive AI - 21-May-24
2025-04-14 03:28:47,337 - INFO - Extracted: AltruBio - 21-May-24
2025-04-14 03:28:47,361 - INFO - Extracted: Infinx - 21-May-24
2025-04-14 03:28:47,384 - INFO - Extracted: UberCloud - 21-May-24
2025-04-14 03:28:47,409 - INFO - Extracted: daydream Labs - 20-May-24
2025-04-14 03:28:47,433 - INFO - Extracted: UTOBO - 20-May-24
2025-04-14 03:28:47,457 - INFO - Extracted: Bedrock Materials - 16-May-24
2025-04-14 03:28:47,481 - INFO - Extracted: Tree Line Capital Partners - 16-May-24
2025-04-14 03:28:47,504 - INFO - Extracted: Sigma Computing - 16-May-24
2025-04-14 03:28:47,527 - INFO - Extracted: Alkira - 15-May-24
2025-04-14 03:28:47,551 - INFO - Extracted: MULTI¬∑ON - 15-May-24
2025-04-14 03:28:47,574 - INFO - Extracted: Recall.ai - 15-May-24
2025-04-14 03:28:47,600 - INFO - Extracted: WEKA - 15-May-24
2025-04-14 03:28:47,625 - INFO - Extracted: AtlasPro AI - 15-May-24
2025-04-14 03:28:47,649 - INFO - Extracted: LanceDB - 15-May-24
2025-04-14 03:28:47,650 - INFO - Successfully extracted 20 new companies from page 34
2025-04-14 03:28:47,650 - INFO - Attempting to navigate from page 34
2025-04-14 03:28:52,921 - INFO - JavaScript verification confirmed page changed
2025-04-14 03:28:53,885 - INFO - Extracting data from page 35
2025-04-14 03:28:55,032 - INFO - Trying standard table extraction
2025-04-14 03:28:55,061 - INFO - Found 21 potential data rows
2025-04-14 03:28:55,111 - INFO - Extracted: Layer Financial Technologies - 15-May-24
2025-04-14 03:28:55,136 - INFO - Extracted: Apriora - 15-May-24
2025-04-14 03:28:55,160 - INFO - Extracted: Dosu - 14-May-24
2025-04-14 03:28:55,196 - INFO - Extracted: Harness - 14-May-24
2025-04-14 03:28:55,219 - INFO - Extracted: Gorgias - 14-May-24
2025-04-14 03:28:55,242 - INFO - Extracted: Glydways - 14-May-24
2025-04-14 03:28:55,266 - INFO - Extracted: Anthropos - 14-May-24
2025-04-14 03:28:55,289 - INFO - Extracted: The Fresno Area Hispanic Foundation - 14-May-24
2025-04-14 03:28:55,313 - INFO - Extracted: Orange Charger - 14-May-24
2025-04-14 03:28:55,336 - INFO - Extracted: Curve Biosciences - 13-May-24
2025-04-14 03:28:55,360 - INFO - Extracted: Mitra Chem - 13-May-24
2025-04-14 03:28:55,383 - INFO - Extracted: ChainML - 13-May-24
2025-04-14 03:28:55,407 - INFO - Extracted: The Bot Company - 13-May-24
2025-04-14 03:28:55,431 - INFO - Extracted: Triomics - 9-May-24
2025-04-14 03:28:55,454 - INFO - Extracted: Plenty - 9-May-24
2025-04-14 03:28:55,478 - INFO - Extracted: Q'Apel Medical - 9-May-24
2025-04-14 03:28:55,501 - INFO - Extracted: Bluejay Therapeutics - 9-May-24
2025-04-14 03:28:55,526 - INFO - Extracted: Altera - 8-May-24
2025-04-14 03:28:55,550 - INFO - Extracted: DatologyAI - 8-May-24
2025-04-14 03:28:55,573 - INFO - Extracted: 4L Data Intelligence - 8-May-24
2025-04-14 03:28:55,573 - INFO - Successfully extracted 20 new companies from page 35
2025-04-14 03:28:55,573 - INFO - Attempting to navigate from page 35
2025-04-14 03:29:00,670 - INFO - JavaScript verification confirmed page changed
2025-04-14 03:29:01,646 - INFO - Extracting data from page 36
2025-04-14 03:29:02,813 - INFO - Trying standard table extraction
2025-04-14 03:29:02,842 - INFO - Found 21 potential data rows
2025-04-14 03:29:02,893 - INFO - Extracted: ChangeEngine - 8-May-24
2025-04-14 03:29:02,919 - INFO - Extracted: Voyage Foods - 8-May-24
2025-04-14 03:29:02,942 - INFO - Extracted: Rad AI - 7-May-24
2025-04-14 03:29:02,967 - INFO - Extracted: Trust for Public Land - 7-May-24
2025-04-14 03:29:03,002 - INFO - Extracted: Saved By Nature - 7-May-24
2025-04-14 03:29:03,027 - INFO - Extracted: Composabl - 7-May-24
2025-04-14 03:29:03,053 - INFO - Extracted: Plan By - 7-May-24
2025-04-14 03:29:03,077 - INFO - Extracted: iFrameAI Health - 7-May-24
2025-04-14 03:29:03,100 - INFO - Extracted: Justice Outside - 7-May-24
2025-04-14 03:29:03,124 - INFO - Extracted: Anetac - 6-May-24
2025-04-14 03:29:03,150 - INFO - Extracted: Sagetap - 6-May-24
2025-04-14 03:29:03,175 - INFO - Extracted: Karius - 2-May-24
2025-04-14 03:29:03,198 - INFO - Extracted: Altruist - 2-May-24
2025-04-14 03:29:03,222 - INFO - Extracted: Paragraph - 2-May-24
2025-04-14 03:29:03,247 - INFO - Extracted: Transcarent - 2-May-24
2025-04-14 03:29:03,270 - INFO - Extracted: Mimic - 2-May-24
2025-04-14 03:29:03,295 - INFO - Extracted: Boys & Girls Club of Silicon Valley - 2-May-24
2025-04-14 03:29:03,318 - INFO - Extracted: CellChorus - 2-May-24
2025-04-14 03:29:03,341 - INFO - Extracted: Ex-human - 2-May-24
2025-04-14 03:29:03,365 - INFO - Extracted: Securitize - 1-May-24
2025-04-14 03:29:03,365 - INFO - Successfully extracted 20 new companies from page 36
2025-04-14 03:29:03,365 - INFO - Attempting to navigate from page 36
2025-04-14 03:29:08,390 - INFO - JavaScript verification confirmed page changed
2025-04-14 03:29:09,082 - INFO - Extracting data from page 37
2025-04-14 03:29:10,332 - INFO - Trying standard table extraction
2025-04-14 03:29:10,363 - INFO - Found 21 potential data rows
2025-04-14 03:29:10,414 - INFO - Extracted: Peregrine Technologies - 1-May-24
2025-04-14 03:29:10,441 - INFO - Extracted: Traceable - 1-May-24
2025-04-14 03:29:10,468 - INFO - Extracted: Dodgeball - 1-May-24
2025-04-14 03:29:10,498 - INFO - Extracted: Corelight - 30-Apr-24
2025-04-14 03:29:10,523 - INFO - Extracted: Ansa - 30-Apr-24
2025-04-14 03:29:10,556 - INFO - Extracted: Pakal Technologies - 30-Apr-24
2025-04-14 03:29:10,580 - INFO - Extracted: Inhabitr - 30-Apr-24
2025-04-14 03:29:10,603 - INFO - Extracted: SafeBase - 30-Apr-24
2025-04-14 03:29:10,629 - INFO - Extracted: PsiQuantum - 30-Apr-24
2025-04-14 03:29:10,653 - INFO - Extracted: Surf Bio - 30-Apr-24
2025-04-14 03:29:10,676 - INFO - Extracted: Seam AI - 30-Apr-24
2025-04-14 03:29:10,700 - INFO - Extracted: Blend - 29-Apr-24
2025-04-14 03:29:10,723 - INFO - Extracted: Taiki - 29-Apr-24
2025-04-14 03:29:10,747 - INFO - Extracted: Elisity - 29-Apr-24
2025-04-14 03:29:10,769 - INFO - Extracted: Thintronics - 29-Apr-24
2025-04-14 03:29:10,794 - INFO - Extracted: RevenueCat - 25-Apr-24
2025-04-14 03:29:10,818 - INFO - Extracted: Movement Labs - 25-Apr-24
2025-04-14 03:29:10,842 - INFO - Extracted: Centro Community Partners - 25-Apr-24
2025-04-14 03:29:10,865 - INFO - Extracted: Log10 - 24-Apr-24
2025-04-14 03:29:10,888 - INFO - Extracted: Midi Health - 24-Apr-24
2025-04-14 03:29:10,888 - INFO - Successfully extracted 20 new companies from page 37
2025-04-14 03:29:10,888 - INFO - Attempting to navigate from page 37
2025-04-14 03:29:16,978 - INFO - JavaScript verification confirmed page changed
2025-04-14 03:29:18,076 - INFO - Extracting data from page 38
2025-04-14 03:29:19,224 - INFO - Trying standard table extraction
2025-04-14 03:29:19,253 - INFO - Found 21 potential data rows
2025-04-14 03:29:19,303 - INFO - Extracted: Faura - 24-Apr-24
2025-04-14 03:29:19,328 - INFO - Extracted: Augment - 24-Apr-24
2025-04-14 03:29:19,351 - INFO - Extracted: Anon - 24-Apr-24
2025-04-14 03:29:19,374 - INFO - Extracted: Cognition - 24-Apr-24
2025-04-14 03:29:19,401 - INFO - Extracted: Amplifier Security - 24-Apr-24
2025-04-14 03:29:19,429 - INFO - Extracted: Clueso - 24-Apr-24
2025-04-14 03:29:19,465 - INFO - Extracted: Xaira Therapeutics - 23-Apr-24
2025-04-14 03:29:19,488 - INFO - Extracted: Framework - 23-Apr-24
2025-04-14 03:29:19,512 - INFO - Extracted: Campus - 23-Apr-24
2025-04-14 03:29:19,535 - INFO - Extracted: Prophet Security - 23-Apr-24
2025-04-14 03:29:19,560 - INFO - Extracted: Clarity Pediatrics - 22-Apr-24
2025-04-14 03:29:19,583 - INFO - Extracted: Pomelo - 22-Apr-24
2025-04-14 03:29:19,607 - INFO - Extracted: Superinsight - 22-Apr-24
2025-04-14 03:29:19,639 - INFO - Extracted: Observe - 22-Apr-24
2025-04-14 03:29:19,666 - INFO - Extracted: Rubedo Life Sciences - 22-Apr-24
2025-04-14 03:29:19,689 - INFO - Extracted: BuildCasa - 19-Apr-24
2025-04-14 03:29:19,713 - INFO - Extracted: XFactor - 18-Apr-24
2025-04-14 03:29:19,736 - INFO - Extracted: Clazar - 18-Apr-24
2025-04-14 03:29:19,760 - INFO - Extracted: Verne - 18-Apr-24
2025-04-14 03:29:19,784 - INFO - Extracted: Anvilogic - 17-Apr-24
2025-04-14 03:29:19,784 - INFO - Successfully extracted 20 new companies from page 38
2025-04-14 03:29:19,784 - INFO - Attempting to navigate from page 38
2025-04-14 03:29:25,157 - INFO - JavaScript verification confirmed page changed
2025-04-14 03:29:25,769 - INFO - Extracting data from page 39
2025-04-14 03:29:26,258 - INFO - Trying standard table extraction
2025-04-14 03:29:26,286 - INFO - Found 21 potential data rows
2025-04-14 03:29:26,336 - INFO - Extracted: Vorlon - 17-Apr-24
2025-04-14 03:29:26,361 - INFO - Extracted: Quilt - 16-Apr-24
2025-04-14 03:29:26,385 - INFO - Extracted: Powerbroker AI - 16-Apr-24
2025-04-14 03:29:26,408 - INFO - Extracted: Asher Bio - 16-Apr-24
2025-04-14 03:29:26,433 - INFO - Extracted: Rivos - 16-Apr-24
2025-04-14 03:29:26,455 - INFO - Extracted: Two Chairs - 16-Apr-24
2025-04-14 03:29:26,479 - INFO - Extracted: Ripcord - 16-Apr-24
2025-04-14 03:29:26,513 - INFO - Extracted: Loft Labs - 16-Apr-24
2025-04-14 03:29:26,536 - INFO - Extracted: Common Sense Privacy - 15-Apr-24
2025-04-14 03:29:26,560 - INFO - Extracted: Paraform - 15-Apr-24
2025-04-14 03:29:26,584 - INFO - Extracted: Clientell - 15-Apr-24
2025-04-14 03:29:26,608 - INFO - Extracted: Integral Health - 15-Apr-24
2025-04-14 03:29:26,633 - INFO - Extracted: Writ - 11-Apr-24
2025-04-14 03:29:26,657 - INFO - Extracted: Simbian - 11-Apr-24
2025-04-14 03:29:26,681 - INFO - Extracted: Anrok - 11-Apr-24
2025-04-14 03:29:26,705 - INFO - Extracted: Symbolica AI - 9-Apr-24
2025-04-14 03:29:26,729 - INFO - Extracted: JARS AI - 8-Apr-24
2025-04-14 03:29:26,752 - INFO - Extracted: Windfall Bio - 8-Apr-24
2025-04-14 03:29:26,775 - INFO - Extracted: MODE - 8-Apr-24
2025-04-14 03:29:26,798 - INFO - Extracted: Varda - 5-Apr-24
2025-04-14 03:29:26,798 - INFO - Successfully extracted 20 new companies from page 39
2025-04-14 03:29:26,798 - INFO - Attempting to navigate from page 39
2025-04-14 03:29:32,135 - INFO - JavaScript verification confirmed page changed
2025-04-14 03:29:32,788 - INFO - Extracting data from page 40
2025-04-14 03:29:34,029 - INFO - Trying standard table extraction
2025-04-14 03:29:34,060 - INFO - Found 21 potential data rows
2025-04-14 03:29:34,113 - INFO - Extracted: Enable Biosciences - 4-Apr-24
2025-04-14 03:29:34,138 - INFO - Extracted: SiMa.ai - 4-Apr-24
2025-04-14 03:29:34,162 - INFO - Extracted: Lambda - 4-Apr-24
2025-04-14 03:29:34,186 - INFO - Extracted: YonedaLabs - 4-Apr-24
2025-04-14 03:29:34,211 - INFO - Extracted: Coalesce Automation - 4-Apr-24
2025-04-14 03:29:34,237 - INFO - Extracted: Scritch - 3-Apr-24
2025-04-14 03:29:34,261 - INFO - Extracted: nCompass Technologies - 3-Apr-24
2025-04-14 03:29:34,285 - INFO - Extracted: Trieve - 3-Apr-24
2025-04-14 03:29:34,309 - INFO - Extracted: DryMerge - 3-Apr-24
2025-04-14 03:29:34,347 - INFO - Extracted: Permiso Security - 3-Apr-24
2025-04-14 03:29:34,370 - INFO - Extracted: Mango Health - 3-Apr-24
2025-04-14 03:29:34,394 - INFO - Extracted: ion design - 3-Apr-24
2025-04-14 03:29:34,418 - INFO - Extracted: Numo - 3-Apr-24
2025-04-14 03:29:34,441 - INFO - Extracted: Celest - 3-Apr-24
2025-04-14 03:29:34,465 - INFO - Extracted: Higgsfield - 3-Apr-24
2025-04-14 03:29:34,489 - INFO - Extracted: OpenFoundry - 3-Apr-24
2025-04-14 03:29:34,514 - INFO - Extracted: Arch0 - 3-Apr-24
2025-04-14 03:29:34,538 - INFO - Extracted: Trellis - 3-Apr-24
2025-04-14 03:29:34,564 - INFO - Extracted: PointOne Technologies - 3-Apr-24
2025-04-14 03:29:34,588 - INFO - Extracted: Attunement - 3-Apr-24
2025-04-14 03:29:34,588 - INFO - Successfully extracted 20 new companies from page 40
2025-04-14 03:29:34,588 - INFO - Attempting to navigate from page 40
2025-04-14 03:29:40,145 - INFO - JavaScript verification confirmed page changed
2025-04-14 03:29:41,008 - INFO - Extracting data from page 41
2025-04-14 03:29:42,213 - INFO - Trying standard table extraction
2025-04-14 03:29:42,243 - INFO - Found 21 potential data rows
2025-04-14 03:29:42,290 - INFO - Extracted: ego - 3-Apr-24
2025-04-14 03:29:42,317 - INFO - Extracted: Retell AI - 3-Apr-24
2025-04-14 03:29:42,346 - INFO - Extracted: Paradigm - 3-Apr-24
2025-04-14 03:29:42,371 - INFO - Extracted: SiftHub - 3-Apr-24
2025-04-14 03:29:42,401 - INFO - Extracted: Atopile - 3-Apr-24
2025-04-14 03:29:42,426 - INFO - Extracted: Hemingway - 3-Apr-24
2025-04-14 03:29:42,451 - INFO - Extracted: MAIHEM - 3-Apr-24
2025-04-14 03:29:42,475 - INFO - Extracted: Airfront - 3-Apr-24
2025-04-14 03:29:42,500 - INFO - Extracted: Maia - 3-Apr-24
2025-04-14 03:29:42,539 - INFO - Extracted: Nuanced - 3-Apr-24
2025-04-14 03:29:42,565 - INFO - Extracted: Lantern - 3-Apr-24
2025-04-14 03:29:42,590 - INFO - Extracted: Patchwork - 3-Apr-24
2025-04-14 03:29:42,618 - INFO - Extracted: Roe AI - 3-Apr-24
2025-04-14 03:29:42,646 - INFO - Extracted: Creo - 3-Apr-24
2025-04-14 03:29:42,669 - INFO - Extracted: Precip - 3-Apr-24
2025-04-14 03:29:42,693 - INFO - Extracted: CloudCruise - 3-Apr-24
2025-04-14 03:29:42,718 - INFO - Extracted: Intercept - 3-Apr-24
2025-04-14 03:29:42,742 - INFO - Extracted: Duckie - 3-Apr-24
2025-04-14 03:29:42,764 - INFO - Extracted: Swift - 3-Apr-24
2025-04-14 03:29:42,787 - INFO - Extracted: Resonance - 3-Apr-24
2025-04-14 03:29:42,787 - INFO - Successfully extracted 20 new companies from page 41
2025-04-14 03:29:42,787 - INFO - Attempting to navigate from page 41
2025-04-14 03:29:48,663 - INFO - JavaScript verification confirmed page changed
2025-04-14 03:29:49,916 - INFO - Extracting data from page 42
2025-04-14 03:29:50,579 - INFO - Trying standard table extraction
2025-04-14 03:29:50,608 - INFO - Found 21 potential data rows
2025-04-14 03:29:50,659 - INFO - Extracted: Yondu - 3-Apr-24
2025-04-14 03:29:50,685 - INFO - Extracted: Ecliptor - 3-Apr-24
2025-04-14 03:29:50,708 - INFO - Extracted: Assembly - 3-Apr-24
2025-04-14 03:29:50,732 - INFO - Extracted: Parasale - 3-Apr-24
2025-04-14 03:29:50,757 - INFO - Extracted: PartnerHQ - 3-Apr-24
2025-04-14 03:29:50,781 - INFO - Extracted: Kabilah - 3-Apr-24
2025-04-14 03:29:50,805 - INFO - Extracted: Relari - 3-Apr-24
2025-04-14 03:29:50,830 - INFO - Extracted: Momentic - 3-Apr-24
2025-04-14 03:29:50,855 - INFO - Extracted: Glimmer - 3-Apr-24
2025-04-14 03:29:50,878 - INFO - Extracted: Homebase - 3-Apr-24
2025-04-14 03:29:50,923 - INFO - Extracted: Centralize - 3-Apr-24
2025-04-14 03:29:50,951 - INFO - Extracted: Aidy - 3-Apr-24
2025-04-14 03:29:50,973 - INFO - Extracted: Buster - 3-Apr-24
2025-04-14 03:29:50,997 - INFO - Extracted: Meticulate - 3-Apr-24
2025-04-14 03:29:51,021 - INFO - Extracted: RadMate AI - 3-Apr-24
2025-04-14 03:29:51,045 - INFO - Extracted: Quantic - 3-Apr-24
2025-04-14 03:29:51,069 - INFO - Extracted: Okapi - 3-Apr-24
2025-04-14 03:29:51,097 - INFO - Extracted: Aether Energy - 3-Apr-24
2025-04-14 03:29:51,120 - INFO - Extracted: Decipher AI - 3-Apr-24
2025-04-14 03:29:51,144 - INFO - Extracted: Modal.io - 2-Apr-24
2025-04-14 03:29:51,144 - INFO - Successfully extracted 20 new companies from page 42
2025-04-14 03:29:51,144 - INFO - Attempting to navigate from page 42
2025-04-14 03:29:57,030 - INFO - JavaScript verification confirmed page changed
2025-04-14 03:29:57,433 - INFO - Extracting data from page 43
2025-04-14 03:29:58,012 - INFO - Trying standard table extraction
2025-04-14 03:29:58,038 - INFO - Found 21 potential data rows
2025-04-14 03:29:58,088 - INFO - Extracted: BurnBot - 2-Apr-24
2025-04-14 03:29:58,114 - INFO - Extracted: HelicitySpace - 2-Apr-24
2025-04-14 03:29:58,136 - INFO - Extracted: SESO - 2-Apr-24
2025-04-14 03:29:58,162 - INFO - Extracted: Lumana - 2-Apr-24
2025-04-14 03:29:58,187 - INFO - Extracted: Delivery Collective - 2-Apr-24
2025-04-14 03:29:58,210 - INFO - Extracted: Meedan - 2-Apr-24
2025-04-14 03:29:58,236 - INFO - Extracted: NobleAI - 2-Apr-24
2025-04-14 03:29:58,259 - INFO - Extracted: Allermi - 1-Apr-24
2025-04-14 03:29:58,283 - INFO - Extracted: BioConsortia - 1-Apr-24
2025-04-14 03:29:58,306 - INFO - Extracted: Skyflow - 28-Mar-24
2025-04-14 03:29:58,331 - INFO - Extracted: Vizcom - 28-Mar-24
2025-04-14 03:29:58,366 - INFO - Extracted: Float Health - 28-Mar-24
2025-04-14 03:29:58,390 - INFO - Extracted: Spintly - 28-Mar-24
2025-04-14 03:29:58,413 - INFO - Extracted: Aeovian Pharmaceuticals - 28-Mar-24
2025-04-14 03:29:58,437 - INFO - Extracted: ValidMind - 27-Mar-24
2025-04-14 03:29:58,462 - INFO - Extracted: Ensis - 27-Mar-24
2025-04-14 03:29:58,486 - INFO - Extracted: YourChoice Therapeutics - 27-Mar-24
2025-04-14 03:29:58,509 - INFO - Extracted: TurbineOne - 27-Mar-24
2025-04-14 03:29:58,533 - INFO - Extracted: JobPixel - 27-Mar-24
2025-04-14 03:29:58,557 - INFO - Extracted: OneNotary - 26-Mar-24
2025-04-14 03:29:58,558 - INFO - Successfully extracted 20 new companies from page 43
2025-04-14 03:29:58,558 - INFO - Attempting to navigate from page 43
2025-04-14 03:30:04,365 - INFO - JavaScript verification confirmed page changed
2025-04-14 03:30:05,279 - INFO - Extracting data from page 44
2025-04-14 03:30:05,824 - INFO - Trying standard table extraction
2025-04-14 03:30:05,853 - INFO - Found 21 potential data rows
2025-04-14 03:30:05,899 - INFO - Extracted: Fieldguide - 26-Mar-24
2025-04-14 03:30:05,924 - INFO - Extracted: Brightside Health - 26-Mar-24
2025-04-14 03:30:05,948 - INFO - Extracted: Picogrid - 26-Mar-24
2025-04-14 03:30:05,971 - INFO - Extracted: OpenPipe - 26-Mar-24
2025-04-14 03:30:05,995 - INFO - Extracted: ionobell - 26-Mar-24
2025-04-14 03:30:06,018 - INFO - Extracted: Activeloop - 26-Mar-24
2025-04-14 03:30:06,044 - INFO - Extracted: Bedrock Security - 26-Mar-24
2025-04-14 03:30:06,069 - INFO - Extracted: Charlee.ai - 25-Mar-24
2025-04-14 03:30:06,093 - INFO - Extracted: Propel - 25-Mar-24
2025-04-14 03:30:06,117 - INFO - Extracted: Circular.co - 25-Mar-24
2025-04-14 03:30:06,140 - INFO - Extracted: Profluent Bio - 21-Mar-24
2025-04-14 03:30:06,164 - INFO - Extracted: Espresso Systems - 21-Mar-24
2025-04-14 03:30:06,188 - INFO - Extracted: Ediphi - 21-Mar-24
2025-04-14 03:30:06,225 - INFO - Extracted: Foundry - 21-Mar-24
2025-04-14 03:30:06,249 - INFO - Extracted: Tarsal - 21-Mar-24
2025-04-14 03:30:06,272 - INFO - Extracted: Buzz Solutions - 20-Mar-24
2025-04-14 03:30:06,295 - INFO - Extracted: Airmyne - 20-Mar-24
2025-04-14 03:30:06,319 - INFO - Extracted: Mermaid Chart - 20-Mar-24
2025-04-14 03:30:06,342 - INFO - Extracted: Euno - 19-Mar-24
2025-04-14 03:30:06,365 - INFO - Extracted: RapidFire AI - 19-Mar-24
2025-04-14 03:30:06,365 - INFO - Successfully extracted 20 new companies from page 44
2025-04-14 03:30:06,365 - INFO - Attempting to navigate from page 44
2025-04-14 03:30:12,242 - INFO - JavaScript verification confirmed page changed
2025-04-14 03:30:12,622 - INFO - Extracting data from page 45
2025-04-14 03:30:13,076 - INFO - Trying standard table extraction
2025-04-14 03:30:13,103 - INFO - Found 21 potential data rows
2025-04-14 03:30:13,154 - INFO - Extracted: EKA Solutions - 19-Mar-24
2025-04-14 03:30:13,180 - INFO - Extracted: Lumino - 19-Mar-24
2025-04-14 03:30:13,203 - INFO - Extracted: Chambr - 18-Mar-24
2025-04-14 03:30:13,226 - INFO - Extracted: Carbonated - 15-Mar-24
2025-04-14 03:30:13,251 - INFO - Extracted: Unstructured Technologies - 14-Mar-24
2025-04-14 03:30:13,275 - INFO - Extracted: Omni - 14-Mar-24
2025-04-14 03:30:13,299 - INFO - Extracted: inDrive - 14-Mar-24
2025-04-14 03:30:13,322 - INFO - Extracted: Lily AI - 14-Mar-24
2025-04-14 03:30:13,345 - INFO - Extracted: Horizon Treatment Services - 14-Mar-24
2025-04-14 03:30:13,368 - INFO - Extracted: Vertosa - 14-Mar-24
2025-04-14 03:30:13,392 - INFO - Extracted: Clique - 14-Mar-24
2025-04-14 03:30:13,415 - INFO - Extracted: Sierra Gold Nurseries - 14-Mar-24
2025-04-14 03:30:13,439 - INFO - Extracted: Orbillion Bio - 14-Mar-24
2025-04-14 03:30:13,462 - INFO - Extracted: Redcoat AI - 14-Mar-24
2025-04-14 03:30:13,500 - INFO - Extracted: Assort Health - 14-Mar-24
2025-04-14 03:30:13,523 - INFO - Extracted: Deep Origin - 13-Mar-24
2025-04-14 03:30:13,546 - INFO - Extracted: LiveKit - 13-Mar-24
2025-04-14 03:30:13,569 - INFO - Extracted: Voxeleron - 13-Mar-24
2025-04-14 03:30:13,592 - INFO - Extracted: Nozomi Networks - 13-Mar-24
2025-04-14 03:30:13,616 - INFO - Extracted: Fermat Commerce - 13-Mar-24
2025-04-14 03:30:13,616 - INFO - Successfully extracted 20 new companies from page 45
2025-04-14 03:30:13,616 - INFO - Attempting to navigate from page 45
2025-04-14 03:30:19,743 - INFO - JavaScript verification confirmed page changed
2025-04-14 03:30:20,625 - INFO - Extracting data from page 46
2025-04-14 03:30:21,092 - INFO - Trying standard table extraction
2025-04-14 03:30:21,120 - INFO - Found 21 potential data rows
2025-04-14 03:30:21,169 - INFO - Extracted: Astronuts - 13-Mar-24
2025-04-14 03:30:21,195 - INFO - Extracted: eDNA Explorer - 13-Mar-24
2025-04-14 03:30:21,217 - INFO - Extracted: Big Sur AI - 13-Mar-24
2025-04-14 03:30:21,240 - INFO - Extracted: HalseyPoint Asset Management - 13-Mar-24
2025-04-14 03:30:21,264 - INFO - Extracted: Luminary Cloud - 13-Mar-24
2025-04-14 03:30:21,288 - INFO - Extracted: Furno - 13-Mar-24
2025-04-14 03:30:21,311 - INFO - Extracted: Smartschool - 13-Mar-24
2025-04-14 03:30:21,335 - INFO - Extracted: NanoNets - 12-Mar-24
2025-04-14 03:30:21,359 - INFO - Extracted: Amara Organic Foods - 12-Mar-24
2025-04-14 03:30:21,382 - INFO - Extracted: Vouch - 11-Mar-24
2025-04-14 03:30:21,405 - INFO - Extracted: Forest Neurotech - 11-Mar-24
2025-04-14 03:30:21,429 - INFO - Extracted: Applied Intuition - 11-Mar-24
2025-04-14 03:30:21,452 - INFO - Extracted: Bear Robotics - 11-Mar-24
2025-04-14 03:30:21,475 - INFO - Extracted: Key - 11-Mar-24
2025-04-14 03:30:21,511 - INFO - Extracted: Eigen Therapeutics - 11-Mar-24
2025-04-14 03:30:21,534 - INFO - Extracted: RealSeq Biosciences - 11-Mar-24
2025-04-14 03:30:21,559 - INFO - Extracted: Eclipse - 11-Mar-24
2025-04-14 03:30:21,582 - INFO - Extracted: Foundation Health - 11-Mar-24
2025-04-14 03:30:21,605 - INFO - Extracted: Huski.ai - 8-Mar-24
2025-04-14 03:30:21,631 - INFO - Extracted: Ondas Networks - 8-Mar-24
2025-04-14 03:30:21,631 - INFO - Successfully extracted 20 new companies from page 46
2025-04-14 03:30:21,631 - INFO - Attempting to navigate from page 46
2025-04-14 03:30:27,028 - INFO - JavaScript verification confirmed page changed
2025-04-14 03:30:28,205 - INFO - Extracting data from page 47
2025-04-14 03:30:29,474 - INFO - Trying standard table extraction
2025-04-14 03:30:29,504 - INFO - Found 21 potential data rows
2025-04-14 03:30:29,555 - INFO - Extracted: NeuroAge Therapeutics - 7-Mar-24
2025-04-14 03:30:29,580 - INFO - Extracted: Neural Propulsion Systems - 7-Mar-24
2025-04-14 03:30:29,604 - INFO - Extracted: Best Day Brewing - 7-Mar-24
2025-04-14 03:30:29,629 - INFO - Extracted: Reach Security - 7-Mar-24
2025-04-14 03:30:29,653 - INFO - Extracted: Brevian - 7-Mar-24
2025-04-14 03:30:29,676 - INFO - Extracted: Alumis - 6-Mar-24
2025-04-14 03:30:29,702 - INFO - Extracted: Abstract - 6-Mar-24
2025-04-14 03:30:29,727 - INFO - Extracted: Altro (fka Perch) - 6-Mar-24
2025-04-14 03:30:29,751 - INFO - Extracted: Remofirst - 6-Mar-24
2025-04-14 03:30:29,774 - INFO - Extracted: Proof of Impact - 6-Mar-24
2025-04-14 03:30:29,798 - INFO - Extracted: Firewall - 6-Mar-24
2025-04-14 03:30:29,821 - INFO - Extracted: Glacier - 6-Mar-24
2025-04-14 03:30:29,845 - INFO - Extracted: Jabali - 6-Mar-24
2025-04-14 03:30:29,869 - INFO - Extracted: Dtex Systems - 5-Mar-24
2025-04-14 03:30:29,892 - INFO - Extracted: Ubicloud - 5-Mar-24
2025-04-14 03:30:29,928 - INFO - Extracted: Openprise - 5-Mar-24
2025-04-14 03:30:29,953 - INFO - Extracted: appCD - 5-Mar-24
2025-04-14 03:30:29,976 - INFO - Extracted: RIOS - 5-Mar-24
2025-04-14 03:30:30,003 - INFO - Extracted: Baseten - 4-Mar-24
2025-04-14 03:30:30,036 - INFO - Extracted: GALY - 4-Mar-24
2025-04-14 03:30:30,037 - INFO - Successfully extracted 20 new companies from page 47
2025-04-14 03:30:30,037 - INFO - Attempting to navigate from page 47
2025-04-14 03:30:35,093 - INFO - JavaScript verification confirmed page changed
2025-04-14 03:30:36,249 - INFO - Extracting data from page 48
2025-04-14 03:30:37,152 - INFO - Trying standard table extraction
2025-04-14 03:30:37,168 - INFO - Found 21 potential data rows
2025-04-14 03:30:37,215 - INFO - Extracted: Headlands Research - 4-Mar-24
2025-04-14 03:30:37,243 - INFO - Extracted: treet - 4-Mar-24
2025-04-14 03:30:37,266 - INFO - Extracted: Entrada - 4-Mar-24
2025-04-14 03:30:37,290 - INFO - Extracted: Momentous - 29-Feb-24
2025-04-14 03:30:37,314 - INFO - Extracted: FirstHive - 29-Feb-24
2025-04-14 03:30:37,337 - INFO - Extracted: Elemeno Health - 29-Feb-24
2025-04-14 03:30:37,361 - INFO - Extracted: PawCo Foods - 29-Feb-24
2025-04-14 03:30:37,384 - INFO - Extracted: BioCorRx - 28-Feb-24
2025-04-14 03:30:37,407 - INFO - Extracted: Range Energy - 28-Feb-24
2025-04-14 03:30:37,431 - INFO - Extracted: BloomTech - 28-Feb-24
2025-04-14 03:30:37,455 - INFO - Extracted: Backpack - 28-Feb-24
2025-04-14 03:30:37,478 - INFO - Extracted: Mineprism Inc. - 28-Feb-24
2025-04-14 03:30:37,503 - INFO - Extracted: Parspec - 27-Feb-24
2025-04-14 03:30:37,526 - INFO - Extracted: Catch+Release - 27-Feb-24
2025-04-14 03:30:37,551 - INFO - Extracted: MoneyHash - 27-Feb-24
2025-04-14 03:30:37,595 - INFO - Extracted: Reo.Dev - 27-Feb-24
2025-04-14 03:30:37,621 - INFO - Extracted: Campfire - 27-Feb-24
2025-04-14 03:30:37,645 - INFO - Extracted: Axiom Cloud - 27-Feb-24
2025-04-14 03:30:37,668 - INFO - Extracted: Inkitt - 27-Feb-24
2025-04-14 03:30:37,691 - INFO - Extracted: EPRI - 26-Feb-24
2025-04-14 03:30:37,691 - INFO - Successfully extracted 20 new companies from page 48
2025-04-14 03:30:37,691 - INFO - Attempting to navigate from page 48
2025-04-14 03:30:43,405 - INFO - JavaScript verification confirmed page changed
2025-04-14 03:30:44,110 - INFO - Extracting data from page 49
2025-04-14 03:30:44,913 - INFO - Trying standard table extraction
2025-04-14 03:30:44,941 - INFO - Found 21 potential data rows
2025-04-14 03:30:44,990 - INFO - Extracted: Alamar Biosciences - 26-Feb-24
2025-04-14 03:30:45,017 - INFO - Extracted: FlowGPT - 26-Feb-24
2025-04-14 03:30:45,039 - INFO - Extracted: mTAB - 26-Feb-24
2025-04-14 03:30:45,063 - INFO - Extracted: InsightRX - 23-Feb-24
2025-04-14 03:30:45,086 - INFO - Extracted: Elve - 22-Feb-24
2025-04-14 03:30:45,109 - INFO - Extracted: PermitFlow - 21-Feb-24
2025-04-14 03:30:45,133 - INFO - Extracted: Jamix - 21-Feb-24
2025-04-14 03:30:45,157 - INFO - Extracted: Hadrian - 21-Feb-24
2025-04-14 03:30:45,180 - INFO - Extracted: Empowerly - 21-Feb-24
2025-04-14 03:30:45,203 - INFO - Extracted: Orkes - 21-Feb-24
2025-04-14 03:30:45,227 - INFO - Extracted: Power Life Science - 21-Feb-24
2025-04-14 03:30:45,250 - INFO - Extracted: ElastiFlow - 21-Feb-24
2025-04-14 03:30:45,273 - INFO - Extracted: NodeShift - 21-Feb-24
2025-04-14 03:30:45,299 - INFO - Extracted: VectorShift - 21-Feb-24
2025-04-14 03:30:45,322 - INFO - Extracted: Blue Wire - 20-Feb-24
2025-04-14 03:30:45,345 - INFO - Extracted: Zonexus - 20-Feb-24
2025-04-14 03:30:45,368 - INFO - Extracted: Recogni - 20-Feb-24
2025-04-14 03:30:45,405 - INFO - Extracted: HighRI Optics - 20-Feb-24
2025-04-14 03:30:45,429 - INFO - Extracted: Arini - 19-Feb-24
2025-04-14 03:30:45,453 - INFO - Extracted: Alembic - 15-Feb-24
2025-04-14 03:30:45,453 - INFO - Successfully extracted 20 new companies from page 49
2025-04-14 03:30:45,453 - INFO - Attempting to navigate from page 49
2025-04-14 03:30:51,524 - INFO - JavaScript verification confirmed page changed
2025-04-14 03:30:52,458 - INFO - Extracting data from page 50
2025-04-14 03:30:53,199 - INFO - Trying standard table extraction
2025-04-14 03:30:53,229 - INFO - Found 21 potential data rows
2025-04-14 03:30:53,276 - INFO - Extracted: Scribe - 15-Feb-24
2025-04-14 03:30:53,301 - INFO - Extracted: Freenome - 15-Feb-24
2025-04-14 03:30:53,325 - INFO - Extracted: Guardrails AI - 15-Feb-24
2025-04-14 03:30:53,348 - INFO - Extracted: Zocks - 15-Feb-24
2025-04-14 03:30:53,370 - INFO - Extracted: LangChain - 15-Feb-24
2025-04-14 03:30:53,394 - INFO - Extracted: testRigor - 15-Feb-24
2025-04-14 03:30:53,417 - INFO - Extracted: Kairos Aerospace - 15-Feb-24
2025-04-14 03:30:53,442 - INFO - Extracted: Sanitas AI - 15-Feb-24
2025-04-14 03:30:53,466 - INFO - Extracted: cPacket Networks - 14-Feb-24
2025-04-14 03:30:53,489 - INFO - Extracted: Artie - 14-Feb-24
2025-04-14 03:30:53,513 - INFO - Extracted: SkyOne Federal Credit Union - 14-Feb-24
2025-04-14 03:30:53,535 - INFO - Extracted: Hippo Harvest - 14-Feb-24
2025-04-14 03:30:53,559 - INFO - Extracted: Planette - 14-Feb-24
2025-04-14 03:30:53,583 - INFO - Extracted: Rasa - 14-Feb-24
2025-04-14 03:30:53,605 - INFO - Extracted: Meter - 13-Feb-24
2025-04-14 03:30:53,630 - INFO - Extracted: Skylo - 13-Feb-24
2025-04-14 03:30:53,654 - INFO - Extracted: Mindy - 13-Feb-24
2025-04-14 03:30:53,677 - INFO - Extracted: Savor - 13-Feb-24
2025-04-14 03:30:53,700 - INFO - Extracted: Camus Energy - 13-Feb-24
2025-04-14 03:30:53,737 - INFO - Extracted: Chalk - 13-Feb-24
2025-04-14 03:30:53,737 - INFO - Successfully extracted 20 new companies from page 50
2025-04-14 03:30:53,737 - INFO - Attempting to navigate from page 50
2025-04-14 03:30:59,209 - INFO - JavaScript verification confirmed page changed
2025-04-14 03:30:59,762 - INFO - Extracting data from page 51
2025-04-14 03:31:00,350 - INFO - Trying standard table extraction
2025-04-14 03:31:00,378 - INFO - Found 21 potential data rows
2025-04-14 03:31:00,426 - INFO - Extracted: SocialCoach - 13-Feb-24
2025-04-14 03:31:00,452 - INFO - Extracted: Motif Analytics - 12-Feb-24
2025-04-14 03:31:00,474 - INFO - Extracted: Heliux - 12-Feb-24
2025-04-14 03:31:00,497 - INFO - Extracted: Lilac Solutions - 12-Feb-24
2025-04-14 03:31:00,520 - INFO - Extracted: Magic - 12-Feb-24
2025-04-14 03:31:00,543 - INFO - Extracted: LeoLabs - 12-Feb-24
2025-04-14 03:31:00,567 - INFO - Extracted: Modern Treasury - 10-Feb-24
2025-04-14 03:31:00,590 - INFO - Extracted: THINKIN - 9-Feb-24
2025-04-14 03:31:00,615 - INFO - Extracted: Unlearn.AI - 8-Feb-24
2025-04-14 03:31:00,638 - INFO - Extracted: Handle - 8-Feb-24
2025-04-14 03:31:00,662 - INFO - Extracted: Partners Capital - 8-Feb-24
2025-04-14 03:31:00,686 - INFO - Extracted: Vocode - 8-Feb-24
2025-04-14 03:31:00,708 - INFO - Extracted: brd BOT - 8-Feb-24
2025-04-14 03:31:00,732 - INFO - Extracted: FuzzLand - 8-Feb-24
2025-04-14 03:31:00,755 - INFO - Extracted: Overflow - 7-Feb-24
2025-04-14 03:31:00,779 - INFO - Extracted: Polycam - 7-Feb-24
2025-04-14 03:31:00,802 - INFO - Extracted: Simplify - 7-Feb-24
2025-04-14 03:31:00,825 - INFO - Extracted: OutSail Shipping - 7-Feb-24
2025-04-14 03:31:00,848 - INFO - Extracted: Upstock - 7-Feb-24
2025-04-14 03:31:00,878 - INFO - Extracted: Shepherd - 7-Feb-24
2025-04-14 03:31:00,878 - INFO - Successfully extracted 20 new companies from page 51
2025-04-14 03:31:00,878 - INFO - Attempting to navigate from page 51
2025-04-14 03:31:06,920 - INFO - JavaScript verification confirmed page changed
2025-04-14 03:31:07,609 - INFO - Extracting data from page 52
2025-04-14 03:31:08,141 - INFO - Trying standard table extraction
2025-04-14 03:31:08,170 - INFO - Found 21 potential data rows
2025-04-14 03:31:08,216 - INFO - Extracted: ZEDEDA - 7-Feb-24
2025-04-14 03:31:08,241 - INFO - Extracted: Aizon - 7-Feb-24
2025-04-14 03:31:08,265 - INFO - Extracted: Attralus - 6-Feb-24
2025-04-14 03:31:08,289 - INFO - Extracted: Jam - 6-Feb-24
2025-04-14 03:31:08,314 - INFO - Extracted: Ambience Healthcare - 6-Feb-24
2025-04-14 03:31:08,378 - INFO - Extracted: Starship Technologies - 5-Feb-24
2025-04-14 03:31:08,411 - INFO - Extracted: Rigetti Computing - 5-Feb-24
2025-04-14 03:31:08,434 - INFO - Extracted: LightBeam.ai - 1-Feb-24
2025-04-14 03:31:08,458 - INFO - Extracted: Artera - 1-Feb-24
2025-04-14 03:31:08,481 - INFO - Extracted: Watershed - 1-Feb-24
2025-04-14 03:31:08,506 - INFO - Extracted: CARPL.ai - 1-Feb-24
2025-04-14 03:31:08,529 - INFO - Extracted: Coris - 1-Feb-24
2025-04-14 03:31:08,553 - INFO - Extracted: Mountaintop Studios - 31-Jan-24
2025-04-14 03:31:08,576 - INFO - Extracted: Metronome - 31-Jan-24
2025-04-14 03:31:08,600 - INFO - Extracted: Reken - 31-Jan-24
2025-04-14 03:31:08,624 - INFO - Extracted: Aiden Automotive Technologies - 31-Jan-24
2025-04-14 03:31:08,647 - INFO - Extracted: Inngest - 30-Jan-24
2025-04-14 03:31:08,670 - INFO - Extracted: Nile - 30-Jan-24
2025-04-14 03:31:08,694 - INFO - Extracted: Aster - 30-Jan-24
2025-04-14 03:31:08,718 - INFO - Extracted: HyperBeeAI - 30-Jan-24
2025-04-14 03:31:08,718 - INFO - Successfully extracted 20 new companies from page 52
2025-04-14 03:31:08,718 - INFO - Attempting to navigate from page 52
2025-04-14 03:31:14,636 - INFO - JavaScript verification confirmed page changed
2025-04-14 03:31:15,110 - INFO - Extracting data from page 53
2025-04-14 03:31:15,790 - INFO - Trying standard table extraction
2025-04-14 03:31:15,818 - INFO - Found 21 potential data rows
2025-04-14 03:31:15,866 - INFO - Extracted: Plex - 30-Jan-24
2025-04-14 03:31:15,890 - INFO - Extracted: Alchemist Accelerator - 30-Jan-24
2025-04-14 03:31:15,913 - INFO - Extracted: resistanceBio - 29-Jan-24
2025-04-14 03:31:15,937 - INFO - Extracted: Mesh - 29-Jan-24
2025-04-14 03:31:15,961 - INFO - Extracted: Chef Robotics - 26-Jan-24
2025-04-14 03:31:15,984 - INFO - Extracted: Perfumeo - 26-Jan-24
2025-04-14 03:31:16,006 - INFO - Extracted: Bastille Networks Internet Security - 25-Jan-24
2025-04-14 03:31:16,032 - INFO - Extracted: ViralMoment - 25-Jan-24
2025-04-14 03:31:16,056 - INFO - Extracted: Integral Development Corp - 25-Jan-24
2025-04-14 03:31:16,084 - INFO - Extracted: Audioshake - 25-Jan-24
2025-04-14 03:31:16,108 - INFO - Extracted: Aniai - 24-Jan-24
2025-04-14 03:31:16,130 - INFO - Extracted: unSkript, Inc - 24-Jan-24
2025-04-14 03:31:16,153 - INFO - Extracted: Masa - 23-Jan-24
2025-04-14 03:31:16,176 - INFO - Extracted: AiDash - 23-Jan-24
2025-04-14 03:31:16,199 - INFO - Extracted: SER Capital Partners - 23-Jan-24
2025-04-14 03:31:16,223 - INFO - Extracted: Snorkel AI - 23-Jan-24
2025-04-14 03:31:16,247 - INFO - Extracted: Synthesis AI - 23-Jan-24
2025-04-14 03:31:16,270 - INFO - Extracted: RagaAI Inc. - 23-Jan-24
2025-04-14 03:31:16,294 - INFO - Extracted: SmithRx - 23-Jan-24
2025-04-14 03:31:16,317 - INFO - Extracted: GenEdit - 23-Jan-24
2025-04-14 03:31:16,317 - INFO - Successfully extracted 20 new companies from page 53
2025-04-14 03:31:16,318 - INFO - Attempting to navigate from page 53
2025-04-14 03:31:21,936 - INFO - JavaScript verification confirmed page changed
2025-04-14 03:31:22,725 - INFO - Extracting data from page 54
2025-04-14 03:31:23,950 - INFO - Trying standard table extraction
2025-04-14 03:31:23,980 - INFO - Found 21 potential data rows
2025-04-14 03:31:24,032 - INFO - Extracted: Neatleaf - 23-Jan-24
2025-04-14 03:31:24,058 - INFO - Extracted: Clerk - 23-Jan-24
2025-04-14 03:31:24,084 - INFO - Extracted: Ohana Real Estate Investors - 22-Jan-24
2025-04-14 03:31:24,107 - INFO - Extracted: Salas O'Brien - 22-Jan-24
2025-04-14 03:31:24,131 - INFO - Extracted: Captura - 22-Jan-24
2025-04-14 03:31:24,155 - INFO - Extracted: Better Stack - 22-Jan-24
2025-04-14 03:31:24,178 - INFO - Extracted: Bluedot - 22-Jan-24
2025-04-14 03:31:24,202 - INFO - Extracted: BuildClub - 22-Jan-24
2025-04-14 03:31:24,227 - INFO - Extracted: Metafoodx - 18-Jan-24
2025-04-14 03:31:24,250 - INFO - Extracted: Safary - 18-Jan-24
2025-04-14 03:31:24,273 - INFO - Extracted: zbyte - 18-Jan-24
2025-04-14 03:31:24,297 - INFO - Extracted: Forta - 17-Jan-24
2025-04-14 03:31:24,321 - INFO - Extracted: Incognia - 17-Jan-24
2025-04-14 03:31:24,345 - INFO - Extracted: Blueshift - 16-Jan-24
2025-04-14 03:31:24,369 - INFO - Extracted: Lutheran Social Services of Southern California - 16-Jan-24
2025-04-14 03:31:24,394 - INFO - Extracted: Blue Planet - 16-Jan-24
2025-04-14 03:31:24,417 - INFO - Extracted: Topia - 16-Jan-24
2025-04-14 03:31:24,445 - INFO - Extracted: Noctrix Health - 16-Jan-24
2025-04-14 03:31:24,468 - INFO - Extracted: Fonda Technologies - 16-Jan-24
2025-04-14 03:31:24,492 - INFO - Extracted: Chezuba - 12-Jan-24
2025-04-14 03:31:24,493 - INFO - Successfully extracted 20 new companies from page 54
2025-04-14 03:31:24,493 - INFO - Attempting to navigate from page 54
2025-04-14 03:31:30,479 - INFO - JavaScript verification confirmed page changed
2025-04-14 03:31:31,340 - INFO - Extracting data from page 55
2025-04-14 03:31:31,738 - INFO - Trying standard table extraction
2025-04-14 03:31:31,787 - INFO - Found 21 potential data rows
2025-04-14 03:31:31,827 - INFO - Extracted: Rune Labs - 11-Jan-24
2025-04-14 03:31:31,851 - INFO - Extracted: Viavi Solutions - 11-Jan-24
2025-04-14 03:31:31,874 - INFO - Extracted: Pier - 11-Jan-24
2025-04-14 03:31:31,898 - INFO - Extracted: FlutterFlow - 11-Jan-24
2025-04-14 03:31:31,921 - INFO - Extracted: Velou - 11-Jan-24
2025-04-14 03:31:31,945 - INFO - Extracted: Echo Labs - 10-Jan-24
2025-04-14 03:31:31,968 - INFO - Extracted: Quora - 10-Jan-24
2025-04-14 03:31:31,992 - INFO - Extracted: Rainbow - 10-Jan-24
2025-04-14 03:31:32,016 - INFO - Extracted: Shimmer - 10-Jan-24
2025-04-14 03:31:32,040 - INFO - Extracted: Leap AI - 9-Jan-24
2025-04-14 03:31:32,064 - INFO - Extracted: Raising the Future - 9-Jan-24
2025-04-14 03:31:32,087 - INFO - Extracted: Feel Therapeutics - 9-Jan-24
2025-04-14 03:31:32,111 - INFO - Extracted: Luma AI - 9-Jan-24
2025-04-14 03:31:32,135 - INFO - Extracted: anecdotes - 9-Jan-24
2025-04-14 03:31:32,158 - INFO - Extracted: MedaSystems - 9-Jan-24
2025-04-14 03:31:32,182 - INFO - Extracted: Revagenix - 5-Jan-24
2025-04-14 03:31:32,205 - INFO - Extracted: UpDoc - 5-Jan-24
2025-04-14 03:31:32,228 - INFO - Extracted: Department of Behavioral Health - 4-Jan-24
2025-04-14 03:31:32,253 - INFO - Extracted: Moonwalk Biosciences - 4-Jan-24
2025-04-14 03:31:32,278 - INFO - Extracted: Human Immunology Biosciences - 4-Jan-24
2025-04-14 03:31:32,278 - INFO - Successfully extracted 20 new companies from page 55
2025-04-14 03:31:32,278 - INFO - Attempting to navigate from page 55
2025-04-14 03:31:38,266 - INFO - JavaScript verification confirmed page changed
2025-04-14 03:31:38,759 - INFO - Extracting data from page 56
2025-04-14 03:31:39,836 - INFO - Trying standard table extraction
2025-04-14 03:31:39,865 - INFO - Found 4 potential data rows
2025-04-14 03:31:39,914 - INFO - Extracted: Perplexity AI - 4-Jan-24
2025-04-14 03:31:39,939 - INFO - Extracted: GSI Technology - 3-Jan-24
2025-04-14 03:31:39,964 - INFO - Extracted: Paceline - 1-Jan-24
2025-04-14 03:31:39,964 - INFO - Successfully extracted 3 new companies from page 56
2025-04-14 03:31:39,964 - INFO - Attempting to navigate from page 56
2025-04-14 03:31:45,932 - INFO - JavaScript verification confirmed page changed
2025-04-14 03:31:46,611 - INFO - Extracting data from page 57
2025-04-14 03:31:47,066 - INFO - Trying standard table extraction
2025-04-14 03:31:47,093 - INFO - Found 4 potential data rows
2025-04-14 03:31:47,190 - INFO - Retry attempt 1 for data extraction
2025-04-14 03:31:49,024 - INFO - Trying advanced pattern-based extraction
2025-04-14 03:31:49,094 - INFO - Extracted (advanced pattern): You may also like
2025-04-14 03:31:49,103 - INFO - Extracted (advanced pattern): 35 Sales Email Tips to Crush Your Sales Game
2025-04-14 03:31:49,112 - INFO - Successfully extracted 2 new companies from page 57
2025-04-14 03:31:49,113 - INFO - Attempting to navigate from page 57
2025-04-14 03:31:54,689 - INFO - JavaScript verification confirmed page changed
2025-04-14 03:31:55,671 - INFO - Extracting data from page 58
2025-04-14 03:31:56,770 - INFO - Trying standard table extraction
2025-04-14 03:31:56,801 - INFO - Found 4 potential data rows
2025-04-14 03:31:56,898 - INFO - Retry attempt 1 for data extraction
2025-04-14 03:31:58,148 - INFO - Trying advanced pattern-based extraction
2025-04-14 03:31:58,218 - INFO - Retry attempt 2 for data extraction
2025-04-14 03:32:00,121 - INFO - Refreshing page for final extraction attempt
2025-04-14 03:32:03,924 - INFO - Found overlay using selector: //div[contains(@class, 'conv-wrap')]
2025-04-14 03:32:03,939 - INFO - No close button found, removing overlay with JavaScript
2025-04-14 03:32:04,842 - INFO - Found overlay using selector: //div[contains(@class, 'overlay')]
2025-04-14 03:32:04,847 - INFO - No close button found, removing overlay with JavaScript
2025-04-14 03:32:05,906 - INFO - Trying standard table extraction
2025-04-14 03:32:05,935 - INFO - Found 21 potential data rows
2025-04-14 03:32:06,450 - WARNING - No new companies found on page 58. Empty page count: 1
2025-04-14 03:32:06,450 - INFO - Attempting to navigate from page 58
2025-04-14 03:32:12,718 - INFO - JavaScript verification confirmed page changed
2025-04-14 03:32:13,149 - INFO - Extracting data from page 59
2025-04-14 03:32:13,735 - INFO - Trying standard table extraction
2025-04-14 03:32:13,764 - INFO - Found 21 potential data rows
2025-04-14 03:32:14,260 - INFO - Retry attempt 1 for data extraction
2025-04-14 03:32:15,434 - INFO - Trying advanced pattern-based extraction
2025-04-14 03:32:15,504 - INFO - Retry attempt 2 for data extraction
2025-04-14 03:32:17,337 - INFO - Refreshing page for final extraction attempt
2025-04-14 03:32:20,083 - INFO - Found overlay using selector: //div[contains(@class, 'conv-wrap')]
2025-04-14 03:32:20,091 - INFO - No close button found, removing overlay with JavaScript
2025-04-14 03:32:21,217 - INFO - Found overlay using selector: //div[contains(@class, 'overlay')]
2025-04-14 03:32:21,225 - INFO - No close button found, removing overlay with JavaScript
2025-04-14 03:32:23,264 - INFO - Trying standard table extraction
2025-04-14 03:32:23,292 - INFO - Found 21 potential data rows
2025-04-14 03:32:23,786 - WARNING - No new companies found on page 59. Empty page count: 2
2025-04-14 03:32:23,786 - INFO - Stopping after 2 consecutive empty pages
2025-04-14 03:32:23,793 - ERROR - Error saving data: dict contains fields not in fieldnames: 'Note'
2025-04-14 03:32:23,794 - INFO - Extraction completed in 499.29 seconds
2025-04-14 03:32:23,794 - INFO - Extracted 1105 companies from 59 pages
2025-04-14 03:32:23,794 - INFO - Found 1105 unique companies
2025-04-14 03:32:23,794 - INFO - Most recent funding dates: ['1-Apr-24', '1-Aug-24', '1-Feb-24', '1-Jan-24', '1-Jul-24']
2025-04-14 03:32:23,893 - INFO - WebDriver closed
2025-04-14 03:32:23,893 - INFO - Next extraction scheduled for: 2025-04-15 03:32:23
2025-04-14 03:34:47,328 - INFO - Setting up scheduled extraction (every 24 hours)
2025-04-14 03:34:47,328 - INFO - Starting extraction process
2025-04-14 03:34:47,328 - INFO - Setting up Chrome WebDriver...
2025-04-14 03:34:47,328 - INFO - ====== WebDriver manager ======
2025-04-14 03:34:47,408 - INFO - Get LATEST chromedriver version for google-chrome
2025-04-14 03:34:47,451 - INFO - Get LATEST chromedriver version for google-chrome
2025-04-14 03:34:47,492 - INFO - Driver [/Users/hk/.wdm/drivers/chromedriver/mac64/135.0.7049.84/chromedriver-mac-arm64/chromedriver] found in cache
2025-04-14 03:34:48,931 - INFO - WebDriver setup completed successfully
2025-04-14 03:34:48,931 - INFO - Navigating to https://fundraiseinsider.com/blog/recently-funded-startups-san-francisco/#showform-238066
2025-04-14 03:34:50,713 - INFO - Performing efficient scrolling...
2025-04-14 03:34:54,234 - INFO - Scrolling completed
2025-04-14 03:34:54,250 - INFO - Table element found on page
2025-04-14 03:34:54,272 - INFO - Found overlay using selector: //div[contains(@class, 'conv-wrap')]
2025-04-14 03:34:54,282 - INFO - No close button found, removing overlay with JavaScript
2025-04-14 03:34:55,404 - INFO - Found overlay using selector: //div[contains(@class, 'overlay')]
2025-04-14 03:34:55,410 - INFO - No close button found, removing overlay with JavaScript
2025-04-14 03:34:57,260 - INFO - Page navigation successful
2025-04-14 03:34:57,260 - INFO - Extracting data from page 1
2025-04-14 03:34:57,842 - INFO - Trying standard table extraction
2025-04-14 03:34:57,863 - INFO - Found 21 potential data rows
2025-04-14 03:34:57,925 - INFO - Extracted: Rembrand - 2-Jan-25
2025-04-14 03:34:57,951 - INFO - Extracted: Wurthy - 30-Dec-24
2025-04-14 03:34:57,978 - INFO - Extracted: Frontier Bio - 25-Dec-24
2025-04-14 03:34:58,003 - INFO - Extracted: Courtyard - 23-Dec-24
2025-04-14 03:34:58,026 - INFO - Extracted: Pasadena Private Lending - 19-Dec-24
2025-04-14 03:34:58,056 - INFO - Extracted: Tenor - 19-Dec-24
2025-04-14 03:34:58,082 - INFO - Extracted: Earli - 19-Dec-24
2025-04-14 03:34:58,105 - INFO - Extracted: Child Family Health International - 19-Dec-24
2025-04-14 03:34:58,132 - INFO - Extracted: SandboxAQ - 18-Dec-24
2025-04-14 03:34:58,160 - INFO - Extracted: Plume Network - 18-Dec-24
2025-04-14 03:34:58,183 - INFO - Extracted: Hamming AI - 18-Dec-24
2025-04-14 03:34:58,214 - INFO - Extracted: CourtScribes - 18-Dec-24
2025-04-14 03:34:58,238 - INFO - Extracted: Perplexity - 18-Dec-24
2025-04-14 03:34:58,262 - INFO - Extracted: Lyten - 18-Dec-24
2025-04-14 03:34:58,287 - INFO - Extracted: Fairbanc - 18-Dec-24
2025-04-14 03:34:58,314 - INFO - Extracted: Mojave Energy Systems - 18-Dec-24
2025-04-14 03:34:58,343 - INFO - Extracted: Fraction AI - 18-Dec-24
2025-04-14 03:34:58,372 - INFO - Extracted: Schwarm Technologies Inc. - 17-Dec-24
2025-04-14 03:34:58,398 - INFO - Extracted: Landbase - 17-Dec-24
2025-04-14 03:34:58,424 - INFO - Extracted: Acre - 17-Dec-24
2025-04-14 03:34:58,424 - INFO - Successfully extracted 20 new companies from page 1
2025-04-14 03:34:58,424 - INFO - Attempting to navigate from page 1
2025-04-14 03:35:04,142 - INFO - JavaScript verification confirmed page changed
2025-04-14 03:35:04,581 - INFO - Extracting data from page 2
2025-04-14 03:35:05,693 - INFO - Trying standard table extraction
2025-04-14 03:35:05,726 - INFO - Found 21 potential data rows
2025-04-14 03:35:05,774 - INFO - Extracted: Finexio - 17-Dec-24
2025-04-14 03:35:05,801 - INFO - Extracted: Anatomy Financial - 17-Dec-24
2025-04-14 03:35:05,870 - INFO - Extracted: Serverfarm - 17-Dec-24
2025-04-14 03:35:05,920 - INFO - Extracted: Flair - 17-Dec-24
2025-04-14 03:35:05,954 - INFO - Extracted: Leapfin - 17-Dec-24
2025-04-14 03:35:05,982 - INFO - Extracted: Parafin - 17-Dec-24
2025-04-14 03:35:06,008 - INFO - Extracted: Indapta Therapeutics - 17-Dec-24
2025-04-14 03:35:06,037 - INFO - Extracted: Xcell Biosciences - 17-Dec-24
2025-04-14 03:35:06,064 - INFO - Extracted: Jiko - 12-Dec-24
2025-04-14 03:35:06,095 - INFO - Extracted: One - 12-Dec-24
2025-04-14 03:35:06,135 - INFO - Extracted: Evinced - 12-Dec-24
2025-04-14 03:35:06,167 - INFO - Extracted: Twelve Labs - 12-Dec-24
2025-04-14 03:35:06,195 - INFO - Extracted: Terradot - 12-Dec-24
2025-04-14 03:35:06,223 - INFO - Extracted: Cartesia - 12-Dec-24
2025-04-14 03:35:06,253 - INFO - Extracted: Vantis Vascular - 12-Dec-24
2025-04-14 03:35:06,280 - INFO - Extracted: Alessa Therapeutics - 12-Dec-24
2025-04-14 03:35:06,305 - INFO - Extracted: Gigs - 12-Dec-24
2025-04-14 03:35:06,331 - INFO - Extracted: Immi - 12-Dec-24
2025-04-14 03:35:06,363 - INFO - Extracted: Albert Invent - 11-Dec-24
2025-04-14 03:35:06,389 - INFO - Extracted: Strategic Venue Partners - 11-Dec-24
2025-04-14 03:35:06,389 - INFO - Successfully extracted 20 new companies from page 2
2025-04-14 03:35:06,389 - INFO - Attempting to navigate from page 2
2025-04-14 03:35:12,455 - INFO - JavaScript verification confirmed page changed
2025-04-14 03:35:12,887 - INFO - Extracting data from page 3
2025-04-14 03:35:14,087 - INFO - Trying standard table extraction
2025-04-14 03:35:14,126 - INFO - Found 21 potential data rows
2025-04-14 03:35:14,194 - INFO - Extracted: Parsec Education - 11-Dec-24
2025-04-14 03:35:14,223 - INFO - Extracted: Saltmine - 11-Dec-24
2025-04-14 03:35:14,289 - INFO - Extracted: NeuBird - 11-Dec-24
2025-04-14 03:35:14,355 - INFO - Extracted: Aimon Labs - 11-Dec-24
2025-04-14 03:35:14,426 - INFO - Extracted: Ayar Labs - 11-Dec-24
2025-04-14 03:35:14,501 - INFO - Extracted: Vapi - 11-Dec-24
2025-04-14 03:35:14,539 - INFO - Extracted: EzDubs - 11-Dec-24
2025-04-14 03:35:14,569 - INFO - Extracted: Capstan Medical - 11-Dec-24
2025-04-14 03:35:14,670 - INFO - Extracted: Reveal Technology - 11-Dec-24
2025-04-14 03:35:14,704 - INFO - Extracted: Tosi - 11-Dec-24
2025-04-14 03:35:14,732 - INFO - Extracted: Azimuth AI - 11-Dec-24
2025-04-14 03:35:14,897 - INFO - Extracted: Cohesity - 10-Dec-24
2025-04-14 03:35:14,967 - INFO - Extracted: Speak - 10-Dec-24
2025-04-14 03:35:14,996 - INFO - Extracted: Mainframe - 10-Dec-24
2025-04-14 03:35:15,052 - INFO - Extracted: Gyaan - 10-Dec-24
2025-04-14 03:35:15,081 - INFO - Extracted: WeaveGrid - 10-Dec-24
2025-04-14 03:35:15,107 - INFO - Extracted: WindBorne Systems - 10-Dec-24
2025-04-14 03:35:15,133 - INFO - Extracted: Exabits AI - 10-Dec-24
2025-04-14 03:35:15,166 - INFO - Extracted: Gentrace - 10-Dec-24
2025-04-14 03:35:15,200 - INFO - Extracted: LambdaTest - 10-Dec-24
2025-04-14 03:35:15,200 - INFO - Successfully extracted 20 new companies from page 3
2025-04-14 03:35:15,200 - INFO - Attempting to navigate from page 3
2025-04-14 03:35:20,741 - INFO - JavaScript verification confirmed page changed
2025-04-14 03:35:21,651 - INFO - Extracting data from page 4
2025-04-14 03:35:22,700 - INFO - Trying standard table extraction
2025-04-14 03:35:22,724 - INFO - Found 21 potential data rows
2025-04-14 03:35:22,772 - INFO - Extracted: Aarvik Therapeutics - 10-Dec-24
2025-04-14 03:35:22,803 - INFO - Extracted: WaveForms AI - 10-Dec-24
2025-04-14 03:35:22,832 - INFO - Extracted: Wald.ai - 10-Dec-24
2025-04-14 03:35:22,859 - INFO - Extracted: Wildflower Health - 10-Dec-24
2025-04-14 03:35:22,886 - INFO - Extracted: Aampe - 10-Dec-24
2025-04-14 03:35:22,913 - INFO - Extracted: Cala Health - 9-Dec-24
2025-04-14 03:35:22,940 - INFO - Extracted: Sofar Ocean - 9-Dec-24
2025-04-14 03:35:22,970 - INFO - Extracted: Friend - 9-Dec-24
2025-04-14 03:35:22,998 - INFO - Extracted: Lava - 9-Dec-24
2025-04-14 03:35:23,028 - INFO - Extracted: MiSalud - 9-Dec-24
2025-04-14 03:35:23,054 - INFO - Extracted: Lucra Sports - 5-Dec-24
2025-04-14 03:35:23,088 - INFO - Extracted: Across AI - 5-Dec-24
2025-04-14 03:35:23,122 - INFO - Extracted: BITKRAFT Ventures - 5-Dec-24
2025-04-14 03:35:23,151 - INFO - Extracted: Nuvig Therapeutics - 5-Dec-24
2025-04-14 03:35:23,175 - INFO - Extracted: FutureSearch - 5-Dec-24
2025-04-14 03:35:23,201 - INFO - Extracted: Solana - 5-Dec-24
2025-04-14 03:35:23,230 - INFO - Extracted: Rubi Laboratories - 5-Dec-24
2025-04-14 03:35:23,259 - INFO - Extracted: East Oakland Youth Development Center - 5-Dec-24
2025-04-14 03:35:23,285 - INFO - Extracted: Axiado Corporation - 4-Dec-24
2025-04-14 03:35:23,311 - INFO - Extracted: Enterpret - 4-Dec-24
2025-04-14 03:35:23,311 - INFO - Successfully extracted 20 new companies from page 4
2025-04-14 03:35:23,311 - INFO - Attempting to navigate from page 4
2025-04-14 03:35:28,789 - INFO - JavaScript verification confirmed page changed
2025-04-14 03:35:29,708 - INFO - Extracting data from page 5
2025-04-14 03:35:30,403 - INFO - Trying standard table extraction
2025-04-14 03:35:30,446 - INFO - Found 21 potential data rows
2025-04-14 03:35:30,491 - INFO - Extracted: HappyRobot - 4-Dec-24
2025-04-14 03:35:30,517 - INFO - Extracted: Offcall - 4-Dec-24
2025-04-14 03:35:30,544 - INFO - Extracted: Etestho - 4-Dec-24
2025-04-14 03:35:30,569 - INFO - Extracted: Antheia - 3-Dec-24
2025-04-14 03:35:30,594 - INFO - Extracted: Aerospike - 3-Dec-24
2025-04-14 03:35:30,619 - INFO - Extracted: Yurts Technologies Inc - 3-Dec-24
2025-04-14 03:35:30,649 - INFO - Extracted: The Tech Interactive - 3-Dec-24
2025-04-14 03:35:30,685 - INFO - Extracted: Maze Therapeutics - 3-Dec-24
2025-04-14 03:35:30,710 - INFO - Extracted: MakersHub - 3-Dec-24
2025-04-14 03:35:30,736 - INFO - Extracted: Vooma - 2-Dec-24
2025-04-14 03:35:30,760 - INFO - Extracted: Lumin Digital - 2-Dec-24
2025-04-14 03:35:30,783 - INFO - Extracted: Upwind Security - 2-Dec-24
2025-04-14 03:35:30,806 - INFO - Extracted: CSpeed - 2-Dec-24
2025-04-14 03:35:30,829 - INFO - Extracted: Cardless - 26-Nov-24
2025-04-14 03:35:30,851 - INFO - Extracted: Sirona Medical - 26-Nov-24
2025-04-14 03:35:30,873 - INFO - Extracted: Wherobots Inc. - 26-Nov-24
2025-04-14 03:35:30,897 - INFO - Extracted: Circleback - 26-Nov-24
2025-04-14 03:35:30,919 - INFO - Extracted: Mindstate Design Labs - 26-Nov-24
2025-04-14 03:35:30,942 - INFO - Extracted: Femtosense - 26-Nov-24
2025-04-14 03:35:30,966 - INFO - Extracted: Play.ht - 25-Nov-24
2025-04-14 03:35:30,966 - INFO - Successfully extracted 20 new companies from page 5
2025-04-14 03:35:30,966 - INFO - Attempting to navigate from page 5
2025-04-14 03:35:36,319 - INFO - JavaScript verification confirmed page changed
2025-04-14 03:35:36,733 - INFO - Extracting data from page 6
2025-04-14 03:35:37,320 - INFO - Trying standard table extraction
2025-04-14 03:35:37,347 - INFO - Found 21 potential data rows
2025-04-14 03:35:37,393 - INFO - Extracted: Tempest DX - 25-Nov-24
2025-04-14 03:35:37,423 - INFO - Extracted: Trustero - 21-Nov-24
2025-04-14 03:35:37,448 - INFO - Extracted: Epic Cleantec - 21-Nov-24
2025-04-14 03:35:37,472 - INFO - Extracted: VISO TRUST - 21-Nov-24
2025-04-14 03:35:37,495 - INFO - Extracted: Aviz Networks - 21-Nov-24
2025-04-14 03:35:37,519 - INFO - Extracted: Arcade - 21-Nov-24
2025-04-14 03:35:37,543 - INFO - Extracted: Anomalo - 21-Nov-24
2025-04-14 03:35:37,566 - INFO - Extracted: Teleo - 21-Nov-24
2025-04-14 03:35:37,589 - INFO - Extracted: Wordware - 21-Nov-24
2025-04-14 03:35:37,612 - INFO - Extracted: Aira Technologies - 20-Nov-24
2025-04-14 03:35:37,636 - INFO - Extracted: Generate Capital - 20-Nov-24
2025-04-14 03:35:37,659 - INFO - Extracted: Rox - 20-Nov-24
2025-04-14 03:35:37,683 - INFO - Extracted: Aethero - 20-Nov-24
2025-04-14 03:35:37,714 - INFO - Extracted: Federato - 20-Nov-24
2025-04-14 03:35:37,737 - INFO - Extracted: Distru - 20-Nov-24
2025-04-14 03:35:37,759 - INFO - Extracted: THEO AI - 20-Nov-24
2025-04-14 03:35:37,783 - INFO - Extracted: Shinami - 20-Nov-24
2025-04-14 03:35:37,806 - INFO - Extracted: PostSig - 20-Nov-24
2025-04-14 03:35:37,830 - INFO - Extracted: Flywheel Dynamix - 20-Nov-24
2025-04-14 03:35:37,853 - INFO - Extracted: New Lantern - 20-Nov-24
2025-04-14 03:35:37,853 - INFO - Successfully extracted 20 new companies from page 6
2025-04-14 03:35:37,853 - INFO - Attempting to navigate from page 6
2025-04-14 03:35:44,296 - INFO - JavaScript verification confirmed page changed
2025-04-14 03:35:45,084 - INFO - Extracting data from page 7
2025-04-14 03:35:46,048 - INFO - Trying standard table extraction
2025-04-14 03:35:46,078 - INFO - Found 21 potential data rows
2025-04-14 03:35:46,128 - INFO - Extracted: Certinia - 19-Nov-24
2025-04-14 03:35:46,152 - INFO - Extracted: Kong - 19-Nov-24
2025-04-14 03:35:46,176 - INFO - Extracted: Kintsugi AI - 19-Nov-24
2025-04-14 03:35:46,200 - INFO - Extracted: StoreCash - 19-Nov-24
2025-04-14 03:35:46,223 - INFO - Extracted: Spectro Cloud - 19-Nov-24
2025-04-14 03:35:46,248 - INFO - Extracted: BrightAI - 19-Nov-24
2025-04-14 03:35:46,271 - INFO - Extracted: Open Source Wellness - 19-Nov-24
2025-04-14 03:35:46,295 - INFO - Extracted: Neo4j - 19-Nov-24
2025-04-14 03:35:46,321 - INFO - Extracted: Rain AI - 19-Nov-24
2025-04-14 03:35:46,346 - INFO - Extracted: JustPaid - 19-Nov-24
2025-04-14 03:35:46,370 - INFO - Extracted: Cresta - 19-Nov-24
2025-04-14 03:35:46,393 - INFO - Extracted: Enfabrica - 19-Nov-24
2025-04-14 03:35:46,418 - INFO - Extracted: ANAFLASH - 19-Nov-24
2025-04-14 03:35:46,444 - INFO - Extracted: Open Philanthropy - 18-Nov-24
2025-04-14 03:35:46,476 - INFO - Extracted: California University of Science and Medicine - 18-Nov-24
2025-04-14 03:35:46,516 - INFO - Extracted: Zenflow - 18-Nov-24
2025-04-14 03:35:46,550 - INFO - Extracted: Radiant - 14-Nov-24
2025-04-14 03:35:46,584 - INFO - Extracted: Athina AI - 14-Nov-24
2025-04-14 03:35:46,611 - INFO - Extracted: Team-GPT - 14-Nov-24
2025-04-14 03:35:46,636 - INFO - Extracted: Falkonry - 14-Nov-24
2025-04-14 03:35:46,637 - INFO - Successfully extracted 20 new companies from page 7
2025-04-14 03:35:46,637 - INFO - Attempting to navigate from page 7
2025-04-14 03:35:52,612 - INFO - JavaScript verification confirmed page changed
2025-04-14 03:35:53,727 - INFO - Extracting data from page 8
2025-04-14 03:35:54,896 - INFO - Trying standard table extraction
2025-04-14 03:35:54,929 - INFO - Found 21 potential data rows
2025-04-14 03:35:54,979 - INFO - Extracted: Leland - 13-Nov-24
2025-04-14 03:35:55,015 - INFO - Extracted: TRex Bio - 13-Nov-24
2025-04-14 03:35:55,053 - INFO - Extracted: Medeloop - 13-Nov-24
2025-04-14 03:35:55,082 - INFO - Extracted: OneSkin - 13-Nov-24
2025-04-14 03:35:55,109 - INFO - Extracted: The WiTT Group - 13-Nov-24
2025-04-14 03:35:55,136 - INFO - Extracted: Riot - 13-Nov-24
2025-04-14 03:35:55,163 - INFO - Extracted: Writer - 12-Nov-24
2025-04-14 03:35:55,202 - INFO - Extracted: Trace Neuroscience - 12-Nov-24
2025-04-14 03:35:55,230 - INFO - Extracted: Fastino - 12-Nov-24
2025-04-14 03:35:55,255 - INFO - Extracted: Shiru - 12-Nov-24
2025-04-14 03:35:55,278 - INFO - Extracted: Outbuild - 12-Nov-24
2025-04-14 03:35:55,302 - INFO - Extracted: Anthrogen - 12-Nov-24
2025-04-14 03:35:55,326 - INFO - Extracted: Connecty AI - 11-Nov-24
2025-04-14 03:35:55,350 - INFO - Extracted: AirGarage - 8-Nov-24
2025-04-14 03:35:55,373 - INFO - Extracted: Fractional - 7-Nov-24
2025-04-14 03:35:55,400 - INFO - Extracted: Orbital Sidekick - 7-Nov-24
2025-04-14 03:35:55,425 - INFO - Extracted: Corgea - 6-Nov-24
2025-04-14 03:35:55,449 - INFO - Extracted: OptraScan - 6-Nov-24
2025-04-14 03:35:55,472 - INFO - Extracted: Workhelix - 5-Nov-24
2025-04-14 03:35:55,499 - INFO - Extracted: PrognomiQ - 5-Nov-24
2025-04-14 03:35:55,499 - INFO - Successfully extracted 20 new companies from page 8
2025-04-14 03:35:55,499 - INFO - Attempting to navigate from page 8
2025-04-14 03:36:01,629 - INFO - JavaScript verification confirmed page changed
2025-04-14 03:36:02,280 - INFO - Extracting data from page 9
2025-04-14 03:36:03,157 - INFO - Trying standard table extraction
2025-04-14 03:36:03,179 - INFO - Found 21 potential data rows
2025-04-14 03:36:03,220 - INFO - Extracted: Carvis.AI - 4-Nov-24
2025-04-14 03:36:03,245 - INFO - Extracted: Inquis Medical - 4-Nov-24
2025-04-14 03:36:03,271 - INFO - Extracted: Augment Code - 4-Nov-24
2025-04-14 03:36:03,300 - INFO - Extracted: Primergy Solar - 4-Nov-24
2025-04-14 03:36:03,328 - INFO - Extracted: Advex AI - 4-Nov-24
2025-04-14 03:36:03,356 - INFO - Extracted: The Nursing Beat - 4-Nov-24
2025-04-14 03:36:03,381 - INFO - Extracted: Cornerstone AI - 31-Oct-24
2025-04-14 03:36:03,405 - INFO - Extracted: Spot AI - 31-Oct-24
2025-04-14 03:36:03,429 - INFO - Extracted: Buddy.ai - 31-Oct-24
2025-04-14 03:36:03,452 - INFO - Extracted: Evommune - 31-Oct-24
2025-04-14 03:36:03,477 - INFO - Extracted: Bugcrowd - 31-Oct-24
2025-04-14 03:36:03,502 - INFO - Extracted: Decart - 31-Oct-24
2025-04-14 03:36:03,526 - INFO - Extracted: Birch Creek Development - 31-Oct-24
2025-04-14 03:36:03,550 - INFO - Extracted: Shadowbox - 31-Oct-24
2025-04-14 03:36:03,573 - INFO - Extracted: Delos Insurance - 31-Oct-24
2025-04-14 03:36:03,597 - INFO - Extracted: Bifrost AI - 30-Oct-24
2025-04-14 03:36:03,624 - INFO - Extracted: Third Wave Automation - 30-Oct-24
2025-04-14 03:36:03,648 - INFO - Extracted: Sapien - 29-Oct-24
2025-04-14 03:36:03,671 - INFO - Extracted: HomeBoost - 29-Oct-24
2025-04-14 03:36:03,695 - INFO - Extracted: LifeSaver Mobile - 29-Oct-24
2025-04-14 03:36:03,695 - INFO - Successfully extracted 20 new companies from page 9
2025-04-14 03:36:03,695 - INFO - Attempting to navigate from page 9
2025-04-14 03:36:09,571 - INFO - JavaScript verification confirmed page changed
2025-04-14 03:36:10,639 - INFO - Extracting data from page 10
2025-04-14 03:36:11,017 - INFO - Trying standard table extraction
2025-04-14 03:36:11,048 - INFO - Found 21 potential data rows
2025-04-14 03:36:11,098 - INFO - Extracted: CredibleMind - 29-Oct-24
2025-04-14 03:36:11,124 - INFO - Extracted: Opus Guard - 29-Oct-24
2025-04-14 03:36:11,148 - INFO - Extracted: GMI Cloud - 29-Oct-24
2025-04-14 03:36:11,172 - INFO - Extracted: Browserbase - 29-Oct-24
2025-04-14 03:36:11,198 - INFO - Extracted: Armis Security - 28-Oct-24
2025-04-14 03:36:11,223 - INFO - Extracted: Kivu Bioscience - 28-Oct-24
2025-04-14 03:36:11,254 - INFO - Extracted: Sierra - 28-Oct-24
2025-04-14 03:36:11,283 - INFO - Extracted: Fondo - 28-Oct-24
2025-04-14 03:36:11,311 - INFO - Extracted: Abstract Security - 28-Oct-24
2025-04-14 03:36:11,335 - INFO - Extracted: Revyl - 28-Oct-24
2025-04-14 03:36:11,358 - INFO - Extracted: Pharos - 25-Oct-24
2025-04-14 03:36:11,387 - INFO - Extracted: Connect The Dots - 24-Oct-24
2025-04-14 03:36:11,411 - INFO - Extracted: Sociaaal - 24-Oct-24
2025-04-14 03:36:11,434 - INFO - Extracted: AnyLog - 24-Oct-24
2025-04-14 03:36:11,458 - INFO - Extracted: Concentric AI - 24-Oct-24
2025-04-14 03:36:11,484 - INFO - Extracted: PayToMe.co - 24-Oct-24
2025-04-14 03:36:11,507 - INFO - Extracted: Finix - 24-Oct-24
2025-04-14 03:36:11,532 - INFO - Extracted: Simbe Robotics - 24-Oct-24
2025-04-14 03:36:11,556 - INFO - Extracted: Oloid - 24-Oct-24
2025-04-14 03:36:11,580 - INFO - Extracted: Nimble Robotics - 23-Oct-24
2025-04-14 03:36:11,580 - INFO - Successfully extracted 20 new companies from page 10
2025-04-14 03:36:11,580 - INFO - Attempting to navigate from page 10
2025-04-14 03:36:17,743 - INFO - JavaScript verification confirmed page changed
2025-04-14 03:36:18,617 - INFO - Extracting data from page 11
2025-04-14 03:36:19,171 - INFO - Trying standard table extraction
2025-04-14 03:36:19,203 - INFO - Found 21 potential data rows
2025-04-14 03:36:19,255 - INFO - Extracted: Archy - 23-Oct-24
2025-04-14 03:36:19,287 - INFO - Extracted: Infinitus Systems - 23-Oct-24
2025-04-14 03:36:19,318 - INFO - Extracted: Courie - 23-Oct-24
2025-04-14 03:36:19,372 - INFO - Extracted: Anthro Energy - 23-Oct-24
2025-04-14 03:36:19,414 - INFO - Extracted: LAWFTY - 23-Oct-24
2025-04-14 03:36:19,480 - INFO - Extracted: BodySpec - 22-Oct-24
2025-04-14 03:36:19,558 - INFO - Extracted: Nooks - 22-Oct-24
2025-04-14 03:36:19,617 - INFO - Extracted: CrewAI - 22-Oct-24
2025-04-14 03:36:19,708 - INFO - Extracted: Qpoint - 22-Oct-24
2025-04-14 03:36:20,088 - INFO - Extracted: Globality - 22-Oct-24
2025-04-14 03:36:20,139 - INFO - Extracted: Socket - 22-Oct-24
2025-04-14 03:36:20,166 - INFO - Extracted: Mainspring Energy - 22-Oct-24
2025-04-14 03:36:20,193 - INFO - Extracted: interface.ai - 22-Oct-24
2025-04-14 03:36:20,237 - INFO - Extracted: Trellis Bioscience - 22-Oct-24
2025-04-14 03:36:20,264 - INFO - Extracted: Revelation Partners - 22-Oct-24
2025-04-14 03:36:20,296 - INFO - Extracted: Genmo - 22-Oct-24
2025-04-14 03:36:20,322 - INFO - Extracted: ItsWare - 22-Oct-24
2025-04-14 03:36:20,349 - INFO - Extracted: Avenue Biosciences - 22-Oct-24
2025-04-14 03:36:20,379 - INFO - Extracted: Zip - 21-Oct-24
2025-04-14 03:36:20,404 - INFO - Extracted: HealthEx - 21-Oct-24
2025-04-14 03:36:20,404 - INFO - Successfully extracted 20 new companies from page 11
2025-04-14 03:36:20,404 - INFO - Attempting to navigate from page 11
2025-04-14 03:36:26,607 - INFO - JavaScript verification confirmed page changed
2025-04-14 03:36:27,774 - INFO - Extracting data from page 12
2025-04-14 03:36:28,350 - INFO - Trying standard table extraction
2025-04-14 03:36:28,381 - INFO - Found 21 potential data rows
2025-04-14 03:36:28,430 - INFO - Extracted: Uprise - 21-Oct-24
2025-04-14 03:36:28,456 - INFO - Extracted: Voxela - 21-Oct-24
2025-04-14 03:36:28,481 - INFO - Extracted: Kick - 17-Oct-24
2025-04-14 03:36:28,506 - INFO - Extracted: AN2 Therapeutics - 17-Oct-24
2025-04-14 03:36:28,532 - INFO - Extracted: Terray Therapeutics - 17-Oct-24
2025-04-14 03:36:28,559 - INFO - Extracted: Abel Police - 17-Oct-24
2025-04-14 03:36:28,585 - INFO - Extracted: Edgee - 17-Oct-24
2025-04-14 03:36:28,609 - INFO - Extracted: GetSetUp - 16-Oct-24
2025-04-14 03:36:28,635 - INFO - Extracted: Samay - 16-Oct-24
2025-04-14 03:36:28,667 - INFO - Extracted: Kiavi - 16-Oct-24
2025-04-14 03:36:28,691 - INFO - Extracted: Tako - 16-Oct-24
2025-04-14 03:36:28,718 - INFO - Extracted: Lightmatter - 16-Oct-24
2025-04-14 03:36:28,744 - INFO - Extracted: Agtonomy - 16-Oct-24
2025-04-14 03:36:28,768 - INFO - Extracted: PyrAmes, Inc. - 15-Oct-24
2025-04-14 03:36:28,793 - INFO - Extracted: Alchemy - 15-Oct-24
2025-04-14 03:36:28,819 - INFO - Extracted: MDisrupt - 15-Oct-24
2025-04-14 03:36:28,845 - INFO - Extracted: Galileo - 15-Oct-24
2025-04-14 03:36:28,868 - INFO - Extracted: Azra Games - 15-Oct-24
2025-04-14 03:36:28,891 - INFO - Extracted: Chargie - 15-Oct-24
2025-04-14 03:36:28,915 - INFO - Extracted: Decagon - 15-Oct-24
2025-04-14 03:36:28,915 - INFO - Successfully extracted 20 new companies from page 12
2025-04-14 03:36:28,915 - INFO - Attempting to navigate from page 12
2025-04-14 03:36:34,617 - INFO - JavaScript verification confirmed page changed
2025-04-14 03:36:35,670 - INFO - Extracting data from page 13
2025-04-14 03:36:36,381 - INFO - Trying standard table extraction
2025-04-14 03:36:36,435 - INFO - Found 21 potential data rows
2025-04-14 03:36:36,645 - INFO - Extracted: Concourse - 15-Oct-24
2025-04-14 03:36:36,680 - INFO - Extracted: Stockguard - 15-Oct-24
2025-04-14 03:36:36,783 - INFO - Extracted: Neuron7.ai - 15-Oct-24
2025-04-14 03:36:36,808 - INFO - Extracted: Parakeet Health - 15-Oct-24
2025-04-14 03:36:36,834 - INFO - Extracted: Dryvebox - 14-Oct-24
2025-04-14 03:36:36,859 - INFO - Extracted: Blockcast - 14-Oct-24
2025-04-14 03:36:36,886 - INFO - Extracted: Cavecrack - 13-Oct-24
2025-04-14 03:36:36,915 - INFO - Extracted: Cerebelly - 10-Oct-24
2025-04-14 03:36:36,940 - INFO - Extracted: Suki - 10-Oct-24
2025-04-14 03:36:36,966 - INFO - Extracted: CytoVale - 10-Oct-24
2025-04-14 03:36:36,991 - INFO - Extracted: Zeal - 10-Oct-24
2025-04-14 03:36:37,017 - INFO - Extracted: Vidoc Security Lab - 10-Oct-24
2025-04-14 03:36:37,052 - INFO - Extracted: Relyance AI - 10-Oct-24
2025-04-14 03:36:37,081 - INFO - Extracted: Numeric - 10-Oct-24
2025-04-14 03:36:37,107 - INFO - Extracted: COVU - 10-Oct-24
2025-04-14 03:36:37,131 - INFO - Extracted: ApertureData - 10-Oct-24
2025-04-14 03:36:37,155 - INFO - Extracted: MiLaboratories - 10-Oct-24
2025-04-14 03:36:37,180 - INFO - Extracted: Glooko - 10-Oct-24
2025-04-14 03:36:37,204 - INFO - Extracted: IncumbentFI - 10-Oct-24
2025-04-14 03:36:37,229 - INFO - Extracted: Prophecy.io - 10-Oct-24
2025-04-14 03:36:37,229 - INFO - Successfully extracted 20 new companies from page 13
2025-04-14 03:36:37,229 - INFO - Attempting to navigate from page 13
2025-04-14 03:36:42,862 - INFO - JavaScript verification confirmed page changed
2025-04-14 03:36:44,043 - INFO - Extracting data from page 14
2025-04-14 03:36:45,015 - INFO - Trying standard table extraction
2025-04-14 03:36:45,045 - INFO - Found 21 potential data rows
2025-04-14 03:36:45,093 - INFO - Extracted: Sidepit - 10-Oct-24
2025-04-14 03:36:45,118 - INFO - Extracted: Astrix Health - 10-Oct-24
2025-04-14 03:36:45,142 - INFO - Extracted: CEQAbase - 9-Oct-24
2025-04-14 03:36:45,168 - INFO - Extracted: SimX - 9-Oct-24
2025-04-14 03:36:45,194 - INFO - Extracted: Bigeye - 9-Oct-24
2025-04-14 03:36:45,217 - INFO - Extracted: Drawer AI - 9-Oct-24
2025-04-14 03:36:45,241 - INFO - Extracted: Vultron - 9-Oct-24
2025-04-14 03:36:45,266 - INFO - Extracted: AppShip - 9-Oct-24
2025-04-14 03:36:45,290 - INFO - Extracted: EvenUp - 8-Oct-24
2025-04-14 03:36:45,315 - INFO - Extracted: Tele911 - 8-Oct-24
2025-04-14 03:36:45,339 - INFO - Extracted: Kiva AI - 8-Oct-24
2025-04-14 03:36:45,363 - INFO - Extracted: Selonterra - 8-Oct-24
2025-04-14 03:36:45,388 - INFO - Extracted: Unify - 8-Oct-24
2025-04-14 03:36:45,412 - INFO - Extracted: Third Dimension AI - 8-Oct-24
2025-04-14 03:36:45,436 - INFO - Extracted: Distributional - 8-Oct-24
2025-04-14 03:36:45,461 - INFO - Extracted: Truthset - 8-Oct-24
2025-04-14 03:36:45,485 - INFO - Extracted: Stream - 8-Oct-24
2025-04-14 03:36:45,509 - INFO - Extracted: InterVene - 7-Oct-24
2025-04-14 03:36:45,533 - INFO - Extracted: Treya Partners - 7-Oct-24
2025-04-14 03:36:45,557 - INFO - Extracted: VESSL AI - 7-Oct-24
2025-04-14 03:36:45,557 - INFO - Successfully extracted 20 new companies from page 14
2025-04-14 03:36:45,557 - INFO - Attempting to navigate from page 14
2025-04-14 03:36:51,704 - INFO - JavaScript verification confirmed page changed
2025-04-14 03:36:52,649 - INFO - Extracting data from page 15
2025-04-14 03:36:53,857 - INFO - Trying standard table extraction
2025-04-14 03:36:53,880 - INFO - Found 21 potential data rows
2025-04-14 03:36:53,921 - INFO - Extracted: IOMETE - 7-Oct-24
2025-04-14 03:36:53,954 - INFO - Extracted: Kavia AI - 3-Oct-24
2025-04-14 03:36:53,978 - INFO - Extracted: OpenAI - 3-Oct-24
2025-04-14 03:36:54,002 - INFO - Extracted: Paren - 3-Oct-24
2025-04-14 03:36:54,026 - INFO - Extracted: Integrated Biosciences - 3-Oct-24
2025-04-14 03:36:54,051 - INFO - Extracted: Booksy - 3-Oct-24
2025-04-14 03:36:54,074 - INFO - Extracted: Voyage AI - 3-Oct-24
2025-04-14 03:36:54,099 - INFO - Extracted: Valdera - 3-Oct-24
2025-04-14 03:36:54,122 - INFO - Extracted: Visolis - 3-Oct-24
2025-04-14 03:36:54,146 - INFO - Extracted: GuRu - 2-Oct-24
2025-04-14 03:36:54,170 - INFO - Extracted: Permanent - 2-Oct-24
2025-04-14 03:36:54,194 - INFO - Extracted: Poolside - 2-Oct-24
2025-04-14 03:36:54,218 - INFO - Extracted: Pallet - 2-Oct-24
2025-04-14 03:36:54,242 - INFO - Extracted: Billables AI - 2-Oct-24
2025-04-14 03:36:54,266 - INFO - Extracted: Reducto - 2-Oct-24
2025-04-14 03:36:54,289 - INFO - Extracted: Arda Therapeutics - 1-Oct-24
2025-04-14 03:36:54,313 - INFO - Extracted: Aspect Build - 1-Oct-24
2025-04-14 03:36:54,337 - INFO - Extracted: Synedgen - 1-Oct-24
2025-04-14 03:36:54,360 - INFO - Extracted: DataPelago - 1-Oct-24
2025-04-14 03:36:54,384 - INFO - Extracted: Neeve - 30-Sep-24
2025-04-14 03:36:54,384 - INFO - Successfully extracted 20 new companies from page 15
2025-04-14 03:36:54,384 - INFO - Attempting to navigate from page 15
2025-04-14 03:37:00,755 - INFO - JavaScript verification confirmed page changed
2025-04-14 03:37:01,406 - INFO - Extracting data from page 16
2025-04-14 03:37:02,101 - INFO - Trying standard table extraction
2025-04-14 03:37:02,131 - INFO - Found 21 potential data rows
2025-04-14 03:37:02,183 - INFO - Extracted: Artisan AI - 30-Sep-24
2025-04-14 03:37:02,208 - INFO - Extracted: Gladly - 26-Sep-24
2025-04-14 03:37:02,240 - INFO - Extracted: PlayWorks - 26-Sep-24
2025-04-14 03:37:02,264 - INFO - Extracted: Bemi - 26-Sep-24
2025-04-14 03:37:02,288 - INFO - Extracted: Superb AI - 26-Sep-24
2025-04-14 03:37:02,312 - INFO - Extracted: SKY Leasing - 26-Sep-24
2025-04-14 03:37:02,337 - INFO - Extracted: AssetHub - 25-Sep-24
2025-04-14 03:37:02,362 - INFO - Extracted: Feno - 25-Sep-24
2025-04-14 03:37:02,386 - INFO - Extracted: Supabase - 25-Sep-24
2025-04-14 03:37:02,410 - INFO - Extracted: Whatfix - 25-Sep-24
2025-04-14 03:37:02,433 - INFO - Extracted: SnippetSentry - 25-Sep-24
2025-04-14 03:37:02,456 - INFO - Extracted: FluidLogic - 24-Sep-24
2025-04-14 03:37:02,480 - INFO - Extracted: Distyl AI - 24-Sep-24
2025-04-14 03:37:02,505 - INFO - Extracted: Icon Savings Plan - 24-Sep-24
2025-04-14 03:37:02,529 - INFO - Extracted: UJET - 24-Sep-24
2025-04-14 03:37:02,555 - INFO - Extracted: Anadro - 24-Sep-24
2025-04-14 03:37:02,582 - INFO - Extracted: Atlys - 24-Sep-24
2025-04-14 03:37:02,605 - INFO - Extracted: Datapad - 24-Sep-24
2025-04-14 03:37:02,628 - INFO - Extracted: Altimate AI - 23-Sep-24
2025-04-14 03:37:02,652 - INFO - Extracted: Harmonic - 23-Sep-24
2025-04-14 03:37:02,652 - INFO - Successfully extracted 20 new companies from page 16
2025-04-14 03:37:02,652 - INFO - Attempting to navigate from page 16
2025-04-14 03:37:08,197 - INFO - JavaScript verification confirmed page changed
2025-04-14 03:37:08,967 - INFO - Extracting data from page 17
2025-04-14 03:37:09,838 - INFO - Trying standard table extraction
2025-04-14 03:37:09,865 - INFO - Found 21 potential data rows
2025-04-14 03:37:09,914 - INFO - Extracted: Genome Medical - 23-Sep-24
2025-04-14 03:37:09,940 - INFO - Extracted: Hippocratic AI - 19-Sep-24
2025-04-14 03:37:09,965 - INFO - Extracted: Akia - 19-Sep-24
2025-04-14 03:37:09,996 - INFO - Extracted: Ferrum Health - 19-Sep-24
2025-04-14 03:37:10,030 - INFO - Extracted: Twelve - 19-Sep-24
2025-04-14 03:37:10,053 - INFO - Extracted: Aclima - 19-Sep-24
2025-04-14 03:37:10,076 - INFO - Extracted: AtoB - 19-Sep-24
2025-04-14 03:37:10,101 - INFO - Extracted: Picus Security - 19-Sep-24
2025-04-14 03:37:10,125 - INFO - Extracted: Oro Labs - 18-Sep-24
2025-04-14 03:37:10,148 - INFO - Extracted: Fal - 18-Sep-24
2025-04-14 03:37:10,172 - INFO - Extracted: Mercor - 18-Sep-24
2025-04-14 03:37:10,195 - INFO - Extracted: Harvest Thermal - 18-Sep-24
2025-04-14 03:37:10,219 - INFO - Extracted: CodePath - 18-Sep-24
2025-04-14 03:37:10,243 - INFO - Extracted: Hgen - 17-Sep-24
2025-04-14 03:37:10,268 - INFO - Extracted: Orb - 17-Sep-24
2025-04-14 03:37:10,292 - INFO - Extracted: Mindtrip - 17-Sep-24
2025-04-14 03:37:10,316 - INFO - Extracted: Futuro Health - 17-Sep-24
2025-04-14 03:37:10,339 - INFO - Extracted: Prof Jim - 17-Sep-24
2025-04-14 03:37:10,364 - INFO - Extracted: TeamBridge - 16-Sep-24
2025-04-14 03:37:10,388 - INFO - Extracted: World Labs - 13-Sep-24
2025-04-14 03:37:10,388 - INFO - Successfully extracted 20 new companies from page 17
2025-04-14 03:37:10,388 - INFO - Attempting to navigate from page 17
2025-04-14 03:37:16,125 - INFO - JavaScript verification confirmed page changed
2025-04-14 03:37:16,689 - INFO - Extracting data from page 18
2025-04-14 03:37:17,460 - INFO - Trying standard table extraction
2025-04-14 03:37:17,489 - INFO - Found 21 potential data rows
2025-04-14 03:37:17,540 - INFO - Extracted: Operant - 12-Sep-24
2025-04-14 03:37:17,566 - INFO - Extracted: Bounti.ai - 12-Sep-24
2025-04-14 03:37:17,590 - INFO - Extracted: Connectly.ai - 11-Sep-24
2025-04-14 03:37:17,613 - INFO - Extracted: Nostra AI - 11-Sep-24
2025-04-14 03:37:17,637 - INFO - Extracted: Candid Health - 11-Sep-24
2025-04-14 03:37:17,670 - INFO - Extracted: Polly - 10-Sep-24
2025-04-14 03:37:17,694 - INFO - Extracted: Glean - 10-Sep-24
2025-04-14 03:37:17,718 - INFO - Extracted: Reshape Automation - 10-Sep-24
2025-04-14 03:37:17,742 - INFO - Extracted: Infinium - 10-Sep-24
2025-04-14 03:37:17,769 - INFO - Extracted: Blended Technologies - 10-Sep-24
2025-04-14 03:37:17,795 - INFO - Extracted: AttoTude - 10-Sep-24
2025-04-14 03:37:17,819 - INFO - Extracted: Neurona Therapeutics - 10-Sep-24
2025-04-14 03:37:17,843 - INFO - Extracted: P0 Security - 10-Sep-24
2025-04-14 03:37:17,868 - INFO - Extracted: PIN AI - 9-Sep-24
2025-04-14 03:37:17,891 - INFO - Extracted: Race - 9-Sep-24
2025-04-14 03:37:17,917 - INFO - Extracted: OrsoBio - 6-Sep-24
2025-04-14 03:37:17,941 - INFO - Extracted: DubClub - 5-Sep-24
2025-04-14 03:37:17,964 - INFO - Extracted: Thatch - 5-Sep-24
2025-04-14 03:37:17,988 - INFO - Extracted: Drip Capital - 5-Sep-24
2025-04-14 03:37:18,010 - INFO - Extracted: Acuvity - 5-Sep-24
2025-04-14 03:37:18,010 - INFO - Successfully extracted 20 new companies from page 18
2025-04-14 03:37:18,011 - INFO - Attempting to navigate from page 18
2025-04-14 03:37:23,857 - INFO - JavaScript verification confirmed page changed
2025-04-14 03:37:24,479 - INFO - Extracting data from page 19
2025-04-14 03:37:24,954 - INFO - Trying standard table extraction
2025-04-14 03:37:24,973 - INFO - Found 21 potential data rows
2025-04-14 03:37:25,012 - INFO - Extracted: Portex - 5-Sep-24
2025-04-14 03:37:25,036 - INFO - Extracted: Agree.com - 5-Sep-24
2025-04-14 03:37:25,059 - INFO - Extracted: Fiddler AI - 5-Sep-24
2025-04-14 03:37:25,084 - INFO - Extracted: Cortex - 4-Sep-24
2025-04-14 03:37:25,107 - INFO - Extracted: ArsenalBio - 4-Sep-24
2025-04-14 03:37:25,131 - INFO - Extracted: Ceres Imaging - 4-Sep-24
2025-04-14 03:37:25,156 - INFO - Extracted: Venova Medical - 4-Sep-24
2025-04-14 03:37:25,188 - INFO - Extracted: Climax Foods - 4-Sep-24
2025-04-14 03:37:25,213 - INFO - Extracted: Flex - 4-Sep-24
2025-04-14 03:37:25,238 - INFO - Extracted: Circle Pharma - 3-Sep-24
2025-04-14 03:37:25,263 - INFO - Extracted: Segmed - 3-Sep-24
2025-04-14 03:37:25,287 - INFO - Extracted: Linea Energy - 3-Sep-24
2025-04-14 03:37:25,311 - INFO - Extracted: Gainful - 3-Sep-24
2025-04-14 03:37:25,335 - INFO - Extracted: Mintlify - 3-Sep-24
2025-04-14 03:37:25,359 - INFO - Extracted: Magic Lifescience - 3-Sep-24
2025-04-14 03:37:25,383 - INFO - Extracted: Approveit - 2-Sep-24
2025-04-14 03:37:25,406 - INFO - Extracted: Weeknd - 1-Sep-24
2025-04-14 03:37:25,430 - INFO - Extracted: Crafty Apes - 30-Aug-24
2025-04-14 03:37:25,455 - INFO - Extracted: Codeium - 29-Aug-24
2025-04-14 03:37:25,478 - INFO - Extracted: MIRIS - 29-Aug-24
2025-04-14 03:37:25,479 - INFO - Successfully extracted 20 new companies from page 19
2025-04-14 03:37:25,479 - INFO - Attempting to navigate from page 19
2025-04-14 03:37:31,815 - INFO - JavaScript verification confirmed page changed
2025-04-14 03:37:32,934 - INFO - Extracting data from page 20
2025-04-14 03:37:34,193 - INFO - Trying standard table extraction
2025-04-14 03:37:34,218 - INFO - Found 21 potential data rows
2025-04-14 03:37:34,266 - INFO - Extracted: nOps - 28-Aug-24
2025-04-14 03:37:34,303 - INFO - Extracted: Uplift Labs - 28-Aug-24
2025-04-14 03:37:34,335 - INFO - Extracted: Opus Clip - 28-Aug-24
2025-04-14 03:37:34,365 - INFO - Extracted: Bland AI - 28-Aug-24
2025-04-14 03:37:34,389 - INFO - Extracted: Noetik - 28-Aug-24
2025-04-14 03:37:34,414 - INFO - Extracted: Inventive AI - 28-Aug-24
2025-04-14 03:37:34,438 - INFO - Extracted: Linker Finance - 27-Aug-24
2025-04-14 03:37:34,464 - INFO - Extracted: ProhostAI - 27-Aug-24
2025-04-14 03:37:34,488 - INFO - Extracted: Cribl - 27-Aug-24
2025-04-14 03:37:34,521 - INFO - Extracted: Gameplay Galaxy - 27-Aug-24
2025-04-14 03:37:34,548 - INFO - Extracted: Spire Global - 27-Aug-24
2025-04-14 03:37:34,573 - INFO - Extracted: Fleet - 27-Aug-24
2025-04-14 03:37:34,597 - INFO - Extracted: just words - 27-Aug-24
2025-04-14 03:37:34,621 - INFO - Extracted: Planera - 27-Aug-24
2025-04-14 03:37:34,645 - INFO - Extracted: Clearway Energy Group - 26-Aug-24
2025-04-14 03:37:34,670 - INFO - Extracted: Tavoro - 26-Aug-24
2025-04-14 03:37:34,693 - INFO - Extracted: Accession Risk Management Group - 22-Aug-24
2025-04-14 03:37:34,718 - INFO - Extracted: Openwater - 22-Aug-24
2025-04-14 03:37:34,742 - INFO - Extracted: Scale AI - 21-Aug-24
2025-04-14 03:37:34,767 - INFO - Extracted: Kodiak Robotics - 21-Aug-24
2025-04-14 03:37:34,767 - INFO - Successfully extracted 20 new companies from page 20
2025-04-14 03:37:34,767 - INFO - Attempting to navigate from page 20
2025-04-14 03:37:39,796 - INFO - JavaScript verification confirmed page changed
2025-04-14 03:37:40,924 - INFO - Extracting data from page 21
2025-04-14 03:37:41,535 - INFO - Trying standard table extraction
2025-04-14 03:37:41,564 - INFO - Found 21 potential data rows
2025-04-14 03:37:41,612 - INFO - Extracted: Qualified Digital - 21-Aug-24
2025-04-14 03:37:41,638 - INFO - Extracted: Skyfire Systems - 21-Aug-24
2025-04-14 03:37:41,663 - INFO - Extracted: XII Medical - 21-Aug-24
2025-04-14 03:37:41,686 - INFO - Extracted: Piramidal - 21-Aug-24
2025-04-14 03:37:41,711 - INFO - Extracted: Lettuce Financial - 21-Aug-24
2025-04-14 03:37:41,735 - INFO - Extracted: Enteligent - 20-Aug-24
2025-04-14 03:37:41,759 - INFO - Extracted: Starpath Robotics - 20-Aug-24
2025-04-14 03:37:41,786 - INFO - Extracted: Kubiya.ai - 20-Aug-24
2025-04-14 03:37:41,809 - INFO - Extracted: Marathon Fusion - 20-Aug-24
2025-04-14 03:37:41,833 - INFO - Extracted: Pangeam Inc. - 20-Aug-24
2025-04-14 03:37:41,856 - INFO - Extracted: Eppo - 20-Aug-24
2025-04-14 03:37:41,889 - INFO - Extracted: Fortera - 20-Aug-24
2025-04-14 03:37:41,915 - INFO - Extracted: Exin Health - 19-Aug-24
2025-04-14 03:37:41,939 - INFO - Extracted: Fabric Cryptography - 19-Aug-24
2025-04-14 03:37:41,963 - INFO - Extracted: Ensemble AI - 15-Aug-24
2025-04-14 03:37:41,987 - INFO - Extracted: Era Finance - 15-Aug-24
2025-04-14 03:37:42,011 - INFO - Extracted: Kiteworks - 14-Aug-24
2025-04-14 03:37:42,035 - INFO - Extracted: nunu.ai - 14-Aug-24
2025-04-14 03:37:42,060 - INFO - Extracted: Moximed - 13-Aug-24
2025-04-14 03:37:42,084 - INFO - Extracted: Guidewheel - 13-Aug-24
2025-04-14 03:37:42,084 - INFO - Successfully extracted 20 new companies from page 21
2025-04-14 03:37:42,084 - INFO - Attempting to navigate from page 21
2025-04-14 03:37:47,709 - INFO - JavaScript verification confirmed page changed
2025-04-14 03:37:48,451 - INFO - Extracting data from page 22
2025-04-14 03:37:49,195 - INFO - Trying standard table extraction
2025-04-14 03:37:49,206 - INFO - Found 21 potential data rows
2025-04-14 03:37:49,240 - INFO - Extracted: Cision Vision - 13-Aug-24
2025-04-14 03:37:49,266 - INFO - Extracted: PayZen - 13-Aug-24
2025-04-14 03:37:49,290 - INFO - Extracted: Voltera - 13-Aug-24
2025-04-14 03:37:49,314 - INFO - Extracted: HeatMap, Inc - 13-Aug-24
2025-04-14 03:37:49,343 - INFO - Extracted: Cosine - 12-Aug-24
2025-04-14 03:37:49,371 - INFO - Extracted: DevRev - 9-Aug-24
2025-04-14 03:37:49,399 - INFO - Extracted: Double - 9-Aug-24
2025-04-14 03:37:49,424 - INFO - Extracted: Brisk Teaching - 9-Aug-24
2025-04-14 03:37:49,449 - INFO - Extracted: Feeling Great - 8-Aug-24
2025-04-14 03:37:49,473 - INFO - Extracted: Reforged Labs - 8-Aug-24
2025-04-14 03:37:49,498 - INFO - Extracted: Opal - 8-Aug-24
2025-04-14 03:37:49,536 - INFO - Extracted: Switchback Systems - 8-Aug-24
2025-04-14 03:37:49,560 - INFO - Extracted: Bardeen - 8-Aug-24
2025-04-14 03:37:49,585 - INFO - Extracted: Bryte - 8-Aug-24
2025-04-14 03:37:49,609 - INFO - Extracted: Ionetix - 7-Aug-24
2025-04-14 03:37:49,633 - INFO - Extracted: Anjuna - 7-Aug-24
2025-04-14 03:37:49,657 - INFO - Extracted: Flow - 7-Aug-24
2025-04-14 03:37:49,682 - INFO - Extracted: Napkin AI - 7-Aug-24
2025-04-14 03:37:49,706 - INFO - Extracted: Datch - 7-Aug-24
2025-04-14 03:37:49,730 - INFO - Extracted: Greptime - 7-Aug-24
2025-04-14 03:37:49,730 - INFO - Successfully extracted 20 new companies from page 22
2025-04-14 03:37:49,730 - INFO - Attempting to navigate from page 22
2025-04-14 03:37:55,914 - INFO - JavaScript verification confirmed page changed
2025-04-14 03:37:56,668 - INFO - Extracting data from page 23
2025-04-14 03:37:57,427 - INFO - Trying standard table extraction
2025-04-14 03:37:57,456 - INFO - Found 21 potential data rows
2025-04-14 03:37:57,509 - INFO - Extracted: Sundial - 6-Aug-24
2025-04-14 03:37:57,538 - INFO - Extracted: Mechanical Orchard - 6-Aug-24
2025-04-14 03:37:57,573 - INFO - Extracted: MentalHappy - 6-Aug-24
2025-04-14 03:37:57,607 - INFO - Extracted: Abnormal Security - 6-Aug-24
2025-04-14 03:37:57,636 - INFO - Extracted: Climatize - 6-Aug-24
2025-04-14 03:37:57,661 - INFO - Extracted: Shinobi Therapeutics - 6-Aug-24
2025-04-14 03:37:57,687 - INFO - Extracted: Curio Research - 6-Aug-24
2025-04-14 03:37:57,729 - INFO - Extracted: Muon Space - 5-Aug-24
2025-04-14 03:37:57,755 - INFO - Extracted: Groq - 5-Aug-24
2025-04-14 03:37:57,780 - INFO - Extracted: AutoComplete - 5-Aug-24
2025-04-14 03:37:57,804 - INFO - Extracted: Solarcycle - 1-Aug-24
2025-04-14 03:37:57,846 - INFO - Extracted: Hedra - 1-Aug-24
2025-04-14 03:37:57,891 - INFO - Extracted: Skillfully - 1-Aug-24
2025-04-14 03:37:57,928 - INFO - Extracted: Global Predictions - 1-Aug-24
2025-04-14 03:37:57,953 - INFO - Extracted: Tezi - 31-Jul-24
2025-04-14 03:37:57,983 - INFO - Extracted: Thumbtack - 31-Jul-24
2025-04-14 03:37:58,014 - INFO - Extracted: Swords to Plowshares - 31-Jul-24
2025-04-14 03:37:58,039 - INFO - Extracted: Ema - 31-Jul-24
2025-04-14 03:37:58,069 - INFO - Extracted: Endari - 31-Jul-24
2025-04-14 03:37:58,097 - INFO - Extracted: Streamkap - 31-Jul-24
2025-04-14 03:37:58,097 - INFO - Successfully extracted 20 new companies from page 23
2025-04-14 03:37:58,097 - INFO - Attempting to navigate from page 23
2025-04-14 03:38:04,052 - INFO - JavaScript verification confirmed page changed
2025-04-14 03:38:05,099 - INFO - Extracting data from page 24
2025-04-14 03:38:05,608 - INFO - Trying standard table extraction
2025-04-14 03:38:05,639 - INFO - Found 21 potential data rows
2025-04-14 03:38:05,687 - INFO - Extracted: Rhombus Systems - 30-Jul-24
2025-04-14 03:38:05,712 - INFO - Extracted: Credo AI - 30-Jul-24
2025-04-14 03:38:05,736 - INFO - Extracted: Montara Therapeutics - 30-Jul-24
2025-04-14 03:38:05,760 - INFO - Extracted: Haus - 30-Jul-24
2025-04-14 03:38:05,784 - INFO - Extracted: Sybill AI - 30-Jul-24
2025-04-14 03:38:05,808 - INFO - Extracted: Aviato - 30-Jul-24
2025-04-14 03:38:05,831 - INFO - Extracted: LTZ Therapeutics - 30-Jul-24
2025-04-14 03:38:05,855 - INFO - Extracted: unspun - 29-Jul-24
2025-04-14 03:38:05,879 - INFO - Extracted: OnSight - 29-Jul-24
2025-04-14 03:38:05,902 - INFO - Extracted: Rillet - 29-Jul-24
2025-04-14 03:38:05,925 - INFO - Extracted: ReviR Therapeutics - 26-Jul-24
2025-04-14 03:38:05,949 - INFO - Extracted: Cowbell - 26-Jul-24
2025-04-14 03:38:06,002 - INFO - Extracted: Imperative Care - 25-Jul-24
2025-04-14 03:38:06,026 - INFO - Extracted: IntelePeer - 25-Jul-24
2025-04-14 03:38:06,050 - INFO - Extracted: EtherWhere - 25-Jul-24
2025-04-14 03:38:06,073 - INFO - Extracted: InnerPlant - 25-Jul-24
2025-04-14 03:38:06,097 - INFO - Extracted: Vanta - 24-Jul-24
2025-04-14 03:38:06,120 - INFO - Extracted: Recurrent Energy - 24-Jul-24
2025-04-14 03:38:06,144 - INFO - Extracted: Dazz - 24-Jul-24
2025-04-14 03:38:06,167 - INFO - Extracted: Sound Health - 24-Jul-24
2025-04-14 03:38:06,167 - INFO - Successfully extracted 20 new companies from page 24
2025-04-14 03:38:06,167 - INFO - Attempting to navigate from page 24
2025-04-14 03:38:11,738 - INFO - JavaScript verification confirmed page changed
2025-04-14 03:38:12,662 - INFO - Extracting data from page 25
2025-04-14 03:38:13,069 - INFO - Trying standard table extraction
2025-04-14 03:38:13,097 - INFO - Found 21 potential data rows
2025-04-14 03:38:13,145 - INFO - Extracted: Hume Supernatural - 24-Jul-24
2025-04-14 03:38:13,170 - INFO - Extracted: Blumen Systems - 24-Jul-24
2025-04-14 03:38:13,194 - INFO - Extracted: Lakera AI - 24-Jul-24
2025-04-14 03:38:13,218 - INFO - Extracted: Astranis - 24-Jul-24
2025-04-14 03:38:13,243 - INFO - Extracted: Joy - 24-Jul-24
2025-04-14 03:38:13,267 - INFO - Extracted: Caldera - 24-Jul-24
2025-04-14 03:38:13,290 - INFO - Extracted: IncellDx - 23-Jul-24
2025-04-14 03:38:13,313 - INFO - Extracted: Powder - 23-Jul-24
2025-04-14 03:38:13,337 - INFO - Extracted: Harvey - 23-Jul-24
2025-04-14 03:38:13,360 - INFO - Extracted: Placer.ai - 23-Jul-24
2025-04-14 03:38:13,383 - INFO - Extracted: Momentum - 23-Jul-24
2025-04-14 03:38:13,408 - INFO - Extracted: SirenOpt - 23-Jul-24
2025-04-14 03:38:13,439 - INFO - Extracted: Uplimit - 23-Jul-24
2025-04-14 03:38:13,463 - INFO - Extracted: Mytra - 23-Jul-24
2025-04-14 03:38:13,486 - INFO - Extracted: Level AI - 23-Jul-24
2025-04-14 03:38:13,509 - INFO - Extracted: Alixia - 23-Jul-24
2025-04-14 03:38:13,533 - INFO - Extracted: Elly Analytics, Inc. - 22-Jul-24
2025-04-14 03:38:13,555 - INFO - Extracted: Noded Ai - 22-Jul-24
2025-04-14 03:38:13,579 - INFO - Extracted: EdgeRunner AI - 18-Jul-24
2025-04-14 03:38:13,602 - INFO - Extracted: Arrcus - 18-Jul-24
2025-04-14 03:38:13,602 - INFO - Successfully extracted 20 new companies from page 25
2025-04-14 03:38:13,602 - INFO - Attempting to navigate from page 25
2025-04-14 03:38:19,310 - INFO - JavaScript verification confirmed page changed
2025-04-14 03:38:19,876 - INFO - Extracting data from page 26
2025-04-14 03:38:20,445 - INFO - Trying standard table extraction
2025-04-14 03:38:20,466 - INFO - Found 21 potential data rows
2025-04-14 03:38:20,505 - INFO - Extracted: Juno - 18-Jul-24
2025-04-14 03:38:20,530 - INFO - Extracted: d.light - 17-Jul-24
2025-04-14 03:38:20,562 - INFO - Extracted: Human Interest - 17-Jul-24
2025-04-14 03:38:20,588 - INFO - Extracted: Caltech - 17-Jul-24
2025-04-14 03:38:20,611 - INFO - Extracted: NGM Biopharmaceuticals - 17-Jul-24
2025-04-14 03:38:20,635 - INFO - Extracted: aiXplain - 17-Jul-24
2025-04-14 03:38:20,659 - INFO - Extracted: Ohlone College - 17-Jul-24
2025-04-14 03:38:20,683 - INFO - Extracted: Slope - 17-Jul-24
2025-04-14 03:38:20,706 - INFO - Extracted: Matera - 17-Jul-24
2025-04-14 03:38:20,730 - INFO - Extracted: Solideon - 17-Jul-24
2025-04-14 03:38:20,754 - INFO - Extracted: Vectara - 16-Jul-24
2025-04-14 03:38:20,779 - INFO - Extracted: Tekion - 16-Jul-24
2025-04-14 03:38:20,811 - INFO - Extracted: The San Francisco Compute Company - 16-Jul-24
2025-04-14 03:38:20,834 - INFO - Extracted: DreamBig Semiconductor - 16-Jul-24
2025-04-14 03:38:20,858 - INFO - Extracted: Echo Chunk AI - 16-Jul-24
2025-04-14 03:38:20,881 - INFO - Extracted: Botrista Technology - 16-Jul-24
2025-04-14 03:38:20,904 - INFO - Extracted: Dusk - 16-Jul-24
2025-04-14 03:38:20,927 - INFO - Extracted: Sphere Technology Holdings - 15-Jul-24
2025-04-14 03:38:20,951 - INFO - Extracted: Halo Industries - 15-Jul-24
2025-04-14 03:38:20,973 - INFO - Extracted: NeuSpera Medical - 15-Jul-24
2025-04-14 03:38:20,974 - INFO - Successfully extracted 20 new companies from page 26
2025-04-14 03:38:20,974 - INFO - Attempting to navigate from page 26
2025-04-14 03:38:26,276 - INFO - JavaScript verification confirmed page changed
2025-04-14 03:38:26,676 - INFO - Extracting data from page 27
2025-04-14 03:38:27,159 - INFO - Trying standard table extraction
2025-04-14 03:38:27,187 - INFO - Found 21 potential data rows
2025-04-14 03:38:27,234 - INFO - Extracted: Metabase Q - 15-Jul-24
2025-04-14 03:38:27,263 - INFO - Extracted: Vivoo - 15-Jul-24
2025-04-14 03:38:27,286 - INFO - Extracted: SmarterLicense - 15-Jul-24
2025-04-14 03:38:27,309 - INFO - Extracted: Digestiva - 15-Jul-24
2025-04-14 03:38:27,332 - INFO - Extracted: Odyssey - 12-Jul-24
2025-04-14 03:38:27,354 - INFO - Extracted: Armada - 11-Jul-24
2025-04-14 03:38:27,377 - INFO - Extracted: Mantle - 10-Jul-24
2025-04-14 03:38:27,400 - INFO - Extracted: Lekko - 10-Jul-24
2025-04-14 03:38:27,423 - INFO - Extracted: Hayden AI - 10-Jul-24
2025-04-14 03:38:27,446 - INFO - Extracted: Adona Medical - 10-Jul-24
2025-04-14 03:38:27,469 - INFO - Extracted: Safe Passages - 9-Jul-24
2025-04-14 03:38:27,502 - INFO - Extracted: Valo.ai - 9-Jul-24
2025-04-14 03:38:27,525 - INFO - Extracted: Volley - 9-Jul-24
2025-04-14 03:38:27,549 - INFO - Extracted: Accend - 9-Jul-24
2025-04-14 03:38:27,572 - INFO - Extracted: NovoNutrients - 9-Jul-24
2025-04-14 03:38:27,596 - INFO - Extracted: Default - 8-Jul-24
2025-04-14 03:38:27,618 - INFO - Extracted: Cartken - 3-Jul-24
2025-04-14 03:38:27,641 - INFO - Extracted: Granza Bio - 3-Jul-24
2025-04-14 03:38:27,664 - INFO - Extracted: Frontier Energy - 2-Jul-24
2025-04-14 03:38:27,687 - INFO - Extracted: BRB APP INC - 1-Jul-24
2025-04-14 03:38:27,687 - INFO - Successfully extracted 20 new companies from page 27
2025-04-14 03:38:27,687 - INFO - Attempting to navigate from page 27
2025-04-14 03:38:33,655 - INFO - JavaScript verification confirmed page changed
2025-04-14 03:38:34,146 - INFO - Extracting data from page 28
2025-04-14 03:38:35,355 - INFO - Trying standard table extraction
2025-04-14 03:38:35,375 - INFO - Found 21 potential data rows
2025-04-14 03:38:35,414 - INFO - Extracted: UptimeAI - 1-Jul-24
2025-04-14 03:38:35,438 - INFO - Extracted: AnswerGrid - 1-Jul-24
2025-04-14 03:38:35,461 - INFO - Extracted: Senti Biosciences - 1-Jul-24
2025-04-14 03:38:35,484 - INFO - Extracted: Pivot Robots - 1-Jul-24
2025-04-14 03:38:35,507 - INFO - Extracted: Odaseva - 27-Jun-24
2025-04-14 03:38:35,531 - INFO - Extracted: Aether Fuels - 27-Jun-24
2025-04-14 03:38:35,554 - INFO - Extracted: GetReal Labs - 27-Jun-24
2025-04-14 03:38:35,576 - INFO - Extracted: Fetchflow - 27-Jun-24
2025-04-14 03:38:35,600 - INFO - Extracted: KarmaCheck - 27-Jun-24
2025-04-14 03:38:35,623 - INFO - Extracted: Clearstory.build - 27-Jun-24
2025-04-14 03:38:35,646 - INFO - Extracted: Foodsmart - 26-Jun-24
2025-04-14 03:38:35,677 - INFO - Extracted: Ario - 26-Jun-24
2025-04-14 03:38:35,700 - INFO - Extracted: Rondo Energy - 26-Jun-24
2025-04-14 03:38:35,724 - INFO - Extracted: Onehouse - 26-Jun-24
2025-04-14 03:38:35,747 - INFO - Extracted: Frontier Medicines - 25-Jun-24
2025-04-14 03:38:35,770 - INFO - Extracted: Conduit - 25-Jun-24
2025-04-14 03:38:35,793 - INFO - Extracted: Cloudian - 25-Jun-24
2025-04-14 03:38:35,816 - INFO - Extracted: Asteri AI - 25-Jun-24
2025-04-14 03:38:35,839 - INFO - Extracted: Antora Energy - 25-Jun-24
2025-04-14 03:38:35,863 - INFO - Extracted: VidAU - 25-Jun-24
2025-04-14 03:38:35,863 - INFO - Successfully extracted 20 new companies from page 28
2025-04-14 03:38:35,863 - INFO - Attempting to navigate from page 28
2025-04-14 03:38:42,087 - INFO - JavaScript verification confirmed page changed
2025-04-14 03:38:42,869 - INFO - Extracting data from page 29
2025-04-14 03:38:44,091 - INFO - Trying standard table extraction
2025-04-14 03:38:44,119 - INFO - Found 21 potential data rows
2025-04-14 03:38:44,166 - INFO - Extracted: Etched.ai - 25-Jun-24
2025-04-14 03:38:44,194 - INFO - Extracted: Sift - 25-Jun-24
2025-04-14 03:38:44,217 - INFO - Extracted: TwoStep Therapeutics - 25-Jun-24
2025-04-14 03:38:44,240 - INFO - Extracted: Opus1.io - 25-Jun-24
2025-04-14 03:38:44,264 - INFO - Extracted: Klarity - 24-Jun-24
2025-04-14 03:38:44,286 - INFO - Extracted: Tusk - 21-Jun-24
2025-04-14 03:38:44,309 - INFO - Extracted: MEandMine - 20-Jun-24
2025-04-14 03:38:44,334 - INFO - Extracted: Molten Industries - 20-Jun-24
2025-04-14 03:38:44,357 - INFO - Extracted: Aikido Technologies - 20-Jun-24
2025-04-14 03:38:44,380 - INFO - Extracted: Submix - 19-Jun-24
2025-04-14 03:38:44,403 - INFO - Extracted: Speechlab, Inc. - 19-Jun-24
2025-04-14 03:38:44,435 - INFO - Extracted: Specialized Packaging Group - 18-Jun-24
2025-04-14 03:38:44,459 - INFO - Extracted: Planted Solar - 18-Jun-24
2025-04-14 03:38:44,482 - INFO - Extracted: Promaxo - 18-Jun-24
2025-04-14 03:38:44,505 - INFO - Extracted: Sewer AI - 18-Jun-24
2025-04-14 03:38:44,529 - INFO - Extracted: Scoop Analytics - 18-Jun-24
2025-04-14 03:38:44,551 - INFO - Extracted: Loop Golf - 18-Jun-24
2025-04-14 03:38:44,574 - INFO - Extracted: Marea Therapeutics - 18-Jun-24
2025-04-14 03:38:44,597 - INFO - Extracted: Factory - 18-Jun-24
2025-04-14 03:38:44,620 - INFO - Extracted: Maxim - 18-Jun-24
2025-04-14 03:38:44,620 - INFO - Successfully extracted 20 new companies from page 29
2025-04-14 03:38:44,620 - INFO - Attempting to navigate from page 29
2025-04-14 03:38:50,762 - INFO - JavaScript verification confirmed page changed
2025-04-14 03:38:51,771 - INFO - Extracting data from page 30
2025-04-14 03:38:52,983 - INFO - Trying standard table extraction
2025-04-14 03:38:53,012 - INFO - Found 21 potential data rows
2025-04-14 03:38:53,060 - INFO - Extracted: Autify - 17-Jun-24
2025-04-14 03:38:53,085 - INFO - Extracted: Constructor - 17-Jun-24
2025-04-14 03:38:53,108 - INFO - Extracted: You.com - 17-Jun-24
2025-04-14 03:38:53,132 - INFO - Extracted: Take Homes - 17-Jun-24
2025-04-14 03:38:53,155 - INFO - Extracted: Aepnus Technology - 14-Jun-24
2025-04-14 03:38:53,178 - INFO - Extracted: Better Health - 13-Jun-24
2025-04-14 03:38:53,201 - INFO - Extracted: Viridian Space - 13-Jun-24
2025-04-14 03:38:53,224 - INFO - Extracted: Remmie - 12-Jun-24
2025-04-14 03:38:53,247 - INFO - Extracted: Canary Technologies - 12-Jun-24
2025-04-14 03:38:53,270 - INFO - Extracted: Grayce - 12-Jun-24
2025-04-14 03:38:53,293 - INFO - Extracted: InScope - 12-Jun-24
2025-04-14 03:38:53,325 - INFO - Extracted: Learn to Win - 12-Jun-24
2025-04-14 03:38:53,348 - INFO - Extracted: Tesseract Medical Research - 11-Jun-24
2025-04-14 03:38:53,371 - INFO - Extracted: Cyberhaven - 11-Jun-24
2025-04-14 03:38:53,395 - INFO - Extracted: Found - 11-Jun-24
2025-04-14 03:38:53,417 - INFO - Extracted: Youth Speaks - 11-Jun-24
2025-04-14 03:38:53,440 - INFO - Extracted: Perlumi - 11-Jun-24
2025-04-14 03:38:53,464 - INFO - Extracted: Nexus Laboratories - 10-Jun-24
2025-04-14 03:38:53,487 - INFO - Extracted: Pair Team - 10-Jun-24
2025-04-14 03:38:53,510 - INFO - Extracted: Gatik - 10-Jun-24
2025-04-14 03:38:53,510 - INFO - Successfully extracted 20 new companies from page 30
2025-04-14 03:38:53,510 - INFO - Attempting to navigate from page 30
2025-04-14 03:38:59,039 - INFO - JavaScript verification confirmed page changed
2025-04-14 03:38:59,908 - INFO - Extracting data from page 31
2025-04-14 03:39:01,102 - INFO - Trying standard table extraction
2025-04-14 03:39:01,131 - INFO - Found 21 potential data rows
2025-04-14 03:39:01,179 - INFO - Extracted: InSync - 8-Jun-24
2025-04-14 03:39:01,204 - INFO - Extracted: Prolific Machines - 7-Jun-24
2025-04-14 03:39:01,228 - INFO - Extracted: Portal AI - 7-Jun-24
2025-04-14 03:39:01,251 - INFO - Extracted: Rising Team - 6-Jun-24
2025-04-14 03:39:01,274 - INFO - Extracted: Greptile - 6-Jun-24
2025-04-14 03:39:01,297 - INFO - Extracted: bem - 6-Jun-24
2025-04-14 03:39:01,320 - INFO - Extracted: Boys & Girls Clubs of Fresno County - 6-Jun-24
2025-04-14 03:39:01,343 - INFO - Extracted: Cube Dev - 6-Jun-24
2025-04-14 03:39:01,366 - INFO - Extracted: Tobiko Data - 5-Jun-24
2025-04-14 03:39:01,389 - INFO - Extracted: Zingly - 5-Jun-24
2025-04-14 03:39:01,413 - INFO - Extracted: 100% Chiropractic - 5-Jun-24
2025-04-14 03:39:01,447 - INFO - Extracted: Pika - 5-Jun-24
2025-04-14 03:39:01,470 - INFO - Extracted: Xcimer Energy - 4-Jun-24
2025-04-14 03:39:01,493 - INFO - Extracted: Raydiant Oximetry - 4-Jun-24
2025-04-14 03:39:01,517 - INFO - Extracted: Vantage Discovery - 4-Jun-24
2025-04-14 03:39:01,540 - INFO - Extracted: Siren Biotechnology - 4-Jun-24
2025-04-14 03:39:01,563 - INFO - Extracted: SOFIE - 4-Jun-24
2025-04-14 03:39:01,586 - INFO - Extracted: AirMDR - 4-Jun-24
2025-04-14 03:39:01,609 - INFO - Extracted: Zum - 4-Jun-24
2025-04-14 03:39:01,632 - INFO - Extracted: Spike Technologies - 4-Jun-24
2025-04-14 03:39:01,632 - INFO - Successfully extracted 20 new companies from page 31
2025-04-14 03:39:01,632 - INFO - Attempting to navigate from page 31
2025-04-14 03:39:07,078 - INFO - JavaScript verification confirmed page changed
2025-04-14 03:39:07,726 - INFO - Extracting data from page 32
2025-04-14 03:39:08,167 - INFO - Trying standard table extraction
2025-04-14 03:39:08,195 - INFO - Found 21 potential data rows
2025-04-14 03:39:08,243 - INFO - Extracted: Pr√≥speros - 4-Jun-24
2025-04-14 03:39:08,268 - INFO - Extracted: Field Materials, Inc. - 4-Jun-24
2025-04-14 03:39:08,291 - INFO - Extracted: Viaduct - 4-Jun-24
2025-04-14 03:39:08,314 - INFO - Extracted: Tandem PV - 3-Jun-24
2025-04-14 03:39:08,337 - INFO - Extracted: Vimmerse - 3-Jun-24
2025-04-14 03:39:08,361 - INFO - Extracted: Ashby - 3-Jun-24
2025-04-14 03:39:08,384 - INFO - Extracted: Balance - 3-Jun-24
2025-04-14 03:39:08,407 - INFO - Extracted: Revi - 1-Jun-24
2025-04-14 03:39:08,430 - INFO - Extracted: Sprout HR - 1-Jun-24
2025-04-14 03:39:08,453 - INFO - Extracted: Point - 30-May-24
2025-04-14 03:39:08,476 - INFO - Extracted: Portside - 30-May-24
2025-04-14 03:39:08,509 - INFO - Extracted: Forward - 30-May-24
2025-04-14 03:39:08,532 - INFO - Extracted: Plural Energy - 30-May-24
2025-04-14 03:39:08,556 - INFO - Extracted: ZERO - 30-May-24
2025-04-14 03:39:08,579 - INFO - Extracted: Functional Finance - 30-May-24
2025-04-14 03:39:08,602 - INFO - Extracted: Valar Labs - 30-May-24
2025-04-14 03:39:08,626 - INFO - Extracted: BabylonChain - 30-May-24
2025-04-14 03:39:08,649 - INFO - Extracted: Plenful - 30-May-24
2025-04-14 03:39:08,672 - INFO - Extracted: TraceAir - 29-May-24
2025-04-14 03:39:08,695 - INFO - Extracted: Frore Systems - 29-May-24
2025-04-14 03:39:08,695 - INFO - Successfully extracted 20 new companies from page 32
2025-04-14 03:39:08,695 - INFO - Attempting to navigate from page 32
2025-04-14 03:39:15,067 - INFO - JavaScript verification confirmed page changed
2025-04-14 03:39:15,609 - INFO - Extracting data from page 33
2025-04-14 03:39:16,378 - INFO - Trying standard table extraction
2025-04-14 03:39:16,406 - INFO - Found 21 potential data rows
2025-04-14 03:39:16,452 - INFO - Extracted: Figma - 29-May-24
2025-04-14 03:39:16,477 - INFO - Extracted: Kinisi - 29-May-24
2025-04-14 03:39:16,501 - INFO - Extracted: App Orchid - 28-May-24
2025-04-14 03:39:16,524 - INFO - Extracted: OpsMx - 28-May-24
2025-04-14 03:39:16,547 - INFO - Extracted: LiveReach Media - 28-May-24
2025-04-14 03:39:16,570 - INFO - Extracted: Transcend - 28-May-24
2025-04-14 03:39:16,592 - INFO - Extracted: Aperture Finance - 28-May-24
2025-04-14 03:39:16,616 - INFO - Extracted: Felix - 28-May-24
2025-04-14 03:39:16,639 - INFO - Extracted: Sempera Organics - 24-May-24
2025-04-14 03:39:16,663 - INFO - Extracted: Heyday - 24-May-24
2025-04-14 03:39:16,686 - INFO - Extracted: Killington Technologies - 24-May-24
2025-04-14 03:39:16,720 - INFO - Extracted: Lumos - 23-May-24
2025-04-14 03:39:16,743 - INFO - Extracted: Userfront - 23-May-24
2025-04-14 03:39:16,767 - INFO - Extracted: Supermove - 23-May-24
2025-04-14 03:39:16,790 - INFO - Extracted: Aduro Advisors - 23-May-24
2025-04-14 03:39:16,813 - INFO - Extracted: forml - 23-May-24
2025-04-14 03:39:16,837 - INFO - Extracted: BeeHero - 23-May-24
2025-04-14 03:39:16,860 - INFO - Extracted: Founder AI - 22-May-24
2025-04-14 03:39:16,883 - INFO - Extracted: HoundDog.ai - 22-May-24
2025-04-14 03:39:16,906 - INFO - Extracted: Amino - 22-May-24
2025-04-14 03:39:16,906 - INFO - Successfully extracted 20 new companies from page 33
2025-04-14 03:39:16,906 - INFO - Attempting to navigate from page 33
2025-04-14 03:39:22,309 - INFO - JavaScript verification confirmed page changed
2025-04-14 03:39:22,829 - INFO - Extracting data from page 34
2025-04-14 03:39:23,845 - INFO - Trying standard table extraction
2025-04-14 03:39:23,872 - INFO - Found 21 potential data rows
2025-04-14 03:39:23,919 - INFO - Extracted: California Walnuts - 22-May-24
2025-04-14 03:39:23,945 - INFO - Extracted: Verse - 22-May-24
2025-04-14 03:39:23,968 - INFO - Extracted: KETOS - 21-May-24
2025-04-14 03:39:23,991 - INFO - Extracted: XGS Energy - 21-May-24
2025-04-14 03:39:24,016 - INFO - Extracted: Materna Medical - 21-May-24
2025-04-14 03:39:24,039 - INFO - Extracted: Coactive AI - 21-May-24
2025-04-14 03:39:24,063 - INFO - Extracted: AltruBio - 21-May-24
2025-04-14 03:39:24,086 - INFO - Extracted: Infinx - 21-May-24
2025-04-14 03:39:24,109 - INFO - Extracted: UberCloud - 21-May-24
2025-04-14 03:39:24,132 - INFO - Extracted: daydream Labs - 20-May-24
2025-04-14 03:39:24,155 - INFO - Extracted: UTOBO - 20-May-24
2025-04-14 03:39:24,178 - INFO - Extracted: Bedrock Materials - 16-May-24
2025-04-14 03:39:24,211 - INFO - Extracted: Tree Line Capital Partners - 16-May-24
2025-04-14 03:39:24,235 - INFO - Extracted: Sigma Computing - 16-May-24
2025-04-14 03:39:24,258 - INFO - Extracted: Alkira - 15-May-24
2025-04-14 03:39:24,281 - INFO - Extracted: MULTI¬∑ON - 15-May-24
2025-04-14 03:39:24,304 - INFO - Extracted: Recall.ai - 15-May-24
2025-04-14 03:39:24,328 - INFO - Extracted: WEKA - 15-May-24
2025-04-14 03:39:24,351 - INFO - Extracted: AtlasPro AI - 15-May-24
2025-04-14 03:39:24,374 - INFO - Extracted: LanceDB - 15-May-24
2025-04-14 03:39:24,374 - INFO - Successfully extracted 20 new companies from page 34
2025-04-14 03:39:24,374 - INFO - Attempting to navigate from page 34
2025-04-14 03:39:30,307 - INFO - JavaScript verification confirmed page changed
2025-04-14 03:39:30,750 - INFO - Extracting data from page 35
2025-04-14 03:39:31,642 - INFO - Trying standard table extraction
2025-04-14 03:39:31,670 - INFO - Found 21 potential data rows
2025-04-14 03:39:31,718 - INFO - Extracted: Layer Financial Technologies - 15-May-24
2025-04-14 03:39:31,743 - INFO - Extracted: Apriora - 15-May-24
2025-04-14 03:39:31,767 - INFO - Extracted: Dosu - 14-May-24
2025-04-14 03:39:31,790 - INFO - Extracted: Harness - 14-May-24
2025-04-14 03:39:31,813 - INFO - Extracted: Gorgias - 14-May-24
2025-04-14 03:39:31,836 - INFO - Extracted: Glydways - 14-May-24
2025-04-14 03:39:31,859 - INFO - Extracted: Anthropos - 14-May-24
2025-04-14 03:39:31,883 - INFO - Extracted: The Fresno Area Hispanic Foundation - 14-May-24
2025-04-14 03:39:31,905 - INFO - Extracted: Orange Charger - 14-May-24
2025-04-14 03:39:31,929 - INFO - Extracted: Curve Biosciences - 13-May-24
2025-04-14 03:39:31,952 - INFO - Extracted: Mitra Chem - 13-May-24
2025-04-14 03:39:31,975 - INFO - Extracted: ChainML - 13-May-24
2025-04-14 03:39:31,998 - INFO - Extracted: The Bot Company - 13-May-24
2025-04-14 03:39:32,031 - INFO - Extracted: Triomics - 9-May-24
2025-04-14 03:39:32,055 - INFO - Extracted: Plenty - 9-May-24
2025-04-14 03:39:32,078 - INFO - Extracted: Q'Apel Medical - 9-May-24
2025-04-14 03:39:32,101 - INFO - Extracted: Bluejay Therapeutics - 9-May-24
2025-04-14 03:39:32,124 - INFO - Extracted: Altera - 8-May-24
2025-04-14 03:39:32,147 - INFO - Extracted: DatologyAI - 8-May-24
2025-04-14 03:39:32,170 - INFO - Extracted: 4L Data Intelligence - 8-May-24
2025-04-14 03:39:32,170 - INFO - Successfully extracted 20 new companies from page 35
2025-04-14 03:39:32,170 - INFO - Attempting to navigate from page 35
2025-04-14 03:39:37,734 - INFO - JavaScript verification confirmed page changed
2025-04-14 03:39:38,865 - INFO - Extracting data from page 36
2025-04-14 03:39:39,936 - INFO - Trying standard table extraction
2025-04-14 03:39:39,964 - INFO - Found 21 potential data rows
2025-04-14 03:39:40,011 - INFO - Extracted: ChangeEngine - 8-May-24
2025-04-14 03:39:40,036 - INFO - Extracted: Voyage Foods - 8-May-24
2025-04-14 03:39:40,059 - INFO - Extracted: Rad AI - 7-May-24
2025-04-14 03:39:40,083 - INFO - Extracted: Trust for Public Land - 7-May-24
2025-04-14 03:39:40,105 - INFO - Extracted: Saved By Nature - 7-May-24
2025-04-14 03:39:40,129 - INFO - Extracted: Composabl - 7-May-24
2025-04-14 03:39:40,152 - INFO - Extracted: Plan By - 7-May-24
2025-04-14 03:39:40,175 - INFO - Extracted: iFrameAI Health - 7-May-24
2025-04-14 03:39:40,197 - INFO - Extracted: Justice Outside - 7-May-24
2025-04-14 03:39:40,220 - INFO - Extracted: Anetac - 6-May-24
2025-04-14 03:39:40,243 - INFO - Extracted: Sagetap - 6-May-24
2025-04-14 03:39:40,266 - INFO - Extracted: Karius - 2-May-24
2025-04-14 03:39:40,289 - INFO - Extracted: Altruist - 2-May-24
2025-04-14 03:39:40,314 - INFO - Extracted: Paragraph - 2-May-24
2025-04-14 03:39:40,346 - INFO - Extracted: Transcarent - 2-May-24
2025-04-14 03:39:40,369 - INFO - Extracted: Mimic - 2-May-24
2025-04-14 03:39:40,392 - INFO - Extracted: Boys & Girls Club of Silicon Valley - 2-May-24
2025-04-14 03:39:40,420 - INFO - Extracted: CellChorus - 2-May-24
2025-04-14 03:39:40,445 - INFO - Extracted: Ex-human - 2-May-24
2025-04-14 03:39:40,468 - INFO - Extracted: Securitize - 1-May-24
2025-04-14 03:39:40,468 - INFO - Successfully extracted 20 new companies from page 36
2025-04-14 03:39:40,468 - INFO - Attempting to navigate from page 36
2025-04-14 03:39:46,923 - INFO - JavaScript verification confirmed page changed
2025-04-14 03:39:47,759 - INFO - Extracting data from page 37
2025-04-14 03:39:48,780 - INFO - Trying standard table extraction
2025-04-14 03:39:48,810 - INFO - Found 21 potential data rows
2025-04-14 03:39:48,859 - INFO - Extracted: Peregrine Technologies - 1-May-24
2025-04-14 03:39:48,888 - INFO - Extracted: Traceable - 1-May-24
2025-04-14 03:39:48,917 - INFO - Extracted: Dodgeball - 1-May-24
2025-04-14 03:39:48,941 - INFO - Extracted: Corelight - 30-Apr-24
2025-04-14 03:39:48,965 - INFO - Extracted: Ansa - 30-Apr-24
2025-04-14 03:39:48,988 - INFO - Extracted: Pakal Technologies - 30-Apr-24
2025-04-14 03:39:49,011 - INFO - Extracted: Inhabitr - 30-Apr-24
2025-04-14 03:39:49,034 - INFO - Extracted: SafeBase - 30-Apr-24
2025-04-14 03:39:49,057 - INFO - Extracted: PsiQuantum - 30-Apr-24
2025-04-14 03:39:49,080 - INFO - Extracted: Surf Bio - 30-Apr-24
2025-04-14 03:39:49,103 - INFO - Extracted: Seam AI - 30-Apr-24
2025-04-14 03:39:49,126 - INFO - Extracted: Blend - 29-Apr-24
2025-04-14 03:39:49,150 - INFO - Extracted: Taiki - 29-Apr-24
2025-04-14 03:39:49,185 - INFO - Extracted: Elisity - 29-Apr-24
2025-04-14 03:39:49,208 - INFO - Extracted: Thintronics - 29-Apr-24
2025-04-14 03:39:49,231 - INFO - Extracted: RevenueCat - 25-Apr-24
2025-04-14 03:39:49,254 - INFO - Extracted: Movement Labs - 25-Apr-24
2025-04-14 03:39:49,278 - INFO - Extracted: Centro Community Partners - 25-Apr-24
2025-04-14 03:39:49,302 - INFO - Extracted: Log10 - 24-Apr-24
2025-04-14 03:39:49,325 - INFO - Extracted: Midi Health - 24-Apr-24
2025-04-14 03:39:49,326 - INFO - Successfully extracted 20 new companies from page 37
2025-04-14 03:39:49,326 - INFO - Attempting to navigate from page 37
2025-04-14 03:39:55,011 - INFO - JavaScript verification confirmed page changed
2025-04-14 03:39:55,689 - INFO - Extracting data from page 38
2025-04-14 03:39:56,236 - INFO - Trying standard table extraction
2025-04-14 03:39:56,263 - INFO - Found 21 potential data rows
2025-04-14 03:39:56,308 - INFO - Extracted: Faura - 24-Apr-24
2025-04-14 03:39:56,334 - INFO - Extracted: Augment - 24-Apr-24
2025-04-14 03:39:56,357 - INFO - Extracted: Anon - 24-Apr-24
2025-04-14 03:39:56,380 - INFO - Extracted: Cognition - 24-Apr-24
2025-04-14 03:39:56,402 - INFO - Extracted: Amplifier Security - 24-Apr-24
2025-04-14 03:39:56,426 - INFO - Extracted: Clueso - 24-Apr-24
2025-04-14 03:39:56,449 - INFO - Extracted: Xaira Therapeutics - 23-Apr-24
2025-04-14 03:39:56,472 - INFO - Extracted: Framework - 23-Apr-24
2025-04-14 03:39:56,495 - INFO - Extracted: Campus - 23-Apr-24
2025-04-14 03:39:56,518 - INFO - Extracted: Prophet Security - 23-Apr-24
2025-04-14 03:39:56,541 - INFO - Extracted: Clarity Pediatrics - 22-Apr-24
2025-04-14 03:39:56,564 - INFO - Extracted: Pomelo - 22-Apr-24
2025-04-14 03:39:56,600 - INFO - Extracted: Superinsight - 22-Apr-24
2025-04-14 03:39:56,623 - INFO - Extracted: Observe - 22-Apr-24
2025-04-14 03:39:56,646 - INFO - Extracted: Rubedo Life Sciences - 22-Apr-24
2025-04-14 03:39:56,669 - INFO - Extracted: BuildCasa - 19-Apr-24
2025-04-14 03:39:56,692 - INFO - Extracted: XFactor - 18-Apr-24
2025-04-14 03:39:56,715 - INFO - Extracted: Clazar - 18-Apr-24
2025-04-14 03:39:56,738 - INFO - Extracted: Verne - 18-Apr-24
2025-04-14 03:39:56,761 - INFO - Extracted: Anvilogic - 17-Apr-24
2025-04-14 03:39:56,761 - INFO - Successfully extracted 20 new companies from page 38
2025-04-14 03:39:56,761 - INFO - Attempting to navigate from page 38
2025-04-14 03:40:02,791 - INFO - JavaScript verification confirmed page changed
2025-04-14 03:40:03,204 - INFO - Extracting data from page 39
2025-04-14 03:40:04,029 - INFO - Trying standard table extraction
2025-04-14 03:40:04,058 - INFO - Found 21 potential data rows
2025-04-14 03:40:04,106 - INFO - Extracted: Vorlon - 17-Apr-24
2025-04-14 03:40:04,132 - INFO - Extracted: Quilt - 16-Apr-24
2025-04-14 03:40:04,155 - INFO - Extracted: Powerbroker AI - 16-Apr-24
2025-04-14 03:40:04,179 - INFO - Extracted: Asher Bio - 16-Apr-24
2025-04-14 03:40:04,202 - INFO - Extracted: Rivos - 16-Apr-24
2025-04-14 03:40:04,226 - INFO - Extracted: Two Chairs - 16-Apr-24
2025-04-14 03:40:04,249 - INFO - Extracted: Ripcord - 16-Apr-24
2025-04-14 03:40:04,273 - INFO - Extracted: Loft Labs - 16-Apr-24
2025-04-14 03:40:04,296 - INFO - Extracted: Common Sense Privacy - 15-Apr-24
2025-04-14 03:40:04,320 - INFO - Extracted: Paraform - 15-Apr-24
2025-04-14 03:40:04,343 - INFO - Extracted: Clientell - 15-Apr-24
2025-04-14 03:40:04,368 - INFO - Extracted: Integral Health - 15-Apr-24
2025-04-14 03:40:04,400 - INFO - Extracted: Writ - 11-Apr-24
2025-04-14 03:40:04,423 - INFO - Extracted: Simbian - 11-Apr-24
2025-04-14 03:40:04,447 - INFO - Extracted: Anrok - 11-Apr-24
2025-04-14 03:40:04,470 - INFO - Extracted: Symbolica AI - 9-Apr-24
2025-04-14 03:40:04,494 - INFO - Extracted: JARS AI - 8-Apr-24
2025-04-14 03:40:04,518 - INFO - Extracted: Windfall Bio - 8-Apr-24
2025-04-14 03:40:04,541 - INFO - Extracted: MODE - 8-Apr-24
2025-04-14 03:40:04,565 - INFO - Extracted: Varda - 5-Apr-24
2025-04-14 03:40:04,565 - INFO - Successfully extracted 20 new companies from page 39
2025-04-14 03:40:04,565 - INFO - Attempting to navigate from page 39
2025-04-14 03:40:10,960 - INFO - JavaScript verification confirmed page changed
2025-04-14 03:40:11,685 - INFO - Extracting data from page 40
2025-04-14 03:40:12,368 - INFO - Trying standard table extraction
2025-04-14 03:40:12,396 - INFO - Found 21 potential data rows
2025-04-14 03:40:12,444 - INFO - Extracted: Enable Biosciences - 4-Apr-24
2025-04-14 03:40:12,469 - INFO - Extracted: SiMa.ai - 4-Apr-24
2025-04-14 03:40:12,491 - INFO - Extracted: Lambda - 4-Apr-24
2025-04-14 03:40:12,514 - INFO - Extracted: YonedaLabs - 4-Apr-24
2025-04-14 03:40:12,536 - INFO - Extracted: Coalesce Automation - 4-Apr-24
2025-04-14 03:40:12,558 - INFO - Extracted: Scritch - 3-Apr-24
2025-04-14 03:40:12,581 - INFO - Extracted: nCompass Technologies - 3-Apr-24
2025-04-14 03:40:12,603 - INFO - Extracted: Trieve - 3-Apr-24
2025-04-14 03:40:12,627 - INFO - Extracted: DryMerge - 3-Apr-24
2025-04-14 03:40:12,650 - INFO - Extracted: Permiso Security - 3-Apr-24
2025-04-14 03:40:12,672 - INFO - Extracted: Mango Health - 3-Apr-24
2025-04-14 03:40:12,707 - INFO - Extracted: ion design - 3-Apr-24
2025-04-14 03:40:12,731 - INFO - Extracted: Numo - 3-Apr-24
2025-04-14 03:40:12,754 - INFO - Extracted: Celest - 3-Apr-24
2025-04-14 03:40:12,777 - INFO - Extracted: Higgsfield - 3-Apr-24
2025-04-14 03:40:12,801 - INFO - Extracted: OpenFoundry - 3-Apr-24
2025-04-14 03:40:12,824 - INFO - Extracted: Arch0 - 3-Apr-24
2025-04-14 03:40:12,848 - INFO - Extracted: Trellis - 3-Apr-24
2025-04-14 03:40:12,871 - INFO - Extracted: PointOne Technologies - 3-Apr-24
2025-04-14 03:40:12,894 - INFO - Extracted: Attunement - 3-Apr-24
2025-04-14 03:40:12,894 - INFO - Successfully extracted 20 new companies from page 40
2025-04-14 03:40:12,894 - INFO - Attempting to navigate from page 40
2025-04-14 03:40:18,540 - INFO - JavaScript verification confirmed page changed
2025-04-14 03:40:19,153 - INFO - Extracting data from page 41
2025-04-14 03:40:19,705 - INFO - Trying standard table extraction
2025-04-14 03:40:19,733 - INFO - Found 21 potential data rows
2025-04-14 03:40:19,783 - INFO - Extracted: ego - 3-Apr-24
2025-04-14 03:40:19,815 - INFO - Extracted: Retell AI - 3-Apr-24
2025-04-14 03:40:19,839 - INFO - Extracted: Paradigm - 3-Apr-24
2025-04-14 03:40:19,862 - INFO - Extracted: SiftHub - 3-Apr-24
2025-04-14 03:40:19,885 - INFO - Extracted: Atopile - 3-Apr-24
2025-04-14 03:40:19,908 - INFO - Extracted: Hemingway - 3-Apr-24
2025-04-14 03:40:19,930 - INFO - Extracted: MAIHEM - 3-Apr-24
2025-04-14 03:40:19,953 - INFO - Extracted: Airfront - 3-Apr-24
2025-04-14 03:40:19,976 - INFO - Extracted: Maia - 3-Apr-24
2025-04-14 03:40:19,999 - INFO - Extracted: Nuanced - 3-Apr-24
2025-04-14 03:40:20,031 - INFO - Extracted: Lantern - 3-Apr-24
2025-04-14 03:40:20,055 - INFO - Extracted: Patchwork - 3-Apr-24
2025-04-14 03:40:20,077 - INFO - Extracted: Roe AI - 3-Apr-24
2025-04-14 03:40:20,100 - INFO - Extracted: Creo - 3-Apr-24
2025-04-14 03:40:20,123 - INFO - Extracted: Precip - 3-Apr-24
2025-04-14 03:40:20,146 - INFO - Extracted: CloudCruise - 3-Apr-24
2025-04-14 03:40:20,169 - INFO - Extracted: Intercept - 3-Apr-24
2025-04-14 03:40:20,192 - INFO - Extracted: Duckie - 3-Apr-24
2025-04-14 03:40:20,216 - INFO - Extracted: Swift - 3-Apr-24
2025-04-14 03:40:20,239 - INFO - Extracted: Resonance - 3-Apr-24
2025-04-14 03:40:20,239 - INFO - Successfully extracted 20 new companies from page 41
2025-04-14 03:40:20,239 - INFO - Attempting to navigate from page 41
2025-04-14 03:40:26,060 - INFO - JavaScript verification confirmed page changed
2025-04-14 03:40:26,458 - INFO - Extracting data from page 42
2025-04-14 03:40:27,695 - INFO - Trying standard table extraction
2025-04-14 03:40:27,722 - INFO - Found 21 potential data rows
2025-04-14 03:40:27,772 - INFO - Extracted: Yondu - 3-Apr-24
2025-04-14 03:40:27,798 - INFO - Extracted: Ecliptor - 3-Apr-24
2025-04-14 03:40:27,821 - INFO - Extracted: Assembly - 3-Apr-24
2025-04-14 03:40:27,843 - INFO - Extracted: Parasale - 3-Apr-24
2025-04-14 03:40:27,866 - INFO - Extracted: PartnerHQ - 3-Apr-24
2025-04-14 03:40:27,888 - INFO - Extracted: Kabilah - 3-Apr-24
2025-04-14 03:40:27,911 - INFO - Extracted: Relari - 3-Apr-24
2025-04-14 03:40:27,934 - INFO - Extracted: Momentic - 3-Apr-24
2025-04-14 03:40:27,957 - INFO - Extracted: Glimmer - 3-Apr-24
2025-04-14 03:40:27,980 - INFO - Extracted: Homebase - 3-Apr-24
2025-04-14 03:40:28,015 - INFO - Extracted: Centralize - 3-Apr-24
2025-04-14 03:40:28,038 - INFO - Extracted: Aidy - 3-Apr-24
2025-04-14 03:40:28,061 - INFO - Extracted: Buster - 3-Apr-24
2025-04-14 03:40:28,090 - INFO - Extracted: Meticulate - 3-Apr-24
2025-04-14 03:40:28,115 - INFO - Extracted: RadMate AI - 3-Apr-24
2025-04-14 03:40:28,140 - INFO - Extracted: Quantic - 3-Apr-24
2025-04-14 03:40:28,163 - INFO - Extracted: Okapi - 3-Apr-24
2025-04-14 03:40:28,186 - INFO - Extracted: Aether Energy - 3-Apr-24
2025-04-14 03:40:28,209 - INFO - Extracted: Decipher AI - 3-Apr-24
2025-04-14 03:40:28,234 - INFO - Extracted: Modal.io - 2-Apr-24
2025-04-14 03:40:28,234 - INFO - Successfully extracted 20 new companies from page 42
2025-04-14 03:40:28,234 - INFO - Attempting to navigate from page 42
2025-04-14 03:40:34,272 - INFO - JavaScript verification confirmed page changed
2025-04-14 03:40:34,832 - INFO - Extracting data from page 43
2025-04-14 03:40:35,855 - INFO - Trying standard table extraction
2025-04-14 03:40:35,884 - INFO - Found 21 potential data rows
2025-04-14 03:40:35,931 - INFO - Extracted: BurnBot - 2-Apr-24
2025-04-14 03:40:35,956 - INFO - Extracted: HelicitySpace - 2-Apr-24
2025-04-14 03:40:35,980 - INFO - Extracted: SESO - 2-Apr-24
2025-04-14 03:40:36,002 - INFO - Extracted: Lumana - 2-Apr-24
2025-04-14 03:40:36,025 - INFO - Extracted: Delivery Collective - 2-Apr-24
2025-04-14 03:40:36,048 - INFO - Extracted: Meedan - 2-Apr-24
2025-04-14 03:40:36,071 - INFO - Extracted: NobleAI - 2-Apr-24
2025-04-14 03:40:36,093 - INFO - Extracted: Allermi - 1-Apr-24
2025-04-14 03:40:36,150 - INFO - Extracted: BioConsortia - 1-Apr-24
2025-04-14 03:40:36,174 - INFO - Extracted: Skyflow - 28-Mar-24
2025-04-14 03:40:36,197 - INFO - Extracted: Vizcom - 28-Mar-24
2025-04-14 03:40:36,220 - INFO - Extracted: Float Health - 28-Mar-24
2025-04-14 03:40:36,243 - INFO - Extracted: Spintly - 28-Mar-24
2025-04-14 03:40:36,266 - INFO - Extracted: Aeovian Pharmaceuticals - 28-Mar-24
2025-04-14 03:40:36,290 - INFO - Extracted: ValidMind - 27-Mar-24
2025-04-14 03:40:36,313 - INFO - Extracted: Ensis - 27-Mar-24
2025-04-14 03:40:36,336 - INFO - Extracted: YourChoice Therapeutics - 27-Mar-24
2025-04-14 03:40:36,359 - INFO - Extracted: TurbineOne - 27-Mar-24
2025-04-14 03:40:36,382 - INFO - Extracted: JobPixel - 27-Mar-24
2025-04-14 03:40:36,406 - INFO - Extracted: OneNotary - 26-Mar-24
2025-04-14 03:40:36,406 - INFO - Successfully extracted 20 new companies from page 43
2025-04-14 03:40:36,406 - INFO - Attempting to navigate from page 43
2025-04-14 03:40:42,932 - INFO - JavaScript verification confirmed page changed
2025-04-14 03:40:44,170 - INFO - Extracting data from page 44
2025-04-14 03:40:44,750 - INFO - Trying standard table extraction
2025-04-14 03:40:44,778 - INFO - Found 21 potential data rows
2025-04-14 03:40:44,826 - INFO - Extracted: Fieldguide - 26-Mar-24
2025-04-14 03:40:44,852 - INFO - Extracted: Brightside Health - 26-Mar-24
2025-04-14 03:40:44,875 - INFO - Extracted: Picogrid - 26-Mar-24
2025-04-14 03:40:44,903 - INFO - Extracted: OpenPipe - 26-Mar-24
2025-04-14 03:40:44,930 - INFO - Extracted: ionobell - 26-Mar-24
2025-04-14 03:40:44,953 - INFO - Extracted: Activeloop - 26-Mar-24
2025-04-14 03:40:44,977 - INFO - Extracted: Bedrock Security - 26-Mar-24
2025-04-14 03:40:45,002 - INFO - Extracted: Charlee.ai - 25-Mar-24
2025-04-14 03:40:45,041 - INFO - Extracted: Propel - 25-Mar-24
2025-04-14 03:40:45,064 - INFO - Extracted: Circular.co - 25-Mar-24
2025-04-14 03:40:45,087 - INFO - Extracted: Profluent Bio - 21-Mar-24
2025-04-14 03:40:45,111 - INFO - Extracted: Espresso Systems - 21-Mar-24
2025-04-14 03:40:45,133 - INFO - Extracted: Ediphi - 21-Mar-24
2025-04-14 03:40:45,156 - INFO - Extracted: Foundry - 21-Mar-24
2025-04-14 03:40:45,180 - INFO - Extracted: Tarsal - 21-Mar-24
2025-04-14 03:40:45,203 - INFO - Extracted: Buzz Solutions - 20-Mar-24
2025-04-14 03:40:45,225 - INFO - Extracted: Airmyne - 20-Mar-24
2025-04-14 03:40:45,249 - INFO - Extracted: Mermaid Chart - 20-Mar-24
2025-04-14 03:40:45,272 - INFO - Extracted: Euno - 19-Mar-24
2025-04-14 03:40:45,295 - INFO - Extracted: RapidFire AI - 19-Mar-24
2025-04-14 03:40:45,295 - INFO - Successfully extracted 20 new companies from page 44
2025-04-14 03:40:45,295 - INFO - Attempting to navigate from page 44
2025-04-14 03:40:50,941 - INFO - JavaScript verification confirmed page changed
2025-04-14 03:40:52,163 - INFO - Extracting data from page 45
2025-04-14 03:40:52,656 - INFO - Trying standard table extraction
2025-04-14 03:40:52,684 - INFO - Found 21 potential data rows
2025-04-14 03:40:52,730 - INFO - Extracted: EKA Solutions - 19-Mar-24
2025-04-14 03:40:52,756 - INFO - Extracted: Lumino - 19-Mar-24
2025-04-14 03:40:52,782 - INFO - Extracted: Chambr - 18-Mar-24
2025-04-14 03:40:52,805 - INFO - Extracted: Carbonated - 15-Mar-24
2025-04-14 03:40:52,827 - INFO - Extracted: Unstructured Technologies - 14-Mar-24
2025-04-14 03:40:52,852 - INFO - Extracted: Omni - 14-Mar-24
2025-04-14 03:40:52,874 - INFO - Extracted: inDrive - 14-Mar-24
2025-04-14 03:40:52,897 - INFO - Extracted: Lily AI - 14-Mar-24
2025-04-14 03:40:52,920 - INFO - Extracted: Horizon Treatment Services - 14-Mar-24
2025-04-14 03:40:52,944 - INFO - Extracted: Vertosa - 14-Mar-24
2025-04-14 03:40:52,967 - INFO - Extracted: Clique - 14-Mar-24
2025-04-14 03:40:52,992 - INFO - Extracted: Sierra Gold Nurseries - 14-Mar-24
2025-04-14 03:40:53,016 - INFO - Extracted: Orbillion Bio - 14-Mar-24
2025-04-14 03:40:53,038 - INFO - Extracted: Redcoat AI - 14-Mar-24
2025-04-14 03:40:53,061 - INFO - Extracted: Assort Health - 14-Mar-24
2025-04-14 03:40:53,084 - INFO - Extracted: Deep Origin - 13-Mar-24
2025-04-14 03:40:53,107 - INFO - Extracted: LiveKit - 13-Mar-24
2025-04-14 03:40:53,133 - INFO - Extracted: Voxeleron - 13-Mar-24
2025-04-14 03:40:53,156 - INFO - Extracted: Nozomi Networks - 13-Mar-24
2025-04-14 03:40:53,179 - INFO - Extracted: Fermat Commerce - 13-Mar-24
2025-04-14 03:40:53,180 - INFO - Successfully extracted 20 new companies from page 45
2025-04-14 03:40:53,180 - INFO - Attempting to navigate from page 45
2025-04-14 03:40:58,838 - INFO - JavaScript verification confirmed page changed
2025-04-14 03:40:59,484 - INFO - Extracting data from page 46
2025-04-14 03:41:00,157 - INFO - Trying standard table extraction
2025-04-14 03:41:00,187 - INFO - Found 21 potential data rows
2025-04-14 03:41:00,235 - INFO - Extracted: Astronuts - 13-Mar-24
2025-04-14 03:41:00,261 - INFO - Extracted: eDNA Explorer - 13-Mar-24
2025-04-14 03:41:00,287 - INFO - Extracted: Big Sur AI - 13-Mar-24
2025-04-14 03:41:00,310 - INFO - Extracted: HalseyPoint Asset Management - 13-Mar-24
2025-04-14 03:41:00,333 - INFO - Extracted: Luminary Cloud - 13-Mar-24
2025-04-14 03:41:00,356 - INFO - Extracted: Furno - 13-Mar-24
2025-04-14 03:41:00,379 - INFO - Extracted: Smartschool - 13-Mar-24
2025-04-14 03:41:00,402 - INFO - Extracted: NanoNets - 12-Mar-24
2025-04-14 03:41:00,438 - INFO - Extracted: Amara Organic Foods - 12-Mar-24
2025-04-14 03:41:00,461 - INFO - Extracted: Vouch - 11-Mar-24
2025-04-14 03:41:00,483 - INFO - Extracted: Forest Neurotech - 11-Mar-24
2025-04-14 03:41:00,506 - INFO - Extracted: Applied Intuition - 11-Mar-24
2025-04-14 03:41:00,528 - INFO - Extracted: Bear Robotics - 11-Mar-24
2025-04-14 03:41:00,552 - INFO - Extracted: Key - 11-Mar-24
2025-04-14 03:41:00,580 - INFO - Extracted: Eigen Therapeutics - 11-Mar-24
2025-04-14 03:41:00,604 - INFO - Extracted: RealSeq Biosciences - 11-Mar-24
2025-04-14 03:41:00,628 - INFO - Extracted: Eclipse - 11-Mar-24
2025-04-14 03:41:00,651 - INFO - Extracted: Foundation Health - 11-Mar-24
2025-04-14 03:41:00,674 - INFO - Extracted: Huski.ai - 8-Mar-24
2025-04-14 03:41:00,698 - INFO - Extracted: Ondas Networks - 8-Mar-24
2025-04-14 03:41:00,698 - INFO - Successfully extracted 20 new companies from page 46
2025-04-14 03:41:00,698 - INFO - Attempting to navigate from page 46
2025-04-14 03:41:05,864 - INFO - JavaScript verification confirmed page changed
2025-04-14 03:41:06,652 - INFO - Extracting data from page 47
2025-04-14 03:41:07,755 - INFO - Trying standard table extraction
2025-04-14 03:41:07,785 - INFO - Found 21 potential data rows
2025-04-14 03:41:07,831 - INFO - Extracted: NeuroAge Therapeutics - 7-Mar-24
2025-04-14 03:41:07,858 - INFO - Extracted: Neural Propulsion Systems - 7-Mar-24
2025-04-14 03:41:07,882 - INFO - Extracted: Best Day Brewing - 7-Mar-24
2025-04-14 03:41:07,907 - INFO - Extracted: Reach Security - 7-Mar-24
2025-04-14 03:41:07,931 - INFO - Extracted: Brevian - 7-Mar-24
2025-04-14 03:41:07,956 - INFO - Extracted: Alumis - 6-Mar-24
2025-04-14 03:41:07,981 - INFO - Extracted: Abstract - 6-Mar-24
2025-04-14 03:41:08,006 - INFO - Extracted: Altro (fka Perch) - 6-Mar-24
2025-04-14 03:41:08,054 - INFO - Extracted: Remofirst - 6-Mar-24
2025-04-14 03:41:08,078 - INFO - Extracted: Proof of Impact - 6-Mar-24
2025-04-14 03:41:08,102 - INFO - Extracted: Firewall - 6-Mar-24
2025-04-14 03:41:08,125 - INFO - Extracted: Glacier - 6-Mar-24
2025-04-14 03:41:08,148 - INFO - Extracted: Jabali - 6-Mar-24
2025-04-14 03:41:08,171 - INFO - Extracted: Dtex Systems - 5-Mar-24
2025-04-14 03:41:08,194 - INFO - Extracted: Ubicloud - 5-Mar-24
2025-04-14 03:41:08,217 - INFO - Extracted: Openprise - 5-Mar-24
2025-04-14 03:41:08,240 - INFO - Extracted: appCD - 5-Mar-24
2025-04-14 03:41:08,263 - INFO - Extracted: RIOS - 5-Mar-24
2025-04-14 03:41:08,286 - INFO - Extracted: Baseten - 4-Mar-24
2025-04-14 03:41:08,309 - INFO - Extracted: GALY - 4-Mar-24
2025-04-14 03:41:08,309 - INFO - Successfully extracted 20 new companies from page 47
2025-04-14 03:41:08,309 - INFO - Attempting to navigate from page 47
2025-04-14 03:41:14,313 - INFO - JavaScript verification confirmed page changed
2025-04-14 03:41:14,936 - INFO - Extracting data from page 48
2025-04-14 03:41:15,371 - INFO - Trying standard table extraction
2025-04-14 03:41:15,401 - INFO - Found 21 potential data rows
2025-04-14 03:41:15,448 - INFO - Extracted: Headlands Research - 4-Mar-24
2025-04-14 03:41:15,473 - INFO - Extracted: treet - 4-Mar-24
2025-04-14 03:41:15,496 - INFO - Extracted: Entrada - 4-Mar-24
2025-04-14 03:41:15,519 - INFO - Extracted: Momentous - 29-Feb-24
2025-04-14 03:41:15,541 - INFO - Extracted: FirstHive - 29-Feb-24
2025-04-14 03:41:15,564 - INFO - Extracted: Elemeno Health - 29-Feb-24
2025-04-14 03:41:15,591 - INFO - Extracted: PawCo Foods - 29-Feb-24
2025-04-14 03:41:15,617 - INFO - Extracted: BioCorRx - 28-Feb-24
2025-04-14 03:41:15,640 - INFO - Extracted: Range Energy - 28-Feb-24
2025-04-14 03:41:15,674 - INFO - Extracted: BloomTech - 28-Feb-24
2025-04-14 03:41:15,698 - INFO - Extracted: Backpack - 28-Feb-24
2025-04-14 03:41:15,721 - INFO - Extracted: Mineprism Inc. - 28-Feb-24
2025-04-14 03:41:15,744 - INFO - Extracted: Parspec - 27-Feb-24
2025-04-14 03:41:15,767 - INFO - Extracted: Catch+Release - 27-Feb-24
2025-04-14 03:41:15,790 - INFO - Extracted: MoneyHash - 27-Feb-24
2025-04-14 03:41:15,813 - INFO - Extracted: Reo.Dev - 27-Feb-24
2025-04-14 03:41:15,835 - INFO - Extracted: Campfire - 27-Feb-24
2025-04-14 03:41:15,858 - INFO - Extracted: Axiom Cloud - 27-Feb-24
2025-04-14 03:41:15,881 - INFO - Extracted: Inkitt - 27-Feb-24
2025-04-14 03:41:15,904 - INFO - Extracted: EPRI - 26-Feb-24
2025-04-14 03:41:15,904 - INFO - Successfully extracted 20 new companies from page 48
2025-04-14 03:41:15,904 - INFO - Attempting to navigate from page 48
2025-04-14 03:41:21,759 - INFO - JavaScript verification confirmed page changed
2025-04-14 03:41:22,388 - INFO - Extracting data from page 49
2025-04-14 03:41:22,994 - INFO - Trying standard table extraction
2025-04-14 03:41:23,028 - INFO - Found 21 potential data rows
2025-04-14 03:41:23,097 - INFO - Extracted: Alamar Biosciences - 26-Feb-24
2025-04-14 03:41:23,123 - INFO - Extracted: FlowGPT - 26-Feb-24
2025-04-14 03:41:23,147 - INFO - Extracted: mTAB - 26-Feb-24
2025-04-14 03:41:23,171 - INFO - Extracted: InsightRX - 23-Feb-24
2025-04-14 03:41:23,195 - INFO - Extracted: Elve - 22-Feb-24
2025-04-14 03:41:23,218 - INFO - Extracted: PermitFlow - 21-Feb-24
2025-04-14 03:41:23,242 - INFO - Extracted: Jamix - 21-Feb-24
2025-04-14 03:41:23,267 - INFO - Extracted: Hadrian - 21-Feb-24
2025-04-14 03:41:23,291 - INFO - Extracted: Empowerly - 21-Feb-24
2025-04-14 03:41:23,315 - INFO - Extracted: Orkes - 21-Feb-24
2025-04-14 03:41:23,339 - INFO - Extracted: Power Life Science - 21-Feb-24
2025-04-14 03:41:23,363 - INFO - Extracted: ElastiFlow - 21-Feb-24
2025-04-14 03:41:23,387 - INFO - Extracted: NodeShift - 21-Feb-24
2025-04-14 03:41:23,410 - INFO - Extracted: VectorShift - 21-Feb-24
2025-04-14 03:41:23,435 - INFO - Extracted: Blue Wire - 20-Feb-24
2025-04-14 03:41:23,457 - INFO - Extracted: Zonexus - 20-Feb-24
2025-04-14 03:41:23,481 - INFO - Extracted: Recogni - 20-Feb-24
2025-04-14 03:41:23,503 - INFO - Extracted: HighRI Optics - 20-Feb-24
2025-04-14 03:41:23,526 - INFO - Extracted: Arini - 19-Feb-24
2025-04-14 03:41:23,549 - INFO - Extracted: Alembic - 15-Feb-24
2025-04-14 03:41:23,549 - INFO - Successfully extracted 20 new companies from page 49
2025-04-14 03:41:23,549 - INFO - Attempting to navigate from page 49
2025-04-14 03:41:30,315 - INFO - JavaScript verification confirmed page changed
2025-04-14 03:41:31,464 - INFO - Extracting data from page 50
2025-04-14 03:41:32,243 - INFO - Trying standard table extraction
2025-04-14 03:41:32,271 - INFO - Found 21 potential data rows
2025-04-14 03:41:32,315 - INFO - Extracted: Scribe - 15-Feb-24
2025-04-14 03:41:32,342 - INFO - Extracted: Freenome - 15-Feb-24
2025-04-14 03:41:32,366 - INFO - Extracted: Guardrails AI - 15-Feb-24
2025-04-14 03:41:32,390 - INFO - Extracted: Zocks - 15-Feb-24
2025-04-14 03:41:32,415 - INFO - Extracted: LangChain - 15-Feb-24
2025-04-14 03:41:32,441 - INFO - Extracted: testRigor - 15-Feb-24
2025-04-14 03:41:32,466 - INFO - Extracted: Kairos Aerospace - 15-Feb-24
2025-04-14 03:41:32,490 - INFO - Extracted: Sanitas AI - 15-Feb-24
2025-04-14 03:41:32,514 - INFO - Extracted: cPacket Networks - 14-Feb-24
2025-04-14 03:41:32,538 - INFO - Extracted: Artie - 14-Feb-24
2025-04-14 03:41:32,563 - INFO - Extracted: SkyOne Federal Credit Union - 14-Feb-24
2025-04-14 03:41:32,587 - INFO - Extracted: Hippo Harvest - 14-Feb-24
2025-04-14 03:41:32,615 - INFO - Extracted: Planette - 14-Feb-24
2025-04-14 03:41:32,639 - INFO - Extracted: Rasa - 14-Feb-24
2025-04-14 03:41:32,662 - INFO - Extracted: Meter - 13-Feb-24
2025-04-14 03:41:32,685 - INFO - Extracted: Skylo - 13-Feb-24
2025-04-14 03:41:32,707 - INFO - Extracted: Mindy - 13-Feb-24
2025-04-14 03:41:32,730 - INFO - Extracted: Savor - 13-Feb-24
2025-04-14 03:41:32,753 - INFO - Extracted: Camus Energy - 13-Feb-24
2025-04-14 03:41:32,787 - INFO - Extracted: Chalk - 13-Feb-24
2025-04-14 03:41:32,787 - INFO - Successfully extracted 20 new companies from page 50
2025-04-14 03:41:32,787 - INFO - Attempting to navigate from page 50
2025-04-14 03:41:39,164 - INFO - JavaScript verification confirmed page changed
2025-04-14 03:41:39,843 - INFO - Extracting data from page 51
2025-04-14 03:41:40,794 - INFO - Trying standard table extraction
2025-04-14 03:41:40,822 - INFO - Found 21 potential data rows
2025-04-14 03:41:40,870 - INFO - Extracted: SocialCoach - 13-Feb-24
2025-04-14 03:41:40,928 - INFO - Extracted: Motif Analytics - 12-Feb-24
2025-04-14 03:41:40,952 - INFO - Extracted: Heliux - 12-Feb-24
2025-04-14 03:41:40,974 - INFO - Extracted: Lilac Solutions - 12-Feb-24
2025-04-14 03:41:40,998 - INFO - Extracted: Magic - 12-Feb-24
2025-04-14 03:41:41,021 - INFO - Extracted: LeoLabs - 12-Feb-24
2025-04-14 03:41:41,044 - INFO - Extracted: Modern Treasury - 10-Feb-24
2025-04-14 03:41:41,068 - INFO - Extracted: THINKIN - 9-Feb-24
2025-04-14 03:41:41,091 - INFO - Extracted: Unlearn.AI - 8-Feb-24
2025-04-14 03:41:41,115 - INFO - Extracted: Handle - 8-Feb-24
2025-04-14 03:41:41,139 - INFO - Extracted: Partners Capital - 8-Feb-24
2025-04-14 03:41:41,162 - INFO - Extracted: Vocode - 8-Feb-24
2025-04-14 03:41:41,185 - INFO - Extracted: brd BOT - 8-Feb-24
2025-04-14 03:41:41,207 - INFO - Extracted: FuzzLand - 8-Feb-24
2025-04-14 03:41:41,231 - INFO - Extracted: Overflow - 7-Feb-24
2025-04-14 03:41:41,255 - INFO - Extracted: Polycam - 7-Feb-24
2025-04-14 03:41:41,278 - INFO - Extracted: Simplify - 7-Feb-24
2025-04-14 03:41:41,303 - INFO - Extracted: OutSail Shipping - 7-Feb-24
2025-04-14 03:41:41,336 - INFO - Extracted: Upstock - 7-Feb-24
2025-04-14 03:41:41,359 - INFO - Extracted: Shepherd - 7-Feb-24
2025-04-14 03:41:41,359 - INFO - Successfully extracted 20 new companies from page 51
2025-04-14 03:41:41,359 - INFO - Attempting to navigate from page 51
2025-04-14 03:41:47,275 - INFO - JavaScript verification confirmed page changed
2025-04-14 03:41:47,931 - INFO - Extracting data from page 52
2025-04-14 03:41:48,636 - INFO - Trying standard table extraction
2025-04-14 03:41:48,664 - INFO - Found 21 potential data rows
2025-04-14 03:41:48,713 - INFO - Extracted: ZEDEDA - 7-Feb-24
2025-04-14 03:41:48,738 - INFO - Extracted: Aizon - 7-Feb-24
2025-04-14 03:41:48,761 - INFO - Extracted: Attralus - 6-Feb-24
2025-04-14 03:41:48,786 - INFO - Extracted: Jam - 6-Feb-24
2025-04-14 03:41:48,819 - INFO - Extracted: Ambience Healthcare - 6-Feb-24
2025-04-14 03:41:48,842 - INFO - Extracted: Starship Technologies - 5-Feb-24
2025-04-14 03:41:48,865 - INFO - Extracted: Rigetti Computing - 5-Feb-24
2025-04-14 03:41:48,888 - INFO - Extracted: LightBeam.ai - 1-Feb-24
2025-04-14 03:41:48,912 - INFO - Extracted: Artera - 1-Feb-24
2025-04-14 03:41:48,934 - INFO - Extracted: Watershed - 1-Feb-24
2025-04-14 03:41:48,957 - INFO - Extracted: CARPL.ai - 1-Feb-24
2025-04-14 03:41:48,980 - INFO - Extracted: Coris - 1-Feb-24
2025-04-14 03:41:49,004 - INFO - Extracted: Mountaintop Studios - 31-Jan-24
2025-04-14 03:41:49,027 - INFO - Extracted: Metronome - 31-Jan-24
2025-04-14 03:41:49,050 - INFO - Extracted: Reken - 31-Jan-24
2025-04-14 03:41:49,074 - INFO - Extracted: Aiden Automotive Technologies - 31-Jan-24
2025-04-14 03:41:49,097 - INFO - Extracted: Inngest - 30-Jan-24
2025-04-14 03:41:49,120 - INFO - Extracted: Nile - 30-Jan-24
2025-04-14 03:41:49,145 - INFO - Extracted: Aster - 30-Jan-24
2025-04-14 03:41:49,168 - INFO - Extracted: HyperBeeAI - 30-Jan-24
2025-04-14 03:41:49,168 - INFO - Successfully extracted 20 new companies from page 52
2025-04-14 03:41:49,168 - INFO - Attempting to navigate from page 52
2025-04-14 03:41:54,556 - INFO - JavaScript verification confirmed page changed
2025-04-14 03:41:55,218 - INFO - Extracting data from page 53
2025-04-14 03:41:56,424 - INFO - Trying standard table extraction
2025-04-14 03:41:56,454 - INFO - Found 21 potential data rows
2025-04-14 03:41:56,500 - INFO - Extracted: Plex - 30-Jan-24
2025-04-14 03:41:56,526 - INFO - Extracted: Alchemist Accelerator - 30-Jan-24
2025-04-14 03:41:56,550 - INFO - Extracted: resistanceBio - 29-Jan-24
2025-04-14 03:41:56,575 - INFO - Extracted: Mesh - 29-Jan-24
2025-04-14 03:41:56,600 - INFO - Extracted: Chef Robotics - 26-Jan-24
2025-04-14 03:41:56,623 - INFO - Extracted: Perfumeo - 26-Jan-24
2025-04-14 03:41:56,646 - INFO - Extracted: Bastille Networks Internet Security - 25-Jan-24
2025-04-14 03:41:56,669 - INFO - Extracted: ViralMoment - 25-Jan-24
2025-04-14 03:41:56,691 - INFO - Extracted: Integral Development Corp - 25-Jan-24
2025-04-14 03:41:56,715 - INFO - Extracted: Audioshake - 25-Jan-24
2025-04-14 03:41:56,739 - INFO - Extracted: Aniai - 24-Jan-24
2025-04-14 03:41:56,762 - INFO - Extracted: unSkript, Inc - 24-Jan-24
2025-04-14 03:41:56,784 - INFO - Extracted: Masa - 23-Jan-24
2025-04-14 03:41:56,807 - INFO - Extracted: AiDash - 23-Jan-24
2025-04-14 03:41:56,830 - INFO - Extracted: SER Capital Partners - 23-Jan-24
2025-04-14 03:41:56,853 - INFO - Extracted: Snorkel AI - 23-Jan-24
2025-04-14 03:41:56,878 - INFO - Extracted: Synthesis AI - 23-Jan-24
2025-04-14 03:41:56,901 - INFO - Extracted: RagaAI Inc. - 23-Jan-24
2025-04-14 03:41:56,924 - INFO - Extracted: SmithRx - 23-Jan-24
2025-04-14 03:41:56,947 - INFO - Extracted: GenEdit - 23-Jan-24
2025-04-14 03:41:56,947 - INFO - Successfully extracted 20 new companies from page 53
2025-04-14 03:41:56,947 - INFO - Attempting to navigate from page 53
2025-04-14 03:42:02,226 - INFO - JavaScript verification confirmed page changed
2025-04-14 03:42:03,416 - INFO - Extracting data from page 54
2025-04-14 03:42:03,769 - INFO - Trying standard table extraction
2025-04-14 03:42:03,797 - INFO - Found 21 potential data rows
2025-04-14 03:42:03,844 - INFO - Extracted: Neatleaf - 23-Jan-24
2025-04-14 03:42:03,869 - INFO - Extracted: Clerk - 23-Jan-24
2025-04-14 03:42:03,893 - INFO - Extracted: Ohana Real Estate Investors - 22-Jan-24
2025-04-14 03:42:03,916 - INFO - Extracted: Salas O'Brien - 22-Jan-24
2025-04-14 03:42:03,939 - INFO - Extracted: Captura - 22-Jan-24
2025-04-14 03:42:03,961 - INFO - Extracted: Better Stack - 22-Jan-24
2025-04-14 03:42:03,984 - INFO - Extracted: Bluedot - 22-Jan-24
2025-04-14 03:42:04,007 - INFO - Extracted: BuildClub - 22-Jan-24
2025-04-14 03:42:04,046 - INFO - Extracted: Metafoodx - 18-Jan-24
2025-04-14 03:42:04,068 - INFO - Extracted: Safary - 18-Jan-24
2025-04-14 03:42:04,091 - INFO - Extracted: zbyte - 18-Jan-24
2025-04-14 03:42:04,115 - INFO - Extracted: Forta - 17-Jan-24
2025-04-14 03:42:04,137 - INFO - Extracted: Incognia - 17-Jan-24
2025-04-14 03:42:04,160 - INFO - Extracted: Blueshift - 16-Jan-24
2025-04-14 03:42:04,184 - INFO - Extracted: Lutheran Social Services of Southern California - 16-Jan-24
2025-04-14 03:42:04,207 - INFO - Extracted: Blue Planet - 16-Jan-24
2025-04-14 03:42:04,230 - INFO - Extracted: Topia - 16-Jan-24
2025-04-14 03:42:04,253 - INFO - Extracted: Noctrix Health - 16-Jan-24
2025-04-14 03:42:04,276 - INFO - Extracted: Fonda Technologies - 16-Jan-24
2025-04-14 03:42:04,300 - INFO - Extracted: Chezuba - 12-Jan-24
2025-04-14 03:42:04,300 - INFO - Successfully extracted 20 new companies from page 54
2025-04-14 03:42:04,300 - INFO - Attempting to navigate from page 54
2025-04-14 03:42:10,593 - INFO - JavaScript verification confirmed page changed
2025-04-14 03:42:11,433 - INFO - Extracting data from page 55
2025-04-14 03:42:12,320 - INFO - Trying standard table extraction
2025-04-14 03:42:12,347 - INFO - Found 21 potential data rows
2025-04-14 03:42:12,393 - INFO - Extracted: Rune Labs - 11-Jan-24
2025-04-14 03:42:12,419 - INFO - Extracted: Viavi Solutions - 11-Jan-24
2025-04-14 03:42:12,441 - INFO - Extracted: Pier - 11-Jan-24
2025-04-14 03:42:12,465 - INFO - Extracted: FlutterFlow - 11-Jan-24
2025-04-14 03:42:12,488 - INFO - Extracted: Velou - 11-Jan-24
2025-04-14 03:42:12,511 - INFO - Extracted: Echo Labs - 10-Jan-24
2025-04-14 03:42:12,534 - INFO - Extracted: Quora - 10-Jan-24
2025-04-14 03:42:12,557 - INFO - Extracted: Rainbow - 10-Jan-24
2025-04-14 03:42:12,580 - INFO - Extracted: Shimmer - 10-Jan-24
2025-04-14 03:42:12,618 - INFO - Extracted: Leap AI - 9-Jan-24
2025-04-14 03:42:12,642 - INFO - Extracted: Raising the Future - 9-Jan-24
2025-04-14 03:42:12,666 - INFO - Extracted: Feel Therapeutics - 9-Jan-24
2025-04-14 03:42:12,689 - INFO - Extracted: Luma AI - 9-Jan-24
2025-04-14 03:42:12,712 - INFO - Extracted: anecdotes - 9-Jan-24
2025-04-14 03:42:12,735 - INFO - Extracted: MedaSystems - 9-Jan-24
2025-04-14 03:42:12,758 - INFO - Extracted: Revagenix - 5-Jan-24
2025-04-14 03:42:12,781 - INFO - Extracted: UpDoc - 5-Jan-24
2025-04-14 03:42:12,803 - INFO - Extracted: Department of Behavioral Health - 4-Jan-24
2025-04-14 03:42:12,826 - INFO - Extracted: Moonwalk Biosciences - 4-Jan-24
2025-04-14 03:42:12,850 - INFO - Extracted: Human Immunology Biosciences - 4-Jan-24
2025-04-14 03:42:12,850 - INFO - Successfully extracted 20 new companies from page 55
2025-04-14 03:42:12,850 - INFO - Attempting to navigate from page 55
2025-04-14 03:42:19,041 - INFO - JavaScript verification confirmed page changed
2025-04-14 03:42:19,690 - INFO - Extracting data from page 56
2025-04-14 03:42:20,826 - INFO - Trying standard table extraction
2025-04-14 03:42:20,854 - INFO - Found 4 potential data rows
2025-04-14 03:42:20,905 - INFO - Extracted: Perplexity AI - 4-Jan-24
2025-04-14 03:42:20,930 - INFO - Extracted: GSI Technology - 3-Jan-24
2025-04-14 03:42:20,952 - INFO - Extracted: Paceline - 1-Jan-24
2025-04-14 03:42:20,952 - INFO - Successfully extracted 3 new companies from page 56
2025-04-14 03:42:20,952 - INFO - Attempting to navigate from page 56
2025-04-14 03:42:27,016 - INFO - JavaScript verification confirmed page changed
2025-04-14 03:42:27,952 - INFO - Extracting data from page 57
2025-04-14 03:42:28,704 - INFO - Trying standard table extraction
2025-04-14 03:42:28,732 - INFO - Found 4 potential data rows
2025-04-14 03:42:28,826 - INFO - Retry attempt 1 for data extraction
2025-04-14 03:42:30,420 - INFO - Trying advanced pattern-based extraction
2025-04-14 03:42:30,470 - INFO - Extracted (advanced pattern): You may also like
2025-04-14 03:42:30,487 - INFO - Extracted (advanced pattern): 35 Sales Email Tips to Crush Your Sales Game
2025-04-14 03:42:30,508 - INFO - Successfully extracted 2 new companies from page 57
2025-04-14 03:42:30,508 - INFO - Attempting to navigate from page 57
2025-04-14 03:42:36,740 - INFO - JavaScript verification confirmed page changed
2025-04-14 03:42:37,694 - INFO - Extracting data from page 58
2025-04-14 03:42:38,579 - INFO - Trying standard table extraction
2025-04-14 03:42:38,607 - INFO - Found 4 potential data rows
2025-04-14 03:42:38,700 - INFO - Retry attempt 1 for data extraction
2025-04-14 03:42:40,250 - INFO - Trying advanced pattern-based extraction
2025-04-14 03:42:40,317 - INFO - Retry attempt 2 for data extraction
2025-04-14 03:42:42,068 - INFO - Refreshing page for final extraction attempt
2025-04-14 03:42:45,680 - INFO - Found overlay using selector: //div[contains(@class, 'conv-wrap')]
2025-04-14 03:42:45,693 - INFO - No close button found, removing overlay with JavaScript
2025-04-14 03:42:46,843 - INFO - Found overlay using selector: //div[contains(@class, 'overlay')]
2025-04-14 03:42:46,848 - INFO - No close button found, removing overlay with JavaScript
2025-04-14 03:42:48,589 - INFO - Trying standard table extraction
2025-04-14 03:42:48,619 - INFO - Found 21 potential data rows
2025-04-14 03:42:49,106 - WARNING - No new companies found on page 58. Empty page count: 1
2025-04-14 03:42:49,106 - INFO - Attempting to navigate from page 58
2025-04-14 03:42:55,552 - INFO - JavaScript verification confirmed page changed
2025-04-14 03:42:56,685 - INFO - Extracting data from page 59
2025-04-14 03:42:57,485 - INFO - Trying standard table extraction
2025-04-14 03:42:57,515 - INFO - Found 21 potential data rows
2025-04-14 03:42:57,994 - INFO - Retry attempt 1 for data extraction
2025-04-14 03:42:59,079 - INFO - Trying advanced pattern-based extraction
2025-04-14 03:42:59,148 - INFO - Retry attempt 2 for data extraction
2025-04-14 03:43:00,217 - INFO - Refreshing page for final extraction attempt
2025-04-14 03:43:02,491 - INFO - Found overlay using selector: //div[contains(@class, 'conv-wrap')]
2025-04-14 03:43:02,498 - INFO - No close button found, removing overlay with JavaScript
2025-04-14 03:43:03,569 - INFO - Found overlay using selector: //div[contains(@class, 'overlay')]
2025-04-14 03:43:03,574 - INFO - No close button found, removing overlay with JavaScript
2025-04-14 03:43:05,696 - INFO - Trying standard table extraction
2025-04-14 03:43:05,720 - INFO - Found 21 potential data rows
2025-04-14 03:43:06,225 - WARNING - No new companies found on page 59. Empty page count: 2
2025-04-14 03:43:06,227 - INFO - Stopping after 2 consecutive empty pages
2025-04-14 03:43:06,229 - INFO - Created extraction directory at /Users/hk/Downloads/DSFinalYearProject/ArealTimeData/fundraise_data/fundraise_data_20250414_034306
2025-04-14 03:43:06,241 - INFO - Successfully saved 1105 records to /Users/hk/Downloads/DSFinalYearProject/ArealTimeData/fundraise_data/fundraise_data_20250414_034306/startups_20250414_034306.csv
2025-04-14 03:43:06,247 - INFO - Successfully saved JSON data to /Users/hk/Downloads/DSFinalYearProject/ArealTimeData/fundraise_data/fundraise_data_20250414_034306/startups_20250414_034306.json
2025-04-14 03:43:06,248 - INFO - Saved extraction stats to /Users/hk/Downloads/DSFinalYearProject/ArealTimeData/fundraise_data/fundraise_data_20250414_034306/extraction_stats.json
2025-04-14 03:43:06,249 - INFO - Extraction completed in 498.92 seconds
2025-04-14 03:43:06,249 - INFO - Extracted 1105 companies from 59 pages
2025-04-14 03:43:06,249 - INFO - Found 1105 unique companies
2025-04-14 03:43:06,249 - INFO - Most recent funding dates: ['1-Apr-24', '1-Aug-24', '1-Feb-24', '1-Jan-24', '1-Jul-24']
2025-04-14 03:43:06,389 - INFO - WebDriver closed
2025-04-14 03:43:06,389 - INFO - Next extraction scheduled for: 2025-04-15 03:43:06
2025-04-14 04:14:48,545 - INFO - Created main data directory at /Users/hk/Downloads/DSFinalYearProject/fundraise_data
2025-04-14 04:14:48,545 - INFO - Setting up scheduled extraction (every 24 hours)
2025-04-14 04:14:48,545 - INFO - Starting extraction process
2025-04-14 04:14:48,545 - INFO - Setting up Chrome WebDriver...
2025-04-14 04:14:48,545 - INFO - ====== WebDriver manager ======
2025-04-14 04:14:48,631 - INFO - Get LATEST chromedriver version for google-chrome
2025-04-14 04:14:48,686 - INFO - Get LATEST chromedriver version for google-chrome
2025-04-14 04:14:48,725 - INFO - Driver [/Users/hk/.wdm/drivers/chromedriver/mac64/135.0.7049.84/chromedriver-mac-arm64/chromedriver] found in cache
2025-04-14 04:14:50,274 - INFO - WebDriver setup completed successfully
2025-04-14 04:14:50,274 - INFO - Navigating to https://fundraiseinsider.com/blog/recently-funded-startups-san-francisco/#showform-238066
2025-04-14 04:14:51,616 - INFO - Performing efficient scrolling...
2025-04-14 04:14:54,567 - INFO - Scrolling completed
2025-04-14 04:14:54,645 - INFO - Table element found on page
2025-04-14 04:14:54,659 - INFO - Found overlay using selector: //div[contains(@class, 'conv-wrap')]
2025-04-14 04:14:54,669 - INFO - No close button found, removing overlay with JavaScript
2025-04-14 04:14:55,582 - INFO - Found overlay using selector: //div[contains(@class, 'overlay')]
2025-04-14 04:14:55,600 - INFO - No close button found, removing overlay with JavaScript
2025-04-14 04:14:57,062 - INFO - Page navigation successful
2025-04-14 04:14:57,063 - INFO - Extracting data from page 1
2025-04-14 04:14:58,120 - INFO - Trying standard table extraction
2025-04-14 04:14:58,173 - INFO - Found 22 potential data rows
2025-04-14 04:14:58,233 - INFO - Extracted: Rembrand - 2-Jan-25
2025-04-14 04:14:58,262 - INFO - Extracted: Wurthy - 30-Dec-24
2025-04-14 04:14:58,287 - INFO - Extracted: Frontier Bio - 25-Dec-24
2025-04-14 04:14:58,314 - INFO - Extracted: Courtyard - 23-Dec-24
2025-04-14 04:14:58,338 - INFO - Extracted: Pasadena Private Lending - 19-Dec-24
2025-04-14 04:14:58,362 - INFO - Extracted: Tenor - 19-Dec-24
2025-04-14 04:14:58,387 - INFO - Extracted: Earli - 19-Dec-24
2025-04-14 04:14:58,410 - INFO - Extracted: Child Family Health International - 19-Dec-24
2025-04-14 04:14:58,435 - INFO - Extracted: SandboxAQ - 18-Dec-24
2025-04-14 04:14:58,457 - INFO - Extracted: Plume Network - 18-Dec-24
2025-04-14 04:14:58,478 - INFO - Extracted: Hamming AI - 18-Dec-24
2025-04-14 04:14:58,500 - INFO - Extracted: CourtScribes - 18-Dec-24
2025-04-14 04:14:58,522 - INFO - Extracted: Perplexity - 18-Dec-24
2025-04-14 04:14:58,551 - INFO - Extracted: Lyten - 18-Dec-24
2025-04-14 04:14:58,576 - INFO - Extracted: Fairbanc - 18-Dec-24
2025-04-14 04:14:58,600 - INFO - Extracted: Mojave Energy Systems - 18-Dec-24
2025-04-14 04:14:58,622 - INFO - Extracted: Fraction AI - 18-Dec-24
2025-04-14 04:14:58,643 - INFO - Extracted: Schwarm Technologies Inc. - 17-Dec-24
2025-04-14 04:14:58,665 - INFO - Extracted: Landbase - 17-Dec-24
2025-04-14 04:14:58,687 - INFO - Extracted: Acre - 17-Dec-24
2025-04-14 04:14:58,687 - INFO - Successfully extracted 20 new companies from page 1
2025-04-14 04:14:58,687 - INFO - Attempting to navigate from page 1
2025-04-14 04:15:04,354 - INFO - JavaScript verification confirmed page changed
2025-04-14 04:15:05,056 - INFO - Extracting data from page 2
2025-04-14 04:15:06,124 - INFO - Trying standard table extraction
2025-04-14 04:15:06,139 - INFO - Found 22 potential data rows
2025-04-14 04:15:06,186 - INFO - Extracted: Finexio - 17-Dec-24
2025-04-14 04:15:06,213 - INFO - Extracted: Anatomy Financial - 17-Dec-24
2025-04-14 04:15:06,239 - INFO - Extracted: Serverfarm - 17-Dec-24
2025-04-14 04:15:06,262 - INFO - Extracted: Flair - 17-Dec-24
2025-04-14 04:15:06,287 - INFO - Extracted: Leapfin - 17-Dec-24
2025-04-14 04:15:06,311 - INFO - Extracted: Parafin - 17-Dec-24
2025-04-14 04:15:06,336 - INFO - Extracted: Indapta Therapeutics - 17-Dec-24
2025-04-14 04:15:06,369 - INFO - Extracted: Xcell Biosciences - 17-Dec-24
2025-04-14 04:15:06,396 - INFO - Extracted: Jiko - 12-Dec-24
2025-04-14 04:15:06,425 - INFO - Extracted: One - 12-Dec-24
2025-04-14 04:15:06,450 - INFO - Extracted: Evinced - 12-Dec-24
2025-04-14 04:15:06,474 - INFO - Extracted: Twelve Labs - 12-Dec-24
2025-04-14 04:15:06,499 - INFO - Extracted: Terradot - 12-Dec-24
2025-04-14 04:15:06,524 - INFO - Extracted: Cartesia - 12-Dec-24
2025-04-14 04:15:06,549 - INFO - Extracted: Vantis Vascular - 12-Dec-24
2025-04-14 04:15:06,573 - INFO - Extracted: Alessa Therapeutics - 12-Dec-24
2025-04-14 04:15:06,598 - INFO - Extracted: Gigs - 12-Dec-24
2025-04-14 04:15:06,623 - INFO - Extracted: Immi - 12-Dec-24
2025-04-14 04:15:06,647 - INFO - Extracted: Albert Invent - 11-Dec-24
2025-04-14 04:15:06,670 - INFO - Extracted: Strategic Venue Partners - 11-Dec-24
2025-04-14 04:15:06,671 - INFO - Successfully extracted 20 new companies from page 2
2025-04-14 04:15:06,671 - INFO - Attempting to navigate from page 2
2025-04-14 04:15:12,497 - INFO - JavaScript verification confirmed page changed
2025-04-14 04:15:13,400 - INFO - Extracting data from page 3
2025-04-14 04:15:14,349 - INFO - Trying standard table extraction
2025-04-14 04:15:14,371 - INFO - Found 22 potential data rows
2025-04-14 04:15:14,429 - INFO - Extracted: Parsec Education - 11-Dec-24
2025-04-14 04:15:14,454 - INFO - Extracted: Saltmine - 11-Dec-24
2025-04-14 04:15:14,480 - INFO - Extracted: NeuBird - 11-Dec-24
2025-04-14 04:15:14,505 - INFO - Extracted: Aimon Labs - 11-Dec-24
2025-04-14 04:15:14,530 - INFO - Extracted: Ayar Labs - 11-Dec-24
2025-04-14 04:15:14,554 - INFO - Extracted: Vapi - 11-Dec-24
2025-04-14 04:15:14,577 - INFO - Extracted: EzDubs - 11-Dec-24
2025-04-14 04:15:14,601 - INFO - Extracted: Capstan Medical - 11-Dec-24
2025-04-14 04:15:14,631 - INFO - Extracted: Reveal Technology - 11-Dec-24
2025-04-14 04:15:14,655 - INFO - Extracted: Tosi - 11-Dec-24
2025-04-14 04:15:14,677 - INFO - Extracted: Azimuth AI - 11-Dec-24
2025-04-14 04:15:14,700 - INFO - Extracted: Cohesity - 10-Dec-24
2025-04-14 04:15:14,724 - INFO - Extracted: Speak - 10-Dec-24
2025-04-14 04:15:14,746 - INFO - Extracted: Mainframe - 10-Dec-24
2025-04-14 04:15:14,770 - INFO - Extracted: Gyaan - 10-Dec-24
2025-04-14 04:15:14,793 - INFO - Extracted: WeaveGrid - 10-Dec-24
2025-04-14 04:15:14,817 - INFO - Extracted: WindBorne Systems - 10-Dec-24
2025-04-14 04:15:14,841 - INFO - Extracted: Exabits AI - 10-Dec-24
2025-04-14 04:15:14,863 - INFO - Extracted: Gentrace - 10-Dec-24
2025-04-14 04:15:14,888 - INFO - Extracted: LambdaTest - 10-Dec-24
2025-04-14 04:15:14,888 - INFO - Successfully extracted 20 new companies from page 3
2025-04-14 04:15:14,888 - INFO - Attempting to navigate from page 3
2025-04-14 04:15:21,141 - INFO - JavaScript verification confirmed page changed
2025-04-14 04:15:21,643 - INFO - Extracting data from page 4
2025-04-14 04:15:22,594 - INFO - Trying standard table extraction
2025-04-14 04:15:22,650 - INFO - Found 22 potential data rows
2025-04-14 04:15:22,701 - INFO - Extracted: Aarvik Therapeutics - 10-Dec-24
2025-04-14 04:15:22,754 - INFO - Extracted: WaveForms AI - 10-Dec-24
2025-04-14 04:15:22,781 - INFO - Extracted: Wald.ai - 10-Dec-24
2025-04-14 04:15:22,806 - INFO - Extracted: Wildflower Health - 10-Dec-24
2025-04-14 04:15:22,830 - INFO - Extracted: Aampe - 10-Dec-24
2025-04-14 04:15:22,856 - INFO - Extracted: Cala Health - 9-Dec-24
2025-04-14 04:15:22,882 - INFO - Extracted: Sofar Ocean - 9-Dec-24
2025-04-14 04:15:22,909 - INFO - Extracted: Friend - 9-Dec-24
2025-04-14 04:15:22,932 - INFO - Extracted: Lava - 9-Dec-24
2025-04-14 04:15:22,955 - INFO - Extracted: MiSalud - 9-Dec-24
2025-04-14 04:15:22,978 - INFO - Extracted: Lucra Sports - 5-Dec-24
2025-04-14 04:15:23,001 - INFO - Extracted: Across AI - 5-Dec-24
2025-04-14 04:15:23,024 - INFO - Extracted: BITKRAFT Ventures - 5-Dec-24
2025-04-14 04:15:23,047 - INFO - Extracted: Nuvig Therapeutics - 5-Dec-24
2025-04-14 04:15:23,072 - INFO - Extracted: FutureSearch - 5-Dec-24
2025-04-14 04:15:23,095 - INFO - Extracted: Solana - 5-Dec-24
2025-04-14 04:15:23,119 - INFO - Extracted: Rubi Laboratories - 5-Dec-24
2025-04-14 04:15:23,141 - INFO - Extracted: East Oakland Youth Development Center - 5-Dec-24
2025-04-14 04:15:23,169 - INFO - Extracted: Axiado Corporation - 4-Dec-24
2025-04-14 04:15:23,192 - INFO - Extracted: Enterpret - 4-Dec-24
2025-04-14 04:15:23,192 - INFO - Successfully extracted 20 new companies from page 4
2025-04-14 04:15:23,192 - INFO - Attempting to navigate from page 4
2025-04-14 04:15:28,173 - INFO - JavaScript verification confirmed page changed
2025-04-14 04:15:28,955 - INFO - Extracting data from page 5
2025-04-14 04:15:29,842 - INFO - Trying standard table extraction
2025-04-14 04:15:29,865 - INFO - Found 22 potential data rows
2025-04-14 04:15:29,925 - INFO - Extracted: HappyRobot - 4-Dec-24
2025-04-14 04:15:29,950 - INFO - Extracted: Offcall - 4-Dec-24
2025-04-14 04:15:29,974 - INFO - Extracted: Etestho - 4-Dec-24
2025-04-14 04:15:29,997 - INFO - Extracted: Antheia - 3-Dec-24
2025-04-14 04:15:30,022 - INFO - Extracted: Aerospike - 3-Dec-24
2025-04-14 04:15:30,046 - INFO - Extracted: Yurts Technologies Inc - 3-Dec-24
2025-04-14 04:15:30,070 - INFO - Extracted: The Tech Interactive - 3-Dec-24
2025-04-14 04:15:30,093 - INFO - Extracted: Maze Therapeutics - 3-Dec-24
2025-04-14 04:15:30,118 - INFO - Extracted: MakersHub - 3-Dec-24
2025-04-14 04:15:30,152 - INFO - Extracted: Vooma - 2-Dec-24
2025-04-14 04:15:30,178 - INFO - Extracted: Lumin Digital - 2-Dec-24
2025-04-14 04:15:30,202 - INFO - Extracted: Upwind Security - 2-Dec-24
2025-04-14 04:15:30,226 - INFO - Extracted: CSpeed - 2-Dec-24
2025-04-14 04:15:30,250 - INFO - Extracted: Cardless - 26-Nov-24
2025-04-14 04:15:30,273 - INFO - Extracted: Sirona Medical - 26-Nov-24
2025-04-14 04:15:30,298 - INFO - Extracted: Wherobots Inc. - 26-Nov-24
2025-04-14 04:15:30,322 - INFO - Extracted: Circleback - 26-Nov-24
2025-04-14 04:15:30,345 - INFO - Extracted: Mindstate Design Labs - 26-Nov-24
2025-04-14 04:15:30,368 - INFO - Extracted: Femtosense - 26-Nov-24
2025-04-14 04:15:30,392 - INFO - Extracted: Play.ht - 25-Nov-24
2025-04-14 04:15:30,392 - INFO - Successfully extracted 20 new companies from page 5
2025-04-14 04:15:30,392 - INFO - Attempting to navigate from page 5
2025-04-14 04:15:36,875 - INFO - JavaScript verification confirmed page changed
2025-04-14 04:15:37,580 - INFO - Extracting data from page 6
2025-04-14 04:15:38,368 - INFO - Trying standard table extraction
2025-04-14 04:15:38,391 - INFO - Found 22 potential data rows
2025-04-14 04:15:38,879 - INFO - Retry attempt 1 for data extraction
2025-04-14 04:15:40,646 - INFO - Trying standard table extraction
2025-04-14 04:15:40,667 - INFO - Found 22 potential data rows
2025-04-14 04:15:41,155 - INFO - Retry attempt 2 for data extraction
2025-04-14 04:15:42,557 - INFO - Refreshing page for final extraction attempt
2025-04-14 04:15:46,364 - INFO - Trying standard table extraction
2025-04-14 04:15:46,393 - WARNING - No new companies found on page 6. Empty page count: 1
2025-04-14 04:15:46,394 - INFO - Attempting to navigate from page 6
2025-04-14 04:15:48,659 - INFO - Created extraction directory at /Users/hk/Downloads/DSFinalYearProject/fundraise_data/fundraise_data_20250414_041548
2025-04-14 04:15:48,661 - INFO - Successfully saved 100 records to /Users/hk/Downloads/DSFinalYearProject/fundraise_data/fundraise_data_20250414_041548/startups_20250414_041548.csv
2025-04-14 04:15:48,662 - INFO - Successfully saved JSON data to /Users/hk/Downloads/DSFinalYearProject/fundraise_data/fundraise_data_20250414_041548/startups_20250414_041548.json
2025-04-14 04:15:48,662 - INFO - Saved extraction stats to /Users/hk/Downloads/DSFinalYearProject/fundraise_data/fundraise_data_20250414_041548/extraction_stats.json
2025-04-14 04:15:48,663 - INFO - Extraction completed in 60.12 seconds
2025-04-14 04:15:48,663 - INFO - Extracted 100 companies from 6 pages
2025-04-14 04:15:48,663 - INFO - Found 100 unique companies
2025-04-14 04:15:48,663 - INFO - Most recent funding dates: ['10-Dec-24', '11-Dec-24', '12-Dec-24', '17-Dec-24', '18-Dec-24']
2025-04-14 04:15:48,759 - INFO - WebDriver closed
2025-04-14 04:15:48,759 - INFO - Next extraction scheduled for: 2025-04-15 04:15:48
2025-04-14 04:15:58,540 - INFO - Setting up scheduled extraction (every 24 hours)
2025-04-14 04:15:58,541 - INFO - Starting extraction process
2025-04-14 04:15:58,541 - INFO - Setting up Chrome WebDriver...
2025-04-14 04:15:58,541 - INFO - ====== WebDriver manager ======
2025-04-14 04:15:58,615 - INFO - Get LATEST chromedriver version for google-chrome
2025-04-14 04:15:58,666 - INFO - Get LATEST chromedriver version for google-chrome
2025-04-14 04:15:58,701 - INFO - Driver [/Users/hk/.wdm/drivers/chromedriver/mac64/135.0.7049.84/chromedriver-mac-arm64/chromedriver] found in cache
2025-04-14 04:15:59,691 - INFO - WebDriver setup completed successfully
2025-04-14 04:15:59,691 - INFO - Navigating to https://fundraiseinsider.com/blog/recently-funded-startups-san-francisco/#showform-238066
2025-04-14 04:16:00,855 - INFO - Performing efficient scrolling...
2025-04-14 04:16:03,013 - INFO - Scrolling completed
2025-04-14 04:16:03,020 - INFO - Table element found on page
2025-04-14 04:16:03,031 - INFO - Found overlay using selector: //div[contains(@class, 'conv-wrap')]
2025-04-14 04:16:03,036 - INFO - No close button found, removing overlay with JavaScript
2025-04-14 04:16:03,961 - INFO - Found overlay using selector: //div[contains(@class, 'overlay')]
2025-04-14 04:16:03,966 - INFO - No close button found, removing overlay with JavaScript
2025-04-14 04:16:05,798 - INFO - Page navigation successful
2025-04-14 04:16:05,799 - INFO - Extracting data from page 1
2025-04-14 04:16:06,637 - INFO - Trying standard table extraction
2025-04-14 04:16:06,669 - INFO - Found 22 potential data rows
2025-04-14 04:16:06,731 - INFO - Extracted: Rembrand - 2-Jan-25
2025-04-14 04:16:06,755 - INFO - Extracted: Wurthy - 30-Dec-24
2025-04-14 04:16:06,779 - INFO - Extracted: Frontier Bio - 25-Dec-24
2025-04-14 04:16:06,803 - INFO - Extracted: Courtyard - 23-Dec-24
2025-04-14 04:16:06,828 - INFO - Extracted: Pasadena Private Lending - 19-Dec-24
2025-04-14 04:16:06,853 - INFO - Extracted: Tenor - 19-Dec-24
2025-04-14 04:16:06,876 - INFO - Extracted: Earli - 19-Dec-24
2025-04-14 04:16:06,900 - INFO - Extracted: Child Family Health International - 19-Dec-24
2025-04-14 04:16:06,924 - INFO - Extracted: SandboxAQ - 18-Dec-24
2025-04-14 04:16:06,947 - INFO - Extracted: Plume Network - 18-Dec-24
2025-04-14 04:16:06,976 - INFO - Extracted: Hamming AI - 18-Dec-24
2025-04-14 04:16:07,000 - INFO - Extracted: CourtScribes - 18-Dec-24
2025-04-14 04:16:07,023 - INFO - Extracted: Perplexity - 18-Dec-24
2025-04-14 04:16:07,047 - INFO - Extracted: Lyten - 18-Dec-24
2025-04-14 04:16:07,072 - INFO - Extracted: Fairbanc - 18-Dec-24
2025-04-14 04:16:07,095 - INFO - Extracted: Mojave Energy Systems - 18-Dec-24
2025-04-14 04:16:07,119 - INFO - Extracted: Fraction AI - 18-Dec-24
2025-04-14 04:16:07,143 - INFO - Extracted: Schwarm Technologies Inc. - 17-Dec-24
2025-04-14 04:16:07,168 - INFO - Extracted: Landbase - 17-Dec-24
2025-04-14 04:16:07,191 - INFO - Extracted: Acre - 17-Dec-24
2025-04-14 04:16:07,191 - INFO - Successfully extracted 20 new companies from page 1
2025-04-14 04:16:07,191 - INFO - Attempting to navigate from page 1
2025-04-14 04:16:13,417 - INFO - JavaScript verification confirmed page changed
2025-04-14 04:16:14,058 - INFO - Extracting data from page 2
2025-04-14 04:16:15,186 - INFO - Trying standard table extraction
2025-04-14 04:16:15,209 - INFO - Found 22 potential data rows
2025-04-14 04:16:15,267 - INFO - Extracted: Finexio - 17-Dec-24
2025-04-14 04:16:15,293 - INFO - Extracted: Anatomy Financial - 17-Dec-24
2025-04-14 04:16:15,317 - INFO - Extracted: Serverfarm - 17-Dec-24
2025-04-14 04:16:15,346 - INFO - Extracted: Flair - 17-Dec-24
2025-04-14 04:16:15,370 - INFO - Extracted: Leapfin - 17-Dec-24
2025-04-14 04:16:15,394 - INFO - Extracted: Parafin - 17-Dec-24
2025-04-14 04:16:15,418 - INFO - Extracted: Indapta Therapeutics - 17-Dec-24
2025-04-14 04:16:15,442 - INFO - Extracted: Xcell Biosciences - 17-Dec-24
2025-04-14 04:16:15,465 - INFO - Extracted: Jiko - 12-Dec-24
2025-04-14 04:16:15,489 - INFO - Extracted: One - 12-Dec-24
2025-04-14 04:16:15,513 - INFO - Extracted: Evinced - 12-Dec-24
2025-04-14 04:16:15,543 - INFO - Extracted: Twelve Labs - 12-Dec-24
2025-04-14 04:16:15,567 - INFO - Extracted: Terradot - 12-Dec-24
2025-04-14 04:16:15,591 - INFO - Extracted: Cartesia - 12-Dec-24
2025-04-14 04:16:15,614 - INFO - Extracted: Vantis Vascular - 12-Dec-24
2025-04-14 04:16:15,638 - INFO - Extracted: Alessa Therapeutics - 12-Dec-24
2025-04-14 04:16:15,662 - INFO - Extracted: Gigs - 12-Dec-24
2025-04-14 04:16:15,686 - INFO - Extracted: Immi - 12-Dec-24
2025-04-14 04:16:15,710 - INFO - Extracted: Albert Invent - 11-Dec-24
2025-04-14 04:16:15,734 - INFO - Extracted: Strategic Venue Partners - 11-Dec-24
2025-04-14 04:16:15,735 - INFO - Successfully extracted 20 new companies from page 2
2025-04-14 04:16:15,735 - INFO - Attempting to navigate from page 2
2025-04-14 04:16:22,020 - INFO - JavaScript verification confirmed page changed
2025-04-14 04:16:23,140 - INFO - Extracting data from page 3
2025-04-14 04:16:23,800 - INFO - Trying standard table extraction
2025-04-14 04:16:23,823 - INFO - Found 22 potential data rows
2025-04-14 04:16:23,880 - INFO - Extracted: Parsec Education - 11-Dec-24
2025-04-14 04:16:23,905 - INFO - Extracted: Saltmine - 11-Dec-24
2025-04-14 04:16:23,929 - INFO - Extracted: NeuBird - 11-Dec-24
2025-04-14 04:16:23,961 - INFO - Extracted: Aimon Labs - 11-Dec-24
2025-04-14 04:16:23,984 - INFO - Extracted: Ayar Labs - 11-Dec-24
2025-04-14 04:16:24,007 - INFO - Extracted: Vapi - 11-Dec-24
2025-04-14 04:16:24,030 - INFO - Extracted: EzDubs - 11-Dec-24
2025-04-14 04:16:24,054 - INFO - Extracted: Capstan Medical - 11-Dec-24
2025-04-14 04:16:24,078 - INFO - Extracted: Reveal Technology - 11-Dec-24
2025-04-14 04:16:24,101 - INFO - Extracted: Tosi - 11-Dec-24
2025-04-14 04:16:24,125 - INFO - Extracted: Azimuth AI - 11-Dec-24
2025-04-14 04:16:24,148 - INFO - Extracted: Cohesity - 10-Dec-24
2025-04-14 04:16:24,176 - INFO - Extracted: Speak - 10-Dec-24
2025-04-14 04:16:24,200 - INFO - Extracted: Mainframe - 10-Dec-24
2025-04-14 04:16:24,224 - INFO - Extracted: Gyaan - 10-Dec-24
2025-04-14 04:16:24,248 - INFO - Extracted: WeaveGrid - 10-Dec-24
2025-04-14 04:16:24,271 - INFO - Extracted: WindBorne Systems - 10-Dec-24
2025-04-14 04:16:24,296 - INFO - Extracted: Exabits AI - 10-Dec-24
2025-04-14 04:16:24,320 - INFO - Extracted: Gentrace - 10-Dec-24
2025-04-14 04:16:24,344 - INFO - Extracted: LambdaTest - 10-Dec-24
2025-04-14 04:16:24,344 - INFO - Successfully extracted 20 new companies from page 3
2025-04-14 04:16:24,344 - INFO - Attempting to navigate from page 3
2025-04-14 04:16:30,167 - INFO - JavaScript verification confirmed page changed
2025-04-14 04:16:30,571 - INFO - Extracting data from page 4
2025-04-14 04:16:31,707 - INFO - Trying standard table extraction
2025-04-14 04:16:31,717 - INFO - Found 22 potential data rows
2025-04-14 04:16:31,774 - INFO - Extracted: Aarvik Therapeutics - 10-Dec-24
2025-04-14 04:16:31,801 - INFO - Extracted: WaveForms AI - 10-Dec-24
2025-04-14 04:16:31,825 - INFO - Extracted: Wald.ai - 10-Dec-24
2025-04-14 04:16:31,856 - INFO - Extracted: Wildflower Health - 10-Dec-24
2025-04-14 04:16:31,879 - INFO - Extracted: Aampe - 10-Dec-24
2025-04-14 04:16:31,903 - INFO - Extracted: Cala Health - 9-Dec-24
2025-04-14 04:16:31,926 - INFO - Extracted: Sofar Ocean - 9-Dec-24
2025-04-14 04:16:31,949 - INFO - Extracted: Friend - 9-Dec-24
2025-04-14 04:16:31,973 - INFO - Extracted: Lava - 9-Dec-24
2025-04-14 04:16:31,995 - INFO - Extracted: MiSalud - 9-Dec-24
2025-04-14 04:16:32,019 - INFO - Extracted: Lucra Sports - 5-Dec-24
2025-04-14 04:16:32,042 - INFO - Extracted: Across AI - 5-Dec-24
2025-04-14 04:16:32,066 - INFO - Extracted: BITKRAFT Ventures - 5-Dec-24
2025-04-14 04:16:32,090 - INFO - Extracted: Nuvig Therapeutics - 5-Dec-24
2025-04-14 04:16:32,113 - INFO - Extracted: FutureSearch - 5-Dec-24
2025-04-14 04:16:32,137 - INFO - Extracted: Solana - 5-Dec-24
2025-04-14 04:16:32,160 - INFO - Extracted: Rubi Laboratories - 5-Dec-24
2025-04-14 04:16:32,192 - INFO - Extracted: East Oakland Youth Development Center - 5-Dec-24
2025-04-14 04:16:32,216 - INFO - Extracted: Axiado Corporation - 4-Dec-24
2025-04-14 04:16:32,238 - INFO - Extracted: Enterpret - 4-Dec-24
2025-04-14 04:16:32,238 - INFO - Successfully extracted 20 new companies from page 4
2025-04-14 04:16:32,238 - INFO - Attempting to navigate from page 4
2025-04-14 04:16:38,036 - INFO - JavaScript verification confirmed page changed
2025-04-14 04:16:38,926 - INFO - Extracting data from page 5
2025-04-14 04:16:39,954 - INFO - Trying standard table extraction
2025-04-14 04:16:39,982 - INFO - Found 22 potential data rows
2025-04-14 04:16:40,039 - INFO - Extracted: HappyRobot - 4-Dec-24
2025-04-14 04:16:40,064 - INFO - Extracted: Offcall - 4-Dec-24
2025-04-14 04:16:40,088 - INFO - Extracted: Etestho - 4-Dec-24
2025-04-14 04:16:40,111 - INFO - Extracted: Antheia - 3-Dec-24
2025-04-14 04:16:40,135 - INFO - Extracted: Aerospike - 3-Dec-24
2025-04-14 04:16:40,168 - INFO - Extracted: Yurts Technologies Inc - 3-Dec-24
2025-04-14 04:16:40,196 - INFO - Extracted: The Tech Interactive - 3-Dec-24
2025-04-14 04:16:40,222 - INFO - Extracted: Maze Therapeutics - 3-Dec-24
2025-04-14 04:16:40,245 - INFO - Extracted: MakersHub - 3-Dec-24
2025-04-14 04:16:40,268 - INFO - Extracted: Vooma - 2-Dec-24
2025-04-14 04:16:40,292 - INFO - Extracted: Lumin Digital - 2-Dec-24
2025-04-14 04:16:40,315 - INFO - Extracted: Upwind Security - 2-Dec-24
2025-04-14 04:16:40,339 - INFO - Extracted: CSpeed - 2-Dec-24
2025-04-14 04:16:40,362 - INFO - Extracted: Cardless - 26-Nov-24
2025-04-14 04:16:40,386 - INFO - Extracted: Sirona Medical - 26-Nov-24
2025-04-14 04:16:40,410 - INFO - Extracted: Wherobots Inc. - 26-Nov-24
2025-04-14 04:16:40,433 - INFO - Extracted: Circleback - 26-Nov-24
2025-04-14 04:16:40,456 - INFO - Extracted: Mindstate Design Labs - 26-Nov-24
2025-04-14 04:16:40,479 - INFO - Extracted: Femtosense - 26-Nov-24
2025-04-14 04:16:40,503 - INFO - Extracted: Play.ht - 25-Nov-24
2025-04-14 04:16:40,503 - INFO - Successfully extracted 20 new companies from page 5
2025-04-14 04:16:40,503 - INFO - Attempting to navigate from page 5
2025-04-14 04:16:46,107 - INFO - JavaScript verification confirmed page changed
2025-04-14 04:16:46,540 - INFO - Extracting data from page 6
2025-04-14 04:16:47,158 - INFO - Trying standard table extraction
2025-04-14 04:16:47,179 - INFO - Found 22 potential data rows
2025-04-14 04:16:47,237 - INFO - Extracted: Tempest DX - 25-Nov-24
2025-04-14 04:16:47,265 - INFO - Extracted: Trustero - 21-Nov-24
2025-04-14 04:16:47,290 - INFO - Extracted: Epic Cleantec - 21-Nov-24
2025-04-14 04:16:47,313 - INFO - Extracted: VISO TRUST - 21-Nov-24
2025-04-14 04:16:47,336 - INFO - Extracted: Aviz Networks - 21-Nov-24
2025-04-14 04:16:47,359 - INFO - Extracted: Arcade - 21-Nov-24
2025-04-14 04:16:47,388 - INFO - Extracted: Anomalo - 21-Nov-24
2025-04-14 04:16:47,411 - INFO - Extracted: Teleo - 21-Nov-24
2025-04-14 04:16:47,435 - INFO - Extracted: Wordware - 21-Nov-24
2025-04-14 04:16:47,458 - INFO - Extracted: Aira Technologies - 20-Nov-24
2025-04-14 04:16:47,482 - INFO - Extracted: Generate Capital - 20-Nov-24
2025-04-14 04:16:47,505 - INFO - Extracted: Rox - 20-Nov-24
2025-04-14 04:16:47,528 - INFO - Extracted: Aethero - 20-Nov-24
2025-04-14 04:16:47,552 - INFO - Extracted: Federato - 20-Nov-24
2025-04-14 04:16:47,575 - INFO - Extracted: Distru - 20-Nov-24
2025-04-14 04:16:47,599 - INFO - Extracted: THEO AI - 20-Nov-24
2025-04-14 04:16:47,623 - INFO - Extracted: Shinami - 20-Nov-24
2025-04-14 04:16:47,646 - INFO - Extracted: PostSig - 20-Nov-24
2025-04-14 04:16:47,670 - INFO - Extracted: Flywheel Dynamix - 20-Nov-24
2025-04-14 04:16:47,694 - INFO - Extracted: New Lantern - 20-Nov-24
2025-04-14 04:16:47,694 - INFO - Successfully extracted 20 new companies from page 6
2025-04-14 04:16:47,694 - INFO - Attempting to navigate from page 6
2025-04-14 04:16:53,350 - INFO - JavaScript verification confirmed page changed
2025-04-14 04:16:54,060 - INFO - Extracting data from page 7
2025-04-14 04:16:54,811 - INFO - Trying standard table extraction
2025-04-14 04:16:54,823 - INFO - Found 22 potential data rows
2025-04-14 04:16:54,884 - INFO - Extracted: Certinia - 19-Nov-24
2025-04-14 04:16:54,910 - INFO - Extracted: Kong - 19-Nov-24
2025-04-14 04:16:54,933 - INFO - Extracted: Kintsugi AI - 19-Nov-24
2025-04-14 04:16:54,957 - INFO - Extracted: StoreCash - 19-Nov-24
2025-04-14 04:16:54,981 - INFO - Extracted: Spectro Cloud - 19-Nov-24
2025-04-14 04:16:55,005 - INFO - Extracted: BrightAI - 19-Nov-24
2025-04-14 04:16:55,036 - INFO - Extracted: Open Source Wellness - 19-Nov-24
2025-04-14 04:16:55,061 - INFO - Extracted: Neo4j - 19-Nov-24
2025-04-14 04:16:55,086 - INFO - Extracted: Rain AI - 19-Nov-24
2025-04-14 04:16:55,115 - INFO - Extracted: JustPaid - 19-Nov-24
2025-04-14 04:16:55,139 - INFO - Extracted: Cresta - 19-Nov-24
2025-04-14 04:16:55,162 - INFO - Extracted: Enfabrica - 19-Nov-24
2025-04-14 04:16:55,185 - INFO - Extracted: ANAFLASH - 19-Nov-24
2025-04-14 04:16:55,213 - INFO - Extracted: Open Philanthropy - 18-Nov-24
2025-04-14 04:16:55,237 - INFO - Extracted: California University of Science and Medicine - 18-Nov-24
2025-04-14 04:16:55,260 - INFO - Extracted: Zenflow - 18-Nov-24
2025-04-14 04:16:55,283 - INFO - Extracted: Radiant - 14-Nov-24
2025-04-14 04:16:55,306 - INFO - Extracted: Athina AI - 14-Nov-24
2025-04-14 04:16:55,330 - INFO - Extracted: Team-GPT - 14-Nov-24
2025-04-14 04:16:55,354 - INFO - Extracted: Falkonry - 14-Nov-24
2025-04-14 04:16:55,354 - INFO - Successfully extracted 20 new companies from page 7
2025-04-14 04:16:55,354 - INFO - Attempting to navigate from page 7
2025-04-14 04:17:00,941 - INFO - JavaScript verification confirmed page changed
2025-04-14 04:17:01,510 - INFO - Extracting data from page 8
2025-04-14 04:17:02,534 - INFO - Trying standard table extraction
2025-04-14 04:17:02,557 - INFO - Found 22 potential data rows
2025-04-14 04:17:02,615 - INFO - Extracted: Leland - 13-Nov-24
2025-04-14 04:17:02,639 - INFO - Extracted: TRex Bio - 13-Nov-24
2025-04-14 04:17:02,669 - INFO - Extracted: Medeloop - 13-Nov-24
2025-04-14 04:17:02,692 - INFO - Extracted: OneSkin - 13-Nov-24
2025-04-14 04:17:02,715 - INFO - Extracted: The WiTT Group - 13-Nov-24
2025-04-14 04:17:02,740 - INFO - Extracted: Riot - 13-Nov-24
2025-04-14 04:17:02,763 - INFO - Extracted: Writer - 12-Nov-24
2025-04-14 04:17:02,787 - INFO - Extracted: Trace Neuroscience - 12-Nov-24
2025-04-14 04:17:02,812 - INFO - Extracted: Fastino - 12-Nov-24
2025-04-14 04:17:02,840 - INFO - Extracted: Shiru - 12-Nov-24
2025-04-14 04:17:02,862 - INFO - Extracted: Outbuild - 12-Nov-24
2025-04-14 04:17:02,886 - INFO - Extracted: Anthrogen - 12-Nov-24
2025-04-14 04:17:02,910 - INFO - Extracted: Connecty AI - 11-Nov-24
2025-04-14 04:17:02,933 - INFO - Extracted: AirGarage - 8-Nov-24
2025-04-14 04:17:02,957 - INFO - Extracted: Fractional - 7-Nov-24
2025-04-14 04:17:02,981 - INFO - Extracted: Orbital Sidekick - 7-Nov-24
2025-04-14 04:17:03,005 - INFO - Extracted: Corgea - 6-Nov-24
2025-04-14 04:17:03,028 - INFO - Extracted: OptraScan - 6-Nov-24
2025-04-14 04:17:03,052 - INFO - Extracted: Workhelix - 5-Nov-24
2025-04-14 04:17:03,083 - INFO - Extracted: PrognomiQ - 5-Nov-24
2025-04-14 04:17:03,083 - INFO - Successfully extracted 20 new companies from page 8
2025-04-14 04:17:03,083 - INFO - Attempting to navigate from page 8
2025-04-14 04:17:08,466 - INFO - JavaScript verification confirmed page changed
2025-04-14 04:17:09,359 - INFO - Extracting data from page 9
2025-04-14 04:17:09,815 - INFO - Trying standard table extraction
2025-04-14 04:17:09,838 - INFO - Found 22 potential data rows
2025-04-14 04:17:09,911 - INFO - Extracted: Carvis.AI - 4-Nov-24
2025-04-14 04:17:09,938 - INFO - Extracted: Inquis Medical - 4-Nov-24
2025-04-14 04:17:09,961 - INFO - Extracted: Augment Code - 4-Nov-24
2025-04-14 04:17:09,985 - INFO - Extracted: Primergy Solar - 4-Nov-24
2025-04-14 04:17:10,008 - INFO - Extracted: Advex AI - 4-Nov-24
2025-04-14 04:17:10,039 - INFO - Extracted: The Nursing Beat - 4-Nov-24
2025-04-14 04:17:10,062 - INFO - Extracted: Cornerstone AI - 31-Oct-24
2025-04-14 04:17:10,086 - INFO - Extracted: Spot AI - 31-Oct-24
2025-04-14 04:17:10,111 - INFO - Extracted: Buddy.ai - 31-Oct-24
2025-04-14 04:17:10,134 - INFO - Extracted: Evommune - 31-Oct-24
2025-04-14 04:17:10,158 - INFO - Extracted: Bugcrowd - 31-Oct-24
2025-04-14 04:17:10,181 - INFO - Extracted: Decart - 31-Oct-24
2025-04-14 04:17:10,204 - INFO - Extracted: Birch Creek Development - 31-Oct-24
2025-04-14 04:17:10,228 - INFO - Extracted: Shadowbox - 31-Oct-24
2025-04-14 04:17:10,252 - INFO - Extracted: Delos Insurance - 31-Oct-24
2025-04-14 04:17:10,275 - INFO - Extracted: Bifrost AI - 30-Oct-24
2025-04-14 04:17:10,298 - INFO - Extracted: Third Wave Automation - 30-Oct-24
2025-04-14 04:17:10,322 - INFO - Extracted: Sapien - 29-Oct-24
2025-04-14 04:17:10,345 - INFO - Extracted: HomeBoost - 29-Oct-24
2025-04-14 04:17:10,370 - INFO - Extracted: LifeSaver Mobile - 29-Oct-24
2025-04-14 04:17:10,370 - INFO - Successfully extracted 20 new companies from page 9
2025-04-14 04:17:10,370 - INFO - Attempting to navigate from page 9
2025-04-14 04:17:16,898 - INFO - JavaScript verification confirmed page changed
2025-04-14 04:17:17,683 - INFO - Extracting data from page 10
2025-04-14 04:17:18,526 - INFO - Trying standard table extraction
2025-04-14 04:17:18,548 - INFO - Found 22 potential data rows
2025-04-14 04:17:18,606 - INFO - Extracted: CredibleMind - 29-Oct-24
2025-04-14 04:17:18,632 - INFO - Extracted: Opus Guard - 29-Oct-24
2025-04-14 04:17:18,655 - INFO - Extracted: GMI Cloud - 29-Oct-24
2025-04-14 04:17:18,678 - INFO - Extracted: Browserbase - 29-Oct-24
2025-04-14 04:17:18,703 - INFO - Extracted: Armis Security - 28-Oct-24
2025-04-14 04:17:18,726 - INFO - Extracted: Kivu Bioscience - 28-Oct-24
2025-04-14 04:17:18,750 - INFO - Extracted: Sierra - 28-Oct-24
2025-04-14 04:17:18,774 - INFO - Extracted: Fondo - 28-Oct-24
2025-04-14 04:17:18,797 - INFO - Extracted: Abstract Security - 28-Oct-24
2025-04-14 04:17:18,821 - INFO - Extracted: Revyl - 28-Oct-24
2025-04-14 04:17:18,844 - INFO - Extracted: Pharos - 25-Oct-24
2025-04-14 04:17:18,868 - INFO - Extracted: Connect The Dots - 24-Oct-24
2025-04-14 04:17:18,896 - INFO - Extracted: Sociaaal - 24-Oct-24
2025-04-14 04:17:18,920 - INFO - Extracted: AnyLog - 24-Oct-24
2025-04-14 04:17:18,943 - INFO - Extracted: Concentric AI - 24-Oct-24
2025-04-14 04:17:18,967 - INFO - Extracted: PayToMe.co - 24-Oct-24
2025-04-14 04:17:18,990 - INFO - Extracted: Finix - 24-Oct-24
2025-04-14 04:17:19,012 - INFO - Extracted: Simbe Robotics - 24-Oct-24
2025-04-14 04:17:19,037 - INFO - Extracted: Oloid - 24-Oct-24
2025-04-14 04:17:19,060 - INFO - Extracted: Nimble Robotics - 23-Oct-24
2025-04-14 04:17:19,060 - INFO - Successfully extracted 20 new companies from page 10
2025-04-14 04:17:19,060 - INFO - Attempting to navigate from page 10
2025-04-14 04:17:25,107 - INFO - JavaScript verification confirmed page changed
2025-04-14 04:17:26,312 - INFO - Extracting data from page 11
2025-04-14 04:17:26,741 - INFO - Trying standard table extraction
2025-04-14 04:17:26,763 - INFO - Found 22 potential data rows
2025-04-14 04:17:26,822 - INFO - Extracted: Archy - 23-Oct-24
2025-04-14 04:17:26,847 - INFO - Extracted: Infinitus Systems - 23-Oct-24
2025-04-14 04:17:26,871 - INFO - Extracted: Courie - 23-Oct-24
2025-04-14 04:17:26,894 - INFO - Extracted: Anthro Energy - 23-Oct-24
2025-04-14 04:17:26,918 - INFO - Extracted: LAWFTY - 23-Oct-24
2025-04-14 04:17:26,941 - INFO - Extracted: BodySpec - 22-Oct-24
2025-04-14 04:17:26,965 - INFO - Extracted: Nooks - 22-Oct-24
2025-04-14 04:17:26,988 - INFO - Extracted: CrewAI - 22-Oct-24
2025-04-14 04:17:27,011 - INFO - Extracted: Qpoint - 22-Oct-24
2025-04-14 04:17:27,034 - INFO - Extracted: Globality - 22-Oct-24
2025-04-14 04:17:27,057 - INFO - Extracted: Socket - 22-Oct-24
2025-04-14 04:17:27,080 - INFO - Extracted: Mainspring Energy - 22-Oct-24
2025-04-14 04:17:27,110 - INFO - Extracted: interface.ai - 22-Oct-24
2025-04-14 04:17:27,134 - INFO - Extracted: Trellis Bioscience - 22-Oct-24
2025-04-14 04:17:27,157 - INFO - Extracted: Revelation Partners - 22-Oct-24
2025-04-14 04:17:27,180 - INFO - Extracted: Genmo - 22-Oct-24
2025-04-14 04:17:27,204 - INFO - Extracted: ItsWare - 22-Oct-24
2025-04-14 04:17:27,228 - INFO - Extracted: Avenue Biosciences - 22-Oct-24
2025-04-14 04:17:27,252 - INFO - Extracted: Zip - 21-Oct-24
2025-04-14 04:17:27,274 - INFO - Extracted: HealthEx - 21-Oct-24
2025-04-14 04:17:27,274 - INFO - Successfully extracted 20 new companies from page 11
2025-04-14 04:17:27,275 - INFO - Attempting to navigate from page 11
2025-04-14 04:17:33,311 - INFO - JavaScript verification confirmed page changed
2025-04-14 04:17:34,114 - INFO - Extracting data from page 12
2025-04-14 04:17:34,823 - INFO - Trying standard table extraction
2025-04-14 04:17:34,843 - INFO - Found 22 potential data rows
2025-04-14 04:17:34,902 - INFO - Extracted: Uprise - 21-Oct-24
2025-04-14 04:17:34,927 - INFO - Extracted: Voxela - 21-Oct-24
2025-04-14 04:17:34,951 - INFO - Extracted: Kick - 17-Oct-24
2025-04-14 04:17:34,981 - INFO - Extracted: AN2 Therapeutics - 17-Oct-24
2025-04-14 04:17:35,004 - INFO - Extracted: Terray Therapeutics - 17-Oct-24
2025-04-14 04:17:35,028 - INFO - Extracted: Abel Police - 17-Oct-24
2025-04-14 04:17:35,052 - INFO - Extracted: Edgee - 17-Oct-24
2025-04-14 04:17:35,075 - INFO - Extracted: GetSetUp - 16-Oct-24
2025-04-14 04:17:35,098 - INFO - Extracted: Samay - 16-Oct-24
2025-04-14 04:17:35,122 - INFO - Extracted: Kiavi - 16-Oct-24
2025-04-14 04:17:35,146 - INFO - Extracted: Tako - 16-Oct-24
2025-04-14 04:17:35,169 - INFO - Extracted: Lightmatter - 16-Oct-24
2025-04-14 04:17:35,193 - INFO - Extracted: Agtonomy - 16-Oct-24
2025-04-14 04:17:35,216 - INFO - Extracted: PyrAmes, Inc. - 15-Oct-24
2025-04-14 04:17:35,250 - INFO - Extracted: Alchemy - 15-Oct-24
2025-04-14 04:17:35,274 - INFO - Extracted: MDisrupt - 15-Oct-24
2025-04-14 04:17:35,297 - INFO - Extracted: Galileo - 15-Oct-24
2025-04-14 04:17:35,321 - INFO - Extracted: Azra Games - 15-Oct-24
2025-04-14 04:17:35,344 - INFO - Extracted: Chargie - 15-Oct-24
2025-04-14 04:17:35,368 - INFO - Extracted: Decagon - 15-Oct-24
2025-04-14 04:17:35,368 - INFO - Successfully extracted 20 new companies from page 12
2025-04-14 04:17:35,368 - INFO - Attempting to navigate from page 12
2025-04-14 04:17:41,583 - INFO - JavaScript verification confirmed page changed
2025-04-14 04:17:42,293 - INFO - Extracting data from page 13
2025-04-14 04:17:43,203 - INFO - Trying standard table extraction
2025-04-14 04:17:43,224 - INFO - Found 22 potential data rows
2025-04-14 04:17:43,283 - INFO - Extracted: Concourse - 15-Oct-24
2025-04-14 04:17:43,322 - INFO - Extracted: Stockguard - 15-Oct-24
2025-04-14 04:17:43,345 - INFO - Extracted: Neuron7.ai - 15-Oct-24
2025-04-14 04:17:43,369 - INFO - Extracted: Parakeet Health - 15-Oct-24
2025-04-14 04:17:43,392 - INFO - Extracted: Dryvebox - 14-Oct-24
2025-04-14 04:17:43,416 - INFO - Extracted: Blockcast - 14-Oct-24
2025-04-14 04:17:43,440 - INFO - Extracted: Cavecrack - 13-Oct-24
2025-04-14 04:17:43,463 - INFO - Extracted: Cerebelly - 10-Oct-24
2025-04-14 04:17:43,487 - INFO - Extracted: Suki - 10-Oct-24
2025-04-14 04:17:43,510 - INFO - Extracted: CytoVale - 10-Oct-24
2025-04-14 04:17:43,534 - INFO - Extracted: Zeal - 10-Oct-24
2025-04-14 04:17:43,558 - INFO - Extracted: Vidoc Security Lab - 10-Oct-24
2025-04-14 04:17:43,581 - INFO - Extracted: Relyance AI - 10-Oct-24
2025-04-14 04:17:43,604 - INFO - Extracted: Numeric - 10-Oct-24
2025-04-14 04:17:43,700 - INFO - Extracted: COVU - 10-Oct-24
2025-04-14 04:17:43,733 - INFO - Extracted: ApertureData - 10-Oct-24
2025-04-14 04:17:43,757 - INFO - Extracted: MiLaboratories - 10-Oct-24
2025-04-14 04:17:43,784 - INFO - Extracted: Glooko - 10-Oct-24
2025-04-14 04:17:43,809 - INFO - Extracted: IncumbentFI - 10-Oct-24
2025-04-14 04:17:43,833 - INFO - Extracted: Prophecy.io - 10-Oct-24
2025-04-14 04:17:43,833 - INFO - Successfully extracted 20 new companies from page 13
2025-04-14 04:17:43,833 - INFO - Attempting to navigate from page 13
2025-04-14 04:17:49,495 - INFO - JavaScript verification confirmed page changed
2025-04-14 04:17:50,725 - INFO - Extracting data from page 14
2025-04-14 04:17:51,524 - INFO - Trying standard table extraction
2025-04-14 04:17:51,545 - INFO - Found 22 potential data rows
2025-04-14 04:17:51,605 - INFO - Extracted: Sidepit - 10-Oct-24
2025-04-14 04:17:51,630 - INFO - Extracted: Astrix Health - 10-Oct-24
2025-04-14 04:17:51,654 - INFO - Extracted: CEQAbase - 9-Oct-24
2025-04-14 04:17:51,677 - INFO - Extracted: SimX - 9-Oct-24
2025-04-14 04:17:51,700 - INFO - Extracted: Bigeye - 9-Oct-24
2025-04-14 04:17:51,723 - INFO - Extracted: Drawer AI - 9-Oct-24
2025-04-14 04:17:51,746 - INFO - Extracted: Vultron - 9-Oct-24
2025-04-14 04:17:51,768 - INFO - Extracted: AppShip - 9-Oct-24
2025-04-14 04:17:51,801 - INFO - Extracted: EvenUp - 8-Oct-24
2025-04-14 04:17:51,824 - INFO - Extracted: Tele911 - 8-Oct-24
2025-04-14 04:17:51,847 - INFO - Extracted: Kiva AI - 8-Oct-24
2025-04-14 04:17:51,870 - INFO - Extracted: Selonterra - 8-Oct-24
2025-04-14 04:17:51,894 - INFO - Extracted: Unify - 8-Oct-24
2025-04-14 04:17:51,918 - INFO - Extracted: Third Dimension AI - 8-Oct-24
2025-04-14 04:17:51,941 - INFO - Extracted: Distributional - 8-Oct-24
2025-04-14 04:17:51,965 - INFO - Extracted: Truthset - 8-Oct-24
2025-04-14 04:17:51,988 - INFO - Extracted: Stream - 8-Oct-24
2025-04-14 04:17:52,011 - INFO - Extracted: InterVene - 7-Oct-24
2025-04-14 04:17:52,035 - INFO - Extracted: Treya Partners - 7-Oct-24
2025-04-14 04:17:52,058 - INFO - Extracted: VESSL AI - 7-Oct-24
2025-04-14 04:17:52,058 - INFO - Successfully extracted 20 new companies from page 14
2025-04-14 04:17:52,058 - INFO - Attempting to navigate from page 14
2025-04-14 04:17:57,372 - INFO - JavaScript verification confirmed page changed
2025-04-14 04:17:57,743 - INFO - Extracting data from page 15
2025-04-14 04:17:58,529 - INFO - Trying standard table extraction
2025-04-14 04:17:58,550 - INFO - Found 22 potential data rows
2025-04-14 04:17:58,608 - INFO - Extracted: IOMETE - 7-Oct-24
2025-04-14 04:17:58,633 - INFO - Extracted: Kavia AI - 3-Oct-24
2025-04-14 04:17:58,658 - INFO - Extracted: OpenAI - 3-Oct-24
2025-04-14 04:17:58,681 - INFO - Extracted: Paren - 3-Oct-24
2025-04-14 04:17:58,705 - INFO - Extracted: Integrated Biosciences - 3-Oct-24
2025-04-14 04:17:58,728 - INFO - Extracted: Booksy - 3-Oct-24
2025-04-14 04:17:58,751 - INFO - Extracted: Voyage AI - 3-Oct-24
2025-04-14 04:17:58,774 - INFO - Extracted: Valdera - 3-Oct-24
2025-04-14 04:17:58,799 - INFO - Extracted: Visolis - 3-Oct-24
2025-04-14 04:17:58,822 - INFO - Extracted: GuRu - 2-Oct-24
2025-04-14 04:17:58,846 - INFO - Extracted: Permanent - 2-Oct-24
2025-04-14 04:17:58,869 - INFO - Extracted: Poolside - 2-Oct-24
2025-04-14 04:17:58,893 - INFO - Extracted: Pallet - 2-Oct-24
2025-04-14 04:17:58,916 - INFO - Extracted: Billables AI - 2-Oct-24
2025-04-14 04:17:58,940 - INFO - Extracted: Reducto - 2-Oct-24
2025-04-14 04:17:58,963 - INFO - Extracted: Arda Therapeutics - 1-Oct-24
2025-04-14 04:17:58,987 - INFO - Extracted: Aspect Build - 1-Oct-24
2025-04-14 04:17:59,017 - INFO - Extracted: Synedgen - 1-Oct-24
2025-04-14 04:17:59,040 - INFO - Extracted: DataPelago - 1-Oct-24
2025-04-14 04:17:59,063 - INFO - Extracted: Neeve - 30-Sep-24
2025-04-14 04:17:59,063 - INFO - Successfully extracted 20 new companies from page 15
2025-04-14 04:17:59,063 - INFO - Attempting to navigate from page 15
2025-04-14 04:18:04,827 - INFO - JavaScript verification confirmed page changed
2025-04-14 04:18:05,483 - INFO - Extracting data from page 16
2025-04-14 04:18:05,876 - INFO - Trying standard table extraction
2025-04-14 04:18:05,897 - INFO - Found 22 potential data rows
2025-04-14 04:18:05,954 - INFO - Extracted: Artisan AI - 30-Sep-24
2025-04-14 04:18:05,978 - INFO - Extracted: Gladly - 26-Sep-24
2025-04-14 04:18:06,001 - INFO - Extracted: PlayWorks - 26-Sep-24
2025-04-14 04:18:06,024 - INFO - Extracted: Bemi - 26-Sep-24
2025-04-14 04:18:06,054 - INFO - Extracted: Superb AI - 26-Sep-24
2025-04-14 04:18:06,077 - INFO - Extracted: SKY Leasing - 26-Sep-24
2025-04-14 04:18:06,100 - INFO - Extracted: AssetHub - 25-Sep-24
2025-04-14 04:18:06,124 - INFO - Extracted: Feno - 25-Sep-24
2025-04-14 04:18:06,147 - INFO - Extracted: Supabase - 25-Sep-24
2025-04-14 04:18:06,171 - INFO - Extracted: Whatfix - 25-Sep-24
2025-04-14 04:18:06,194 - INFO - Extracted: SnippetSentry - 25-Sep-24
2025-04-14 04:18:06,217 - INFO - Extracted: FluidLogic - 24-Sep-24
2025-04-14 04:18:06,240 - INFO - Extracted: Distyl AI - 24-Sep-24
2025-04-14 04:18:06,264 - INFO - Extracted: Icon Savings Plan - 24-Sep-24
2025-04-14 04:18:06,288 - INFO - Extracted: UJET - 24-Sep-24
2025-04-14 04:18:06,311 - INFO - Extracted: Anadro - 24-Sep-24
2025-04-14 04:18:06,335 - INFO - Extracted: Atlys - 24-Sep-24
2025-04-14 04:18:06,358 - INFO - Extracted: Datapad - 24-Sep-24
2025-04-14 04:18:06,381 - INFO - Extracted: Altimate AI - 23-Sep-24
2025-04-14 04:18:06,406 - INFO - Extracted: Harmonic - 23-Sep-24
2025-04-14 04:18:06,406 - INFO - Successfully extracted 20 new companies from page 16
2025-04-14 04:18:06,406 - INFO - Attempting to navigate from page 16
2025-04-14 04:18:12,077 - INFO - JavaScript verification confirmed page changed
2025-04-14 04:18:12,602 - INFO - Extracting data from page 17
2025-04-14 04:18:13,706 - INFO - Trying standard table extraction
2025-04-14 04:18:13,727 - INFO - Found 22 potential data rows
2025-04-14 04:18:13,786 - INFO - Extracted: Genome Medical - 23-Sep-24
2025-04-14 04:18:13,811 - INFO - Extracted: Hippocratic AI - 19-Sep-24
2025-04-14 04:18:13,835 - INFO - Extracted: Akia - 19-Sep-24
2025-04-14 04:18:13,859 - INFO - Extracted: Ferrum Health - 19-Sep-24
2025-04-14 04:18:13,893 - INFO - Extracted: Twelve - 19-Sep-24
2025-04-14 04:18:13,920 - INFO - Extracted: Aclima - 19-Sep-24
2025-04-14 04:18:13,943 - INFO - Extracted: AtoB - 19-Sep-24
2025-04-14 04:18:13,967 - INFO - Extracted: Picus Security - 19-Sep-24
2025-04-14 04:18:13,991 - INFO - Extracted: Oro Labs - 18-Sep-24
2025-04-14 04:18:14,015 - INFO - Extracted: Fal - 18-Sep-24
2025-04-14 04:18:14,039 - INFO - Extracted: Mercor - 18-Sep-24
2025-04-14 04:18:14,063 - INFO - Extracted: Harvest Thermal - 18-Sep-24
2025-04-14 04:18:14,088 - INFO - Extracted: CodePath - 18-Sep-24
2025-04-14 04:18:14,111 - INFO - Extracted: Hgen - 17-Sep-24
2025-04-14 04:18:14,134 - INFO - Extracted: Orb - 17-Sep-24
2025-04-14 04:18:14,158 - INFO - Extracted: Mindtrip - 17-Sep-24
2025-04-14 04:18:14,181 - INFO - Extracted: Futuro Health - 17-Sep-24
2025-04-14 04:18:14,205 - INFO - Extracted: Prof Jim - 17-Sep-24
2025-04-14 04:18:14,228 - INFO - Extracted: TeamBridge - 16-Sep-24
2025-04-14 04:18:14,253 - INFO - Extracted: World Labs - 13-Sep-24
2025-04-14 04:18:14,253 - INFO - Successfully extracted 20 new companies from page 17
2025-04-14 04:18:14,253 - INFO - Attempting to navigate from page 17
2025-04-14 04:18:20,736 - INFO - JavaScript verification confirmed page changed
2025-04-14 04:18:21,290 - INFO - Extracting data from page 18
2025-04-14 04:18:22,123 - INFO - Trying standard table extraction
2025-04-14 04:18:22,144 - INFO - Found 22 potential data rows
2025-04-14 04:18:22,203 - INFO - Extracted: Operant - 12-Sep-24
2025-04-14 04:18:22,228 - INFO - Extracted: Bounti.ai - 12-Sep-24
2025-04-14 04:18:22,252 - INFO - Extracted: Connectly.ai - 11-Sep-24
2025-04-14 04:18:22,275 - INFO - Extracted: Nostra AI - 11-Sep-24
2025-04-14 04:18:22,299 - INFO - Extracted: Candid Health - 11-Sep-24
2025-04-14 04:18:22,322 - INFO - Extracted: Polly - 10-Sep-24
2025-04-14 04:18:22,346 - INFO - Extracted: Glean - 10-Sep-24
2025-04-14 04:18:22,370 - INFO - Extracted: Reshape Automation - 10-Sep-24
2025-04-14 04:18:22,394 - INFO - Extracted: Infinium - 10-Sep-24
2025-04-14 04:18:22,417 - INFO - Extracted: Blended Technologies - 10-Sep-24
2025-04-14 04:18:22,440 - INFO - Extracted: AttoTude - 10-Sep-24
2025-04-14 04:18:22,464 - INFO - Extracted: Neurona Therapeutics - 10-Sep-24
2025-04-14 04:18:22,487 - INFO - Extracted: P0 Security - 10-Sep-24
2025-04-14 04:18:22,510 - INFO - Extracted: PIN AI - 9-Sep-24
2025-04-14 04:18:22,533 - INFO - Extracted: Race - 9-Sep-24
2025-04-14 04:18:22,563 - INFO - Extracted: OrsoBio - 6-Sep-24
2025-04-14 04:18:22,586 - INFO - Extracted: DubClub - 5-Sep-24
2025-04-14 04:18:22,609 - INFO - Extracted: Thatch - 5-Sep-24
2025-04-14 04:18:22,633 - INFO - Extracted: Drip Capital - 5-Sep-24
2025-04-14 04:18:22,657 - INFO - Extracted: Acuvity - 5-Sep-24
2025-04-14 04:18:22,657 - INFO - Successfully extracted 20 new companies from page 18
2025-04-14 04:18:22,657 - INFO - Attempting to navigate from page 18
2025-04-14 04:18:28,700 - INFO - JavaScript verification confirmed page changed
2025-04-14 04:18:29,585 - INFO - Extracting data from page 19
2025-04-14 04:18:30,714 - INFO - Trying standard table extraction
2025-04-14 04:18:30,734 - INFO - Found 22 potential data rows
2025-04-14 04:18:30,792 - INFO - Extracted: Portex - 5-Sep-24
2025-04-14 04:18:30,817 - INFO - Extracted: Agree.com - 5-Sep-24
2025-04-14 04:18:30,841 - INFO - Extracted: Fiddler AI - 5-Sep-24
2025-04-14 04:18:30,864 - INFO - Extracted: Cortex - 4-Sep-24
2025-04-14 04:18:30,888 - INFO - Extracted: ArsenalBio - 4-Sep-24
2025-04-14 04:18:30,912 - INFO - Extracted: Ceres Imaging - 4-Sep-24
2025-04-14 04:18:30,935 - INFO - Extracted: Venova Medical - 4-Sep-24
2025-04-14 04:18:30,958 - INFO - Extracted: Climax Foods - 4-Sep-24
2025-04-14 04:18:30,981 - INFO - Extracted: Flex - 4-Sep-24
2025-04-14 04:18:31,004 - INFO - Extracted: Circle Pharma - 3-Sep-24
2025-04-14 04:18:31,028 - INFO - Extracted: Segmed - 3-Sep-24
2025-04-14 04:18:31,051 - INFO - Extracted: Linea Energy - 3-Sep-24
2025-04-14 04:18:31,075 - INFO - Extracted: Gainful - 3-Sep-24
2025-04-14 04:18:31,098 - INFO - Extracted: Mintlify - 3-Sep-24
2025-04-14 04:18:31,122 - INFO - Extracted: Magic Lifescience - 3-Sep-24
2025-04-14 04:18:31,144 - INFO - Extracted: Approveit - 2-Sep-24
2025-04-14 04:18:31,169 - INFO - Extracted: Weeknd - 1-Sep-24
2025-04-14 04:18:31,192 - INFO - Extracted: Crafty Apes - 30-Aug-24
2025-04-14 04:18:31,215 - INFO - Extracted: Codeium - 29-Aug-24
2025-04-14 04:18:31,238 - INFO - Extracted: MIRIS - 29-Aug-24
2025-04-14 04:18:31,238 - INFO - Successfully extracted 20 new companies from page 19
2025-04-14 04:18:31,238 - INFO - Attempting to navigate from page 19
2025-04-14 04:18:37,778 - INFO - JavaScript verification confirmed page changed
2025-04-14 04:18:38,947 - INFO - Extracting data from page 20
2025-04-14 04:18:39,928 - INFO - Trying standard table extraction
2025-04-14 04:18:39,948 - INFO - Found 22 potential data rows
2025-04-14 04:18:40,006 - INFO - Extracted: nOps - 28-Aug-24
2025-04-14 04:18:40,031 - INFO - Extracted: Uplift Labs - 28-Aug-24
2025-04-14 04:18:40,055 - INFO - Extracted: Opus Clip - 28-Aug-24
2025-04-14 04:18:40,079 - INFO - Extracted: Bland AI - 28-Aug-24
2025-04-14 04:18:40,102 - INFO - Extracted: Noetik - 28-Aug-24
2025-04-14 04:18:40,126 - INFO - Extracted: Inventive AI - 28-Aug-24
2025-04-14 04:18:40,149 - INFO - Extracted: Linker Finance - 27-Aug-24
2025-04-14 04:18:40,172 - INFO - Extracted: ProhostAI - 27-Aug-24
2025-04-14 04:18:40,203 - INFO - Extracted: Cribl - 27-Aug-24
2025-04-14 04:18:40,226 - INFO - Extracted: Gameplay Galaxy - 27-Aug-24
2025-04-14 04:18:40,249 - INFO - Extracted: Spire Global - 27-Aug-24
2025-04-14 04:18:40,273 - INFO - Extracted: Fleet - 27-Aug-24
2025-04-14 04:18:40,297 - INFO - Extracted: just words - 27-Aug-24
2025-04-14 04:18:40,320 - INFO - Extracted: Planera - 27-Aug-24
2025-04-14 04:18:40,344 - INFO - Extracted: Clearway Energy Group - 26-Aug-24
2025-04-14 04:18:40,368 - INFO - Extracted: Tavoro - 26-Aug-24
2025-04-14 04:18:40,391 - INFO - Extracted: Accession Risk Management Group - 22-Aug-24
2025-04-14 04:18:40,415 - INFO - Extracted: Openwater - 22-Aug-24
2025-04-14 04:18:40,438 - INFO - Extracted: Scale AI - 21-Aug-24
2025-04-14 04:18:40,462 - INFO - Extracted: Kodiak Robotics - 21-Aug-24
2025-04-14 04:18:40,462 - INFO - Successfully extracted 20 new companies from page 20
2025-04-14 04:18:40,462 - INFO - Attempting to navigate from page 20
2025-04-14 04:18:46,755 - INFO - JavaScript verification confirmed page changed
2025-04-14 04:18:47,129 - INFO - Extracting data from page 21
2025-04-14 04:18:47,819 - INFO - Trying standard table extraction
2025-04-14 04:18:47,832 - INFO - Found 22 potential data rows
2025-04-14 04:18:47,874 - INFO - Extracted: Qualified Digital - 21-Aug-24
2025-04-14 04:18:47,901 - INFO - Extracted: Skyfire Systems - 21-Aug-24
2025-04-14 04:18:47,931 - INFO - Extracted: XII Medical - 21-Aug-24
2025-04-14 04:18:47,955 - INFO - Extracted: Piramidal - 21-Aug-24
2025-04-14 04:18:47,978 - INFO - Extracted: Lettuce Financial - 21-Aug-24
2025-04-14 04:18:48,002 - INFO - Extracted: Enteligent - 20-Aug-24
2025-04-14 04:18:48,025 - INFO - Extracted: Starpath Robotics - 20-Aug-24
2025-04-14 04:18:48,048 - INFO - Extracted: Kubiya.ai - 20-Aug-24
2025-04-14 04:18:48,078 - INFO - Extracted: Marathon Fusion - 20-Aug-24
2025-04-14 04:18:48,105 - INFO - Extracted: Pangeam Inc. - 20-Aug-24
2025-04-14 04:18:48,128 - INFO - Extracted: Eppo - 20-Aug-24
2025-04-14 04:18:48,151 - INFO - Extracted: Fortera - 20-Aug-24
2025-04-14 04:18:48,175 - INFO - Extracted: Exin Health - 19-Aug-24
2025-04-14 04:18:48,200 - INFO - Extracted: Fabric Cryptography - 19-Aug-24
2025-04-14 04:18:48,223 - INFO - Extracted: Ensemble AI - 15-Aug-24
2025-04-14 04:18:48,246 - INFO - Extracted: Era Finance - 15-Aug-24
2025-04-14 04:18:48,270 - INFO - Extracted: Kiteworks - 14-Aug-24
2025-04-14 04:18:48,293 - INFO - Extracted: nunu.ai - 14-Aug-24
2025-04-14 04:18:48,317 - INFO - Extracted: Moximed - 13-Aug-24
2025-04-14 04:18:48,340 - INFO - Extracted: Guidewheel - 13-Aug-24
2025-04-14 04:18:48,340 - INFO - Successfully extracted 20 new companies from page 21
2025-04-14 04:18:48,340 - INFO - Attempting to navigate from page 21
2025-04-14 04:18:53,583 - INFO - JavaScript verification confirmed page changed
2025-04-14 04:18:54,305 - INFO - Extracting data from page 22
2025-04-14 04:18:55,331 - INFO - Trying standard table extraction
2025-04-14 04:18:55,348 - INFO - Found 22 potential data rows
2025-04-14 04:18:55,400 - INFO - Extracted: Cision Vision - 13-Aug-24
2025-04-14 04:18:55,425 - INFO - Extracted: PayZen - 13-Aug-24
2025-04-14 04:18:55,449 - INFO - Extracted: Voltera - 13-Aug-24
2025-04-14 04:18:55,472 - INFO - Extracted: HeatMap, Inc - 13-Aug-24
2025-04-14 04:18:55,496 - INFO - Extracted: Cosine - 12-Aug-24
2025-04-14 04:18:55,520 - INFO - Extracted: DevRev - 9-Aug-24
2025-04-14 04:18:55,543 - INFO - Extracted: Double - 9-Aug-24
2025-04-14 04:18:55,566 - INFO - Extracted: Brisk Teaching - 9-Aug-24
2025-04-14 04:18:55,590 - INFO - Extracted: Feeling Great - 8-Aug-24
2025-04-14 04:18:55,625 - INFO - Extracted: Reforged Labs - 8-Aug-24
2025-04-14 04:18:55,649 - INFO - Extracted: Opal - 8-Aug-24
2025-04-14 04:18:55,672 - INFO - Extracted: Switchback Systems - 8-Aug-24
2025-04-14 04:18:55,695 - INFO - Extracted: Bardeen - 8-Aug-24
2025-04-14 04:18:55,718 - INFO - Extracted: Bryte - 8-Aug-24
2025-04-14 04:18:55,741 - INFO - Extracted: Ionetix - 7-Aug-24
2025-04-14 04:18:55,763 - INFO - Extracted: Anjuna - 7-Aug-24
2025-04-14 04:18:55,785 - INFO - Extracted: Flow - 7-Aug-24
2025-04-14 04:18:55,808 - INFO - Extracted: Napkin AI - 7-Aug-24
2025-04-14 04:18:55,831 - INFO - Extracted: Datch - 7-Aug-24
2025-04-14 04:18:55,854 - INFO - Extracted: Greptime - 7-Aug-24
2025-04-14 04:18:55,854 - INFO - Successfully extracted 20 new companies from page 22
2025-04-14 04:18:55,854 - INFO - Attempting to navigate from page 22
2025-04-14 04:19:02,295 - INFO - JavaScript verification confirmed page changed
2025-04-14 04:19:02,912 - INFO - Extracting data from page 23
2025-04-14 04:19:03,708 - INFO - Trying standard table extraction
2025-04-14 04:19:03,729 - INFO - Found 22 potential data rows
2025-04-14 04:19:03,788 - INFO - Extracted: Sundial - 6-Aug-24
2025-04-14 04:19:03,813 - INFO - Extracted: Mechanical Orchard - 6-Aug-24
2025-04-14 04:19:03,837 - INFO - Extracted: MentalHappy - 6-Aug-24
2025-04-14 04:19:03,860 - INFO - Extracted: Abnormal Security - 6-Aug-24
2025-04-14 04:19:03,884 - INFO - Extracted: Climatize - 6-Aug-24
2025-04-14 04:19:03,907 - INFO - Extracted: Shinobi Therapeutics - 6-Aug-24
2025-04-14 04:19:03,931 - INFO - Extracted: Curio Research - 6-Aug-24
2025-04-14 04:19:03,954 - INFO - Extracted: Muon Space - 5-Aug-24
2025-04-14 04:19:03,977 - INFO - Extracted: Groq - 5-Aug-24
2025-04-14 04:19:04,009 - INFO - Extracted: AutoComplete - 5-Aug-24
2025-04-14 04:19:04,033 - INFO - Extracted: Solarcycle - 1-Aug-24
2025-04-14 04:19:04,056 - INFO - Extracted: Hedra - 1-Aug-24
2025-04-14 04:19:04,082 - INFO - Extracted: Skillfully - 1-Aug-24
2025-04-14 04:19:04,107 - INFO - Extracted: Global Predictions - 1-Aug-24
2025-04-14 04:19:04,131 - INFO - Extracted: Tezi - 31-Jul-24
2025-04-14 04:19:04,154 - INFO - Extracted: Thumbtack - 31-Jul-24
2025-04-14 04:19:04,178 - INFO - Extracted: Swords to Plowshares - 31-Jul-24
2025-04-14 04:19:04,201 - INFO - Extracted: Ema - 31-Jul-24
2025-04-14 04:19:04,224 - INFO - Extracted: Endari - 31-Jul-24
2025-04-14 04:19:04,247 - INFO - Extracted: Streamkap - 31-Jul-24
2025-04-14 04:19:04,248 - INFO - Successfully extracted 20 new companies from page 23
2025-04-14 04:19:04,248 - INFO - Attempting to navigate from page 23
2025-04-14 04:19:09,731 - INFO - JavaScript verification confirmed page changed
2025-04-14 04:19:10,625 - INFO - Extracting data from page 24
2025-04-14 04:19:11,386 - INFO - Trying standard table extraction
2025-04-14 04:19:11,407 - INFO - Found 22 potential data rows
2025-04-14 04:19:11,472 - INFO - Extracted: Rhombus Systems - 30-Jul-24
2025-04-14 04:19:11,497 - INFO - Extracted: Credo AI - 30-Jul-24
2025-04-14 04:19:11,521 - INFO - Extracted: Montara Therapeutics - 30-Jul-24
2025-04-14 04:19:11,544 - INFO - Extracted: Haus - 30-Jul-24
2025-04-14 04:19:11,568 - INFO - Extracted: Sybill AI - 30-Jul-24
2025-04-14 04:19:11,591 - INFO - Extracted: Aviato - 30-Jul-24
2025-04-14 04:19:11,614 - INFO - Extracted: LTZ Therapeutics - 30-Jul-24
2025-04-14 04:19:11,638 - INFO - Extracted: unspun - 29-Jul-24
2025-04-14 04:19:11,669 - INFO - Extracted: OnSight - 29-Jul-24
2025-04-14 04:19:11,693 - INFO - Extracted: Rillet - 29-Jul-24
2025-04-14 04:19:11,716 - INFO - Extracted: ReviR Therapeutics - 26-Jul-24
2025-04-14 04:19:11,739 - INFO - Extracted: Cowbell - 26-Jul-24
2025-04-14 04:19:11,762 - INFO - Extracted: Imperative Care - 25-Jul-24
2025-04-14 04:19:11,785 - INFO - Extracted: IntelePeer - 25-Jul-24
2025-04-14 04:19:11,807 - INFO - Extracted: EtherWhere - 25-Jul-24
2025-04-14 04:19:11,830 - INFO - Extracted: InnerPlant - 25-Jul-24
2025-04-14 04:19:11,853 - INFO - Extracted: Vanta - 24-Jul-24
2025-04-14 04:19:11,876 - INFO - Extracted: Recurrent Energy - 24-Jul-24
2025-04-14 04:19:11,900 - INFO - Extracted: Dazz - 24-Jul-24
2025-04-14 04:19:11,923 - INFO - Extracted: Sound Health - 24-Jul-24
2025-04-14 04:19:11,923 - INFO - Successfully extracted 20 new companies from page 24
2025-04-14 04:19:11,923 - INFO - Attempting to navigate from page 24
2025-04-14 04:19:18,001 - INFO - JavaScript verification confirmed page changed
2025-04-14 04:19:18,767 - INFO - Extracting data from page 25
2025-04-14 04:19:19,527 - INFO - Trying standard table extraction
2025-04-14 04:19:19,548 - INFO - Found 22 potential data rows
2025-04-14 04:19:19,607 - INFO - Extracted: Hume Supernatural - 24-Jul-24
2025-04-14 04:19:19,633 - INFO - Extracted: Blumen Systems - 24-Jul-24
2025-04-14 04:19:19,657 - INFO - Extracted: Lakera AI - 24-Jul-24
2025-04-14 04:19:19,680 - INFO - Extracted: Astranis - 24-Jul-24
2025-04-14 04:19:19,704 - INFO - Extracted: Joy - 24-Jul-24
2025-04-14 04:19:19,728 - INFO - Extracted: Caldera - 24-Jul-24
2025-04-14 04:19:19,752 - INFO - Extracted: IncellDx - 23-Jul-24
2025-04-14 04:19:19,782 - INFO - Extracted: Powder - 23-Jul-24
2025-04-14 04:19:19,816 - INFO - Extracted: Harvey - 23-Jul-24
2025-04-14 04:19:19,840 - INFO - Extracted: Placer.ai - 23-Jul-24
2025-04-14 04:19:19,863 - INFO - Extracted: Momentum - 23-Jul-24
2025-04-14 04:19:19,887 - INFO - Extracted: SirenOpt - 23-Jul-24
2025-04-14 04:19:19,911 - INFO - Extracted: Uplimit - 23-Jul-24
2025-04-14 04:19:19,935 - INFO - Extracted: Mytra - 23-Jul-24
2025-04-14 04:19:19,958 - INFO - Extracted: Level AI - 23-Jul-24
2025-04-14 04:19:19,982 - INFO - Extracted: Alixia - 23-Jul-24
2025-04-14 04:19:20,005 - INFO - Extracted: Elly Analytics, Inc. - 22-Jul-24
2025-04-14 04:19:20,028 - INFO - Extracted: Noded Ai - 22-Jul-24
2025-04-14 04:19:20,051 - INFO - Extracted: EdgeRunner AI - 18-Jul-24
2025-04-14 04:19:20,075 - INFO - Extracted: Arrcus - 18-Jul-24
2025-04-14 04:19:20,075 - INFO - Successfully extracted 20 new companies from page 25
2025-04-14 04:19:20,075 - INFO - Attempting to navigate from page 25
2025-04-14 04:19:26,214 - INFO - JavaScript verification confirmed page changed
2025-04-14 04:19:27,146 - INFO - Extracting data from page 26
2025-04-14 04:19:28,094 - INFO - Trying standard table extraction
2025-04-14 04:19:28,115 - INFO - Found 22 potential data rows
2025-04-14 04:19:28,174 - INFO - Extracted: Juno - 18-Jul-24
2025-04-14 04:19:28,198 - INFO - Extracted: d.light - 17-Jul-24
2025-04-14 04:19:28,222 - INFO - Extracted: Human Interest - 17-Jul-24
2025-04-14 04:19:28,246 - INFO - Extracted: Caltech - 17-Jul-24
2025-04-14 04:19:28,270 - INFO - Extracted: NGM Biopharmaceuticals - 17-Jul-24
2025-04-14 04:19:28,294 - INFO - Extracted: aiXplain - 17-Jul-24
2025-04-14 04:19:28,318 - INFO - Extracted: Ohlone College - 17-Jul-24
2025-04-14 04:19:28,341 - INFO - Extracted: Slope - 17-Jul-24
2025-04-14 04:19:28,365 - INFO - Extracted: Matera - 17-Jul-24
2025-04-14 04:19:28,397 - INFO - Extracted: Solideon - 17-Jul-24
2025-04-14 04:19:28,420 - INFO - Extracted: Vectara - 16-Jul-24
2025-04-14 04:19:28,444 - INFO - Extracted: Tekion - 16-Jul-24
2025-04-14 04:19:28,470 - INFO - Extracted: The San Francisco Compute Company - 16-Jul-24
2025-04-14 04:19:28,493 - INFO - Extracted: DreamBig Semiconductor - 16-Jul-24
2025-04-14 04:19:28,517 - INFO - Extracted: Echo Chunk AI - 16-Jul-24
2025-04-14 04:19:28,540 - INFO - Extracted: Botrista Technology - 16-Jul-24
2025-04-14 04:19:28,563 - INFO - Extracted: Dusk - 16-Jul-24
2025-04-14 04:19:28,587 - INFO - Extracted: Sphere Technology Holdings - 15-Jul-24
2025-04-14 04:19:28,610 - INFO - Extracted: Halo Industries - 15-Jul-24
2025-04-14 04:19:28,634 - INFO - Extracted: NeuSpera Medical - 15-Jul-24
2025-04-14 04:19:28,634 - INFO - Successfully extracted 20 new companies from page 26
2025-04-14 04:19:28,634 - INFO - Attempting to navigate from page 26
2025-04-14 04:19:34,789 - INFO - JavaScript verification confirmed page changed
2025-04-14 04:19:35,786 - INFO - Extracting data from page 27
2025-04-14 04:19:36,308 - INFO - Trying standard table extraction
2025-04-14 04:19:36,326 - INFO - Found 22 potential data rows
2025-04-14 04:19:36,381 - INFO - Extracted: Metabase Q - 15-Jul-24
2025-04-14 04:19:36,406 - INFO - Extracted: Vivoo - 15-Jul-24
2025-04-14 04:19:36,429 - INFO - Extracted: SmarterLicense - 15-Jul-24
2025-04-14 04:19:36,453 - INFO - Extracted: Digestiva - 15-Jul-24
2025-04-14 04:19:36,476 - INFO - Extracted: Odyssey - 12-Jul-24
2025-04-14 04:19:36,500 - INFO - Extracted: Armada - 11-Jul-24
2025-04-14 04:19:36,524 - INFO - Extracted: Mantle - 10-Jul-24
2025-04-14 04:19:36,547 - INFO - Extracted: Lekko - 10-Jul-24
2025-04-14 04:19:36,580 - INFO - Extracted: Hayden AI - 10-Jul-24
2025-04-14 04:19:36,603 - INFO - Extracted: Adona Medical - 10-Jul-24
2025-04-14 04:19:36,627 - INFO - Extracted: Safe Passages - 9-Jul-24
2025-04-14 04:19:36,650 - INFO - Extracted: Valo.ai - 9-Jul-24
2025-04-14 04:19:36,674 - INFO - Extracted: Volley - 9-Jul-24
2025-04-14 04:19:36,697 - INFO - Extracted: Accend - 9-Jul-24
2025-04-14 04:19:36,720 - INFO - Extracted: NovoNutrients - 9-Jul-24
2025-04-14 04:19:36,743 - INFO - Extracted: Default - 8-Jul-24
2025-04-14 04:19:36,767 - INFO - Extracted: Cartken - 3-Jul-24
2025-04-14 04:19:36,790 - INFO - Extracted: Granza Bio - 3-Jul-24
2025-04-14 04:19:36,813 - INFO - Extracted: Frontier Energy - 2-Jul-24
2025-04-14 04:19:36,837 - INFO - Extracted: BRB APP INC - 1-Jul-24
2025-04-14 04:19:36,837 - INFO - Successfully extracted 20 new companies from page 27
2025-04-14 04:19:36,837 - INFO - Attempting to navigate from page 27
2025-04-14 04:19:42,614 - INFO - JavaScript verification confirmed page changed
2025-04-14 04:19:43,511 - INFO - Extracting data from page 28
2025-04-14 04:19:44,247 - INFO - Trying standard table extraction
2025-04-14 04:19:44,267 - INFO - Found 22 potential data rows
2025-04-14 04:19:44,325 - INFO - Extracted: UptimeAI - 1-Jul-24
2025-04-14 04:19:44,350 - INFO - Extracted: AnswerGrid - 1-Jul-24
2025-04-14 04:19:44,373 - INFO - Extracted: Senti Biosciences - 1-Jul-24
2025-04-14 04:19:44,396 - INFO - Extracted: Pivot Robots - 1-Jul-24
2025-04-14 04:19:44,420 - INFO - Extracted: Odaseva - 27-Jun-24
2025-04-14 04:19:44,443 - INFO - Extracted: Aether Fuels - 27-Jun-24
2025-04-14 04:19:44,467 - INFO - Extracted: GetReal Labs - 27-Jun-24
2025-04-14 04:19:44,490 - INFO - Extracted: Fetchflow - 27-Jun-24
2025-04-14 04:19:44,522 - INFO - Extracted: KarmaCheck - 27-Jun-24
2025-04-14 04:19:44,546 - INFO - Extracted: Clearstory.build - 27-Jun-24
2025-04-14 04:19:44,570 - INFO - Extracted: Foodsmart - 26-Jun-24
2025-04-14 04:19:44,593 - INFO - Extracted: Ario - 26-Jun-24
2025-04-14 04:19:44,616 - INFO - Extracted: Rondo Energy - 26-Jun-24
2025-04-14 04:19:44,640 - INFO - Extracted: Onehouse - 26-Jun-24
2025-04-14 04:19:44,724 - INFO - Extracted: Frontier Medicines - 25-Jun-24
2025-04-14 04:19:44,771 - INFO - Extracted: Conduit - 25-Jun-24
2025-04-14 04:19:44,802 - INFO - Extracted: Cloudian - 25-Jun-24
2025-04-14 04:19:44,826 - INFO - Extracted: Asteri AI - 25-Jun-24
2025-04-14 04:19:44,849 - INFO - Extracted: Antora Energy - 25-Jun-24
2025-04-14 04:19:44,872 - INFO - Extracted: VidAU - 25-Jun-24
2025-04-14 04:19:44,872 - INFO - Successfully extracted 20 new companies from page 28
2025-04-14 04:19:44,872 - INFO - Attempting to navigate from page 28
2025-04-14 04:19:50,525 - INFO - JavaScript verification confirmed page changed
2025-04-14 04:19:51,495 - INFO - Extracting data from page 29
2025-04-14 04:19:52,270 - INFO - Trying standard table extraction
2025-04-14 04:19:52,291 - INFO - Found 22 potential data rows
2025-04-14 04:19:52,348 - INFO - Extracted: Etched.ai - 25-Jun-24
2025-04-14 04:19:52,373 - INFO - Extracted: Sift - 25-Jun-24
2025-04-14 04:19:52,397 - INFO - Extracted: TwoStep Therapeutics - 25-Jun-24
2025-04-14 04:19:52,421 - INFO - Extracted: Opus1.io - 25-Jun-24
2025-04-14 04:19:52,444 - INFO - Extracted: Klarity - 24-Jun-24
2025-04-14 04:19:52,467 - INFO - Extracted: Tusk - 21-Jun-24
2025-04-14 04:19:52,490 - INFO - Extracted: MEandMine - 20-Jun-24
2025-04-14 04:19:52,513 - INFO - Extracted: Molten Industries - 20-Jun-24
2025-04-14 04:19:52,545 - INFO - Extracted: Aikido Technologies - 20-Jun-24
2025-04-14 04:19:52,569 - INFO - Extracted: Submix - 19-Jun-24
2025-04-14 04:19:52,592 - INFO - Extracted: Speechlab, Inc. - 19-Jun-24
2025-04-14 04:19:52,616 - INFO - Extracted: Specialized Packaging Group - 18-Jun-24
2025-04-14 04:19:52,639 - INFO - Extracted: Planted Solar - 18-Jun-24
2025-04-14 04:19:52,662 - INFO - Extracted: Promaxo - 18-Jun-24
2025-04-14 04:19:52,686 - INFO - Extracted: Sewer AI - 18-Jun-24
2025-04-14 04:19:52,709 - INFO - Extracted: Scoop Analytics - 18-Jun-24
2025-04-14 04:19:52,733 - INFO - Extracted: Loop Golf - 18-Jun-24
2025-04-14 04:19:52,756 - INFO - Extracted: Marea Therapeutics - 18-Jun-24
2025-04-14 04:19:52,785 - INFO - Extracted: Factory - 18-Jun-24
2025-04-14 04:19:52,809 - INFO - Extracted: Maxim - 18-Jun-24
2025-04-14 04:19:52,809 - INFO - Successfully extracted 20 new companies from page 29
2025-04-14 04:19:52,809 - INFO - Attempting to navigate from page 29
2025-04-14 04:19:58,491 - INFO - JavaScript verification confirmed page changed
2025-04-14 04:19:59,122 - INFO - Extracting data from page 30
2025-04-14 04:19:59,921 - INFO - Trying standard table extraction
2025-04-14 04:19:59,942 - INFO - Found 22 potential data rows
2025-04-14 04:20:00,000 - INFO - Extracted: Autify - 17-Jun-24
2025-04-14 04:20:00,025 - INFO - Extracted: Constructor - 17-Jun-24
2025-04-14 04:20:00,048 - INFO - Extracted: You.com - 17-Jun-24
2025-04-14 04:20:00,071 - INFO - Extracted: Take Homes - 17-Jun-24
2025-04-14 04:20:00,095 - INFO - Extracted: Aepnus Technology - 14-Jun-24
2025-04-14 04:20:00,118 - INFO - Extracted: Better Health - 13-Jun-24
2025-04-14 04:20:00,142 - INFO - Extracted: Viridian Space - 13-Jun-24
2025-04-14 04:20:00,165 - INFO - Extracted: Remmie - 12-Jun-24
2025-04-14 04:20:00,197 - INFO - Extracted: Canary Technologies - 12-Jun-24
2025-04-14 04:20:00,221 - INFO - Extracted: Grayce - 12-Jun-24
2025-04-14 04:20:00,244 - INFO - Extracted: InScope - 12-Jun-24
2025-04-14 04:20:00,267 - INFO - Extracted: Learn to Win - 12-Jun-24
2025-04-14 04:20:00,291 - INFO - Extracted: Tesseract Medical Research - 11-Jun-24
2025-04-14 04:20:00,314 - INFO - Extracted: Cyberhaven - 11-Jun-24
2025-04-14 04:20:00,338 - INFO - Extracted: Found - 11-Jun-24
2025-04-14 04:20:00,361 - INFO - Extracted: Youth Speaks - 11-Jun-24
2025-04-14 04:20:00,384 - INFO - Extracted: Perlumi - 11-Jun-24
2025-04-14 04:20:00,407 - INFO - Extracted: Nexus Laboratories - 10-Jun-24
2025-04-14 04:20:00,429 - INFO - Extracted: Pair Team - 10-Jun-24
2025-04-14 04:20:00,452 - INFO - Extracted: Gatik - 10-Jun-24
2025-04-14 04:20:00,452 - INFO - Successfully extracted 20 new companies from page 30
2025-04-14 04:20:00,452 - INFO - Attempting to navigate from page 30
2025-04-14 04:20:06,402 - INFO - JavaScript verification confirmed page changed
2025-04-14 04:20:06,812 - INFO - Extracting data from page 31
2025-04-14 04:20:07,373 - INFO - Trying standard table extraction
2025-04-14 04:20:07,393 - INFO - Found 22 potential data rows
2025-04-14 04:20:07,447 - INFO - Extracted: InSync - 8-Jun-24
2025-04-14 04:20:07,472 - INFO - Extracted: Prolific Machines - 7-Jun-24
2025-04-14 04:20:07,495 - INFO - Extracted: Portal AI - 7-Jun-24
2025-04-14 04:20:07,518 - INFO - Extracted: Rising Team - 6-Jun-24
2025-04-14 04:20:07,541 - INFO - Extracted: Greptile - 6-Jun-24
2025-04-14 04:20:07,564 - INFO - Extracted: bem - 6-Jun-24
2025-04-14 04:20:07,588 - INFO - Extracted: Boys & Girls Clubs of Fresno County - 6-Jun-24
2025-04-14 04:20:07,611 - INFO - Extracted: Cube Dev - 6-Jun-24
2025-04-14 04:20:07,639 - INFO - Extracted: Tobiko Data - 5-Jun-24
2025-04-14 04:20:07,667 - INFO - Extracted: Zingly - 5-Jun-24
2025-04-14 04:20:07,690 - INFO - Extracted: 100% Chiropractic - 5-Jun-24
2025-04-14 04:20:07,713 - INFO - Extracted: Pika - 5-Jun-24
2025-04-14 04:20:07,737 - INFO - Extracted: Xcimer Energy - 4-Jun-24
2025-04-14 04:20:07,760 - INFO - Extracted: Raydiant Oximetry - 4-Jun-24
2025-04-14 04:20:07,784 - INFO - Extracted: Vantage Discovery - 4-Jun-24
2025-04-14 04:20:07,807 - INFO - Extracted: Siren Biotechnology - 4-Jun-24
2025-04-14 04:20:07,830 - INFO - Extracted: SOFIE - 4-Jun-24
2025-04-14 04:20:07,854 - INFO - Extracted: AirMDR - 4-Jun-24
2025-04-14 04:20:07,877 - INFO - Extracted: Zum - 4-Jun-24
2025-04-14 04:20:07,901 - INFO - Extracted: Spike Technologies - 4-Jun-24
2025-04-14 04:20:07,901 - INFO - Successfully extracted 20 new companies from page 31
2025-04-14 04:20:07,901 - INFO - Attempting to navigate from page 31
2025-04-14 04:20:13,180 - INFO - JavaScript verification confirmed page changed
2025-04-14 04:20:13,562 - INFO - Extracting data from page 32
2025-04-14 04:20:13,997 - INFO - Trying standard table extraction
2025-04-14 04:20:14,018 - INFO - Found 22 potential data rows
2025-04-14 04:20:14,077 - INFO - Extracted: Pr√≥speros - 4-Jun-24
2025-04-14 04:20:14,102 - INFO - Extracted: Field Materials, Inc. - 4-Jun-24
2025-04-14 04:20:14,124 - INFO - Extracted: Viaduct - 4-Jun-24
2025-04-14 04:20:14,146 - INFO - Extracted: Tandem PV - 3-Jun-24
2025-04-14 04:20:14,169 - INFO - Extracted: Vimmerse - 3-Jun-24
2025-04-14 04:20:14,192 - INFO - Extracted: Ashby - 3-Jun-24
2025-04-14 04:20:14,216 - INFO - Extracted: Balance - 3-Jun-24
2025-04-14 04:20:14,238 - INFO - Extracted: Revi - 1-Jun-24
2025-04-14 04:20:14,271 - INFO - Extracted: Sprout HR - 1-Jun-24
2025-04-14 04:20:14,294 - INFO - Extracted: Point - 30-May-24
2025-04-14 04:20:14,317 - INFO - Extracted: Portside - 30-May-24
2025-04-14 04:20:14,340 - INFO - Extracted: Forward - 30-May-24
2025-04-14 04:20:14,363 - INFO - Extracted: Plural Energy - 30-May-24
2025-04-14 04:20:14,387 - INFO - Extracted: ZERO - 30-May-24
2025-04-14 04:20:14,410 - INFO - Extracted: Functional Finance - 30-May-24
2025-04-14 04:20:14,434 - INFO - Extracted: Valar Labs - 30-May-24
2025-04-14 04:20:14,457 - INFO - Extracted: BabylonChain - 30-May-24
2025-04-14 04:20:14,481 - INFO - Extracted: Plenful - 30-May-24
2025-04-14 04:20:14,504 - INFO - Extracted: TraceAir - 29-May-24
2025-04-14 04:20:14,527 - INFO - Extracted: Frore Systems - 29-May-24
2025-04-14 04:20:14,528 - INFO - Successfully extracted 20 new companies from page 32
2025-04-14 04:20:14,528 - INFO - Attempting to navigate from page 32
2025-04-14 04:20:20,500 - INFO - JavaScript verification confirmed page changed
2025-04-14 04:20:21,049 - INFO - Extracting data from page 33
2025-04-14 04:20:22,064 - INFO - Trying standard table extraction
2025-04-14 04:20:22,087 - INFO - Found 22 potential data rows
2025-04-14 04:20:22,143 - INFO - Extracted: Figma - 29-May-24
2025-04-14 04:20:22,169 - INFO - Extracted: Kinisi - 29-May-24
2025-04-14 04:20:22,192 - INFO - Extracted: App Orchid - 28-May-24
2025-04-14 04:20:22,216 - INFO - Extracted: OpsMx - 28-May-24
2025-04-14 04:20:22,239 - INFO - Extracted: LiveReach Media - 28-May-24
2025-04-14 04:20:22,262 - INFO - Extracted: Transcend - 28-May-24
2025-04-14 04:20:22,286 - INFO - Extracted: Aperture Finance - 28-May-24
2025-04-14 04:20:22,310 - INFO - Extracted: Felix - 28-May-24
2025-04-14 04:20:22,344 - INFO - Extracted: Sempera Organics - 24-May-24
2025-04-14 04:20:22,368 - INFO - Extracted: Heyday - 24-May-24
2025-04-14 04:20:22,391 - INFO - Extracted: Killington Technologies - 24-May-24
2025-04-14 04:20:22,414 - INFO - Extracted: Lumos - 23-May-24
2025-04-14 04:20:22,438 - INFO - Extracted: Userfront - 23-May-24
2025-04-14 04:20:22,461 - INFO - Extracted: Supermove - 23-May-24
2025-04-14 04:20:22,485 - INFO - Extracted: Aduro Advisors - 23-May-24
2025-04-14 04:20:22,508 - INFO - Extracted: forml - 23-May-24
2025-04-14 04:20:22,532 - INFO - Extracted: BeeHero - 23-May-24
2025-04-14 04:20:22,555 - INFO - Extracted: Founder AI - 22-May-24
2025-04-14 04:20:22,578 - INFO - Extracted: HoundDog.ai - 22-May-24
2025-04-14 04:20:22,602 - INFO - Extracted: Amino - 22-May-24
2025-04-14 04:20:22,602 - INFO - Successfully extracted 20 new companies from page 33
2025-04-14 04:20:22,602 - INFO - Attempting to navigate from page 33
2025-04-14 04:20:28,549 - INFO - JavaScript verification confirmed page changed
2025-04-14 04:20:29,467 - INFO - Extracting data from page 34
2025-04-14 04:20:30,428 - INFO - Trying standard table extraction
2025-04-14 04:20:30,448 - INFO - Found 22 potential data rows
2025-04-14 04:20:30,506 - INFO - Extracted: California Walnuts - 22-May-24
2025-04-14 04:20:30,531 - INFO - Extracted: Verse - 22-May-24
2025-04-14 04:20:30,555 - INFO - Extracted: KETOS - 21-May-24
2025-04-14 04:20:30,578 - INFO - Extracted: XGS Energy - 21-May-24
2025-04-14 04:20:30,602 - INFO - Extracted: Materna Medical - 21-May-24
2025-04-14 04:20:30,626 - INFO - Extracted: Coactive AI - 21-May-24
2025-04-14 04:20:30,650 - INFO - Extracted: AltruBio - 21-May-24
2025-04-14 04:20:30,673 - INFO - Extracted: Infinx - 21-May-24
2025-04-14 04:20:30,699 - INFO - Extracted: UberCloud - 21-May-24
2025-04-14 04:20:30,734 - INFO - Extracted: daydream Labs - 20-May-24
2025-04-14 04:20:30,757 - INFO - Extracted: UTOBO - 20-May-24
2025-04-14 04:20:30,781 - INFO - Extracted: Bedrock Materials - 16-May-24
2025-04-14 04:20:30,805 - INFO - Extracted: Tree Line Capital Partners - 16-May-24
2025-04-14 04:20:30,828 - INFO - Extracted: Sigma Computing - 16-May-24
2025-04-14 04:20:30,852 - INFO - Extracted: Alkira - 15-May-24
2025-04-14 04:20:30,875 - INFO - Extracted: MULTI¬∑ON - 15-May-24
2025-04-14 04:20:30,899 - INFO - Extracted: Recall.ai - 15-May-24
2025-04-14 04:20:30,923 - INFO - Extracted: WEKA - 15-May-24
2025-04-14 04:20:30,947 - INFO - Extracted: AtlasPro AI - 15-May-24
2025-04-14 04:20:30,971 - INFO - Extracted: LanceDB - 15-May-24
2025-04-14 04:20:30,971 - INFO - Successfully extracted 20 new companies from page 34
2025-04-14 04:20:30,971 - INFO - Attempting to navigate from page 34
2025-04-14 04:20:36,539 - INFO - JavaScript verification confirmed page changed
2025-04-14 04:20:37,046 - INFO - Extracting data from page 35
2025-04-14 04:20:37,949 - INFO - Trying standard table extraction
2025-04-14 04:20:37,975 - INFO - Found 22 potential data rows
2025-04-14 04:20:38,037 - INFO - Extracted: Layer Financial Technologies - 15-May-24
2025-04-14 04:20:38,066 - INFO - Extracted: Apriora - 15-May-24
2025-04-14 04:20:38,091 - INFO - Extracted: Dosu - 14-May-24
2025-04-14 04:20:38,113 - INFO - Extracted: Harness - 14-May-24
2025-04-14 04:20:38,138 - INFO - Extracted: Gorgias - 14-May-24
2025-04-14 04:20:38,160 - INFO - Extracted: Glydways - 14-May-24
2025-04-14 04:20:38,183 - INFO - Extracted: Anthropos - 14-May-24
2025-04-14 04:20:38,205 - INFO - Extracted: The Fresno Area Hispanic Foundation - 14-May-24
2025-04-14 04:20:38,233 - INFO - Extracted: Orange Charger - 14-May-24
2025-04-14 04:20:38,260 - INFO - Extracted: Curve Biosciences - 13-May-24
2025-04-14 04:20:38,283 - INFO - Extracted: Mitra Chem - 13-May-24
2025-04-14 04:20:38,306 - INFO - Extracted: ChainML - 13-May-24
2025-04-14 04:20:38,329 - INFO - Extracted: The Bot Company - 13-May-24
2025-04-14 04:20:38,352 - INFO - Extracted: Triomics - 9-May-24
2025-04-14 04:20:38,375 - INFO - Extracted: Plenty - 9-May-24
2025-04-14 04:20:38,398 - INFO - Extracted: Q'Apel Medical - 9-May-24
2025-04-14 04:20:38,425 - INFO - Extracted: Bluejay Therapeutics - 9-May-24
2025-04-14 04:20:38,450 - INFO - Extracted: Altera - 8-May-24
2025-04-14 04:20:38,473 - INFO - Extracted: DatologyAI - 8-May-24
2025-04-14 04:20:38,496 - INFO - Extracted: 4L Data Intelligence - 8-May-24
2025-04-14 04:20:38,496 - INFO - Successfully extracted 20 new companies from page 35
2025-04-14 04:20:38,496 - INFO - Attempting to navigate from page 35
2025-04-14 04:20:44,447 - INFO - JavaScript verification confirmed page changed
2025-04-14 04:20:45,254 - INFO - Extracting data from page 36
2025-04-14 04:20:45,764 - INFO - Trying standard table extraction
2025-04-14 04:20:45,786 - INFO - Found 22 potential data rows
2025-04-14 04:20:45,844 - INFO - Extracted: ChangeEngine - 8-May-24
2025-04-14 04:20:45,870 - INFO - Extracted: Voyage Foods - 8-May-24
2025-04-14 04:20:45,893 - INFO - Extracted: Rad AI - 7-May-24
2025-04-14 04:20:45,917 - INFO - Extracted: Trust for Public Land - 7-May-24
2025-04-14 04:20:45,940 - INFO - Extracted: Saved By Nature - 7-May-24
2025-04-14 04:20:45,964 - INFO - Extracted: Composabl - 7-May-24
2025-04-14 04:20:45,987 - INFO - Extracted: Plan By - 7-May-24
2025-04-14 04:20:46,010 - INFO - Extracted: iFrameAI Health - 7-May-24
2025-04-14 04:20:46,033 - INFO - Extracted: Justice Outside - 7-May-24
2025-04-14 04:20:46,067 - INFO - Extracted: Anetac - 6-May-24
2025-04-14 04:20:46,090 - INFO - Extracted: Sagetap - 6-May-24
2025-04-14 04:20:46,114 - INFO - Extracted: Karius - 2-May-24
2025-04-14 04:20:46,137 - INFO - Extracted: Altruist - 2-May-24
2025-04-14 04:20:46,160 - INFO - Extracted: Paragraph - 2-May-24
2025-04-14 04:20:46,184 - INFO - Extracted: Transcarent - 2-May-24
2025-04-14 04:20:46,207 - INFO - Extracted: Mimic - 2-May-24
2025-04-14 04:20:46,230 - INFO - Extracted: Boys & Girls Club of Silicon Valley - 2-May-24
2025-04-14 04:20:46,254 - INFO - Extracted: CellChorus - 2-May-24
2025-04-14 04:20:46,276 - INFO - Extracted: Ex-human - 2-May-24
2025-04-14 04:20:46,300 - INFO - Extracted: Securitize - 1-May-24
2025-04-14 04:20:46,300 - INFO - Successfully extracted 20 new companies from page 36
2025-04-14 04:20:46,300 - INFO - Attempting to navigate from page 36
2025-04-14 04:20:52,097 - INFO - JavaScript verification confirmed page changed
2025-04-14 04:20:53,164 - INFO - Extracting data from page 37
2025-04-14 04:20:53,710 - INFO - Trying standard table extraction
2025-04-14 04:20:53,730 - INFO - Found 22 potential data rows
2025-04-14 04:20:53,786 - INFO - Extracted: Peregrine Technologies - 1-May-24
2025-04-14 04:20:53,811 - INFO - Extracted: Traceable - 1-May-24
2025-04-14 04:20:53,835 - INFO - Extracted: Dodgeball - 1-May-24
2025-04-14 04:20:53,858 - INFO - Extracted: Corelight - 30-Apr-24
2025-04-14 04:20:53,881 - INFO - Extracted: Ansa - 30-Apr-24
2025-04-14 04:20:53,905 - INFO - Extracted: Pakal Technologies - 30-Apr-24
2025-04-14 04:20:53,928 - INFO - Extracted: Inhabitr - 30-Apr-24
2025-04-14 04:20:53,951 - INFO - Extracted: SafeBase - 30-Apr-24
2025-04-14 04:20:53,975 - INFO - Extracted: PsiQuantum - 30-Apr-24
2025-04-14 04:20:54,008 - INFO - Extracted: Surf Bio - 30-Apr-24
2025-04-14 04:20:54,031 - INFO - Extracted: Seam AI - 30-Apr-24
2025-04-14 04:20:54,059 - INFO - Extracted: Blend - 29-Apr-24
2025-04-14 04:20:54,089 - INFO - Extracted: Taiki - 29-Apr-24
2025-04-14 04:20:54,114 - INFO - Extracted: Elisity - 29-Apr-24
2025-04-14 04:20:54,140 - INFO - Extracted: Thintronics - 29-Apr-24
2025-04-14 04:20:54,170 - INFO - Extracted: RevenueCat - 25-Apr-24
2025-04-14 04:20:54,193 - INFO - Extracted: Movement Labs - 25-Apr-24
2025-04-14 04:20:54,216 - INFO - Extracted: Centro Community Partners - 25-Apr-24
2025-04-14 04:20:54,240 - INFO - Extracted: Log10 - 24-Apr-24
2025-04-14 04:20:54,263 - INFO - Extracted: Midi Health - 24-Apr-24
2025-04-14 04:20:54,263 - INFO - Successfully extracted 20 new companies from page 37
2025-04-14 04:20:54,263 - INFO - Attempting to navigate from page 37
2025-04-14 04:20:59,931 - INFO - JavaScript verification confirmed page changed
2025-04-14 04:21:00,809 - INFO - Extracting data from page 38
2025-04-14 04:21:02,048 - INFO - Trying standard table extraction
2025-04-14 04:21:02,093 - INFO - Found 22 potential data rows
2025-04-14 04:21:02,146 - INFO - Extracted: Faura - 24-Apr-24
2025-04-14 04:21:02,170 - INFO - Extracted: Augment - 24-Apr-24
2025-04-14 04:21:02,203 - INFO - Extracted: Anon - 24-Apr-24
2025-04-14 04:21:02,230 - INFO - Extracted: Cognition - 24-Apr-24
2025-04-14 04:21:02,254 - INFO - Extracted: Amplifier Security - 24-Apr-24
2025-04-14 04:21:02,277 - INFO - Extracted: Clueso - 24-Apr-24
2025-04-14 04:21:02,301 - INFO - Extracted: Xaira Therapeutics - 23-Apr-24
2025-04-14 04:21:02,350 - INFO - Extracted: Framework - 23-Apr-24
2025-04-14 04:21:02,375 - INFO - Extracted: Campus - 23-Apr-24
2025-04-14 04:21:02,400 - INFO - Extracted: Prophet Security - 23-Apr-24
2025-04-14 04:21:02,423 - INFO - Extracted: Clarity Pediatrics - 22-Apr-24
2025-04-14 04:21:02,448 - INFO - Extracted: Pomelo - 22-Apr-24
2025-04-14 04:21:02,477 - INFO - Extracted: Superinsight - 22-Apr-24
2025-04-14 04:21:02,503 - INFO - Extracted: Observe - 22-Apr-24
2025-04-14 04:21:02,526 - INFO - Extracted: Rubedo Life Sciences - 22-Apr-24
2025-04-14 04:21:02,558 - INFO - Extracted: BuildCasa - 19-Apr-24
2025-04-14 04:21:02,585 - INFO - Extracted: XFactor - 18-Apr-24
2025-04-14 04:21:02,633 - INFO - Extracted: Clazar - 18-Apr-24
2025-04-14 04:21:02,682 - INFO - Extracted: Verne - 18-Apr-24
2025-04-14 04:21:02,709 - INFO - Extracted: Anvilogic - 17-Apr-24
2025-04-14 04:21:02,709 - INFO - Successfully extracted 20 new companies from page 38
2025-04-14 04:21:02,709 - INFO - Attempting to navigate from page 38
2025-04-14 04:21:08,925 - INFO - JavaScript verification confirmed page changed
2025-04-14 04:21:09,406 - INFO - Extracting data from page 39
2025-04-14 04:21:10,514 - INFO - Trying standard table extraction
2025-04-14 04:21:10,535 - INFO - Found 22 potential data rows
2025-04-14 04:21:10,590 - INFO - Extracted: Vorlon - 17-Apr-24
2025-04-14 04:21:10,616 - INFO - Extracted: Quilt - 16-Apr-24
2025-04-14 04:21:10,639 - INFO - Extracted: Powerbroker AI - 16-Apr-24
2025-04-14 04:21:10,661 - INFO - Extracted: Asher Bio - 16-Apr-24
2025-04-14 04:21:10,684 - INFO - Extracted: Rivos - 16-Apr-24
2025-04-14 04:21:10,707 - INFO - Extracted: Two Chairs - 16-Apr-24
2025-04-14 04:21:10,745 - INFO - Extracted: Ripcord - 16-Apr-24
2025-04-14 04:21:10,767 - INFO - Extracted: Loft Labs - 16-Apr-24
2025-04-14 04:21:10,790 - INFO - Extracted: Common Sense Privacy - 15-Apr-24
2025-04-14 04:21:10,813 - INFO - Extracted: Paraform - 15-Apr-24
2025-04-14 04:21:10,835 - INFO - Extracted: Clientell - 15-Apr-24
2025-04-14 04:21:10,858 - INFO - Extracted: Integral Health - 15-Apr-24
2025-04-14 04:21:10,879 - INFO - Extracted: Writ - 11-Apr-24
2025-04-14 04:21:10,902 - INFO - Extracted: Simbian - 11-Apr-24
2025-04-14 04:21:10,924 - INFO - Extracted: Anrok - 11-Apr-24
2025-04-14 04:21:10,946 - INFO - Extracted: Symbolica AI - 9-Apr-24
2025-04-14 04:21:10,968 - INFO - Extracted: JARS AI - 8-Apr-24
2025-04-14 04:21:10,990 - INFO - Extracted: Windfall Bio - 8-Apr-24
2025-04-14 04:21:11,012 - INFO - Extracted: MODE - 8-Apr-24
2025-04-14 04:21:11,034 - INFO - Extracted: Varda - 5-Apr-24
2025-04-14 04:21:11,034 - INFO - Successfully extracted 20 new companies from page 39
2025-04-14 04:21:11,034 - INFO - Attempting to navigate from page 39
2025-04-14 04:21:16,860 - INFO - JavaScript verification confirmed page changed
2025-04-14 04:21:17,256 - INFO - Extracting data from page 40
2025-04-14 04:21:18,332 - INFO - Trying standard table extraction
2025-04-14 04:21:18,355 - INFO - Found 22 potential data rows
2025-04-14 04:21:18,411 - INFO - Extracted: Enable Biosciences - 4-Apr-24
2025-04-14 04:21:18,436 - INFO - Extracted: SiMa.ai - 4-Apr-24
2025-04-14 04:21:18,459 - INFO - Extracted: Lambda - 4-Apr-24
2025-04-14 04:21:18,482 - INFO - Extracted: YonedaLabs - 4-Apr-24
2025-04-14 04:21:18,504 - INFO - Extracted: Coalesce Automation - 4-Apr-24
2025-04-14 04:21:18,547 - INFO - Extracted: Scritch - 3-Apr-24
2025-04-14 04:21:18,573 - INFO - Extracted: nCompass Technologies - 3-Apr-24
2025-04-14 04:21:18,595 - INFO - Extracted: Trieve - 3-Apr-24
2025-04-14 04:21:18,617 - INFO - Extracted: DryMerge - 3-Apr-24
2025-04-14 04:21:18,640 - INFO - Extracted: Permiso Security - 3-Apr-24
2025-04-14 04:21:18,662 - INFO - Extracted: Mango Health - 3-Apr-24
2025-04-14 04:21:18,684 - INFO - Extracted: ion design - 3-Apr-24
2025-04-14 04:21:18,706 - INFO - Extracted: Numo - 3-Apr-24
2025-04-14 04:21:18,727 - INFO - Extracted: Celest - 3-Apr-24
2025-04-14 04:21:18,749 - INFO - Extracted: Higgsfield - 3-Apr-24
2025-04-14 04:21:18,771 - INFO - Extracted: OpenFoundry - 3-Apr-24
2025-04-14 04:21:18,793 - INFO - Extracted: Arch0 - 3-Apr-24
2025-04-14 04:21:18,815 - INFO - Extracted: Trellis - 3-Apr-24
2025-04-14 04:21:18,838 - INFO - Extracted: PointOne Technologies - 3-Apr-24
2025-04-14 04:21:18,861 - INFO - Extracted: Attunement - 3-Apr-24
2025-04-14 04:21:18,861 - INFO - Successfully extracted 20 new companies from page 40
2025-04-14 04:21:18,861 - INFO - Attempting to navigate from page 40
2025-04-14 04:21:24,492 - INFO - JavaScript verification confirmed page changed
2025-04-14 04:21:25,613 - INFO - Extracting data from page 41
2025-04-14 04:21:26,575 - INFO - Trying standard table extraction
2025-04-14 04:21:26,590 - INFO - Found 22 potential data rows
2025-04-14 04:21:26,639 - INFO - Extracted: ego - 3-Apr-24
2025-04-14 04:21:26,663 - INFO - Extracted: Retell AI - 3-Apr-24
2025-04-14 04:21:26,687 - INFO - Extracted: Paradigm - 3-Apr-24
2025-04-14 04:21:26,711 - INFO - Extracted: SiftHub - 3-Apr-24
2025-04-14 04:21:26,748 - INFO - Extracted: Atopile - 3-Apr-24
2025-04-14 04:21:26,771 - INFO - Extracted: Hemingway - 3-Apr-24
2025-04-14 04:21:26,794 - INFO - Extracted: MAIHEM - 3-Apr-24
2025-04-14 04:21:26,826 - INFO - Extracted: Airfront - 3-Apr-24
2025-04-14 04:21:26,850 - INFO - Extracted: Maia - 3-Apr-24
2025-04-14 04:21:26,873 - INFO - Extracted: Nuanced - 3-Apr-24
2025-04-14 04:21:26,895 - INFO - Extracted: Lantern - 3-Apr-24
2025-04-14 04:21:26,919 - INFO - Extracted: Patchwork - 3-Apr-24
2025-04-14 04:21:26,942 - INFO - Extracted: Roe AI - 3-Apr-24
2025-04-14 04:21:26,965 - INFO - Extracted: Creo - 3-Apr-24
2025-04-14 04:21:26,988 - INFO - Extracted: Precip - 3-Apr-24
2025-04-14 04:21:27,011 - INFO - Extracted: CloudCruise - 3-Apr-24
2025-04-14 04:21:27,035 - INFO - Extracted: Intercept - 3-Apr-24
2025-04-14 04:21:27,057 - INFO - Extracted: Duckie - 3-Apr-24
2025-04-14 04:21:27,081 - INFO - Extracted: Swift - 3-Apr-24
2025-04-14 04:21:27,104 - INFO - Extracted: Resonance - 3-Apr-24
2025-04-14 04:21:27,105 - INFO - Successfully extracted 20 new companies from page 41
2025-04-14 04:21:27,105 - INFO - Attempting to navigate from page 41
2025-04-14 04:21:33,116 - INFO - JavaScript verification confirmed page changed
2025-04-14 04:21:33,648 - INFO - Extracting data from page 42
2025-04-14 04:21:34,145 - INFO - Trying standard table extraction
2025-04-14 04:21:34,162 - INFO - Found 22 potential data rows
2025-04-14 04:21:34,222 - INFO - Extracted: Yondu - 3-Apr-24
2025-04-14 04:21:34,247 - INFO - Extracted: Ecliptor - 3-Apr-24
2025-04-14 04:21:34,271 - INFO - Extracted: Assembly - 3-Apr-24
2025-04-14 04:21:34,307 - INFO - Extracted: Parasale - 3-Apr-24
2025-04-14 04:21:34,331 - INFO - Extracted: PartnerHQ - 3-Apr-24
2025-04-14 04:21:34,354 - INFO - Extracted: Kabilah - 3-Apr-24
2025-04-14 04:21:34,377 - INFO - Extracted: Relari - 3-Apr-24
2025-04-14 04:21:34,400 - INFO - Extracted: Momentic - 3-Apr-24
2025-04-14 04:21:34,423 - INFO - Extracted: Glimmer - 3-Apr-24
2025-04-14 04:21:34,446 - INFO - Extracted: Homebase - 3-Apr-24
2025-04-14 04:21:34,470 - INFO - Extracted: Centralize - 3-Apr-24
2025-04-14 04:21:34,493 - INFO - Extracted: Aidy - 3-Apr-24
2025-04-14 04:21:34,517 - INFO - Extracted: Buster - 3-Apr-24
2025-04-14 04:21:34,540 - INFO - Extracted: Meticulate - 3-Apr-24
2025-04-14 04:21:34,562 - INFO - Extracted: RadMate AI - 3-Apr-24
2025-04-14 04:21:34,585 - INFO - Extracted: Quantic - 3-Apr-24
2025-04-14 04:21:34,609 - INFO - Extracted: Okapi - 3-Apr-24
2025-04-14 04:21:34,632 - INFO - Extracted: Aether Energy - 3-Apr-24
2025-04-14 04:21:34,654 - INFO - Extracted: Decipher AI - 3-Apr-24
2025-04-14 04:21:34,677 - INFO - Extracted: Modal.io - 2-Apr-24
2025-04-14 04:21:34,677 - INFO - Successfully extracted 20 new companies from page 42
2025-04-14 04:21:34,677 - INFO - Attempting to navigate from page 42
2025-04-14 04:21:39,752 - INFO - JavaScript verification confirmed page changed
2025-04-14 04:21:40,957 - INFO - Extracting data from page 43
2025-04-14 04:21:41,429 - INFO - Trying standard table extraction
2025-04-14 04:21:41,444 - INFO - Found 22 potential data rows
2025-04-14 04:21:41,501 - INFO - Extracted: BurnBot - 2-Apr-24
2025-04-14 04:21:41,530 - INFO - Extracted: HelicitySpace - 2-Apr-24
2025-04-14 04:21:41,590 - INFO - Extracted: SESO - 2-Apr-24
2025-04-14 04:21:41,624 - INFO - Extracted: Lumana - 2-Apr-24
2025-04-14 04:21:41,666 - INFO - Extracted: Delivery Collective - 2-Apr-24
2025-04-14 04:21:41,702 - INFO - Extracted: Meedan - 2-Apr-24
2025-04-14 04:21:41,727 - INFO - Extracted: NobleAI - 2-Apr-24
2025-04-14 04:21:41,750 - INFO - Extracted: Allermi - 1-Apr-24
2025-04-14 04:21:41,773 - INFO - Extracted: BioConsortia - 1-Apr-24
2025-04-14 04:21:41,799 - INFO - Extracted: Skyflow - 28-Mar-24
2025-04-14 04:21:41,823 - INFO - Extracted: Vizcom - 28-Mar-24
2025-04-14 04:21:41,847 - INFO - Extracted: Float Health - 28-Mar-24
2025-04-14 04:21:41,871 - INFO - Extracted: Spintly - 28-Mar-24
2025-04-14 04:21:41,895 - INFO - Extracted: Aeovian Pharmaceuticals - 28-Mar-24
2025-04-14 04:21:41,942 - INFO - Extracted: ValidMind - 27-Mar-24
2025-04-14 04:21:41,998 - INFO - Extracted: Ensis - 27-Mar-24
2025-04-14 04:21:42,031 - INFO - Extracted: YourChoice Therapeutics - 27-Mar-24
2025-04-14 04:21:42,057 - INFO - Extracted: TurbineOne - 27-Mar-24
2025-04-14 04:21:42,082 - INFO - Extracted: JobPixel - 27-Mar-24
2025-04-14 04:21:42,105 - INFO - Extracted: OneNotary - 26-Mar-24
2025-04-14 04:21:42,105 - INFO - Successfully extracted 20 new companies from page 43
2025-04-14 04:21:42,105 - INFO - Attempting to navigate from page 43
2025-04-14 04:21:48,058 - INFO - JavaScript verification confirmed page changed
2025-04-14 04:21:48,437 - INFO - Extracting data from page 44
2025-04-14 04:21:48,912 - INFO - Trying standard table extraction
2025-04-14 04:21:48,934 - INFO - Found 22 potential data rows
2025-04-14 04:21:48,995 - INFO - Extracted: Fieldguide - 26-Mar-24
2025-04-14 04:21:49,038 - INFO - Extracted: Brightside Health - 26-Mar-24
2025-04-14 04:21:49,068 - INFO - Extracted: Picogrid - 26-Mar-24
2025-04-14 04:21:49,093 - INFO - Extracted: OpenPipe - 26-Mar-24
2025-04-14 04:21:49,117 - INFO - Extracted: ionobell - 26-Mar-24
2025-04-14 04:21:49,139 - INFO - Extracted: Activeloop - 26-Mar-24
2025-04-14 04:21:49,163 - INFO - Extracted: Bedrock Security - 26-Mar-24
2025-04-14 04:21:49,187 - INFO - Extracted: Charlee.ai - 25-Mar-24
2025-04-14 04:21:49,210 - INFO - Extracted: Propel - 25-Mar-24
2025-04-14 04:21:49,235 - INFO - Extracted: Circular.co - 25-Mar-24
2025-04-14 04:21:49,258 - INFO - Extracted: Profluent Bio - 21-Mar-24
2025-04-14 04:21:49,284 - INFO - Extracted: Espresso Systems - 21-Mar-24
2025-04-14 04:21:49,308 - INFO - Extracted: Ediphi - 21-Mar-24
2025-04-14 04:21:49,331 - INFO - Extracted: Foundry - 21-Mar-24
2025-04-14 04:21:49,354 - INFO - Extracted: Tarsal - 21-Mar-24
2025-04-14 04:21:49,377 - INFO - Extracted: Buzz Solutions - 20-Mar-24
2025-04-14 04:21:49,401 - INFO - Extracted: Airmyne - 20-Mar-24
2025-04-14 04:21:49,425 - INFO - Extracted: Mermaid Chart - 20-Mar-24
2025-04-14 04:21:49,451 - INFO - Extracted: Euno - 19-Mar-24
2025-04-14 04:21:49,475 - INFO - Extracted: RapidFire AI - 19-Mar-24
2025-04-14 04:21:49,475 - INFO - Successfully extracted 20 new companies from page 44
2025-04-14 04:21:49,475 - INFO - Attempting to navigate from page 44
2025-04-14 04:21:54,929 - INFO - JavaScript verification confirmed page changed
2025-04-14 04:21:55,713 - INFO - Extracting data from page 45
2025-04-14 04:21:56,317 - INFO - Trying standard table extraction
2025-04-14 04:21:56,339 - INFO - Found 22 potential data rows
2025-04-14 04:21:56,411 - INFO - Extracted: EKA Solutions - 19-Mar-24
2025-04-14 04:21:56,435 - INFO - Extracted: Lumino - 19-Mar-24
2025-04-14 04:21:56,458 - INFO - Extracted: Chambr - 18-Mar-24
2025-04-14 04:21:56,481 - INFO - Extracted: Carbonated - 15-Mar-24
2025-04-14 04:21:56,504 - INFO - Extracted: Unstructured Technologies - 14-Mar-24
2025-04-14 04:21:56,527 - INFO - Extracted: Omni - 14-Mar-24
2025-04-14 04:21:56,550 - INFO - Extracted: inDrive - 14-Mar-24
2025-04-14 04:21:56,578 - INFO - Extracted: Lily AI - 14-Mar-24
2025-04-14 04:21:56,606 - INFO - Extracted: Horizon Treatment Services - 14-Mar-24
2025-04-14 04:21:56,631 - INFO - Extracted: Vertosa - 14-Mar-24
2025-04-14 04:21:56,654 - INFO - Extracted: Clique - 14-Mar-24
2025-04-14 04:21:56,678 - INFO - Extracted: Sierra Gold Nurseries - 14-Mar-24
2025-04-14 04:21:56,702 - INFO - Extracted: Orbillion Bio - 14-Mar-24
2025-04-14 04:21:56,725 - INFO - Extracted: Redcoat AI - 14-Mar-24
2025-04-14 04:21:56,749 - INFO - Extracted: Assort Health - 14-Mar-24
2025-04-14 04:21:56,772 - INFO - Extracted: Deep Origin - 13-Mar-24
2025-04-14 04:21:56,795 - INFO - Extracted: LiveKit - 13-Mar-24
2025-04-14 04:21:56,817 - INFO - Extracted: Voxeleron - 13-Mar-24
2025-04-14 04:21:56,840 - INFO - Extracted: Nozomi Networks - 13-Mar-24
2025-04-14 04:21:56,862 - INFO - Extracted: Fermat Commerce - 13-Mar-24
2025-04-14 04:21:56,863 - INFO - Successfully extracted 20 new companies from page 45
2025-04-14 04:21:56,863 - INFO - Attempting to navigate from page 45
2025-04-14 04:22:02,719 - INFO - JavaScript verification confirmed page changed
2025-04-14 04:22:03,278 - INFO - Extracting data from page 46
2025-04-14 04:22:04,150 - INFO - Trying standard table extraction
2025-04-14 04:22:04,172 - INFO - Found 22 potential data rows
2025-04-14 04:22:04,229 - INFO - Extracted: Astronuts - 13-Mar-24
2025-04-14 04:22:04,254 - INFO - Extracted: eDNA Explorer - 13-Mar-24
2025-04-14 04:22:04,277 - INFO - Extracted: Big Sur AI - 13-Mar-24
2025-04-14 04:22:04,300 - INFO - Extracted: HalseyPoint Asset Management - 13-Mar-24
2025-04-14 04:22:04,323 - INFO - Extracted: Luminary Cloud - 13-Mar-24
2025-04-14 04:22:04,347 - INFO - Extracted: Furno - 13-Mar-24
2025-04-14 04:22:04,370 - INFO - Extracted: Smartschool - 13-Mar-24
2025-04-14 04:22:04,394 - INFO - Extracted: NanoNets - 12-Mar-24
2025-04-14 04:22:04,417 - INFO - Extracted: Amara Organic Foods - 12-Mar-24
2025-04-14 04:22:04,440 - INFO - Extracted: Vouch - 11-Mar-24
2025-04-14 04:22:04,463 - INFO - Extracted: Forest Neurotech - 11-Mar-24
2025-04-14 04:22:04,486 - INFO - Extracted: Applied Intuition - 11-Mar-24
2025-04-14 04:22:04,509 - INFO - Extracted: Bear Robotics - 11-Mar-24
2025-04-14 04:22:04,533 - INFO - Extracted: Key - 11-Mar-24
2025-04-14 04:22:04,556 - INFO - Extracted: Eigen Therapeutics - 11-Mar-24
2025-04-14 04:22:04,583 - INFO - Extracted: RealSeq Biosciences - 11-Mar-24
2025-04-14 04:22:04,614 - INFO - Extracted: Eclipse - 11-Mar-24
2025-04-14 04:22:04,642 - INFO - Extracted: Foundation Health - 11-Mar-24
2025-04-14 04:22:04,673 - INFO - Extracted: Huski.ai - 8-Mar-24
2025-04-14 04:22:04,696 - INFO - Extracted: Ondas Networks - 8-Mar-24
2025-04-14 04:22:04,696 - INFO - Successfully extracted 20 new companies from page 46
2025-04-14 04:22:04,696 - INFO - Attempting to navigate from page 46
2025-04-14 04:22:10,534 - INFO - JavaScript verification confirmed page changed
2025-04-14 04:22:11,645 - INFO - Extracting data from page 47
2025-04-14 04:22:12,300 - INFO - Trying standard table extraction
2025-04-14 04:22:12,321 - INFO - Found 22 potential data rows
2025-04-14 04:22:12,381 - INFO - Extracted: NeuroAge Therapeutics - 7-Mar-24
2025-04-14 04:22:12,407 - INFO - Extracted: Neural Propulsion Systems - 7-Mar-24
2025-04-14 04:22:12,432 - INFO - Extracted: Best Day Brewing - 7-Mar-24
2025-04-14 04:22:12,456 - INFO - Extracted: Reach Security - 7-Mar-24
2025-04-14 04:22:12,478 - INFO - Extracted: Brevian - 7-Mar-24
2025-04-14 04:22:12,510 - INFO - Extracted: Alumis - 6-Mar-24
2025-04-14 04:22:12,536 - INFO - Extracted: Abstract - 6-Mar-24
2025-04-14 04:22:12,560 - INFO - Extracted: Altro (fka Perch) - 6-Mar-24
2025-04-14 04:22:12,587 - INFO - Extracted: Remofirst - 6-Mar-24
2025-04-14 04:22:12,612 - INFO - Extracted: Proof of Impact - 6-Mar-24
2025-04-14 04:22:12,638 - INFO - Extracted: Firewall - 6-Mar-24
2025-04-14 04:22:12,663 - INFO - Extracted: Glacier - 6-Mar-24
2025-04-14 04:22:12,687 - INFO - Extracted: Jabali - 6-Mar-24
2025-04-14 04:22:12,710 - INFO - Extracted: Dtex Systems - 5-Mar-24
2025-04-14 04:22:12,734 - INFO - Extracted: Ubicloud - 5-Mar-24
2025-04-14 04:22:12,757 - INFO - Extracted: Openprise - 5-Mar-24
2025-04-14 04:22:12,788 - INFO - Extracted: appCD - 5-Mar-24
2025-04-14 04:22:12,813 - INFO - Extracted: RIOS - 5-Mar-24
2025-04-14 04:22:12,837 - INFO - Extracted: Baseten - 4-Mar-24
2025-04-14 04:22:12,861 - INFO - Extracted: GALY - 4-Mar-24
2025-04-14 04:22:12,861 - INFO - Successfully extracted 20 new companies from page 47
2025-04-14 04:22:12,861 - INFO - Attempting to navigate from page 47
2025-04-14 04:22:18,552 - INFO - JavaScript verification confirmed page changed
2025-04-14 04:22:19,415 - INFO - Extracting data from page 48
2025-04-14 04:22:19,896 - INFO - Trying standard table extraction
2025-04-14 04:22:19,918 - INFO - Found 22 potential data rows
2025-04-14 04:22:19,979 - INFO - Extracted: Headlands Research - 4-Mar-24
2025-04-14 04:22:20,005 - INFO - Extracted: treet - 4-Mar-24
2025-04-14 04:22:20,033 - INFO - Extracted: Entrada - 4-Mar-24
2025-04-14 04:22:20,058 - INFO - Extracted: Momentous - 29-Feb-24
2025-04-14 04:22:20,083 - INFO - Extracted: FirstHive - 29-Feb-24
2025-04-14 04:22:20,112 - INFO - Extracted: Elemeno Health - 29-Feb-24
2025-04-14 04:22:20,146 - INFO - Extracted: PawCo Foods - 29-Feb-24
2025-04-14 04:22:20,198 - INFO - Extracted: BioCorRx - 28-Feb-24
2025-04-14 04:22:20,224 - INFO - Extracted: Range Energy - 28-Feb-24
2025-04-14 04:22:20,248 - INFO - Extracted: BloomTech - 28-Feb-24
2025-04-14 04:22:20,272 - INFO - Extracted: Backpack - 28-Feb-24
2025-04-14 04:22:20,297 - INFO - Extracted: Mineprism Inc. - 28-Feb-24
2025-04-14 04:22:20,322 - INFO - Extracted: Parspec - 27-Feb-24
2025-04-14 04:22:20,346 - INFO - Extracted: Catch+Release - 27-Feb-24
2025-04-14 04:22:20,371 - INFO - Extracted: MoneyHash - 27-Feb-24
2025-04-14 04:22:20,395 - INFO - Extracted: Reo.Dev - 27-Feb-24
2025-04-14 04:22:20,420 - INFO - Extracted: Campfire - 27-Feb-24
2025-04-14 04:22:20,446 - INFO - Extracted: Axiom Cloud - 27-Feb-24
2025-04-14 04:22:20,470 - INFO - Extracted: Inkitt - 27-Feb-24
2025-04-14 04:22:20,494 - INFO - Extracted: EPRI - 26-Feb-24
2025-04-14 04:22:20,494 - INFO - Successfully extracted 20 new companies from page 48
2025-04-14 04:22:20,494 - INFO - Attempting to navigate from page 48
2025-04-14 04:22:25,764 - INFO - JavaScript verification confirmed page changed
2025-04-14 04:22:26,133 - INFO - Extracting data from page 49
2025-04-14 04:22:26,876 - INFO - Trying standard table extraction
2025-04-14 04:22:26,889 - INFO - Found 22 potential data rows
2025-04-14 04:22:26,945 - INFO - Extracted: Alamar Biosciences - 26-Feb-24
2025-04-14 04:22:26,972 - INFO - Extracted: FlowGPT - 26-Feb-24
2025-04-14 04:22:26,997 - INFO - Extracted: mTAB - 26-Feb-24
2025-04-14 04:22:27,021 - INFO - Extracted: InsightRX - 23-Feb-24
2025-04-14 04:22:27,045 - INFO - Extracted: Elve - 22-Feb-24
2025-04-14 04:22:27,070 - INFO - Extracted: PermitFlow - 21-Feb-24
2025-04-14 04:22:27,094 - INFO - Extracted: Jamix - 21-Feb-24
2025-04-14 04:22:27,125 - INFO - Extracted: Hadrian - 21-Feb-24
2025-04-14 04:22:27,152 - INFO - Extracted: Empowerly - 21-Feb-24
2025-04-14 04:22:27,182 - INFO - Extracted: Orkes - 21-Feb-24
2025-04-14 04:22:27,208 - INFO - Extracted: Power Life Science - 21-Feb-24
2025-04-14 04:22:27,239 - INFO - Extracted: ElastiFlow - 21-Feb-24
2025-04-14 04:22:27,265 - INFO - Extracted: NodeShift - 21-Feb-24
2025-04-14 04:22:27,289 - INFO - Extracted: VectorShift - 21-Feb-24
2025-04-14 04:22:27,314 - INFO - Extracted: Blue Wire - 20-Feb-24
2025-04-14 04:22:27,339 - INFO - Extracted: Zonexus - 20-Feb-24
2025-04-14 04:22:27,362 - INFO - Extracted: Recogni - 20-Feb-24
2025-04-14 04:22:27,387 - INFO - Extracted: HighRI Optics - 20-Feb-24
2025-04-14 04:22:27,411 - INFO - Extracted: Arini - 19-Feb-24
2025-04-14 04:22:27,435 - INFO - Extracted: Alembic - 15-Feb-24
2025-04-14 04:22:27,435 - INFO - Successfully extracted 20 new companies from page 49
2025-04-14 04:22:27,436 - INFO - Attempting to navigate from page 49
2025-04-14 04:22:33,083 - INFO - JavaScript verification confirmed page changed
2025-04-14 04:22:33,638 - INFO - Extracting data from page 50
2025-04-14 04:22:34,283 - INFO - Trying standard table extraction
2025-04-14 04:22:34,304 - INFO - Found 22 potential data rows
2025-04-14 04:22:34,367 - INFO - Extracted: Scribe - 15-Feb-24
2025-04-14 04:22:34,392 - INFO - Extracted: Freenome - 15-Feb-24
2025-04-14 04:22:34,419 - INFO - Extracted: Guardrails AI - 15-Feb-24
2025-04-14 04:22:34,442 - INFO - Extracted: Zocks - 15-Feb-24
2025-04-14 04:22:34,466 - INFO - Extracted: LangChain - 15-Feb-24
2025-04-14 04:22:34,489 - INFO - Extracted: testRigor - 15-Feb-24
2025-04-14 04:22:34,512 - INFO - Extracted: Kairos Aerospace - 15-Feb-24
2025-04-14 04:22:34,536 - INFO - Extracted: Sanitas AI - 15-Feb-24
2025-04-14 04:22:34,559 - INFO - Extracted: cPacket Networks - 14-Feb-24
2025-04-14 04:22:34,584 - INFO - Extracted: Artie - 14-Feb-24
2025-04-14 04:22:34,608 - INFO - Extracted: SkyOne Federal Credit Union - 14-Feb-24
2025-04-14 04:22:34,633 - INFO - Extracted: Hippo Harvest - 14-Feb-24
2025-04-14 04:22:34,661 - INFO - Extracted: Planette - 14-Feb-24
2025-04-14 04:22:34,687 - INFO - Extracted: Rasa - 14-Feb-24
2025-04-14 04:22:34,710 - INFO - Extracted: Meter - 13-Feb-24
2025-04-14 04:22:34,735 - INFO - Extracted: Skylo - 13-Feb-24
2025-04-14 04:22:34,759 - INFO - Extracted: Mindy - 13-Feb-24
2025-04-14 04:22:34,783 - INFO - Extracted: Savor - 13-Feb-24
2025-04-14 04:22:34,807 - INFO - Extracted: Camus Energy - 13-Feb-24
2025-04-14 04:22:34,832 - INFO - Extracted: Chalk - 13-Feb-24
2025-04-14 04:22:34,832 - INFO - Successfully extracted 20 new companies from page 50
2025-04-14 04:22:34,832 - INFO - Attempting to navigate from page 50
2025-04-14 04:22:40,490 - INFO - JavaScript verification confirmed page changed
2025-04-14 04:22:40,871 - INFO - Extracting data from page 51
2025-04-14 04:22:41,406 - INFO - Trying standard table extraction
2025-04-14 04:22:41,426 - INFO - Found 22 potential data rows
2025-04-14 04:22:41,489 - INFO - Extracted: SocialCoach - 13-Feb-24
2025-04-14 04:22:41,513 - INFO - Extracted: Motif Analytics - 12-Feb-24
2025-04-14 04:22:41,537 - INFO - Extracted: Heliux - 12-Feb-24
2025-04-14 04:22:41,566 - INFO - Extracted: Lilac Solutions - 12-Feb-24
2025-04-14 04:22:41,589 - INFO - Extracted: Magic - 12-Feb-24
2025-04-14 04:22:41,613 - INFO - Extracted: LeoLabs - 12-Feb-24
2025-04-14 04:22:41,638 - INFO - Extracted: Modern Treasury - 10-Feb-24
2025-04-14 04:22:41,662 - INFO - Extracted: THINKIN - 9-Feb-24
2025-04-14 04:22:41,705 - INFO - Extracted: Unlearn.AI - 8-Feb-24
2025-04-14 04:22:41,740 - INFO - Extracted: Handle - 8-Feb-24
2025-04-14 04:22:41,766 - INFO - Extracted: Partners Capital - 8-Feb-24
2025-04-14 04:22:41,800 - INFO - Extracted: Vocode - 8-Feb-24
2025-04-14 04:22:41,826 - INFO - Extracted: brd BOT - 8-Feb-24
2025-04-14 04:22:41,851 - INFO - Extracted: FuzzLand - 8-Feb-24
2025-04-14 04:22:41,876 - INFO - Extracted: Overflow - 7-Feb-24
2025-04-14 04:22:42,013 - INFO - Extracted: Polycam - 7-Feb-24
2025-04-14 04:22:42,048 - INFO - Extracted: Simplify - 7-Feb-24
2025-04-14 04:22:42,074 - INFO - Extracted: OutSail Shipping - 7-Feb-24
2025-04-14 04:22:42,099 - INFO - Extracted: Upstock - 7-Feb-24
2025-04-14 04:22:42,123 - INFO - Extracted: Shepherd - 7-Feb-24
2025-04-14 04:22:42,124 - INFO - Successfully extracted 20 new companies from page 51
2025-04-14 04:22:42,124 - INFO - Attempting to navigate from page 51
2025-04-14 04:22:47,283 - INFO - JavaScript verification confirmed page changed
2025-04-14 04:22:48,063 - INFO - Extracting data from page 52
2025-04-14 04:22:48,862 - INFO - Trying standard table extraction
2025-04-14 04:22:48,875 - INFO - Found 22 potential data rows
2025-04-14 04:22:48,926 - INFO - Extracted: ZEDEDA - 7-Feb-24
2025-04-14 04:22:48,957 - INFO - Extracted: Aizon - 7-Feb-24
2025-04-14 04:22:48,982 - INFO - Extracted: Attralus - 6-Feb-24
2025-04-14 04:22:49,007 - INFO - Extracted: Jam - 6-Feb-24
2025-04-14 04:22:49,035 - INFO - Extracted: Ambience Healthcare - 6-Feb-24
2025-04-14 04:22:49,060 - INFO - Extracted: Starship Technologies - 5-Feb-24
2025-04-14 04:22:49,092 - INFO - Extracted: Rigetti Computing - 5-Feb-24
2025-04-14 04:22:49,118 - INFO - Extracted: LightBeam.ai - 1-Feb-24
2025-04-14 04:22:49,142 - INFO - Extracted: Artera - 1-Feb-24
2025-04-14 04:22:49,167 - INFO - Extracted: Watershed - 1-Feb-24
2025-04-14 04:22:49,193 - INFO - Extracted: CARPL.ai - 1-Feb-24
2025-04-14 04:22:49,219 - INFO - Extracted: Coris - 1-Feb-24
2025-04-14 04:22:49,254 - INFO - Extracted: Mountaintop Studios - 31-Jan-24
2025-04-14 04:22:49,280 - INFO - Extracted: Metronome - 31-Jan-24
2025-04-14 04:22:49,306 - INFO - Extracted: Reken - 31-Jan-24
2025-04-14 04:22:49,330 - INFO - Extracted: Aiden Automotive Technologies - 31-Jan-24
2025-04-14 04:22:49,354 - INFO - Extracted: Inngest - 30-Jan-24
2025-04-14 04:22:49,377 - INFO - Extracted: Nile - 30-Jan-24
2025-04-14 04:22:49,403 - INFO - Extracted: Aster - 30-Jan-24
2025-04-14 04:22:49,428 - INFO - Extracted: HyperBeeAI - 30-Jan-24
2025-04-14 04:22:49,428 - INFO - Successfully extracted 20 new companies from page 52
2025-04-14 04:22:49,428 - INFO - Attempting to navigate from page 52
2025-04-14 04:22:55,049 - INFO - JavaScript verification confirmed page changed
2025-04-14 04:22:56,213 - INFO - Extracting data from page 53
2025-04-14 04:22:57,173 - INFO - Trying standard table extraction
2025-04-14 04:22:57,196 - INFO - Found 22 potential data rows
2025-04-14 04:22:57,260 - INFO - Extracted: Plex - 30-Jan-24
2025-04-14 04:22:57,287 - INFO - Extracted: Alchemist Accelerator - 30-Jan-24
2025-04-14 04:22:57,312 - INFO - Extracted: resistanceBio - 29-Jan-24
2025-04-14 04:22:57,338 - INFO - Extracted: Mesh - 29-Jan-24
2025-04-14 04:22:57,361 - INFO - Extracted: Chef Robotics - 26-Jan-24
2025-04-14 04:22:57,386 - INFO - Extracted: Perfumeo - 26-Jan-24
2025-04-14 04:22:57,410 - INFO - Extracted: Bastille Networks Internet Security - 25-Jan-24
2025-04-14 04:22:57,433 - INFO - Extracted: ViralMoment - 25-Jan-24
2025-04-14 04:22:57,458 - INFO - Extracted: Integral Development Corp - 25-Jan-24
2025-04-14 04:22:57,482 - INFO - Extracted: Audioshake - 25-Jan-24
2025-04-14 04:22:57,506 - INFO - Extracted: Aniai - 24-Jan-24
2025-04-14 04:22:57,530 - INFO - Extracted: unSkript, Inc - 24-Jan-24
2025-04-14 04:22:57,554 - INFO - Extracted: Masa - 23-Jan-24
2025-04-14 04:22:57,582 - INFO - Extracted: AiDash - 23-Jan-24
2025-04-14 04:22:57,621 - INFO - Extracted: SER Capital Partners - 23-Jan-24
2025-04-14 04:22:57,645 - INFO - Extracted: Snorkel AI - 23-Jan-24
2025-04-14 04:22:57,671 - INFO - Extracted: Synthesis AI - 23-Jan-24
2025-04-14 04:22:57,696 - INFO - Extracted: RagaAI Inc. - 23-Jan-24
2025-04-14 04:22:57,722 - INFO - Extracted: SmithRx - 23-Jan-24
2025-04-14 04:22:57,748 - INFO - Extracted: GenEdit - 23-Jan-24
2025-04-14 04:22:57,748 - INFO - Successfully extracted 20 new companies from page 53
2025-04-14 04:22:57,748 - INFO - Attempting to navigate from page 53
2025-04-14 04:23:03,740 - INFO - JavaScript verification confirmed page changed
2025-04-14 04:23:04,789 - INFO - Extracting data from page 54
2025-04-14 04:23:06,036 - INFO - Trying standard table extraction
2025-04-14 04:23:06,058 - INFO - Found 22 potential data rows
2025-04-14 04:23:06,118 - INFO - Extracted: Neatleaf - 23-Jan-24
2025-04-14 04:23:06,159 - INFO - Extracted: Clerk - 23-Jan-24
2025-04-14 04:23:06,183 - INFO - Extracted: Ohana Real Estate Investors - 22-Jan-24
2025-04-14 04:23:06,207 - INFO - Extracted: Salas O'Brien - 22-Jan-24
2025-04-14 04:23:06,230 - INFO - Extracted: Captura - 22-Jan-24
2025-04-14 04:23:06,254 - INFO - Extracted: Better Stack - 22-Jan-24
2025-04-14 04:23:06,276 - INFO - Extracted: Bluedot - 22-Jan-24
2025-04-14 04:23:06,301 - INFO - Extracted: BuildClub - 22-Jan-24
2025-04-14 04:23:06,330 - INFO - Extracted: Metafoodx - 18-Jan-24
2025-04-14 04:23:06,357 - INFO - Extracted: Safary - 18-Jan-24
2025-04-14 04:23:06,381 - INFO - Extracted: zbyte - 18-Jan-24
2025-04-14 04:23:06,405 - INFO - Extracted: Forta - 17-Jan-24
2025-04-14 04:23:06,428 - INFO - Extracted: Incognia - 17-Jan-24
2025-04-14 04:23:06,452 - INFO - Extracted: Blueshift - 16-Jan-24
2025-04-14 04:23:06,477 - INFO - Extracted: Lutheran Social Services of Southern California - 16-Jan-24
2025-04-14 04:23:06,501 - INFO - Extracted: Blue Planet - 16-Jan-24
2025-04-14 04:23:06,524 - INFO - Extracted: Topia - 16-Jan-24
2025-04-14 04:23:06,546 - INFO - Extracted: Noctrix Health - 16-Jan-24
2025-04-14 04:23:06,569 - INFO - Extracted: Fonda Technologies - 16-Jan-24
2025-04-14 04:23:06,593 - INFO - Extracted: Chezuba - 12-Jan-24
2025-04-14 04:23:06,593 - INFO - Successfully extracted 20 new companies from page 54
2025-04-14 04:23:06,593 - INFO - Attempting to navigate from page 54
2025-04-14 04:23:12,046 - INFO - JavaScript verification confirmed page changed
2025-04-14 04:23:12,603 - INFO - Extracting data from page 55
2025-04-14 04:23:13,678 - INFO - Trying standard table extraction
2025-04-14 04:23:13,698 - INFO - Found 22 potential data rows
2025-04-14 04:23:13,759 - INFO - Extracted: Rune Labs - 11-Jan-24
2025-04-14 04:23:13,784 - INFO - Extracted: Viavi Solutions - 11-Jan-24
2025-04-14 04:23:13,808 - INFO - Extracted: Pier - 11-Jan-24
2025-04-14 04:23:13,832 - INFO - Extracted: FlutterFlow - 11-Jan-24
2025-04-14 04:23:13,858 - INFO - Extracted: Velou - 11-Jan-24
2025-04-14 04:23:13,881 - INFO - Extracted: Echo Labs - 10-Jan-24
2025-04-14 04:23:13,905 - INFO - Extracted: Quora - 10-Jan-24
2025-04-14 04:23:13,928 - INFO - Extracted: Rainbow - 10-Jan-24
2025-04-14 04:23:13,954 - INFO - Extracted: Shimmer - 10-Jan-24
2025-04-14 04:23:13,978 - INFO - Extracted: Leap AI - 9-Jan-24
2025-04-14 04:23:14,016 - INFO - Extracted: Raising the Future - 9-Jan-24
2025-04-14 04:23:14,042 - INFO - Extracted: Feel Therapeutics - 9-Jan-24
2025-04-14 04:23:14,067 - INFO - Extracted: Luma AI - 9-Jan-24
2025-04-14 04:23:14,092 - INFO - Extracted: anecdotes - 9-Jan-24
2025-04-14 04:23:14,229 - INFO - Extracted: MedaSystems - 9-Jan-24
2025-04-14 04:23:14,268 - INFO - Extracted: Revagenix - 5-Jan-24
2025-04-14 04:23:14,295 - INFO - Extracted: UpDoc - 5-Jan-24
2025-04-14 04:23:14,319 - INFO - Extracted: Department of Behavioral Health - 4-Jan-24
2025-04-14 04:23:14,343 - INFO - Extracted: Moonwalk Biosciences - 4-Jan-24
2025-04-14 04:23:14,368 - INFO - Extracted: Human Immunology Biosciences - 4-Jan-24
2025-04-14 04:23:14,368 - INFO - Successfully extracted 20 new companies from page 55
2025-04-14 04:23:14,368 - INFO - Attempting to navigate from page 55
2025-04-14 04:23:21,005 - INFO - JavaScript verification confirmed page changed
2025-04-14 04:23:22,128 - INFO - Extracting data from page 56
2025-04-14 04:23:23,277 - INFO - Trying standard table extraction
2025-04-14 04:23:23,296 - INFO - Found 5 potential data rows
2025-04-14 04:23:23,366 - INFO - Extracted: Perplexity AI - 4-Jan-24
2025-04-14 04:23:23,390 - INFO - Extracted: GSI Technology - 3-Jan-24
2025-04-14 04:23:23,414 - INFO - Extracted: Paceline - 1-Jan-24
2025-04-14 04:23:23,414 - INFO - Successfully extracted 3 new companies from page 56
2025-04-14 04:23:23,414 - INFO - Attempting to navigate from page 56
2025-04-14 04:23:30,059 - INFO - JavaScript verification confirmed page changed
2025-04-14 04:23:30,969 - INFO - Extracting data from page 57
2025-04-14 04:23:32,016 - INFO - Trying standard table extraction
2025-04-14 04:23:32,036 - INFO - Found 5 potential data rows
2025-04-14 04:23:32,145 - INFO - Retry attempt 1 for data extraction
2025-04-14 04:23:33,996 - INFO - Trying standard table extraction
2025-04-14 04:23:34,016 - INFO - Found 5 potential data rows
2025-04-14 04:23:34,161 - INFO - Retry attempt 2 for data extraction
2025-04-14 04:23:35,196 - INFO - Refreshing page for final extraction attempt
2025-04-14 04:23:37,789 - INFO - Found overlay using selector: //div[contains(@class, 'conv-wrap')]
2025-04-14 04:23:37,802 - INFO - No close button found, removing overlay with JavaScript
2025-04-14 04:23:38,481 - INFO - Found overlay using selector: //div[contains(@class, 'overlay')]
2025-04-14 04:23:38,487 - INFO - No close button found, removing overlay with JavaScript
2025-04-14 04:23:40,608 - INFO - Trying standard table extraction
2025-04-14 04:23:40,642 - WARNING - No new companies found on page 57. Empty page count: 1
2025-04-14 04:23:40,642 - INFO - Attempting to navigate from page 57
2025-04-14 04:23:46,567 - INFO - JavaScript verification confirmed page changed
2025-04-14 04:23:47,121 - INFO - Extracting data from page 58
2025-04-14 04:23:47,602 - INFO - Trying standard table extraction
2025-04-14 04:23:47,618 - INFO - Found 22 potential data rows
2025-04-14 04:23:48,148 - INFO - Retry attempt 1 for data extraction
2025-04-14 04:23:50,007 - INFO - Trying standard table extraction
2025-04-14 04:23:50,024 - INFO - Found 22 potential data rows
2025-04-14 04:23:50,505 - INFO - Retry attempt 2 for data extraction
2025-04-14 04:23:52,166 - INFO - Refreshing page for final extraction attempt
2025-04-14 04:23:54,518 - INFO - Found overlay using selector: //div[contains(@class, 'conv-wrap')]
2025-04-14 04:23:54,526 - INFO - No close button found, removing overlay with JavaScript
2025-04-14 04:23:55,249 - INFO - Found overlay using selector: //div[contains(@class, 'overlay')]
2025-04-14 04:23:55,258 - INFO - No close button found, removing overlay with JavaScript
2025-04-14 04:23:56,960 - INFO - Trying standard table extraction
2025-04-14 04:23:56,988 - WARNING - No new companies found on page 58. Empty page count: 2
2025-04-14 04:23:56,989 - INFO - Stopping after 2 consecutive empty pages
2025-04-14 04:23:56,991 - INFO - Created extraction directory at /Users/hk/Downloads/DSFinalYearProject/fundraise_data/fundraise_data_20250414_042356
2025-04-14 04:23:57,003 - INFO - Successfully saved 1103 records to /Users/hk/Downloads/DSFinalYearProject/fundraise_data/fundraise_data_20250414_042356/startups_20250414_042356.csv
2025-04-14 04:23:57,015 - INFO - Successfully saved JSON data to /Users/hk/Downloads/DSFinalYearProject/fundraise_data/fundraise_data_20250414_042356/startups_20250414_042356.json
2025-04-14 04:23:57,016 - INFO - Saved extraction stats to /Users/hk/Downloads/DSFinalYearProject/fundraise_data/fundraise_data_20250414_042356/extraction_stats.json
2025-04-14 04:23:57,018 - INFO - Extraction completed in 478.48 seconds
2025-04-14 04:23:57,019 - INFO - Extracted 1103 companies from 58 pages
2025-04-14 04:23:57,019 - INFO - Found 1103 unique companies
2025-04-14 04:23:57,019 - INFO - Most recent funding dates: ['1-Apr-24', '1-Aug-24', '1-Feb-24', '1-Jan-24', '1-Jul-24']
2025-04-14 04:23:57,153 - INFO - WebDriver closed
2025-04-14 04:23:57,153 - INFO - Next extraction scheduled for: 2025-04-15 04:23:57
2025-04-14 14:30:25,517 - INFO - Setting up scheduled extraction (every 24 hours)
2025-04-14 14:30:25,517 - INFO - Starting extraction process
2025-04-14 14:30:25,517 - INFO - Setting up Chrome WebDriver...
2025-04-14 14:30:25,517 - INFO - ====== WebDriver manager ======
2025-04-14 14:30:25,606 - INFO - Get LATEST chromedriver version for google-chrome
2025-04-14 14:30:25,763 - INFO - Get LATEST chromedriver version for google-chrome
2025-04-14 14:30:25,819 - INFO - Driver [/Users/hk/.wdm/drivers/chromedriver/mac64/135.0.7049.84/chromedriver-mac-arm64/chromedriver] found in cache
2025-04-14 14:30:27,377 - INFO - WebDriver setup completed successfully
2025-04-14 14:30:27,377 - INFO - Navigating to https://fundraiseinsider.com/blog/recently-funded-startups-san-francisco/#showform-238066
2025-04-14 14:30:46,105 - INFO - Performing efficient scrolling...
2025-04-14 14:30:49,102 - INFO - Scrolling completed
2025-04-14 14:30:49,126 - INFO - Found overlay using selector: //div[contains(@class, 'conv-wrap')]
2025-04-14 14:30:49,137 - INFO - No close button found, removing overlay with JavaScript
2025-04-14 14:30:50,296 - INFO - Found overlay using selector: //div[contains(@class, 'overlay')]
2025-04-14 14:30:50,301 - INFO - No close button found, removing overlay with JavaScript
2025-04-14 14:30:51,778 - INFO - Extracting data from page 1
2025-04-14 14:30:52,487 - INFO - Trying standard table extraction
2025-04-14 14:30:52,555 - INFO - Found funding amount column at index 6
2025-04-14 14:30:52,560 - INFO - Found headquarters column at index 7
2025-04-14 14:30:52,571 - INFO - Found 22 potential data rows
2025-04-14 14:30:52,619 - INFO - Extracted: Rembrand - 2-Jan-25
2025-04-14 14:30:52,619 - INFO - Found funding amount: 23000000
2025-04-14 14:30:52,649 - INFO - Extracted: Wurthy - 30-Dec-24
2025-04-14 14:30:52,649 - INFO - Found funding amount: 0
2025-04-14 14:30:52,680 - INFO - Extracted: Frontier Bio - 25-Dec-24
2025-04-14 14:30:52,680 - INFO - Found funding amount: 1300000
2025-04-14 14:30:52,709 - INFO - Extracted: Courtyard - 23-Dec-24
2025-04-14 14:30:52,709 - INFO - Found funding amount: 4500000
2025-04-14 14:30:52,738 - INFO - Extracted: Pasadena Private Lending - 19-Dec-24
2025-04-14 14:30:52,739 - INFO - Found funding amount: 50000000
2025-04-14 14:30:52,771 - INFO - Extracted: Tenor - 19-Dec-24
2025-04-14 14:30:52,771 - INFO - Found funding amount: 5400000
2025-04-14 14:30:52,801 - INFO - Extracted: Earli - 19-Dec-24
2025-04-14 14:30:52,801 - INFO - Found funding amount: 60000000
2025-04-14 14:30:52,832 - INFO - Extracted: Child Family Health International - 19-Dec-24
2025-04-14 14:30:52,832 - INFO - Found funding amount: 7500
2025-04-14 14:30:52,862 - INFO - Extracted: SandboxAQ - 18-Dec-24
2025-04-14 14:30:52,862 - INFO - Found funding amount: 300000000
2025-04-14 14:30:52,897 - INFO - Extracted: Plume Network - 18-Dec-24
2025-04-14 14:30:52,897 - INFO - Found funding amount: 20000000
2025-04-14 14:30:52,928 - INFO - Extracted: Hamming AI - 18-Dec-24
2025-04-14 14:30:52,928 - INFO - Found funding amount: 3800000
2025-04-14 14:30:52,958 - INFO - Extracted: CourtScribes - 18-Dec-24
2025-04-14 14:30:52,958 - INFO - Found funding amount: 512474
2025-04-14 14:30:52,988 - INFO - Extracted: Perplexity - 18-Dec-24
2025-04-14 14:30:52,988 - INFO - Found funding amount: 500000000
2025-04-14 14:30:53,019 - INFO - Extracted: Lyten - 18-Dec-24
2025-04-14 14:30:53,019 - INFO - Found funding amount: 650000000
2025-04-14 14:30:53,053 - INFO - Extracted: Fairbanc - 18-Dec-24
2025-04-14 14:30:53,053 - INFO - Found funding amount: 50000000000
2025-04-14 14:30:53,083 - INFO - Extracted: Mojave Energy Systems - 18-Dec-24
2025-04-14 14:30:53,083 - INFO - Found funding amount: 9500000
2025-04-14 14:30:53,112 - INFO - Extracted: Fraction AI - 18-Dec-24
2025-04-14 14:30:53,112 - INFO - Found funding amount: 6000000
2025-04-14 14:30:53,143 - INFO - Extracted: Schwarm Technologies Inc. - 17-Dec-24
2025-04-14 14:30:53,143 - INFO - Found funding amount: 3027055
2025-04-14 14:30:53,172 - INFO - Extracted: Landbase - 17-Dec-24
2025-04-14 14:30:53,172 - INFO - Found funding amount: 12500000
2025-04-14 14:30:53,203 - INFO - Extracted: Acre - 17-Dec-24
2025-04-14 14:30:53,203 - INFO - Found funding amount: 10000000
2025-04-14 14:30:53,203 - INFO - Successfully extracted 20 new companies from page 1
2025-04-14 14:30:53,203 - INFO - Attempting to navigate from page 1
2025-04-14 14:30:59,493 - INFO - JavaScript verification confirmed page changed
2025-04-14 14:31:00,573 - INFO - Extracting data from page 2
2025-04-14 14:31:01,416 - INFO - Trying standard table extraction
2025-04-14 14:31:01,466 - INFO - Found funding amount column at index 6
2025-04-14 14:31:01,471 - INFO - Found headquarters column at index 7
2025-04-14 14:31:01,481 - INFO - Found 22 potential data rows
2025-04-14 14:31:01,528 - INFO - Extracted: Finexio - 17-Dec-24
2025-04-14 14:31:01,528 - INFO - Found funding amount: 10000000
2025-04-14 14:31:01,557 - INFO - Extracted: Anatomy Financial - 17-Dec-24
2025-04-14 14:31:01,557 - INFO - Found funding amount: 19000000
2025-04-14 14:31:01,588 - INFO - Extracted: Serverfarm - 17-Dec-24
2025-04-14 14:31:01,588 - INFO - Found funding amount: 1637000000
2025-04-14 14:31:01,620 - INFO - Extracted: Flair - 17-Dec-24
2025-04-14 14:31:01,620 - INFO - Found funding amount: 0
2025-04-14 14:31:01,652 - INFO - Extracted: Leapfin - 17-Dec-24
2025-04-14 14:31:01,652 - INFO - Found funding amount: 1000000
2025-04-14 14:31:01,683 - INFO - Extracted: Parafin - 17-Dec-24
2025-04-14 14:31:01,683 - INFO - Found funding amount: 100000000
2025-04-14 14:31:01,715 - INFO - Extracted: Indapta Therapeutics - 17-Dec-24
2025-04-14 14:31:01,715 - INFO - Found funding amount: 22500000
2025-04-14 14:31:01,748 - INFO - Extracted: Xcell Biosciences - 17-Dec-24
2025-04-14 14:31:01,748 - INFO - Found funding amount: 1400000
2025-04-14 14:31:01,781 - INFO - Extracted: Jiko - 12-Dec-24
2025-04-14 14:31:01,781 - INFO - Found funding amount: 29000000
2025-04-14 14:31:01,813 - INFO - Extracted: One - 12-Dec-24
2025-04-14 14:31:01,813 - INFO - Found funding amount: 300000000
2025-04-14 14:31:01,844 - INFO - Extracted: Evinced - 12-Dec-24
2025-04-14 14:31:01,845 - INFO - Found funding amount: 55000000
2025-04-14 14:31:01,876 - INFO - Extracted: Twelve Labs - 12-Dec-24
2025-04-14 14:31:01,876 - INFO - Found funding amount: 30000000
2025-04-14 14:31:01,906 - INFO - Extracted: Terradot - 12-Dec-24
2025-04-14 14:31:01,906 - INFO - Found funding amount: 54000000
2025-04-14 14:31:01,936 - INFO - Extracted: Cartesia - 12-Dec-24
2025-04-14 14:31:01,936 - INFO - Found funding amount: 22000000
2025-04-14 14:31:01,965 - INFO - Extracted: Vantis Vascular - 12-Dec-24
2025-04-14 14:31:01,965 - INFO - Found funding amount: 10000000
2025-04-14 14:31:01,995 - INFO - Extracted: Alessa Therapeutics - 12-Dec-24
2025-04-14 14:31:01,995 - INFO - Found funding amount: 15000000
2025-04-14 14:31:02,037 - INFO - Extracted: Gigs - 12-Dec-24
2025-04-14 14:31:02,037 - INFO - Found funding amount: 73000000
2025-04-14 14:31:02,067 - INFO - Extracted: Immi - 12-Dec-24
2025-04-14 14:31:02,067 - INFO - Found funding amount: 3000000
2025-04-14 14:31:02,097 - INFO - Extracted: Albert Invent - 11-Dec-24
2025-04-14 14:31:02,097 - INFO - Found funding amount: 22500000
2025-04-14 14:31:02,131 - INFO - Extracted: Strategic Venue Partners - 11-Dec-24
2025-04-14 14:31:02,131 - INFO - Found funding amount: 0
2025-04-14 14:31:02,131 - INFO - Successfully extracted 20 new companies from page 2
2025-04-14 14:31:02,131 - INFO - Attempting to navigate from page 2
2025-04-14 14:31:07,802 - INFO - JavaScript verification confirmed page changed
2025-04-14 14:31:08,464 - INFO - Extracting data from page 3
2025-04-14 14:31:08,905 - INFO - Trying standard table extraction
2025-04-14 14:31:08,953 - INFO - Found funding amount column at index 6
2025-04-14 14:31:08,958 - INFO - Found headquarters column at index 7
2025-04-14 14:31:08,966 - INFO - Found 22 potential data rows
2025-04-14 14:31:09,011 - INFO - Extracted: Parsec Education - 11-Dec-24
2025-04-14 14:31:09,011 - INFO - Found funding amount: 8000000
2025-04-14 14:31:09,041 - INFO - Extracted: Saltmine - 11-Dec-24
2025-04-14 14:31:09,041 - INFO - Found funding amount: 0
2025-04-14 14:31:09,073 - INFO - Extracted: NeuBird - 11-Dec-24
2025-04-14 14:31:09,073 - INFO - Found funding amount: 22500000
2025-04-14 14:31:09,103 - INFO - Extracted: Aimon Labs - 11-Dec-24
2025-04-14 14:31:09,103 - INFO - Found funding amount: 2300000
2025-04-14 14:31:09,133 - INFO - Extracted: Ayar Labs - 11-Dec-24
2025-04-14 14:31:09,133 - INFO - Found funding amount: 155000000
2025-04-14 14:31:09,163 - INFO - Extracted: Vapi - 11-Dec-24
2025-04-14 14:31:09,163 - INFO - Found funding amount: 20000000
2025-04-14 14:31:09,193 - INFO - Extracted: EzDubs - 11-Dec-24
2025-04-14 14:31:09,193 - INFO - Found funding amount: 4200000
2025-04-14 14:31:09,224 - INFO - Extracted: Capstan Medical - 11-Dec-24
2025-04-14 14:31:09,224 - INFO - Found funding amount: 110000000
2025-04-14 14:31:09,253 - INFO - Extracted: Reveal Technology - 11-Dec-24
2025-04-14 14:31:09,253 - INFO - Found funding amount: 11200000
2025-04-14 14:31:09,289 - INFO - Extracted: Tosi - 11-Dec-24
2025-04-14 14:31:09,289 - INFO - Found funding amount: 15805308
2025-04-14 14:31:09,323 - INFO - Extracted: Azimuth AI - 11-Dec-24
2025-04-14 14:31:09,323 - INFO - Found funding amount: 11500000
2025-04-14 14:31:09,364 - INFO - Extracted: Cohesity - 10-Dec-24
2025-04-14 14:31:09,364 - INFO - Found funding amount: 0
2025-04-14 14:31:09,400 - INFO - Extracted: Speak - 10-Dec-24
2025-04-14 14:31:09,400 - INFO - Found funding amount: 78000000
2025-04-14 14:31:09,431 - INFO - Extracted: Mainframe - 10-Dec-24
2025-04-14 14:31:09,431 - INFO - Found funding amount: 5500000
2025-04-14 14:31:09,463 - INFO - Extracted: Gyaan - 10-Dec-24
2025-04-14 14:31:09,463 - INFO - Found funding amount: 5000000
2025-04-14 14:31:09,494 - INFO - Extracted: WeaveGrid - 10-Dec-24
2025-04-14 14:31:09,494 - INFO - Found funding amount: 28000000
2025-04-14 14:31:09,524 - INFO - Extracted: WindBorne Systems - 10-Dec-24
2025-04-14 14:31:09,524 - INFO - Found funding amount: 5000000
2025-04-14 14:31:09,554 - INFO - Extracted: Exabits AI - 10-Dec-24
2025-04-14 14:31:09,554 - INFO - Found funding amount: 15000000
2025-04-14 14:31:09,584 - INFO - Extracted: Gentrace - 10-Dec-24
2025-04-14 14:31:09,584 - INFO - Found funding amount: 8000000
2025-04-14 14:31:09,613 - INFO - Extracted: LambdaTest - 10-Dec-24
2025-04-14 14:31:09,613 - INFO - Found funding amount: 38000000
2025-04-14 14:31:09,613 - INFO - Successfully extracted 20 new companies from page 3
2025-04-14 14:31:09,613 - INFO - Attempting to navigate from page 3
2025-04-14 14:31:15,761 - INFO - JavaScript verification confirmed page changed
2025-04-14 14:31:16,549 - INFO - Extracting data from page 4
2025-04-14 14:31:17,797 - INFO - Trying standard table extraction
2025-04-14 14:31:17,857 - INFO - Found funding amount column at index 6
2025-04-14 14:31:17,862 - INFO - Found headquarters column at index 7
2025-04-14 14:31:17,870 - INFO - Found 22 potential data rows
2025-04-14 14:31:17,915 - INFO - Extracted: Aarvik Therapeutics - 10-Dec-24
2025-04-14 14:31:17,916 - INFO - Found funding amount: 1165000
2025-04-14 14:31:17,947 - INFO - Extracted: WaveForms AI - 10-Dec-24
2025-04-14 14:31:17,947 - INFO - Found funding amount: 40000000
2025-04-14 14:31:17,979 - INFO - Extracted: Wald.ai - 10-Dec-24
2025-04-14 14:31:17,979 - INFO - Found funding amount: 4000000
2025-04-14 14:31:18,010 - INFO - Extracted: Wildflower Health - 10-Dec-24
2025-04-14 14:31:18,010 - INFO - Found funding amount: 17939793
2025-04-14 14:31:18,042 - INFO - Extracted: Aampe - 10-Dec-24
2025-04-14 14:31:18,042 - INFO - Found funding amount: 18000000
2025-04-14 14:31:18,072 - INFO - Extracted: Cala Health - 9-Dec-24
2025-04-14 14:31:18,072 - INFO - Found funding amount: 50000000
2025-04-14 14:31:18,102 - INFO - Extracted: Sofar Ocean - 9-Dec-24
2025-04-14 14:31:18,102 - INFO - Found funding amount: 18250002
2025-04-14 14:31:18,132 - INFO - Extracted: Friend - 9-Dec-24
2025-04-14 14:31:18,132 - INFO - Found funding amount: 5400000
2025-04-14 14:31:18,163 - INFO - Extracted: Lava - 9-Dec-24
2025-04-14 14:31:18,163 - INFO - Found funding amount: 10000000
2025-04-14 14:31:18,193 - INFO - Extracted: MiSalud - 9-Dec-24
2025-04-14 14:31:18,193 - INFO - Found funding amount: 8000000
2025-04-14 14:31:18,222 - INFO - Extracted: Lucra Sports - 5-Dec-24
2025-04-14 14:31:18,222 - INFO - Found funding amount: 10000000
2025-04-14 14:31:18,251 - INFO - Extracted: Across AI - 5-Dec-24
2025-04-14 14:31:18,251 - INFO - Found funding amount: 5750000
2025-04-14 14:31:18,280 - INFO - Extracted: BITKRAFT Ventures - 5-Dec-24
2025-04-14 14:31:18,280 - INFO - Found funding amount: 0
2025-04-14 14:31:18,313 - INFO - Extracted: Nuvig Therapeutics - 5-Dec-24
2025-04-14 14:31:18,313 - INFO - Found funding amount: 161000000
2025-04-14 14:31:18,350 - INFO - Extracted: FutureSearch - 5-Dec-24
2025-04-14 14:31:18,350 - INFO - Found funding amount: 5794991
2025-04-14 14:31:18,381 - INFO - Extracted: Solana - 5-Dec-24
2025-04-14 14:31:18,381 - INFO - Found funding amount: 1500000
2025-04-14 14:31:18,411 - INFO - Extracted: Rubi Laboratories - 5-Dec-24
2025-04-14 14:31:18,411 - INFO - Found funding amount: 969961
2025-04-14 14:31:18,439 - INFO - Extracted: East Oakland Youth Development Center - 5-Dec-24
2025-04-14 14:31:18,439 - INFO - Found funding amount: 0
2025-04-14 14:31:18,469 - INFO - Extracted: Axiado Corporation - 4-Dec-24
2025-04-14 14:31:18,469 - INFO - Found funding amount: 60000000
2025-04-14 14:31:18,498 - INFO - Extracted: Enterpret - 4-Dec-24
2025-04-14 14:31:18,498 - INFO - Found funding amount: 20800000
2025-04-14 14:31:18,498 - INFO - Successfully extracted 20 new companies from page 4
2025-04-14 14:31:18,498 - INFO - Attempting to navigate from page 4
2025-04-14 14:31:24,765 - INFO - JavaScript verification confirmed page changed
2025-04-14 14:31:25,622 - INFO - Extracting data from page 5
2025-04-14 14:31:26,369 - INFO - Trying standard table extraction
2025-04-14 14:31:26,416 - INFO - Found funding amount column at index 6
2025-04-14 14:31:26,420 - INFO - Found headquarters column at index 7
2025-04-14 14:31:26,430 - INFO - Found 22 potential data rows
2025-04-14 14:31:26,475 - INFO - Extracted: HappyRobot - 4-Dec-24
2025-04-14 14:31:26,475 - INFO - Found funding amount: 15600000
2025-04-14 14:31:26,505 - INFO - Extracted: Offcall - 4-Dec-24
2025-04-14 14:31:26,505 - INFO - Found funding amount: 2000000
2025-04-14 14:31:26,535 - INFO - Extracted: Etestho - 4-Dec-24
2025-04-14 14:31:26,535 - INFO - Found funding amount: 0
2025-04-14 14:31:26,565 - INFO - Extracted: Antheia - 3-Dec-24
2025-04-14 14:31:26,565 - INFO - Found funding amount: 12000000
2025-04-14 14:31:26,596 - INFO - Extracted: Aerospike - 3-Dec-24
2025-04-14 14:31:26,596 - INFO - Found funding amount: 109000000
2025-04-14 14:31:26,626 - INFO - Extracted: Yurts Technologies Inc - 3-Dec-24
2025-04-14 14:31:26,626 - INFO - Found funding amount: 40000000
2025-04-14 14:31:26,655 - INFO - Extracted: The Tech Interactive - 3-Dec-24
2025-04-14 14:31:26,655 - INFO - Found funding amount: 0
2025-04-14 14:31:26,686 - INFO - Extracted: Maze Therapeutics - 3-Dec-24
2025-04-14 14:31:26,686 - INFO - Found funding amount: 115000000
2025-04-14 14:31:26,716 - INFO - Extracted: MakersHub - 3-Dec-24
2025-04-14 14:31:26,717 - INFO - Found funding amount: 7000000
2025-04-14 14:31:26,746 - INFO - Extracted: Vooma - 2-Dec-24
2025-04-14 14:31:26,746 - INFO - Found funding amount: 13000000
2025-04-14 14:31:26,776 - INFO - Extracted: Lumin Digital - 2-Dec-24
2025-04-14 14:31:26,776 - INFO - Found funding amount: 160000000
2025-04-14 14:31:26,811 - INFO - Extracted: Upwind Security - 2-Dec-24
2025-04-14 14:31:26,811 - INFO - Found funding amount: 100000000
2025-04-14 14:31:26,843 - INFO - Extracted: CSpeed - 2-Dec-24
2025-04-14 14:31:26,843 - INFO - Found funding amount: 28349982
2025-04-14 14:31:26,872 - INFO - Extracted: Cardless - 26-Nov-24
2025-04-14 14:31:26,872 - INFO - Found funding amount: 30000000
2025-04-14 14:31:26,902 - INFO - Extracted: Sirona Medical - 26-Nov-24
2025-04-14 14:31:26,902 - INFO - Found funding amount: 42000000
2025-04-14 14:31:26,932 - INFO - Extracted: Wherobots Inc. - 26-Nov-24
2025-04-14 14:31:26,932 - INFO - Found funding amount: 21500000
2025-04-14 14:31:26,963 - INFO - Extracted: Circleback - 26-Nov-24
2025-04-14 14:31:26,963 - INFO - Found funding amount: 2500000
2025-04-14 14:31:26,992 - INFO - Extracted: Mindstate Design Labs - 26-Nov-24
2025-04-14 14:31:26,992 - INFO - Found funding amount: 12698587
2025-04-14 14:31:27,021 - INFO - Extracted: Femtosense - 26-Nov-24
2025-04-14 14:31:27,021 - INFO - Found funding amount: 4258347
2025-04-14 14:31:27,050 - INFO - Extracted: Play.ht - 25-Nov-24
2025-04-14 14:31:27,050 - INFO - Found funding amount: 21000000
2025-04-14 14:31:27,051 - INFO - Successfully extracted 20 new companies from page 5
2025-04-14 14:31:27,051 - INFO - Attempting to navigate from page 5
2025-04-14 14:31:33,144 - INFO - JavaScript verification confirmed page changed
2025-04-14 14:31:34,091 - INFO - Extracting data from page 6
2025-04-14 14:31:34,528 - INFO - Trying standard table extraction
2025-04-14 14:31:34,565 - INFO - Found funding amount column at index 6
2025-04-14 14:31:34,569 - INFO - Found headquarters column at index 7
2025-04-14 14:31:34,579 - INFO - Found 22 potential data rows
2025-04-14 14:31:34,631 - INFO - Extracted: Tempest DX - 25-Nov-24
2025-04-14 14:31:34,631 - INFO - Found funding amount: 3200000
2025-04-14 14:31:34,677 - INFO - Extracted: Trustero - 21-Nov-24
2025-04-14 14:31:34,677 - INFO - Found funding amount: 10350000
2025-04-14 14:31:34,720 - INFO - Extracted: Epic Cleantec - 21-Nov-24
2025-04-14 14:31:34,720 - INFO - Found funding amount: 12000000
2025-04-14 14:31:34,834 - INFO - Extracted: VISO TRUST - 21-Nov-24
2025-04-14 14:31:34,834 - INFO - Found funding amount: 7000000
2025-04-14 14:31:34,887 - INFO - Extracted: Aviz Networks - 21-Nov-24
2025-04-14 14:31:34,887 - INFO - Found funding amount: 17000000
2025-04-14 14:31:34,939 - INFO - Extracted: Arcade - 21-Nov-24
2025-04-14 14:31:34,939 - INFO - Found funding amount: 14000000
2025-04-14 14:31:34,973 - INFO - Extracted: Anomalo - 21-Nov-24
2025-04-14 14:31:34,973 - INFO - Found funding amount: 10000000
2025-04-14 14:31:35,005 - INFO - Extracted: Teleo - 21-Nov-24
2025-04-14 14:31:35,005 - INFO - Found funding amount: 7000000
2025-04-14 14:31:35,034 - INFO - Extracted: Wordware - 21-Nov-24
2025-04-14 14:31:35,034 - INFO - Found funding amount: 30000000
2025-04-14 14:31:35,065 - INFO - Extracted: Aira Technologies - 20-Nov-24
2025-04-14 14:31:35,065 - INFO - Found funding amount: 14500000
2025-04-14 14:31:35,099 - INFO - Extracted: Generate Capital - 20-Nov-24
2025-04-14 14:31:35,099 - INFO - Found funding amount: 1200000000
2025-04-14 14:31:35,135 - INFO - Extracted: Rox - 20-Nov-24
2025-04-14 14:31:35,135 - INFO - Found funding amount: 50000000
2025-04-14 14:31:35,168 - INFO - Extracted: Aethero - 20-Nov-24
2025-04-14 14:31:35,168 - INFO - Found funding amount: 0
2025-04-14 14:31:35,216 - INFO - Extracted: Federato - 20-Nov-24
2025-04-14 14:31:35,216 - INFO - Found funding amount: 40000000
2025-04-14 14:31:35,248 - INFO - Extracted: Distru - 20-Nov-24
2025-04-14 14:31:35,248 - INFO - Found funding amount: 6000000
2025-04-14 14:31:35,310 - INFO - Extracted: THEO AI - 20-Nov-24
2025-04-14 14:31:35,311 - INFO - Found funding amount: 2200000
2025-04-14 14:31:35,345 - INFO - Extracted: Shinami - 20-Nov-24
2025-04-14 14:31:35,345 - INFO - Found funding amount: 5650000
2025-04-14 14:31:35,379 - INFO - Extracted: PostSig - 20-Nov-24
2025-04-14 14:31:35,379 - INFO - Found funding amount: 1200000
2025-04-14 14:31:35,417 - INFO - Extracted: Flywheel Dynamix - 20-Nov-24
2025-04-14 14:31:35,417 - INFO - Found funding amount: 7000000
2025-04-14 14:31:35,449 - INFO - Extracted: New Lantern - 20-Nov-24
2025-04-14 14:31:35,449 - INFO - Found funding amount: 19000000
2025-04-14 14:31:35,449 - INFO - Successfully extracted 20 new companies from page 6
2025-04-14 14:31:35,449 - INFO - Attempting to navigate from page 6
2025-04-14 14:31:41,964 - INFO - JavaScript verification confirmed page changed
2025-04-14 14:31:42,973 - INFO - Extracting data from page 7
2025-04-14 14:31:43,378 - INFO - Trying standard table extraction
2025-04-14 14:31:43,439 - INFO - Found funding amount column at index 6
2025-04-14 14:31:43,444 - INFO - Found headquarters column at index 7
2025-04-14 14:31:43,454 - INFO - Found 22 potential data rows
2025-04-14 14:31:43,500 - INFO - Extracted: Certinia - 19-Nov-24
2025-04-14 14:31:43,500 - INFO - Found funding amount: 0
2025-04-14 14:31:43,533 - INFO - Extracted: Kong - 19-Nov-24
2025-04-14 14:31:43,533 - INFO - Found funding amount: 175000000
2025-04-14 14:31:43,564 - INFO - Extracted: Kintsugi AI - 19-Nov-24
2025-04-14 14:31:43,564 - INFO - Found funding amount: 4000000
2025-04-14 14:31:43,596 - INFO - Extracted: StoreCash - 19-Nov-24
2025-04-14 14:31:43,596 - INFO - Found funding amount: 3700000
2025-04-14 14:31:43,626 - INFO - Extracted: Spectro Cloud - 19-Nov-24
2025-04-14 14:31:43,626 - INFO - Found funding amount: 75000000
2025-04-14 14:31:43,659 - INFO - Extracted: BrightAI - 19-Nov-24
2025-04-14 14:31:43,659 - INFO - Found funding amount: 15000000
2025-04-14 14:31:43,689 - INFO - Extracted: Open Source Wellness - 19-Nov-24
2025-04-14 14:31:43,689 - INFO - Found funding amount: 0
2025-04-14 14:31:43,728 - INFO - Extracted: Neo4j - 19-Nov-24
2025-04-14 14:31:43,728 - INFO - Found funding amount: 50000000
2025-04-14 14:31:43,759 - INFO - Extracted: Rain AI - 19-Nov-24
2025-04-14 14:31:43,759 - INFO - Found funding amount: 150000000
2025-04-14 14:31:43,789 - INFO - Extracted: JustPaid - 19-Nov-24
2025-04-14 14:31:43,789 - INFO - Found funding amount: 3500000
2025-04-14 14:31:43,818 - INFO - Extracted: Cresta - 19-Nov-24
2025-04-14 14:31:43,818 - INFO - Found funding amount: 125000000
2025-04-14 14:31:43,848 - INFO - Extracted: Enfabrica - 19-Nov-24
2025-04-14 14:31:43,849 - INFO - Found funding amount: 115000000
2025-04-14 14:31:43,878 - INFO - Extracted: ANAFLASH - 19-Nov-24
2025-04-14 14:31:43,878 - INFO - Found funding amount: 0
2025-04-14 14:31:43,909 - INFO - Extracted: Open Philanthropy - 18-Nov-24
2025-04-14 14:31:43,909 - INFO - Found funding amount: 0
2025-04-14 14:31:43,940 - INFO - Extracted: California University of Science and Medicine - 18-Nov-24
2025-04-14 14:31:43,940 - INFO - Found funding amount: 0
2025-04-14 14:31:43,969 - INFO - Extracted: Zenflow - 18-Nov-24
2025-04-14 14:31:43,969 - INFO - Found funding amount: 24000000
2025-04-14 14:31:43,999 - INFO - Extracted: Radiant - 14-Nov-24
2025-04-14 14:31:43,999 - INFO - Found funding amount: 100000000
2025-04-14 14:31:44,029 - INFO - Extracted: Athina AI - 14-Nov-24
2025-04-14 14:31:44,029 - INFO - Found funding amount: 250000000
2025-04-14 14:31:44,057 - INFO - Extracted: Team-GPT - 14-Nov-24
2025-04-14 14:31:44,057 - INFO - Found funding amount: 4500000
2025-04-14 14:31:44,087 - INFO - Extracted: Falkonry - 14-Nov-24
2025-04-14 14:31:44,087 - INFO - Found funding amount: 3387133
2025-04-14 14:31:44,087 - INFO - Successfully extracted 20 new companies from page 7
2025-04-14 14:31:44,087 - INFO - Attempting to navigate from page 7
2025-04-14 14:31:50,052 - INFO - JavaScript verification confirmed page changed
2025-04-14 14:31:51,107 - INFO - Extracting data from page 8
2025-04-14 14:31:51,544 - INFO - Trying standard table extraction
2025-04-14 14:31:51,610 - INFO - Found funding amount column at index 6
2025-04-14 14:31:51,615 - INFO - Found headquarters column at index 7
2025-04-14 14:31:51,625 - INFO - Found 22 potential data rows
2025-04-14 14:31:51,672 - INFO - Extracted: Leland - 13-Nov-24
2025-04-14 14:31:51,673 - INFO - Found funding amount: 12000000
2025-04-14 14:31:51,704 - INFO - Extracted: TRex Bio - 13-Nov-24
2025-04-14 14:31:51,704 - INFO - Found funding amount: 84000000
2025-04-14 14:31:51,738 - INFO - Extracted: Medeloop - 13-Nov-24
2025-04-14 14:31:51,738 - INFO - Found funding amount: 15500000
2025-04-14 14:31:51,786 - INFO - Extracted: OneSkin - 13-Nov-24
2025-04-14 14:31:51,786 - INFO - Found funding amount: 6999929
2025-04-14 14:31:51,820 - INFO - Extracted: The WiTT Group - 13-Nov-24
2025-04-14 14:31:51,821 - INFO - Found funding amount: 0
2025-04-14 14:31:51,859 - INFO - Extracted: Riot - 13-Nov-24
2025-04-14 14:31:51,859 - INFO - Found funding amount: 27597597
2025-04-14 14:31:51,890 - INFO - Extracted: Writer - 12-Nov-24
2025-04-14 14:31:51,890 - INFO - Found funding amount: 200000000
2025-04-14 14:31:51,921 - INFO - Extracted: Trace Neuroscience - 12-Nov-24
2025-04-14 14:31:51,921 - INFO - Found funding amount: 101000000
2025-04-14 14:31:51,952 - INFO - Extracted: Fastino - 12-Nov-24
2025-04-14 14:31:51,952 - INFO - Found funding amount: 7000000
2025-04-14 14:31:51,984 - INFO - Extracted: Shiru - 12-Nov-24
2025-04-14 14:31:51,984 - INFO - Found funding amount: 16000000
2025-04-14 14:31:52,014 - INFO - Extracted: Outbuild - 12-Nov-24
2025-04-14 14:31:52,014 - INFO - Found funding amount: 11000000
2025-04-14 14:31:52,045 - INFO - Extracted: Anthrogen - 12-Nov-24
2025-04-14 14:31:52,045 - INFO - Found funding amount: 4000000
2025-04-14 14:31:52,087 - INFO - Extracted: Connecty AI - 11-Nov-24
2025-04-14 14:31:52,087 - INFO - Found funding amount: 1800000
2025-04-14 14:31:52,139 - INFO - Extracted: AirGarage - 8-Nov-24
2025-04-14 14:31:52,140 - INFO - Found funding amount: 11428497
2025-04-14 14:31:52,171 - INFO - Extracted: Fractional - 7-Nov-24
2025-04-14 14:31:52,171 - INFO - Found funding amount: 15000000
2025-04-14 14:31:52,203 - INFO - Extracted: Orbital Sidekick - 7-Nov-24
2025-04-14 14:31:52,203 - INFO - Found funding amount: 8626740
2025-04-14 14:31:52,234 - INFO - Extracted: Corgea - 6-Nov-24
2025-04-14 14:31:52,234 - INFO - Found funding amount: 2600000
2025-04-14 14:31:52,265 - INFO - Extracted: OptraScan - 6-Nov-24
2025-04-14 14:31:52,265 - INFO - Found funding amount: 30000000
2025-04-14 14:31:52,300 - INFO - Extracted: Workhelix - 5-Nov-24
2025-04-14 14:31:52,300 - INFO - Found funding amount: 15324979
2025-04-14 14:31:52,331 - INFO - Extracted: PrognomiQ - 5-Nov-24
2025-04-14 14:31:52,331 - INFO - Found funding amount: 34000000
2025-04-14 14:31:52,331 - INFO - Successfully extracted 20 new companies from page 8
2025-04-14 14:31:52,331 - INFO - Attempting to navigate from page 8
2025-04-14 14:31:58,138 - INFO - JavaScript verification confirmed page changed
2025-04-14 14:31:59,380 - INFO - Extracting data from page 9
2025-04-14 14:32:00,273 - INFO - Trying standard table extraction
2025-04-14 14:32:00,336 - INFO - Found funding amount column at index 6
2025-04-14 14:32:00,342 - INFO - Found headquarters column at index 7
2025-04-14 14:32:00,352 - INFO - Found 22 potential data rows
2025-04-14 14:32:00,404 - INFO - Extracted: Carvis.AI - 4-Nov-24
2025-04-14 14:32:00,404 - INFO - Found funding amount: 1200000
2025-04-14 14:32:00,438 - INFO - Extracted: Inquis Medical - 4-Nov-24
2025-04-14 14:32:00,438 - INFO - Found funding amount: 40000000
2025-04-14 14:32:00,477 - INFO - Extracted: Augment Code - 4-Nov-24
2025-04-14 14:32:00,477 - INFO - Found funding amount: 227000000
2025-04-14 14:32:00,516 - INFO - Extracted: Primergy Solar - 4-Nov-24
2025-04-14 14:32:00,517 - INFO - Found funding amount: 225000000
2025-04-14 14:32:00,552 - INFO - Extracted: Advex AI - 4-Nov-24
2025-04-14 14:32:00,552 - INFO - Found funding amount: 3500000
2025-04-14 14:32:00,589 - INFO - Extracted: The Nursing Beat - 4-Nov-24
2025-04-14 14:32:00,589 - INFO - Found funding amount: 0
2025-04-14 14:32:00,630 - INFO - Extracted: Cornerstone AI - 31-Oct-24
2025-04-14 14:32:00,630 - INFO - Found funding amount: 5000000
2025-04-14 14:32:00,666 - INFO - Extracted: Spot AI - 31-Oct-24
2025-04-14 14:32:00,666 - INFO - Found funding amount: 31000000
2025-04-14 14:32:00,702 - INFO - Extracted: Buddy.ai - 31-Oct-24
2025-04-14 14:32:00,702 - INFO - Found funding amount: 10200000
2025-04-14 14:32:00,738 - INFO - Extracted: Evommune - 31-Oct-24
2025-04-14 14:32:00,738 - INFO - Found funding amount: 115000000
2025-04-14 14:32:00,783 - INFO - Extracted: Bugcrowd - 31-Oct-24
2025-04-14 14:32:00,783 - INFO - Found funding amount: 50000000
2025-04-14 14:32:00,817 - INFO - Extracted: Decart - 31-Oct-24
2025-04-14 14:32:00,817 - INFO - Found funding amount: 21000000
2025-04-14 14:32:00,852 - INFO - Extracted: Birch Creek Development - 31-Oct-24
2025-04-14 14:32:00,853 - INFO - Found funding amount: 150000000
2025-04-14 14:32:00,888 - INFO - Extracted: Shadowbox - 31-Oct-24
2025-04-14 14:32:00,888 - INFO - Found funding amount: 2000000
2025-04-14 14:32:00,924 - INFO - Extracted: Delos Insurance - 31-Oct-24
2025-04-14 14:32:00,924 - INFO - Found funding amount: 9000000
2025-04-14 14:32:00,961 - INFO - Extracted: Bifrost AI - 30-Oct-24
2025-04-14 14:32:00,961 - INFO - Found funding amount: 8000000
2025-04-14 14:32:00,996 - INFO - Extracted: Third Wave Automation - 30-Oct-24
2025-04-14 14:32:00,996 - INFO - Found funding amount: 27000000
2025-04-14 14:32:01,031 - INFO - Extracted: Sapien - 29-Oct-24
2025-04-14 14:32:01,032 - INFO - Found funding amount: 8700000
2025-04-14 14:32:01,070 - INFO - Extracted: HomeBoost - 29-Oct-24
2025-04-14 14:32:01,070 - INFO - Found funding amount: 4000000
2025-04-14 14:32:01,106 - INFO - Extracted: LifeSaver Mobile - 29-Oct-24
2025-04-14 14:32:01,106 - INFO - Found funding amount: 0
2025-04-14 14:32:01,106 - INFO - Successfully extracted 20 new companies from page 9
2025-04-14 14:32:01,106 - INFO - Attempting to navigate from page 9
2025-04-14 14:32:06,722 - INFO - JavaScript verification confirmed page changed
2025-04-14 14:32:07,182 - INFO - Extracting data from page 10
2025-04-14 14:32:08,080 - INFO - Trying standard table extraction
2025-04-14 14:32:08,119 - INFO - Found funding amount column at index 6
2025-04-14 14:32:08,122 - INFO - Found headquarters column at index 7
2025-04-14 14:32:08,130 - INFO - Found 22 potential data rows
2025-04-14 14:32:08,176 - INFO - Extracted: CredibleMind - 29-Oct-24
2025-04-14 14:32:08,176 - INFO - Found funding amount: 7500000
2025-04-14 14:32:08,206 - INFO - Extracted: Opus Guard - 29-Oct-24
2025-04-14 14:32:08,206 - INFO - Found funding amount: 0
2025-04-14 14:32:08,235 - INFO - Extracted: GMI Cloud - 29-Oct-24
2025-04-14 14:32:08,235 - INFO - Found funding amount: 67000000
2025-04-14 14:32:08,265 - INFO - Extracted: Browserbase - 29-Oct-24
2025-04-14 14:32:08,265 - INFO - Found funding amount: 21000000
2025-04-14 14:32:08,295 - INFO - Extracted: Armis Security - 28-Oct-24
2025-04-14 14:32:08,295 - INFO - Found funding amount: 200000000
2025-04-14 14:32:08,325 - INFO - Extracted: Kivu Bioscience - 28-Oct-24
2025-04-14 14:32:08,325 - INFO - Found funding amount: 92000000
2025-04-14 14:32:08,355 - INFO - Extracted: Sierra - 28-Oct-24
2025-04-14 14:32:08,355 - INFO - Found funding amount: 175000000
2025-04-14 14:32:08,385 - INFO - Extracted: Fondo - 28-Oct-24
2025-04-14 14:32:08,385 - INFO - Found funding amount: 7000000
2025-04-14 14:32:08,414 - INFO - Extracted: Abstract Security - 28-Oct-24
2025-04-14 14:32:08,414 - INFO - Found funding amount: 15000000
2025-04-14 14:32:08,444 - INFO - Extracted: Revyl - 28-Oct-24
2025-04-14 14:32:08,444 - INFO - Found funding amount: 1100000
2025-04-14 14:32:08,474 - INFO - Extracted: Pharos - 25-Oct-24
2025-04-14 14:32:08,474 - INFO - Found funding amount: 5000000
2025-04-14 14:32:08,503 - INFO - Extracted: Connect The Dots - 24-Oct-24
2025-04-14 14:32:08,503 - INFO - Found funding amount: 0
2025-04-14 14:32:08,540 - INFO - Extracted: Sociaaal - 24-Oct-24
2025-04-14 14:32:08,540 - INFO - Found funding amount: 4000000
2025-04-14 14:32:08,569 - INFO - Extracted: AnyLog - 24-Oct-24
2025-04-14 14:32:08,569 - INFO - Found funding amount: 3789997
2025-04-14 14:32:08,598 - INFO - Extracted: Concentric AI - 24-Oct-24
2025-04-14 14:32:08,598 - INFO - Found funding amount: 45000000
2025-04-14 14:32:08,628 - INFO - Extracted: PayToMe.co - 24-Oct-24
2025-04-14 14:32:08,628 - INFO - Found funding amount: 0
2025-04-14 14:32:08,657 - INFO - Extracted: Finix - 24-Oct-24
2025-04-14 14:32:08,657 - INFO - Found funding amount: 75000000
2025-04-14 14:32:08,686 - INFO - Extracted: Simbe Robotics - 24-Oct-24
2025-04-14 14:32:08,686 - INFO - Found funding amount: 50000000
2025-04-14 14:32:08,716 - INFO - Extracted: Oloid - 24-Oct-24
2025-04-14 14:32:08,716 - INFO - Found funding amount: 6000000
2025-04-14 14:32:08,746 - INFO - Extracted: Nimble Robotics - 23-Oct-24
2025-04-14 14:32:08,746 - INFO - Found funding amount: 106000000
2025-04-14 14:32:08,746 - INFO - Successfully extracted 20 new companies from page 10
2025-04-14 14:32:08,746 - INFO - Attempting to navigate from page 10
2025-04-14 14:32:14,378 - INFO - JavaScript verification confirmed page changed
2025-04-14 14:32:14,918 - INFO - Extracting data from page 11
2025-04-14 14:32:15,285 - INFO - Trying standard table extraction
2025-04-14 14:32:15,343 - INFO - Found funding amount column at index 6
2025-04-14 14:32:15,349 - INFO - Found headquarters column at index 7
2025-04-14 14:32:15,358 - INFO - Found 22 potential data rows
2025-04-14 14:32:15,404 - INFO - Extracted: Archy - 23-Oct-24
2025-04-14 14:32:15,404 - INFO - Found funding amount: 15000000
2025-04-14 14:32:15,434 - INFO - Extracted: Infinitus Systems - 23-Oct-24
2025-04-14 14:32:15,434 - INFO - Found funding amount: 51500000
2025-04-14 14:32:15,463 - INFO - Extracted: Courie - 23-Oct-24
2025-04-14 14:32:15,463 - INFO - Found funding amount: 3825000
2025-04-14 14:32:15,495 - INFO - Extracted: Anthro Energy - 23-Oct-24
2025-04-14 14:32:15,495 - INFO - Found funding amount: 24900000
2025-04-14 14:32:15,525 - INFO - Extracted: LAWFTY - 23-Oct-24
2025-04-14 14:32:15,525 - INFO - Found funding amount: 40000000
2025-04-14 14:32:15,554 - INFO - Extracted: BodySpec - 22-Oct-24
2025-04-14 14:32:15,554 - INFO - Found funding amount: 3999998
2025-04-14 14:32:15,583 - INFO - Extracted: Nooks - 22-Oct-24
2025-04-14 14:32:15,583 - INFO - Found funding amount: 43000000
2025-04-14 14:32:15,613 - INFO - Extracted: CrewAI - 22-Oct-24
2025-04-14 14:32:15,613 - INFO - Found funding amount: 12000000
2025-04-14 14:32:15,645 - INFO - Extracted: Qpoint - 22-Oct-24
2025-04-14 14:32:15,645 - INFO - Found funding amount: 4000000
2025-04-14 14:32:15,677 - INFO - Extracted: Globality - 22-Oct-24
2025-04-14 14:32:15,677 - INFO - Found funding amount: 47000000
2025-04-14 14:32:15,706 - INFO - Extracted: Socket - 22-Oct-24
2025-04-14 14:32:15,706 - INFO - Found funding amount: 40000000
2025-04-14 14:32:15,735 - INFO - Extracted: Mainspring Energy - 22-Oct-24
2025-04-14 14:32:15,735 - INFO - Found funding amount: 87000000
2025-04-14 14:32:15,766 - INFO - Extracted: interface.ai - 22-Oct-24
2025-04-14 14:32:15,766 - INFO - Found funding amount: 20000000
2025-04-14 14:32:15,796 - INFO - Extracted: Trellis Bioscience - 22-Oct-24
2025-04-14 14:32:15,796 - INFO - Found funding amount: 0
2025-04-14 14:32:15,826 - INFO - Extracted: Revelation Partners - 22-Oct-24
2025-04-14 14:32:15,826 - INFO - Found funding amount: 0
2025-04-14 14:32:15,855 - INFO - Extracted: Genmo - 22-Oct-24
2025-04-14 14:32:15,855 - INFO - Found funding amount: 28400000
2025-04-14 14:32:15,884 - INFO - Extracted: ItsWare - 22-Oct-24
2025-04-14 14:32:15,884 - INFO - Found funding amount: 856464
2025-04-14 14:32:15,921 - INFO - Extracted: Avenue Biosciences - 22-Oct-24
2025-04-14 14:32:15,921 - INFO - Found funding amount: 2500000
2025-04-14 14:32:15,949 - INFO - Extracted: Zip - 21-Oct-24
2025-04-14 14:32:15,949 - INFO - Found funding amount: 190000000
2025-04-14 14:32:15,979 - INFO - Extracted: HealthEx - 21-Oct-24
2025-04-14 14:32:15,979 - INFO - Found funding amount: 14000000
2025-04-14 14:32:15,979 - INFO - Successfully extracted 20 new companies from page 11
2025-04-14 14:32:15,979 - INFO - Attempting to navigate from page 11
2025-04-14 14:32:21,687 - INFO - JavaScript verification confirmed page changed
2025-04-14 14:32:22,540 - INFO - Extracting data from page 12
2025-04-14 14:32:23,682 - INFO - Trying standard table extraction
2025-04-14 14:32:23,741 - INFO - Found funding amount column at index 6
2025-04-14 14:32:23,746 - INFO - Found headquarters column at index 7
2025-04-14 14:32:23,757 - INFO - Found 22 potential data rows
2025-04-14 14:32:23,803 - INFO - Extracted: Uprise - 21-Oct-24
2025-04-14 14:32:23,803 - INFO - Found funding amount: 3300000
2025-04-14 14:32:23,837 - INFO - Extracted: Voxela - 21-Oct-24
2025-04-14 14:32:23,837 - INFO - Found funding amount: 0
2025-04-14 14:32:23,871 - INFO - Extracted: Kick - 17-Oct-24
2025-04-14 14:32:23,871 - INFO - Found funding amount: 9000000
2025-04-14 14:32:23,903 - INFO - Extracted: AN2 Therapeutics - 17-Oct-24
2025-04-14 14:32:23,903 - INFO - Found funding amount: 0
2025-04-14 14:32:23,950 - INFO - Extracted: Terray Therapeutics - 17-Oct-24
2025-04-14 14:32:23,950 - INFO - Found funding amount: 120000000
2025-04-14 14:32:23,987 - INFO - Extracted: Abel Police - 17-Oct-24
2025-04-14 14:32:23,987 - INFO - Found funding amount: 5000000
2025-04-14 14:32:24,018 - INFO - Extracted: Edgee - 17-Oct-24
2025-04-14 14:32:24,018 - INFO - Found funding amount: 2900000
2025-04-14 14:32:24,048 - INFO - Extracted: GetSetUp - 16-Oct-24
2025-04-14 14:32:24,048 - INFO - Found funding amount: 50000
2025-04-14 14:32:24,078 - INFO - Extracted: Samay - 16-Oct-24
2025-04-14 14:32:24,079 - INFO - Found funding amount: 350000
2025-04-14 14:32:24,108 - INFO - Extracted: Kiavi - 16-Oct-24
2025-04-14 14:32:24,108 - INFO - Found funding amount: 400000000
2025-04-14 14:32:24,136 - INFO - Extracted: Tako - 16-Oct-24
2025-04-14 14:32:24,137 - INFO - Found funding amount: 5750000
2025-04-14 14:32:24,175 - INFO - Extracted: Lightmatter - 16-Oct-24
2025-04-14 14:32:24,175 - INFO - Found funding amount: 400000000
2025-04-14 14:32:24,208 - INFO - Extracted: Agtonomy - 16-Oct-24
2025-04-14 14:32:24,208 - INFO - Found funding amount: 10000000
2025-04-14 14:32:24,241 - INFO - Extracted: PyrAmes, Inc. - 15-Oct-24
2025-04-14 14:32:24,241 - INFO - Found funding amount: 50000
2025-04-14 14:32:24,270 - INFO - Extracted: Alchemy - 15-Oct-24
2025-04-14 14:32:24,270 - INFO - Found funding amount: 31000000
2025-04-14 14:32:24,299 - INFO - Extracted: MDisrupt - 15-Oct-24
2025-04-14 14:32:24,299 - INFO - Found funding amount: 1000000
2025-04-14 14:32:24,328 - INFO - Extracted: Galileo - 15-Oct-24
2025-04-14 14:32:24,328 - INFO - Found funding amount: 45000000
2025-04-14 14:32:24,357 - INFO - Extracted: Azra Games - 15-Oct-24
2025-04-14 14:32:24,357 - INFO - Found funding amount: 42700000
2025-04-14 14:32:24,386 - INFO - Extracted: Chargie - 15-Oct-24
2025-04-14 14:32:24,386 - INFO - Found funding amount: 9300000
2025-04-14 14:32:24,415 - INFO - Extracted: Decagon - 15-Oct-24
2025-04-14 14:32:24,415 - INFO - Found funding amount: 65000000
2025-04-14 14:32:24,415 - INFO - Successfully extracted 20 new companies from page 12
2025-04-14 14:32:24,415 - INFO - Attempting to navigate from page 12
2025-04-14 14:32:29,811 - INFO - JavaScript verification confirmed page changed
2025-04-14 14:32:30,979 - INFO - Extracting data from page 13
2025-04-14 14:32:31,656 - INFO - Trying standard table extraction
2025-04-14 14:32:31,714 - INFO - Found funding amount column at index 6
2025-04-14 14:32:31,719 - INFO - Found headquarters column at index 7
2025-04-14 14:32:31,728 - INFO - Found 22 potential data rows
2025-04-14 14:32:31,773 - INFO - Extracted: Concourse - 15-Oct-24
2025-04-14 14:32:31,773 - INFO - Found funding amount: 4700000
2025-04-14 14:32:31,801 - INFO - Extracted: Stockguard - 15-Oct-24
2025-04-14 14:32:31,801 - INFO - Found funding amount: 5999999
2025-04-14 14:32:31,830 - INFO - Extracted: Neuron7.ai - 15-Oct-24
2025-04-14 14:32:31,830 - INFO - Found funding amount: 44000000
2025-04-14 14:32:31,860 - INFO - Extracted: Parakeet Health - 15-Oct-24
2025-04-14 14:32:31,860 - INFO - Found funding amount: 3000000
2025-04-14 14:32:31,889 - INFO - Extracted: Dryvebox - 14-Oct-24
2025-04-14 14:32:31,889 - INFO - Found funding amount: 0
2025-04-14 14:32:31,918 - INFO - Extracted: Blockcast - 14-Oct-24
2025-04-14 14:32:31,918 - INFO - Found funding amount: 2850000
2025-04-14 14:32:31,948 - INFO - Extracted: Cavecrack - 13-Oct-24
2025-04-14 14:32:31,948 - INFO - Found funding amount: 0
2025-04-14 14:32:31,978 - INFO - Extracted: Cerebelly - 10-Oct-24
2025-04-14 14:32:31,978 - INFO - Found funding amount: 3000000
2025-04-14 14:32:32,007 - INFO - Extracted: Suki - 10-Oct-24
2025-04-14 14:32:32,007 - INFO - Found funding amount: 70000000
2025-04-14 14:32:32,036 - INFO - Extracted: CytoVale - 10-Oct-24
2025-04-14 14:32:32,037 - INFO - Found funding amount: 100000000
2025-04-14 14:32:32,067 - INFO - Extracted: Zeal - 10-Oct-24
2025-04-14 14:32:32,067 - INFO - Found funding amount: 15000000
2025-04-14 14:32:32,097 - INFO - Extracted: Vidoc Security Lab - 10-Oct-24
2025-04-14 14:32:32,097 - INFO - Found funding amount: 0
2025-04-14 14:32:32,127 - INFO - Extracted: Relyance AI - 10-Oct-24
2025-04-14 14:32:32,127 - INFO - Found funding amount: 32000000
2025-04-14 14:32:32,158 - INFO - Extracted: Numeric - 10-Oct-24
2025-04-14 14:32:32,158 - INFO - Found funding amount: 28000000
2025-04-14 14:32:32,192 - INFO - Extracted: COVU - 10-Oct-24
2025-04-14 14:32:32,192 - INFO - Found funding amount: 12500000
2025-04-14 14:32:32,221 - INFO - Extracted: ApertureData - 10-Oct-24
2025-04-14 14:32:32,221 - INFO - Found funding amount: 5250000
2025-04-14 14:32:32,251 - INFO - Extracted: MiLaboratories - 10-Oct-24
2025-04-14 14:32:32,251 - INFO - Found funding amount: 10000000
2025-04-14 14:32:32,282 - INFO - Extracted: Glooko - 10-Oct-24
2025-04-14 14:32:32,282 - INFO - Found funding amount: 100000000
2025-04-14 14:32:32,311 - INFO - Extracted: IncumbentFI - 10-Oct-24
2025-04-14 14:32:32,311 - INFO - Found funding amount: 5639687
2025-04-14 14:32:32,343 - INFO - Extracted: Prophecy.io - 10-Oct-24
2025-04-14 14:32:32,343 - INFO - Found funding amount: 38799983
2025-04-14 14:32:32,343 - INFO - Successfully extracted 20 new companies from page 13
2025-04-14 14:32:32,343 - INFO - Attempting to navigate from page 13
2025-04-14 14:32:38,303 - INFO - JavaScript verification confirmed page changed
2025-04-14 14:32:38,784 - INFO - Extracting data from page 14
2025-04-14 14:32:39,297 - INFO - Trying standard table extraction
2025-04-14 14:32:39,355 - INFO - Found funding amount column at index 6
2025-04-14 14:32:39,360 - INFO - Found headquarters column at index 7
2025-04-14 14:32:39,369 - INFO - Found 22 potential data rows
2025-04-14 14:32:39,415 - INFO - Extracted: Sidepit - 10-Oct-24
2025-04-14 14:32:39,415 - INFO - Found funding amount: 0
2025-04-14 14:32:39,444 - INFO - Extracted: Astrix Health - 10-Oct-24
2025-04-14 14:32:39,444 - INFO - Found funding amount: 500000
2025-04-14 14:32:39,472 - INFO - Extracted: CEQAbase - 9-Oct-24
2025-04-14 14:32:39,472 - INFO - Found funding amount: 200000
2025-04-14 14:32:39,502 - INFO - Extracted: SimX - 9-Oct-24
2025-04-14 14:32:39,502 - INFO - Found funding amount: 1250000
2025-04-14 14:32:39,531 - INFO - Extracted: Bigeye - 9-Oct-24
2025-04-14 14:32:39,531 - INFO - Found funding amount: 5000000
2025-04-14 14:32:39,561 - INFO - Extracted: Drawer AI - 9-Oct-24
2025-04-14 14:32:39,561 - INFO - Found funding amount: 5000000
2025-04-14 14:32:39,591 - INFO - Extracted: Vultron - 9-Oct-24
2025-04-14 14:32:39,591 - INFO - Found funding amount: 4850000
2025-04-14 14:32:39,620 - INFO - Extracted: AppShip - 9-Oct-24
2025-04-14 14:32:39,620 - INFO - Found funding amount: 200000
2025-04-14 14:32:39,650 - INFO - Extracted: EvenUp - 8-Oct-24
2025-04-14 14:32:39,650 - INFO - Found funding amount: 135000000
2025-04-14 14:32:39,680 - INFO - Extracted: Tele911 - 8-Oct-24
2025-04-14 14:32:39,680 - INFO - Found funding amount: 6756624
2025-04-14 14:32:39,710 - INFO - Extracted: Kiva AI - 8-Oct-24
2025-04-14 14:32:39,710 - INFO - Found funding amount: 7000000
2025-04-14 14:32:39,739 - INFO - Extracted: Selonterra - 8-Oct-24
2025-04-14 14:32:39,739 - INFO - Found funding amount: 2500000
2025-04-14 14:32:39,769 - INFO - Extracted: Unify - 8-Oct-24
2025-04-14 14:32:39,770 - INFO - Found funding amount: 12000000
2025-04-14 14:32:39,799 - INFO - Extracted: Third Dimension AI - 8-Oct-24
2025-04-14 14:32:39,799 - INFO - Found funding amount: 7000000
2025-04-14 14:32:39,829 - INFO - Extracted: Distributional - 8-Oct-24
2025-04-14 14:32:39,829 - INFO - Found funding amount: 19000000
2025-04-14 14:32:39,858 - INFO - Extracted: Truthset - 8-Oct-24
2025-04-14 14:32:39,858 - INFO - Found funding amount: 5000000
2025-04-14 14:32:39,888 - INFO - Extracted: Stream - 8-Oct-24
2025-04-14 14:32:39,888 - INFO - Found funding amount: 5300000
2025-04-14 14:32:39,918 - INFO - Extracted: InterVene - 7-Oct-24
2025-04-14 14:32:39,918 - INFO - Found funding amount: 13000000
2025-04-14 14:32:39,948 - INFO - Extracted: Treya Partners - 7-Oct-24
2025-04-14 14:32:39,948 - INFO - Found funding amount: 0
2025-04-14 14:32:39,979 - INFO - Extracted: VESSL AI - 7-Oct-24
2025-04-14 14:32:39,979 - INFO - Found funding amount: 12200000
2025-04-14 14:32:39,979 - INFO - Successfully extracted 20 new companies from page 14
2025-04-14 14:32:39,979 - INFO - Attempting to navigate from page 14
2025-04-14 14:32:45,763 - INFO - JavaScript verification confirmed page changed
2025-04-14 14:32:46,653 - INFO - Extracting data from page 15
2025-04-14 14:32:47,328 - INFO - Trying standard table extraction
2025-04-14 14:32:47,388 - INFO - Found funding amount column at index 6
2025-04-14 14:32:47,393 - INFO - Found headquarters column at index 7
2025-04-14 14:32:47,402 - INFO - Found 22 potential data rows
2025-04-14 14:32:47,448 - INFO - Extracted: IOMETE - 7-Oct-24
2025-04-14 14:32:47,448 - INFO - Found funding amount: 0
2025-04-14 14:32:47,478 - INFO - Extracted: Kavia AI - 3-Oct-24
2025-04-14 14:32:47,478 - INFO - Found funding amount: 1000000
2025-04-14 14:32:47,508 - INFO - Extracted: OpenAI - 3-Oct-24
2025-04-14 14:32:47,508 - INFO - Found funding amount: 4000000000
2025-04-14 14:32:47,537 - INFO - Extracted: Paren - 3-Oct-24
2025-04-14 14:32:47,537 - INFO - Found funding amount: 3000000
2025-04-14 14:32:47,567 - INFO - Extracted: Integrated Biosciences - 3-Oct-24
2025-04-14 14:32:47,567 - INFO - Found funding amount: 17200000
2025-04-14 14:32:47,596 - INFO - Extracted: Booksy - 3-Oct-24
2025-04-14 14:32:47,596 - INFO - Found funding amount: 0
2025-04-14 14:32:47,626 - INFO - Extracted: Voyage AI - 3-Oct-24
2025-04-14 14:32:47,626 - INFO - Found funding amount: 20000000
2025-04-14 14:32:47,655 - INFO - Extracted: Valdera - 3-Oct-24
2025-04-14 14:32:47,655 - INFO - Found funding amount: 15000000
2025-04-14 14:32:47,685 - INFO - Extracted: Visolis - 3-Oct-24
2025-04-14 14:32:47,685 - INFO - Found funding amount: 2250000
2025-04-14 14:32:47,714 - INFO - Extracted: GuRu - 2-Oct-24
2025-04-14 14:32:47,714 - INFO - Found funding amount: 0
2025-04-14 14:32:47,743 - INFO - Extracted: Permanent - 2-Oct-24
2025-04-14 14:32:47,743 - INFO - Found funding amount: 3700000
2025-04-14 14:32:47,772 - INFO - Extracted: Poolside - 2-Oct-24
2025-04-14 14:32:47,773 - INFO - Found funding amount: 500000000
2025-04-14 14:32:47,802 - INFO - Extracted: Pallet - 2-Oct-24
2025-04-14 14:32:47,802 - INFO - Found funding amount: 18000000
2025-04-14 14:32:47,831 - INFO - Extracted: Billables AI - 2-Oct-24
2025-04-14 14:32:47,831 - INFO - Found funding amount: 3900000
2025-04-14 14:32:47,860 - INFO - Extracted: Reducto - 2-Oct-24
2025-04-14 14:32:47,860 - INFO - Found funding amount: 8400000
2025-04-14 14:32:47,890 - INFO - Extracted: Arda Therapeutics - 1-Oct-24
2025-04-14 14:32:47,890 - INFO - Found funding amount: 43303366
2025-04-14 14:32:47,919 - INFO - Extracted: Aspect Build - 1-Oct-24
2025-04-14 14:32:47,919 - INFO - Found funding amount: 3000000
2025-04-14 14:32:47,949 - INFO - Extracted: Synedgen - 1-Oct-24
2025-04-14 14:32:47,949 - INFO - Found funding amount: 1750000
2025-04-14 14:32:47,978 - INFO - Extracted: DataPelago - 1-Oct-24
2025-04-14 14:32:47,978 - INFO - Found funding amount: 47000000
2025-04-14 14:32:48,011 - INFO - Extracted: Neeve - 30-Sep-24
2025-04-14 14:32:48,011 - INFO - Found funding amount: 15000000
2025-04-14 14:32:48,011 - INFO - Successfully extracted 20 new companies from page 15
2025-04-14 14:32:48,011 - INFO - Attempting to navigate from page 15
2025-04-14 14:32:54,296 - INFO - JavaScript verification confirmed page changed
2025-04-14 14:32:55,310 - INFO - Extracting data from page 16
2025-04-14 14:32:55,672 - INFO - Trying standard table extraction
2025-04-14 14:32:55,728 - INFO - Found funding amount column at index 6
2025-04-14 14:32:55,733 - INFO - Found headquarters column at index 7
2025-04-14 14:32:55,744 - INFO - Found 22 potential data rows
2025-04-14 14:32:55,791 - INFO - Extracted: Artisan AI - 30-Sep-24
2025-04-14 14:32:55,791 - INFO - Found funding amount: 11500000
2025-04-14 14:32:55,820 - INFO - Extracted: Gladly - 26-Sep-24
2025-04-14 14:32:55,820 - INFO - Found funding amount: 40000000
2025-04-14 14:32:55,849 - INFO - Extracted: PlayWorks - 26-Sep-24
2025-04-14 14:32:55,849 - INFO - Found funding amount: 25000
2025-04-14 14:32:55,878 - INFO - Extracted: Bemi - 26-Sep-24
2025-04-14 14:32:55,878 - INFO - Found funding amount: 309000
2025-04-14 14:32:55,908 - INFO - Extracted: Superb AI - 26-Sep-24
2025-04-14 14:32:55,909 - INFO - Found funding amount: 10200000
2025-04-14 14:32:55,937 - INFO - Extracted: SKY Leasing - 26-Sep-24
2025-04-14 14:32:55,937 - INFO - Found funding amount: 569540000
2025-04-14 14:32:55,966 - INFO - Extracted: AssetHub - 25-Sep-24
2025-04-14 14:32:55,966 - INFO - Found funding amount: 100000000
2025-04-14 14:32:55,996 - INFO - Extracted: Feno - 25-Sep-24
2025-04-14 14:32:55,996 - INFO - Found funding amount: 6000000
2025-04-14 14:32:56,026 - INFO - Extracted: Supabase - 25-Sep-24
2025-04-14 14:32:56,026 - INFO - Found funding amount: 80000000
2025-04-14 14:32:56,054 - INFO - Extracted: Whatfix - 25-Sep-24
2025-04-14 14:32:56,054 - INFO - Found funding amount: 125000000
2025-04-14 14:32:56,083 - INFO - Extracted: SnippetSentry - 25-Sep-24
2025-04-14 14:32:56,083 - INFO - Found funding amount: 500000
2025-04-14 14:32:56,113 - INFO - Extracted: FluidLogic - 24-Sep-24
2025-04-14 14:32:56,113 - INFO - Found funding amount: 15000000
2025-04-14 14:32:56,144 - INFO - Extracted: Distyl AI - 24-Sep-24
2025-04-14 14:32:56,144 - INFO - Found funding amount: 20000000
2025-04-14 14:32:56,173 - INFO - Extracted: Icon Savings Plan - 24-Sep-24
2025-04-14 14:32:56,173 - INFO - Found funding amount: 9200000
2025-04-14 14:32:56,202 - INFO - Extracted: UJET - 24-Sep-24
2025-04-14 14:32:56,202 - INFO - Found funding amount: 76000000
2025-04-14 14:32:56,237 - INFO - Extracted: Anadro - 24-Sep-24
2025-04-14 14:32:56,237 - INFO - Found funding amount: 2516495
2025-04-14 14:32:56,266 - INFO - Extracted: Atlys - 24-Sep-24
2025-04-14 14:32:56,266 - INFO - Found funding amount: 20000000
2025-04-14 14:32:56,295 - INFO - Extracted: Datapad - 24-Sep-24
2025-04-14 14:32:56,295 - INFO - Found funding amount: 0
2025-04-14 14:32:56,324 - INFO - Extracted: Altimate AI - 23-Sep-24
2025-04-14 14:32:56,324 - INFO - Found funding amount: 0
2025-04-14 14:32:56,356 - INFO - Extracted: Harmonic - 23-Sep-24
2025-04-14 14:32:56,356 - INFO - Found funding amount: 75000000
2025-04-14 14:32:56,356 - INFO - Successfully extracted 20 new companies from page 16
2025-04-14 14:32:56,356 - INFO - Attempting to navigate from page 16
2025-04-14 14:33:01,496 - INFO - JavaScript verification confirmed page changed
2025-04-14 14:33:02,037 - INFO - Extracting data from page 17
2025-04-14 14:33:02,774 - INFO - Trying standard table extraction
2025-04-14 14:33:02,820 - INFO - Found funding amount column at index 6
2025-04-14 14:33:02,824 - INFO - Found headquarters column at index 7
2025-04-14 14:33:02,832 - INFO - Found 22 potential data rows
2025-04-14 14:33:02,883 - INFO - Extracted: Genome Medical - 23-Sep-24
2025-04-14 14:33:02,883 - INFO - Found funding amount: 75344304
2025-04-14 14:33:02,914 - INFO - Extracted: Hippocratic AI - 19-Sep-24
2025-04-14 14:33:02,914 - INFO - Found funding amount: 53000000
2025-04-14 14:33:02,943 - INFO - Extracted: Akia - 19-Sep-24
2025-04-14 14:33:02,943 - INFO - Found funding amount: 4999998
2025-04-14 14:33:02,972 - INFO - Extracted: Ferrum Health - 19-Sep-24
2025-04-14 14:33:02,972 - INFO - Found funding amount: 16000000
2025-04-14 14:33:03,002 - INFO - Extracted: Twelve - 19-Sep-24
2025-04-14 14:33:03,002 - INFO - Found funding amount: 400000000
2025-04-14 14:33:03,032 - INFO - Extracted: Aclima - 19-Sep-24
2025-04-14 14:33:03,032 - INFO - Found funding amount: 13000000
2025-04-14 14:33:03,063 - INFO - Extracted: AtoB - 19-Sep-24
2025-04-14 14:33:03,063 - INFO - Found funding amount: 130000000
2025-04-14 14:33:03,097 - INFO - Extracted: Picus Security - 19-Sep-24
2025-04-14 14:33:03,097 - INFO - Found funding amount: 45000000
2025-04-14 14:33:03,126 - INFO - Extracted: Oro Labs - 18-Sep-24
2025-04-14 14:33:03,126 - INFO - Found funding amount: 34000000
2025-04-14 14:33:03,155 - INFO - Extracted: Fal - 18-Sep-24
2025-04-14 14:33:03,155 - INFO - Found funding amount: 14000000
2025-04-14 14:33:03,184 - INFO - Extracted: Mercor - 18-Sep-24
2025-04-14 14:33:03,184 - INFO - Found funding amount: 30000000
2025-04-14 14:33:03,213 - INFO - Extracted: Harvest Thermal - 18-Sep-24
2025-04-14 14:33:03,213 - INFO - Found funding amount: 2000000
2025-04-14 14:33:03,243 - INFO - Extracted: CodePath - 18-Sep-24
2025-04-14 14:33:03,243 - INFO - Found funding amount: 50000000
2025-04-14 14:33:03,271 - INFO - Extracted: Hgen - 17-Sep-24
2025-04-14 14:33:03,271 - INFO - Found funding amount: 5000000
2025-04-14 14:33:03,300 - INFO - Extracted: Orb - 17-Sep-24
2025-04-14 14:33:03,300 - INFO - Found funding amount: 25000000
2025-04-14 14:33:03,330 - INFO - Extracted: Mindtrip - 17-Sep-24
2025-04-14 14:33:03,330 - INFO - Found funding amount: 12000000
2025-04-14 14:33:03,359 - INFO - Extracted: Futuro Health - 17-Sep-24
2025-04-14 14:33:03,359 - INFO - Found funding amount: 10200000
2025-04-14 14:33:03,389 - INFO - Extracted: Prof Jim - 17-Sep-24
2025-04-14 14:33:03,389 - INFO - Found funding amount: 1500000
2025-04-14 14:33:03,418 - INFO - Extracted: TeamBridge - 16-Sep-24
2025-04-14 14:33:03,418 - INFO - Found funding amount: 28000000
2025-04-14 14:33:03,450 - INFO - Extracted: World Labs - 13-Sep-24
2025-04-14 14:33:03,450 - INFO - Found funding amount: 230000000
2025-04-14 14:33:03,450 - INFO - Successfully extracted 20 new companies from page 17
2025-04-14 14:33:03,450 - INFO - Attempting to navigate from page 17
2025-04-14 14:33:09,388 - INFO - JavaScript verification confirmed page changed
2025-04-14 14:33:10,642 - INFO - Extracting data from page 18
2025-04-14 14:33:11,456 - INFO - Trying standard table extraction
2025-04-14 14:33:11,514 - INFO - Found funding amount column at index 6
2025-04-14 14:33:11,519 - INFO - Found headquarters column at index 7
2025-04-14 14:33:11,529 - INFO - Found 22 potential data rows
2025-04-14 14:33:11,573 - INFO - Extracted: Operant - 12-Sep-24
2025-04-14 14:33:11,573 - INFO - Found funding amount: 10000000
2025-04-14 14:33:11,602 - INFO - Extracted: Bounti.ai - 12-Sep-24
2025-04-14 14:33:11,602 - INFO - Found funding amount: 16000000
2025-04-14 14:33:11,631 - INFO - Extracted: Connectly.ai - 11-Sep-24
2025-04-14 14:33:11,631 - INFO - Found funding amount: 20000000
2025-04-14 14:33:11,660 - INFO - Extracted: Nostra AI - 11-Sep-24
2025-04-14 14:33:11,661 - INFO - Found funding amount: 8900000
2025-04-14 14:33:11,691 - INFO - Extracted: Candid Health - 11-Sep-24
2025-04-14 14:33:11,691 - INFO - Found funding amount: 29000000
2025-04-14 14:33:11,722 - INFO - Extracted: Polly - 10-Sep-24
2025-04-14 14:33:11,723 - INFO - Found funding amount: 25000000
2025-04-14 14:33:11,753 - INFO - Extracted: Glean - 10-Sep-24
2025-04-14 14:33:11,753 - INFO - Found funding amount: 260000000
2025-04-14 14:33:11,785 - INFO - Extracted: Reshape Automation - 10-Sep-24
2025-04-14 14:33:11,785 - INFO - Found funding amount: 5000000
2025-04-14 14:33:11,816 - INFO - Extracted: Infinium - 10-Sep-24
2025-04-14 14:33:11,816 - INFO - Found funding amount: 0
2025-04-14 14:33:11,846 - INFO - Extracted: Blended Technologies - 10-Sep-24
2025-04-14 14:33:11,846 - INFO - Found funding amount: 2500000
2025-04-14 14:33:11,876 - INFO - Extracted: AttoTude - 10-Sep-24
2025-04-14 14:33:11,876 - INFO - Found funding amount: 29000000
2025-04-14 14:33:11,906 - INFO - Extracted: Neurona Therapeutics - 10-Sep-24
2025-04-14 14:33:11,906 - INFO - Found funding amount: 3800000
2025-04-14 14:33:11,935 - INFO - Extracted: P0 Security - 10-Sep-24
2025-04-14 14:33:11,935 - INFO - Found funding amount: 15000000
2025-04-14 14:33:11,965 - INFO - Extracted: PIN AI - 9-Sep-24
2025-04-14 14:33:11,965 - INFO - Found funding amount: 10000000
2025-04-14 14:33:11,995 - INFO - Extracted: Race - 9-Sep-24
2025-04-14 14:33:11,995 - INFO - Found funding amount: 375000000
2025-04-14 14:33:12,025 - INFO - Extracted: OrsoBio - 6-Sep-24
2025-04-14 14:33:12,025 - INFO - Found funding amount: 67000000
2025-04-14 14:33:12,054 - INFO - Extracted: DubClub - 5-Sep-24
2025-04-14 14:33:12,054 - INFO - Found funding amount: 7500000
2025-04-14 14:33:12,084 - INFO - Extracted: Thatch - 5-Sep-24
2025-04-14 14:33:12,084 - INFO - Found funding amount: 38000000
2025-04-14 14:33:12,114 - INFO - Extracted: Drip Capital - 5-Sep-24
2025-04-14 14:33:12,114 - INFO - Found funding amount: 90000000
2025-04-14 14:33:12,146 - INFO - Extracted: Acuvity - 5-Sep-24
2025-04-14 14:33:12,146 - INFO - Found funding amount: 9000000
2025-04-14 14:33:12,146 - INFO - Successfully extracted 20 new companies from page 18
2025-04-14 14:33:12,146 - INFO - Attempting to navigate from page 18
2025-04-14 14:33:17,562 - INFO - JavaScript verification confirmed page changed
2025-04-14 14:33:18,573 - INFO - Extracting data from page 19
2025-04-14 14:33:19,113 - INFO - Trying standard table extraction
2025-04-14 14:33:19,172 - INFO - Found funding amount column at index 6
2025-04-14 14:33:19,177 - INFO - Found headquarters column at index 7
2025-04-14 14:33:19,186 - INFO - Found 22 potential data rows
2025-04-14 14:33:19,231 - INFO - Extracted: Portex - 5-Sep-24
2025-04-14 14:33:19,231 - INFO - Found funding amount: 6250000
2025-04-14 14:33:19,261 - INFO - Extracted: Agree.com - 5-Sep-24
2025-04-14 14:33:19,261 - INFO - Found funding amount: 3000000
2025-04-14 14:33:19,290 - INFO - Extracted: Fiddler AI - 5-Sep-24
2025-04-14 14:33:19,290 - INFO - Found funding amount: 18949994
2025-04-14 14:33:19,324 - INFO - Extracted: Cortex - 4-Sep-24
2025-04-14 14:33:19,324 - INFO - Found funding amount: 60000000
2025-04-14 14:33:19,353 - INFO - Extracted: ArsenalBio - 4-Sep-24
2025-04-14 14:33:19,353 - INFO - Found funding amount: 325000000
2025-04-14 14:33:19,381 - INFO - Extracted: Ceres Imaging - 4-Sep-24
2025-04-14 14:33:19,381 - INFO - Found funding amount: 0
2025-04-14 14:33:19,410 - INFO - Extracted: Venova Medical - 4-Sep-24
2025-04-14 14:33:19,410 - INFO - Found funding amount: 30000000
2025-04-14 14:33:19,439 - INFO - Extracted: Climax Foods - 4-Sep-24
2025-04-14 14:33:19,439 - INFO - Found funding amount: 0
2025-04-14 14:33:19,468 - INFO - Extracted: Flex - 4-Sep-24
2025-04-14 14:33:19,468 - INFO - Found funding amount: 3200000
2025-04-14 14:33:19,498 - INFO - Extracted: Circle Pharma - 3-Sep-24
2025-04-14 14:33:19,498 - INFO - Found funding amount: 90000000
2025-04-14 14:33:19,527 - INFO - Extracted: Segmed - 3-Sep-24
2025-04-14 14:33:19,527 - INFO - Found funding amount: 10400000
2025-04-14 14:33:19,556 - INFO - Extracted: Linea Energy - 3-Sep-24
2025-04-14 14:33:19,556 - INFO - Found funding amount: 145000000
2025-04-14 14:33:19,585 - INFO - Extracted: Gainful - 3-Sep-24
2025-04-14 14:33:19,585 - INFO - Found funding amount: 0
2025-04-14 14:33:19,615 - INFO - Extracted: Mintlify - 3-Sep-24
2025-04-14 14:33:19,615 - INFO - Found funding amount: 18500000
2025-04-14 14:33:19,644 - INFO - Extracted: Magic Lifescience - 3-Sep-24
2025-04-14 14:33:19,645 - INFO - Found funding amount: 163398
2025-04-14 14:33:19,673 - INFO - Extracted: Approveit - 2-Sep-24
2025-04-14 14:33:19,673 - INFO - Found funding amount: 1000000
2025-04-14 14:33:19,702 - INFO - Extracted: Weeknd - 1-Sep-24
2025-04-14 14:33:19,702 - INFO - Found funding amount: 0
2025-04-14 14:33:19,731 - INFO - Extracted: Crafty Apes - 30-Aug-24
2025-04-14 14:33:19,731 - INFO - Found funding amount: 0
2025-04-14 14:33:19,761 - INFO - Extracted: Codeium - 29-Aug-24
2025-04-14 14:33:19,761 - INFO - Found funding amount: 150000000
2025-04-14 14:33:19,793 - INFO - Extracted: MIRIS - 29-Aug-24
2025-04-14 14:33:19,793 - INFO - Found funding amount: 26000000
2025-04-14 14:33:19,793 - INFO - Successfully extracted 20 new companies from page 19
2025-04-14 14:33:19,793 - INFO - Attempting to navigate from page 19
2025-04-14 14:33:26,093 - INFO - JavaScript verification confirmed page changed
2025-04-14 14:33:27,016 - INFO - Extracting data from page 20
2025-04-14 14:33:28,229 - INFO - Trying standard table extraction
2025-04-14 14:33:28,288 - INFO - Found funding amount column at index 6
2025-04-14 14:33:28,293 - INFO - Found headquarters column at index 7
2025-04-14 14:33:28,302 - INFO - Found 22 potential data rows
2025-04-14 14:33:28,346 - INFO - Extracted: nOps - 28-Aug-24
2025-04-14 14:33:28,346 - INFO - Found funding amount: 30000000
2025-04-14 14:33:28,376 - INFO - Extracted: Uplift Labs - 28-Aug-24
2025-04-14 14:33:28,376 - INFO - Found funding amount: 2100000
2025-04-14 14:33:28,406 - INFO - Extracted: Opus Clip - 28-Aug-24
2025-04-14 14:33:28,406 - INFO - Found funding amount: 30000000
2025-04-14 14:33:28,435 - INFO - Extracted: Bland AI - 28-Aug-24
2025-04-14 14:33:28,435 - INFO - Found funding amount: 16000000
2025-04-14 14:33:28,464 - INFO - Extracted: Noetik - 28-Aug-24
2025-04-14 14:33:28,464 - INFO - Found funding amount: 40000000
2025-04-14 14:33:28,494 - INFO - Extracted: Inventive AI - 28-Aug-24
2025-04-14 14:33:28,495 - INFO - Found funding amount: 4000000
2025-04-14 14:33:28,524 - INFO - Extracted: Linker Finance - 27-Aug-24
2025-04-14 14:33:28,524 - INFO - Found funding amount: 3700000
2025-04-14 14:33:28,553 - INFO - Extracted: ProhostAI - 27-Aug-24
2025-04-14 14:33:28,553 - INFO - Found funding amount: 1465000
2025-04-14 14:33:28,583 - INFO - Extracted: Cribl - 27-Aug-24
2025-04-14 14:33:28,583 - INFO - Found funding amount: 200000000
2025-04-14 14:33:28,612 - INFO - Extracted: Gameplay Galaxy - 27-Aug-24
2025-04-14 14:33:28,612 - INFO - Found funding amount: 11170000
2025-04-14 14:33:28,642 - INFO - Extracted: Spire Global - 27-Aug-24
2025-04-14 14:33:28,642 - INFO - Found funding amount: 3500000
2025-04-14 14:33:28,672 - INFO - Extracted: Fleet - 27-Aug-24
2025-04-14 14:33:28,672 - INFO - Found funding amount: 2500000
2025-04-14 14:33:28,702 - INFO - Extracted: just words - 27-Aug-24
2025-04-14 14:33:28,702 - INFO - Found funding amount: 1700000
2025-04-14 14:33:28,732 - INFO - Extracted: Planera - 27-Aug-24
2025-04-14 14:33:28,732 - INFO - Found funding amount: 13500000
2025-04-14 14:33:28,762 - INFO - Extracted: Clearway Energy Group - 26-Aug-24
2025-04-14 14:33:28,762 - INFO - Found funding amount: 550000000
2025-04-14 14:33:28,792 - INFO - Extracted: Tavoro - 26-Aug-24
2025-04-14 14:33:28,792 - INFO - Found funding amount: 2500000
2025-04-14 14:33:28,821 - INFO - Extracted: Accession Risk Management Group - 22-Aug-24
2025-04-14 14:33:28,821 - INFO - Found funding amount: 1000000000
2025-04-14 14:33:28,851 - INFO - Extracted: Openwater - 22-Aug-24
2025-04-14 14:33:28,851 - INFO - Found funding amount: 54000000
2025-04-14 14:33:28,880 - INFO - Extracted: Scale AI - 21-Aug-24
2025-04-14 14:33:28,880 - INFO - Found funding amount: 1000000000
2025-04-14 14:33:28,913 - INFO - Extracted: Kodiak Robotics - 21-Aug-24
2025-04-14 14:33:28,913 - INFO - Found funding amount: 0
2025-04-14 14:33:28,913 - INFO - Successfully extracted 20 new companies from page 20
2025-04-14 14:33:28,913 - INFO - Attempting to navigate from page 20
2025-04-14 14:33:34,266 - INFO - JavaScript verification confirmed page changed
2025-04-14 14:33:34,872 - INFO - Extracting data from page 21
2025-04-14 14:33:35,720 - INFO - Trying standard table extraction
2025-04-14 14:33:35,782 - INFO - Found funding amount column at index 6
2025-04-14 14:33:35,786 - INFO - Found headquarters column at index 7
2025-04-14 14:33:35,796 - INFO - Found 22 potential data rows
2025-04-14 14:33:35,841 - INFO - Extracted: Qualified Digital - 21-Aug-24
2025-04-14 14:33:35,841 - INFO - Found funding amount: 0
2025-04-14 14:33:35,871 - INFO - Extracted: Skyfire Systems - 21-Aug-24
2025-04-14 14:33:35,872 - INFO - Found funding amount: 8500000
2025-04-14 14:33:35,904 - INFO - Extracted: XII Medical - 21-Aug-24
2025-04-14 14:33:35,904 - INFO - Found funding amount: 45000000
2025-04-14 14:33:35,935 - INFO - Extracted: Piramidal - 21-Aug-24
2025-04-14 14:33:35,935 - INFO - Found funding amount: 6000000
2025-04-14 14:33:35,966 - INFO - Extracted: Lettuce Financial - 21-Aug-24
2025-04-14 14:33:35,967 - INFO - Found funding amount: 15000000
2025-04-14 14:33:35,999 - INFO - Extracted: Enteligent - 20-Aug-24
2025-04-14 14:33:36,000 - INFO - Found funding amount: 6000000
2025-04-14 14:33:36,045 - INFO - Extracted: Starpath Robotics - 20-Aug-24
2025-04-14 14:33:36,045 - INFO - Found funding amount: 12000000
2025-04-14 14:33:36,080 - INFO - Extracted: Kubiya.ai - 20-Aug-24
2025-04-14 14:33:36,080 - INFO - Found funding amount: 6000000
2025-04-14 14:33:36,113 - INFO - Extracted: Marathon Fusion - 20-Aug-24
2025-04-14 14:33:36,113 - INFO - Found funding amount: 5900000
2025-04-14 14:33:36,164 - INFO - Extracted: Pangeam Inc. - 20-Aug-24
2025-04-14 14:33:36,164 - INFO - Found funding amount: 2750000
2025-04-14 14:33:36,198 - INFO - Extracted: Eppo - 20-Aug-24
2025-04-14 14:33:36,198 - INFO - Found funding amount: 28000000
2025-04-14 14:33:36,230 - INFO - Extracted: Fortera - 20-Aug-24
2025-04-14 14:33:36,230 - INFO - Found funding amount: 85000000
2025-04-14 14:33:36,263 - INFO - Extracted: Exin Health - 19-Aug-24
2025-04-14 14:33:36,263 - INFO - Found funding amount: 0
2025-04-14 14:33:36,294 - INFO - Extracted: Fabric Cryptography - 19-Aug-24
2025-04-14 14:33:36,294 - INFO - Found funding amount: 33000000
2025-04-14 14:33:36,326 - INFO - Extracted: Ensemble AI - 15-Aug-24
2025-04-14 14:33:36,326 - INFO - Found funding amount: 3300000
2025-04-14 14:33:36,358 - INFO - Extracted: Era Finance - 15-Aug-24
2025-04-14 14:33:36,358 - INFO - Found funding amount: 9362409
2025-04-14 14:33:36,388 - INFO - Extracted: Kiteworks - 14-Aug-24
2025-04-14 14:33:36,389 - INFO - Found funding amount: 456000000
2025-04-14 14:33:36,419 - INFO - Extracted: nunu.ai - 14-Aug-24
2025-04-14 14:33:36,419 - INFO - Found funding amount: 2000000
2025-04-14 14:33:36,449 - INFO - Extracted: Moximed - 13-Aug-24
2025-04-14 14:33:36,449 - INFO - Found funding amount: 61000000
2025-04-14 14:33:36,483 - INFO - Extracted: Guidewheel - 13-Aug-24
2025-04-14 14:33:36,483 - INFO - Found funding amount: 31000000
2025-04-14 14:33:36,483 - INFO - Successfully extracted 20 new companies from page 21
2025-04-14 14:33:36,483 - INFO - Attempting to navigate from page 21
2025-04-14 14:33:42,012 - INFO - JavaScript verification confirmed page changed
2025-04-14 14:33:43,166 - INFO - Extracting data from page 22
2025-04-14 14:33:43,705 - INFO - Trying standard table extraction
2025-04-14 14:33:43,752 - INFO - Found funding amount column at index 6
2025-04-14 14:33:43,764 - INFO - Found headquarters column at index 7
2025-04-14 14:33:43,775 - INFO - Found 22 potential data rows
2025-04-14 14:33:43,823 - INFO - Extracted: Cision Vision - 13-Aug-24
2025-04-14 14:33:43,823 - INFO - Found funding amount: 22300000
2025-04-14 14:33:43,934 - INFO - Extracted: PayZen - 13-Aug-24
2025-04-14 14:33:43,935 - INFO - Found funding amount: 200000000
2025-04-14 14:33:44,085 - INFO - Extracted: Voltera - 13-Aug-24
2025-04-14 14:33:44,085 - INFO - Found funding amount: 100000000
2025-04-14 14:33:44,126 - INFO - Extracted: HeatMap, Inc - 13-Aug-24
2025-04-14 14:33:44,126 - INFO - Found funding amount: 4000000
2025-04-14 14:33:44,161 - INFO - Extracted: Cosine - 12-Aug-24
2025-04-14 14:33:44,161 - INFO - Found funding amount: 2500000
2025-04-14 14:33:44,197 - INFO - Extracted: DevRev - 9-Aug-24
2025-04-14 14:33:44,197 - INFO - Found funding amount: 100825173
2025-04-14 14:33:44,231 - INFO - Extracted: Double - 9-Aug-24
2025-04-14 14:33:44,232 - INFO - Found funding amount: 500000
2025-04-14 14:33:44,268 - INFO - Extracted: Brisk Teaching - 9-Aug-24
2025-04-14 14:33:44,268 - INFO - Found funding amount: 6899995
2025-04-14 14:33:44,316 - INFO - Extracted: Feeling Great - 8-Aug-24
2025-04-14 14:33:44,316 - INFO - Found funding amount: 8000000
2025-04-14 14:33:44,359 - INFO - Extracted: Reforged Labs - 8-Aug-24
2025-04-14 14:33:44,359 - INFO - Found funding amount: 3900000
2025-04-14 14:33:44,402 - INFO - Extracted: Opal - 8-Aug-24
2025-04-14 14:33:44,402 - INFO - Found funding amount: 60000000
2025-04-14 14:33:44,438 - INFO - Extracted: Switchback Systems - 8-Aug-24
2025-04-14 14:33:44,438 - INFO - Found funding amount: 10088281
2025-04-14 14:33:44,476 - INFO - Extracted: Bardeen - 8-Aug-24
2025-04-14 14:33:44,476 - INFO - Found funding amount: 3000000
2025-04-14 14:33:44,526 - INFO - Extracted: Bryte - 8-Aug-24
2025-04-14 14:33:44,526 - INFO - Found funding amount: 1000000
2025-04-14 14:33:44,615 - INFO - Extracted: Ionetix - 7-Aug-24
2025-04-14 14:33:44,619 - INFO - Found funding amount: 0
2025-04-14 14:33:44,692 - INFO - Extracted: Anjuna - 7-Aug-24
2025-04-14 14:33:44,693 - INFO - Found funding amount: 25000000
2025-04-14 14:33:44,733 - INFO - Extracted: Flow - 7-Aug-24
2025-04-14 14:33:44,733 - INFO - Found funding amount: 6000000
2025-04-14 14:33:44,776 - INFO - Extracted: Napkin AI - 7-Aug-24
2025-04-14 14:33:44,776 - INFO - Found funding amount: 10000000
2025-04-14 14:33:44,851 - INFO - Extracted: Datch - 7-Aug-24
2025-04-14 14:33:44,851 - INFO - Found funding amount: 15000000
2025-04-14 14:33:44,902 - INFO - Extracted: Greptime - 7-Aug-24
2025-04-14 14:33:44,902 - INFO - Found funding amount: 0
2025-04-14 14:33:44,902 - INFO - Successfully extracted 20 new companies from page 22
2025-04-14 14:33:44,902 - INFO - Attempting to navigate from page 22
2025-04-14 14:33:51,159 - INFO - JavaScript verification confirmed page changed
2025-04-14 14:33:51,889 - INFO - Extracting data from page 23
2025-04-14 14:33:52,715 - INFO - Trying standard table extraction
2025-04-14 14:33:52,778 - INFO - Found funding amount column at index 6
2025-04-14 14:33:52,788 - INFO - Found headquarters column at index 7
2025-04-14 14:33:52,798 - INFO - Found 22 potential data rows
2025-04-14 14:33:52,849 - INFO - Extracted: Sundial - 6-Aug-24
2025-04-14 14:33:52,849 - INFO - Found funding amount: 23348218
2025-04-14 14:33:52,883 - INFO - Extracted: Mechanical Orchard - 6-Aug-24
2025-04-14 14:33:52,883 - INFO - Found funding amount: 50000000
2025-04-14 14:33:52,916 - INFO - Extracted: MentalHappy - 6-Aug-24
2025-04-14 14:33:52,916 - INFO - Found funding amount: 500000
2025-04-14 14:33:52,947 - INFO - Extracted: Abnormal Security - 6-Aug-24
2025-04-14 14:33:52,948 - INFO - Found funding amount: 250000000
2025-04-14 14:33:52,977 - INFO - Extracted: Climatize - 6-Aug-24
2025-04-14 14:33:52,977 - INFO - Found funding amount: 1750000
2025-04-14 14:33:53,006 - INFO - Extracted: Shinobi Therapeutics - 6-Aug-24
2025-04-14 14:33:53,006 - INFO - Found funding amount: 68000000
2025-04-14 14:33:53,043 - INFO - Extracted: Curio Research - 6-Aug-24
2025-04-14 14:33:53,043 - INFO - Found funding amount: 5700000
2025-04-14 14:33:53,095 - INFO - Extracted: Muon Space - 5-Aug-24
2025-04-14 14:33:53,095 - INFO - Found funding amount: 56703744
2025-04-14 14:33:53,129 - INFO - Extracted: Groq - 5-Aug-24
2025-04-14 14:33:53,129 - INFO - Found funding amount: 640000000
2025-04-14 14:33:53,162 - INFO - Extracted: AutoComplete - 5-Aug-24
2025-04-14 14:33:53,162 - INFO - Found funding amount: 0
2025-04-14 14:33:53,193 - INFO - Extracted: Solarcycle - 1-Aug-24
2025-04-14 14:33:53,193 - INFO - Found funding amount: 31629998
2025-04-14 14:33:53,223 - INFO - Extracted: Hedra - 1-Aug-24
2025-04-14 14:33:53,223 - INFO - Found funding amount: 10000000
2025-04-14 14:33:53,254 - INFO - Extracted: Skillfully - 1-Aug-24
2025-04-14 14:33:53,254 - INFO - Found funding amount: 2500000
2025-04-14 14:33:53,286 - INFO - Extracted: Global Predictions - 1-Aug-24
2025-04-14 14:33:53,286 - INFO - Found funding amount: 2000000
2025-04-14 14:33:53,317 - INFO - Extracted: Tezi - 31-Jul-24
2025-04-14 14:33:53,317 - INFO - Found funding amount: 9000000
2025-04-14 14:33:53,347 - INFO - Extracted: Thumbtack - 31-Jul-24
2025-04-14 14:33:53,347 - INFO - Found funding amount: 75000000
2025-04-14 14:33:53,377 - INFO - Extracted: Swords to Plowshares - 31-Jul-24
2025-04-14 14:33:53,377 - INFO - Found funding amount: 0
2025-04-14 14:33:53,407 - INFO - Extracted: Ema - 31-Jul-24
2025-04-14 14:33:53,408 - INFO - Found funding amount: 36000000
2025-04-14 14:33:53,440 - INFO - Extracted: Endari - 31-Jul-24
2025-04-14 14:33:53,440 - INFO - Found funding amount: 4000000
2025-04-14 14:33:53,484 - INFO - Extracted: Streamkap - 31-Jul-24
2025-04-14 14:33:53,485 - INFO - Found funding amount: 3300000
2025-04-14 14:33:53,485 - INFO - Successfully extracted 20 new companies from page 23
2025-04-14 14:33:53,485 - INFO - Attempting to navigate from page 23
2025-04-14 14:33:59,170 - INFO - JavaScript verification confirmed page changed
2025-04-14 14:33:59,701 - INFO - Extracting data from page 24
2025-04-14 14:34:00,563 - INFO - Trying standard table extraction
2025-04-14 14:34:00,623 - INFO - Found funding amount column at index 6
2025-04-14 14:34:00,629 - INFO - Found headquarters column at index 7
2025-04-14 14:34:00,640 - INFO - Found 22 potential data rows
2025-04-14 14:34:00,686 - INFO - Extracted: Rhombus Systems - 30-Jul-24
2025-04-14 14:34:00,686 - INFO - Found funding amount: 45000000
2025-04-14 14:34:00,716 - INFO - Extracted: Credo AI - 30-Jul-24
2025-04-14 14:34:00,716 - INFO - Found funding amount: 21000000
2025-04-14 14:34:00,749 - INFO - Extracted: Montara Therapeutics - 30-Jul-24
2025-04-14 14:34:00,749 - INFO - Found funding amount: 8000000
2025-04-14 14:34:00,780 - INFO - Extracted: Haus - 30-Jul-24
2025-04-14 14:34:00,780 - INFO - Found funding amount: 20000000
2025-04-14 14:34:00,810 - INFO - Extracted: Sybill AI - 30-Jul-24
2025-04-14 14:34:00,810 - INFO - Found funding amount: 11000000
2025-04-14 14:34:00,841 - INFO - Extracted: Aviato - 30-Jul-24
2025-04-14 14:34:00,841 - INFO - Found funding amount: 0
2025-04-14 14:34:00,872 - INFO - Extracted: LTZ Therapeutics - 30-Jul-24
2025-04-14 14:34:00,872 - INFO - Found funding amount: 20000000
2025-04-14 14:34:00,916 - INFO - Extracted: unspun - 29-Jul-24
2025-04-14 14:34:00,916 - INFO - Found funding amount: 32000000
2025-04-14 14:34:00,952 - INFO - Extracted: OnSight - 29-Jul-24
2025-04-14 14:34:00,952 - INFO - Found funding amount: 0
2025-04-14 14:34:00,986 - INFO - Extracted: Rillet - 29-Jul-24
2025-04-14 14:34:00,986 - INFO - Found funding amount: 13500000
2025-04-14 14:34:01,016 - INFO - Extracted: ReviR Therapeutics - 26-Jul-24
2025-04-14 14:34:01,016 - INFO - Found funding amount: 30000000
2025-04-14 14:34:01,046 - INFO - Extracted: Cowbell - 26-Jul-24
2025-04-14 14:34:01,046 - INFO - Found funding amount: 60000000
2025-04-14 14:34:01,077 - INFO - Extracted: Imperative Care - 25-Jul-24
2025-04-14 14:34:01,077 - INFO - Found funding amount: 150000000
2025-04-14 14:34:01,107 - INFO - Extracted: IntelePeer - 25-Jul-24
2025-04-14 14:34:01,107 - INFO - Found funding amount: 140000000
2025-04-14 14:34:01,137 - INFO - Extracted: EtherWhere - 25-Jul-24
2025-04-14 14:34:01,137 - INFO - Found funding amount: 16300000
2025-04-14 14:34:01,167 - INFO - Extracted: InnerPlant - 25-Jul-24
2025-04-14 14:34:01,167 - INFO - Found funding amount: 30000000
2025-04-14 14:34:01,205 - INFO - Extracted: Vanta - 24-Jul-24
2025-04-14 14:34:01,205 - INFO - Found funding amount: 150000000
2025-04-14 14:34:01,235 - INFO - Extracted: Recurrent Energy - 24-Jul-24
2025-04-14 14:34:01,235 - INFO - Found funding amount: 50000000
2025-04-14 14:34:01,267 - INFO - Extracted: Dazz - 24-Jul-24
2025-04-14 14:34:01,267 - INFO - Found funding amount: 50000000
2025-04-14 14:34:01,307 - INFO - Extracted: Sound Health - 24-Jul-24
2025-04-14 14:34:01,308 - INFO - Found funding amount: 7000000
2025-04-14 14:34:01,308 - INFO - Successfully extracted 20 new companies from page 24
2025-04-14 14:34:01,308 - INFO - Attempting to navigate from page 24
2025-04-14 14:34:07,202 - INFO - JavaScript verification confirmed page changed
2025-04-14 14:34:07,766 - INFO - Extracting data from page 25
2025-04-14 14:34:08,577 - INFO - Trying standard table extraction
2025-04-14 14:34:08,637 - INFO - Found funding amount column at index 6
2025-04-14 14:34:08,642 - INFO - Found headquarters column at index 7
2025-04-14 14:34:08,651 - INFO - Found 22 potential data rows
2025-04-14 14:34:08,696 - INFO - Extracted: Hume Supernatural - 24-Jul-24
2025-04-14 14:34:08,697 - INFO - Found funding amount: 200000
2025-04-14 14:34:08,726 - INFO - Extracted: Blumen Systems - 24-Jul-24
2025-04-14 14:34:08,726 - INFO - Found funding amount: 6385989
2025-04-14 14:34:08,757 - INFO - Extracted: Lakera AI - 24-Jul-24
2025-04-14 14:34:08,757 - INFO - Found funding amount: 20000000
2025-04-14 14:34:08,799 - INFO - Extracted: Astranis - 24-Jul-24
2025-04-14 14:34:08,799 - INFO - Found funding amount: 200000000
2025-04-14 14:34:08,830 - INFO - Extracted: Joy - 24-Jul-24
2025-04-14 14:34:08,830 - INFO - Found funding amount: 10000000
2025-04-14 14:34:08,861 - INFO - Extracted: Caldera - 24-Jul-24
2025-04-14 14:34:08,861 - INFO - Found funding amount: 15000000
2025-04-14 14:34:08,891 - INFO - Extracted: IncellDx - 23-Jul-24
2025-04-14 14:34:08,891 - INFO - Found funding amount: 500000
2025-04-14 14:34:08,922 - INFO - Extracted: Powder - 23-Jul-24
2025-04-14 14:34:08,922 - INFO - Found funding amount: 5000000
2025-04-14 14:34:08,952 - INFO - Extracted: Harvey - 23-Jul-24
2025-04-14 14:34:08,953 - INFO - Found funding amount: 100000000
2025-04-14 14:34:08,984 - INFO - Extracted: Placer.ai - 23-Jul-24
2025-04-14 14:34:08,984 - INFO - Found funding amount: 54500187
2025-04-14 14:34:09,014 - INFO - Extracted: Momentum - 23-Jul-24
2025-04-14 14:34:09,014 - INFO - Found funding amount: 13000000
2025-04-14 14:34:09,044 - INFO - Extracted: SirenOpt - 23-Jul-24
2025-04-14 14:34:09,045 - INFO - Found funding amount: 6600000
2025-04-14 14:34:09,077 - INFO - Extracted: Uplimit - 23-Jul-24
2025-04-14 14:34:09,077 - INFO - Found funding amount: 11000000
2025-04-14 14:34:09,108 - INFO - Extracted: Mytra - 23-Jul-24
2025-04-14 14:34:09,108 - INFO - Found funding amount: 50000000
2025-04-14 14:34:09,139 - INFO - Extracted: Level AI - 23-Jul-24
2025-04-14 14:34:09,140 - INFO - Found funding amount: 39400000
2025-04-14 14:34:09,170 - INFO - Extracted: Alixia - 23-Jul-24
2025-04-14 14:34:09,170 - INFO - Found funding amount: 1825445
2025-04-14 14:34:09,201 - INFO - Extracted: Elly Analytics, Inc. - 22-Jul-24
2025-04-14 14:34:09,201 - INFO - Found funding amount: 1000000
2025-04-14 14:34:09,232 - INFO - Extracted: Noded Ai - 22-Jul-24
2025-04-14 14:34:09,233 - INFO - Found funding amount: 4000000
2025-04-14 14:34:09,263 - INFO - Extracted: EdgeRunner AI - 18-Jul-24
2025-04-14 14:34:09,263 - INFO - Found funding amount: 5500000
2025-04-14 14:34:09,296 - INFO - Extracted: Arrcus - 18-Jul-24
2025-04-14 14:34:09,296 - INFO - Found funding amount: 30000000
2025-04-14 14:34:09,297 - INFO - Successfully extracted 20 new companies from page 25
2025-04-14 14:34:09,297 - INFO - Attempting to navigate from page 25
2025-04-14 14:34:14,832 - INFO - JavaScript verification confirmed page changed
2025-04-14 14:34:15,896 - INFO - Extracting data from page 26
2025-04-14 14:34:16,322 - INFO - Trying standard table extraction
2025-04-14 14:34:16,378 - INFO - Found funding amount column at index 6
2025-04-14 14:34:16,383 - INFO - Found headquarters column at index 7
2025-04-14 14:34:16,394 - INFO - Found 22 potential data rows
2025-04-14 14:34:16,450 - INFO - Extracted: Juno - 18-Jul-24
2025-04-14 14:34:16,450 - INFO - Found funding amount: 8500000
2025-04-14 14:34:16,512 - INFO - Extracted: d.light - 17-Jul-24
2025-04-14 14:34:16,512 - INFO - Found funding amount: 176000000
2025-04-14 14:34:16,550 - INFO - Extracted: Human Interest - 17-Jul-24
2025-04-14 14:34:16,550 - INFO - Found funding amount: 242000000
2025-04-14 14:34:16,586 - INFO - Extracted: Caltech - 17-Jul-24
2025-04-14 14:34:16,586 - INFO - Found funding amount: 10000000
2025-04-14 14:34:16,620 - INFO - Extracted: NGM Biopharmaceuticals - 17-Jul-24
2025-04-14 14:34:16,620 - INFO - Found funding amount: 122000000
2025-04-14 14:34:16,652 - INFO - Extracted: aiXplain - 17-Jul-24
2025-04-14 14:34:16,652 - INFO - Found funding amount: 6500000
2025-04-14 14:34:16,685 - INFO - Extracted: Ohlone College - 17-Jul-24
2025-04-14 14:34:16,685 - INFO - Found funding amount: 50000
2025-04-14 14:34:16,717 - INFO - Extracted: Slope - 17-Jul-24
2025-04-14 14:34:16,718 - INFO - Found funding amount: 50000000
2025-04-14 14:34:16,752 - INFO - Extracted: Matera - 17-Jul-24
2025-04-14 14:34:16,752 - INFO - Found funding amount: 100000000
2025-04-14 14:34:16,784 - INFO - Extracted: Solideon - 17-Jul-24
2025-04-14 14:34:16,784 - INFO - Found funding amount: 5000000
2025-04-14 14:34:16,816 - INFO - Extracted: Vectara - 16-Jul-24
2025-04-14 14:34:16,816 - INFO - Found funding amount: 25000000
2025-04-14 14:34:16,847 - INFO - Extracted: Tekion - 16-Jul-24
2025-04-14 14:34:16,847 - INFO - Found funding amount: 200000000
2025-04-14 14:34:16,882 - INFO - Extracted: The San Francisco Compute Company - 16-Jul-24
2025-04-14 14:34:16,882 - INFO - Found funding amount: 12000000
2025-04-14 14:34:16,927 - INFO - Extracted: DreamBig Semiconductor - 16-Jul-24
2025-04-14 14:34:16,927 - INFO - Found funding amount: 75000000
2025-04-14 14:34:16,959 - INFO - Extracted: Echo Chunk AI - 16-Jul-24
2025-04-14 14:34:16,960 - INFO - Found funding amount: 1400000
2025-04-14 14:34:16,989 - INFO - Extracted: Botrista Technology - 16-Jul-24
2025-04-14 14:34:16,990 - INFO - Found funding amount: 65000000
2025-04-14 14:34:17,020 - INFO - Extracted: Dusk - 16-Jul-24
2025-04-14 14:34:17,020 - INFO - Found funding amount: 8000000
2025-04-14 14:34:17,051 - INFO - Extracted: Sphere Technology Holdings - 15-Jul-24
2025-04-14 14:34:17,051 - INFO - Found funding amount: 9511799
2025-04-14 14:34:17,082 - INFO - Extracted: Halo Industries - 15-Jul-24
2025-04-14 14:34:17,082 - INFO - Found funding amount: 80000000
2025-04-14 14:34:17,116 - INFO - Extracted: NeuSpera Medical - 15-Jul-24
2025-04-14 14:34:17,116 - INFO - Found funding amount: 23000000
2025-04-14 14:34:17,116 - INFO - Successfully extracted 20 new companies from page 26
2025-04-14 14:34:17,116 - INFO - Attempting to navigate from page 26
2025-04-14 14:34:22,960 - INFO - JavaScript verification confirmed page changed
2025-04-14 14:34:23,521 - INFO - Extracting data from page 27
2025-04-14 14:34:24,487 - INFO - Trying standard table extraction
2025-04-14 14:34:24,526 - INFO - Found funding amount column at index 6
2025-04-14 14:34:24,530 - INFO - Found headquarters column at index 7
2025-04-14 14:34:24,539 - INFO - Found 22 potential data rows
2025-04-14 14:34:24,591 - INFO - Extracted: Metabase Q - 15-Jul-24
2025-04-14 14:34:24,591 - INFO - Found funding amount: 5099986
2025-04-14 14:34:24,625 - INFO - Extracted: Vivoo - 15-Jul-24
2025-04-14 14:34:24,625 - INFO - Found funding amount: 0
2025-04-14 14:34:24,660 - INFO - Extracted: SmarterLicense - 15-Jul-24
2025-04-14 14:34:24,660 - INFO - Found funding amount: 1100000
2025-04-14 14:34:24,692 - INFO - Extracted: Digestiva - 15-Jul-24
2025-04-14 14:34:24,692 - INFO - Found funding amount: 18400000
2025-04-14 14:34:24,727 - INFO - Extracted: Odyssey - 12-Jul-24
2025-04-14 14:34:24,727 - INFO - Found funding amount: 9000000
2025-04-14 14:34:24,763 - INFO - Extracted: Armada - 11-Jul-24
2025-04-14 14:34:24,763 - INFO - Found funding amount: 40000000
2025-04-14 14:34:24,794 - INFO - Extracted: Mantle - 10-Jul-24
2025-04-14 14:34:24,794 - INFO - Found funding amount: 20000000
2025-04-14 14:34:24,825 - INFO - Extracted: Lekko - 10-Jul-24
2025-04-14 14:34:24,826 - INFO - Found funding amount: 4500000
2025-04-14 14:34:24,858 - INFO - Extracted: Hayden AI - 10-Jul-24
2025-04-14 14:34:24,858 - INFO - Found funding amount: 90000000
2025-04-14 14:34:24,890 - INFO - Extracted: Adona Medical - 10-Jul-24
2025-04-14 14:34:24,890 - INFO - Found funding amount: 13369997
2025-04-14 14:34:24,941 - INFO - Extracted: Safe Passages - 9-Jul-24
2025-04-14 14:34:24,941 - INFO - Found funding amount: 270000
2025-04-14 14:34:24,973 - INFO - Extracted: Valo.ai - 9-Jul-24
2025-04-14 14:34:24,973 - INFO - Found funding amount: 0
2025-04-14 14:34:25,003 - INFO - Extracted: Volley - 9-Jul-24
2025-04-14 14:34:25,004 - INFO - Found funding amount: 55000000
2025-04-14 14:34:25,036 - INFO - Extracted: Accend - 9-Jul-24
2025-04-14 14:34:25,036 - INFO - Found funding amount: 3200000
2025-04-14 14:34:25,067 - INFO - Extracted: NovoNutrients - 9-Jul-24
2025-04-14 14:34:25,067 - INFO - Found funding amount: 18000000
2025-04-14 14:34:25,096 - INFO - Extracted: Default - 8-Jul-24
2025-04-14 14:34:25,097 - INFO - Found funding amount: 4000000
2025-04-14 14:34:25,129 - INFO - Extracted: Cartken - 3-Jul-24
2025-04-14 14:34:25,129 - INFO - Found funding amount: 10000000
2025-04-14 14:34:25,162 - INFO - Extracted: Granza Bio - 3-Jul-24
2025-04-14 14:34:25,162 - INFO - Found funding amount: 7140000
2025-04-14 14:34:25,194 - INFO - Extracted: Frontier Energy - 2-Jul-24
2025-04-14 14:34:25,194 - INFO - Found funding amount: 0
2025-04-14 14:34:25,229 - INFO - Extracted: BRB APP INC - 1-Jul-24
2025-04-14 14:34:25,230 - INFO - Found funding amount: 0
2025-04-14 14:34:25,230 - INFO - Successfully extracted 20 new companies from page 27
2025-04-14 14:34:25,230 - INFO - Attempting to navigate from page 27
2025-04-14 14:34:31,173 - INFO - JavaScript verification confirmed page changed
2025-04-14 14:34:31,803 - INFO - Extracting data from page 28
2025-04-14 14:34:32,907 - INFO - Trying standard table extraction
2025-04-14 14:34:32,959 - INFO - Found funding amount column at index 6
2025-04-14 14:34:32,964 - INFO - Found headquarters column at index 7
2025-04-14 14:34:32,974 - INFO - Found 22 potential data rows
2025-04-14 14:34:33,023 - INFO - Extracted: UptimeAI - 1-Jul-24
2025-04-14 14:34:33,023 - INFO - Found funding amount: 13999999
2025-04-14 14:34:33,053 - INFO - Extracted: AnswerGrid - 1-Jul-24
2025-04-14 14:34:33,053 - INFO - Found funding amount: 500000
2025-04-14 14:34:33,084 - INFO - Extracted: Senti Biosciences - 1-Jul-24
2025-04-14 14:34:33,084 - INFO - Found funding amount: 8000000
2025-04-14 14:34:33,115 - INFO - Extracted: Pivot Robots - 1-Jul-24
2025-04-14 14:34:33,115 - INFO - Found funding amount: 500000
2025-04-14 14:34:33,144 - INFO - Extracted: Odaseva - 27-Jun-24
2025-04-14 14:34:33,144 - INFO - Found funding amount: 54000000
2025-04-14 14:34:33,173 - INFO - Extracted: Aether Fuels - 27-Jun-24
2025-04-14 14:34:33,173 - INFO - Found funding amount: 34000000
2025-04-14 14:34:33,205 - INFO - Extracted: GetReal Labs - 27-Jun-24
2025-04-14 14:34:33,205 - INFO - Found funding amount: 0
2025-04-14 14:34:33,235 - INFO - Extracted: Fetchflow - 27-Jun-24
2025-04-14 14:34:33,235 - INFO - Found funding amount: 500000
2025-04-14 14:34:33,265 - INFO - Extracted: KarmaCheck - 27-Jun-24
2025-04-14 14:34:33,265 - INFO - Found funding amount: 45000000
2025-04-14 14:34:33,296 - INFO - Extracted: Clearstory.build - 27-Jun-24
2025-04-14 14:34:33,296 - INFO - Found funding amount: 16000000
2025-04-14 14:34:33,326 - INFO - Extracted: Foodsmart - 26-Jun-24
2025-04-14 14:34:33,327 - INFO - Found funding amount: 200000000
2025-04-14 14:34:33,357 - INFO - Extracted: Ario - 26-Jun-24
2025-04-14 14:34:33,357 - INFO - Found funding amount: 16000000
2025-04-14 14:34:33,386 - INFO - Extracted: Rondo Energy - 26-Jun-24
2025-04-14 14:34:33,386 - INFO - Found funding amount: 75000000
2025-04-14 14:34:33,415 - INFO - Extracted: Onehouse - 26-Jun-24
2025-04-14 14:34:33,415 - INFO - Found funding amount: 35000000
2025-04-14 14:34:33,445 - INFO - Extracted: Frontier Medicines - 25-Jun-24
2025-04-14 14:34:33,445 - INFO - Found funding amount: 20000000
2025-04-14 14:34:33,475 - INFO - Extracted: Conduit - 25-Jun-24
2025-04-14 14:34:33,475 - INFO - Found funding amount: 37000000
2025-04-14 14:34:33,504 - INFO - Extracted: Cloudian - 25-Jun-24
2025-04-14 14:34:33,504 - INFO - Found funding amount: 23000000
2025-04-14 14:34:33,533 - INFO - Extracted: Asteri AI - 25-Jun-24
2025-04-14 14:34:33,533 - INFO - Found funding amount: 0
2025-04-14 14:34:33,563 - INFO - Extracted: Antora Energy - 25-Jun-24
2025-04-14 14:34:33,563 - INFO - Found funding amount: 14500000
2025-04-14 14:34:33,595 - INFO - Extracted: VidAU - 25-Jun-24
2025-04-14 14:34:33,595 - INFO - Found funding amount: 0
2025-04-14 14:34:33,595 - INFO - Successfully extracted 20 new companies from page 28
2025-04-14 14:34:33,595 - INFO - Attempting to navigate from page 28
2025-04-14 14:34:39,786 - INFO - JavaScript verification confirmed page changed
2025-04-14 14:34:40,865 - INFO - Extracting data from page 29
2025-04-14 14:34:42,087 - INFO - Trying standard table extraction
2025-04-14 14:34:42,146 - INFO - Found funding amount column at index 6
2025-04-14 14:34:42,151 - INFO - Found headquarters column at index 7
2025-04-14 14:34:42,160 - INFO - Found 22 potential data rows
2025-04-14 14:34:42,205 - INFO - Extracted: Etched.ai - 25-Jun-24
2025-04-14 14:34:42,205 - INFO - Found funding amount: 120000000
2025-04-14 14:34:42,237 - INFO - Extracted: Sift - 25-Jun-24
2025-04-14 14:34:42,237 - INFO - Found funding amount: 17500000
2025-04-14 14:34:42,267 - INFO - Extracted: TwoStep Therapeutics - 25-Jun-24
2025-04-14 14:34:42,267 - INFO - Found funding amount: 6500000
2025-04-14 14:34:42,300 - INFO - Extracted: Opus1.io - 25-Jun-24
2025-04-14 14:34:42,300 - INFO - Found funding amount: 0
2025-04-14 14:34:42,338 - INFO - Extracted: Klarity - 24-Jun-24
2025-04-14 14:34:42,338 - INFO - Found funding amount: 70000000
2025-04-14 14:34:42,369 - INFO - Extracted: Tusk - 21-Jun-24
2025-04-14 14:34:42,369 - INFO - Found funding amount: 500000
2025-04-14 14:34:42,400 - INFO - Extracted: MEandMine - 20-Jun-24
2025-04-14 14:34:42,400 - INFO - Found funding amount: 4500000
2025-04-14 14:34:42,430 - INFO - Extracted: Molten Industries - 20-Jun-24
2025-04-14 14:34:42,430 - INFO - Found funding amount: 25000000
2025-04-14 14:34:42,460 - INFO - Extracted: Aikido Technologies - 20-Jun-24
2025-04-14 14:34:42,460 - INFO - Found funding amount: 4000000
2025-04-14 14:34:42,491 - INFO - Extracted: Submix - 19-Jun-24
2025-04-14 14:34:42,492 - INFO - Found funding amount: 1000000
2025-04-14 14:34:42,521 - INFO - Extracted: Speechlab, Inc. - 19-Jun-24
2025-04-14 14:34:42,521 - INFO - Found funding amount: 2900000
2025-04-14 14:34:42,551 - INFO - Extracted: Specialized Packaging Group - 18-Jun-24
2025-04-14 14:34:42,551 - INFO - Found funding amount: 0
2025-04-14 14:34:42,581 - INFO - Extracted: Planted Solar - 18-Jun-24
2025-04-14 14:34:42,581 - INFO - Found funding amount: 20000000
2025-04-14 14:34:42,612 - INFO - Extracted: Promaxo - 18-Jun-24
2025-04-14 14:34:42,612 - INFO - Found funding amount: 0
2025-04-14 14:34:42,642 - INFO - Extracted: Sewer AI - 18-Jun-24
2025-04-14 14:34:42,642 - INFO - Found funding amount: 15000000
2025-04-14 14:34:42,674 - INFO - Extracted: Scoop Analytics - 18-Jun-24
2025-04-14 14:34:42,674 - INFO - Found funding amount: 3500000
2025-04-14 14:34:42,728 - INFO - Extracted: Loop Golf - 18-Jun-24
2025-04-14 14:34:42,728 - INFO - Found funding amount: 1000000
2025-04-14 14:34:42,761 - INFO - Extracted: Marea Therapeutics - 18-Jun-24
2025-04-14 14:34:42,761 - INFO - Found funding amount: 190000000
2025-04-14 14:34:42,790 - INFO - Extracted: Factory - 18-Jun-24
2025-04-14 14:34:42,790 - INFO - Found funding amount: 15000000
2025-04-14 14:34:42,821 - INFO - Extracted: Maxim - 18-Jun-24
2025-04-14 14:34:42,821 - INFO - Found funding amount: 250000000
2025-04-14 14:34:42,821 - INFO - Successfully extracted 20 new companies from page 29
2025-04-14 14:34:42,821 - INFO - Attempting to navigate from page 29
2025-04-14 14:34:49,009 - INFO - JavaScript verification confirmed page changed
2025-04-14 14:34:49,818 - INFO - Extracting data from page 30
2025-04-14 14:34:50,687 - INFO - Trying standard table extraction
2025-04-14 14:34:50,745 - INFO - Found funding amount column at index 6
2025-04-14 14:34:50,750 - INFO - Found headquarters column at index 7
2025-04-14 14:34:50,760 - INFO - Found 22 potential data rows
2025-04-14 14:34:50,804 - INFO - Extracted: Autify - 17-Jun-24
2025-04-14 14:34:50,804 - INFO - Found funding amount: 13000000
2025-04-14 14:34:50,834 - INFO - Extracted: Constructor - 17-Jun-24
2025-04-14 14:34:50,834 - INFO - Found funding amount: 25000000
2025-04-14 14:34:50,864 - INFO - Extracted: You.com - 17-Jun-24
2025-04-14 14:34:50,864 - INFO - Found funding amount: 50000000
2025-04-14 14:34:50,895 - INFO - Extracted: Take Homes - 17-Jun-24
2025-04-14 14:34:50,895 - INFO - Found funding amount: 150000
2025-04-14 14:34:50,925 - INFO - Extracted: Aepnus Technology - 14-Jun-24
2025-04-14 14:34:50,926 - INFO - Found funding amount: 8000000
2025-04-14 14:34:50,972 - INFO - Extracted: Better Health - 13-Jun-24
2025-04-14 14:34:50,972 - INFO - Found funding amount: 14000000
2025-04-14 14:34:51,009 - INFO - Extracted: Viridian Space - 13-Jun-24
2025-04-14 14:34:51,009 - INFO - Found funding amount: 0
2025-04-14 14:34:51,042 - INFO - Extracted: Remmie - 12-Jun-24
2025-04-14 14:34:51,042 - INFO - Found funding amount: 3000000
2025-04-14 14:34:51,075 - INFO - Extracted: Canary Technologies - 12-Jun-24
2025-04-14 14:34:51,075 - INFO - Found funding amount: 50000000
2025-04-14 14:34:51,103 - INFO - Extracted: Grayce - 12-Jun-24
2025-04-14 14:34:51,103 - INFO - Found funding amount: 10400000
2025-04-14 14:34:51,136 - INFO - Extracted: InScope - 12-Jun-24
2025-04-14 14:34:51,136 - INFO - Found funding amount: 4300000
2025-04-14 14:34:51,164 - INFO - Extracted: Learn to Win - 12-Jun-24
2025-04-14 14:34:51,165 - INFO - Found funding amount: 30000000
2025-04-14 14:34:51,193 - INFO - Extracted: Tesseract Medical Research - 11-Jun-24
2025-04-14 14:34:51,193 - INFO - Found funding amount: 20000000
2025-04-14 14:34:51,223 - INFO - Extracted: Cyberhaven - 11-Jun-24
2025-04-14 14:34:51,223 - INFO - Found funding amount: 88000000
2025-04-14 14:34:51,252 - INFO - Extracted: Found - 11-Jun-24
2025-04-14 14:34:51,252 - INFO - Found funding amount: 45999997
2025-04-14 14:34:51,287 - INFO - Extracted: Youth Speaks - 11-Jun-24
2025-04-14 14:34:51,288 - INFO - Found funding amount: 40000
2025-04-14 14:34:51,322 - INFO - Extracted: Perlumi - 11-Jun-24
2025-04-14 14:34:51,322 - INFO - Found funding amount: 4515899
2025-04-14 14:34:51,353 - INFO - Extracted: Nexus Laboratories - 10-Jun-24
2025-04-14 14:34:51,353 - INFO - Found funding amount: 25000000
2025-04-14 14:34:51,383 - INFO - Extracted: Pair Team - 10-Jun-24
2025-04-14 14:34:51,384 - INFO - Found funding amount: 500000
2025-04-14 14:34:51,414 - INFO - Extracted: Gatik - 10-Jun-24
2025-04-14 14:34:51,414 - INFO - Found funding amount: 0
2025-04-14 14:34:51,414 - INFO - Successfully extracted 20 new companies from page 30
2025-04-14 14:34:51,414 - INFO - Attempting to navigate from page 30
2025-04-14 14:34:58,192 - INFO - JavaScript verification confirmed page changed
2025-04-14 14:34:59,110 - INFO - Extracting data from page 31
2025-04-14 14:35:00,120 - INFO - Trying standard table extraction
2025-04-14 14:35:00,170 - INFO - Found funding amount column at index 6
2025-04-14 14:35:00,178 - INFO - Found headquarters column at index 7
2025-04-14 14:35:00,187 - INFO - Found 22 potential data rows
2025-04-14 14:35:00,238 - INFO - Extracted: InSync - 8-Jun-24
2025-04-14 14:35:00,238 - INFO - Found funding amount: 0
2025-04-14 14:35:00,276 - INFO - Extracted: Prolific Machines - 7-Jun-24
2025-04-14 14:35:00,276 - INFO - Found funding amount: 55000000
2025-04-14 14:35:00,310 - INFO - Extracted: Portal AI - 7-Jun-24
2025-04-14 14:35:00,310 - INFO - Found funding amount: 4500000
2025-04-14 14:35:00,343 - INFO - Extracted: Rising Team - 6-Jun-24
2025-04-14 14:35:00,343 - INFO - Found funding amount: 8000000
2025-04-14 14:35:00,372 - INFO - Extracted: Greptile - 6-Jun-24
2025-04-14 14:35:00,372 - INFO - Found funding amount: 4099999
2025-04-14 14:35:00,402 - INFO - Extracted: bem - 6-Jun-24
2025-04-14 14:35:00,402 - INFO - Found funding amount: 3700000
2025-04-14 14:35:00,431 - INFO - Extracted: Boys & Girls Clubs of Fresno County - 6-Jun-24
2025-04-14 14:35:00,431 - INFO - Found funding amount: 55000
2025-04-14 14:35:00,474 - INFO - Extracted: Cube Dev - 6-Jun-24
2025-04-14 14:35:00,474 - INFO - Found funding amount: 25000000
2025-04-14 14:35:00,502 - INFO - Extracted: Tobiko Data - 5-Jun-24
2025-04-14 14:35:00,502 - INFO - Found funding amount: 17300000
2025-04-14 14:35:00,532 - INFO - Extracted: Zingly - 5-Jun-24
2025-04-14 14:35:00,532 - INFO - Found funding amount: 10000000
2025-04-14 14:35:00,577 - INFO - Extracted: 100% Chiropractic - 5-Jun-24
2025-04-14 14:35:00,577 - INFO - Found funding amount: 0
2025-04-14 14:35:00,613 - INFO - Extracted: Pika - 5-Jun-24
2025-04-14 14:35:00,613 - INFO - Found funding amount: 80000000
2025-04-14 14:35:00,658 - INFO - Extracted: Xcimer Energy - 4-Jun-24
2025-04-14 14:35:00,658 - INFO - Found funding amount: 100000000
2025-04-14 14:35:00,687 - INFO - Extracted: Raydiant Oximetry - 4-Jun-24
2025-04-14 14:35:00,687 - INFO - Found funding amount: 7500000
2025-04-14 14:35:00,717 - INFO - Extracted: Vantage Discovery - 4-Jun-24
2025-04-14 14:35:00,717 - INFO - Found funding amount: 16000000
2025-04-14 14:35:00,746 - INFO - Extracted: Siren Biotechnology - 4-Jun-24
2025-04-14 14:35:00,746 - INFO - Found funding amount: 19611194
2025-04-14 14:35:00,779 - INFO - Extracted: SOFIE - 4-Jun-24
2025-04-14 14:35:00,779 - INFO - Found funding amount: 0
2025-04-14 14:35:00,810 - INFO - Extracted: AirMDR - 4-Jun-24
2025-04-14 14:35:00,810 - INFO - Found funding amount: 5000000
2025-04-14 14:35:00,844 - INFO - Extracted: Zum - 4-Jun-24
2025-04-14 14:35:00,844 - INFO - Found funding amount: 32000000
2025-04-14 14:35:00,884 - INFO - Extracted: Spike Technologies - 4-Jun-24
2025-04-14 14:35:00,884 - INFO - Found funding amount: 3200000
2025-04-14 14:35:00,884 - INFO - Successfully extracted 20 new companies from page 31
2025-04-14 14:35:00,884 - INFO - Attempting to navigate from page 31
2025-04-14 14:35:06,305 - INFO - JavaScript verification confirmed page changed
2025-04-14 14:35:07,166 - INFO - Extracting data from page 32
2025-04-14 14:35:08,259 - INFO - Trying standard table extraction
2025-04-14 14:35:08,306 - INFO - Found funding amount column at index 6
2025-04-14 14:35:08,311 - INFO - Found headquarters column at index 7
2025-04-14 14:35:08,326 - INFO - Found 22 potential data rows
2025-04-14 14:35:08,379 - INFO - Extracted: Pr√≥speros - 4-Jun-24
2025-04-14 14:35:08,379 - INFO - Found funding amount: 3000000
2025-04-14 14:35:08,409 - INFO - Extracted: Field Materials, Inc. - 4-Jun-24
2025-04-14 14:35:08,409 - INFO - Found funding amount: 3500000
2025-04-14 14:35:08,438 - INFO - Extracted: Viaduct - 4-Jun-24
2025-04-14 14:35:08,438 - INFO - Found funding amount: 10000000
2025-04-14 14:35:08,485 - INFO - Extracted: Tandem PV - 3-Jun-24
2025-04-14 14:35:08,485 - INFO - Found funding amount: 4700000
2025-04-14 14:35:08,516 - INFO - Extracted: Vimmerse - 3-Jun-24
2025-04-14 14:35:08,516 - INFO - Found funding amount: 0
2025-04-14 14:35:08,558 - INFO - Extracted: Ashby - 3-Jun-24
2025-04-14 14:35:08,558 - INFO - Found funding amount: 30000000
2025-04-14 14:35:08,587 - INFO - Extracted: Balance - 3-Jun-24
2025-04-14 14:35:08,587 - INFO - Found funding amount: 2500000
2025-04-14 14:35:08,622 - INFO - Extracted: Revi - 1-Jun-24
2025-04-14 14:35:08,622 - INFO - Found funding amount: 10000000
2025-04-14 14:35:08,668 - INFO - Extracted: Sprout HR - 1-Jun-24
2025-04-14 14:35:08,668 - INFO - Found funding amount: 0
2025-04-14 14:35:08,698 - INFO - Extracted: Point - 30-May-24
2025-04-14 14:35:08,698 - INFO - Found funding amount: 141000000
2025-04-14 14:35:08,732 - INFO - Extracted: Portside - 30-May-24
2025-04-14 14:35:08,732 - INFO - Found funding amount: 0
2025-04-14 14:35:08,762 - INFO - Extracted: Forward - 30-May-24
2025-04-14 14:35:08,762 - INFO - Found funding amount: 16000000
2025-04-14 14:35:08,803 - INFO - Extracted: Plural Energy - 30-May-24
2025-04-14 14:35:08,804 - INFO - Found funding amount: 2330000
2025-04-14 14:35:08,842 - INFO - Extracted: ZERO - 30-May-24
2025-04-14 14:35:08,842 - INFO - Found funding amount: 26112523
2025-04-14 14:35:08,872 - INFO - Extracted: Functional Finance - 30-May-24
2025-04-14 14:35:08,872 - INFO - Found funding amount: 16999992
2025-04-14 14:35:08,900 - INFO - Extracted: Valar Labs - 30-May-24
2025-04-14 14:35:08,901 - INFO - Found funding amount: 22000000
2025-04-14 14:35:08,944 - INFO - Extracted: BabylonChain - 30-May-24
2025-04-14 14:35:08,944 - INFO - Found funding amount: 70000000
2025-04-14 14:35:08,979 - INFO - Extracted: Plenful - 30-May-24
2025-04-14 14:35:08,979 - INFO - Found funding amount: 17000000
2025-04-14 14:35:09,008 - INFO - Extracted: TraceAir - 29-May-24
2025-04-14 14:35:09,008 - INFO - Found funding amount: 25000000
2025-04-14 14:35:09,038 - INFO - Extracted: Frore Systems - 29-May-24
2025-04-14 14:35:09,038 - INFO - Found funding amount: 80000000
2025-04-14 14:35:09,038 - INFO - Successfully extracted 20 new companies from page 32
2025-04-14 14:35:09,038 - INFO - Attempting to navigate from page 32
2025-04-14 14:35:15,047 - INFO - JavaScript verification confirmed page changed
2025-04-14 14:35:15,768 - INFO - Extracting data from page 33
2025-04-14 14:35:16,654 - INFO - Trying standard table extraction
2025-04-14 14:35:16,711 - INFO - Found funding amount column at index 6
2025-04-14 14:35:16,716 - INFO - Found headquarters column at index 7
2025-04-14 14:35:16,726 - INFO - Found 22 potential data rows
2025-04-14 14:35:16,771 - INFO - Extracted: Figma - 29-May-24
2025-04-14 14:35:16,771 - INFO - Found funding amount: 415749740
2025-04-14 14:35:16,801 - INFO - Extracted: Kinisi - 29-May-24
2025-04-14 14:35:16,801 - INFO - Found funding amount: 437000
2025-04-14 14:35:16,830 - INFO - Extracted: App Orchid - 28-May-24
2025-04-14 14:35:16,830 - INFO - Found funding amount: 1500000
2025-04-14 14:35:16,859 - INFO - Extracted: OpsMx - 28-May-24
2025-04-14 14:35:16,859 - INFO - Found funding amount: 0
2025-04-14 14:35:16,887 - INFO - Extracted: LiveReach Media - 28-May-24
2025-04-14 14:35:16,887 - INFO - Found funding amount: 6908849
2025-04-14 14:35:16,916 - INFO - Extracted: Transcend - 28-May-24
2025-04-14 14:35:16,916 - INFO - Found funding amount: 40000000
2025-04-14 14:35:16,945 - INFO - Extracted: Aperture Finance - 28-May-24
2025-04-14 14:35:16,945 - INFO - Found funding amount: 6700000
2025-04-14 14:35:16,973 - INFO - Extracted: Felix - 28-May-24
2025-04-14 14:35:16,973 - INFO - Found funding amount: 15500000
2025-04-14 14:35:17,002 - INFO - Extracted: Sempera Organics - 24-May-24
2025-04-14 14:35:17,002 - INFO - Found funding amount: 2612490
2025-04-14 14:35:17,030 - INFO - Extracted: Heyday - 24-May-24
2025-04-14 14:35:17,030 - INFO - Found funding amount: 0
2025-04-14 14:35:17,059 - INFO - Extracted: Killington Technologies - 24-May-24
2025-04-14 14:35:17,059 - INFO - Found funding amount: 400000
2025-04-14 14:35:17,088 - INFO - Extracted: Lumos - 23-May-24
2025-04-14 14:35:17,088 - INFO - Found funding amount: 35000000
2025-04-14 14:35:17,117 - INFO - Extracted: Userfront - 23-May-24
2025-04-14 14:35:17,117 - INFO - Found funding amount: 5300000
2025-04-14 14:35:17,171 - INFO - Extracted: Supermove - 23-May-24
2025-04-14 14:35:17,171 - INFO - Found funding amount: 0
2025-04-14 14:35:17,200 - INFO - Extracted: Aduro Advisors - 23-May-24
2025-04-14 14:35:17,200 - INFO - Found funding amount: 0
2025-04-14 14:35:17,229 - INFO - Extracted: forml - 23-May-24
2025-04-14 14:35:17,229 - INFO - Found funding amount: 546477
2025-04-14 14:35:17,257 - INFO - Extracted: BeeHero - 23-May-24
2025-04-14 14:35:17,257 - INFO - Found funding amount: 500000
2025-04-14 14:35:17,285 - INFO - Extracted: Founder AI - 22-May-24
2025-04-14 14:35:17,285 - INFO - Found funding amount: 3000000
2025-04-14 14:35:17,312 - INFO - Extracted: HoundDog.ai - 22-May-24
2025-04-14 14:35:17,312 - INFO - Found funding amount: 3100000
2025-04-14 14:35:17,341 - INFO - Extracted: Amino - 22-May-24
2025-04-14 14:35:17,341 - INFO - Found funding amount: 10000000
2025-04-14 14:35:17,341 - INFO - Successfully extracted 20 new companies from page 33
2025-04-14 14:35:17,341 - INFO - Attempting to navigate from page 33
2025-04-14 14:35:23,373 - INFO - JavaScript verification confirmed page changed
2025-04-14 14:35:23,791 - INFO - Extracting data from page 34
2025-04-14 14:35:24,781 - INFO - Trying standard table extraction
2025-04-14 14:35:24,839 - INFO - Found funding amount column at index 6
2025-04-14 14:35:24,843 - INFO - Found headquarters column at index 7
2025-04-14 14:35:24,852 - INFO - Found 22 potential data rows
2025-04-14 14:35:24,898 - INFO - Extracted: California Walnuts - 22-May-24
2025-04-14 14:35:24,898 - INFO - Found funding amount: 7000000
2025-04-14 14:35:24,929 - INFO - Extracted: Verse - 22-May-24
2025-04-14 14:35:24,929 - INFO - Found funding amount: 20500000
2025-04-14 14:35:24,958 - INFO - Extracted: KETOS - 21-May-24
2025-04-14 14:35:24,958 - INFO - Found funding amount: 10000000
2025-04-14 14:35:25,007 - INFO - Extracted: XGS Energy - 21-May-24
2025-04-14 14:35:25,007 - INFO - Found funding amount: 20000000
2025-04-14 14:35:25,036 - INFO - Extracted: Materna Medical - 21-May-24
2025-04-14 14:35:25,036 - INFO - Found funding amount: 20000000
2025-04-14 14:35:25,068 - INFO - Extracted: Coactive AI - 21-May-24
2025-04-14 14:35:25,068 - INFO - Found funding amount: 30000000
2025-04-14 14:35:25,118 - INFO - Extracted: AltruBio - 21-May-24
2025-04-14 14:35:25,119 - INFO - Found funding amount: 225000000
2025-04-14 14:35:25,150 - INFO - Extracted: Infinx - 21-May-24
2025-04-14 14:35:25,150 - INFO - Found funding amount: 0
2025-04-14 14:35:25,200 - INFO - Extracted: UberCloud - 21-May-24
2025-04-14 14:35:25,200 - INFO - Found funding amount: 20000000
2025-04-14 14:35:25,234 - INFO - Extracted: daydream Labs - 20-May-24
2025-04-14 14:35:25,234 - INFO - Found funding amount: 6217281
2025-04-14 14:35:25,262 - INFO - Extracted: UTOBO - 20-May-24
2025-04-14 14:35:25,262 - INFO - Found funding amount: 0
2025-04-14 14:35:25,306 - INFO - Extracted: Bedrock Materials - 16-May-24
2025-04-14 14:35:25,307 - INFO - Found funding amount: 9000000
2025-04-14 14:35:25,335 - INFO - Extracted: Tree Line Capital Partners - 16-May-24
2025-04-14 14:35:25,335 - INFO - Found funding amount: 0
2025-04-14 14:35:25,380 - INFO - Extracted: Sigma Computing - 16-May-24
2025-04-14 14:35:25,380 - INFO - Found funding amount: 200000000
2025-04-14 14:35:25,410 - INFO - Extracted: Alkira - 15-May-24
2025-04-14 14:35:25,410 - INFO - Found funding amount: 100000000
2025-04-14 14:35:25,440 - INFO - Extracted: MULTI¬∑ON - 15-May-24
2025-04-14 14:35:25,440 - INFO - Found funding amount: 0
2025-04-14 14:35:25,470 - INFO - Extracted: Recall.ai - 15-May-24
2025-04-14 14:35:25,470 - INFO - Found funding amount: 10000000
2025-04-14 14:35:25,512 - INFO - Extracted: WEKA - 15-May-24
2025-04-14 14:35:25,512 - INFO - Found funding amount: 140000000
2025-04-14 14:35:25,541 - INFO - Extracted: AtlasPro AI - 15-May-24
2025-04-14 14:35:25,541 - INFO - Found funding amount: 0
2025-04-14 14:35:25,571 - INFO - Extracted: LanceDB - 15-May-24
2025-04-14 14:35:25,571 - INFO - Found funding amount: 8000000
2025-04-14 14:35:25,571 - INFO - Successfully extracted 20 new companies from page 34
2025-04-14 14:35:25,571 - INFO - Attempting to navigate from page 34
2025-04-14 14:35:31,075 - INFO - JavaScript verification confirmed page changed
2025-04-14 14:35:31,599 - INFO - Extracting data from page 35
2025-04-14 14:35:31,975 - INFO - Trying standard table extraction
2025-04-14 14:35:32,047 - INFO - Found funding amount column at index 6
2025-04-14 14:35:32,051 - INFO - Found headquarters column at index 7
2025-04-14 14:35:32,059 - INFO - Found 22 potential data rows
2025-04-14 14:35:32,121 - INFO - Extracted: Layer Financial Technologies - 15-May-24
2025-04-14 14:35:32,121 - INFO - Found funding amount: 2700000
2025-04-14 14:35:32,155 - INFO - Extracted: Apriora - 15-May-24
2025-04-14 14:35:32,155 - INFO - Found funding amount: 2800000
2025-04-14 14:35:32,185 - INFO - Extracted: Dosu - 14-May-24
2025-04-14 14:35:32,185 - INFO - Found funding amount: 8524997
2025-04-14 14:35:32,216 - INFO - Extracted: Harness - 14-May-24
2025-04-14 14:35:32,216 - INFO - Found funding amount: 150000000
2025-04-14 14:35:32,258 - INFO - Extracted: Gorgias - 14-May-24
2025-04-14 14:35:32,258 - INFO - Found funding amount: 29000000
2025-04-14 14:35:32,287 - INFO - Extracted: Glydways - 14-May-24
2025-04-14 14:35:32,287 - INFO - Found funding amount: 20000000
2025-04-14 14:35:32,328 - INFO - Extracted: Anthropos - 14-May-24
2025-04-14 14:35:32,328 - INFO - Found funding amount: 2700000
2025-04-14 14:35:32,376 - INFO - Extracted: The Fresno Area Hispanic Foundation - 14-May-24
2025-04-14 14:35:32,376 - INFO - Found funding amount: 1000000
2025-04-14 14:35:32,407 - INFO - Extracted: Orange Charger - 14-May-24
2025-04-14 14:35:32,407 - INFO - Found funding amount: 6500000
2025-04-14 14:35:32,456 - INFO - Extracted: Curve Biosciences - 13-May-24
2025-04-14 14:35:32,456 - INFO - Found funding amount: 17691996
2025-04-14 14:35:32,488 - INFO - Extracted: Mitra Chem - 13-May-24
2025-04-14 14:35:32,488 - INFO - Found funding amount: 40000000
2025-04-14 14:35:32,518 - INFO - Extracted: ChainML - 13-May-24
2025-04-14 14:35:32,518 - INFO - Found funding amount: 6200000
2025-04-14 14:35:32,567 - INFO - Extracted: The Bot Company - 13-May-24
2025-04-14 14:35:32,567 - INFO - Found funding amount: 150000000
2025-04-14 14:35:32,596 - INFO - Extracted: Triomics - 9-May-24
2025-04-14 14:35:32,596 - INFO - Found funding amount: 15000000
2025-04-14 14:35:32,627 - INFO - Extracted: Plenty - 9-May-24
2025-04-14 14:35:32,627 - INFO - Found funding amount: 5000000
2025-04-14 14:35:32,675 - INFO - Extracted: Q'Apel Medical - 9-May-24
2025-04-14 14:35:32,675 - INFO - Found funding amount: 17130411
2025-04-14 14:35:32,705 - INFO - Extracted: Bluejay Therapeutics - 9-May-24
2025-04-14 14:35:32,705 - INFO - Found funding amount: 182000000
2025-04-14 14:35:32,735 - INFO - Extracted: Altera - 8-May-24
2025-04-14 14:35:32,735 - INFO - Found funding amount: 9000000
2025-04-14 14:35:32,779 - INFO - Extracted: DatologyAI - 8-May-24
2025-04-14 14:35:32,779 - INFO - Found funding amount: 46000000
2025-04-14 14:35:32,808 - INFO - Extracted: 4L Data Intelligence - 8-May-24
2025-04-14 14:35:32,808 - INFO - Found funding amount: 1000000
2025-04-14 14:35:32,808 - INFO - Successfully extracted 20 new companies from page 35
2025-04-14 14:35:32,808 - INFO - Attempting to navigate from page 35
2025-04-14 14:35:38,614 - INFO - JavaScript verification confirmed page changed
2025-04-14 14:35:39,621 - INFO - Extracting data from page 36
2025-04-14 14:35:40,301 - INFO - Trying standard table extraction
2025-04-14 14:35:40,378 - INFO - Found funding amount column at index 6
2025-04-14 14:35:40,382 - INFO - Found headquarters column at index 7
2025-04-14 14:35:40,390 - INFO - Found 22 potential data rows
2025-04-14 14:35:40,432 - INFO - Extracted: ChangeEngine - 8-May-24
2025-04-14 14:35:40,432 - INFO - Found funding amount: 10000000
2025-04-14 14:35:40,473 - INFO - Extracted: Voyage Foods - 8-May-24
2025-04-14 14:35:40,473 - INFO - Found funding amount: 52000000
2025-04-14 14:35:40,502 - INFO - Extracted: Rad AI - 7-May-24
2025-04-14 14:35:40,502 - INFO - Found funding amount: 50000000
2025-04-14 14:35:40,531 - INFO - Extracted: Trust for Public Land - 7-May-24
2025-04-14 14:35:40,531 - INFO - Found funding amount: 200000
2025-04-14 14:35:40,562 - INFO - Extracted: Saved By Nature - 7-May-24
2025-04-14 14:35:40,562 - INFO - Found funding amount: 40000
2025-04-14 14:35:40,605 - INFO - Extracted: Composabl - 7-May-24
2025-04-14 14:35:40,605 - INFO - Found funding amount: 4250000
2025-04-14 14:35:40,634 - INFO - Extracted: Plan By - 7-May-24
2025-04-14 14:35:40,634 - INFO - Found funding amount: 0
2025-04-14 14:35:40,664 - INFO - Extracted: iFrameAI Health - 7-May-24
2025-04-14 14:35:40,664 - INFO - Found funding amount: 0
2025-04-14 14:35:40,695 - INFO - Extracted: Justice Outside - 7-May-24
2025-04-14 14:35:40,695 - INFO - Found funding amount: 100000
2025-04-14 14:35:40,724 - INFO - Extracted: Anetac - 6-May-24
2025-04-14 14:35:40,724 - INFO - Found funding amount: 16000000
2025-04-14 14:35:40,753 - INFO - Extracted: Sagetap - 6-May-24
2025-04-14 14:35:40,753 - INFO - Found funding amount: 6800000
2025-04-14 14:35:40,781 - INFO - Extracted: Karius - 2-May-24
2025-04-14 14:35:40,781 - INFO - Found funding amount: 100000000
2025-04-14 14:35:40,821 - INFO - Extracted: Altruist - 2-May-24
2025-04-14 14:35:40,821 - INFO - Found funding amount: 169000000
2025-04-14 14:35:40,850 - INFO - Extracted: Paragraph - 2-May-24
2025-04-14 14:35:40,850 - INFO - Found funding amount: 5000000
2025-04-14 14:35:40,879 - INFO - Extracted: Transcarent - 2-May-24
2025-04-14 14:35:40,879 - INFO - Found funding amount: 126000000
2025-04-14 14:35:40,909 - INFO - Extracted: Mimic - 2-May-24
2025-04-14 14:35:40,909 - INFO - Found funding amount: 27000000
2025-04-14 14:35:40,938 - INFO - Extracted: Boys & Girls Club of Silicon Valley - 2-May-24
2025-04-14 14:35:40,938 - INFO - Found funding amount: 100000
2025-04-14 14:35:40,967 - INFO - Extracted: CellChorus - 2-May-24
2025-04-14 14:35:40,967 - INFO - Found funding amount: 2500000
2025-04-14 14:35:40,996 - INFO - Extracted: Ex-human - 2-May-24
2025-04-14 14:35:40,996 - INFO - Found funding amount: 0
2025-04-14 14:35:41,025 - INFO - Extracted: Securitize - 1-May-24
2025-04-14 14:35:41,025 - INFO - Found funding amount: 47000000
2025-04-14 14:35:41,025 - INFO - Successfully extracted 20 new companies from page 36
2025-04-14 14:35:41,025 - INFO - Attempting to navigate from page 36
2025-04-14 14:35:46,616 - INFO - JavaScript verification confirmed page changed
2025-04-14 14:35:47,216 - INFO - Extracting data from page 37
2025-04-14 14:35:48,373 - INFO - Trying standard table extraction
2025-04-14 14:35:48,430 - INFO - Found funding amount column at index 6
2025-04-14 14:35:48,435 - INFO - Found headquarters column at index 7
2025-04-14 14:35:48,444 - INFO - Found 22 potential data rows
2025-04-14 14:35:48,490 - INFO - Extracted: Peregrine Technologies - 1-May-24
2025-04-14 14:35:48,490 - INFO - Found funding amount: 30000000
2025-04-14 14:35:48,519 - INFO - Extracted: Traceable - 1-May-24
2025-04-14 14:35:48,519 - INFO - Found funding amount: 30000000
2025-04-14 14:35:48,548 - INFO - Extracted: Dodgeball - 1-May-24
2025-04-14 14:35:48,548 - INFO - Found funding amount: 0
2025-04-14 14:35:48,577 - INFO - Extracted: Corelight - 30-Apr-24
2025-04-14 14:35:48,577 - INFO - Found funding amount: 150000000
2025-04-14 14:35:48,605 - INFO - Extracted: Ansa - 30-Apr-24
2025-04-14 14:35:48,605 - INFO - Found funding amount: 14000000
2025-04-14 14:35:48,634 - INFO - Extracted: Pakal Technologies - 30-Apr-24
2025-04-14 14:35:48,634 - INFO - Found funding amount: 1666667
2025-04-14 14:35:48,663 - INFO - Extracted: Inhabitr - 30-Apr-24
2025-04-14 14:35:48,663 - INFO - Found funding amount: 27000000
2025-04-14 14:35:48,691 - INFO - Extracted: SafeBase - 30-Apr-24
2025-04-14 14:35:48,691 - INFO - Found funding amount: 33000000
2025-04-14 14:35:48,719 - INFO - Extracted: PsiQuantum - 30-Apr-24
2025-04-14 14:35:48,719 - INFO - Found funding amount: 0
2025-04-14 14:35:48,748 - INFO - Extracted: Surf Bio - 30-Apr-24
2025-04-14 14:35:48,748 - INFO - Found funding amount: 1600000
2025-04-14 14:35:48,777 - INFO - Extracted: Seam AI - 30-Apr-24
2025-04-14 14:35:48,777 - INFO - Found funding amount: 5000000
2025-04-14 14:35:48,805 - INFO - Extracted: Blend - 29-Apr-24
2025-04-14 14:35:48,805 - INFO - Found funding amount: 150000000
2025-04-14 14:35:48,834 - INFO - Extracted: Taiki - 29-Apr-24
2025-04-14 14:35:48,834 - INFO - Found funding amount: 0
2025-04-14 14:35:48,862 - INFO - Extracted: Elisity - 29-Apr-24
2025-04-14 14:35:48,862 - INFO - Found funding amount: 37000000
2025-04-14 14:35:48,891 - INFO - Extracted: Thintronics - 29-Apr-24
2025-04-14 14:35:48,891 - INFO - Found funding amount: 23000000
2025-04-14 14:35:48,920 - INFO - Extracted: RevenueCat - 25-Apr-24
2025-04-14 14:35:48,920 - INFO - Found funding amount: 12000000
2025-04-14 14:35:48,948 - INFO - Extracted: Movement Labs - 25-Apr-24
2025-04-14 14:35:48,948 - INFO - Found funding amount: 38000000
2025-04-14 14:35:48,977 - INFO - Extracted: Centro Community Partners - 25-Apr-24
2025-04-14 14:35:48,977 - INFO - Found funding amount: 325000
2025-04-14 14:35:49,005 - INFO - Extracted: Log10 - 24-Apr-24
2025-04-14 14:35:49,005 - INFO - Found funding amount: 7200000
2025-04-14 14:35:49,036 - INFO - Extracted: Midi Health - 24-Apr-24
2025-04-14 14:35:49,036 - INFO - Found funding amount: 60000000
2025-04-14 14:35:49,036 - INFO - Successfully extracted 20 new companies from page 37
2025-04-14 14:35:49,036 - INFO - Attempting to navigate from page 37
2025-04-14 14:35:54,802 - INFO - JavaScript verification confirmed page changed
2025-04-14 14:35:55,621 - INFO - Extracting data from page 38
2025-04-14 14:35:56,000 - INFO - Trying standard table extraction
2025-04-14 14:35:56,054 - INFO - Found funding amount column at index 6
2025-04-14 14:35:56,059 - INFO - Found headquarters column at index 7
2025-04-14 14:35:56,068 - INFO - Found 22 potential data rows
2025-04-14 14:35:56,113 - INFO - Extracted: Faura - 24-Apr-24
2025-04-14 14:35:56,113 - INFO - Found funding amount: 500000
2025-04-14 14:35:56,141 - INFO - Extracted: Augment - 24-Apr-24
2025-04-14 14:35:56,141 - INFO - Found funding amount: 227000000
2025-04-14 14:35:56,170 - INFO - Extracted: Anon - 24-Apr-24
2025-04-14 14:35:56,170 - INFO - Found funding amount: 4500000
2025-04-14 14:35:56,197 - INFO - Extracted: Cognition - 24-Apr-24
2025-04-14 14:35:56,197 - INFO - Found funding amount: 175000000
2025-04-14 14:35:56,226 - INFO - Extracted: Amplifier Security - 24-Apr-24
2025-04-14 14:35:56,226 - INFO - Found funding amount: 3300000
2025-04-14 14:35:56,254 - INFO - Extracted: Clueso - 24-Apr-24
2025-04-14 14:35:56,254 - INFO - Found funding amount: 1400000
2025-04-14 14:35:56,282 - INFO - Extracted: Xaira Therapeutics - 23-Apr-24
2025-04-14 14:35:56,282 - INFO - Found funding amount: 1000000000
2025-04-14 14:35:56,311 - INFO - Extracted: Framework - 23-Apr-24
2025-04-14 14:35:56,311 - INFO - Found funding amount: 17000000
2025-04-14 14:35:56,339 - INFO - Extracted: Campus - 23-Apr-24
2025-04-14 14:35:56,339 - INFO - Found funding amount: 23000000
2025-04-14 14:35:56,368 - INFO - Extracted: Prophet Security - 23-Apr-24
2025-04-14 14:35:56,368 - INFO - Found funding amount: 11000000
2025-04-14 14:35:56,397 - INFO - Extracted: Clarity Pediatrics - 22-Apr-24
2025-04-14 14:35:56,397 - INFO - Found funding amount: 10000000
2025-04-14 14:35:56,425 - INFO - Extracted: Pomelo - 22-Apr-24
2025-04-14 14:35:56,425 - INFO - Found funding amount: 75000000
2025-04-14 14:35:56,454 - INFO - Extracted: Superinsight - 22-Apr-24
2025-04-14 14:35:56,454 - INFO - Found funding amount: 200000
2025-04-14 14:35:56,482 - INFO - Extracted: Observe - 22-Apr-24
2025-04-14 14:35:56,482 - INFO - Found funding amount: 124999987
2025-04-14 14:35:56,511 - INFO - Extracted: Rubedo Life Sciences - 22-Apr-24
2025-04-14 14:35:56,511 - INFO - Found funding amount: 40000000
2025-04-14 14:35:56,539 - INFO - Extracted: BuildCasa - 19-Apr-24
2025-04-14 14:35:56,539 - INFO - Found funding amount: 6592979
2025-04-14 14:35:56,568 - INFO - Extracted: XFactor - 18-Apr-24
2025-04-14 14:35:56,568 - INFO - Found funding amount: 16000000
2025-04-14 14:35:56,597 - INFO - Extracted: Clazar - 18-Apr-24
2025-04-14 14:35:56,597 - INFO - Found funding amount: 10000000
2025-04-14 14:35:56,625 - INFO - Extracted: Verne - 18-Apr-24
2025-04-14 14:35:56,625 - INFO - Found funding amount: 450000
2025-04-14 14:35:56,657 - INFO - Extracted: Anvilogic - 17-Apr-24
2025-04-14 14:35:56,657 - INFO - Found funding amount: 45000000
2025-04-14 14:35:56,657 - INFO - Successfully extracted 20 new companies from page 38
2025-04-14 14:35:56,657 - INFO - Attempting to navigate from page 38
2025-04-14 14:36:02,933 - INFO - JavaScript verification confirmed page changed
2025-04-14 14:36:03,907 - INFO - Extracting data from page 39
2025-04-14 14:36:05,097 - INFO - Trying standard table extraction
2025-04-14 14:36:05,157 - INFO - Found funding amount column at index 6
2025-04-14 14:36:05,162 - INFO - Found headquarters column at index 7
2025-04-14 14:36:05,171 - INFO - Found 22 potential data rows
2025-04-14 14:36:05,216 - INFO - Extracted: Vorlon - 17-Apr-24
2025-04-14 14:36:05,216 - INFO - Found funding amount: 15700000
2025-04-14 14:36:05,246 - INFO - Extracted: Quilt - 16-Apr-24
2025-04-14 14:36:05,246 - INFO - Found funding amount: 33000000
2025-04-14 14:36:05,279 - INFO - Extracted: Powerbroker AI - 16-Apr-24
2025-04-14 14:36:05,279 - INFO - Found funding amount: 1500000
2025-04-14 14:36:05,310 - INFO - Extracted: Asher Bio - 16-Apr-24
2025-04-14 14:36:05,310 - INFO - Found funding amount: 55000000
2025-04-14 14:36:05,349 - INFO - Extracted: Rivos - 16-Apr-24
2025-04-14 14:36:05,349 - INFO - Found funding amount: 250000000
2025-04-14 14:36:05,378 - INFO - Extracted: Two Chairs - 16-Apr-24
2025-04-14 14:36:05,378 - INFO - Found funding amount: 72000000
2025-04-14 14:36:05,406 - INFO - Extracted: Ripcord - 16-Apr-24
2025-04-14 14:36:05,406 - INFO - Found funding amount: 32000000
2025-04-14 14:36:05,435 - INFO - Extracted: Loft Labs - 16-Apr-24
2025-04-14 14:36:05,435 - INFO - Found funding amount: 24000000
2025-04-14 14:36:05,464 - INFO - Extracted: Common Sense Privacy - 15-Apr-24
2025-04-14 14:36:05,464 - INFO - Found funding amount: 0
2025-04-14 14:36:05,493 - INFO - Extracted: Paraform - 15-Apr-24
2025-04-14 14:36:05,493 - INFO - Found funding amount: 3600000
2025-04-14 14:36:05,521 - INFO - Extracted: Clientell - 15-Apr-24
2025-04-14 14:36:05,521 - INFO - Found funding amount: 2500000
2025-04-14 14:36:05,549 - INFO - Extracted: Integral Health - 15-Apr-24
2025-04-14 14:36:05,549 - INFO - Found funding amount: 0
2025-04-14 14:36:05,577 - INFO - Extracted: Writ - 11-Apr-24
2025-04-14 14:36:05,577 - INFO - Found funding amount: 3800000
2025-04-14 14:36:05,604 - INFO - Extracted: Simbian - 11-Apr-24
2025-04-14 14:36:05,604 - INFO - Found funding amount: 10000000
2025-04-14 14:36:05,632 - INFO - Extracted: Anrok - 11-Apr-24
2025-04-14 14:36:05,632 - INFO - Found funding amount: 30000000
2025-04-14 14:36:05,663 - INFO - Extracted: Symbolica AI - 9-Apr-24
2025-04-14 14:36:05,663 - INFO - Found funding amount: 33000000
2025-04-14 14:36:05,707 - INFO - Extracted: JARS AI - 8-Apr-24
2025-04-14 14:36:05,707 - INFO - Found funding amount: 3000000
2025-04-14 14:36:05,766 - INFO - Extracted: Windfall Bio - 8-Apr-24
2025-04-14 14:36:05,766 - INFO - Found funding amount: 28000000
2025-04-14 14:36:05,794 - INFO - Extracted: MODE - 8-Apr-24
2025-04-14 14:36:05,794 - INFO - Found funding amount: 8750000
2025-04-14 14:36:05,824 - INFO - Extracted: Varda - 5-Apr-24
2025-04-14 14:36:05,824 - INFO - Found funding amount: 90000000
2025-04-14 14:36:05,824 - INFO - Successfully extracted 20 new companies from page 39
2025-04-14 14:36:05,824 - INFO - Attempting to navigate from page 39
2025-04-14 14:36:11,445 - INFO - JavaScript verification confirmed page changed
2025-04-14 14:36:12,072 - INFO - Extracting data from page 40
2025-04-14 14:36:12,635 - INFO - Trying standard table extraction
2025-04-14 14:36:12,694 - INFO - Found funding amount column at index 6
2025-04-14 14:36:12,699 - INFO - Found headquarters column at index 7
2025-04-14 14:36:12,707 - INFO - Found 22 potential data rows
2025-04-14 14:36:12,752 - INFO - Extracted: Enable Biosciences - 4-Apr-24
2025-04-14 14:36:12,752 - INFO - Found funding amount: 0
2025-04-14 14:36:12,786 - INFO - Extracted: SiMa.ai - 4-Apr-24
2025-04-14 14:36:12,786 - INFO - Found funding amount: 70000000
2025-04-14 14:36:12,814 - INFO - Extracted: Lambda - 4-Apr-24
2025-04-14 14:36:12,815 - INFO - Found funding amount: 500000000
2025-04-14 14:36:12,844 - INFO - Extracted: YonedaLabs - 4-Apr-24
2025-04-14 14:36:12,844 - INFO - Found funding amount: 500000
2025-04-14 14:36:12,873 - INFO - Extracted: Coalesce Automation - 4-Apr-24
2025-04-14 14:36:12,873 - INFO - Found funding amount: 50000000
2025-04-14 14:36:12,913 - INFO - Extracted: Scritch - 3-Apr-24
2025-04-14 14:36:12,913 - INFO - Found funding amount: 500000
2025-04-14 14:36:12,942 - INFO - Extracted: nCompass Technologies - 3-Apr-24
2025-04-14 14:36:12,942 - INFO - Found funding amount: 500000
2025-04-14 14:36:12,971 - INFO - Extracted: Trieve - 3-Apr-24
2025-04-14 14:36:12,971 - INFO - Found funding amount: 500000
2025-04-14 14:36:13,021 - INFO - Extracted: DryMerge - 3-Apr-24
2025-04-14 14:36:13,021 - INFO - Found funding amount: 500000
2025-04-14 14:36:13,050 - INFO - Extracted: Permiso Security - 3-Apr-24
2025-04-14 14:36:13,050 - INFO - Found funding amount: 18500000
2025-04-14 14:36:13,095 - INFO - Extracted: Mango Health - 3-Apr-24
2025-04-14 14:36:13,095 - INFO - Found funding amount: 500000
2025-04-14 14:36:13,128 - INFO - Extracted: ion design - 3-Apr-24
2025-04-14 14:36:13,128 - INFO - Found funding amount: 500000
2025-04-14 14:36:13,157 - INFO - Extracted: Numo - 3-Apr-24
2025-04-14 14:36:13,157 - INFO - Found funding amount: 500000
2025-04-14 14:36:13,185 - INFO - Extracted: Celest - 3-Apr-24
2025-04-14 14:36:13,185 - INFO - Found funding amount: 500000
2025-04-14 14:36:13,215 - INFO - Extracted: Higgsfield - 3-Apr-24
2025-04-14 14:36:13,215 - INFO - Found funding amount: 8000000
2025-04-14 14:36:13,249 - INFO - Extracted: OpenFoundry - 3-Apr-24
2025-04-14 14:36:13,249 - INFO - Found funding amount: 500000
2025-04-14 14:36:13,281 - INFO - Extracted: Arch0 - 3-Apr-24
2025-04-14 14:36:13,281 - INFO - Found funding amount: 1250000
2025-04-14 14:36:13,310 - INFO - Extracted: Trellis - 3-Apr-24
2025-04-14 14:36:13,311 - INFO - Found funding amount: 500000
2025-04-14 14:36:13,339 - INFO - Extracted: PointOne Technologies - 3-Apr-24
2025-04-14 14:36:13,339 - INFO - Found funding amount: 500000
2025-04-14 14:36:13,369 - INFO - Extracted: Attunement - 3-Apr-24
2025-04-14 14:36:13,369 - INFO - Found funding amount: 500000
2025-04-14 14:36:13,369 - INFO - Successfully extracted 20 new companies from page 40
2025-04-14 14:36:13,369 - INFO - Attempting to navigate from page 40
2025-04-14 14:36:19,829 - INFO - JavaScript verification confirmed page changed
2025-04-14 14:36:20,961 - INFO - Extracting data from page 41
2025-04-14 14:36:21,986 - INFO - Trying standard table extraction
2025-04-14 14:36:22,045 - INFO - Found funding amount column at index 6
2025-04-14 14:36:22,050 - INFO - Found headquarters column at index 7
2025-04-14 14:36:22,060 - INFO - Found 22 potential data rows
2025-04-14 14:36:22,106 - INFO - Extracted: ego - 3-Apr-24
2025-04-14 14:36:22,106 - INFO - Found funding amount: 500000
2025-04-14 14:36:22,141 - INFO - Extracted: Retell AI - 3-Apr-24
2025-04-14 14:36:22,141 - INFO - Found funding amount: 4125000
2025-04-14 14:36:22,173 - INFO - Extracted: Paradigm - 3-Apr-24
2025-04-14 14:36:22,173 - INFO - Found funding amount: 500000
2025-04-14 14:36:22,207 - INFO - Extracted: SiftHub - 3-Apr-24
2025-04-14 14:36:22,207 - INFO - Found funding amount: 5500000
2025-04-14 14:36:22,236 - INFO - Extracted: Atopile - 3-Apr-24
2025-04-14 14:36:22,236 - INFO - Found funding amount: 500000
2025-04-14 14:36:22,265 - INFO - Extracted: Hemingway - 3-Apr-24
2025-04-14 14:36:22,265 - INFO - Found funding amount: 500000
2025-04-14 14:36:22,294 - INFO - Extracted: MAIHEM - 3-Apr-24
2025-04-14 14:36:22,294 - INFO - Found funding amount: 500000
2025-04-14 14:36:22,323 - INFO - Extracted: Airfront - 3-Apr-24
2025-04-14 14:36:22,323 - INFO - Found funding amount: 500000
2025-04-14 14:36:22,353 - INFO - Extracted: Maia - 3-Apr-24
2025-04-14 14:36:22,353 - INFO - Found funding amount: 500000
2025-04-14 14:36:22,431 - INFO - Extracted: Nuanced - 3-Apr-24
2025-04-14 14:36:22,432 - INFO - Found funding amount: 500000
2025-04-14 14:36:22,473 - INFO - Extracted: Lantern - 3-Apr-24
2025-04-14 14:36:22,473 - INFO - Found funding amount: 500000
2025-04-14 14:36:22,501 - INFO - Extracted: Patchwork - 3-Apr-24
2025-04-14 14:36:22,501 - INFO - Found funding amount: 500000
2025-04-14 14:36:22,529 - INFO - Extracted: Roe AI - 3-Apr-24
2025-04-14 14:36:22,529 - INFO - Found funding amount: 500000
2025-04-14 14:36:22,557 - INFO - Extracted: Creo - 3-Apr-24
2025-04-14 14:36:22,558 - INFO - Found funding amount: 500000
2025-04-14 14:36:22,586 - INFO - Extracted: Precip - 3-Apr-24
2025-04-14 14:36:22,586 - INFO - Found funding amount: 500000
2025-04-14 14:36:22,614 - INFO - Extracted: CloudCruise - 3-Apr-24
2025-04-14 14:36:22,614 - INFO - Found funding amount: 500000
2025-04-14 14:36:22,643 - INFO - Extracted: Intercept - 3-Apr-24
2025-04-14 14:36:22,643 - INFO - Found funding amount: 500000
2025-04-14 14:36:22,671 - INFO - Extracted: Duckie - 3-Apr-24
2025-04-14 14:36:22,671 - INFO - Found funding amount: 500000
2025-04-14 14:36:22,699 - INFO - Extracted: Swift - 3-Apr-24
2025-04-14 14:36:22,699 - INFO - Found funding amount: 500000
2025-04-14 14:36:22,726 - INFO - Extracted: Resonance - 3-Apr-24
2025-04-14 14:36:22,727 - INFO - Found funding amount: 500000
2025-04-14 14:36:22,727 - INFO - Successfully extracted 20 new companies from page 41
2025-04-14 14:36:22,727 - INFO - Attempting to navigate from page 41
2025-04-14 14:36:28,086 - INFO - JavaScript verification confirmed page changed
2025-04-14 14:36:29,127 - INFO - Extracting data from page 42
2025-04-14 14:36:30,318 - INFO - Trying standard table extraction
2025-04-14 14:36:30,365 - INFO - Found funding amount column at index 6
2025-04-14 14:36:30,369 - INFO - Found headquarters column at index 7
2025-04-14 14:36:30,379 - INFO - Found 22 potential data rows
2025-04-14 14:36:30,442 - INFO - Extracted: Yondu - 3-Apr-24
2025-04-14 14:36:30,442 - INFO - Found funding amount: 500000
2025-04-14 14:36:30,508 - INFO - Extracted: Ecliptor - 3-Apr-24
2025-04-14 14:36:30,509 - INFO - Found funding amount: 500000
2025-04-14 14:36:30,620 - INFO - Extracted: Assembly - 3-Apr-24
2025-04-14 14:36:30,620 - INFO - Found funding amount: 500000
2025-04-14 14:36:30,685 - INFO - Extracted: Parasale - 3-Apr-24
2025-04-14 14:36:30,685 - INFO - Found funding amount: 500000
2025-04-14 14:36:30,717 - INFO - Extracted: PartnerHQ - 3-Apr-24
2025-04-14 14:36:30,717 - INFO - Found funding amount: 500000
2025-04-14 14:36:30,790 - INFO - Extracted: Kabilah - 3-Apr-24
2025-04-14 14:36:30,791 - INFO - Found funding amount: 500000
2025-04-14 14:36:30,824 - INFO - Extracted: Relari - 3-Apr-24
2025-04-14 14:36:30,824 - INFO - Found funding amount: 500000
2025-04-14 14:36:30,859 - INFO - Extracted: Momentic - 3-Apr-24
2025-04-14 14:36:30,859 - INFO - Found funding amount: 500000
2025-04-14 14:36:30,893 - INFO - Extracted: Glimmer - 3-Apr-24
2025-04-14 14:36:30,893 - INFO - Found funding amount: 500000
2025-04-14 14:36:30,928 - INFO - Extracted: Homebase - 3-Apr-24
2025-04-14 14:36:30,928 - INFO - Found funding amount: 60000000
2025-04-14 14:36:30,963 - INFO - Extracted: Centralize - 3-Apr-24
2025-04-14 14:36:30,964 - INFO - Found funding amount: 500000
2025-04-14 14:36:31,000 - INFO - Extracted: Aidy - 3-Apr-24
2025-04-14 14:36:31,000 - INFO - Found funding amount: 500000
2025-04-14 14:36:31,041 - INFO - Extracted: Buster - 3-Apr-24
2025-04-14 14:36:31,041 - INFO - Found funding amount: 500000
2025-04-14 14:36:31,074 - INFO - Extracted: Meticulate - 3-Apr-24
2025-04-14 14:36:31,074 - INFO - Found funding amount: 500000
2025-04-14 14:36:31,106 - INFO - Extracted: RadMate AI - 3-Apr-24
2025-04-14 14:36:31,106 - INFO - Found funding amount: 500000
2025-04-14 14:36:31,140 - INFO - Extracted: Quantic - 3-Apr-24
2025-04-14 14:36:31,140 - INFO - Found funding amount: 500000
2025-04-14 14:36:31,178 - INFO - Extracted: Okapi - 3-Apr-24
2025-04-14 14:36:31,178 - INFO - Found funding amount: 500000
2025-04-14 14:36:31,223 - INFO - Extracted: Aether Energy - 3-Apr-24
2025-04-14 14:36:31,223 - INFO - Found funding amount: 500000
2025-04-14 14:36:31,254 - INFO - Extracted: Decipher AI - 3-Apr-24
2025-04-14 14:36:31,254 - INFO - Found funding amount: 500000
2025-04-14 14:36:31,284 - INFO - Extracted: Modal.io - 2-Apr-24
2025-04-14 14:36:31,284 - INFO - Found funding amount: 25000000
2025-04-14 14:36:31,284 - INFO - Successfully extracted 20 new companies from page 42
2025-04-14 14:36:31,284 - INFO - Attempting to navigate from page 42
2025-04-14 14:36:37,662 - INFO - JavaScript verification confirmed page changed
2025-04-14 14:36:38,112 - INFO - Extracting data from page 43
2025-04-14 14:36:39,095 - INFO - Trying standard table extraction
2025-04-14 14:36:39,159 - INFO - Found funding amount column at index 6
2025-04-14 14:36:39,164 - INFO - Found headquarters column at index 7
2025-04-14 14:36:39,173 - INFO - Found 22 potential data rows
2025-04-14 14:36:39,219 - INFO - Extracted: BurnBot - 2-Apr-24
2025-04-14 14:36:39,219 - INFO - Found funding amount: 20000000
2025-04-14 14:36:39,251 - INFO - Extracted: HelicitySpace - 2-Apr-24
2025-04-14 14:36:39,251 - INFO - Found funding amount: 5000000
2025-04-14 14:36:39,287 - INFO - Extracted: SESO - 2-Apr-24
2025-04-14 14:36:39,287 - INFO - Found funding amount: 26000000
2025-04-14 14:36:39,317 - INFO - Extracted: Lumana - 2-Apr-24
2025-04-14 14:36:39,317 - INFO - Found funding amount: 24000000
2025-04-14 14:36:39,346 - INFO - Extracted: Delivery Collective - 2-Apr-24
2025-04-14 14:36:39,346 - INFO - Found funding amount: 3800000
2025-04-14 14:36:39,377 - INFO - Extracted: Meedan - 2-Apr-24
2025-04-14 14:36:39,377 - INFO - Found funding amount: 2000000
2025-04-14 14:36:39,409 - INFO - Extracted: NobleAI - 2-Apr-24
2025-04-14 14:36:39,409 - INFO - Found funding amount: 10000000
2025-04-14 14:36:39,438 - INFO - Extracted: Allermi - 1-Apr-24
2025-04-14 14:36:39,439 - INFO - Found funding amount: 3500000
2025-04-14 14:36:39,469 - INFO - Extracted: BioConsortia - 1-Apr-24
2025-04-14 14:36:39,469 - INFO - Found funding amount: 15000000
2025-04-14 14:36:39,499 - INFO - Extracted: Skyflow - 28-Mar-24
2025-04-14 14:36:39,499 - INFO - Found funding amount: 30000000
2025-04-14 14:36:39,529 - INFO - Extracted: Vizcom - 28-Mar-24
2025-04-14 14:36:39,529 - INFO - Found funding amount: 20000000
2025-04-14 14:36:39,559 - INFO - Extracted: Float Health - 28-Mar-24
2025-04-14 14:36:39,559 - INFO - Found funding amount: 10000000
2025-04-14 14:36:39,590 - INFO - Extracted: Spintly - 28-Mar-24
2025-04-14 14:36:39,590 - INFO - Found funding amount: 500000
2025-04-14 14:36:39,647 - INFO - Extracted: Aeovian Pharmaceuticals - 28-Mar-24
2025-04-14 14:36:39,647 - INFO - Found funding amount: 50000000
2025-04-14 14:36:39,679 - INFO - Extracted: ValidMind - 27-Mar-24
2025-04-14 14:36:39,679 - INFO - Found funding amount: 8100000
2025-04-14 14:36:39,708 - INFO - Extracted: Ensis - 27-Mar-24
2025-04-14 14:36:39,708 - INFO - Found funding amount: 4000000
2025-04-14 14:36:39,738 - INFO - Extracted: YourChoice Therapeutics - 27-Mar-24
2025-04-14 14:36:39,738 - INFO - Found funding amount: 500000
2025-04-14 14:36:39,769 - INFO - Extracted: TurbineOne - 27-Mar-24
2025-04-14 14:36:39,769 - INFO - Found funding amount: 15000000
2025-04-14 14:36:39,800 - INFO - Extracted: JobPixel - 27-Mar-24
2025-04-14 14:36:39,800 - INFO - Found funding amount: 4700000
2025-04-14 14:36:39,830 - INFO - Extracted: OneNotary - 26-Mar-24
2025-04-14 14:36:39,830 - INFO - Found funding amount: 5000000
2025-04-14 14:36:39,831 - INFO - Successfully extracted 20 new companies from page 43
2025-04-14 14:36:39,831 - INFO - Attempting to navigate from page 43
2025-04-14 14:36:46,040 - INFO - JavaScript verification confirmed page changed
2025-04-14 14:36:47,153 - INFO - Extracting data from page 44
2025-04-14 14:36:47,711 - INFO - Trying standard table extraction
2025-04-14 14:36:47,769 - INFO - Found funding amount column at index 6
2025-04-14 14:36:47,777 - INFO - Found headquarters column at index 7
2025-04-14 14:36:47,786 - INFO - Found 22 potential data rows
2025-04-14 14:36:47,833 - INFO - Extracted: Fieldguide - 26-Mar-24
2025-04-14 14:36:47,833 - INFO - Found funding amount: 30000000
2025-04-14 14:36:47,865 - INFO - Extracted: Brightside Health - 26-Mar-24
2025-04-14 14:36:47,865 - INFO - Found funding amount: 33000000
2025-04-14 14:36:47,896 - INFO - Extracted: Picogrid - 26-Mar-24
2025-04-14 14:36:47,897 - INFO - Found funding amount: 12319995
2025-04-14 14:36:47,928 - INFO - Extracted: OpenPipe - 26-Mar-24
2025-04-14 14:36:47,928 - INFO - Found funding amount: 6700000
2025-04-14 14:36:47,957 - INFO - Extracted: ionobell - 26-Mar-24
2025-04-14 14:36:47,957 - INFO - Found funding amount: 3900000
2025-04-14 14:36:47,990 - INFO - Extracted: Activeloop - 26-Mar-24
2025-04-14 14:36:47,990 - INFO - Found funding amount: 11000000
2025-04-14 14:36:48,024 - INFO - Extracted: Bedrock Security - 26-Mar-24
2025-04-14 14:36:48,025 - INFO - Found funding amount: 10000000
2025-04-14 14:36:48,057 - INFO - Extracted: Charlee.ai - 25-Mar-24
2025-04-14 14:36:48,057 - INFO - Found funding amount: 0
2025-04-14 14:36:48,094 - INFO - Extracted: Propel - 25-Mar-24
2025-04-14 14:36:48,094 - INFO - Found funding amount: 1050000
2025-04-14 14:36:48,170 - INFO - Extracted: Circular.co - 25-Mar-24
2025-04-14 14:36:48,170 - INFO - Found funding amount: 5300000
2025-04-14 14:36:48,204 - INFO - Extracted: Profluent Bio - 21-Mar-24
2025-04-14 14:36:48,204 - INFO - Found funding amount: 35000000
2025-04-14 14:36:48,236 - INFO - Extracted: Espresso Systems - 21-Mar-24
2025-04-14 14:36:48,236 - INFO - Found funding amount: 28000000
2025-04-14 14:36:48,267 - INFO - Extracted: Ediphi - 21-Mar-24
2025-04-14 14:36:48,267 - INFO - Found funding amount: 12000000
2025-04-14 14:36:48,297 - INFO - Extracted: Foundry - 21-Mar-24
2025-04-14 14:36:48,297 - INFO - Found funding amount: 80000000
2025-04-14 14:36:48,329 - INFO - Extracted: Tarsal - 21-Mar-24
2025-04-14 14:36:48,329 - INFO - Found funding amount: 6000000
2025-04-14 14:36:48,363 - INFO - Extracted: Buzz Solutions - 20-Mar-24
2025-04-14 14:36:48,363 - INFO - Found funding amount: 5000000
2025-04-14 14:36:48,395 - INFO - Extracted: Airmyne - 20-Mar-24
2025-04-14 14:36:48,395 - INFO - Found funding amount: 6900000
2025-04-14 14:36:48,428 - INFO - Extracted: Mermaid Chart - 20-Mar-24
2025-04-14 14:36:48,428 - INFO - Found funding amount: 7575000
2025-04-14 14:36:48,462 - INFO - Extracted: Euno - 19-Mar-24
2025-04-14 14:36:48,462 - INFO - Found funding amount: 6250000
2025-04-14 14:36:48,492 - INFO - Extracted: RapidFire AI - 19-Mar-24
2025-04-14 14:36:48,492 - INFO - Found funding amount: 4034999
2025-04-14 14:36:48,492 - INFO - Successfully extracted 20 new companies from page 44
2025-04-14 14:36:48,492 - INFO - Attempting to navigate from page 44
2025-04-14 14:36:54,275 - INFO - JavaScript verification confirmed page changed
2025-04-14 14:36:55,273 - INFO - Extracting data from page 45
2025-04-14 14:36:55,930 - INFO - Trying standard table extraction
2025-04-14 14:36:56,001 - INFO - Found funding amount column at index 6
2025-04-14 14:36:56,008 - INFO - Found headquarters column at index 7
2025-04-14 14:36:56,020 - INFO - Found 22 potential data rows
2025-04-14 14:36:56,071 - INFO - Extracted: EKA Solutions - 19-Mar-24
2025-04-14 14:36:56,071 - INFO - Found funding amount: 150000
2025-04-14 14:36:56,105 - INFO - Extracted: Lumino - 19-Mar-24
2025-04-14 14:36:56,106 - INFO - Found funding amount: 2800000
2025-04-14 14:36:56,138 - INFO - Extracted: Chambr - 18-Mar-24
2025-04-14 14:36:56,138 - INFO - Found funding amount: 20000
2025-04-14 14:36:56,169 - INFO - Extracted: Carbonated - 15-Mar-24
2025-04-14 14:36:56,169 - INFO - Found funding amount: 11000000
2025-04-14 14:36:56,209 - INFO - Extracted: Unstructured Technologies - 14-Mar-24
2025-04-14 14:36:56,209 - INFO - Found funding amount: 40000000
2025-04-14 14:36:56,260 - INFO - Extracted: Omni - 14-Mar-24
2025-04-14 14:36:56,260 - INFO - Found funding amount: 20000000
2025-04-14 14:36:56,296 - INFO - Extracted: inDrive - 14-Mar-24
2025-04-14 14:36:56,296 - INFO - Found funding amount: 150000000
2025-04-14 14:36:56,329 - INFO - Extracted: Lily AI - 14-Mar-24
2025-04-14 14:36:56,329 - INFO - Found funding amount: 20000000
2025-04-14 14:36:56,361 - INFO - Extracted: Horizon Treatment Services - 14-Mar-24
2025-04-14 14:36:56,362 - INFO - Found funding amount: 1000000
2025-04-14 14:36:56,392 - INFO - Extracted: Vertosa - 14-Mar-24
2025-04-14 14:36:56,393 - INFO - Found funding amount: 0
2025-04-14 14:36:56,423 - INFO - Extracted: Clique - 14-Mar-24
2025-04-14 14:36:56,423 - INFO - Found funding amount: 8000000
2025-04-14 14:36:56,452 - INFO - Extracted: Sierra Gold Nurseries - 14-Mar-24
2025-04-14 14:36:56,452 - INFO - Found funding amount: 0
2025-04-14 14:36:56,482 - INFO - Extracted: Orbillion Bio - 14-Mar-24
2025-04-14 14:36:56,482 - INFO - Found funding amount: 0
2025-04-14 14:36:56,515 - INFO - Extracted: Redcoat AI - 14-Mar-24
2025-04-14 14:36:56,515 - INFO - Found funding amount: 4240000
2025-04-14 14:36:56,548 - INFO - Extracted: Assort Health - 14-Mar-24
2025-04-14 14:36:56,548 - INFO - Found funding amount: 3500000
2025-04-14 14:36:56,581 - INFO - Extracted: Deep Origin - 13-Mar-24
2025-04-14 14:36:56,581 - INFO - Found funding amount: 25500000
2025-04-14 14:36:56,616 - INFO - Extracted: LiveKit - 13-Mar-24
2025-04-14 14:36:56,616 - INFO - Found funding amount: 19742076
2025-04-14 14:36:56,651 - INFO - Extracted: Voxeleron - 13-Mar-24
2025-04-14 14:36:56,651 - INFO - Found funding amount: 0
2025-04-14 14:36:56,683 - INFO - Extracted: Nozomi Networks - 13-Mar-24
2025-04-14 14:36:56,683 - INFO - Found funding amount: 100000000
2025-04-14 14:36:56,713 - INFO - Extracted: Fermat Commerce - 13-Mar-24
2025-04-14 14:36:56,713 - INFO - Found funding amount: 17000000
2025-04-14 14:36:56,713 - INFO - Successfully extracted 20 new companies from page 45
2025-04-14 14:36:56,713 - INFO - Attempting to navigate from page 45
2025-04-14 14:37:02,973 - INFO - JavaScript verification confirmed page changed
2025-04-14 14:37:04,230 - INFO - Extracting data from page 46
2025-04-14 14:37:04,740 - INFO - Trying standard table extraction
2025-04-14 14:37:04,781 - INFO - Found funding amount column at index 6
2025-04-14 14:37:04,785 - INFO - Found headquarters column at index 7
2025-04-14 14:37:04,795 - INFO - Found 22 potential data rows
2025-04-14 14:37:04,886 - INFO - Extracted: Astronuts - 13-Mar-24
2025-04-14 14:37:04,886 - INFO - Found funding amount: 0
2025-04-14 14:37:04,928 - INFO - Extracted: eDNA Explorer - 13-Mar-24
2025-04-14 14:37:04,928 - INFO - Found funding amount: 500000
2025-04-14 14:37:04,964 - INFO - Extracted: Big Sur AI - 13-Mar-24
2025-04-14 14:37:04,964 - INFO - Found funding amount: 6900000
2025-04-14 14:37:05,001 - INFO - Extracted: HalseyPoint Asset Management - 13-Mar-24
2025-04-14 14:37:05,001 - INFO - Found funding amount: 0
2025-04-14 14:37:05,040 - INFO - Extracted: Luminary Cloud - 13-Mar-24
2025-04-14 14:37:05,040 - INFO - Found funding amount: 115000000
2025-04-14 14:37:05,078 - INFO - Extracted: Furno - 13-Mar-24
2025-04-14 14:37:05,078 - INFO - Found funding amount: 6500000
2025-04-14 14:37:05,112 - INFO - Extracted: Smartschool - 13-Mar-24
2025-04-14 14:37:05,112 - INFO - Found funding amount: 1500000
2025-04-14 14:37:05,146 - INFO - Extracted: NanoNets - 12-Mar-24
2025-04-14 14:37:05,146 - INFO - Found funding amount: 29000000
2025-04-14 14:37:05,178 - INFO - Extracted: Amara Organic Foods - 12-Mar-24
2025-04-14 14:37:05,178 - INFO - Found funding amount: 20000000
2025-04-14 14:37:05,210 - INFO - Extracted: Vouch - 11-Mar-24
2025-04-14 14:37:05,210 - INFO - Found funding amount: 25000000
2025-04-14 14:37:05,243 - INFO - Extracted: Forest Neurotech - 11-Mar-24
2025-04-14 14:37:05,243 - INFO - Found funding amount: 14000000
2025-04-14 14:37:05,277 - INFO - Extracted: Applied Intuition - 11-Mar-24
2025-04-14 14:37:05,277 - INFO - Found funding amount: 250000000
2025-04-14 14:37:05,321 - INFO - Extracted: Bear Robotics - 11-Mar-24
2025-04-14 14:37:05,321 - INFO - Found funding amount: 60000000
2025-04-14 14:37:05,356 - INFO - Extracted: Key - 11-Mar-24
2025-04-14 14:37:05,356 - INFO - Found funding amount: 4300000
2025-04-14 14:37:05,387 - INFO - Extracted: Eigen Therapeutics - 11-Mar-24
2025-04-14 14:37:05,387 - INFO - Found funding amount: 0
2025-04-14 14:37:05,418 - INFO - Extracted: RealSeq Biosciences - 11-Mar-24
2025-04-14 14:37:05,418 - INFO - Found funding amount: 1500000
2025-04-14 14:37:05,449 - INFO - Extracted: Eclipse - 11-Mar-24
2025-04-14 14:37:05,449 - INFO - Found funding amount: 50000000
2025-04-14 14:37:05,479 - INFO - Extracted: Foundation Health - 11-Mar-24
2025-04-14 14:37:05,479 - INFO - Found funding amount: 6000000
2025-04-14 14:37:05,509 - INFO - Extracted: Huski.ai - 8-Mar-24
2025-04-14 14:37:05,509 - INFO - Found funding amount: 4250010
2025-04-14 14:37:05,539 - INFO - Extracted: Ondas Networks - 8-Mar-24
2025-04-14 14:37:05,539 - INFO - Found funding amount: 4500000
2025-04-14 14:37:05,540 - INFO - Successfully extracted 20 new companies from page 46
2025-04-14 14:37:05,540 - INFO - Attempting to navigate from page 46
2025-04-14 14:37:11,424 - INFO - JavaScript verification confirmed page changed
2025-04-14 14:37:12,135 - INFO - Extracting data from page 47
2025-04-14 14:37:12,888 - INFO - Trying standard table extraction
2025-04-14 14:37:12,948 - INFO - Found funding amount column at index 6
2025-04-14 14:37:12,953 - INFO - Found headquarters column at index 7
2025-04-14 14:37:12,962 - INFO - Found 22 potential data rows
2025-04-14 14:37:13,007 - INFO - Extracted: NeuroAge Therapeutics - 7-Mar-24
2025-04-14 14:37:13,007 - INFO - Found funding amount: 250000
2025-04-14 14:37:13,042 - INFO - Extracted: Neural Propulsion Systems - 7-Mar-24
2025-04-14 14:37:13,042 - INFO - Found funding amount: 17500000
2025-04-14 14:37:13,077 - INFO - Extracted: Best Day Brewing - 7-Mar-24
2025-04-14 14:37:13,077 - INFO - Found funding amount: 10000000
2025-04-14 14:37:13,108 - INFO - Extracted: Reach Security - 7-Mar-24
2025-04-14 14:37:13,108 - INFO - Found funding amount: 20000000
2025-04-14 14:37:13,140 - INFO - Extracted: Brevian - 7-Mar-24
2025-04-14 14:37:13,140 - INFO - Found funding amount: 9000000
2025-04-14 14:37:13,171 - INFO - Extracted: Alumis - 6-Mar-24
2025-04-14 14:37:13,171 - INFO - Found funding amount: 259000000
2025-04-14 14:37:13,203 - INFO - Extracted: Abstract - 6-Mar-24
2025-04-14 14:37:13,203 - INFO - Found funding amount: 4256483
2025-04-14 14:37:13,234 - INFO - Extracted: Altro (fka Perch) - 6-Mar-24
2025-04-14 14:37:13,234 - INFO - Found funding amount: 4000000
2025-04-14 14:37:13,265 - INFO - Extracted: Remofirst - 6-Mar-24
2025-04-14 14:37:13,266 - INFO - Found funding amount: 25000000
2025-04-14 14:37:13,296 - INFO - Extracted: Proof of Impact - 6-Mar-24
2025-04-14 14:37:13,296 - INFO - Found funding amount: 569985
2025-04-14 14:37:13,326 - INFO - Extracted: Firewall - 6-Mar-24
2025-04-14 14:37:13,326 - INFO - Found funding amount: 3700000
2025-04-14 14:37:13,357 - INFO - Extracted: Glacier - 6-Mar-24
2025-04-14 14:37:13,357 - INFO - Found funding amount: 7700000
2025-04-14 14:37:13,388 - INFO - Extracted: Jabali - 6-Mar-24
2025-04-14 14:37:13,388 - INFO - Found funding amount: 5000000
2025-04-14 14:37:13,418 - INFO - Extracted: Dtex Systems - 5-Mar-24
2025-04-14 14:37:13,418 - INFO - Found funding amount: 50000000
2025-04-14 14:37:13,460 - INFO - Extracted: Ubicloud - 5-Mar-24
2025-04-14 14:37:13,460 - INFO - Found funding amount: 16000000
2025-04-14 14:37:13,494 - INFO - Extracted: Openprise - 5-Mar-24
2025-04-14 14:37:13,494 - INFO - Found funding amount: 25000000
2025-04-14 14:37:13,523 - INFO - Extracted: appCD - 5-Mar-24
2025-04-14 14:37:13,523 - INFO - Found funding amount: 6000000
2025-04-14 14:37:13,553 - INFO - Extracted: RIOS - 5-Mar-24
2025-04-14 14:37:13,553 - INFO - Found funding amount: 13000000
2025-04-14 14:37:13,582 - INFO - Extracted: Baseten - 4-Mar-24
2025-04-14 14:37:13,582 - INFO - Found funding amount: 40000000
2025-04-14 14:37:13,616 - INFO - Extracted: GALY - 4-Mar-24
2025-04-14 14:37:13,616 - INFO - Found funding amount: 20149994
2025-04-14 14:37:13,616 - INFO - Successfully extracted 20 new companies from page 47
2025-04-14 14:37:13,616 - INFO - Attempting to navigate from page 47
2025-04-14 14:37:19,201 - INFO - JavaScript verification confirmed page changed
2025-04-14 14:37:20,321 - INFO - Extracting data from page 48
2025-04-14 14:37:21,367 - INFO - Trying standard table extraction
2025-04-14 14:37:21,428 - INFO - Found funding amount column at index 6
2025-04-14 14:37:21,432 - INFO - Found headquarters column at index 7
2025-04-14 14:37:21,442 - INFO - Found 22 potential data rows
2025-04-14 14:37:21,498 - INFO - Extracted: Headlands Research - 4-Mar-24
2025-04-14 14:37:21,498 - INFO - Found funding amount: 249997
2025-04-14 14:37:21,528 - INFO - Extracted: treet - 4-Mar-24
2025-04-14 14:37:21,528 - INFO - Found funding amount: 10000000
2025-04-14 14:37:21,560 - INFO - Extracted: Entrada - 4-Mar-24
2025-04-14 14:37:21,560 - INFO - Found funding amount: 0
2025-04-14 14:37:21,592 - INFO - Extracted: Momentous - 29-Feb-24
2025-04-14 14:37:21,592 - INFO - Found funding amount: 0
2025-04-14 14:37:21,622 - INFO - Extracted: FirstHive - 29-Feb-24
2025-04-14 14:37:21,622 - INFO - Found funding amount: 5089250
2025-04-14 14:37:21,652 - INFO - Extracted: Elemeno Health - 29-Feb-24
2025-04-14 14:37:21,652 - INFO - Found funding amount: 3350344
2025-04-14 14:37:21,681 - INFO - Extracted: PawCo Foods - 29-Feb-24
2025-04-14 14:37:21,682 - INFO - Found funding amount: 2000000
2025-04-14 14:37:21,711 - INFO - Extracted: BioCorRx - 28-Feb-24
2025-04-14 14:37:21,711 - INFO - Found funding amount: 11000000
2025-04-14 14:37:21,741 - INFO - Extracted: Range Energy - 28-Feb-24
2025-04-14 14:37:21,741 - INFO - Found funding amount: 23500000
2025-04-14 14:37:21,772 - INFO - Extracted: BloomTech - 28-Feb-24
2025-04-14 14:37:21,772 - INFO - Found funding amount: 14602342
2025-04-14 14:37:21,802 - INFO - Extracted: Backpack - 28-Feb-24
2025-04-14 14:37:21,802 - INFO - Found funding amount: 17000000
2025-04-14 14:37:21,832 - INFO - Extracted: Mineprism Inc. - 28-Feb-24
2025-04-14 14:37:21,832 - INFO - Found funding amount: 75000
2025-04-14 14:37:21,862 - INFO - Extracted: Parspec - 27-Feb-24
2025-04-14 14:37:21,862 - INFO - Found funding amount: 11500000
2025-04-14 14:37:21,892 - INFO - Extracted: Catch+Release - 27-Feb-24
2025-04-14 14:37:21,893 - INFO - Found funding amount: 8800000
2025-04-14 14:37:21,922 - INFO - Extracted: MoneyHash - 27-Feb-24
2025-04-14 14:37:21,922 - INFO - Found funding amount: 4500000
2025-04-14 14:37:21,951 - INFO - Extracted: Reo.Dev - 27-Feb-24
2025-04-14 14:37:21,951 - INFO - Found funding amount: 1200000
2025-04-14 14:37:21,980 - INFO - Extracted: Campfire - 27-Feb-24
2025-04-14 14:37:21,980 - INFO - Found funding amount: 3500000
2025-04-14 14:37:22,010 - INFO - Extracted: Axiom Cloud - 27-Feb-24
2025-04-14 14:37:22,010 - INFO - Found funding amount: 5000000
2025-04-14 14:37:22,040 - INFO - Extracted: Inkitt - 27-Feb-24
2025-04-14 14:37:22,040 - INFO - Found funding amount: 37000000
2025-04-14 14:37:22,072 - INFO - Extracted: EPRI - 26-Feb-24
2025-04-14 14:37:22,072 - INFO - Found funding amount: 3400000
2025-04-14 14:37:22,072 - INFO - Successfully extracted 20 new companies from page 48
2025-04-14 14:37:22,072 - INFO - Attempting to navigate from page 48
2025-04-14 14:37:27,408 - INFO - JavaScript verification confirmed page changed
2025-04-14 14:37:28,573 - INFO - Extracting data from page 49
2025-04-14 14:37:29,723 - INFO - Trying standard table extraction
2025-04-14 14:37:29,818 - INFO - Found funding amount column at index 6
2025-04-14 14:37:29,824 - INFO - Found headquarters column at index 7
2025-04-14 14:37:29,841 - INFO - Found 22 potential data rows
2025-04-14 14:37:29,931 - INFO - Extracted: Alamar Biosciences - 26-Feb-24
2025-04-14 14:37:29,931 - INFO - Found funding amount: 100000000
2025-04-14 14:37:29,979 - INFO - Extracted: FlowGPT - 26-Feb-24
2025-04-14 14:37:29,979 - INFO - Found funding amount: 10000000
2025-04-14 14:37:30,019 - INFO - Extracted: mTAB - 26-Feb-24
2025-04-14 14:37:30,019 - INFO - Found funding amount: 15000000
2025-04-14 14:37:30,065 - INFO - Extracted: InsightRX - 23-Feb-24
2025-04-14 14:37:30,065 - INFO - Found funding amount: 0
2025-04-14 14:37:30,119 - INFO - Extracted: Elve - 22-Feb-24
2025-04-14 14:37:30,120 - INFO - Found funding amount: 15000000
2025-04-14 14:37:30,168 - INFO - Extracted: PermitFlow - 21-Feb-24
2025-04-14 14:37:30,168 - INFO - Found funding amount: 31000000
2025-04-14 14:37:30,244 - INFO - Extracted: Jamix - 21-Feb-24
2025-04-14 14:37:30,244 - INFO - Found funding amount: 3000000
2025-04-14 14:37:30,294 - INFO - Extracted: Hadrian - 21-Feb-24
2025-04-14 14:37:30,294 - INFO - Found funding amount: 92000000
2025-04-14 14:37:30,328 - INFO - Extracted: Empowerly - 21-Feb-24
2025-04-14 14:37:30,328 - INFO - Found funding amount: 15000000
2025-04-14 14:37:30,379 - INFO - Extracted: Orkes - 21-Feb-24
2025-04-14 14:37:30,379 - INFO - Found funding amount: 20000000
2025-04-14 14:37:30,415 - INFO - Extracted: Power Life Science - 21-Feb-24
2025-04-14 14:37:30,415 - INFO - Found funding amount: 11900000
2025-04-14 14:37:30,455 - INFO - Extracted: ElastiFlow - 21-Feb-24
2025-04-14 14:37:30,455 - INFO - Found funding amount: 5000000
2025-04-14 14:37:30,487 - INFO - Extracted: NodeShift - 21-Feb-24
2025-04-14 14:37:30,487 - INFO - Found funding amount: 3200000
2025-04-14 14:37:30,539 - INFO - Extracted: VectorShift - 21-Feb-24
2025-04-14 14:37:30,539 - INFO - Found funding amount: 3000000
2025-04-14 14:37:30,573 - INFO - Extracted: Blue Wire - 20-Feb-24
2025-04-14 14:37:30,573 - INFO - Found funding amount: 0
2025-04-14 14:37:30,604 - INFO - Extracted: Zonexus - 20-Feb-24
2025-04-14 14:37:30,604 - INFO - Found funding amount: 1149998
2025-04-14 14:37:30,636 - INFO - Extracted: Recogni - 20-Feb-24
2025-04-14 14:37:30,636 - INFO - Found funding amount: 102000000
2025-04-14 14:37:30,667 - INFO - Extracted: HighRI Optics - 20-Feb-24
2025-04-14 14:37:30,667 - INFO - Found funding amount: 1099995
2025-04-14 14:37:30,704 - INFO - Extracted: Arini - 19-Feb-24
2025-04-14 14:37:30,704 - INFO - Found funding amount: 500000
2025-04-14 14:37:30,767 - INFO - Extracted: Alembic - 15-Feb-24
2025-04-14 14:37:30,767 - INFO - Found funding amount: 14000000
2025-04-14 14:37:30,767 - INFO - Successfully extracted 20 new companies from page 49
2025-04-14 14:37:30,767 - INFO - Attempting to navigate from page 49
2025-04-14 14:37:37,427 - INFO - JavaScript verification confirmed page changed
2025-04-14 14:37:38,596 - INFO - Extracting data from page 50
2025-04-14 14:37:38,949 - INFO - Trying standard table extraction
2025-04-14 14:37:39,009 - INFO - Found funding amount column at index 6
2025-04-14 14:37:39,014 - INFO - Found headquarters column at index 7
2025-04-14 14:37:39,023 - INFO - Found 22 potential data rows
2025-04-14 14:37:39,067 - INFO - Extracted: Scribe - 15-Feb-24
2025-04-14 14:37:39,068 - INFO - Found funding amount: 25000000
2025-04-14 14:37:39,097 - INFO - Extracted: Freenome - 15-Feb-24
2025-04-14 14:37:39,097 - INFO - Found funding amount: 254000000
2025-04-14 14:37:39,127 - INFO - Extracted: Guardrails AI - 15-Feb-24
2025-04-14 14:37:39,127 - INFO - Found funding amount: 7500000
2025-04-14 14:37:39,163 - INFO - Extracted: Zocks - 15-Feb-24
2025-04-14 14:37:39,163 - INFO - Found funding amount: 5500000
2025-04-14 14:37:39,194 - INFO - Extracted: LangChain - 15-Feb-24
2025-04-14 14:37:39,194 - INFO - Found funding amount: 25000000
2025-04-14 14:37:39,224 - INFO - Extracted: testRigor - 15-Feb-24
2025-04-14 14:37:39,224 - INFO - Found funding amount: 0
2025-04-14 14:37:39,253 - INFO - Extracted: Kairos Aerospace - 15-Feb-24
2025-04-14 14:37:39,253 - INFO - Found funding amount: 52000000
2025-04-14 14:37:39,282 - INFO - Extracted: Sanitas AI - 15-Feb-24
2025-04-14 14:37:39,282 - INFO - Found funding amount: 0
2025-04-14 14:37:39,315 - INFO - Extracted: cPacket Networks - 14-Feb-24
2025-04-14 14:37:39,315 - INFO - Found funding amount: 67000000
2025-04-14 14:37:39,344 - INFO - Extracted: Artie - 14-Feb-24
2025-04-14 14:37:39,344 - INFO - Found funding amount: 3300000
2025-04-14 14:37:39,373 - INFO - Extracted: SkyOne Federal Credit Union - 14-Feb-24
2025-04-14 14:37:39,373 - INFO - Found funding amount: 2750000
2025-04-14 14:37:39,402 - INFO - Extracted: Hippo Harvest - 14-Feb-24
2025-04-14 14:37:39,402 - INFO - Found funding amount: 21000000
2025-04-14 14:37:39,431 - INFO - Extracted: Planette - 14-Feb-24
2025-04-14 14:37:39,431 - INFO - Found funding amount: 2400000
2025-04-14 14:37:39,460 - INFO - Extracted: Rasa - 14-Feb-24
2025-04-14 14:37:39,460 - INFO - Found funding amount: 30000000
2025-04-14 14:37:39,488 - INFO - Extracted: Meter - 13-Feb-24
2025-04-14 14:37:39,489 - INFO - Found funding amount: 35000000
2025-04-14 14:37:39,517 - INFO - Extracted: Skylo - 13-Feb-24
2025-04-14 14:37:39,517 - INFO - Found funding amount: 37000000
2025-04-14 14:37:39,547 - INFO - Extracted: Mindy - 13-Feb-24
2025-04-14 14:37:39,547 - INFO - Found funding amount: 6000000
2025-04-14 14:37:39,576 - INFO - Extracted: Savor - 13-Feb-24
2025-04-14 14:37:39,576 - INFO - Found funding amount: 23000000
2025-04-14 14:37:39,604 - INFO - Extracted: Camus Energy - 13-Feb-24
2025-04-14 14:37:39,604 - INFO - Found funding amount: 10000000
2025-04-14 14:37:39,636 - INFO - Extracted: Chalk - 13-Feb-24
2025-04-14 14:37:39,636 - INFO - Found funding amount: 338298
2025-04-14 14:37:39,636 - INFO - Successfully extracted 20 new companies from page 50
2025-04-14 14:37:39,636 - INFO - Attempting to navigate from page 50
2025-04-14 14:37:45,744 - INFO - JavaScript verification confirmed page changed
2025-04-14 14:37:46,743 - INFO - Extracting data from page 51
2025-04-14 14:37:47,220 - INFO - Trying standard table extraction
2025-04-14 14:37:47,285 - INFO - Found funding amount column at index 6
2025-04-14 14:37:47,293 - INFO - Found headquarters column at index 7
2025-04-14 14:37:47,303 - INFO - Found 22 potential data rows
2025-04-14 14:37:47,359 - INFO - Extracted: SocialCoach - 13-Feb-24
2025-04-14 14:37:47,359 - INFO - Found funding amount: 1000000
2025-04-14 14:37:47,395 - INFO - Extracted: Motif Analytics - 12-Feb-24
2025-04-14 14:37:47,395 - INFO - Found funding amount: 5700000
2025-04-14 14:37:47,539 - INFO - Extracted: Heliux - 12-Feb-24
2025-04-14 14:37:47,539 - INFO - Found funding amount: 2265000
2025-04-14 14:37:47,568 - INFO - Extracted: Lilac Solutions - 12-Feb-24
2025-04-14 14:37:47,568 - INFO - Found funding amount: 145000000
2025-04-14 14:37:47,597 - INFO - Extracted: Magic - 12-Feb-24
2025-04-14 14:37:47,597 - INFO - Found funding amount: 117332923
2025-04-14 14:37:47,627 - INFO - Extracted: LeoLabs - 12-Feb-24
2025-04-14 14:37:47,627 - INFO - Found funding amount: 29000000
2025-04-14 14:37:47,656 - INFO - Extracted: Modern Treasury - 10-Feb-24
2025-04-14 14:37:47,656 - INFO - Found funding amount: 1000000000
2025-04-14 14:37:47,687 - INFO - Extracted: THINKIN - 9-Feb-24
2025-04-14 14:37:47,687 - INFO - Found funding amount: 0
2025-04-14 14:37:47,717 - INFO - Extracted: Unlearn.AI - 8-Feb-24
2025-04-14 14:37:47,717 - INFO - Found funding amount: 50000000
2025-04-14 14:37:47,747 - INFO - Extracted: Handle - 8-Feb-24
2025-04-14 14:37:47,747 - INFO - Found funding amount: 0
2025-04-14 14:37:47,789 - INFO - Extracted: Partners Capital - 8-Feb-24
2025-04-14 14:37:47,789 - INFO - Found funding amount: 0
2025-04-14 14:37:47,828 - INFO - Extracted: Vocode - 8-Feb-24
2025-04-14 14:37:47,828 - INFO - Found funding amount: 3250000
2025-04-14 14:37:47,865 - INFO - Extracted: brd BOT - 8-Feb-24
2025-04-14 14:37:47,865 - INFO - Found funding amount: 100000
2025-04-14 14:37:47,904 - INFO - Extracted: FuzzLand - 8-Feb-24
2025-04-14 14:37:47,904 - INFO - Found funding amount: 3000000
2025-04-14 14:37:47,940 - INFO - Extracted: Overflow - 7-Feb-24
2025-04-14 14:37:47,940 - INFO - Found funding amount: 20000000
2025-04-14 14:37:47,976 - INFO - Extracted: Polycam - 7-Feb-24
2025-04-14 14:37:47,976 - INFO - Found funding amount: 18000000
2025-04-14 14:37:48,007 - INFO - Extracted: Simplify - 7-Feb-24
2025-04-14 14:37:48,007 - INFO - Found funding amount: 3000000
2025-04-14 14:37:48,036 - INFO - Extracted: OutSail Shipping - 7-Feb-24
2025-04-14 14:37:48,036 - INFO - Found funding amount: 500000
2025-04-14 14:37:48,066 - INFO - Extracted: Upstock - 7-Feb-24
2025-04-14 14:37:48,067 - INFO - Found funding amount: 13000000
2025-04-14 14:37:48,099 - INFO - Extracted: Shepherd - 7-Feb-24
2025-04-14 14:37:48,099 - INFO - Found funding amount: 13500000
2025-04-14 14:37:48,099 - INFO - Successfully extracted 20 new companies from page 51
2025-04-14 14:37:48,099 - INFO - Attempting to navigate from page 51
2025-04-14 14:37:53,949 - INFO - JavaScript verification confirmed page changed
2025-04-14 14:37:55,195 - INFO - Extracting data from page 52
2025-04-14 14:37:55,705 - INFO - Trying standard table extraction
2025-04-14 14:37:55,762 - INFO - Found funding amount column at index 6
2025-04-14 14:37:55,766 - INFO - Found headquarters column at index 7
2025-04-14 14:37:55,775 - INFO - Found 22 potential data rows
2025-04-14 14:37:55,819 - INFO - Extracted: ZEDEDA - 7-Feb-24
2025-04-14 14:37:55,819 - INFO - Found funding amount: 72000000
2025-04-14 14:37:55,853 - INFO - Extracted: Aizon - 7-Feb-24
2025-04-14 14:37:55,853 - INFO - Found funding amount: 20000000
2025-04-14 14:37:55,886 - INFO - Extracted: Attralus - 6-Feb-24
2025-04-14 14:37:55,886 - INFO - Found funding amount: 56000000
2025-04-14 14:37:55,918 - INFO - Extracted: Jam - 6-Feb-24
2025-04-14 14:37:55,918 - INFO - Found funding amount: 8900000
2025-04-14 14:37:55,948 - INFO - Extracted: Ambience Healthcare - 6-Feb-24
2025-04-14 14:37:55,948 - INFO - Found funding amount: 70000000
2025-04-14 14:37:55,977 - INFO - Extracted: Starship Technologies - 5-Feb-24
2025-04-14 14:37:55,977 - INFO - Found funding amount: 90000000
2025-04-14 14:37:56,007 - INFO - Extracted: Rigetti Computing - 5-Feb-24
2025-04-14 14:37:56,008 - INFO - Found funding amount: 0
2025-04-14 14:37:56,037 - INFO - Extracted: LightBeam.ai - 1-Feb-24
2025-04-14 14:37:56,037 - INFO - Found funding amount: 17800000
2025-04-14 14:37:56,068 - INFO - Extracted: Artera - 1-Feb-24
2025-04-14 14:37:56,068 - INFO - Found funding amount: 20000000
2025-04-14 14:37:56,096 - INFO - Extracted: Watershed - 1-Feb-24
2025-04-14 14:37:56,096 - INFO - Found funding amount: 100000000
2025-04-14 14:37:56,128 - INFO - Extracted: CARPL.ai - 1-Feb-24
2025-04-14 14:37:56,128 - INFO - Found funding amount: 6000000
2025-04-14 14:37:56,158 - INFO - Extracted: Coris - 1-Feb-24
2025-04-14 14:37:56,158 - INFO - Found funding amount: 3700000
2025-04-14 14:37:56,187 - INFO - Extracted: Mountaintop Studios - 31-Jan-24
2025-04-14 14:37:56,187 - INFO - Found funding amount: 30000000
2025-04-14 14:37:56,217 - INFO - Extracted: Metronome - 31-Jan-24
2025-04-14 14:37:56,217 - INFO - Found funding amount: 43000000
2025-04-14 14:37:56,246 - INFO - Extracted: Reken - 31-Jan-24
2025-04-14 14:37:56,246 - INFO - Found funding amount: 10000000
2025-04-14 14:37:56,275 - INFO - Extracted: Aiden Automotive Technologies - 31-Jan-24
2025-04-14 14:37:56,276 - INFO - Found funding amount: 0
2025-04-14 14:37:56,304 - INFO - Extracted: Inngest - 30-Jan-24
2025-04-14 14:37:56,305 - INFO - Found funding amount: 6100000
2025-04-14 14:37:56,334 - INFO - Extracted: Nile - 30-Jan-24
2025-04-14 14:37:56,334 - INFO - Found funding amount: 11600000
2025-04-14 14:37:56,362 - INFO - Extracted: Aster - 30-Jan-24
2025-04-14 14:37:56,362 - INFO - Found funding amount: 2400000
2025-04-14 14:37:56,393 - INFO - Extracted: HyperBeeAI - 30-Jan-24
2025-04-14 14:37:56,394 - INFO - Found funding amount: 0
2025-04-14 14:37:56,394 - INFO - Successfully extracted 20 new companies from page 52
2025-04-14 14:37:56,394 - INFO - Attempting to navigate from page 52
2025-04-14 14:38:02,324 - INFO - JavaScript verification confirmed page changed
2025-04-14 14:38:03,277 - INFO - Extracting data from page 53
2025-04-14 14:38:04,283 - INFO - Trying standard table extraction
2025-04-14 14:38:04,433 - INFO - Found funding amount column at index 6
2025-04-14 14:38:04,437 - INFO - Found headquarters column at index 7
2025-04-14 14:38:04,446 - INFO - Found 22 potential data rows
2025-04-14 14:38:04,492 - INFO - Extracted: Plex - 30-Jan-24
2025-04-14 14:38:04,492 - INFO - Found funding amount: 40000000
2025-04-14 14:38:04,525 - INFO - Extracted: Alchemist Accelerator - 30-Jan-24
2025-04-14 14:38:04,525 - INFO - Found funding amount: 2000000
2025-04-14 14:38:04,556 - INFO - Extracted: resistanceBio - 29-Jan-24
2025-04-14 14:38:04,556 - INFO - Found funding amount: 12776288
2025-04-14 14:38:04,587 - INFO - Extracted: Mesh - 29-Jan-24
2025-04-14 14:38:04,587 - INFO - Found funding amount: 6500000
2025-04-14 14:38:04,618 - INFO - Extracted: Chef Robotics - 26-Jan-24
2025-04-14 14:38:04,618 - INFO - Found funding amount: 10500000
2025-04-14 14:38:04,649 - INFO - Extracted: Perfumeo - 26-Jan-24
2025-04-14 14:38:04,649 - INFO - Found funding amount: 1000000
2025-04-14 14:38:04,680 - INFO - Extracted: Bastille Networks Internet Security - 25-Jan-24
2025-04-14 14:38:04,680 - INFO - Found funding amount: 44000000
2025-04-14 14:38:04,712 - INFO - Extracted: ViralMoment - 25-Jan-24
2025-04-14 14:38:04,712 - INFO - Found funding amount: 2500000
2025-04-14 14:38:04,743 - INFO - Extracted: Integral Development Corp - 25-Jan-24
2025-04-14 14:38:04,743 - INFO - Found funding amount: 30000000
2025-04-14 14:38:04,777 - INFO - Extracted: Audioshake - 25-Jan-24
2025-04-14 14:38:04,777 - INFO - Found funding amount: 1400000
2025-04-14 14:38:04,807 - INFO - Extracted: Aniai - 24-Jan-24
2025-04-14 14:38:04,808 - INFO - Found funding amount: 12000000
2025-04-14 14:38:04,838 - INFO - Extracted: unSkript, Inc - 24-Jan-24
2025-04-14 14:38:04,838 - INFO - Found funding amount: 3750000
2025-04-14 14:38:04,868 - INFO - Extracted: Masa - 23-Jan-24
2025-04-14 14:38:04,869 - INFO - Found funding amount: 5400000
2025-04-14 14:38:04,898 - INFO - Extracted: AiDash - 23-Jan-24
2025-04-14 14:38:04,898 - INFO - Found funding amount: 50000000
2025-04-14 14:38:04,928 - INFO - Extracted: SER Capital Partners - 23-Jan-24
2025-04-14 14:38:04,928 - INFO - Found funding amount: 0
2025-04-14 14:38:04,957 - INFO - Extracted: Snorkel AI - 23-Jan-24
2025-04-14 14:38:04,958 - INFO - Found funding amount: 0
2025-04-14 14:38:04,987 - INFO - Extracted: Synthesis AI - 23-Jan-24
2025-04-14 14:38:04,987 - INFO - Found funding amount: 168889
2025-04-14 14:38:05,019 - INFO - Extracted: RagaAI Inc. - 23-Jan-24
2025-04-14 14:38:05,019 - INFO - Found funding amount: 4700000
2025-04-14 14:38:05,050 - INFO - Extracted: SmithRx - 23-Jan-24
2025-04-14 14:38:05,050 - INFO - Found funding amount: 60000000
2025-04-14 14:38:05,085 - INFO - Extracted: GenEdit - 23-Jan-24
2025-04-14 14:38:05,085 - INFO - Found funding amount: 24000000
2025-04-14 14:38:05,085 - INFO - Successfully extracted 20 new companies from page 53
2025-04-14 14:38:05,085 - INFO - Attempting to navigate from page 53
2025-04-14 14:38:11,322 - INFO - JavaScript verification confirmed page changed
2025-04-14 14:38:12,085 - INFO - Extracting data from page 54
2025-04-14 14:38:12,836 - INFO - Trying standard table extraction
2025-04-14 14:38:12,894 - INFO - Found funding amount column at index 6
2025-04-14 14:38:12,899 - INFO - Found headquarters column at index 7
2025-04-14 14:38:12,908 - INFO - Found 22 potential data rows
2025-04-14 14:38:12,955 - INFO - Extracted: Neatleaf - 23-Jan-24
2025-04-14 14:38:12,955 - INFO - Found funding amount: 4000000
2025-04-14 14:38:12,986 - INFO - Extracted: Clerk - 23-Jan-24
2025-04-14 14:38:12,986 - INFO - Found funding amount: 30000000
2025-04-14 14:38:13,017 - INFO - Extracted: Ohana Real Estate Investors - 22-Jan-24
2025-04-14 14:38:13,017 - INFO - Found funding amount: 59000000
2025-04-14 14:38:13,049 - INFO - Extracted: Salas O'Brien - 22-Jan-24
2025-04-14 14:38:13,049 - INFO - Found funding amount: 0
2025-04-14 14:38:13,081 - INFO - Extracted: Captura - 22-Jan-24
2025-04-14 14:38:13,081 - INFO - Found funding amount: 21500000
2025-04-14 14:38:13,112 - INFO - Extracted: Better Stack - 22-Jan-24
2025-04-14 14:38:13,113 - INFO - Found funding amount: 10000000
2025-04-14 14:38:13,150 - INFO - Extracted: Bluedot - 22-Jan-24
2025-04-14 14:38:13,151 - INFO - Found funding amount: 5000000
2025-04-14 14:38:13,184 - INFO - Extracted: BuildClub - 22-Jan-24
2025-04-14 14:38:13,184 - INFO - Found funding amount: 1200000
2025-04-14 14:38:13,215 - INFO - Extracted: Metafoodx - 18-Jan-24
2025-04-14 14:38:13,215 - INFO - Found funding amount: 3000000
2025-04-14 14:38:13,248 - INFO - Extracted: Safary - 18-Jan-24
2025-04-14 14:38:13,248 - INFO - Found funding amount: 2400000
2025-04-14 14:38:13,279 - INFO - Extracted: zbyte - 18-Jan-24
2025-04-14 14:38:13,279 - INFO - Found funding amount: 4000000
2025-04-14 14:38:13,308 - INFO - Extracted: Forta - 17-Jan-24
2025-04-14 14:38:13,308 - INFO - Found funding amount: 55000000
2025-04-14 14:38:13,337 - INFO - Extracted: Incognia - 17-Jan-24
2025-04-14 14:38:13,337 - INFO - Found funding amount: 30999967
2025-04-14 14:38:13,367 - INFO - Extracted: Blueshift - 16-Jan-24
2025-04-14 14:38:13,367 - INFO - Found funding amount: 40000000
2025-04-14 14:38:13,397 - INFO - Extracted: Lutheran Social Services of Southern California - 16-Jan-24
2025-04-14 14:38:13,397 - INFO - Found funding amount: 0
2025-04-14 14:38:13,427 - INFO - Extracted: Blue Planet - 16-Jan-24
2025-04-14 14:38:13,427 - INFO - Found funding amount: 0
2025-04-14 14:38:13,459 - INFO - Extracted: Topia - 16-Jan-24
2025-04-14 14:38:13,459 - INFO - Found funding amount: 24440609
2025-04-14 14:38:13,490 - INFO - Extracted: Noctrix Health - 16-Jan-24
2025-04-14 14:38:13,490 - INFO - Found funding amount: 40000000
2025-04-14 14:38:13,520 - INFO - Extracted: Fonda Technologies - 16-Jan-24
2025-04-14 14:38:13,520 - INFO - Found funding amount: 749998
2025-04-14 14:38:13,553 - INFO - Extracted: Chezuba - 12-Jan-24
2025-04-14 14:38:13,553 - INFO - Found funding amount: 1400000
2025-04-14 14:38:13,553 - INFO - Successfully extracted 20 new companies from page 54
2025-04-14 14:38:13,553 - INFO - Attempting to navigate from page 54
2025-04-14 14:38:19,945 - INFO - JavaScript verification confirmed page changed
2025-04-14 14:38:20,662 - INFO - Extracting data from page 55
2025-04-14 14:38:21,719 - INFO - Trying standard table extraction
2025-04-14 14:38:21,752 - INFO - Found funding amount column at index 6
2025-04-14 14:38:21,756 - INFO - Found headquarters column at index 7
2025-04-14 14:38:21,764 - INFO - Found 22 potential data rows
2025-04-14 14:38:21,806 - INFO - Extracted: Rune Labs - 11-Jan-24
2025-04-14 14:38:21,806 - INFO - Found funding amount: 12000000
2025-04-14 14:38:21,837 - INFO - Extracted: Viavi Solutions - 11-Jan-24
2025-04-14 14:38:21,837 - INFO - Found funding amount: 21700000
2025-04-14 14:38:21,869 - INFO - Extracted: Pier - 11-Jan-24
2025-04-14 14:38:21,869 - INFO - Found funding amount: 2400000
2025-04-14 14:38:21,899 - INFO - Extracted: FlutterFlow - 11-Jan-24
2025-04-14 14:38:21,899 - INFO - Found funding amount: 25500000
2025-04-14 14:38:21,948 - INFO - Extracted: Velou - 11-Jan-24
2025-04-14 14:38:21,948 - INFO - Found funding amount: 4000000
2025-04-14 14:38:21,980 - INFO - Extracted: Echo Labs - 10-Jan-24
2025-04-14 14:38:21,980 - INFO - Found funding amount: 7700000
2025-04-14 14:38:22,012 - INFO - Extracted: Quora - 10-Jan-24
2025-04-14 14:38:22,012 - INFO - Found funding amount: 75000000
2025-04-14 14:38:22,044 - INFO - Extracted: Rainbow - 10-Jan-24
2025-04-14 14:38:22,045 - INFO - Found funding amount: 12000000
2025-04-14 14:38:22,077 - INFO - Extracted: Shimmer - 10-Jan-24
2025-04-14 14:38:22,077 - INFO - Found funding amount: 2200000
2025-04-14 14:38:22,108 - INFO - Extracted: Leap AI - 9-Jan-24
2025-04-14 14:38:22,108 - INFO - Found funding amount: 1400000
2025-04-14 14:38:22,143 - INFO - Extracted: Raising the Future - 9-Jan-24
2025-04-14 14:38:22,143 - INFO - Found funding amount: 10000000
2025-04-14 14:38:22,183 - INFO - Extracted: Feel Therapeutics - 9-Jan-24
2025-04-14 14:38:22,183 - INFO - Found funding amount: 0
2025-04-14 14:38:22,215 - INFO - Extracted: Luma AI - 9-Jan-24
2025-04-14 14:38:22,215 - INFO - Found funding amount: 43000000
2025-04-14 14:38:22,249 - INFO - Extracted: anecdotes - 9-Jan-24
2025-04-14 14:38:22,249 - INFO - Found funding amount: 25000000
2025-04-14 14:38:22,282 - INFO - Extracted: MedaSystems - 9-Jan-24
2025-04-14 14:38:22,282 - INFO - Found funding amount: 0
2025-04-14 14:38:22,313 - INFO - Extracted: Revagenix - 5-Jan-24
2025-04-14 14:38:22,314 - INFO - Found funding amount: 0
2025-04-14 14:38:22,357 - INFO - Extracted: UpDoc - 5-Jan-24
2025-04-14 14:38:22,357 - INFO - Found funding amount: 0
2025-04-14 14:38:22,440 - INFO - Extracted: Department of Behavioral Health - 4-Jan-24
2025-04-14 14:38:22,440 - INFO - Found funding amount: 21800000
2025-04-14 14:38:22,469 - INFO - Extracted: Moonwalk Biosciences - 4-Jan-24
2025-04-14 14:38:22,469 - INFO - Found funding amount: 57000000
2025-04-14 14:38:22,498 - INFO - Extracted: Human Immunology Biosciences - 4-Jan-24
2025-04-14 14:38:22,498 - INFO - Found funding amount: 95000000
2025-04-14 14:38:22,498 - INFO - Successfully extracted 20 new companies from page 55
2025-04-14 14:38:22,498 - INFO - Attempting to navigate from page 55
2025-04-14 14:38:28,625 - INFO - JavaScript verification confirmed page changed
2025-04-14 14:38:29,140 - INFO - Extracting data from page 56
2025-04-14 14:38:30,182 - INFO - Trying standard table extraction
2025-04-14 14:38:30,223 - INFO - Found funding amount column at index 6
2025-04-14 14:38:30,227 - INFO - Found headquarters column at index 7
2025-04-14 14:38:30,234 - INFO - Found 5 potential data rows
2025-04-14 14:38:30,278 - INFO - Extracted: Perplexity AI - 4-Jan-24
2025-04-14 14:38:30,278 - INFO - Found funding amount: 70000000
2025-04-14 14:38:30,309 - INFO - Extracted: GSI Technology - 3-Jan-24
2025-04-14 14:38:30,309 - INFO - Found funding amount: 1100000
2025-04-14 14:38:30,339 - INFO - Extracted: Paceline - 1-Jan-24
2025-04-14 14:38:30,339 - INFO - Found funding amount: 0
2025-04-14 14:38:30,339 - INFO - Successfully extracted 3 new companies from page 56
2025-04-14 14:38:30,339 - INFO - Attempting to navigate from page 56
2025-04-14 14:38:36,026 - INFO - JavaScript verification confirmed page changed
2025-04-14 14:38:37,078 - INFO - Extracting data from page 57
2025-04-14 14:38:37,706 - INFO - Trying standard table extraction
2025-04-14 14:38:37,765 - INFO - Found funding amount column at index 6
2025-04-14 14:38:37,770 - INFO - Found headquarters column at index 7
2025-04-14 14:38:37,779 - INFO - Found 5 potential data rows
2025-04-14 14:38:37,893 - INFO - Retry attempt 1 for data extraction
2025-04-14 14:38:39,089 - INFO - Trying standard table extraction
2025-04-14 14:38:39,146 - INFO - Found funding amount column at index 6
2025-04-14 14:38:39,151 - INFO - Found headquarters column at index 7
2025-04-14 14:38:39,160 - INFO - Found 5 potential data rows
2025-04-14 14:38:39,260 - INFO - Retry attempt 2 for data extraction
2025-04-14 14:38:41,105 - INFO - Refreshing page for final extraction attempt
2025-04-14 14:38:44,884 - INFO - Found overlay using selector: //div[contains(@class, 'conv-wrap')]
2025-04-14 14:38:44,897 - INFO - No close button found, removing overlay with JavaScript
2025-04-14 14:38:46,030 - INFO - Found overlay using selector: //div[contains(@class, 'overlay')]
2025-04-14 14:38:46,036 - INFO - No close button found, removing overlay with JavaScript
2025-04-14 14:38:47,871 - INFO - Trying standard table extraction
2025-04-14 14:38:47,927 - INFO - Found funding amount column at index 6
2025-04-14 14:38:47,931 - INFO - Found headquarters column at index 7
2025-04-14 14:38:47,942 - INFO - Found 22 potential data rows
2025-04-14 14:38:48,548 - WARNING - No new companies found on page 57. Empty page count: 1
2025-04-14 14:38:48,548 - INFO - Attempting to navigate from page 57
2025-04-14 14:38:54,851 - INFO - JavaScript verification confirmed page changed
2025-04-14 14:38:56,010 - INFO - Extracting data from page 58
2025-04-14 14:38:56,787 - INFO - Trying standard table extraction
2025-04-14 14:38:56,846 - INFO - Found funding amount column at index 6
2025-04-14 14:38:56,851 - INFO - Found headquarters column at index 7
2025-04-14 14:38:56,862 - INFO - Found 22 potential data rows
2025-04-14 14:38:57,438 - INFO - Retry attempt 1 for data extraction
2025-04-14 14:38:58,766 - INFO - Trying standard table extraction
2025-04-14 14:38:58,825 - INFO - Found funding amount column at index 6
2025-04-14 14:38:58,830 - INFO - Found headquarters column at index 7
2025-04-14 14:38:58,840 - INFO - Found 22 potential data rows
2025-04-14 14:38:59,419 - INFO - Retry attempt 2 for data extraction
2025-04-14 14:39:01,061 - INFO - Refreshing page for final extraction attempt
2025-04-14 14:39:04,173 - INFO - Found overlay using selector: //div[contains(@class, 'conv-wrap')]
2025-04-14 14:39:04,182 - INFO - No close button found, removing overlay with JavaScript
2025-04-14 14:39:05,374 - INFO - Found overlay using selector: //div[contains(@class, 'overlay')]
2025-04-14 14:39:05,381 - INFO - No close button found, removing overlay with JavaScript
2025-04-14 14:39:07,273 - INFO - Trying standard table extraction
2025-04-14 14:39:07,327 - INFO - Found funding amount column at index 6
2025-04-14 14:39:07,332 - INFO - Found headquarters column at index 7
2025-04-14 14:39:07,352 - INFO - Found 22 potential data rows
2025-04-14 14:39:07,967 - WARNING - No new companies found on page 58. Empty page count: 2
2025-04-14 14:39:07,967 - INFO - Stopping after 2 consecutive empty pages
2025-04-14 14:39:07,970 - INFO - Created extraction directory at /Users/hk/Downloads/DSFinalYearProject/fundraise_data/fundraise_data_20250414_143907
2025-04-14 14:39:07,978 - INFO - Successfully saved 1103 records to /Users/hk/Downloads/DSFinalYearProject/fundraise_data/fundraise_data_20250414_143907/startups_20250414_143907.csv
2025-04-14 14:39:07,985 - INFO - Successfully saved JSON data to /Users/hk/Downloads/DSFinalYearProject/fundraise_data/fundraise_data_20250414_143907/startups_20250414_143907.json
2025-04-14 14:39:07,985 - INFO - Saved extraction stats to /Users/hk/Downloads/DSFinalYearProject/fundraise_data/fundraise_data_20250414_143907/extraction_stats.json
2025-04-14 14:39:07,987 - INFO - Extraction completed in 522.47 seconds
2025-04-14 14:39:07,987 - INFO - Extracted 1103 companies from 58 pages
2025-04-14 14:39:07,987 - INFO - Found 1103 unique companies
2025-04-14 14:39:07,987 - INFO - Most recent funding dates: ['1-Apr-24', '1-Aug-24', '1-Feb-24', '1-Jan-24', '1-Jul-24']
2025-04-14 14:39:08,122 - INFO - WebDriver closed
2025-04-14 14:39:08,123 - INFO - Next extraction scheduled for: 2025-04-15 14:39:08
