2025-03-23 21:17:23,747 - bay_area_startup_scraper - INFO - Starting Bay Area startup data collection
2025-03-23 21:17:23,747 - bay_area_startup_scraper - INFO - Created output directory: startup_data
2025-03-23 21:17:23,747 - bay_area_startup_scraper - INFO - Scraping Y Combinator data for san-francisco-bay-area
2025-03-23 21:17:24,798 - bay_area_startup_scraper - INFO - Scraped 0 startups from Y Combinator
2025-03-23 21:17:29,125 - bay_area_startup_scraper - INFO - Scraping Growth List data
2025-03-23 21:17:29,546 - bay_area_startup_scraper - INFO - Scraped 50 startups from Growth List
2025-03-23 21:17:34,433 - bay_area_startup_scraper - INFO - Collected data on 50 unique startups
2025-03-23 21:17:34,451 - bay_area_startup_scraper - INFO - Data saved to startup_data/bay_area_startups.csv
2025-03-23 21:17:34,452 - bay_area_startup_scraper - INFO - Data saved to startup_data/bay_area_startups.json
2025-03-23 21:17:34,452 - bay_area_startup_scraper - INFO - Data analysis complete
2025-03-23 21:17:34,453 - bay_area_startup_scraper - INFO - Data collection complete
2025-03-23 21:41:38,960 - WDM - INFO - ====== WebDriver manager ======
2025-03-23 21:41:39,508 - WDM - INFO - Get LATEST chromedriver version for google-chrome
2025-03-23 21:41:39,625 - WDM - INFO - Get LATEST chromedriver version for google-chrome
2025-03-23 21:41:39,667 - WDM - INFO - Driver [/Users/hk/.wdm/drivers/chromedriver/mac64/134.0.6998.165/chromedriver-mac-arm64/chromedriver] found in cache
2025-03-23 21:41:42,555 - BayAreaStartupScraper - INFO - Starting Y Combinator scrape
2025-03-23 21:41:42,557 - BayAreaStartupScraper - INFO - Starting Growth List scrape
2025-03-23 21:41:42,557 - BayAreaStartupScraper - INFO - Starting Crunchbase scrape
2025-03-23 21:41:42,906 - BayAreaStartupScraper - ERROR - Crunchbase API error: 401 Client Error: Unauthorized for url: https://api.crunchbase.com/api/v4/searches/organizations
2025-03-23 21:41:42,913 - BayAreaStartupScraper - INFO - Saved 100 records to growth_list.csv
2025-03-23 21:42:13,677 - BayAreaStartupScraper - ERROR - YC scrape failed: Message: 
Stacktrace:
0   chromedriver                        0x000000010103b6c8 cxxbridge1$str$ptr + 2791212
1   chromedriver                        0x0000000101033c9c cxxbridge1$str$ptr + 2759936
2   chromedriver                        0x0000000100b85e30 cxxbridge1$string$len + 92928
3   chromedriver                        0x0000000100bcd170 cxxbridge1$string$len + 384576
4   chromedriver                        0x0000000100c0e5f8 cxxbridge1$string$len + 651976
5   chromedriver                        0x0000000100bc12fc cxxbridge1$string$len + 335820
6   chromedriver                        0x00000001010006c4 cxxbridge1$str$ptr + 2549544
7   chromedriver                        0x0000000101003988 cxxbridge1$str$ptr + 2562540
8   chromedriver                        0x0000000100fe071c cxxbridge1$str$ptr + 2418560
9   chromedriver                        0x00000001010041e8 cxxbridge1$str$ptr + 2564684
10  chromedriver                        0x0000000100fd1750 cxxbridge1$str$ptr + 2357172
11  chromedriver                        0x0000000101023f58 cxxbridge1$str$ptr + 2695100
12  chromedriver                        0x00000001010240e0 cxxbridge1$str$ptr + 2695492
13  chromedriver                        0x0000000101033910 cxxbridge1$str$ptr + 2759028
14  libsystem_pthread.dylib             0x0000000187e23fa8 _pthread_start + 148
15  libsystem_pthread.dylib             0x0000000187e1eda0 thread_start + 8

2025-03-23 21:48:06,997 - WDM - INFO - ====== WebDriver manager ======
2025-03-23 21:48:07,155 - WDM - INFO - Get LATEST chromedriver version for google-chrome
2025-03-23 21:48:07,235 - WDM - INFO - Get LATEST chromedriver version for google-chrome
2025-03-23 21:48:07,272 - WDM - INFO - Driver [/Users/hk/.wdm/drivers/chromedriver/mac64/134.0.6998.165/chromedriver-mac-arm64/chromedriver] found in cache
2025-03-23 21:48:08,930 - BayAreaScraper - INFO - Starting data collection...
2025-03-23 21:48:08,930 - BayAreaScraper - INFO - Starting Y Combinator scrape
2025-03-23 21:48:30,221 - BayAreaScraper - ERROR - YC scrape failed: Message: 
Stacktrace:
0   chromedriver                        0x00000001013336c8 cxxbridge1$str$ptr + 2791212
1   chromedriver                        0x000000010132bc9c cxxbridge1$str$ptr + 2759936
2   chromedriver                        0x0000000100e7de30 cxxbridge1$string$len + 92928
3   chromedriver                        0x0000000100ec5170 cxxbridge1$string$len + 384576
4   chromedriver                        0x0000000100f065f8 cxxbridge1$string$len + 651976
5   chromedriver                        0x0000000100eb92fc cxxbridge1$string$len + 335820
6   chromedriver                        0x00000001012f86c4 cxxbridge1$str$ptr + 2549544
7   chromedriver                        0x00000001012fb988 cxxbridge1$str$ptr + 2562540
8   chromedriver                        0x00000001012d871c cxxbridge1$str$ptr + 2418560
9   chromedriver                        0x00000001012fc1e8 cxxbridge1$str$ptr + 2564684
10  chromedriver                        0x00000001012c9750 cxxbridge1$str$ptr + 2357172
11  chromedriver                        0x000000010131bf58 cxxbridge1$str$ptr + 2695100
12  chromedriver                        0x000000010131c0e0 cxxbridge1$str$ptr + 2695492
13  chromedriver                        0x000000010132b910 cxxbridge1$str$ptr + 2759028
14  libsystem_pthread.dylib             0x0000000187e23fa8 _pthread_start + 148
15  libsystem_pthread.dylib             0x0000000187e1eda0 thread_start + 8

2025-03-23 21:48:44,669 - BayAreaScraper - INFO - Starting Growth List scrape
2025-03-23 21:48:45,799 - BayAreaScraper - INFO - Saved 0 records to growth_list.csv
2025-03-23 21:48:56,674 - BayAreaScraper - INFO - Starting Crunchbase scrape
2025-03-23 21:49:03,826 - BayAreaScraper - INFO - Saved 0 records to crunchbase.csv
2025-03-23 21:52:37,527 - WDM - INFO - ====== WebDriver manager ======
2025-03-23 21:52:37,961 - WDM - INFO - Get LATEST chromedriver version for google-chrome
2025-03-23 21:52:38,002 - WDM - INFO - Get LATEST chromedriver version for google-chrome
2025-03-23 21:52:38,038 - WDM - INFO - Driver [/Users/hk/.wdm/drivers/chromedriver/mac64/134.0.6998.165/chromedriver-mac-arm64/chromedriver] found in cache
2025-03-23 21:52:39,445 - BayAreaScraperPro - INFO - Starting enhanced data collection...
2025-03-23 21:52:39,445 - BayAreaScraperPro - INFO - Starting Y Combinator scrape
2025-03-23 21:52:57,902 - BayAreaScraperPro - INFO - Saved 0 records to ycombinator.csv
2025-03-23 21:53:12,798 - BayAreaScraperPro - INFO - Starting Growth List scrape
2025-03-23 21:53:13,890 - BayAreaScraperPro - INFO - Saved 0 records to growth_list.csv
2025-03-23 21:53:23,912 - BayAreaScraperPro - INFO - Starting Crunchbase scrape
2025-03-23 21:53:32,184 - BayAreaScraperPro - INFO - Saved 0 records to crunchbase.csv
2025-03-23 22:37:08,429 - WDM - INFO - ====== WebDriver manager ======
2025-03-23 22:37:08,586 - WDM - INFO - Get LATEST chromedriver version for google-chrome
2025-03-23 22:37:08,630 - WDM - INFO - Get LATEST chromedriver version for google-chrome
2025-03-23 22:37:08,736 - WDM - INFO - Driver [/Users/hk/.wdm/drivers/chromedriver/mac64/134.0.6998.165/chromedriver-mac-arm64/chromedriver] found in cache
2025-03-23 22:37:13,399 - BayAreaScraperPro - INFO - Starting data collection...
2025-03-23 22:37:13,402 - BayAreaScraperPro - INFO - Starting Y Combinator scrape
2025-03-23 22:37:34,463 - BayAreaScraperPro - ERROR - YC scrape failed: Message: 
Stacktrace:
0   chromedriver                        0x00000001048736c8 cxxbridge1$str$ptr + 2791212
1   chromedriver                        0x000000010486bc9c cxxbridge1$str$ptr + 2759936
2   chromedriver                        0x00000001043bde30 cxxbridge1$string$len + 92928
3   chromedriver                        0x0000000104405170 cxxbridge1$string$len + 384576
4   chromedriver                        0x00000001044465f8 cxxbridge1$string$len + 651976
5   chromedriver                        0x00000001043f92fc cxxbridge1$string$len + 335820
6   chromedriver                        0x00000001048386c4 cxxbridge1$str$ptr + 2549544
7   chromedriver                        0x000000010483b988 cxxbridge1$str$ptr + 2562540
8   chromedriver                        0x000000010481871c cxxbridge1$str$ptr + 2418560
9   chromedriver                        0x000000010483c1e8 cxxbridge1$str$ptr + 2564684
10  chromedriver                        0x0000000104809750 cxxbridge1$str$ptr + 2357172
11  chromedriver                        0x000000010485bf58 cxxbridge1$str$ptr + 2695100
12  chromedriver                        0x000000010485c0e0 cxxbridge1$str$ptr + 2695492
13  chromedriver                        0x000000010486b910 cxxbridge1$str$ptr + 2759028
14  libsystem_pthread.dylib             0x0000000187e23fa8 _pthread_start + 148
15  libsystem_pthread.dylib             0x0000000187e1eda0 thread_start + 8

2025-03-23 22:37:39,912 - BayAreaScraperPro - INFO - Starting Growth List scrape
2025-03-23 22:37:58,258 - BayAreaScraperPro - INFO - Saved 99 records to growth_list.csv
2025-03-23 22:38:07,752 - BayAreaScraperPro - INFO - Starting Crunchbase scrape
2025-03-23 22:38:36,165 - BayAreaScraperPro - ERROR - Crunchbase scrape failed: Message: 

2025-03-23 22:53:34,524 - WDM - INFO - ====== WebDriver manager ======
2025-03-23 22:53:34,671 - WDM - INFO - Get LATEST chromedriver version for google-chrome
2025-03-23 22:53:34,750 - WDM - INFO - Get LATEST chromedriver version for google-chrome
2025-03-23 22:53:34,786 - WDM - INFO - Driver [/Users/hk/.wdm/drivers/chromedriver/mac64/134.0.6998.165/chromedriver-mac-arm64/chromedriver] found in cache
2025-03-23 22:53:35,202 - undetected_chromedriver.patcher - INFO - patching driver executable /Users/hk/Library/Application Support/undetected_chromedriver/undetected_chromedriver
2025-03-23 22:53:38,635 - BayAreaScraperPro - INFO - Starting data collection...
2025-03-23 22:53:38,636 - BayAreaScraperPro - INFO - Starting Y Combinator scrape
2025-03-23 22:54:09,635 - BayAreaScraperPro - ERROR - YC scrape failed: Message: 
Stacktrace:
0   undetected_chromedriver             0x0000000102cc3568 undetected_chromedriver + 6088040
1   undetected_chromedriver             0x0000000102cbb17a undetected_chromedriver + 6054266
2   undetected_chromedriver             0x000000010275a540 undetected_chromedriver + 415040
3   undetected_chromedriver             0x00000001027ac0a0 undetected_chromedriver + 749728
4   undetected_chromedriver             0x00000001027ac2f1 undetected_chromedriver + 750321
5   undetected_chromedriver             0x00000001027fc764 undetected_chromedriver + 1079140
6   undetected_chromedriver             0x00000001027d241d undetected_chromedriver + 906269
7   undetected_chromedriver             0x00000001027f9a19 undetected_chromedriver + 1067545
8   undetected_chromedriver             0x00000001027d21c3 undetected_chromedriver + 905667
9   undetected_chromedriver             0x000000010279e05a undetected_chromedriver + 692314
10  undetected_chromedriver             0x000000010279f1b1 undetected_chromedriver + 696753
11  undetected_chromedriver             0x0000000102c82c90 undetected_chromedriver + 5823632
12  undetected_chromedriver             0x0000000102c86b44 undetected_chromedriver + 5839684
13  undetected_chromedriver             0x0000000102c5de86 undetected_chromedriver + 5672582
14  undetected_chromedriver             0x0000000102c8753b undetected_chromedriver + 5842235
15  undetected_chromedriver             0x0000000102c4c824 undetected_chromedriver + 5601316
16  undetected_chromedriver             0x0000000102ca9618 undetected_chromedriver + 5981720
17  undetected_chromedriver             0x0000000102ca97df undetected_chromedriver + 5982175
18  undetected_chromedriver             0x0000000102cbad58 undetected_chromedriver + 6053208
19  libsystem_pthread.dylib             0x00007ff801d5f1d3 _pthread_start + 125
20  libsystem_pthread.dylib             0x00007ff801d5abd3 thread_start + 15

2025-03-23 22:54:20,261 - BayAreaScraperPro - INFO - Starting Growth List scrape
2025-03-23 22:54:25,419 - BayAreaScraperPro - WARNING - No data to save for growth_list.csv
2025-03-23 22:54:36,458 - BayAreaScraperPro - INFO - Starting Crunchbase scrape
2025-03-23 22:54:50,786 - BayAreaScraperPro - WARNING - No data to save for crunchbase.csv
2025-03-23 23:00:14,304 - WDM - INFO - ====== WebDriver manager ======
2025-03-23 23:00:14,451 - WDM - INFO - Get LATEST chromedriver version for google-chrome
2025-03-23 23:00:14,494 - WDM - INFO - Get LATEST chromedriver version for google-chrome
2025-03-23 23:00:14,526 - WDM - INFO - Driver [/Users/hk/.wdm/drivers/chromedriver/mac64/134.0.6998.165/chromedriver-mac-arm64/chromedriver] found in cache
2025-03-23 23:00:14,936 - undetected_chromedriver.patcher - INFO - patching driver executable /Users/hk/Library/Application Support/undetected_chromedriver/undetected_chromedriver
2025-03-23 23:00:18,188 - BayAreaScraperPro - INFO - Starting data collection...
2025-03-23 23:00:18,189 - BayAreaScraperPro - INFO - Starting Y Combinator scrape
2025-03-23 23:00:49,794 - BayAreaScraperPro - ERROR - YC scrape failed: Message: 
Stacktrace:
0   undetected_chromedriver             0x00000001049c5568 undetected_chromedriver + 6088040
1   undetected_chromedriver             0x00000001049bd17a undetected_chromedriver + 6054266
2   undetected_chromedriver             0x000000010445c540 undetected_chromedriver + 415040
3   undetected_chromedriver             0x00000001044ae0a0 undetected_chromedriver + 749728
4   undetected_chromedriver             0x00000001044ae2f1 undetected_chromedriver + 750321
5   undetected_chromedriver             0x00000001044fe764 undetected_chromedriver + 1079140
6   undetected_chromedriver             0x00000001044d441d undetected_chromedriver + 906269
7   undetected_chromedriver             0x00000001044fba19 undetected_chromedriver + 1067545
8   undetected_chromedriver             0x00000001044d41c3 undetected_chromedriver + 905667
9   undetected_chromedriver             0x00000001044a005a undetected_chromedriver + 692314
10  undetected_chromedriver             0x00000001044a11b1 undetected_chromedriver + 696753
11  undetected_chromedriver             0x0000000104984c90 undetected_chromedriver + 5823632
12  undetected_chromedriver             0x0000000104988b44 undetected_chromedriver + 5839684
13  undetected_chromedriver             0x000000010495fe86 undetected_chromedriver + 5672582
14  undetected_chromedriver             0x000000010498953b undetected_chromedriver + 5842235
15  undetected_chromedriver             0x000000010494e824 undetected_chromedriver + 5601316
16  undetected_chromedriver             0x00000001049ab618 undetected_chromedriver + 5981720
17  undetected_chromedriver             0x00000001049ab7df undetected_chromedriver + 5982175
18  undetected_chromedriver             0x00000001049bcd58 undetected_chromedriver + 6053208
19  libsystem_pthread.dylib             0x00007ff81b7371d3 _pthread_start + 125
20  libsystem_pthread.dylib             0x00007ff81b732bd3 thread_start + 15

2025-03-23 23:01:02,895 - BayAreaScraperPro - INFO - Starting Growth List scrape
2025-03-23 23:01:07,805 - BayAreaScraperPro - WARNING - No data to save for growth_list.csv
2025-03-23 23:01:17,525 - BayAreaScraperPro - INFO - Starting Crunchbase scrape
2025-03-23 23:01:30,348 - BayAreaScraperPro - WARNING - No data to save for crunchbase.csv
2025-04-07 03:11:24,518 - startup_scraper - INFO - Scheduled scraping set up. Running daily at 3 AM and weekly on Monday at 9 AM.
2025-04-07 03:11:24,518 - startup_scraper - INFO - Waiting for scheduled run times...
2025-04-07 03:15:13,049 - INFO - Scheduler initialized. Next runs:
2025-04-07 03:15:13,049 - INFO - Job(interval=1, unit=days, do=run_scraper, args=(), kwargs={})
2025-04-07 03:15:13,049 - INFO - Job(interval=1, unit=weeks, do=run_scraper, args=(), kwargs={})
2025-04-07 05:03:21,038 - INFO - Starting initial data collection
2025-04-07 05:03:21,038 - INFO - Starting scraping job from https://topstartups.io/?hq_location=San+Francisco+Bay+Area&sort=funding
2025-04-07 05:03:21,038 - INFO - ====== WebDriver manager ======
2025-04-07 05:03:21,190 - INFO - Get LATEST chromedriver version for google-chrome
2025-04-07 05:03:21,260 - INFO - Get LATEST chromedriver version for google-chrome
2025-04-07 05:03:21,298 - INFO - Driver [/Users/hk/.wdm/drivers/chromedriver/mac64/134.0.6998.165/chromedriver-mac-arm64/chromedriver] found in cache
2025-04-07 05:03:24,138 - INFO - Page loaded, waiting for initial content...
2025-04-07 05:03:33,718 - INFO - Starting initial data collection
2025-04-07 05:03:33,718 - INFO - Starting scraping job from https://topstartups.io/?hq_location=San+Francisco+Bay+Area&sort=funding
2025-04-07 05:03:33,718 - INFO - ====== WebDriver manager ======
2025-04-07 05:03:33,857 - INFO - Get LATEST chromedriver version for google-chrome
2025-04-07 05:03:33,905 - INFO - Get LATEST chromedriver version for google-chrome
2025-04-07 05:03:33,943 - INFO - Driver [/Users/hk/.wdm/drivers/chromedriver/mac64/134.0.6998.165/chromedriver-mac-arm64/chromedriver] found in cache
2025-04-07 05:03:36,175 - INFO - Page loaded, waiting for initial content...
2025-04-07 05:04:01,573 - INFO - No more 'Show More' button found
2025-04-07 05:04:01,574 - INFO - All content loaded, extracting startup data...
2025-04-07 05:04:04,587 - INFO - Found 20 startup elements using selector: div.card
2025-04-07 05:04:05,313 - INFO - Processed 20/20 startup cards
2025-04-07 05:04:05,392 - INFO - Data saved to topstartups_data/startups_1744027445.json and topstartups_data/startups_1744027445.csv
2025-04-07 05:04:05,392 - INFO - Scraping complete. Collected data for 20 startups.
2025-04-07 05:04:05,392 - INFO - Setting up scheduled monitoring
2025-04-07 05:04:05,392 - INFO - Entering monitoring mode. Press Ctrl+C to exit.
2025-04-07 05:04:14,038 - INFO - Starting initial data collection
2025-04-07 05:04:14,038 - INFO - Starting scraping job from https://topstartups.io/?hq_location=San+Francisco+Bay+Area&sort=funding
2025-04-07 05:04:14,038 - INFO - ====== WebDriver manager ======
2025-04-07 05:04:14,121 - INFO - Get LATEST chromedriver version for google-chrome
2025-04-07 05:04:14,168 - INFO - Get LATEST chromedriver version for google-chrome
2025-04-07 05:04:14,204 - INFO - Driver [/Users/hk/.wdm/drivers/chromedriver/mac64/134.0.6998.165/chromedriver-mac-arm64/chromedriver] found in cache
2025-04-07 05:04:15,434 - INFO - Page loaded, waiting for initial content...
2025-04-07 05:04:41,537 - INFO - No more 'Show More' button found
2025-04-07 05:04:41,538 - INFO - All content loaded, extracting startup data...
2025-04-07 05:04:44,638 - INFO - Found 20 startup elements using selector: div.card
2025-04-07 05:04:46,334 - INFO - Processed 20/20 startup cards
2025-04-07 05:04:46,483 - INFO - Data saved to topstartups_data/startups_1744027486.json and topstartups_data/startups_1744027486.csv
2025-04-07 05:04:46,483 - INFO - Scraping complete. Collected data for 20 startups.
2025-04-07 05:04:46,483 - INFO - Setting up scheduled monitoring
2025-04-07 05:04:46,483 - INFO - Entering monitoring mode. Press Ctrl+C to exit.
2025-04-07 05:09:00,387 - INFO - Starting initial data collection
2025-04-07 05:09:00,387 - INFO - Starting scraping job from https://topstartups.io/?hq_location=San+Francisco+Bay+Area&sort=funding
2025-04-07 05:09:00,387 - INFO - ====== WebDriver manager ======
2025-04-07 05:09:00,522 - INFO - Get LATEST chromedriver version for google-chrome
2025-04-07 05:09:00,569 - INFO - Get LATEST chromedriver version for google-chrome
2025-04-07 05:09:00,606 - INFO - Driver [/Users/hk/.wdm/drivers/chromedriver/mac64/134.0.6998.165/chromedriver-mac-arm64/chromedriver] found in cache
2025-04-07 05:09:03,096 - INFO - Page loaded, waiting for initial content...
2025-04-07 05:09:28,514 - INFO - No more 'Show More' button found
2025-04-07 05:09:28,515 - INFO - All content loaded, extracting startup data...
2025-04-07 05:09:31,659 - INFO - Found 20 startup elements using selector: div.card
2025-04-07 05:09:33,502 - INFO - Processed 20/20 startup cards
2025-04-07 05:09:33,811 - INFO - Data saved to topstartups_data/startups_1744027773.json and topstartups_data/startups_1744027773.csv
2025-04-07 05:09:33,811 - INFO - Scraping complete. Collected data for 20 startups.
2025-04-07 05:09:33,812 - INFO - Setting up scheduled monitoring
2025-04-07 05:09:33,812 - INFO - Entering monitoring mode. Press Ctrl+C to exit.
2025-04-07 05:09:50,628 - INFO - Starting initial data collection
2025-04-07 05:09:50,628 - INFO - Starting scraping job from https://topstartups.io/?hq_location=San+Francisco+Bay+Area&sort=funding
2025-04-07 05:09:50,628 - INFO - ====== WebDriver manager ======
2025-04-07 05:09:50,760 - INFO - Get LATEST chromedriver version for google-chrome
2025-04-07 05:09:50,806 - INFO - Get LATEST chromedriver version for google-chrome
2025-04-07 05:09:50,842 - INFO - Driver [/Users/hk/.wdm/drivers/chromedriver/mac64/134.0.6998.165/chromedriver-mac-arm64/chromedriver] found in cache
2025-04-07 05:09:53,364 - INFO - Page loaded, waiting for initial content...
2025-04-07 05:10:18,834 - INFO - No more 'Show More' button found
2025-04-07 05:10:18,835 - INFO - All content loaded, extracting startup data...
2025-04-07 05:10:21,847 - INFO - Found 20 startup elements using selector: div.card
2025-04-07 05:10:22,578 - INFO - Processed 20/20 startup cards
2025-04-07 05:10:22,657 - INFO - Data saved to topstartups_data/startups_1744027822.json and topstartups_data/startups_1744027822.csv
2025-04-07 05:10:22,657 - INFO - Scraping complete. Collected data for 20 startups.
2025-04-07 05:10:22,657 - INFO - Setting up scheduled monitoring
2025-04-07 05:10:22,657 - INFO - Entering monitoring mode. Press Ctrl+C to exit.
2025-04-07 05:12:57,195 - INFO - Script terminated by user
2025-04-07 05:12:57,551 - INFO - Starting initial data collection
2025-04-07 05:12:57,552 - INFO - Starting scraping job from https://topstartups.io/?hq_location=San+Francisco+Bay+Area&sort=funding
2025-04-07 05:12:57,552 - INFO - ====== WebDriver manager ======
2025-04-07 05:12:57,702 - INFO - Get LATEST chromedriver version for google-chrome
2025-04-07 05:12:57,743 - INFO - Get LATEST chromedriver version for google-chrome
2025-04-07 05:12:57,781 - INFO - Driver [/Users/hk/.wdm/drivers/chromedriver/mac64/134.0.6998.165/chromedriver-mac-arm64/chromedriver] found in cache
2025-04-07 05:13:00,680 - INFO - Starting initial data collection
2025-04-07 05:13:00,680 - INFO - Starting scraping job from https://topstartups.io/?hq_location=San+Francisco+Bay+Area&sort=funding
2025-04-07 05:13:00,680 - INFO - ====== WebDriver manager ======
2025-04-07 05:13:00,767 - INFO - Get LATEST chromedriver version for google-chrome
2025-04-07 05:13:00,806 - INFO - Get LATEST chromedriver version for google-chrome
2025-04-07 05:13:00,839 - INFO - Driver [/Users/hk/.wdm/drivers/chromedriver/mac64/134.0.6998.165/chromedriver-mac-arm64/chromedriver] found in cache
2025-04-07 05:13:03,126 - INFO - Page loaded, waiting for initial content...
2025-04-07 05:13:28,612 - INFO - No more 'Show More' button found
2025-04-07 05:13:28,613 - INFO - All content loaded, extracting startup data...
2025-04-07 05:13:31,685 - INFO - Found 20 startup elements using selector: div.card
2025-04-07 05:13:32,906 - INFO - Processed 20/20 startup cards
2025-04-07 05:13:32,999 - INFO - Data saved to topstartups_data/startups_1744028012.json and topstartups_data/startups_1744028012.csv
2025-04-07 05:13:32,999 - INFO - Scraping complete. Collected data for 20 startups.
2025-04-07 05:13:32,999 - INFO - Setting up scheduled monitoring
2025-04-07 05:13:32,999 - INFO - Entering monitoring mode. Press Ctrl+C to exit.
2025-04-07 09:38:33,983 - WDM - INFO - ====== WebDriver manager ======
2025-04-07 09:38:34,136 - WDM - INFO - Get LATEST chromedriver version for google-chrome
2025-04-07 09:38:34,200 - WDM - INFO - Get LATEST chromedriver version for google-chrome
2025-04-07 09:38:34,234 - WDM - INFO - Driver [/Users/hk/.wdm/drivers/chromedriver/mac64/134.0.6998.165/chromedriver-mac-arm64/chromedriver] found in cache
2025-04-07 09:38:35,980 - StartupScraper - INFO - WebDriver set up successfully
2025-04-07 09:38:35,980 - StartupScraper - INFO - Navigating to https://topstartups.io/?hq_location=San+Francisco+Bay+Area&sort=funding
2025-04-07 09:38:36,932 - StartupScraper - INFO - Page loaded successfully
2025-04-07 09:38:37,138 - StartupScraper - INFO - Scrolling down the page...
2025-04-07 09:38:44,811 - StartupScraper - INFO - Reached the bottom of the page
2025-04-07 09:38:44,812 - StartupScraper - INFO - Finished scrolling after 0 scrolls
2025-04-07 09:38:47,549 - StartupScraper - INFO - Clicked element with text: Subscribe
Add Startup
Salary/Equity
Jobs
Startups



Find San Francisco Bay Area Startups
Track newest startups funded by top investors.
Powerful filters. Updates daily.

HQ:
Industry:
AI/Machine Learning
Analytics
Biotech
Collaboration
Consumer
Crypto/Blockchain
Cybersecurity
Data Science
E-Commerce
EdTech
Enterprise Software
FinTech
Gaming
Hardware
Healthcare
Marketplaces
Media
Retail
SaaS
Sales/Marketing
Space
Sustainability
Any industry
Size:
1-10 employees
11-50 employees
51-100 employees
101-200 employees
201-500 employees
501-1000 employees
1001-5000 employees
5000+ employees
Any size
Founded:
2021
2020
2019
2018
2017
2016
2015
2014
2013
2012
2011
Any year
Stage:
Pre-Seed
Seed
Series A
Series B
Series C
Series D
Series E
Series F
Series G
Series H
Series I
Post-IPO
Unknown
Any stage
Investor:
Accel
Andreessen Horowitz
Benchmark
Bessemer
Founders Fund
Khosla Ventures
Kleiner Perkins
Sequoia
Y Combinator
Any investor
Find matches

545 startups

Sort by:
Recent Funding
Highest Valuation
Recent Funding


Numeric
What they do:
Building the next-gen financial data platform
Enterprise Software FinTech Accounting
Quick facts:
📍HQ: San Francisco Bay Area, California, USA
11-50 employees Founded: 2021
Funding:
Founders Fund Menlo VC IVP $28M Series A in 2024
Take action:
See who works here 🤝
Check company site 📌
View Jobs

Render
What they do:
Help 2M+ developers build, deploy, and scale apps with unparalleled ease
SaaS Enterprise Software Developer Tools
Quick facts:
📍HQ: San Francisco Bay Area, California, USA
51-100 employees Founded: 2018
Funding:
Bessemer General Catalyst $80M Series C in 2025
Take action:
See who works here 🤝
Check company site 📌
View Jobs

Harvey
What they do:
AI provider for legal workers
Artificial Intelligence Legal
Quick facts:
📍HQ: San Francisco Bay Area, California, USA
201-500 employees Founded: 2021
Funding:
Sequoia Kleiner Perkins $300M Series D in 2025 $3.0B valuation
Take action:
See who works here 🤝
Check company site 📌
View Jobs

Semgrep
What they do:
Profoundly improving software security and reliability
Cybersecurity SaaS
Quick facts:
📍HQ: San Francisco Bay Area, California, USA
201-500 employees Founded: 2017
Funding:
Sequoia $100M Series D in 2025
Take action:
See who works here 🤝
Check company site 📌
View Jobs

HighTouch.io
What they do:
Sync customer data to your SaaS, marketing, sales, and success platforms.
Marketing Enterprise Software SaaS Sales
Quick facts:
📍HQ: San Francisco Bay Area, California, USA
11-50 employees Founded: 2018
Funding:
Y Combinator $80M Series C in 2025 $1.2B valuation
Take action:
See who works here 🤝
Check company site 📌
View Jobs

Qventus
What they do:
Qventus optimizes decisions in hospitals in real time to reduce costs, improve quality and experience.
Predictive Analytics Healthcare
Quick facts:
📍HQ: San Francisco Bay Area, California, USA
101-200 employees Founded: 2012
Funding:
Bessemer Y Combinator $85M Series D in 2025
Take action:
See who works here 🤝
Read reviews ⭐
Check company site 📌
View Jobs

Speak
What they do:
Language learning app that gets you talking
SaaS Consumer Artificial Intelligence
Quick facts:
📍HQ: San Francisco Bay Area, California, USA
11-50 employees Founded: 2016
Funding:
Accel $78M Series C in 2024 $1.0B valuation
Take action:
See who works here 🤝
Check company site 📌
View Jobs

Databricks
What they do:
Databricks is a data-and-AI company that interacts with corporate information stored in the public cloud.
Artificial Intelligence SaaS Analytics Data Science
Quick facts:
📍HQ: San Francisco Bay Area, California, USA
5000+ employees Founded: 2013
Funding:
Andreessen Horowitz $10B Series J in 2024 $62.0B valuation
Take action:
See who works here 🤝
Read reviews ⭐
Check company site 📌
View Jobs

Kong
What they do:
Kong offers the industry-leading service connectivity platform designed for modern architectures.
Enterprise Software SaaS
Quick facts:
📍HQ: San Francisco Bay Area, California, USA
201-500 employees Founded: 2017
Funding:
Andreessen Horowitz $175M Series E in 2024 $2.0B valuation
Take action:
See who works here 🤝
Read reviews ⭐
Check company site 📌
View Jobs

Cresta
What they do:
Cresta leverages artificial intelligence to help sales and service agents improve the quality of their customer service
Artificial Intelligence Sales Enterprise Software
Quick facts:
📍HQ: San Francisco Bay Area, California, USA
201-500 employees Founded: 2017
Funding:
Sequoia Andreessen Horowitz $125M Series D in 2024
Take action:
See who works here 🤝
Read reviews ⭐
Check company site 📌
View Jobs

Infinitus
What they do:
AI healthcare company focused on automating complex phone-based workflows
Health Artificial Intelligence
Quick facts:
📍HQ: San Francisco Bay Area, California, USA
101-200 employees Founded: 2019
Funding:
Andreessen Horowitz Kleiner Perkins $51M Series C in 2024
Take action:
See who works here 🤝
Check company site 📌
View Jobs

Nooks
What they do:
AI dialing and prospecting platform, trusted by thousands of SDRs & AEs to cut out the busywork
Artificial Intelligence Sales
Quick facts:
📍HQ: San Francisco Bay Area, California, USA
51-100 employees Founded: 2020
Funding:
Kleiner Perkins $43M Series B in 2024
Take action:
See who works here 🤝
Check company site 📌
View Jobs

Decagon
What they do:
Develops AI support agents for enterprise
Artificial Intelligence Enterprise Software
Quick facts:
📍HQ: San Francisco Bay Area, California, USA
11-50 employees Founded: 2023
Funding:
Andreessen Horowitz Accel $65M Series B in 2024
Take action:
See who works here 🤝
Check company site 📌
View Jobs

World Labs
What they do:
Develops AI models with spatial intelligence for 3D world perception and interaction
Artificial Intelligence
Quick facts:
📍HQ: San Francisco Bay Area, California, USA
11-50 employees Founded: 2023
Funding:
Andreessen Horowitz $230M Series A in 2024 $1.0B valuation
Take action:
See who works here 🤝
Check company site 📌
View Jobs

Safe Superintelligence
What they do:
World's first straight-shot safe superintelligence lab
Artificial Intelligence
Quick facts:
📍HQ: San Francisco Bay Area, California, USA
1-10 employees Founded: 2024
Funding:
Sequoia Andreessen Horowitz $1B Series A in 2024
Take action:
See who works here 🤝
Check company site 📌
View Jobs

Harmonic
What they do:
Building the world’s most advanced mathematical reasoning engine
Artificial Intelligence
Quick facts:
📍HQ: San Francisco Bay Area, California, USA
11-50 employees Founded: 2023
Funding:
Sequoia $75M Series A in 2024
Take action:
See who works here 🤝
Check company site 📌
View Jobs

Atlys
What they do:
Atlys makes it fast for anyone to get a visa.
Immigration Travel
Quick facts:
📍HQ: San Francisco Bay Area, California, USA
11-50 employees Founded: 2020
Funding:
Andreessen Horowitz Sequoia Accel $20M Series B in 2024
Take action:
See who works here 🤝
Check company site 📌
View Jobs

Cortex
What they do:
Cortex is a software platform that manages and operates microservices.
Enterprise Software Developer Tools
Quick facts:
📍HQ: San Francisco Bay Area, California, USA
101-200 employees Founded: 2019
Funding:
Sequoia $60M Series C in 2024
Take action:
See who works here 🤝
Check company site 📌
View Jobs

Get newly funded startups delivered to you weekly

Show more


Get direct intros to founders 🤝

General
About
Startups
Jobs
Salary & Equity
Negotiation Coaching
Fulfillment Policy
Add Startup or Job 👋

Industry
AI startups
Biotech startups
Cybersecurity startups
E-Commerce startups
EdTech startups
FinTech startups
Healthcare startups
Marketplace startups
SaaS startups
Sustainability startups

Stage
Early-stage startups
Growth-stage startups
Mature startups

Under 50 employees
Under 100 employees
Under 500 employees

Founded in 2021
Founded in 2020

HQ location
Remote Startups
Startups in New York
Startups in Boston
Startups in San Francisco
Startups in Los Angeles
Startups in Seattle
Startups in Austin
Startups in India
Startups in London
Startups in Canada
Filter
2025-04-07 09:38:55,269 - StartupScraper - INFO - New content loaded. Continuing... (Total clicks: 1)
2025-04-07 09:38:58,163 - StartupScraper - INFO - Clicked element with text: Subscribe
Add Startup
Salary/Equity
Jobs
Startups



Find San Francisco Bay Area Startups
Track newest startups funded by top investors.
Powerful filters. Updates daily.

HQ:
Industry:
AI/Machine Learning
Analytics
Biotech
Collaboration
Consumer
Crypto/Blockchain
Cybersecurity
Data Science
E-Commerce
EdTech
Enterprise Software
FinTech
Gaming
Hardware
Healthcare
Marketplaces
Media
Retail
SaaS
Sales/Marketing
Space
Sustainability
Any industry
Size:
1-10 employees
11-50 employees
51-100 employees
101-200 employees
201-500 employees
501-1000 employees
1001-5000 employees
5000+ employees
Any size
Founded:
2021
2020
2019
2018
2017
2016
2015
2014
2013
2012
2011
Any year
Stage:
Pre-Seed
Seed
Series A
Series B
Series C
Series D
Series E
Series F
Series G
Series H
Series I
Post-IPO
Unknown
Any stage
Investor:
Accel
Andreessen Horowitz
Benchmark
Bessemer
Founders Fund
Khosla Ventures
Kleiner Perkins
Sequoia
Y Combinator
Any investor
Find matches

545 startups

Sort by:
Recent Funding
Highest Valuation
Recent Funding


Numeric
What they do:
Building the next-gen financial data platform
Enterprise Software FinTech Accounting
Quick facts:
📍HQ: San Francisco Bay Area, California, USA
11-50 employees Founded: 2021
Funding:
Founders Fund Menlo VC IVP $28M Series A in 2024
Take action:
See who works here 🤝
Check company site 📌
View Jobs

Render
What they do:
Help 2M+ developers build, deploy, and scale apps with unparalleled ease
SaaS Enterprise Software Developer Tools
Quick facts:
📍HQ: San Francisco Bay Area, California, USA
51-100 employees Founded: 2018
Funding:
Bessemer General Catalyst $80M Series C in 2025
Take action:
See who works here 🤝
Check company site 📌
View Jobs

Harvey
What they do:
AI provider for legal workers
Artificial Intelligence Legal
Quick facts:
📍HQ: San Francisco Bay Area, California, USA
201-500 employees Founded: 2021
Funding:
Sequoia Kleiner Perkins $300M Series D in 2025 $3.0B valuation
Take action:
See who works here 🤝
Check company site 📌
View Jobs

Semgrep
What they do:
Profoundly improving software security and reliability
Cybersecurity SaaS
Quick facts:
📍HQ: San Francisco Bay Area, California, USA
201-500 employees Founded: 2017
Funding:
Sequoia $100M Series D in 2025
Take action:
See who works here 🤝
Check company site 📌
View Jobs

HighTouch.io
What they do:
Sync customer data to your SaaS, marketing, sales, and success platforms.
Marketing Enterprise Software SaaS Sales
Quick facts:
📍HQ: San Francisco Bay Area, California, USA
11-50 employees Founded: 2018
Funding:
Y Combinator $80M Series C in 2025 $1.2B valuation
Take action:
See who works here 🤝
Check company site 📌
View Jobs

Qventus
What they do:
Qventus optimizes decisions in hospitals in real time to reduce costs, improve quality and experience.
Predictive Analytics Healthcare
Quick facts:
📍HQ: San Francisco Bay Area, California, USA
101-200 employees Founded: 2012
Funding:
Bessemer Y Combinator $85M Series D in 2025
Take action:
See who works here 🤝
Read reviews ⭐
Check company site 📌
View Jobs

Speak
What they do:
Language learning app that gets you talking
SaaS Consumer Artificial Intelligence
Quick facts:
📍HQ: San Francisco Bay Area, California, USA
11-50 employees Founded: 2016
Funding:
Accel $78M Series C in 2024 $1.0B valuation
Take action:
See who works here 🤝
Check company site 📌
View Jobs

Databricks
What they do:
Databricks is a data-and-AI company that interacts with corporate information stored in the public cloud.
Artificial Intelligence SaaS Analytics Data Science
Quick facts:
📍HQ: San Francisco Bay Area, California, USA
5000+ employees Founded: 2013
Funding:
Andreessen Horowitz $10B Series J in 2024 $62.0B valuation
Take action:
See who works here 🤝
Read reviews ⭐
Check company site 📌
View Jobs

Kong
What they do:
Kong offers the industry-leading service connectivity platform designed for modern architectures.
Enterprise Software SaaS
Quick facts:
📍HQ: San Francisco Bay Area, California, USA
201-500 employees Founded: 2017
Funding:
Andreessen Horowitz $175M Series E in 2024 $2.0B valuation
Take action:
See who works here 🤝
Read reviews ⭐
Check company site 📌
View Jobs

Cresta
What they do:
Cresta leverages artificial intelligence to help sales and service agents improve the quality of their customer service
Artificial Intelligence Sales Enterprise Software
Quick facts:
📍HQ: San Francisco Bay Area, California, USA
201-500 employees Founded: 2017
Funding:
Sequoia Andreessen Horowitz $125M Series D in 2024
Take action:
See who works here 🤝
Read reviews ⭐
Check company site 📌
View Jobs

Infinitus
What they do:
AI healthcare company focused on automating complex phone-based workflows
Health Artificial Intelligence
Quick facts:
📍HQ: San Francisco Bay Area, California, USA
101-200 employees Founded: 2019
Funding:
Andreessen Horowitz Kleiner Perkins $51M Series C in 2024
Take action:
See who works here 🤝
Check company site 📌
View Jobs

Nooks
What they do:
AI dialing and prospecting platform, trusted by thousands of SDRs & AEs to cut out the busywork
Artificial Intelligence Sales
Quick facts:
📍HQ: San Francisco Bay Area, California, USA
51-100 employees Founded: 2020
Funding:
Kleiner Perkins $43M Series B in 2024
Take action:
See who works here 🤝
Check company site 📌
View Jobs

Decagon
What they do:
Develops AI support agents for enterprise
Artificial Intelligence Enterprise Software
Quick facts:
📍HQ: San Francisco Bay Area, California, USA
11-50 employees Founded: 2023
Funding:
Andreessen Horowitz Accel $65M Series B in 2024
Take action:
See who works here 🤝
Check company site 📌
View Jobs

World Labs
What they do:
Develops AI models with spatial intelligence for 3D world perception and interaction
Artificial Intelligence
Quick facts:
📍HQ: San Francisco Bay Area, California, USA
11-50 employees Founded: 2023
Funding:
Andreessen Horowitz $230M Series A in 2024 $1.0B valuation
Take action:
See who works here 🤝
Check company site 📌
View Jobs

Safe Superintelligence
What they do:
World's first straight-shot safe superintelligence lab
Artificial Intelligence
Quick facts:
📍HQ: San Francisco Bay Area, California, USA
1-10 employees Founded: 2024
Funding:
Sequoia Andreessen Horowitz $1B Series A in 2024
Take action:
See who works here 🤝
Check company site 📌
View Jobs

Harmonic
What they do:
Building the world’s most advanced mathematical reasoning engine
Artificial Intelligence
Quick facts:
📍HQ: San Francisco Bay Area, California, USA
11-50 employees Founded: 2023
Funding:
Sequoia $75M Series A in 2024
Take action:
See who works here 🤝
Check company site 📌
View Jobs

Atlys
What they do:
Atlys makes it fast for anyone to get a visa.
Immigration Travel
Quick facts:
📍HQ: San Francisco Bay Area, California, USA
11-50 employees Founded: 2020
Funding:
Andreessen Horowitz Sequoia Accel $20M Series B in 2024
Take action:
See who works here 🤝
Check company site 📌
View Jobs

Cortex
What they do:
Cortex is a software platform that manages and operates microservices.
Enterprise Software Developer Tools
Quick facts:
📍HQ: San Francisco Bay Area, California, USA
101-200 employees Founded: 2019
Funding:
Sequoia $60M Series C in 2024
Take action:
See who works here 🤝
Check company site 📌
View Jobs

Get newly funded startups delivered to you weekly

Show more


Get direct intros to founders 🤝

General
About
Startups
Jobs
Salary & Equity
Negotiation Coaching
Fulfillment Policy
Add Startup or Job 👋

Industry
AI startups
Biotech startups
Cybersecurity startups
E-Commerce startups
EdTech startups
FinTech startups
Healthcare startups
Marketplace startups
SaaS startups
Sustainability startups

Stage
Early-stage startups
Growth-stage startups
Mature startups

Under 50 employees
Under 100 employees
Under 500 employees

Founded in 2021
Founded in 2020

HQ location
Remote Startups
Startups in New York
Startups in Boston
Startups in San Francisco
Startups in Los Angeles
Startups in Seattle
Startups in Austin
Startups in India
Startups in London
Startups in Canada
Filter
2025-04-07 09:39:04,882 - StartupScraper - INFO - New content loaded. Continuing... (Total clicks: 2)
2025-04-07 09:39:07,603 - StartupScraper - INFO - Clicked element with text: Subscribe
Add Startup
Salary/Equity
Jobs
Startups



Find San Francisco Bay Area Startups
Track newest startups funded by top investors.
Powerful filters. Updates daily.

HQ:
Industry:
AI/Machine Learning
Analytics
Biotech
Collaboration
Consumer
Crypto/Blockchain
Cybersecurity
Data Science
E-Commerce
EdTech
Enterprise Software
FinTech
Gaming
Hardware
Healthcare
Marketplaces
Media
Retail
SaaS
Sales/Marketing
Space
Sustainability
Any industry
Size:
1-10 employees
11-50 employees
51-100 employees
101-200 employees
201-500 employees
501-1000 employees
1001-5000 employees
5000+ employees
Any size
Founded:
2021
2020
2019
2018
2017
2016
2015
2014
2013
2012
2011
Any year
Stage:
Pre-Seed
Seed
Series A
Series B
Series C
Series D
Series E
Series F
Series G
Series H
Series I
Post-IPO
Unknown
Any stage
Investor:
Accel
Andreessen Horowitz
Benchmark
Bessemer
Founders Fund
Khosla Ventures
Kleiner Perkins
Sequoia
Y Combinator
Any investor
Find matches

545 startups

Sort by:
Recent Funding
Highest Valuation
Recent Funding


Numeric
What they do:
Building the next-gen financial data platform
Enterprise Software FinTech Accounting
Quick facts:
📍HQ: San Francisco Bay Area, California, USA
11-50 employees Founded: 2021
Funding:
Founders Fund Menlo VC IVP $28M Series A in 2024
Take action:
See who works here 🤝
Check company site 📌
View Jobs

Render
What they do:
Help 2M+ developers build, deploy, and scale apps with unparalleled ease
SaaS Enterprise Software Developer Tools
Quick facts:
📍HQ: San Francisco Bay Area, California, USA
51-100 employees Founded: 2018
Funding:
Bessemer General Catalyst $80M Series C in 2025
Take action:
See who works here 🤝
Check company site 📌
View Jobs

Harvey
What they do:
AI provider for legal workers
Artificial Intelligence Legal
Quick facts:
📍HQ: San Francisco Bay Area, California, USA
201-500 employees Founded: 2021
Funding:
Sequoia Kleiner Perkins $300M Series D in 2025 $3.0B valuation
Take action:
See who works here 🤝
Check company site 📌
View Jobs

Semgrep
What they do:
Profoundly improving software security and reliability
Cybersecurity SaaS
Quick facts:
📍HQ: San Francisco Bay Area, California, USA
201-500 employees Founded: 2017
Funding:
Sequoia $100M Series D in 2025
Take action:
See who works here 🤝
Check company site 📌
View Jobs

HighTouch.io
What they do:
Sync customer data to your SaaS, marketing, sales, and success platforms.
Marketing Enterprise Software SaaS Sales
Quick facts:
📍HQ: San Francisco Bay Area, California, USA
11-50 employees Founded: 2018
Funding:
Y Combinator $80M Series C in 2025 $1.2B valuation
Take action:
See who works here 🤝
Check company site 📌
View Jobs

Qventus
What they do:
Qventus optimizes decisions in hospitals in real time to reduce costs, improve quality and experience.
Predictive Analytics Healthcare
Quick facts:
📍HQ: San Francisco Bay Area, California, USA
101-200 employees Founded: 2012
Funding:
Bessemer Y Combinator $85M Series D in 2025
Take action:
See who works here 🤝
Read reviews ⭐
Check company site 📌
View Jobs

Speak
What they do:
Language learning app that gets you talking
SaaS Consumer Artificial Intelligence
Quick facts:
📍HQ: San Francisco Bay Area, California, USA
11-50 employees Founded: 2016
Funding:
Accel $78M Series C in 2024 $1.0B valuation
Take action:
See who works here 🤝
Check company site 📌
View Jobs

Databricks
What they do:
Databricks is a data-and-AI company that interacts with corporate information stored in the public cloud.
Artificial Intelligence SaaS Analytics Data Science
Quick facts:
📍HQ: San Francisco Bay Area, California, USA
5000+ employees Founded: 2013
Funding:
Andreessen Horowitz $10B Series J in 2024 $62.0B valuation
Take action:
See who works here 🤝
Read reviews ⭐
Check company site 📌
View Jobs

Kong
What they do:
Kong offers the industry-leading service connectivity platform designed for modern architectures.
Enterprise Software SaaS
Quick facts:
📍HQ: San Francisco Bay Area, California, USA
201-500 employees Founded: 2017
Funding:
Andreessen Horowitz $175M Series E in 2024 $2.0B valuation
Take action:
See who works here 🤝
Read reviews ⭐
Check company site 📌
View Jobs

Cresta
What they do:
Cresta leverages artificial intelligence to help sales and service agents improve the quality of their customer service
Artificial Intelligence Sales Enterprise Software
Quick facts:
📍HQ: San Francisco Bay Area, California, USA
201-500 employees Founded: 2017
Funding:
Sequoia Andreessen Horowitz $125M Series D in 2024
Take action:
See who works here 🤝
Read reviews ⭐
Check company site 📌
View Jobs

Infinitus
What they do:
AI healthcare company focused on automating complex phone-based workflows
Health Artificial Intelligence
Quick facts:
📍HQ: San Francisco Bay Area, California, USA
101-200 employees Founded: 2019
Funding:
Andreessen Horowitz Kleiner Perkins $51M Series C in 2024
Take action:
See who works here 🤝
Check company site 📌
View Jobs

Nooks
What they do:
AI dialing and prospecting platform, trusted by thousands of SDRs & AEs to cut out the busywork
Artificial Intelligence Sales
Quick facts:
📍HQ: San Francisco Bay Area, California, USA
51-100 employees Founded: 2020
Funding:
Kleiner Perkins $43M Series B in 2024
Take action:
See who works here 🤝
Check company site 📌
View Jobs

Decagon
What they do:
Develops AI support agents for enterprise
Artificial Intelligence Enterprise Software
Quick facts:
📍HQ: San Francisco Bay Area, California, USA
11-50 employees Founded: 2023
Funding:
Andreessen Horowitz Accel $65M Series B in 2024
Take action:
See who works here 🤝
Check company site 📌
View Jobs

World Labs
What they do:
Develops AI models with spatial intelligence for 3D world perception and interaction
Artificial Intelligence
Quick facts:
📍HQ: San Francisco Bay Area, California, USA
11-50 employees Founded: 2023
Funding:
Andreessen Horowitz $230M Series A in 2024 $1.0B valuation
Take action:
See who works here 🤝
Check company site 📌
View Jobs

Safe Superintelligence
What they do:
World's first straight-shot safe superintelligence lab
Artificial Intelligence
Quick facts:
📍HQ: San Francisco Bay Area, California, USA
1-10 employees Founded: 2024
Funding:
Sequoia Andreessen Horowitz $1B Series A in 2024
Take action:
See who works here 🤝
Check company site 📌
View Jobs

Harmonic
What they do:
Building the world’s most advanced mathematical reasoning engine
Artificial Intelligence
Quick facts:
📍HQ: San Francisco Bay Area, California, USA
11-50 employees Founded: 2023
Funding:
Sequoia $75M Series A in 2024
Take action:
See who works here 🤝
Check company site 📌
View Jobs

Atlys
What they do:
Atlys makes it fast for anyone to get a visa.
Immigration Travel
Quick facts:
📍HQ: San Francisco Bay Area, California, USA
11-50 employees Founded: 2020
Funding:
Andreessen Horowitz Sequoia Accel $20M Series B in 2024
Take action:
See who works here 🤝
Check company site 📌
View Jobs

Cortex
What they do:
Cortex is a software platform that manages and operates microservices.
Enterprise Software Developer Tools
Quick facts:
📍HQ: San Francisco Bay Area, California, USA
101-200 employees Founded: 2019
Funding:
Sequoia $60M Series C in 2024
Take action:
See who works here 🤝
Check company site 📌
View Jobs

Get newly funded startups delivered to you weekly

Show more


Get direct intros to founders 🤝

General
About
Startups
Jobs
Salary & Equity
Negotiation Coaching
Fulfillment Policy
Add Startup or Job 👋

Industry
AI startups
Biotech startups
Cybersecurity startups
E-Commerce startups
EdTech startups
FinTech startups
Healthcare startups
Marketplace startups
SaaS startups
Sustainability startups

Stage
Early-stage startups
Growth-stage startups
Mature startups

Under 50 employees
Under 100 employees
Under 500 employees

Founded in 2021
Founded in 2020

HQ location
Remote Startups
Startups in New York
Startups in Boston
Startups in San Francisco
Startups in Los Angeles
Startups in Seattle
Startups in Austin
Startups in India
Startups in London
Startups in Canada
Filter
2025-04-07 09:39:14,384 - StartupScraper - INFO - New content loaded. Continuing... (Total clicks: 3)
2025-04-07 09:39:17,538 - StartupScraper - INFO - Clicked element with text: Subscribe
Add Startup
Salary/Equity
Jobs
Startups



Find San Francisco Bay Area Startups
Track newest startups funded by top investors.
Powerful filters. Updates daily.

HQ:
Industry:
AI/Machine Learning
Analytics
Biotech
Collaboration
Consumer
Crypto/Blockchain
Cybersecurity
Data Science
E-Commerce
EdTech
Enterprise Software
FinTech
Gaming
Hardware
Healthcare
Marketplaces
Media
Retail
SaaS
Sales/Marketing
Space
Sustainability
Any industry
Size:
1-10 employees
11-50 employees
51-100 employees
101-200 employees
201-500 employees
501-1000 employees
1001-5000 employees
5000+ employees
Any size
Founded:
2021
2020
2019
2018
2017
2016
2015
2014
2013
2012
2011
Any year
Stage:
Pre-Seed
Seed
Series A
Series B
Series C
Series D
Series E
Series F
Series G
Series H
Series I
Post-IPO
Unknown
Any stage
Investor:
Accel
Andreessen Horowitz
Benchmark
Bessemer
Founders Fund
Khosla Ventures
Kleiner Perkins
Sequoia
Y Combinator
Any investor
Find matches

545 startups

Sort by:
Recent Funding
Highest Valuation
Recent Funding


Numeric
What they do:
Building the next-gen financial data platform
Enterprise Software FinTech Accounting
Quick facts:
📍HQ: San Francisco Bay Area, California, USA
11-50 employees Founded: 2021
Funding:
Founders Fund Menlo VC IVP $28M Series A in 2024
Take action:
See who works here 🤝
Check company site 📌
View Jobs

Render
What they do:
Help 2M+ developers build, deploy, and scale apps with unparalleled ease
SaaS Enterprise Software Developer Tools
Quick facts:
📍HQ: San Francisco Bay Area, California, USA
51-100 employees Founded: 2018
Funding:
Bessemer General Catalyst $80M Series C in 2025
Take action:
See who works here 🤝
Check company site 📌
View Jobs

Harvey
What they do:
AI provider for legal workers
Artificial Intelligence Legal
Quick facts:
📍HQ: San Francisco Bay Area, California, USA
201-500 employees Founded: 2021
Funding:
Sequoia Kleiner Perkins $300M Series D in 2025 $3.0B valuation
Take action:
See who works here 🤝
Check company site 📌
View Jobs

Semgrep
What they do:
Profoundly improving software security and reliability
Cybersecurity SaaS
Quick facts:
📍HQ: San Francisco Bay Area, California, USA
201-500 employees Founded: 2017
Funding:
Sequoia $100M Series D in 2025
Take action:
See who works here 🤝
Check company site 📌
View Jobs

HighTouch.io
What they do:
Sync customer data to your SaaS, marketing, sales, and success platforms.
Marketing Enterprise Software SaaS Sales
Quick facts:
📍HQ: San Francisco Bay Area, California, USA
11-50 employees Founded: 2018
Funding:
Y Combinator $80M Series C in 2025 $1.2B valuation
Take action:
See who works here 🤝
Check company site 📌
View Jobs

Qventus
What they do:
Qventus optimizes decisions in hospitals in real time to reduce costs, improve quality and experience.
Predictive Analytics Healthcare
Quick facts:
📍HQ: San Francisco Bay Area, California, USA
101-200 employees Founded: 2012
Funding:
Bessemer Y Combinator $85M Series D in 2025
Take action:
See who works here 🤝
Read reviews ⭐
Check company site 📌
View Jobs

Speak
What they do:
Language learning app that gets you talking
SaaS Consumer Artificial Intelligence
Quick facts:
📍HQ: San Francisco Bay Area, California, USA
11-50 employees Founded: 2016
Funding:
Accel $78M Series C in 2024 $1.0B valuation
Take action:
See who works here 🤝
Check company site 📌
View Jobs

Databricks
What they do:
Databricks is a data-and-AI company that interacts with corporate information stored in the public cloud.
Artificial Intelligence SaaS Analytics Data Science
Quick facts:
📍HQ: San Francisco Bay Area, California, USA
5000+ employees Founded: 2013
Funding:
Andreessen Horowitz $10B Series J in 2024 $62.0B valuation
Take action:
See who works here 🤝
Read reviews ⭐
Check company site 📌
View Jobs

Kong
What they do:
Kong offers the industry-leading service connectivity platform designed for modern architectures.
Enterprise Software SaaS
Quick facts:
📍HQ: San Francisco Bay Area, California, USA
201-500 employees Founded: 2017
Funding:
Andreessen Horowitz $175M Series E in 2024 $2.0B valuation
Take action:
See who works here 🤝
Read reviews ⭐
Check company site 📌
View Jobs

Cresta
What they do:
Cresta leverages artificial intelligence to help sales and service agents improve the quality of their customer service
Artificial Intelligence Sales Enterprise Software
Quick facts:
📍HQ: San Francisco Bay Area, California, USA
201-500 employees Founded: 2017
Funding:
Sequoia Andreessen Horowitz $125M Series D in 2024
Take action:
See who works here 🤝
Read reviews ⭐
Check company site 📌
View Jobs

Infinitus
What they do:
AI healthcare company focused on automating complex phone-based workflows
Health Artificial Intelligence
Quick facts:
📍HQ: San Francisco Bay Area, California, USA
101-200 employees Founded: 2019
Funding:
Andreessen Horowitz Kleiner Perkins $51M Series C in 2024
Take action:
See who works here 🤝
Check company site 📌
View Jobs

Nooks
What they do:
AI dialing and prospecting platform, trusted by thousands of SDRs & AEs to cut out the busywork
Artificial Intelligence Sales
Quick facts:
📍HQ: San Francisco Bay Area, California, USA
51-100 employees Founded: 2020
Funding:
Kleiner Perkins $43M Series B in 2024
Take action:
See who works here 🤝
Check company site 📌
View Jobs

Decagon
What they do:
Develops AI support agents for enterprise
Artificial Intelligence Enterprise Software
Quick facts:
📍HQ: San Francisco Bay Area, California, USA
11-50 employees Founded: 2023
Funding:
Andreessen Horowitz Accel $65M Series B in 2024
Take action:
See who works here 🤝
Check company site 📌
View Jobs

World Labs
What they do:
Develops AI models with spatial intelligence for 3D world perception and interaction
Artificial Intelligence
Quick facts:
📍HQ: San Francisco Bay Area, California, USA
11-50 employees Founded: 2023
Funding:
Andreessen Horowitz $230M Series A in 2024 $1.0B valuation
Take action:
See who works here 🤝
Check company site 📌
View Jobs

Safe Superintelligence
What they do:
World's first straight-shot safe superintelligence lab
Artificial Intelligence
Quick facts:
📍HQ: San Francisco Bay Area, California, USA
1-10 employees Founded: 2024
Funding:
Sequoia Andreessen Horowitz $1B Series A in 2024
Take action:
See who works here 🤝
Check company site 📌
View Jobs

Harmonic
What they do:
Building the world’s most advanced mathematical reasoning engine
Artificial Intelligence
Quick facts:
📍HQ: San Francisco Bay Area, California, USA
11-50 employees Founded: 2023
Funding:
Sequoia $75M Series A in 2024
Take action:
See who works here 🤝
Check company site 📌
View Jobs

Atlys
What they do:
Atlys makes it fast for anyone to get a visa.
Immigration Travel
Quick facts:
📍HQ: San Francisco Bay Area, California, USA
11-50 employees Founded: 2020
Funding:
Andreessen Horowitz Sequoia Accel $20M Series B in 2024
Take action:
See who works here 🤝
Check company site 📌
View Jobs

Cortex
What they do:
Cortex is a software platform that manages and operates microservices.
Enterprise Software Developer Tools
Quick facts:
📍HQ: San Francisco Bay Area, California, USA
101-200 employees Founded: 2019
Funding:
Sequoia $60M Series C in 2024
Take action:
See who works here 🤝
Check company site 📌
View Jobs

Get newly funded startups delivered to you weekly

Show more


Get direct intros to founders 🤝

General
About
Startups
Jobs
Salary & Equity
Negotiation Coaching
Fulfillment Policy
Add Startup or Job 👋

Industry
AI startups
Biotech startups
Cybersecurity startups
E-Commerce startups
EdTech startups
FinTech startups
Healthcare startups
Marketplace startups
SaaS startups
Sustainability startups

Stage
Early-stage startups
Growth-stage startups
Mature startups

Under 50 employees
Under 100 employees
Under 500 employees

Founded in 2021
Founded in 2020

HQ location
Remote Startups
Startups in New York
Startups in Boston
Startups in San Francisco
Startups in Los Angeles
Startups in Seattle
Startups in Austin
Startups in India
Startups in London
Startups in Canada
Filter
2025-04-07 09:39:23,576 - StartupScraper - INFO - New content loaded. Continuing... (Total clicks: 4)
2025-04-07 09:39:26,010 - StartupScraper - INFO - Clicked element with text: Subscribe
Add Startup
Salary/Equity
Jobs
Startups



Find San Francisco Bay Area Startups
Track newest startups funded by top investors.
Powerful filters. Updates daily.

HQ:
Industry:
AI/Machine Learning
Analytics
Biotech
Collaboration
Consumer
Crypto/Blockchain
Cybersecurity
Data Science
E-Commerce
EdTech
Enterprise Software
FinTech
Gaming
Hardware
Healthcare
Marketplaces
Media
Retail
SaaS
Sales/Marketing
Space
Sustainability
Any industry
Size:
1-10 employees
11-50 employees
51-100 employees
101-200 employees
201-500 employees
501-1000 employees
1001-5000 employees
5000+ employees
Any size
Founded:
2021
2020
2019
2018
2017
2016
2015
2014
2013
2012
2011
Any year
Stage:
Pre-Seed
Seed
Series A
Series B
Series C
Series D
Series E
Series F
Series G
Series H
Series I
Post-IPO
Unknown
Any stage
Investor:
Accel
Andreessen Horowitz
Benchmark
Bessemer
Founders Fund
Khosla Ventures
Kleiner Perkins
Sequoia
Y Combinator
Any investor
Find matches

545 startups

Sort by:
Recent Funding
Highest Valuation
Recent Funding


Numeric
What they do:
Building the next-gen financial data platform
Enterprise Software FinTech Accounting
Quick facts:
📍HQ: San Francisco Bay Area, California, USA
11-50 employees Founded: 2021
Funding:
Founders Fund Menlo VC IVP $28M Series A in 2024
Take action:
See who works here 🤝
Check company site 📌
View Jobs

Render
What they do:
Help 2M+ developers build, deploy, and scale apps with unparalleled ease
SaaS Enterprise Software Developer Tools
Quick facts:
📍HQ: San Francisco Bay Area, California, USA
51-100 employees Founded: 2018
Funding:
Bessemer General Catalyst $80M Series C in 2025
Take action:
See who works here 🤝
Check company site 📌
View Jobs

Harvey
What they do:
AI provider for legal workers
Artificial Intelligence Legal
Quick facts:
📍HQ: San Francisco Bay Area, California, USA
201-500 employees Founded: 2021
Funding:
Sequoia Kleiner Perkins $300M Series D in 2025 $3.0B valuation
Take action:
See who works here 🤝
Check company site 📌
View Jobs

Semgrep
What they do:
Profoundly improving software security and reliability
Cybersecurity SaaS
Quick facts:
📍HQ: San Francisco Bay Area, California, USA
201-500 employees Founded: 2017
Funding:
Sequoia $100M Series D in 2025
Take action:
See who works here 🤝
Check company site 📌
View Jobs

HighTouch.io
What they do:
Sync customer data to your SaaS, marketing, sales, and success platforms.
Marketing Enterprise Software SaaS Sales
Quick facts:
📍HQ: San Francisco Bay Area, California, USA
11-50 employees Founded: 2018
Funding:
Y Combinator $80M Series C in 2025 $1.2B valuation
Take action:
See who works here 🤝
Check company site 📌
View Jobs

Qventus
What they do:
Qventus optimizes decisions in hospitals in real time to reduce costs, improve quality and experience.
Predictive Analytics Healthcare
Quick facts:
📍HQ: San Francisco Bay Area, California, USA
101-200 employees Founded: 2012
Funding:
Bessemer Y Combinator $85M Series D in 2025
Take action:
See who works here 🤝
Read reviews ⭐
Check company site 📌
View Jobs

Speak
What they do:
Language learning app that gets you talking
SaaS Consumer Artificial Intelligence
Quick facts:
📍HQ: San Francisco Bay Area, California, USA
11-50 employees Founded: 2016
Funding:
Accel $78M Series C in 2024 $1.0B valuation
Take action:
See who works here 🤝
Check company site 📌
View Jobs

Databricks
What they do:
Databricks is a data-and-AI company that interacts with corporate information stored in the public cloud.
Artificial Intelligence SaaS Analytics Data Science
Quick facts:
📍HQ: San Francisco Bay Area, California, USA
5000+ employees Founded: 2013
Funding:
Andreessen Horowitz $10B Series J in 2024 $62.0B valuation
Take action:
See who works here 🤝
Read reviews ⭐
Check company site 📌
View Jobs

Kong
What they do:
Kong offers the industry-leading service connectivity platform designed for modern architectures.
Enterprise Software SaaS
Quick facts:
📍HQ: San Francisco Bay Area, California, USA
201-500 employees Founded: 2017
Funding:
Andreessen Horowitz $175M Series E in 2024 $2.0B valuation
Take action:
See who works here 🤝
Read reviews ⭐
Check company site 📌
View Jobs

Cresta
What they do:
Cresta leverages artificial intelligence to help sales and service agents improve the quality of their customer service
Artificial Intelligence Sales Enterprise Software
Quick facts:
📍HQ: San Francisco Bay Area, California, USA
201-500 employees Founded: 2017
Funding:
Sequoia Andreessen Horowitz $125M Series D in 2024
Take action:
See who works here 🤝
Read reviews ⭐
Check company site 📌
View Jobs

Infinitus
What they do:
AI healthcare company focused on automating complex phone-based workflows
Health Artificial Intelligence
Quick facts:
📍HQ: San Francisco Bay Area, California, USA
101-200 employees Founded: 2019
Funding:
Andreessen Horowitz Kleiner Perkins $51M Series C in 2024
Take action:
See who works here 🤝
Check company site 📌
View Jobs

Nooks
What they do:
AI dialing and prospecting platform, trusted by thousands of SDRs & AEs to cut out the busywork
Artificial Intelligence Sales
Quick facts:
📍HQ: San Francisco Bay Area, California, USA
51-100 employees Founded: 2020
Funding:
Kleiner Perkins $43M Series B in 2024
Take action:
See who works here 🤝
Check company site 📌
View Jobs

Decagon
What they do:
Develops AI support agents for enterprise
Artificial Intelligence Enterprise Software
Quick facts:
📍HQ: San Francisco Bay Area, California, USA
11-50 employees Founded: 2023
Funding:
Andreessen Horowitz Accel $65M Series B in 2024
Take action:
See who works here 🤝
Check company site 📌
View Jobs

World Labs
What they do:
Develops AI models with spatial intelligence for 3D world perception and interaction
Artificial Intelligence
Quick facts:
📍HQ: San Francisco Bay Area, California, USA
11-50 employees Founded: 2023
Funding:
Andreessen Horowitz $230M Series A in 2024 $1.0B valuation
Take action:
See who works here 🤝
Check company site 📌
View Jobs

Safe Superintelligence
What they do:
World's first straight-shot safe superintelligence lab
Artificial Intelligence
Quick facts:
📍HQ: San Francisco Bay Area, California, USA
1-10 employees Founded: 2024
Funding:
Sequoia Andreessen Horowitz $1B Series A in 2024
Take action:
See who works here 🤝
Check company site 📌
View Jobs

Harmonic
What they do:
Building the world’s most advanced mathematical reasoning engine
Artificial Intelligence
Quick facts:
📍HQ: San Francisco Bay Area, California, USA
11-50 employees Founded: 2023
Funding:
Sequoia $75M Series A in 2024
Take action:
See who works here 🤝
Check company site 📌
View Jobs

Atlys
What they do:
Atlys makes it fast for anyone to get a visa.
Immigration Travel
Quick facts:
📍HQ: San Francisco Bay Area, California, USA
11-50 employees Founded: 2020
Funding:
Andreessen Horowitz Sequoia Accel $20M Series B in 2024
Take action:
See who works here 🤝
Check company site 📌
View Jobs

Cortex
What they do:
Cortex is a software platform that manages and operates microservices.
Enterprise Software Developer Tools
Quick facts:
📍HQ: San Francisco Bay Area, California, USA
101-200 employees Founded: 2019
Funding:
Sequoia $60M Series C in 2024
Take action:
See who works here 🤝
Check company site 📌
View Jobs

Get newly funded startups delivered to you weekly

Show more


Get direct intros to founders 🤝

General
About
Startups
Jobs
Salary & Equity
Negotiation Coaching
Fulfillment Policy
Add Startup or Job 👋

Industry
AI startups
Biotech startups
Cybersecurity startups
E-Commerce startups
EdTech startups
FinTech startups
Healthcare startups
Marketplace startups
SaaS startups
Sustainability startups

Stage
Early-stage startups
Growth-stage startups
Mature startups

Under 50 employees
Under 100 employees
Under 500 employees

Founded in 2021
Founded in 2020

HQ location
Remote Startups
Startups in New York
Startups in Boston
Startups in San Francisco
Startups in Los Angeles
Startups in Seattle
Startups in Austin
Startups in India
Startups in London
Startups in Canada
Filter
2025-04-07 09:39:32,641 - StartupScraper - INFO - New content loaded. Continuing... (Total clicks: 5)
2025-04-07 09:39:35,026 - StartupScraper - INFO - Clicked element with text: Subscribe
Add Startup
Salary/Equity
Jobs
Startups



Find San Francisco Bay Area Startups
Track newest startups funded by top investors.
Powerful filters. Updates daily.

HQ:
Industry:
AI/Machine Learning
Analytics
Biotech
Collaboration
Consumer
Crypto/Blockchain
Cybersecurity
Data Science
E-Commerce
EdTech
Enterprise Software
FinTech
Gaming
Hardware
Healthcare
Marketplaces
Media
Retail
SaaS
Sales/Marketing
Space
Sustainability
Any industry
Size:
1-10 employees
11-50 employees
51-100 employees
101-200 employees
201-500 employees
501-1000 employees
1001-5000 employees
5000+ employees
Any size
Founded:
2021
2020
2019
2018
2017
2016
2015
2014
2013
2012
2011
Any year
Stage:
Pre-Seed
Seed
Series A
Series B
Series C
Series D
Series E
Series F
Series G
Series H
Series I
Post-IPO
Unknown
Any stage
Investor:
Accel
Andreessen Horowitz
Benchmark
Bessemer
Founders Fund
Khosla Ventures
Kleiner Perkins
Sequoia
Y Combinator
Any investor
Find matches

545 startups

Sort by:
Recent Funding
Highest Valuation
Recent Funding


Numeric
What they do:
Building the next-gen financial data platform
Enterprise Software FinTech Accounting
Quick facts:
📍HQ: San Francisco Bay Area, California, USA
11-50 employees Founded: 2021
Funding:
Founders Fund Menlo VC IVP $28M Series A in 2024
Take action:
See who works here 🤝
Check company site 📌
View Jobs

Render
What they do:
Help 2M+ developers build, deploy, and scale apps with unparalleled ease
SaaS Enterprise Software Developer Tools
Quick facts:
📍HQ: San Francisco Bay Area, California, USA
51-100 employees Founded: 2018
Funding:
Bessemer General Catalyst $80M Series C in 2025
Take action:
See who works here 🤝
Check company site 📌
View Jobs

Harvey
What they do:
AI provider for legal workers
Artificial Intelligence Legal
Quick facts:
📍HQ: San Francisco Bay Area, California, USA
201-500 employees Founded: 2021
Funding:
Sequoia Kleiner Perkins $300M Series D in 2025 $3.0B valuation
Take action:
See who works here 🤝
Check company site 📌
View Jobs

Semgrep
What they do:
Profoundly improving software security and reliability
Cybersecurity SaaS
Quick facts:
📍HQ: San Francisco Bay Area, California, USA
201-500 employees Founded: 2017
Funding:
Sequoia $100M Series D in 2025
Take action:
See who works here 🤝
Check company site 📌
View Jobs

HighTouch.io
What they do:
Sync customer data to your SaaS, marketing, sales, and success platforms.
Marketing Enterprise Software SaaS Sales
Quick facts:
📍HQ: San Francisco Bay Area, California, USA
11-50 employees Founded: 2018
Funding:
Y Combinator $80M Series C in 2025 $1.2B valuation
Take action:
See who works here 🤝
Check company site 📌
View Jobs

Qventus
What they do:
Qventus optimizes decisions in hospitals in real time to reduce costs, improve quality and experience.
Predictive Analytics Healthcare
Quick facts:
📍HQ: San Francisco Bay Area, California, USA
101-200 employees Founded: 2012
Funding:
Bessemer Y Combinator $85M Series D in 2025
Take action:
See who works here 🤝
Read reviews ⭐
Check company site 📌
View Jobs

Speak
What they do:
Language learning app that gets you talking
SaaS Consumer Artificial Intelligence
Quick facts:
📍HQ: San Francisco Bay Area, California, USA
11-50 employees Founded: 2016
Funding:
Accel $78M Series C in 2024 $1.0B valuation
Take action:
See who works here 🤝
Check company site 📌
View Jobs

Databricks
What they do:
Databricks is a data-and-AI company that interacts with corporate information stored in the public cloud.
Artificial Intelligence SaaS Analytics Data Science
Quick facts:
📍HQ: San Francisco Bay Area, California, USA
5000+ employees Founded: 2013
Funding:
Andreessen Horowitz $10B Series J in 2024 $62.0B valuation
Take action:
See who works here 🤝
Read reviews ⭐
Check company site 📌
View Jobs

Kong
What they do:
Kong offers the industry-leading service connectivity platform designed for modern architectures.
Enterprise Software SaaS
Quick facts:
📍HQ: San Francisco Bay Area, California, USA
201-500 employees Founded: 2017
Funding:
Andreessen Horowitz $175M Series E in 2024 $2.0B valuation
Take action:
See who works here 🤝
Read reviews ⭐
Check company site 📌
View Jobs

Cresta
What they do:
Cresta leverages artificial intelligence to help sales and service agents improve the quality of their customer service
Artificial Intelligence Sales Enterprise Software
Quick facts:
📍HQ: San Francisco Bay Area, California, USA
201-500 employees Founded: 2017
Funding:
Sequoia Andreessen Horowitz $125M Series D in 2024
Take action:
See who works here 🤝
Read reviews ⭐
Check company site 📌
View Jobs

Infinitus
What they do:
AI healthcare company focused on automating complex phone-based workflows
Health Artificial Intelligence
Quick facts:
📍HQ: San Francisco Bay Area, California, USA
101-200 employees Founded: 2019
Funding:
Andreessen Horowitz Kleiner Perkins $51M Series C in 2024
Take action:
See who works here 🤝
Check company site 📌
View Jobs

Nooks
What they do:
AI dialing and prospecting platform, trusted by thousands of SDRs & AEs to cut out the busywork
Artificial Intelligence Sales
Quick facts:
📍HQ: San Francisco Bay Area, California, USA
51-100 employees Founded: 2020
Funding:
Kleiner Perkins $43M Series B in 2024
Take action:
See who works here 🤝
Check company site 📌
View Jobs

Decagon
What they do:
Develops AI support agents for enterprise
Artificial Intelligence Enterprise Software
Quick facts:
📍HQ: San Francisco Bay Area, California, USA
11-50 employees Founded: 2023
Funding:
Andreessen Horowitz Accel $65M Series B in 2024
Take action:
See who works here 🤝
Check company site 📌
View Jobs

World Labs
What they do:
Develops AI models with spatial intelligence for 3D world perception and interaction
Artificial Intelligence
Quick facts:
📍HQ: San Francisco Bay Area, California, USA
11-50 employees Founded: 2023
Funding:
Andreessen Horowitz $230M Series A in 2024 $1.0B valuation
Take action:
See who works here 🤝
Check company site 📌
View Jobs

Safe Superintelligence
What they do:
World's first straight-shot safe superintelligence lab
Artificial Intelligence
Quick facts:
📍HQ: San Francisco Bay Area, California, USA
1-10 employees Founded: 2024
Funding:
Sequoia Andreessen Horowitz $1B Series A in 2024
Take action:
See who works here 🤝
Check company site 📌
View Jobs

Harmonic
What they do:
Building the world’s most advanced mathematical reasoning engine
Artificial Intelligence
Quick facts:
📍HQ: San Francisco Bay Area, California, USA
11-50 employees Founded: 2023
Funding:
Sequoia $75M Series A in 2024
Take action:
See who works here 🤝
Check company site 📌
View Jobs

Atlys
What they do:
Atlys makes it fast for anyone to get a visa.
Immigration Travel
Quick facts:
📍HQ: San Francisco Bay Area, California, USA
11-50 employees Founded: 2020
Funding:
Andreessen Horowitz Sequoia Accel $20M Series B in 2024
Take action:
See who works here 🤝
Check company site 📌
View Jobs

Cortex
What they do:
Cortex is a software platform that manages and operates microservices.
Enterprise Software Developer Tools
Quick facts:
📍HQ: San Francisco Bay Area, California, USA
101-200 employees Founded: 2019
Funding:
Sequoia $60M Series C in 2024
Take action:
See who works here 🤝
Check company site 📌
View Jobs

Get newly funded startups delivered to you weekly

Show more


Get direct intros to founders 🤝

General
About
Startups
Jobs
Salary & Equity
Negotiation Coaching
Fulfillment Policy
Add Startup or Job 👋

Industry
AI startups
Biotech startups
Cybersecurity startups
E-Commerce startups
EdTech startups
FinTech startups
Healthcare startups
Marketplace startups
SaaS startups
Sustainability startups

Stage
Early-stage startups
Growth-stage startups
Mature startups

Under 50 employees
Under 100 employees
Under 500 employees

Founded in 2021
Founded in 2020

HQ location
Remote Startups
Startups in New York
Startups in Boston
Startups in San Francisco
Startups in Los Angeles
Startups in Seattle
Startups in Austin
Startups in India
Startups in London
Startups in Canada
Filter
2025-04-07 09:39:41,725 - StartupScraper - INFO - New content loaded. Continuing... (Total clicks: 6)
2025-04-07 09:39:44,537 - StartupScraper - INFO - Clicked element with text: Subscribe
Add Startup
Salary/Equity
Jobs
Startups



Find San Francisco Bay Area Startups
Track newest startups funded by top investors.
Powerful filters. Updates daily.

HQ:
Industry:
AI/Machine Learning
Analytics
Biotech
Collaboration
Consumer
Crypto/Blockchain
Cybersecurity
Data Science
E-Commerce
EdTech
Enterprise Software
FinTech
Gaming
Hardware
Healthcare
Marketplaces
Media
Retail
SaaS
Sales/Marketing
Space
Sustainability
Any industry
Size:
1-10 employees
11-50 employees
51-100 employees
101-200 employees
201-500 employees
501-1000 employees
1001-5000 employees
5000+ employees
Any size
Founded:
2021
2020
2019
2018
2017
2016
2015
2014
2013
2012
2011
Any year
Stage:
Pre-Seed
Seed
Series A
Series B
Series C
Series D
Series E
Series F
Series G
Series H
Series I
Post-IPO
Unknown
Any stage
Investor:
Accel
Andreessen Horowitz
Benchmark
Bessemer
Founders Fund
Khosla Ventures
Kleiner Perkins
Sequoia
Y Combinator
Any investor
Find matches

545 startups

Sort by:
Recent Funding
Highest Valuation
Recent Funding


Numeric
What they do:
Building the next-gen financial data platform
Enterprise Software FinTech Accounting
Quick facts:
📍HQ: San Francisco Bay Area, California, USA
11-50 employees Founded: 2021
Funding:
Founders Fund Menlo VC IVP $28M Series A in 2024
Take action:
See who works here 🤝
Check company site 📌
View Jobs

Render
What they do:
Help 2M+ developers build, deploy, and scale apps with unparalleled ease
SaaS Enterprise Software Developer Tools
Quick facts:
📍HQ: San Francisco Bay Area, California, USA
51-100 employees Founded: 2018
Funding:
Bessemer General Catalyst $80M Series C in 2025
Take action:
See who works here 🤝
Check company site 📌
View Jobs

Harvey
What they do:
AI provider for legal workers
Artificial Intelligence Legal
Quick facts:
📍HQ: San Francisco Bay Area, California, USA
201-500 employees Founded: 2021
Funding:
Sequoia Kleiner Perkins $300M Series D in 2025 $3.0B valuation
Take action:
See who works here 🤝
Check company site 📌
View Jobs

Semgrep
What they do:
Profoundly improving software security and reliability
Cybersecurity SaaS
Quick facts:
📍HQ: San Francisco Bay Area, California, USA
201-500 employees Founded: 2017
Funding:
Sequoia $100M Series D in 2025
Take action:
See who works here 🤝
Check company site 📌
View Jobs

HighTouch.io
What they do:
Sync customer data to your SaaS, marketing, sales, and success platforms.
Marketing Enterprise Software SaaS Sales
Quick facts:
📍HQ: San Francisco Bay Area, California, USA
11-50 employees Founded: 2018
Funding:
Y Combinator $80M Series C in 2025 $1.2B valuation
Take action:
See who works here 🤝
Check company site 📌
View Jobs

Qventus
What they do:
Qventus optimizes decisions in hospitals in real time to reduce costs, improve quality and experience.
Predictive Analytics Healthcare
Quick facts:
📍HQ: San Francisco Bay Area, California, USA
101-200 employees Founded: 2012
Funding:
Bessemer Y Combinator $85M Series D in 2025
Take action:
See who works here 🤝
Read reviews ⭐
Check company site 📌
View Jobs

Speak
What they do:
Language learning app that gets you talking
SaaS Consumer Artificial Intelligence
Quick facts:
📍HQ: San Francisco Bay Area, California, USA
11-50 employees Founded: 2016
Funding:
Accel $78M Series C in 2024 $1.0B valuation
Take action:
See who works here 🤝
Check company site 📌
View Jobs

Databricks
What they do:
Databricks is a data-and-AI company that interacts with corporate information stored in the public cloud.
Artificial Intelligence SaaS Analytics Data Science
Quick facts:
📍HQ: San Francisco Bay Area, California, USA
5000+ employees Founded: 2013
Funding:
Andreessen Horowitz $10B Series J in 2024 $62.0B valuation
Take action:
See who works here 🤝
Read reviews ⭐
Check company site 📌
View Jobs

Kong
What they do:
Kong offers the industry-leading service connectivity platform designed for modern architectures.
Enterprise Software SaaS
Quick facts:
📍HQ: San Francisco Bay Area, California, USA
201-500 employees Founded: 2017
Funding:
Andreessen Horowitz $175M Series E in 2024 $2.0B valuation
Take action:
See who works here 🤝
Read reviews ⭐
Check company site 📌
View Jobs

Cresta
What they do:
Cresta leverages artificial intelligence to help sales and service agents improve the quality of their customer service
Artificial Intelligence Sales Enterprise Software
Quick facts:
📍HQ: San Francisco Bay Area, California, USA
201-500 employees Founded: 2017
Funding:
Sequoia Andreessen Horowitz $125M Series D in 2024
Take action:
See who works here 🤝
Read reviews ⭐
Check company site 📌
View Jobs

Infinitus
What they do:
AI healthcare company focused on automating complex phone-based workflows
Health Artificial Intelligence
Quick facts:
📍HQ: San Francisco Bay Area, California, USA
101-200 employees Founded: 2019
Funding:
Andreessen Horowitz Kleiner Perkins $51M Series C in 2024
Take action:
See who works here 🤝
Check company site 📌
View Jobs

Nooks
What they do:
AI dialing and prospecting platform, trusted by thousands of SDRs & AEs to cut out the busywork
Artificial Intelligence Sales
Quick facts:
📍HQ: San Francisco Bay Area, California, USA
51-100 employees Founded: 2020
Funding:
Kleiner Perkins $43M Series B in 2024
Take action:
See who works here 🤝
Check company site 📌
View Jobs

Decagon
What they do:
Develops AI support agents for enterprise
Artificial Intelligence Enterprise Software
Quick facts:
📍HQ: San Francisco Bay Area, California, USA
11-50 employees Founded: 2023
Funding:
Andreessen Horowitz Accel $65M Series B in 2024
Take action:
See who works here 🤝
Check company site 📌
View Jobs

World Labs
What they do:
Develops AI models with spatial intelligence for 3D world perception and interaction
Artificial Intelligence
Quick facts:
📍HQ: San Francisco Bay Area, California, USA
11-50 employees Founded: 2023
Funding:
Andreessen Horowitz $230M Series A in 2024 $1.0B valuation
Take action:
See who works here 🤝
Check company site 📌
View Jobs

Safe Superintelligence
What they do:
World's first straight-shot safe superintelligence lab
Artificial Intelligence
Quick facts:
📍HQ: San Francisco Bay Area, California, USA
1-10 employees Founded: 2024
Funding:
Sequoia Andreessen Horowitz $1B Series A in 2024
Take action:
See who works here 🤝
Check company site 📌
View Jobs

Harmonic
What they do:
Building the world’s most advanced mathematical reasoning engine
Artificial Intelligence
Quick facts:
📍HQ: San Francisco Bay Area, California, USA
11-50 employees Founded: 2023
Funding:
Sequoia $75M Series A in 2024
Take action:
See who works here 🤝
Check company site 📌
View Jobs

Atlys
What they do:
Atlys makes it fast for anyone to get a visa.
Immigration Travel
Quick facts:
📍HQ: San Francisco Bay Area, California, USA
11-50 employees Founded: 2020
Funding:
Andreessen Horowitz Sequoia Accel $20M Series B in 2024
Take action:
See who works here 🤝
Check company site 📌
View Jobs

Cortex
What they do:
Cortex is a software platform that manages and operates microservices.
Enterprise Software Developer Tools
Quick facts:
📍HQ: San Francisco Bay Area, California, USA
101-200 employees Founded: 2019
Funding:
Sequoia $60M Series C in 2024
Take action:
See who works here 🤝
Check company site 📌
View Jobs

Get newly funded startups delivered to you weekly

Show more


Get direct intros to founders 🤝

General
About
Startups
Jobs
Salary & Equity
Negotiation Coaching
Fulfillment Policy
Add Startup or Job 👋

Industry
AI startups
Biotech startups
Cybersecurity startups
E-Commerce startups
EdTech startups
FinTech startups
Healthcare startups
Marketplace startups
SaaS startups
Sustainability startups

Stage
Early-stage startups
Growth-stage startups
Mature startups

Under 50 employees
Under 100 employees
Under 500 employees

Founded in 2021
Founded in 2020

HQ location
Remote Startups
Startups in New York
Startups in Boston
Startups in San Francisco
Startups in Los Angeles
Startups in Seattle
Startups in Austin
Startups in India
Startups in London
Startups in Canada
Filter
2025-04-07 09:39:51,257 - StartupScraper - INFO - New content loaded. Continuing... (Total clicks: 7)
2025-04-07 09:39:53,723 - StartupScraper - INFO - Clicked element with text: Subscribe
Add Startup
Salary/Equity
Jobs
Startups



Find San Francisco Bay Area Startups
Track newest startups funded by top investors.
Powerful filters. Updates daily.

HQ:
Industry:
AI/Machine Learning
Analytics
Biotech
Collaboration
Consumer
Crypto/Blockchain
Cybersecurity
Data Science
E-Commerce
EdTech
Enterprise Software
FinTech
Gaming
Hardware
Healthcare
Marketplaces
Media
Retail
SaaS
Sales/Marketing
Space
Sustainability
Any industry
Size:
1-10 employees
11-50 employees
51-100 employees
101-200 employees
201-500 employees
501-1000 employees
1001-5000 employees
5000+ employees
Any size
Founded:
2021
2020
2019
2018
2017
2016
2015
2014
2013
2012
2011
Any year
Stage:
Pre-Seed
Seed
Series A
Series B
Series C
Series D
Series E
Series F
Series G
Series H
Series I
Post-IPO
Unknown
Any stage
Investor:
Accel
Andreessen Horowitz
Benchmark
Bessemer
Founders Fund
Khosla Ventures
Kleiner Perkins
Sequoia
Y Combinator
Any investor
Find matches

545 startups

Sort by:
Recent Funding
Highest Valuation
Recent Funding


Numeric
What they do:
Building the next-gen financial data platform
Enterprise Software FinTech Accounting
Quick facts:
📍HQ: San Francisco Bay Area, California, USA
11-50 employees Founded: 2021
Funding:
Founders Fund Menlo VC IVP $28M Series A in 2024
Take action:
See who works here 🤝
Check company site 📌
View Jobs

Render
What they do:
Help 2M+ developers build, deploy, and scale apps with unparalleled ease
SaaS Enterprise Software Developer Tools
Quick facts:
📍HQ: San Francisco Bay Area, California, USA
51-100 employees Founded: 2018
Funding:
Bessemer General Catalyst $80M Series C in 2025
Take action:
See who works here 🤝
Check company site 📌
View Jobs

Harvey
What they do:
AI provider for legal workers
Artificial Intelligence Legal
Quick facts:
📍HQ: San Francisco Bay Area, California, USA
201-500 employees Founded: 2021
Funding:
Sequoia Kleiner Perkins $300M Series D in 2025 $3.0B valuation
Take action:
See who works here 🤝
Check company site 📌
View Jobs

Semgrep
What they do:
Profoundly improving software security and reliability
Cybersecurity SaaS
Quick facts:
📍HQ: San Francisco Bay Area, California, USA
201-500 employees Founded: 2017
Funding:
Sequoia $100M Series D in 2025
Take action:
See who works here 🤝
Check company site 📌
View Jobs

HighTouch.io
What they do:
Sync customer data to your SaaS, marketing, sales, and success platforms.
Marketing Enterprise Software SaaS Sales
Quick facts:
📍HQ: San Francisco Bay Area, California, USA
11-50 employees Founded: 2018
Funding:
Y Combinator $80M Series C in 2025 $1.2B valuation
Take action:
See who works here 🤝
Check company site 📌
View Jobs

Qventus
What they do:
Qventus optimizes decisions in hospitals in real time to reduce costs, improve quality and experience.
Predictive Analytics Healthcare
Quick facts:
📍HQ: San Francisco Bay Area, California, USA
101-200 employees Founded: 2012
Funding:
Bessemer Y Combinator $85M Series D in 2025
Take action:
See who works here 🤝
Read reviews ⭐
Check company site 📌
View Jobs

Speak
What they do:
Language learning app that gets you talking
SaaS Consumer Artificial Intelligence
Quick facts:
📍HQ: San Francisco Bay Area, California, USA
11-50 employees Founded: 2016
Funding:
Accel $78M Series C in 2024 $1.0B valuation
Take action:
See who works here 🤝
Check company site 📌
View Jobs

Databricks
What they do:
Databricks is a data-and-AI company that interacts with corporate information stored in the public cloud.
Artificial Intelligence SaaS Analytics Data Science
Quick facts:
📍HQ: San Francisco Bay Area, California, USA
5000+ employees Founded: 2013
Funding:
Andreessen Horowitz $10B Series J in 2024 $62.0B valuation
Take action:
See who works here 🤝
Read reviews ⭐
Check company site 📌
View Jobs

Kong
What they do:
Kong offers the industry-leading service connectivity platform designed for modern architectures.
Enterprise Software SaaS
Quick facts:
📍HQ: San Francisco Bay Area, California, USA
201-500 employees Founded: 2017
Funding:
Andreessen Horowitz $175M Series E in 2024 $2.0B valuation
Take action:
See who works here 🤝
Read reviews ⭐
Check company site 📌
View Jobs

Cresta
What they do:
Cresta leverages artificial intelligence to help sales and service agents improve the quality of their customer service
Artificial Intelligence Sales Enterprise Software
Quick facts:
📍HQ: San Francisco Bay Area, California, USA
201-500 employees Founded: 2017
Funding:
Sequoia Andreessen Horowitz $125M Series D in 2024
Take action:
See who works here 🤝
Read reviews ⭐
Check company site 📌
View Jobs

Infinitus
What they do:
AI healthcare company focused on automating complex phone-based workflows
Health Artificial Intelligence
Quick facts:
📍HQ: San Francisco Bay Area, California, USA
101-200 employees Founded: 2019
Funding:
Andreessen Horowitz Kleiner Perkins $51M Series C in 2024
Take action:
See who works here 🤝
Check company site 📌
View Jobs

Nooks
What they do:
AI dialing and prospecting platform, trusted by thousands of SDRs & AEs to cut out the busywork
Artificial Intelligence Sales
Quick facts:
📍HQ: San Francisco Bay Area, California, USA
51-100 employees Founded: 2020
Funding:
Kleiner Perkins $43M Series B in 2024
Take action:
See who works here 🤝
Check company site 📌
View Jobs

Decagon
What they do:
Develops AI support agents for enterprise
Artificial Intelligence Enterprise Software
Quick facts:
📍HQ: San Francisco Bay Area, California, USA
11-50 employees Founded: 2023
Funding:
Andreessen Horowitz Accel $65M Series B in 2024
Take action:
See who works here 🤝
Check company site 📌
View Jobs

World Labs
What they do:
Develops AI models with spatial intelligence for 3D world perception and interaction
Artificial Intelligence
Quick facts:
📍HQ: San Francisco Bay Area, California, USA
11-50 employees Founded: 2023
Funding:
Andreessen Horowitz $230M Series A in 2024 $1.0B valuation
Take action:
See who works here 🤝
Check company site 📌
View Jobs

Safe Superintelligence
What they do:
World's first straight-shot safe superintelligence lab
Artificial Intelligence
Quick facts:
📍HQ: San Francisco Bay Area, California, USA
1-10 employees Founded: 2024
Funding:
Sequoia Andreessen Horowitz $1B Series A in 2024
Take action:
See who works here 🤝
Check company site 📌
View Jobs

Harmonic
What they do:
Building the world’s most advanced mathematical reasoning engine
Artificial Intelligence
Quick facts:
📍HQ: San Francisco Bay Area, California, USA
11-50 employees Founded: 2023
Funding:
Sequoia $75M Series A in 2024
Take action:
See who works here 🤝
Check company site 📌
View Jobs

Atlys
What they do:
Atlys makes it fast for anyone to get a visa.
Immigration Travel
Quick facts:
📍HQ: San Francisco Bay Area, California, USA
11-50 employees Founded: 2020
Funding:
Andreessen Horowitz Sequoia Accel $20M Series B in 2024
Take action:
See who works here 🤝
Check company site 📌
View Jobs

Cortex
What they do:
Cortex is a software platform that manages and operates microservices.
Enterprise Software Developer Tools
Quick facts:
📍HQ: San Francisco Bay Area, California, USA
101-200 employees Founded: 2019
Funding:
Sequoia $60M Series C in 2024
Take action:
See who works here 🤝
Check company site 📌
View Jobs

Get newly funded startups delivered to you weekly

Show more


Get direct intros to founders 🤝

General
About
Startups
Jobs
Salary & Equity
Negotiation Coaching
Fulfillment Policy
Add Startup or Job 👋

Industry
AI startups
Biotech startups
Cybersecurity startups
E-Commerce startups
EdTech startups
FinTech startups
Healthcare startups
Marketplace startups
SaaS startups
Sustainability startups

Stage
Early-stage startups
Growth-stage startups
Mature startups

Under 50 employees
Under 100 employees
Under 500 employees

Founded in 2021
Founded in 2020

HQ location
Remote Startups
Startups in New York
Startups in Boston
Startups in San Francisco
Startups in Los Angeles
Startups in Seattle
Startups in Austin
Startups in India
Startups in London
Startups in Canada
Filter
2025-04-07 09:39:59,821 - StartupScraper - INFO - New content loaded. Continuing... (Total clicks: 8)
2025-04-07 09:40:02,732 - StartupScraper - INFO - Clicked element with text: Subscribe
Add Startup
Salary/Equity
Jobs
Startups



Find San Francisco Bay Area Startups
Track newest startups funded by top investors.
Powerful filters. Updates daily.

HQ:
Industry:
AI/Machine Learning
Analytics
Biotech
Collaboration
Consumer
Crypto/Blockchain
Cybersecurity
Data Science
E-Commerce
EdTech
Enterprise Software
FinTech
Gaming
Hardware
Healthcare
Marketplaces
Media
Retail
SaaS
Sales/Marketing
Space
Sustainability
Any industry
Size:
1-10 employees
11-50 employees
51-100 employees
101-200 employees
201-500 employees
501-1000 employees
1001-5000 employees
5000+ employees
Any size
Founded:
2021
2020
2019
2018
2017
2016
2015
2014
2013
2012
2011
Any year
Stage:
Pre-Seed
Seed
Series A
Series B
Series C
Series D
Series E
Series F
Series G
Series H
Series I
Post-IPO
Unknown
Any stage
Investor:
Accel
Andreessen Horowitz
Benchmark
Bessemer
Founders Fund
Khosla Ventures
Kleiner Perkins
Sequoia
Y Combinator
Any investor
Find matches

545 startups

Sort by:
Recent Funding
Highest Valuation
Recent Funding


Numeric
What they do:
Building the next-gen financial data platform
Enterprise Software FinTech Accounting
Quick facts:
📍HQ: San Francisco Bay Area, California, USA
11-50 employees Founded: 2021
Funding:
Founders Fund Menlo VC IVP $28M Series A in 2024
Take action:
See who works here 🤝
Check company site 📌
View Jobs

Render
What they do:
Help 2M+ developers build, deploy, and scale apps with unparalleled ease
SaaS Enterprise Software Developer Tools
Quick facts:
📍HQ: San Francisco Bay Area, California, USA
51-100 employees Founded: 2018
Funding:
Bessemer General Catalyst $80M Series C in 2025
Take action:
See who works here 🤝
Check company site 📌
View Jobs

Harvey
What they do:
AI provider for legal workers
Artificial Intelligence Legal
Quick facts:
📍HQ: San Francisco Bay Area, California, USA
201-500 employees Founded: 2021
Funding:
Sequoia Kleiner Perkins $300M Series D in 2025 $3.0B valuation
Take action:
See who works here 🤝
Check company site 📌
View Jobs

Semgrep
What they do:
Profoundly improving software security and reliability
Cybersecurity SaaS
Quick facts:
📍HQ: San Francisco Bay Area, California, USA
201-500 employees Founded: 2017
Funding:
Sequoia $100M Series D in 2025
Take action:
See who works here 🤝
Check company site 📌
View Jobs

HighTouch.io
What they do:
Sync customer data to your SaaS, marketing, sales, and success platforms.
Marketing Enterprise Software SaaS Sales
Quick facts:
📍HQ: San Francisco Bay Area, California, USA
11-50 employees Founded: 2018
Funding:
Y Combinator $80M Series C in 2025 $1.2B valuation
Take action:
See who works here 🤝
Check company site 📌
View Jobs

Qventus
What they do:
Qventus optimizes decisions in hospitals in real time to reduce costs, improve quality and experience.
Predictive Analytics Healthcare
Quick facts:
📍HQ: San Francisco Bay Area, California, USA
101-200 employees Founded: 2012
Funding:
Bessemer Y Combinator $85M Series D in 2025
Take action:
See who works here 🤝
Read reviews ⭐
Check company site 📌
View Jobs

Speak
What they do:
Language learning app that gets you talking
SaaS Consumer Artificial Intelligence
Quick facts:
📍HQ: San Francisco Bay Area, California, USA
11-50 employees Founded: 2016
Funding:
Accel $78M Series C in 2024 $1.0B valuation
Take action:
See who works here 🤝
Check company site 📌
View Jobs

Databricks
What they do:
Databricks is a data-and-AI company that interacts with corporate information stored in the public cloud.
Artificial Intelligence SaaS Analytics Data Science
Quick facts:
📍HQ: San Francisco Bay Area, California, USA
5000+ employees Founded: 2013
Funding:
Andreessen Horowitz $10B Series J in 2024 $62.0B valuation
Take action:
See who works here 🤝
Read reviews ⭐
Check company site 📌
View Jobs

Kong
What they do:
Kong offers the industry-leading service connectivity platform designed for modern architectures.
Enterprise Software SaaS
Quick facts:
📍HQ: San Francisco Bay Area, California, USA
201-500 employees Founded: 2017
Funding:
Andreessen Horowitz $175M Series E in 2024 $2.0B valuation
Take action:
See who works here 🤝
Read reviews ⭐
Check company site 📌
View Jobs

Cresta
What they do:
Cresta leverages artificial intelligence to help sales and service agents improve the quality of their customer service
Artificial Intelligence Sales Enterprise Software
Quick facts:
📍HQ: San Francisco Bay Area, California, USA
201-500 employees Founded: 2017
Funding:
Sequoia Andreessen Horowitz $125M Series D in 2024
Take action:
See who works here 🤝
Read reviews ⭐
Check company site 📌
View Jobs

Infinitus
What they do:
AI healthcare company focused on automating complex phone-based workflows
Health Artificial Intelligence
Quick facts:
📍HQ: San Francisco Bay Area, California, USA
101-200 employees Founded: 2019
Funding:
Andreessen Horowitz Kleiner Perkins $51M Series C in 2024
Take action:
See who works here 🤝
Check company site 📌
View Jobs

Nooks
What they do:
AI dialing and prospecting platform, trusted by thousands of SDRs & AEs to cut out the busywork
Artificial Intelligence Sales
Quick facts:
📍HQ: San Francisco Bay Area, California, USA
51-100 employees Founded: 2020
Funding:
Kleiner Perkins $43M Series B in 2024
Take action:
See who works here 🤝
Check company site 📌
View Jobs

Decagon
What they do:
Develops AI support agents for enterprise
Artificial Intelligence Enterprise Software
Quick facts:
📍HQ: San Francisco Bay Area, California, USA
11-50 employees Founded: 2023
Funding:
Andreessen Horowitz Accel $65M Series B in 2024
Take action:
See who works here 🤝
Check company site 📌
View Jobs

World Labs
What they do:
Develops AI models with spatial intelligence for 3D world perception and interaction
Artificial Intelligence
Quick facts:
📍HQ: San Francisco Bay Area, California, USA
11-50 employees Founded: 2023
Funding:
Andreessen Horowitz $230M Series A in 2024 $1.0B valuation
Take action:
See who works here 🤝
Check company site 📌
View Jobs

Safe Superintelligence
What they do:
World's first straight-shot safe superintelligence lab
Artificial Intelligence
Quick facts:
📍HQ: San Francisco Bay Area, California, USA
1-10 employees Founded: 2024
Funding:
Sequoia Andreessen Horowitz $1B Series A in 2024
Take action:
See who works here 🤝
Check company site 📌
View Jobs

Harmonic
What they do:
Building the world’s most advanced mathematical reasoning engine
Artificial Intelligence
Quick facts:
📍HQ: San Francisco Bay Area, California, USA
11-50 employees Founded: 2023
Funding:
Sequoia $75M Series A in 2024
Take action:
See who works here 🤝
Check company site 📌
View Jobs

Atlys
What they do:
Atlys makes it fast for anyone to get a visa.
Immigration Travel
Quick facts:
📍HQ: San Francisco Bay Area, California, USA
11-50 employees Founded: 2020
Funding:
Andreessen Horowitz Sequoia Accel $20M Series B in 2024
Take action:
See who works here 🤝
Check company site 📌
View Jobs

Cortex
What they do:
Cortex is a software platform that manages and operates microservices.
Enterprise Software Developer Tools
Quick facts:
📍HQ: San Francisco Bay Area, California, USA
101-200 employees Founded: 2019
Funding:
Sequoia $60M Series C in 2024
Take action:
See who works here 🤝
Check company site 📌
View Jobs

Get newly funded startups delivered to you weekly

Show more


Get direct intros to founders 🤝

General
About
Startups
Jobs
Salary & Equity
Negotiation Coaching
Fulfillment Policy
Add Startup or Job 👋

Industry
AI startups
Biotech startups
Cybersecurity startups
E-Commerce startups
EdTech startups
FinTech startups
Healthcare startups
Marketplace startups
SaaS startups
Sustainability startups

Stage
Early-stage startups
Growth-stage startups
Mature startups

Under 50 employees
Under 100 employees
Under 500 employees

Founded in 2021
Founded in 2020

HQ location
Remote Startups
Startups in New York
Startups in Boston
Startups in San Francisco
Startups in Los Angeles
Startups in Seattle
Startups in Austin
Startups in India
Startups in London
Startups in Canada
Filter
2025-04-07 09:40:10,056 - StartupScraper - INFO - New content loaded. Continuing... (Total clicks: 9)
2025-04-07 09:40:13,078 - StartupScraper - INFO - Clicked element with text: Subscribe
Add Startup
Salary/Equity
Jobs
Startups



Find San Francisco Bay Area Startups
Track newest startups funded by top investors.
Powerful filters. Updates daily.

HQ:
Industry:
AI/Machine Learning
Analytics
Biotech
Collaboration
Consumer
Crypto/Blockchain
Cybersecurity
Data Science
E-Commerce
EdTech
Enterprise Software
FinTech
Gaming
Hardware
Healthcare
Marketplaces
Media
Retail
SaaS
Sales/Marketing
Space
Sustainability
Any industry
Size:
1-10 employees
11-50 employees
51-100 employees
101-200 employees
201-500 employees
501-1000 employees
1001-5000 employees
5000+ employees
Any size
Founded:
2021
2020
2019
2018
2017
2016
2015
2014
2013
2012
2011
Any year
Stage:
Pre-Seed
Seed
Series A
Series B
Series C
Series D
Series E
Series F
Series G
Series H
Series I
Post-IPO
Unknown
Any stage
Investor:
Accel
Andreessen Horowitz
Benchmark
Bessemer
Founders Fund
Khosla Ventures
Kleiner Perkins
Sequoia
Y Combinator
Any investor
Find matches

545 startups

Sort by:
Recent Funding
Highest Valuation
Recent Funding


Numeric
What they do:
Building the next-gen financial data platform
Enterprise Software FinTech Accounting
Quick facts:
📍HQ: San Francisco Bay Area, California, USA
11-50 employees Founded: 2021
Funding:
Founders Fund Menlo VC IVP $28M Series A in 2024
Take action:
See who works here 🤝
Check company site 📌
View Jobs

Render
What they do:
Help 2M+ developers build, deploy, and scale apps with unparalleled ease
SaaS Enterprise Software Developer Tools
Quick facts:
📍HQ: San Francisco Bay Area, California, USA
51-100 employees Founded: 2018
Funding:
Bessemer General Catalyst $80M Series C in 2025
Take action:
See who works here 🤝
Check company site 📌
View Jobs

Harvey
What they do:
AI provider for legal workers
Artificial Intelligence Legal
Quick facts:
📍HQ: San Francisco Bay Area, California, USA
201-500 employees Founded: 2021
Funding:
Sequoia Kleiner Perkins $300M Series D in 2025 $3.0B valuation
Take action:
See who works here 🤝
Check company site 📌
View Jobs

Semgrep
What they do:
Profoundly improving software security and reliability
Cybersecurity SaaS
Quick facts:
📍HQ: San Francisco Bay Area, California, USA
201-500 employees Founded: 2017
Funding:
Sequoia $100M Series D in 2025
Take action:
See who works here 🤝
Check company site 📌
View Jobs

HighTouch.io
What they do:
Sync customer data to your SaaS, marketing, sales, and success platforms.
Marketing Enterprise Software SaaS Sales
Quick facts:
📍HQ: San Francisco Bay Area, California, USA
11-50 employees Founded: 2018
Funding:
Y Combinator $80M Series C in 2025 $1.2B valuation
Take action:
See who works here 🤝
Check company site 📌
View Jobs

Qventus
What they do:
Qventus optimizes decisions in hospitals in real time to reduce costs, improve quality and experience.
Predictive Analytics Healthcare
Quick facts:
📍HQ: San Francisco Bay Area, California, USA
101-200 employees Founded: 2012
Funding:
Bessemer Y Combinator $85M Series D in 2025
Take action:
See who works here 🤝
Read reviews ⭐
Check company site 📌
View Jobs

Speak
What they do:
Language learning app that gets you talking
SaaS Consumer Artificial Intelligence
Quick facts:
📍HQ: San Francisco Bay Area, California, USA
11-50 employees Founded: 2016
Funding:
Accel $78M Series C in 2024 $1.0B valuation
Take action:
See who works here 🤝
Check company site 📌
View Jobs

Databricks
What they do:
Databricks is a data-and-AI company that interacts with corporate information stored in the public cloud.
Artificial Intelligence SaaS Analytics Data Science
Quick facts:
📍HQ: San Francisco Bay Area, California, USA
5000+ employees Founded: 2013
Funding:
Andreessen Horowitz $10B Series J in 2024 $62.0B valuation
Take action:
See who works here 🤝
Read reviews ⭐
Check company site 📌
View Jobs

Kong
What they do:
Kong offers the industry-leading service connectivity platform designed for modern architectures.
Enterprise Software SaaS
Quick facts:
📍HQ: San Francisco Bay Area, California, USA
201-500 employees Founded: 2017
Funding:
Andreessen Horowitz $175M Series E in 2024 $2.0B valuation
Take action:
See who works here 🤝
Read reviews ⭐
Check company site 📌
View Jobs

Cresta
What they do:
Cresta leverages artificial intelligence to help sales and service agents improve the quality of their customer service
Artificial Intelligence Sales Enterprise Software
Quick facts:
📍HQ: San Francisco Bay Area, California, USA
201-500 employees Founded: 2017
Funding:
Sequoia Andreessen Horowitz $125M Series D in 2024
Take action:
See who works here 🤝
Read reviews ⭐
Check company site 📌
View Jobs

Infinitus
What they do:
AI healthcare company focused on automating complex phone-based workflows
Health Artificial Intelligence
Quick facts:
📍HQ: San Francisco Bay Area, California, USA
101-200 employees Founded: 2019
Funding:
Andreessen Horowitz Kleiner Perkins $51M Series C in 2024
Take action:
See who works here 🤝
Check company site 📌
View Jobs

Nooks
What they do:
AI dialing and prospecting platform, trusted by thousands of SDRs & AEs to cut out the busywork
Artificial Intelligence Sales
Quick facts:
📍HQ: San Francisco Bay Area, California, USA
51-100 employees Founded: 2020
Funding:
Kleiner Perkins $43M Series B in 2024
Take action:
See who works here 🤝
Check company site 📌
View Jobs

Decagon
What they do:
Develops AI support agents for enterprise
Artificial Intelligence Enterprise Software
Quick facts:
📍HQ: San Francisco Bay Area, California, USA
11-50 employees Founded: 2023
Funding:
Andreessen Horowitz Accel $65M Series B in 2024
Take action:
See who works here 🤝
Check company site 📌
View Jobs

World Labs
What they do:
Develops AI models with spatial intelligence for 3D world perception and interaction
Artificial Intelligence
Quick facts:
📍HQ: San Francisco Bay Area, California, USA
11-50 employees Founded: 2023
Funding:
Andreessen Horowitz $230M Series A in 2024 $1.0B valuation
Take action:
See who works here 🤝
Check company site 📌
View Jobs

Safe Superintelligence
What they do:
World's first straight-shot safe superintelligence lab
Artificial Intelligence
Quick facts:
📍HQ: San Francisco Bay Area, California, USA
1-10 employees Founded: 2024
Funding:
Sequoia Andreessen Horowitz $1B Series A in 2024
Take action:
See who works here 🤝
Check company site 📌
View Jobs

Harmonic
What they do:
Building the world’s most advanced mathematical reasoning engine
Artificial Intelligence
Quick facts:
📍HQ: San Francisco Bay Area, California, USA
11-50 employees Founded: 2023
Funding:
Sequoia $75M Series A in 2024
Take action:
See who works here 🤝
Check company site 📌
View Jobs

Atlys
What they do:
Atlys makes it fast for anyone to get a visa.
Immigration Travel
Quick facts:
📍HQ: San Francisco Bay Area, California, USA
11-50 employees Founded: 2020
Funding:
Andreessen Horowitz Sequoia Accel $20M Series B in 2024
Take action:
See who works here 🤝
Check company site 📌
View Jobs

Cortex
What they do:
Cortex is a software platform that manages and operates microservices.
Enterprise Software Developer Tools
Quick facts:
📍HQ: San Francisco Bay Area, California, USA
101-200 employees Founded: 2019
Funding:
Sequoia $60M Series C in 2024
Take action:
See who works here 🤝
Check company site 📌
View Jobs

Get newly funded startups delivered to you weekly

Show more


Get direct intros to founders 🤝

General
About
Startups
Jobs
Salary & Equity
Negotiation Coaching
Fulfillment Policy
Add Startup or Job 👋

Industry
AI startups
Biotech startups
Cybersecurity startups
E-Commerce startups
EdTech startups
FinTech startups
Healthcare startups
Marketplace startups
SaaS startups
Sustainability startups

Stage
Early-stage startups
Growth-stage startups
Mature startups

Under 50 employees
Under 100 employees
Under 500 employees

Founded in 2021
Founded in 2020

HQ location
Remote Startups
Startups in New York
Startups in Boston
Startups in San Francisco
Startups in Los Angeles
Startups in Seattle
Startups in Austin
Startups in India
Startups in London
Startups in Canada
Filter
2025-04-07 09:40:19,921 - StartupScraper - INFO - New content loaded. Continuing... (Total clicks: 10)
2025-04-07 09:40:22,366 - StartupScraper - INFO - Clicked element with text: Subscribe
Add Startup
Salary/Equity
Jobs
Startups



Find San Francisco Bay Area Startups
Track newest startups funded by top investors.
Powerful filters. Updates daily.

HQ:
Industry:
AI/Machine Learning
Analytics
Biotech
Collaboration
Consumer
Crypto/Blockchain
Cybersecurity
Data Science
E-Commerce
EdTech
Enterprise Software
FinTech
Gaming
Hardware
Healthcare
Marketplaces
Media
Retail
SaaS
Sales/Marketing
Space
Sustainability
Any industry
Size:
1-10 employees
11-50 employees
51-100 employees
101-200 employees
201-500 employees
501-1000 employees
1001-5000 employees
5000+ employees
Any size
Founded:
2021
2020
2019
2018
2017
2016
2015
2014
2013
2012
2011
Any year
Stage:
Pre-Seed
Seed
Series A
Series B
Series C
Series D
Series E
Series F
Series G
Series H
Series I
Post-IPO
Unknown
Any stage
Investor:
Accel
Andreessen Horowitz
Benchmark
Bessemer
Founders Fund
Khosla Ventures
Kleiner Perkins
Sequoia
Y Combinator
Any investor
Find matches

545 startups

Sort by:
Recent Funding
Highest Valuation
Recent Funding


Numeric
What they do:
Building the next-gen financial data platform
Enterprise Software FinTech Accounting
Quick facts:
📍HQ: San Francisco Bay Area, California, USA
11-50 employees Founded: 2021
Funding:
Founders Fund Menlo VC IVP $28M Series A in 2024
Take action:
See who works here 🤝
Check company site 📌
View Jobs

Render
What they do:
Help 2M+ developers build, deploy, and scale apps with unparalleled ease
SaaS Enterprise Software Developer Tools
Quick facts:
📍HQ: San Francisco Bay Area, California, USA
51-100 employees Founded: 2018
Funding:
Bessemer General Catalyst $80M Series C in 2025
Take action:
See who works here 🤝
Check company site 📌
View Jobs

Harvey
What they do:
AI provider for legal workers
Artificial Intelligence Legal
Quick facts:
📍HQ: San Francisco Bay Area, California, USA
201-500 employees Founded: 2021
Funding:
Sequoia Kleiner Perkins $300M Series D in 2025 $3.0B valuation
Take action:
See who works here 🤝
Check company site 📌
View Jobs

Semgrep
What they do:
Profoundly improving software security and reliability
Cybersecurity SaaS
Quick facts:
📍HQ: San Francisco Bay Area, California, USA
201-500 employees Founded: 2017
Funding:
Sequoia $100M Series D in 2025
Take action:
See who works here 🤝
Check company site 📌
View Jobs

HighTouch.io
What they do:
Sync customer data to your SaaS, marketing, sales, and success platforms.
Marketing Enterprise Software SaaS Sales
Quick facts:
📍HQ: San Francisco Bay Area, California, USA
11-50 employees Founded: 2018
Funding:
Y Combinator $80M Series C in 2025 $1.2B valuation
Take action:
See who works here 🤝
Check company site 📌
View Jobs

Qventus
What they do:
Qventus optimizes decisions in hospitals in real time to reduce costs, improve quality and experience.
Predictive Analytics Healthcare
Quick facts:
📍HQ: San Francisco Bay Area, California, USA
101-200 employees Founded: 2012
Funding:
Bessemer Y Combinator $85M Series D in 2025
Take action:
See who works here 🤝
Read reviews ⭐
Check company site 📌
View Jobs

Speak
What they do:
Language learning app that gets you talking
SaaS Consumer Artificial Intelligence
Quick facts:
📍HQ: San Francisco Bay Area, California, USA
11-50 employees Founded: 2016
Funding:
Accel $78M Series C in 2024 $1.0B valuation
Take action:
See who works here 🤝
Check company site 📌
View Jobs

Databricks
What they do:
Databricks is a data-and-AI company that interacts with corporate information stored in the public cloud.
Artificial Intelligence SaaS Analytics Data Science
Quick facts:
📍HQ: San Francisco Bay Area, California, USA
5000+ employees Founded: 2013
Funding:
Andreessen Horowitz $10B Series J in 2024 $62.0B valuation
Take action:
See who works here 🤝
Read reviews ⭐
Check company site 📌
View Jobs

Kong
What they do:
Kong offers the industry-leading service connectivity platform designed for modern architectures.
Enterprise Software SaaS
Quick facts:
📍HQ: San Francisco Bay Area, California, USA
201-500 employees Founded: 2017
Funding:
Andreessen Horowitz $175M Series E in 2024 $2.0B valuation
Take action:
See who works here 🤝
Read reviews ⭐
Check company site 📌
View Jobs

Cresta
What they do:
Cresta leverages artificial intelligence to help sales and service agents improve the quality of their customer service
Artificial Intelligence Sales Enterprise Software
Quick facts:
📍HQ: San Francisco Bay Area, California, USA
201-500 employees Founded: 2017
Funding:
Sequoia Andreessen Horowitz $125M Series D in 2024
Take action:
See who works here 🤝
Read reviews ⭐
Check company site 📌
View Jobs

Infinitus
What they do:
AI healthcare company focused on automating complex phone-based workflows
Health Artificial Intelligence
Quick facts:
📍HQ: San Francisco Bay Area, California, USA
101-200 employees Founded: 2019
Funding:
Andreessen Horowitz Kleiner Perkins $51M Series C in 2024
Take action:
See who works here 🤝
Check company site 📌
View Jobs

Nooks
What they do:
AI dialing and prospecting platform, trusted by thousands of SDRs & AEs to cut out the busywork
Artificial Intelligence Sales
Quick facts:
📍HQ: San Francisco Bay Area, California, USA
51-100 employees Founded: 2020
Funding:
Kleiner Perkins $43M Series B in 2024
Take action:
See who works here 🤝
Check company site 📌
View Jobs

Decagon
What they do:
Develops AI support agents for enterprise
Artificial Intelligence Enterprise Software
Quick facts:
📍HQ: San Francisco Bay Area, California, USA
11-50 employees Founded: 2023
Funding:
Andreessen Horowitz Accel $65M Series B in 2024
Take action:
See who works here 🤝
Check company site 📌
View Jobs

World Labs
What they do:
Develops AI models with spatial intelligence for 3D world perception and interaction
Artificial Intelligence
Quick facts:
📍HQ: San Francisco Bay Area, California, USA
11-50 employees Founded: 2023
Funding:
Andreessen Horowitz $230M Series A in 2024 $1.0B valuation
Take action:
See who works here 🤝
Check company site 📌
View Jobs

Safe Superintelligence
What they do:
World's first straight-shot safe superintelligence lab
Artificial Intelligence
Quick facts:
📍HQ: San Francisco Bay Area, California, USA
1-10 employees Founded: 2024
Funding:
Sequoia Andreessen Horowitz $1B Series A in 2024
Take action:
See who works here 🤝
Check company site 📌
View Jobs

Harmonic
What they do:
Building the world’s most advanced mathematical reasoning engine
Artificial Intelligence
Quick facts:
📍HQ: San Francisco Bay Area, California, USA
11-50 employees Founded: 2023
Funding:
Sequoia $75M Series A in 2024
Take action:
See who works here 🤝
Check company site 📌
View Jobs

Atlys
What they do:
Atlys makes it fast for anyone to get a visa.
Immigration Travel
Quick facts:
📍HQ: San Francisco Bay Area, California, USA
11-50 employees Founded: 2020
Funding:
Andreessen Horowitz Sequoia Accel $20M Series B in 2024
Take action:
See who works here 🤝
Check company site 📌
View Jobs

Cortex
What they do:
Cortex is a software platform that manages and operates microservices.
Enterprise Software Developer Tools
Quick facts:
📍HQ: San Francisco Bay Area, California, USA
101-200 employees Founded: 2019
Funding:
Sequoia $60M Series C in 2024
Take action:
See who works here 🤝
Check company site 📌
View Jobs

Get newly funded startups delivered to you weekly

Show more


Get direct intros to founders 🤝

General
About
Startups
Jobs
Salary & Equity
Negotiation Coaching
Fulfillment Policy
Add Startup or Job 👋

Industry
AI startups
Biotech startups
Cybersecurity startups
E-Commerce startups
EdTech startups
FinTech startups
Healthcare startups
Marketplace startups
SaaS startups
Sustainability startups

Stage
Early-stage startups
Growth-stage startups
Mature startups

Under 50 employees
Under 100 employees
Under 500 employees

Founded in 2021
Founded in 2020

HQ location
Remote Startups
Startups in New York
Startups in Boston
Startups in San Francisco
Startups in Los Angeles
Startups in Seattle
Startups in Austin
Startups in India
Startups in London
Startups in Canada
Filter
2025-04-07 09:40:30,358 - StartupScraper - INFO - New content loaded. Continuing... (Total clicks: 11)
2025-04-07 09:40:32,773 - StartupScraper - INFO - Clicked element with text: Subscribe
Add Startup
Salary/Equity
Jobs
Startups



Find San Francisco Bay Area Startups
Track newest startups funded by top investors.
Powerful filters. Updates daily.

HQ:
Industry:
AI/Machine Learning
Analytics
Biotech
Collaboration
Consumer
Crypto/Blockchain
Cybersecurity
Data Science
E-Commerce
EdTech
Enterprise Software
FinTech
Gaming
Hardware
Healthcare
Marketplaces
Media
Retail
SaaS
Sales/Marketing
Space
Sustainability
Any industry
Size:
1-10 employees
11-50 employees
51-100 employees
101-200 employees
201-500 employees
501-1000 employees
1001-5000 employees
5000+ employees
Any size
Founded:
2021
2020
2019
2018
2017
2016
2015
2014
2013
2012
2011
Any year
Stage:
Pre-Seed
Seed
Series A
Series B
Series C
Series D
Series E
Series F
Series G
Series H
Series I
Post-IPO
Unknown
Any stage
Investor:
Accel
Andreessen Horowitz
Benchmark
Bessemer
Founders Fund
Khosla Ventures
Kleiner Perkins
Sequoia
Y Combinator
Any investor
Find matches

545 startups

Sort by:
Recent Funding
Highest Valuation
Recent Funding


Numeric
What they do:
Building the next-gen financial data platform
Enterprise Software FinTech Accounting
Quick facts:
📍HQ: San Francisco Bay Area, California, USA
11-50 employees Founded: 2021
Funding:
Founders Fund Menlo VC IVP $28M Series A in 2024
Take action:
See who works here 🤝
Check company site 📌
View Jobs

Render
What they do:
Help 2M+ developers build, deploy, and scale apps with unparalleled ease
SaaS Enterprise Software Developer Tools
Quick facts:
📍HQ: San Francisco Bay Area, California, USA
51-100 employees Founded: 2018
Funding:
Bessemer General Catalyst $80M Series C in 2025
Take action:
See who works here 🤝
Check company site 📌
View Jobs

Harvey
What they do:
AI provider for legal workers
Artificial Intelligence Legal
Quick facts:
📍HQ: San Francisco Bay Area, California, USA
201-500 employees Founded: 2021
Funding:
Sequoia Kleiner Perkins $300M Series D in 2025 $3.0B valuation
Take action:
See who works here 🤝
Check company site 📌
View Jobs

Semgrep
What they do:
Profoundly improving software security and reliability
Cybersecurity SaaS
Quick facts:
📍HQ: San Francisco Bay Area, California, USA
201-500 employees Founded: 2017
Funding:
Sequoia $100M Series D in 2025
Take action:
See who works here 🤝
Check company site 📌
View Jobs

HighTouch.io
What they do:
Sync customer data to your SaaS, marketing, sales, and success platforms.
Marketing Enterprise Software SaaS Sales
Quick facts:
📍HQ: San Francisco Bay Area, California, USA
11-50 employees Founded: 2018
Funding:
Y Combinator $80M Series C in 2025 $1.2B valuation
Take action:
See who works here 🤝
Check company site 📌
View Jobs

Qventus
What they do:
Qventus optimizes decisions in hospitals in real time to reduce costs, improve quality and experience.
Predictive Analytics Healthcare
Quick facts:
📍HQ: San Francisco Bay Area, California, USA
101-200 employees Founded: 2012
Funding:
Bessemer Y Combinator $85M Series D in 2025
Take action:
See who works here 🤝
Read reviews ⭐
Check company site 📌
View Jobs

Speak
What they do:
Language learning app that gets you talking
SaaS Consumer Artificial Intelligence
Quick facts:
📍HQ: San Francisco Bay Area, California, USA
11-50 employees Founded: 2016
Funding:
Accel $78M Series C in 2024 $1.0B valuation
Take action:
See who works here 🤝
Check company site 📌
View Jobs

Databricks
What they do:
Databricks is a data-and-AI company that interacts with corporate information stored in the public cloud.
Artificial Intelligence SaaS Analytics Data Science
Quick facts:
📍HQ: San Francisco Bay Area, California, USA
5000+ employees Founded: 2013
Funding:
Andreessen Horowitz $10B Series J in 2024 $62.0B valuation
Take action:
See who works here 🤝
Read reviews ⭐
Check company site 📌
View Jobs

Kong
What they do:
Kong offers the industry-leading service connectivity platform designed for modern architectures.
Enterprise Software SaaS
Quick facts:
📍HQ: San Francisco Bay Area, California, USA
201-500 employees Founded: 2017
Funding:
Andreessen Horowitz $175M Series E in 2024 $2.0B valuation
Take action:
See who works here 🤝
Read reviews ⭐
Check company site 📌
View Jobs

Cresta
What they do:
Cresta leverages artificial intelligence to help sales and service agents improve the quality of their customer service
Artificial Intelligence Sales Enterprise Software
Quick facts:
📍HQ: San Francisco Bay Area, California, USA
201-500 employees Founded: 2017
Funding:
Sequoia Andreessen Horowitz $125M Series D in 2024
Take action:
See who works here 🤝
Read reviews ⭐
Check company site 📌
View Jobs

Infinitus
What they do:
AI healthcare company focused on automating complex phone-based workflows
Health Artificial Intelligence
Quick facts:
📍HQ: San Francisco Bay Area, California, USA
101-200 employees Founded: 2019
Funding:
Andreessen Horowitz Kleiner Perkins $51M Series C in 2024
Take action:
See who works here 🤝
Check company site 📌
View Jobs

Nooks
What they do:
AI dialing and prospecting platform, trusted by thousands of SDRs & AEs to cut out the busywork
Artificial Intelligence Sales
Quick facts:
📍HQ: San Francisco Bay Area, California, USA
51-100 employees Founded: 2020
Funding:
Kleiner Perkins $43M Series B in 2024
Take action:
See who works here 🤝
Check company site 📌
View Jobs

Decagon
What they do:
Develops AI support agents for enterprise
Artificial Intelligence Enterprise Software
Quick facts:
📍HQ: San Francisco Bay Area, California, USA
11-50 employees Founded: 2023
Funding:
Andreessen Horowitz Accel $65M Series B in 2024
Take action:
See who works here 🤝
Check company site 📌
View Jobs

World Labs
What they do:
Develops AI models with spatial intelligence for 3D world perception and interaction
Artificial Intelligence
Quick facts:
📍HQ: San Francisco Bay Area, California, USA
11-50 employees Founded: 2023
Funding:
Andreessen Horowitz $230M Series A in 2024 $1.0B valuation
Take action:
See who works here 🤝
Check company site 📌
View Jobs

Safe Superintelligence
What they do:
World's first straight-shot safe superintelligence lab
Artificial Intelligence
Quick facts:
📍HQ: San Francisco Bay Area, California, USA
1-10 employees Founded: 2024
Funding:
Sequoia Andreessen Horowitz $1B Series A in 2024
Take action:
See who works here 🤝
Check company site 📌
View Jobs

Harmonic
What they do:
Building the world’s most advanced mathematical reasoning engine
Artificial Intelligence
Quick facts:
📍HQ: San Francisco Bay Area, California, USA
11-50 employees Founded: 2023
Funding:
Sequoia $75M Series A in 2024
Take action:
See who works here 🤝
Check company site 📌
View Jobs

Atlys
What they do:
Atlys makes it fast for anyone to get a visa.
Immigration Travel
Quick facts:
📍HQ: San Francisco Bay Area, California, USA
11-50 employees Founded: 2020
Funding:
Andreessen Horowitz Sequoia Accel $20M Series B in 2024
Take action:
See who works here 🤝
Check company site 📌
View Jobs

Cortex
What they do:
Cortex is a software platform that manages and operates microservices.
Enterprise Software Developer Tools
Quick facts:
📍HQ: San Francisco Bay Area, California, USA
101-200 employees Founded: 2019
Funding:
Sequoia $60M Series C in 2024
Take action:
See who works here 🤝
Check company site 📌
View Jobs

Get newly funded startups delivered to you weekly

Show more


Get direct intros to founders 🤝

General
About
Startups
Jobs
Salary & Equity
Negotiation Coaching
Fulfillment Policy
Add Startup or Job 👋

Industry
AI startups
Biotech startups
Cybersecurity startups
E-Commerce startups
EdTech startups
FinTech startups
Healthcare startups
Marketplace startups
SaaS startups
Sustainability startups

Stage
Early-stage startups
Growth-stage startups
Mature startups

Under 50 employees
Under 100 employees
Under 500 employees

Founded in 2021
Founded in 2020

HQ location
Remote Startups
Startups in New York
Startups in Boston
Startups in San Francisco
Startups in Los Angeles
Startups in Seattle
Startups in Austin
Startups in India
Startups in London
Startups in Canada
Filter
2025-04-07 09:40:40,083 - StartupScraper - INFO - New content loaded. Continuing... (Total clicks: 12)
2025-04-07 09:40:43,239 - StartupScraper - INFO - Clicked element with text: Subscribe
Add Startup
Salary/Equity
Jobs
Startups



Find San Francisco Bay Area Startups
Track newest startups funded by top investors.
Powerful filters. Updates daily.

HQ:
Industry:
AI/Machine Learning
Analytics
Biotech
Collaboration
Consumer
Crypto/Blockchain
Cybersecurity
Data Science
E-Commerce
EdTech
Enterprise Software
FinTech
Gaming
Hardware
Healthcare
Marketplaces
Media
Retail
SaaS
Sales/Marketing
Space
Sustainability
Any industry
Size:
1-10 employees
11-50 employees
51-100 employees
101-200 employees
201-500 employees
501-1000 employees
1001-5000 employees
5000+ employees
Any size
Founded:
2021
2020
2019
2018
2017
2016
2015
2014
2013
2012
2011
Any year
Stage:
Pre-Seed
Seed
Series A
Series B
Series C
Series D
Series E
Series F
Series G
Series H
Series I
Post-IPO
Unknown
Any stage
Investor:
Accel
Andreessen Horowitz
Benchmark
Bessemer
Founders Fund
Khosla Ventures
Kleiner Perkins
Sequoia
Y Combinator
Any investor
Find matches

545 startups

Sort by:
Recent Funding
Highest Valuation
Recent Funding


Numeric
What they do:
Building the next-gen financial data platform
Enterprise Software FinTech Accounting
Quick facts:
📍HQ: San Francisco Bay Area, California, USA
11-50 employees Founded: 2021
Funding:
Founders Fund Menlo VC IVP $28M Series A in 2024
Take action:
See who works here 🤝
Check company site 📌
View Jobs

Render
What they do:
Help 2M+ developers build, deploy, and scale apps with unparalleled ease
SaaS Enterprise Software Developer Tools
Quick facts:
📍HQ: San Francisco Bay Area, California, USA
51-100 employees Founded: 2018
Funding:
Bessemer General Catalyst $80M Series C in 2025
Take action:
See who works here 🤝
Check company site 📌
View Jobs

Harvey
What they do:
AI provider for legal workers
Artificial Intelligence Legal
Quick facts:
📍HQ: San Francisco Bay Area, California, USA
201-500 employees Founded: 2021
Funding:
Sequoia Kleiner Perkins $300M Series D in 2025 $3.0B valuation
Take action:
See who works here 🤝
Check company site 📌
View Jobs

Semgrep
What they do:
Profoundly improving software security and reliability
Cybersecurity SaaS
Quick facts:
📍HQ: San Francisco Bay Area, California, USA
201-500 employees Founded: 2017
Funding:
Sequoia $100M Series D in 2025
Take action:
See who works here 🤝
Check company site 📌
View Jobs

HighTouch.io
What they do:
Sync customer data to your SaaS, marketing, sales, and success platforms.
Marketing Enterprise Software SaaS Sales
Quick facts:
📍HQ: San Francisco Bay Area, California, USA
11-50 employees Founded: 2018
Funding:
Y Combinator $80M Series C in 2025 $1.2B valuation
Take action:
See who works here 🤝
Check company site 📌
View Jobs

Qventus
What they do:
Qventus optimizes decisions in hospitals in real time to reduce costs, improve quality and experience.
Predictive Analytics Healthcare
Quick facts:
📍HQ: San Francisco Bay Area, California, USA
101-200 employees Founded: 2012
Funding:
Bessemer Y Combinator $85M Series D in 2025
Take action:
See who works here 🤝
Read reviews ⭐
Check company site 📌
View Jobs

Speak
What they do:
Language learning app that gets you talking
SaaS Consumer Artificial Intelligence
Quick facts:
📍HQ: San Francisco Bay Area, California, USA
11-50 employees Founded: 2016
Funding:
Accel $78M Series C in 2024 $1.0B valuation
Take action:
See who works here 🤝
Check company site 📌
View Jobs

Databricks
What they do:
Databricks is a data-and-AI company that interacts with corporate information stored in the public cloud.
Artificial Intelligence SaaS Analytics Data Science
Quick facts:
📍HQ: San Francisco Bay Area, California, USA
5000+ employees Founded: 2013
Funding:
Andreessen Horowitz $10B Series J in 2024 $62.0B valuation
Take action:
See who works here 🤝
Read reviews ⭐
Check company site 📌
View Jobs

Kong
What they do:
Kong offers the industry-leading service connectivity platform designed for modern architectures.
Enterprise Software SaaS
Quick facts:
📍HQ: San Francisco Bay Area, California, USA
201-500 employees Founded: 2017
Funding:
Andreessen Horowitz $175M Series E in 2024 $2.0B valuation
Take action:
See who works here 🤝
Read reviews ⭐
Check company site 📌
View Jobs

Cresta
What they do:
Cresta leverages artificial intelligence to help sales and service agents improve the quality of their customer service
Artificial Intelligence Sales Enterprise Software
Quick facts:
📍HQ: San Francisco Bay Area, California, USA
201-500 employees Founded: 2017
Funding:
Sequoia Andreessen Horowitz $125M Series D in 2024
Take action:
See who works here 🤝
Read reviews ⭐
Check company site 📌
View Jobs

Infinitus
What they do:
AI healthcare company focused on automating complex phone-based workflows
Health Artificial Intelligence
Quick facts:
📍HQ: San Francisco Bay Area, California, USA
101-200 employees Founded: 2019
Funding:
Andreessen Horowitz Kleiner Perkins $51M Series C in 2024
Take action:
See who works here 🤝
Check company site 📌
View Jobs

Nooks
What they do:
AI dialing and prospecting platform, trusted by thousands of SDRs & AEs to cut out the busywork
Artificial Intelligence Sales
Quick facts:
📍HQ: San Francisco Bay Area, California, USA
51-100 employees Founded: 2020
Funding:
Kleiner Perkins $43M Series B in 2024
Take action:
See who works here 🤝
Check company site 📌
View Jobs

Decagon
What they do:
Develops AI support agents for enterprise
Artificial Intelligence Enterprise Software
Quick facts:
📍HQ: San Francisco Bay Area, California, USA
11-50 employees Founded: 2023
Funding:
Andreessen Horowitz Accel $65M Series B in 2024
Take action:
See who works here 🤝
Check company site 📌
View Jobs

World Labs
What they do:
Develops AI models with spatial intelligence for 3D world perception and interaction
Artificial Intelligence
Quick facts:
📍HQ: San Francisco Bay Area, California, USA
11-50 employees Founded: 2023
Funding:
Andreessen Horowitz $230M Series A in 2024 $1.0B valuation
Take action:
See who works here 🤝
Check company site 📌
View Jobs

Safe Superintelligence
What they do:
World's first straight-shot safe superintelligence lab
Artificial Intelligence
Quick facts:
📍HQ: San Francisco Bay Area, California, USA
1-10 employees Founded: 2024
Funding:
Sequoia Andreessen Horowitz $1B Series A in 2024
Take action:
See who works here 🤝
Check company site 📌
View Jobs

Harmonic
What they do:
Building the world’s most advanced mathematical reasoning engine
Artificial Intelligence
Quick facts:
📍HQ: San Francisco Bay Area, California, USA
11-50 employees Founded: 2023
Funding:
Sequoia $75M Series A in 2024
Take action:
See who works here 🤝
Check company site 📌
View Jobs

Atlys
What they do:
Atlys makes it fast for anyone to get a visa.
Immigration Travel
Quick facts:
📍HQ: San Francisco Bay Area, California, USA
11-50 employees Founded: 2020
Funding:
Andreessen Horowitz Sequoia Accel $20M Series B in 2024
Take action:
See who works here 🤝
Check company site 📌
View Jobs

Cortex
What they do:
Cortex is a software platform that manages and operates microservices.
Enterprise Software Developer Tools
Quick facts:
📍HQ: San Francisco Bay Area, California, USA
101-200 employees Founded: 2019
Funding:
Sequoia $60M Series C in 2024
Take action:
See who works here 🤝
Check company site 📌
View Jobs

Get newly funded startups delivered to you weekly

Show more


Get direct intros to founders 🤝

General
About
Startups
Jobs
Salary & Equity
Negotiation Coaching
Fulfillment Policy
Add Startup or Job 👋

Industry
AI startups
Biotech startups
Cybersecurity startups
E-Commerce startups
EdTech startups
FinTech startups
Healthcare startups
Marketplace startups
SaaS startups
Sustainability startups

Stage
Early-stage startups
Growth-stage startups
Mature startups

Under 50 employees
Under 100 employees
Under 500 employees

Founded in 2021
Founded in 2020

HQ location
Remote Startups
Startups in New York
Startups in Boston
Startups in San Francisco
Startups in Los Angeles
Startups in Seattle
Startups in Austin
Startups in India
Startups in London
Startups in Canada
Filter
2025-04-07 09:40:50,212 - StartupScraper - INFO - New content loaded. Continuing... (Total clicks: 13)
2025-04-07 09:40:52,856 - StartupScraper - INFO - Clicked element with text: Subscribe
Add Startup
Salary/Equity
Jobs
Startups



Find San Francisco Bay Area Startups
Track newest startups funded by top investors.
Powerful filters. Updates daily.

HQ:
Industry:
AI/Machine Learning
Analytics
Biotech
Collaboration
Consumer
Crypto/Blockchain
Cybersecurity
Data Science
E-Commerce
EdTech
Enterprise Software
FinTech
Gaming
Hardware
Healthcare
Marketplaces
Media
Retail
SaaS
Sales/Marketing
Space
Sustainability
Any industry
Size:
1-10 employees
11-50 employees
51-100 employees
101-200 employees
201-500 employees
501-1000 employees
1001-5000 employees
5000+ employees
Any size
Founded:
2021
2020
2019
2018
2017
2016
2015
2014
2013
2012
2011
Any year
Stage:
Pre-Seed
Seed
Series A
Series B
Series C
Series D
Series E
Series F
Series G
Series H
Series I
Post-IPO
Unknown
Any stage
Investor:
Accel
Andreessen Horowitz
Benchmark
Bessemer
Founders Fund
Khosla Ventures
Kleiner Perkins
Sequoia
Y Combinator
Any investor
Find matches

545 startups

Sort by:
Recent Funding
Highest Valuation
Recent Funding


Numeric
What they do:
Building the next-gen financial data platform
Enterprise Software FinTech Accounting
Quick facts:
📍HQ: San Francisco Bay Area, California, USA
11-50 employees Founded: 2021
Funding:
Founders Fund Menlo VC IVP $28M Series A in 2024
Take action:
See who works here 🤝
Check company site 📌
View Jobs

Render
What they do:
Help 2M+ developers build, deploy, and scale apps with unparalleled ease
SaaS Enterprise Software Developer Tools
Quick facts:
📍HQ: San Francisco Bay Area, California, USA
51-100 employees Founded: 2018
Funding:
Bessemer General Catalyst $80M Series C in 2025
Take action:
See who works here 🤝
Check company site 📌
View Jobs

Harvey
What they do:
AI provider for legal workers
Artificial Intelligence Legal
Quick facts:
📍HQ: San Francisco Bay Area, California, USA
201-500 employees Founded: 2021
Funding:
Sequoia Kleiner Perkins $300M Series D in 2025 $3.0B valuation
Take action:
See who works here 🤝
Check company site 📌
View Jobs

Semgrep
What they do:
Profoundly improving software security and reliability
Cybersecurity SaaS
Quick facts:
📍HQ: San Francisco Bay Area, California, USA
201-500 employees Founded: 2017
Funding:
Sequoia $100M Series D in 2025
Take action:
See who works here 🤝
Check company site 📌
View Jobs

HighTouch.io
What they do:
Sync customer data to your SaaS, marketing, sales, and success platforms.
Marketing Enterprise Software SaaS Sales
Quick facts:
📍HQ: San Francisco Bay Area, California, USA
11-50 employees Founded: 2018
Funding:
Y Combinator $80M Series C in 2025 $1.2B valuation
Take action:
See who works here 🤝
Check company site 📌
View Jobs

Qventus
What they do:
Qventus optimizes decisions in hospitals in real time to reduce costs, improve quality and experience.
Predictive Analytics Healthcare
Quick facts:
📍HQ: San Francisco Bay Area, California, USA
101-200 employees Founded: 2012
Funding:
Bessemer Y Combinator $85M Series D in 2025
Take action:
See who works here 🤝
Read reviews ⭐
Check company site 📌
View Jobs

Speak
What they do:
Language learning app that gets you talking
SaaS Consumer Artificial Intelligence
Quick facts:
📍HQ: San Francisco Bay Area, California, USA
11-50 employees Founded: 2016
Funding:
Accel $78M Series C in 2024 $1.0B valuation
Take action:
See who works here 🤝
Check company site 📌
View Jobs

Databricks
What they do:
Databricks is a data-and-AI company that interacts with corporate information stored in the public cloud.
Artificial Intelligence SaaS Analytics Data Science
Quick facts:
📍HQ: San Francisco Bay Area, California, USA
5000+ employees Founded: 2013
Funding:
Andreessen Horowitz $10B Series J in 2024 $62.0B valuation
Take action:
See who works here 🤝
Read reviews ⭐
Check company site 📌
View Jobs

Kong
What they do:
Kong offers the industry-leading service connectivity platform designed for modern architectures.
Enterprise Software SaaS
Quick facts:
📍HQ: San Francisco Bay Area, California, USA
201-500 employees Founded: 2017
Funding:
Andreessen Horowitz $175M Series E in 2024 $2.0B valuation
Take action:
See who works here 🤝
Read reviews ⭐
Check company site 📌
View Jobs

Cresta
What they do:
Cresta leverages artificial intelligence to help sales and service agents improve the quality of their customer service
Artificial Intelligence Sales Enterprise Software
Quick facts:
📍HQ: San Francisco Bay Area, California, USA
201-500 employees Founded: 2017
Funding:
Sequoia Andreessen Horowitz $125M Series D in 2024
Take action:
See who works here 🤝
Read reviews ⭐
Check company site 📌
View Jobs

Infinitus
What they do:
AI healthcare company focused on automating complex phone-based workflows
Health Artificial Intelligence
Quick facts:
📍HQ: San Francisco Bay Area, California, USA
101-200 employees Founded: 2019
Funding:
Andreessen Horowitz Kleiner Perkins $51M Series C in 2024
Take action:
See who works here 🤝
Check company site 📌
View Jobs

Nooks
What they do:
AI dialing and prospecting platform, trusted by thousands of SDRs & AEs to cut out the busywork
Artificial Intelligence Sales
Quick facts:
📍HQ: San Francisco Bay Area, California, USA
51-100 employees Founded: 2020
Funding:
Kleiner Perkins $43M Series B in 2024
Take action:
See who works here 🤝
Check company site 📌
View Jobs

Decagon
What they do:
Develops AI support agents for enterprise
Artificial Intelligence Enterprise Software
Quick facts:
📍HQ: San Francisco Bay Area, California, USA
11-50 employees Founded: 2023
Funding:
Andreessen Horowitz Accel $65M Series B in 2024
Take action:
See who works here 🤝
Check company site 📌
View Jobs

World Labs
What they do:
Develops AI models with spatial intelligence for 3D world perception and interaction
Artificial Intelligence
Quick facts:
📍HQ: San Francisco Bay Area, California, USA
11-50 employees Founded: 2023
Funding:
Andreessen Horowitz $230M Series A in 2024 $1.0B valuation
Take action:
See who works here 🤝
Check company site 📌
View Jobs

Safe Superintelligence
What they do:
World's first straight-shot safe superintelligence lab
Artificial Intelligence
Quick facts:
📍HQ: San Francisco Bay Area, California, USA
1-10 employees Founded: 2024
Funding:
Sequoia Andreessen Horowitz $1B Series A in 2024
Take action:
See who works here 🤝
Check company site 📌
View Jobs

Harmonic
What they do:
Building the world’s most advanced mathematical reasoning engine
Artificial Intelligence
Quick facts:
📍HQ: San Francisco Bay Area, California, USA
11-50 employees Founded: 2023
Funding:
Sequoia $75M Series A in 2024
Take action:
See who works here 🤝
Check company site 📌
View Jobs

Atlys
What they do:
Atlys makes it fast for anyone to get a visa.
Immigration Travel
Quick facts:
📍HQ: San Francisco Bay Area, California, USA
11-50 employees Founded: 2020
Funding:
Andreessen Horowitz Sequoia Accel $20M Series B in 2024
Take action:
See who works here 🤝
Check company site 📌
View Jobs

Cortex
What they do:
Cortex is a software platform that manages and operates microservices.
Enterprise Software Developer Tools
Quick facts:
📍HQ: San Francisco Bay Area, California, USA
101-200 employees Founded: 2019
Funding:
Sequoia $60M Series C in 2024
Take action:
See who works here 🤝
Check company site 📌
View Jobs

Get newly funded startups delivered to you weekly

Show more


Get direct intros to founders 🤝

General
About
Startups
Jobs
Salary & Equity
Negotiation Coaching
Fulfillment Policy
Add Startup or Job 👋

Industry
AI startups
Biotech startups
Cybersecurity startups
E-Commerce startups
EdTech startups
FinTech startups
Healthcare startups
Marketplace startups
SaaS startups
Sustainability startups

Stage
Early-stage startups
Growth-stage startups
Mature startups

Under 50 employees
Under 100 employees
Under 500 employees

Founded in 2021
Founded in 2020

HQ location
Remote Startups
Startups in New York
Startups in Boston
Startups in San Francisco
Startups in Los Angeles
Startups in Seattle
Startups in Austin
Startups in India
Startups in London
Startups in Canada
Filter
2025-04-07 09:40:59,039 - StartupScraper - INFO - New content loaded. Continuing... (Total clicks: 14)
2025-04-07 09:41:01,322 - StartupScraper - INFO - Clicked element with text: Subscribe
Add Startup
Salary/Equity
Jobs
Startups



Find San Francisco Bay Area Startups
Track newest startups funded by top investors.
Powerful filters. Updates daily.

HQ:
Industry:
AI/Machine Learning
Analytics
Biotech
Collaboration
Consumer
Crypto/Blockchain
Cybersecurity
Data Science
E-Commerce
EdTech
Enterprise Software
FinTech
Gaming
Hardware
Healthcare
Marketplaces
Media
Retail
SaaS
Sales/Marketing
Space
Sustainability
Any industry
Size:
1-10 employees
11-50 employees
51-100 employees
101-200 employees
201-500 employees
501-1000 employees
1001-5000 employees
5000+ employees
Any size
Founded:
2021
2020
2019
2018
2017
2016
2015
2014
2013
2012
2011
Any year
Stage:
Pre-Seed
Seed
Series A
Series B
Series C
Series D
Series E
Series F
Series G
Series H
Series I
Post-IPO
Unknown
Any stage
Investor:
Accel
Andreessen Horowitz
Benchmark
Bessemer
Founders Fund
Khosla Ventures
Kleiner Perkins
Sequoia
Y Combinator
Any investor
Find matches

545 startups

Sort by:
Recent Funding
Highest Valuation
Recent Funding


Numeric
What they do:
Building the next-gen financial data platform
Enterprise Software FinTech Accounting
Quick facts:
📍HQ: San Francisco Bay Area, California, USA
11-50 employees Founded: 2021
Funding:
Founders Fund Menlo VC IVP $28M Series A in 2024
Take action:
See who works here 🤝
Check company site 📌
View Jobs

Render
What they do:
Help 2M+ developers build, deploy, and scale apps with unparalleled ease
SaaS Enterprise Software Developer Tools
Quick facts:
📍HQ: San Francisco Bay Area, California, USA
51-100 employees Founded: 2018
Funding:
Bessemer General Catalyst $80M Series C in 2025
Take action:
See who works here 🤝
Check company site 📌
View Jobs

Harvey
What they do:
AI provider for legal workers
Artificial Intelligence Legal
Quick facts:
📍HQ: San Francisco Bay Area, California, USA
201-500 employees Founded: 2021
Funding:
Sequoia Kleiner Perkins $300M Series D in 2025 $3.0B valuation
Take action:
See who works here 🤝
Check company site 📌
View Jobs

Semgrep
What they do:
Profoundly improving software security and reliability
Cybersecurity SaaS
Quick facts:
📍HQ: San Francisco Bay Area, California, USA
201-500 employees Founded: 2017
Funding:
Sequoia $100M Series D in 2025
Take action:
See who works here 🤝
Check company site 📌
View Jobs

HighTouch.io
What they do:
Sync customer data to your SaaS, marketing, sales, and success platforms.
Marketing Enterprise Software SaaS Sales
Quick facts:
📍HQ: San Francisco Bay Area, California, USA
11-50 employees Founded: 2018
Funding:
Y Combinator $80M Series C in 2025 $1.2B valuation
Take action:
See who works here 🤝
Check company site 📌
View Jobs

Qventus
What they do:
Qventus optimizes decisions in hospitals in real time to reduce costs, improve quality and experience.
Predictive Analytics Healthcare
Quick facts:
📍HQ: San Francisco Bay Area, California, USA
101-200 employees Founded: 2012
Funding:
Bessemer Y Combinator $85M Series D in 2025
Take action:
See who works here 🤝
Read reviews ⭐
Check company site 📌
View Jobs

Speak
What they do:
Language learning app that gets you talking
SaaS Consumer Artificial Intelligence
Quick facts:
📍HQ: San Francisco Bay Area, California, USA
11-50 employees Founded: 2016
Funding:
Accel $78M Series C in 2024 $1.0B valuation
Take action:
See who works here 🤝
Check company site 📌
View Jobs

Databricks
What they do:
Databricks is a data-and-AI company that interacts with corporate information stored in the public cloud.
Artificial Intelligence SaaS Analytics Data Science
Quick facts:
📍HQ: San Francisco Bay Area, California, USA
5000+ employees Founded: 2013
Funding:
Andreessen Horowitz $10B Series J in 2024 $62.0B valuation
Take action:
See who works here 🤝
Read reviews ⭐
Check company site 📌
View Jobs

Kong
What they do:
Kong offers the industry-leading service connectivity platform designed for modern architectures.
Enterprise Software SaaS
Quick facts:
📍HQ: San Francisco Bay Area, California, USA
201-500 employees Founded: 2017
Funding:
Andreessen Horowitz $175M Series E in 2024 $2.0B valuation
Take action:
See who works here 🤝
Read reviews ⭐
Check company site 📌
View Jobs

Cresta
What they do:
Cresta leverages artificial intelligence to help sales and service agents improve the quality of their customer service
Artificial Intelligence Sales Enterprise Software
Quick facts:
📍HQ: San Francisco Bay Area, California, USA
201-500 employees Founded: 2017
Funding:
Sequoia Andreessen Horowitz $125M Series D in 2024
Take action:
See who works here 🤝
Read reviews ⭐
Check company site 📌
View Jobs

Infinitus
What they do:
AI healthcare company focused on automating complex phone-based workflows
Health Artificial Intelligence
Quick facts:
📍HQ: San Francisco Bay Area, California, USA
101-200 employees Founded: 2019
Funding:
Andreessen Horowitz Kleiner Perkins $51M Series C in 2024
Take action:
See who works here 🤝
Check company site 📌
View Jobs

Nooks
What they do:
AI dialing and prospecting platform, trusted by thousands of SDRs & AEs to cut out the busywork
Artificial Intelligence Sales
Quick facts:
📍HQ: San Francisco Bay Area, California, USA
51-100 employees Founded: 2020
Funding:
Kleiner Perkins $43M Series B in 2024
Take action:
See who works here 🤝
Check company site 📌
View Jobs

Decagon
What they do:
Develops AI support agents for enterprise
Artificial Intelligence Enterprise Software
Quick facts:
📍HQ: San Francisco Bay Area, California, USA
11-50 employees Founded: 2023
Funding:
Andreessen Horowitz Accel $65M Series B in 2024
Take action:
See who works here 🤝
Check company site 📌
View Jobs

World Labs
What they do:
Develops AI models with spatial intelligence for 3D world perception and interaction
Artificial Intelligence
Quick facts:
📍HQ: San Francisco Bay Area, California, USA
11-50 employees Founded: 2023
Funding:
Andreessen Horowitz $230M Series A in 2024 $1.0B valuation
Take action:
See who works here 🤝
Check company site 📌
View Jobs

Safe Superintelligence
What they do:
World's first straight-shot safe superintelligence lab
Artificial Intelligence
Quick facts:
📍HQ: San Francisco Bay Area, California, USA
1-10 employees Founded: 2024
Funding:
Sequoia Andreessen Horowitz $1B Series A in 2024
Take action:
See who works here 🤝
Check company site 📌
View Jobs

Harmonic
What they do:
Building the world’s most advanced mathematical reasoning engine
Artificial Intelligence
Quick facts:
📍HQ: San Francisco Bay Area, California, USA
11-50 employees Founded: 2023
Funding:
Sequoia $75M Series A in 2024
Take action:
See who works here 🤝
Check company site 📌
View Jobs

Atlys
What they do:
Atlys makes it fast for anyone to get a visa.
Immigration Travel
Quick facts:
📍HQ: San Francisco Bay Area, California, USA
11-50 employees Founded: 2020
Funding:
Andreessen Horowitz Sequoia Accel $20M Series B in 2024
Take action:
See who works here 🤝
Check company site 📌
View Jobs

Cortex
What they do:
Cortex is a software platform that manages and operates microservices.
Enterprise Software Developer Tools
Quick facts:
📍HQ: San Francisco Bay Area, California, USA
101-200 employees Founded: 2019
Funding:
Sequoia $60M Series C in 2024
Take action:
See who works here 🤝
Check company site 📌
View Jobs

Get newly funded startups delivered to you weekly

Show more


Get direct intros to founders 🤝

General
About
Startups
Jobs
Salary & Equity
Negotiation Coaching
Fulfillment Policy
Add Startup or Job 👋

Industry
AI startups
Biotech startups
Cybersecurity startups
E-Commerce startups
EdTech startups
FinTech startups
Healthcare startups
Marketplace startups
SaaS startups
Sustainability startups

Stage
Early-stage startups
Growth-stage startups
Mature startups

Under 50 employees
Under 100 employees
Under 500 employees

Founded in 2021
Founded in 2020

HQ location
Remote Startups
Startups in New York
Startups in Boston
Startups in San Francisco
Startups in Los Angeles
Startups in Seattle
Startups in Austin
Startups in India
Startups in London
Startups in Canada
Filter
2025-04-07 09:41:08,597 - StartupScraper - INFO - New content loaded. Continuing... (Total clicks: 15)
2025-04-07 09:41:11,878 - StartupScraper - INFO - Clicked element with text: Subscribe
Add Startup
Salary/Equity
Jobs
Startups



Find San Francisco Bay Area Startups
Track newest startups funded by top investors.
Powerful filters. Updates daily.

HQ:
Industry:
AI/Machine Learning
Analytics
Biotech
Collaboration
Consumer
Crypto/Blockchain
Cybersecurity
Data Science
E-Commerce
EdTech
Enterprise Software
FinTech
Gaming
Hardware
Healthcare
Marketplaces
Media
Retail
SaaS
Sales/Marketing
Space
Sustainability
Any industry
Size:
1-10 employees
11-50 employees
51-100 employees
101-200 employees
201-500 employees
501-1000 employees
1001-5000 employees
5000+ employees
Any size
Founded:
2021
2020
2019
2018
2017
2016
2015
2014
2013
2012
2011
Any year
Stage:
Pre-Seed
Seed
Series A
Series B
Series C
Series D
Series E
Series F
Series G
Series H
Series I
Post-IPO
Unknown
Any stage
Investor:
Accel
Andreessen Horowitz
Benchmark
Bessemer
Founders Fund
Khosla Ventures
Kleiner Perkins
Sequoia
Y Combinator
Any investor
Find matches

545 startups

Sort by:
Recent Funding
Highest Valuation
Recent Funding


Numeric
What they do:
Building the next-gen financial data platform
Enterprise Software FinTech Accounting
Quick facts:
📍HQ: San Francisco Bay Area, California, USA
11-50 employees Founded: 2021
Funding:
Founders Fund Menlo VC IVP $28M Series A in 2024
Take action:
See who works here 🤝
Check company site 📌
View Jobs

Render
What they do:
Help 2M+ developers build, deploy, and scale apps with unparalleled ease
SaaS Enterprise Software Developer Tools
Quick facts:
📍HQ: San Francisco Bay Area, California, USA
51-100 employees Founded: 2018
Funding:
Bessemer General Catalyst $80M Series C in 2025
Take action:
See who works here 🤝
Check company site 📌
View Jobs

Harvey
What they do:
AI provider for legal workers
Artificial Intelligence Legal
Quick facts:
📍HQ: San Francisco Bay Area, California, USA
201-500 employees Founded: 2021
Funding:
Sequoia Kleiner Perkins $300M Series D in 2025 $3.0B valuation
Take action:
See who works here 🤝
Check company site 📌
View Jobs

Semgrep
What they do:
Profoundly improving software security and reliability
Cybersecurity SaaS
Quick facts:
📍HQ: San Francisco Bay Area, California, USA
201-500 employees Founded: 2017
Funding:
Sequoia $100M Series D in 2025
Take action:
See who works here 🤝
Check company site 📌
View Jobs

HighTouch.io
What they do:
Sync customer data to your SaaS, marketing, sales, and success platforms.
Marketing Enterprise Software SaaS Sales
Quick facts:
📍HQ: San Francisco Bay Area, California, USA
11-50 employees Founded: 2018
Funding:
Y Combinator $80M Series C in 2025 $1.2B valuation
Take action:
See who works here 🤝
Check company site 📌
View Jobs

Qventus
What they do:
Qventus optimizes decisions in hospitals in real time to reduce costs, improve quality and experience.
Predictive Analytics Healthcare
Quick facts:
📍HQ: San Francisco Bay Area, California, USA
101-200 employees Founded: 2012
Funding:
Bessemer Y Combinator $85M Series D in 2025
Take action:
See who works here 🤝
Read reviews ⭐
Check company site 📌
View Jobs

Speak
What they do:
Language learning app that gets you talking
SaaS Consumer Artificial Intelligence
Quick facts:
📍HQ: San Francisco Bay Area, California, USA
11-50 employees Founded: 2016
Funding:
Accel $78M Series C in 2024 $1.0B valuation
Take action:
See who works here 🤝
Check company site 📌
View Jobs

Databricks
What they do:
Databricks is a data-and-AI company that interacts with corporate information stored in the public cloud.
Artificial Intelligence SaaS Analytics Data Science
Quick facts:
📍HQ: San Francisco Bay Area, California, USA
5000+ employees Founded: 2013
Funding:
Andreessen Horowitz $10B Series J in 2024 $62.0B valuation
Take action:
See who works here 🤝
Read reviews ⭐
Check company site 📌
View Jobs

Kong
What they do:
Kong offers the industry-leading service connectivity platform designed for modern architectures.
Enterprise Software SaaS
Quick facts:
📍HQ: San Francisco Bay Area, California, USA
201-500 employees Founded: 2017
Funding:
Andreessen Horowitz $175M Series E in 2024 $2.0B valuation
Take action:
See who works here 🤝
Read reviews ⭐
Check company site 📌
View Jobs

Cresta
What they do:
Cresta leverages artificial intelligence to help sales and service agents improve the quality of their customer service
Artificial Intelligence Sales Enterprise Software
Quick facts:
📍HQ: San Francisco Bay Area, California, USA
201-500 employees Founded: 2017
Funding:
Sequoia Andreessen Horowitz $125M Series D in 2024
Take action:
See who works here 🤝
Read reviews ⭐
Check company site 📌
View Jobs

Infinitus
What they do:
AI healthcare company focused on automating complex phone-based workflows
Health Artificial Intelligence
Quick facts:
📍HQ: San Francisco Bay Area, California, USA
101-200 employees Founded: 2019
Funding:
Andreessen Horowitz Kleiner Perkins $51M Series C in 2024
Take action:
See who works here 🤝
Check company site 📌
View Jobs

Nooks
What they do:
AI dialing and prospecting platform, trusted by thousands of SDRs & AEs to cut out the busywork
Artificial Intelligence Sales
Quick facts:
📍HQ: San Francisco Bay Area, California, USA
51-100 employees Founded: 2020
Funding:
Kleiner Perkins $43M Series B in 2024
Take action:
See who works here 🤝
Check company site 📌
View Jobs

Decagon
What they do:
Develops AI support agents for enterprise
Artificial Intelligence Enterprise Software
Quick facts:
📍HQ: San Francisco Bay Area, California, USA
11-50 employees Founded: 2023
Funding:
Andreessen Horowitz Accel $65M Series B in 2024
Take action:
See who works here 🤝
Check company site 📌
View Jobs

World Labs
What they do:
Develops AI models with spatial intelligence for 3D world perception and interaction
Artificial Intelligence
Quick facts:
📍HQ: San Francisco Bay Area, California, USA
11-50 employees Founded: 2023
Funding:
Andreessen Horowitz $230M Series A in 2024 $1.0B valuation
Take action:
See who works here 🤝
Check company site 📌
View Jobs

Safe Superintelligence
What they do:
World's first straight-shot safe superintelligence lab
Artificial Intelligence
Quick facts:
📍HQ: San Francisco Bay Area, California, USA
1-10 employees Founded: 2024
Funding:
Sequoia Andreessen Horowitz $1B Series A in 2024
Take action:
See who works here 🤝
Check company site 📌
View Jobs

Harmonic
What they do:
Building the world’s most advanced mathematical reasoning engine
Artificial Intelligence
Quick facts:
📍HQ: San Francisco Bay Area, California, USA
11-50 employees Founded: 2023
Funding:
Sequoia $75M Series A in 2024
Take action:
See who works here 🤝
Check company site 📌
View Jobs

Atlys
What they do:
Atlys makes it fast for anyone to get a visa.
Immigration Travel
Quick facts:
📍HQ: San Francisco Bay Area, California, USA
11-50 employees Founded: 2020
Funding:
Andreessen Horowitz Sequoia Accel $20M Series B in 2024
Take action:
See who works here 🤝
Check company site 📌
View Jobs

Cortex
What they do:
Cortex is a software platform that manages and operates microservices.
Enterprise Software Developer Tools
Quick facts:
📍HQ: San Francisco Bay Area, California, USA
101-200 employees Founded: 2019
Funding:
Sequoia $60M Series C in 2024
Take action:
See who works here 🤝
Check company site 📌
View Jobs

Get newly funded startups delivered to you weekly

Show more


Get direct intros to founders 🤝

General
About
Startups
Jobs
Salary & Equity
Negotiation Coaching
Fulfillment Policy
Add Startup or Job 👋

Industry
AI startups
Biotech startups
Cybersecurity startups
E-Commerce startups
EdTech startups
FinTech startups
Healthcare startups
Marketplace startups
SaaS startups
Sustainability startups

Stage
Early-stage startups
Growth-stage startups
Mature startups

Under 50 employees
Under 100 employees
Under 500 employees

Founded in 2021
Founded in 2020

HQ location
Remote Startups
Startups in New York
Startups in Boston
Startups in San Francisco
Startups in Los Angeles
Startups in Seattle
Startups in Austin
Startups in India
Startups in London
Startups in Canada
Filter
2025-04-07 09:41:18,913 - StartupScraper - INFO - New content loaded. Continuing... (Total clicks: 16)
2025-04-07 09:41:21,437 - StartupScraper - INFO - Clicked element with text: Subscribe
Add Startup
Salary/Equity
Jobs
Startups



Find San Francisco Bay Area Startups
Track newest startups funded by top investors.
Powerful filters. Updates daily.

HQ:
Industry:
AI/Machine Learning
Analytics
Biotech
Collaboration
Consumer
Crypto/Blockchain
Cybersecurity
Data Science
E-Commerce
EdTech
Enterprise Software
FinTech
Gaming
Hardware
Healthcare
Marketplaces
Media
Retail
SaaS
Sales/Marketing
Space
Sustainability
Any industry
Size:
1-10 employees
11-50 employees
51-100 employees
101-200 employees
201-500 employees
501-1000 employees
1001-5000 employees
5000+ employees
Any size
Founded:
2021
2020
2019
2018
2017
2016
2015
2014
2013
2012
2011
Any year
Stage:
Pre-Seed
Seed
Series A
Series B
Series C
Series D
Series E
Series F
Series G
Series H
Series I
Post-IPO
Unknown
Any stage
Investor:
Accel
Andreessen Horowitz
Benchmark
Bessemer
Founders Fund
Khosla Ventures
Kleiner Perkins
Sequoia
Y Combinator
Any investor
Find matches

545 startups

Sort by:
Recent Funding
Highest Valuation
Recent Funding


Numeric
What they do:
Building the next-gen financial data platform
Enterprise Software FinTech Accounting
Quick facts:
📍HQ: San Francisco Bay Area, California, USA
11-50 employees Founded: 2021
Funding:
Founders Fund Menlo VC IVP $28M Series A in 2024
Take action:
See who works here 🤝
Check company site 📌
View Jobs

Render
What they do:
Help 2M+ developers build, deploy, and scale apps with unparalleled ease
SaaS Enterprise Software Developer Tools
Quick facts:
📍HQ: San Francisco Bay Area, California, USA
51-100 employees Founded: 2018
Funding:
Bessemer General Catalyst $80M Series C in 2025
Take action:
See who works here 🤝
Check company site 📌
View Jobs

Harvey
What they do:
AI provider for legal workers
Artificial Intelligence Legal
Quick facts:
📍HQ: San Francisco Bay Area, California, USA
201-500 employees Founded: 2021
Funding:
Sequoia Kleiner Perkins $300M Series D in 2025 $3.0B valuation
Take action:
See who works here 🤝
Check company site 📌
View Jobs

Semgrep
What they do:
Profoundly improving software security and reliability
Cybersecurity SaaS
Quick facts:
📍HQ: San Francisco Bay Area, California, USA
201-500 employees Founded: 2017
Funding:
Sequoia $100M Series D in 2025
Take action:
See who works here 🤝
Check company site 📌
View Jobs

HighTouch.io
What they do:
Sync customer data to your SaaS, marketing, sales, and success platforms.
Marketing Enterprise Software SaaS Sales
Quick facts:
📍HQ: San Francisco Bay Area, California, USA
11-50 employees Founded: 2018
Funding:
Y Combinator $80M Series C in 2025 $1.2B valuation
Take action:
See who works here 🤝
Check company site 📌
View Jobs

Qventus
What they do:
Qventus optimizes decisions in hospitals in real time to reduce costs, improve quality and experience.
Predictive Analytics Healthcare
Quick facts:
📍HQ: San Francisco Bay Area, California, USA
101-200 employees Founded: 2012
Funding:
Bessemer Y Combinator $85M Series D in 2025
Take action:
See who works here 🤝
Read reviews ⭐
Check company site 📌
View Jobs

Speak
What they do:
Language learning app that gets you talking
SaaS Consumer Artificial Intelligence
Quick facts:
📍HQ: San Francisco Bay Area, California, USA
11-50 employees Founded: 2016
Funding:
Accel $78M Series C in 2024 $1.0B valuation
Take action:
See who works here 🤝
Check company site 📌
View Jobs

Databricks
What they do:
Databricks is a data-and-AI company that interacts with corporate information stored in the public cloud.
Artificial Intelligence SaaS Analytics Data Science
Quick facts:
📍HQ: San Francisco Bay Area, California, USA
5000+ employees Founded: 2013
Funding:
Andreessen Horowitz $10B Series J in 2024 $62.0B valuation
Take action:
See who works here 🤝
Read reviews ⭐
Check company site 📌
View Jobs

Kong
What they do:
Kong offers the industry-leading service connectivity platform designed for modern architectures.
Enterprise Software SaaS
Quick facts:
📍HQ: San Francisco Bay Area, California, USA
201-500 employees Founded: 2017
Funding:
Andreessen Horowitz $175M Series E in 2024 $2.0B valuation
Take action:
See who works here 🤝
Read reviews ⭐
Check company site 📌
View Jobs

Cresta
What they do:
Cresta leverages artificial intelligence to help sales and service agents improve the quality of their customer service
Artificial Intelligence Sales Enterprise Software
Quick facts:
📍HQ: San Francisco Bay Area, California, USA
201-500 employees Founded: 2017
Funding:
Sequoia Andreessen Horowitz $125M Series D in 2024
Take action:
See who works here 🤝
Read reviews ⭐
Check company site 📌
View Jobs

Infinitus
What they do:
AI healthcare company focused on automating complex phone-based workflows
Health Artificial Intelligence
Quick facts:
📍HQ: San Francisco Bay Area, California, USA
101-200 employees Founded: 2019
Funding:
Andreessen Horowitz Kleiner Perkins $51M Series C in 2024
Take action:
See who works here 🤝
Check company site 📌
View Jobs

Nooks
What they do:
AI dialing and prospecting platform, trusted by thousands of SDRs & AEs to cut out the busywork
Artificial Intelligence Sales
Quick facts:
📍HQ: San Francisco Bay Area, California, USA
51-100 employees Founded: 2020
Funding:
Kleiner Perkins $43M Series B in 2024
Take action:
See who works here 🤝
Check company site 📌
View Jobs

Decagon
What they do:
Develops AI support agents for enterprise
Artificial Intelligence Enterprise Software
Quick facts:
📍HQ: San Francisco Bay Area, California, USA
11-50 employees Founded: 2023
Funding:
Andreessen Horowitz Accel $65M Series B in 2024
Take action:
See who works here 🤝
Check company site 📌
View Jobs

World Labs
What they do:
Develops AI models with spatial intelligence for 3D world perception and interaction
Artificial Intelligence
Quick facts:
📍HQ: San Francisco Bay Area, California, USA
11-50 employees Founded: 2023
Funding:
Andreessen Horowitz $230M Series A in 2024 $1.0B valuation
Take action:
See who works here 🤝
Check company site 📌
View Jobs

Safe Superintelligence
What they do:
World's first straight-shot safe superintelligence lab
Artificial Intelligence
Quick facts:
📍HQ: San Francisco Bay Area, California, USA
1-10 employees Founded: 2024
Funding:
Sequoia Andreessen Horowitz $1B Series A in 2024
Take action:
See who works here 🤝
Check company site 📌
View Jobs

Harmonic
What they do:
Building the world’s most advanced mathematical reasoning engine
Artificial Intelligence
Quick facts:
📍HQ: San Francisco Bay Area, California, USA
11-50 employees Founded: 2023
Funding:
Sequoia $75M Series A in 2024
Take action:
See who works here 🤝
Check company site 📌
View Jobs

Atlys
What they do:
Atlys makes it fast for anyone to get a visa.
Immigration Travel
Quick facts:
📍HQ: San Francisco Bay Area, California, USA
11-50 employees Founded: 2020
Funding:
Andreessen Horowitz Sequoia Accel $20M Series B in 2024
Take action:
See who works here 🤝
Check company site 📌
View Jobs

Cortex
What they do:
Cortex is a software platform that manages and operates microservices.
Enterprise Software Developer Tools
Quick facts:
📍HQ: San Francisco Bay Area, California, USA
101-200 employees Founded: 2019
Funding:
Sequoia $60M Series C in 2024
Take action:
See who works here 🤝
Check company site 📌
View Jobs

Get newly funded startups delivered to you weekly

Show more


Get direct intros to founders 🤝

General
About
Startups
Jobs
Salary & Equity
Negotiation Coaching
Fulfillment Policy
Add Startup or Job 👋

Industry
AI startups
Biotech startups
Cybersecurity startups
E-Commerce startups
EdTech startups
FinTech startups
Healthcare startups
Marketplace startups
SaaS startups
Sustainability startups

Stage
Early-stage startups
Growth-stage startups
Mature startups

Under 50 employees
Under 100 employees
Under 500 employees

Founded in 2021
Founded in 2020

HQ location
Remote Startups
Startups in New York
Startups in Boston
Startups in San Francisco
Startups in Los Angeles
Startups in Seattle
Startups in Austin
Startups in India
Startups in London
Startups in Canada
Filter
2025-04-07 09:41:28,565 - StartupScraper - INFO - New content loaded. Continuing... (Total clicks: 17)
2025-04-07 09:41:31,365 - StartupScraper - INFO - Clicked element with text: Subscribe
Add Startup
Salary/Equity
Jobs
Startups



Find San Francisco Bay Area Startups
Track newest startups funded by top investors.
Powerful filters. Updates daily.

HQ:
Industry:
AI/Machine Learning
Analytics
Biotech
Collaboration
Consumer
Crypto/Blockchain
Cybersecurity
Data Science
E-Commerce
EdTech
Enterprise Software
FinTech
Gaming
Hardware
Healthcare
Marketplaces
Media
Retail
SaaS
Sales/Marketing
Space
Sustainability
Any industry
Size:
1-10 employees
11-50 employees
51-100 employees
101-200 employees
201-500 employees
501-1000 employees
1001-5000 employees
5000+ employees
Any size
Founded:
2021
2020
2019
2018
2017
2016
2015
2014
2013
2012
2011
Any year
Stage:
Pre-Seed
Seed
Series A
Series B
Series C
Series D
Series E
Series F
Series G
Series H
Series I
Post-IPO
Unknown
Any stage
Investor:
Accel
Andreessen Horowitz
Benchmark
Bessemer
Founders Fund
Khosla Ventures
Kleiner Perkins
Sequoia
Y Combinator
Any investor
Find matches

545 startups

Sort by:
Recent Funding
Highest Valuation
Recent Funding


Numeric
What they do:
Building the next-gen financial data platform
Enterprise Software FinTech Accounting
Quick facts:
📍HQ: San Francisco Bay Area, California, USA
11-50 employees Founded: 2021
Funding:
Founders Fund Menlo VC IVP $28M Series A in 2024
Take action:
See who works here 🤝
Check company site 📌
View Jobs

Render
What they do:
Help 2M+ developers build, deploy, and scale apps with unparalleled ease
SaaS Enterprise Software Developer Tools
Quick facts:
📍HQ: San Francisco Bay Area, California, USA
51-100 employees Founded: 2018
Funding:
Bessemer General Catalyst $80M Series C in 2025
Take action:
See who works here 🤝
Check company site 📌
View Jobs

Harvey
What they do:
AI provider for legal workers
Artificial Intelligence Legal
Quick facts:
📍HQ: San Francisco Bay Area, California, USA
201-500 employees Founded: 2021
Funding:
Sequoia Kleiner Perkins $300M Series D in 2025 $3.0B valuation
Take action:
See who works here 🤝
Check company site 📌
View Jobs

Semgrep
What they do:
Profoundly improving software security and reliability
Cybersecurity SaaS
Quick facts:
📍HQ: San Francisco Bay Area, California, USA
201-500 employees Founded: 2017
Funding:
Sequoia $100M Series D in 2025
Take action:
See who works here 🤝
Check company site 📌
View Jobs

HighTouch.io
What they do:
Sync customer data to your SaaS, marketing, sales, and success platforms.
Marketing Enterprise Software SaaS Sales
Quick facts:
📍HQ: San Francisco Bay Area, California, USA
11-50 employees Founded: 2018
Funding:
Y Combinator $80M Series C in 2025 $1.2B valuation
Take action:
See who works here 🤝
Check company site 📌
View Jobs

Qventus
What they do:
Qventus optimizes decisions in hospitals in real time to reduce costs, improve quality and experience.
Predictive Analytics Healthcare
Quick facts:
📍HQ: San Francisco Bay Area, California, USA
101-200 employees Founded: 2012
Funding:
Bessemer Y Combinator $85M Series D in 2025
Take action:
See who works here 🤝
Read reviews ⭐
Check company site 📌
View Jobs

Speak
What they do:
Language learning app that gets you talking
SaaS Consumer Artificial Intelligence
Quick facts:
📍HQ: San Francisco Bay Area, California, USA
11-50 employees Founded: 2016
Funding:
Accel $78M Series C in 2024 $1.0B valuation
Take action:
See who works here 🤝
Check company site 📌
View Jobs

Databricks
What they do:
Databricks is a data-and-AI company that interacts with corporate information stored in the public cloud.
Artificial Intelligence SaaS Analytics Data Science
Quick facts:
📍HQ: San Francisco Bay Area, California, USA
5000+ employees Founded: 2013
Funding:
Andreessen Horowitz $10B Series J in 2024 $62.0B valuation
Take action:
See who works here 🤝
Read reviews ⭐
Check company site 📌
View Jobs

Kong
What they do:
Kong offers the industry-leading service connectivity platform designed for modern architectures.
Enterprise Software SaaS
Quick facts:
📍HQ: San Francisco Bay Area, California, USA
201-500 employees Founded: 2017
Funding:
Andreessen Horowitz $175M Series E in 2024 $2.0B valuation
Take action:
See who works here 🤝
Read reviews ⭐
Check company site 📌
View Jobs

Cresta
What they do:
Cresta leverages artificial intelligence to help sales and service agents improve the quality of their customer service
Artificial Intelligence Sales Enterprise Software
Quick facts:
📍HQ: San Francisco Bay Area, California, USA
201-500 employees Founded: 2017
Funding:
Sequoia Andreessen Horowitz $125M Series D in 2024
Take action:
See who works here 🤝
Read reviews ⭐
Check company site 📌
View Jobs

Infinitus
What they do:
AI healthcare company focused on automating complex phone-based workflows
Health Artificial Intelligence
Quick facts:
📍HQ: San Francisco Bay Area, California, USA
101-200 employees Founded: 2019
Funding:
Andreessen Horowitz Kleiner Perkins $51M Series C in 2024
Take action:
See who works here 🤝
Check company site 📌
View Jobs

Nooks
What they do:
AI dialing and prospecting platform, trusted by thousands of SDRs & AEs to cut out the busywork
Artificial Intelligence Sales
Quick facts:
📍HQ: San Francisco Bay Area, California, USA
51-100 employees Founded: 2020
Funding:
Kleiner Perkins $43M Series B in 2024
Take action:
See who works here 🤝
Check company site 📌
View Jobs

Decagon
What they do:
Develops AI support agents for enterprise
Artificial Intelligence Enterprise Software
Quick facts:
📍HQ: San Francisco Bay Area, California, USA
11-50 employees Founded: 2023
Funding:
Andreessen Horowitz Accel $65M Series B in 2024
Take action:
See who works here 🤝
Check company site 📌
View Jobs

World Labs
What they do:
Develops AI models with spatial intelligence for 3D world perception and interaction
Artificial Intelligence
Quick facts:
📍HQ: San Francisco Bay Area, California, USA
11-50 employees Founded: 2023
Funding:
Andreessen Horowitz $230M Series A in 2024 $1.0B valuation
Take action:
See who works here 🤝
Check company site 📌
View Jobs

Safe Superintelligence
What they do:
World's first straight-shot safe superintelligence lab
Artificial Intelligence
Quick facts:
📍HQ: San Francisco Bay Area, California, USA
1-10 employees Founded: 2024
Funding:
Sequoia Andreessen Horowitz $1B Series A in 2024
Take action:
See who works here 🤝
Check company site 📌
View Jobs

Harmonic
What they do:
Building the world’s most advanced mathematical reasoning engine
Artificial Intelligence
Quick facts:
📍HQ: San Francisco Bay Area, California, USA
11-50 employees Founded: 2023
Funding:
Sequoia $75M Series A in 2024
Take action:
See who works here 🤝
Check company site 📌
View Jobs

Atlys
What they do:
Atlys makes it fast for anyone to get a visa.
Immigration Travel
Quick facts:
📍HQ: San Francisco Bay Area, California, USA
11-50 employees Founded: 2020
Funding:
Andreessen Horowitz Sequoia Accel $20M Series B in 2024
Take action:
See who works here 🤝
Check company site 📌
View Jobs

Cortex
What they do:
Cortex is a software platform that manages and operates microservices.
Enterprise Software Developer Tools
Quick facts:
📍HQ: San Francisco Bay Area, California, USA
101-200 employees Founded: 2019
Funding:
Sequoia $60M Series C in 2024
Take action:
See who works here 🤝
Check company site 📌
View Jobs

Get newly funded startups delivered to you weekly

Show more


Get direct intros to founders 🤝

General
About
Startups
Jobs
Salary & Equity
Negotiation Coaching
Fulfillment Policy
Add Startup or Job 👋

Industry
AI startups
Biotech startups
Cybersecurity startups
E-Commerce startups
EdTech startups
FinTech startups
Healthcare startups
Marketplace startups
SaaS startups
Sustainability startups

Stage
Early-stage startups
Growth-stage startups
Mature startups

Under 50 employees
Under 100 employees
Under 500 employees

Founded in 2021
Founded in 2020

HQ location
Remote Startups
Startups in New York
Startups in Boston
Startups in San Francisco
Startups in Los Angeles
Startups in Seattle
Startups in Austin
Startups in India
Startups in London
Startups in Canada
Filter
2025-04-07 09:41:38,644 - StartupScraper - INFO - New content loaded. Continuing... (Total clicks: 18)
2025-04-07 09:41:41,686 - StartupScraper - INFO - Clicked element with text: Subscribe
Add Startup
Salary/Equity
Jobs
Startups



Find San Francisco Bay Area Startups
Track newest startups funded by top investors.
Powerful filters. Updates daily.

HQ:
Industry:
AI/Machine Learning
Analytics
Biotech
Collaboration
Consumer
Crypto/Blockchain
Cybersecurity
Data Science
E-Commerce
EdTech
Enterprise Software
FinTech
Gaming
Hardware
Healthcare
Marketplaces
Media
Retail
SaaS
Sales/Marketing
Space
Sustainability
Any industry
Size:
1-10 employees
11-50 employees
51-100 employees
101-200 employees
201-500 employees
501-1000 employees
1001-5000 employees
5000+ employees
Any size
Founded:
2021
2020
2019
2018
2017
2016
2015
2014
2013
2012
2011
Any year
Stage:
Pre-Seed
Seed
Series A
Series B
Series C
Series D
Series E
Series F
Series G
Series H
Series I
Post-IPO
Unknown
Any stage
Investor:
Accel
Andreessen Horowitz
Benchmark
Bessemer
Founders Fund
Khosla Ventures
Kleiner Perkins
Sequoia
Y Combinator
Any investor
Find matches

545 startups

Sort by:
Recent Funding
Highest Valuation
Recent Funding


Numeric
What they do:
Building the next-gen financial data platform
Enterprise Software FinTech Accounting
Quick facts:
📍HQ: San Francisco Bay Area, California, USA
11-50 employees Founded: 2021
Funding:
Founders Fund Menlo VC IVP $28M Series A in 2024
Take action:
See who works here 🤝
Check company site 📌
View Jobs

Render
What they do:
Help 2M+ developers build, deploy, and scale apps with unparalleled ease
SaaS Enterprise Software Developer Tools
Quick facts:
📍HQ: San Francisco Bay Area, California, USA
51-100 employees Founded: 2018
Funding:
Bessemer General Catalyst $80M Series C in 2025
Take action:
See who works here 🤝
Check company site 📌
View Jobs

Harvey
What they do:
AI provider for legal workers
Artificial Intelligence Legal
Quick facts:
📍HQ: San Francisco Bay Area, California, USA
201-500 employees Founded: 2021
Funding:
Sequoia Kleiner Perkins $300M Series D in 2025 $3.0B valuation
Take action:
See who works here 🤝
Check company site 📌
View Jobs

Semgrep
What they do:
Profoundly improving software security and reliability
Cybersecurity SaaS
Quick facts:
📍HQ: San Francisco Bay Area, California, USA
201-500 employees Founded: 2017
Funding:
Sequoia $100M Series D in 2025
Take action:
See who works here 🤝
Check company site 📌
View Jobs

HighTouch.io
What they do:
Sync customer data to your SaaS, marketing, sales, and success platforms.
Marketing Enterprise Software SaaS Sales
Quick facts:
📍HQ: San Francisco Bay Area, California, USA
11-50 employees Founded: 2018
Funding:
Y Combinator $80M Series C in 2025 $1.2B valuation
Take action:
See who works here 🤝
Check company site 📌
View Jobs

Qventus
What they do:
Qventus optimizes decisions in hospitals in real time to reduce costs, improve quality and experience.
Predictive Analytics Healthcare
Quick facts:
📍HQ: San Francisco Bay Area, California, USA
101-200 employees Founded: 2012
Funding:
Bessemer Y Combinator $85M Series D in 2025
Take action:
See who works here 🤝
Read reviews ⭐
Check company site 📌
View Jobs

Speak
What they do:
Language learning app that gets you talking
SaaS Consumer Artificial Intelligence
Quick facts:
📍HQ: San Francisco Bay Area, California, USA
11-50 employees Founded: 2016
Funding:
Accel $78M Series C in 2024 $1.0B valuation
Take action:
See who works here 🤝
Check company site 📌
View Jobs

Databricks
What they do:
Databricks is a data-and-AI company that interacts with corporate information stored in the public cloud.
Artificial Intelligence SaaS Analytics Data Science
Quick facts:
📍HQ: San Francisco Bay Area, California, USA
5000+ employees Founded: 2013
Funding:
Andreessen Horowitz $10B Series J in 2024 $62.0B valuation
Take action:
See who works here 🤝
Read reviews ⭐
Check company site 📌
View Jobs

Kong
What they do:
Kong offers the industry-leading service connectivity platform designed for modern architectures.
Enterprise Software SaaS
Quick facts:
📍HQ: San Francisco Bay Area, California, USA
201-500 employees Founded: 2017
Funding:
Andreessen Horowitz $175M Series E in 2024 $2.0B valuation
Take action:
See who works here 🤝
Read reviews ⭐
Check company site 📌
View Jobs

Cresta
What they do:
Cresta leverages artificial intelligence to help sales and service agents improve the quality of their customer service
Artificial Intelligence Sales Enterprise Software
Quick facts:
📍HQ: San Francisco Bay Area, California, USA
201-500 employees Founded: 2017
Funding:
Sequoia Andreessen Horowitz $125M Series D in 2024
Take action:
See who works here 🤝
Read reviews ⭐
Check company site 📌
View Jobs

Infinitus
What they do:
AI healthcare company focused on automating complex phone-based workflows
Health Artificial Intelligence
Quick facts:
📍HQ: San Francisco Bay Area, California, USA
101-200 employees Founded: 2019
Funding:
Andreessen Horowitz Kleiner Perkins $51M Series C in 2024
Take action:
See who works here 🤝
Check company site 📌
View Jobs

Nooks
What they do:
AI dialing and prospecting platform, trusted by thousands of SDRs & AEs to cut out the busywork
Artificial Intelligence Sales
Quick facts:
📍HQ: San Francisco Bay Area, California, USA
51-100 employees Founded: 2020
Funding:
Kleiner Perkins $43M Series B in 2024
Take action:
See who works here 🤝
Check company site 📌
View Jobs

Decagon
What they do:
Develops AI support agents for enterprise
Artificial Intelligence Enterprise Software
Quick facts:
📍HQ: San Francisco Bay Area, California, USA
11-50 employees Founded: 2023
Funding:
Andreessen Horowitz Accel $65M Series B in 2024
Take action:
See who works here 🤝
Check company site 📌
View Jobs

World Labs
What they do:
Develops AI models with spatial intelligence for 3D world perception and interaction
Artificial Intelligence
Quick facts:
📍HQ: San Francisco Bay Area, California, USA
11-50 employees Founded: 2023
Funding:
Andreessen Horowitz $230M Series A in 2024 $1.0B valuation
Take action:
See who works here 🤝
Check company site 📌
View Jobs

Safe Superintelligence
What they do:
World's first straight-shot safe superintelligence lab
Artificial Intelligence
Quick facts:
📍HQ: San Francisco Bay Area, California, USA
1-10 employees Founded: 2024
Funding:
Sequoia Andreessen Horowitz $1B Series A in 2024
Take action:
See who works here 🤝
Check company site 📌
View Jobs

Harmonic
What they do:
Building the world’s most advanced mathematical reasoning engine
Artificial Intelligence
Quick facts:
📍HQ: San Francisco Bay Area, California, USA
11-50 employees Founded: 2023
Funding:
Sequoia $75M Series A in 2024
Take action:
See who works here 🤝
Check company site 📌
View Jobs

Atlys
What they do:
Atlys makes it fast for anyone to get a visa.
Immigration Travel
Quick facts:
📍HQ: San Francisco Bay Area, California, USA
11-50 employees Founded: 2020
Funding:
Andreessen Horowitz Sequoia Accel $20M Series B in 2024
Take action:
See who works here 🤝
Check company site 📌
View Jobs

Cortex
What they do:
Cortex is a software platform that manages and operates microservices.
Enterprise Software Developer Tools
Quick facts:
📍HQ: San Francisco Bay Area, California, USA
101-200 employees Founded: 2019
Funding:
Sequoia $60M Series C in 2024
Take action:
See who works here 🤝
Check company site 📌
View Jobs

Get newly funded startups delivered to you weekly

Show more


Get direct intros to founders 🤝

General
About
Startups
Jobs
Salary & Equity
Negotiation Coaching
Fulfillment Policy
Add Startup or Job 👋

Industry
AI startups
Biotech startups
Cybersecurity startups
E-Commerce startups
EdTech startups
FinTech startups
Healthcare startups
Marketplace startups
SaaS startups
Sustainability startups

Stage
Early-stage startups
Growth-stage startups
Mature startups

Under 50 employees
Under 100 employees
Under 500 employees

Founded in 2021
Founded in 2020

HQ location
Remote Startups
Startups in New York
Startups in Boston
Startups in San Francisco
Startups in Los Angeles
Startups in Seattle
Startups in Austin
Startups in India
Startups in London
Startups in Canada
Filter
2025-04-07 09:41:48,381 - StartupScraper - INFO - New content loaded. Continuing... (Total clicks: 19)
2025-04-07 09:41:50,705 - StartupScraper - INFO - Clicked element with text: Subscribe
Add Startup
Salary/Equity
Jobs
Startups



Find San Francisco Bay Area Startups
Track newest startups funded by top investors.
Powerful filters. Updates daily.

HQ:
Industry:
AI/Machine Learning
Analytics
Biotech
Collaboration
Consumer
Crypto/Blockchain
Cybersecurity
Data Science
E-Commerce
EdTech
Enterprise Software
FinTech
Gaming
Hardware
Healthcare
Marketplaces
Media
Retail
SaaS
Sales/Marketing
Space
Sustainability
Any industry
Size:
1-10 employees
11-50 employees
51-100 employees
101-200 employees
201-500 employees
501-1000 employees
1001-5000 employees
5000+ employees
Any size
Founded:
2021
2020
2019
2018
2017
2016
2015
2014
2013
2012
2011
Any year
Stage:
Pre-Seed
Seed
Series A
Series B
Series C
Series D
Series E
Series F
Series G
Series H
Series I
Post-IPO
Unknown
Any stage
Investor:
Accel
Andreessen Horowitz
Benchmark
Bessemer
Founders Fund
Khosla Ventures
Kleiner Perkins
Sequoia
Y Combinator
Any investor
Find matches

545 startups

Sort by:
Recent Funding
Highest Valuation
Recent Funding


Numeric
What they do:
Building the next-gen financial data platform
Enterprise Software FinTech Accounting
Quick facts:
📍HQ: San Francisco Bay Area, California, USA
11-50 employees Founded: 2021
Funding:
Founders Fund Menlo VC IVP $28M Series A in 2024
Take action:
See who works here 🤝
Check company site 📌
View Jobs

Render
What they do:
Help 2M+ developers build, deploy, and scale apps with unparalleled ease
SaaS Enterprise Software Developer Tools
Quick facts:
📍HQ: San Francisco Bay Area, California, USA
51-100 employees Founded: 2018
Funding:
Bessemer General Catalyst $80M Series C in 2025
Take action:
See who works here 🤝
Check company site 📌
View Jobs

Harvey
What they do:
AI provider for legal workers
Artificial Intelligence Legal
Quick facts:
📍HQ: San Francisco Bay Area, California, USA
201-500 employees Founded: 2021
Funding:
Sequoia Kleiner Perkins $300M Series D in 2025 $3.0B valuation
Take action:
See who works here 🤝
Check company site 📌
View Jobs

Semgrep
What they do:
Profoundly improving software security and reliability
Cybersecurity SaaS
Quick facts:
📍HQ: San Francisco Bay Area, California, USA
201-500 employees Founded: 2017
Funding:
Sequoia $100M Series D in 2025
Take action:
See who works here 🤝
Check company site 📌
View Jobs

HighTouch.io
What they do:
Sync customer data to your SaaS, marketing, sales, and success platforms.
Marketing Enterprise Software SaaS Sales
Quick facts:
📍HQ: San Francisco Bay Area, California, USA
11-50 employees Founded: 2018
Funding:
Y Combinator $80M Series C in 2025 $1.2B valuation
Take action:
See who works here 🤝
Check company site 📌
View Jobs

Qventus
What they do:
Qventus optimizes decisions in hospitals in real time to reduce costs, improve quality and experience.
Predictive Analytics Healthcare
Quick facts:
📍HQ: San Francisco Bay Area, California, USA
101-200 employees Founded: 2012
Funding:
Bessemer Y Combinator $85M Series D in 2025
Take action:
See who works here 🤝
Read reviews ⭐
Check company site 📌
View Jobs

Speak
What they do:
Language learning app that gets you talking
SaaS Consumer Artificial Intelligence
Quick facts:
📍HQ: San Francisco Bay Area, California, USA
11-50 employees Founded: 2016
Funding:
Accel $78M Series C in 2024 $1.0B valuation
Take action:
See who works here 🤝
Check company site 📌
View Jobs

Databricks
What they do:
Databricks is a data-and-AI company that interacts with corporate information stored in the public cloud.
Artificial Intelligence SaaS Analytics Data Science
Quick facts:
📍HQ: San Francisco Bay Area, California, USA
5000+ employees Founded: 2013
Funding:
Andreessen Horowitz $10B Series J in 2024 $62.0B valuation
Take action:
See who works here 🤝
Read reviews ⭐
Check company site 📌
View Jobs

Kong
What they do:
Kong offers the industry-leading service connectivity platform designed for modern architectures.
Enterprise Software SaaS
Quick facts:
📍HQ: San Francisco Bay Area, California, USA
201-500 employees Founded: 2017
Funding:
Andreessen Horowitz $175M Series E in 2024 $2.0B valuation
Take action:
See who works here 🤝
Read reviews ⭐
Check company site 📌
View Jobs

Cresta
What they do:
Cresta leverages artificial intelligence to help sales and service agents improve the quality of their customer service
Artificial Intelligence Sales Enterprise Software
Quick facts:
📍HQ: San Francisco Bay Area, California, USA
201-500 employees Founded: 2017
Funding:
Sequoia Andreessen Horowitz $125M Series D in 2024
Take action:
See who works here 🤝
Read reviews ⭐
Check company site 📌
View Jobs

Infinitus
What they do:
AI healthcare company focused on automating complex phone-based workflows
Health Artificial Intelligence
Quick facts:
📍HQ: San Francisco Bay Area, California, USA
101-200 employees Founded: 2019
Funding:
Andreessen Horowitz Kleiner Perkins $51M Series C in 2024
Take action:
See who works here 🤝
Check company site 📌
View Jobs

Nooks
What they do:
AI dialing and prospecting platform, trusted by thousands of SDRs & AEs to cut out the busywork
Artificial Intelligence Sales
Quick facts:
📍HQ: San Francisco Bay Area, California, USA
51-100 employees Founded: 2020
Funding:
Kleiner Perkins $43M Series B in 2024
Take action:
See who works here 🤝
Check company site 📌
View Jobs

Decagon
What they do:
Develops AI support agents for enterprise
Artificial Intelligence Enterprise Software
Quick facts:
📍HQ: San Francisco Bay Area, California, USA
11-50 employees Founded: 2023
Funding:
Andreessen Horowitz Accel $65M Series B in 2024
Take action:
See who works here 🤝
Check company site 📌
View Jobs

World Labs
What they do:
Develops AI models with spatial intelligence for 3D world perception and interaction
Artificial Intelligence
Quick facts:
📍HQ: San Francisco Bay Area, California, USA
11-50 employees Founded: 2023
Funding:
Andreessen Horowitz $230M Series A in 2024 $1.0B valuation
Take action:
See who works here 🤝
Check company site 📌
View Jobs

Safe Superintelligence
What they do:
World's first straight-shot safe superintelligence lab
Artificial Intelligence
Quick facts:
📍HQ: San Francisco Bay Area, California, USA
1-10 employees Founded: 2024
Funding:
Sequoia Andreessen Horowitz $1B Series A in 2024
Take action:
See who works here 🤝
Check company site 📌
View Jobs

Harmonic
What they do:
Building the world’s most advanced mathematical reasoning engine
Artificial Intelligence
Quick facts:
📍HQ: San Francisco Bay Area, California, USA
11-50 employees Founded: 2023
Funding:
Sequoia $75M Series A in 2024
Take action:
See who works here 🤝
Check company site 📌
View Jobs

Atlys
What they do:
Atlys makes it fast for anyone to get a visa.
Immigration Travel
Quick facts:
📍HQ: San Francisco Bay Area, California, USA
11-50 employees Founded: 2020
Funding:
Andreessen Horowitz Sequoia Accel $20M Series B in 2024
Take action:
See who works here 🤝
Check company site 📌
View Jobs

Cortex
What they do:
Cortex is a software platform that manages and operates microservices.
Enterprise Software Developer Tools
Quick facts:
📍HQ: San Francisco Bay Area, California, USA
101-200 employees Founded: 2019
Funding:
Sequoia $60M Series C in 2024
Take action:
See who works here 🤝
Check company site 📌
View Jobs

Get newly funded startups delivered to you weekly

Show more


Get direct intros to founders 🤝

General
About
Startups
Jobs
Salary & Equity
Negotiation Coaching
Fulfillment Policy
Add Startup or Job 👋

Industry
AI startups
Biotech startups
Cybersecurity startups
E-Commerce startups
EdTech startups
FinTech startups
Healthcare startups
Marketplace startups
SaaS startups
Sustainability startups

Stage
Early-stage startups
Growth-stage startups
Mature startups

Under 50 employees
Under 100 employees
Under 500 employees

Founded in 2021
Founded in 2020

HQ location
Remote Startups
Startups in New York
Startups in Boston
Startups in San Francisco
Startups in Los Angeles
Startups in Seattle
Startups in Austin
Startups in India
Startups in London
Startups in Canada
Filter
2025-04-08 03:41:25,854 - WDM - INFO - ====== WebDriver manager ======
2025-04-08 03:41:26,267 - WDM - INFO - Get LATEST chromedriver version for google-chrome
2025-04-08 03:41:26,320 - WDM - INFO - Get LATEST chromedriver version for google-chrome
2025-04-08 03:41:26,355 - WDM - INFO - There is no [mac64] chromedriver "135.0.7049.42" for browser google-chrome "135.0.7049" in cache
2025-04-08 03:41:26,358 - WDM - INFO - Get LATEST chromedriver version for google-chrome
2025-04-08 03:41:26,447 - WDM - INFO - WebDriver version 135.0.7049.42 selected
2025-04-08 03:41:26,449 - WDM - INFO - Modern chrome version https://storage.googleapis.com/chrome-for-testing-public/135.0.7049.42/mac-arm64/chromedriver-mac-arm64.zip
2025-04-08 03:41:26,449 - WDM - INFO - About to download new driver from https://storage.googleapis.com/chrome-for-testing-public/135.0.7049.42/mac-arm64/chromedriver-mac-arm64.zip
2025-04-08 03:41:26,519 - WDM - INFO - Driver downloading response is 200
2025-04-08 03:41:26,704 - WDM - INFO - Get LATEST chromedriver version for google-chrome
2025-04-08 03:41:26,836 - WDM - INFO - Driver has been saved in cache [/Users/hk/.wdm/drivers/chromedriver/mac64/135.0.7049.42]
2025-04-08 03:41:28,817 - StartupScraper - INFO - WebDriver set up successfully
2025-04-08 03:41:28,818 - StartupScraper - INFO - Navigating to https://topstartups.io/?hq_location=San+Francisco+Bay+Area&sort=funding
2025-04-08 03:41:29,784 - StartupScraper - INFO - Page loaded successfully
2025-04-08 03:41:30,263 - StartupScraper - INFO - Scrolling down the page...
2025-04-08 03:41:37,291 - StartupScraper - INFO - Reached the bottom of the page
2025-04-08 03:41:37,292 - StartupScraper - INFO - Finished scrolling after 0 scrolls
2025-04-08 03:41:39,685 - StartupScraper - INFO - Clicked element with text: Subscribe
Add Startup
Salary/Equity
Jobs
Startups



Find San Francisco Bay Area Startups
Track newest startups funded by top investors.
Powerful filters. Updates daily.

HQ:
Industry:
AI/Machine Learning
Analytics
Biotech
Collaboration
Consumer
Crypto/Blockchain
Cybersecurity
Data Science
E-Commerce
EdTech
Enterprise Software
FinTech
Gaming
Hardware
Healthcare
Marketplaces
Media
Retail
SaaS
Sales/Marketing
Space
Sustainability
Any industry
Size:
1-10 employees
11-50 employees
51-100 employees
101-200 employees
201-500 employees
501-1000 employees
1001-5000 employees
5000+ employees
Any size
Founded:
2021
2020
2019
2018
2017
2016
2015
2014
2013
2012
2011
Any year
Stage:
Pre-Seed
Seed
Series A
Series B
Series C
Series D
Series E
Series F
Series G
Series H
Series I
Post-IPO
Unknown
Any stage
Investor:
Accel
Andreessen Horowitz
Benchmark
Bessemer
Founders Fund
Khosla Ventures
Kleiner Perkins
Sequoia
Y Combinator
Any investor
Find matches

545 startups

Sort by:
Recent Funding
Highest Valuation
Recent Funding


Numeric
What they do:
Building the next-gen financial data platform
Enterprise Software FinTech Accounting
Quick facts:
📍HQ: San Francisco Bay Area, California, USA
11-50 employees Founded: 2021
Funding:
Founders Fund Menlo VC IVP $28M Series A in 2024
Take action:
See who works here 🤝
Check company site 📌
View Jobs

Render
What they do:
Help 2M+ developers build, deploy, and scale apps with unparalleled ease
SaaS Enterprise Software Developer Tools
Quick facts:
📍HQ: San Francisco Bay Area, California, USA
51-100 employees Founded: 2018
Funding:
Bessemer General Catalyst $80M Series C in 2025
Take action:
See who works here 🤝
Check company site 📌
View Jobs

Harvey
What they do:
AI provider for legal workers
Artificial Intelligence Legal
Quick facts:
📍HQ: San Francisco Bay Area, California, USA
201-500 employees Founded: 2021
Funding:
Sequoia Kleiner Perkins $300M Series D in 2025 $3.0B valuation
Take action:
See who works here 🤝
Check company site 📌
View Jobs

Semgrep
What they do:
Profoundly improving software security and reliability
Cybersecurity SaaS
Quick facts:
📍HQ: San Francisco Bay Area, California, USA
201-500 employees Founded: 2017
Funding:
Sequoia $100M Series D in 2025
Take action:
See who works here 🤝
Check company site 📌
View Jobs

HighTouch.io
What they do:
Sync customer data to your SaaS, marketing, sales, and success platforms.
Marketing Enterprise Software SaaS Sales
Quick facts:
📍HQ: San Francisco Bay Area, California, USA
11-50 employees Founded: 2018
Funding:
Y Combinator $80M Series C in 2025 $1.2B valuation
Take action:
See who works here 🤝
Check company site 📌
View Jobs

Qventus
What they do:
Qventus optimizes decisions in hospitals in real time to reduce costs, improve quality and experience.
Predictive Analytics Healthcare
Quick facts:
📍HQ: San Francisco Bay Area, California, USA
101-200 employees Founded: 2012
Funding:
Bessemer Y Combinator $85M Series D in 2025
Take action:
See who works here 🤝
Read reviews ⭐
Check company site 📌
View Jobs

Speak
What they do:
Language learning app that gets you talking
SaaS Consumer Artificial Intelligence
Quick facts:
📍HQ: San Francisco Bay Area, California, USA
11-50 employees Founded: 2016
Funding:
Accel $78M Series C in 2024 $1.0B valuation
Take action:
See who works here 🤝
Check company site 📌
View Jobs

Databricks
What they do:
Databricks is a data-and-AI company that interacts with corporate information stored in the public cloud.
Artificial Intelligence SaaS Analytics Data Science
Quick facts:
📍HQ: San Francisco Bay Area, California, USA
5000+ employees Founded: 2013
Funding:
Andreessen Horowitz $10B Series J in 2024 $62.0B valuation
Take action:
See who works here 🤝
Read reviews ⭐
Check company site 📌
View Jobs

Kong
What they do:
Kong offers the industry-leading service connectivity platform designed for modern architectures.
Enterprise Software SaaS
Quick facts:
📍HQ: San Francisco Bay Area, California, USA
201-500 employees Founded: 2017
Funding:
Andreessen Horowitz $175M Series E in 2024 $2.0B valuation
Take action:
See who works here 🤝
Read reviews ⭐
Check company site 📌
View Jobs

Cresta
What they do:
Cresta leverages artificial intelligence to help sales and service agents improve the quality of their customer service
Artificial Intelligence Sales Enterprise Software
Quick facts:
📍HQ: San Francisco Bay Area, California, USA
201-500 employees Founded: 2017
Funding:
Sequoia Andreessen Horowitz $125M Series D in 2024
Take action:
See who works here 🤝
Read reviews ⭐
Check company site 📌
View Jobs

Infinitus
What they do:
AI healthcare company focused on automating complex phone-based workflows
Health Artificial Intelligence
Quick facts:
📍HQ: San Francisco Bay Area, California, USA
101-200 employees Founded: 2019
Funding:
Andreessen Horowitz Kleiner Perkins $51M Series C in 2024
Take action:
See who works here 🤝
Check company site 📌
View Jobs

Nooks
What they do:
AI dialing and prospecting platform, trusted by thousands of SDRs & AEs to cut out the busywork
Artificial Intelligence Sales
Quick facts:
📍HQ: San Francisco Bay Area, California, USA
51-100 employees Founded: 2020
Funding:
Kleiner Perkins $43M Series B in 2024
Take action:
See who works here 🤝
Check company site 📌
View Jobs

Decagon
What they do:
Develops AI support agents for enterprise
Artificial Intelligence Enterprise Software
Quick facts:
📍HQ: San Francisco Bay Area, California, USA
11-50 employees Founded: 2023
Funding:
Andreessen Horowitz Accel $65M Series B in 2024
Take action:
See who works here 🤝
Check company site 📌
View Jobs

World Labs
What they do:
Develops AI models with spatial intelligence for 3D world perception and interaction
Artificial Intelligence
Quick facts:
📍HQ: San Francisco Bay Area, California, USA
11-50 employees Founded: 2023
Funding:
Andreessen Horowitz $230M Series A in 2024 $1.0B valuation
Take action:
See who works here 🤝
Check company site 📌
View Jobs

Safe Superintelligence
What they do:
World's first straight-shot safe superintelligence lab
Artificial Intelligence
Quick facts:
📍HQ: San Francisco Bay Area, California, USA
1-10 employees Founded: 2024
Funding:
Sequoia Andreessen Horowitz $1B Series A in 2024
Take action:
See who works here 🤝
Check company site 📌
View Jobs

Harmonic
What they do:
Building the world’s most advanced mathematical reasoning engine
Artificial Intelligence
Quick facts:
📍HQ: San Francisco Bay Area, California, USA
11-50 employees Founded: 2023
Funding:
Sequoia $75M Series A in 2024
Take action:
See who works here 🤝
Check company site 📌
View Jobs

Atlys
What they do:
Atlys makes it fast for anyone to get a visa.
Immigration Travel
Quick facts:
📍HQ: San Francisco Bay Area, California, USA
11-50 employees Founded: 2020
Funding:
Andreessen Horowitz Sequoia Accel $20M Series B in 2024
Take action:
See who works here 🤝
Check company site 📌
View Jobs

Cortex
What they do:
Cortex is a software platform that manages and operates microservices.
Enterprise Software Developer Tools
Quick facts:
📍HQ: San Francisco Bay Area, California, USA
101-200 employees Founded: 2019
Funding:
Sequoia $60M Series C in 2024
Take action:
See who works here 🤝
Check company site 📌
View Jobs

Get newly funded startups delivered to you weekly

Show more


Get direct intros to founders 🤝

General
About
Startups
Jobs
Salary & Equity
Negotiation Coaching
Fulfillment Policy
Add Startup or Job 👋

Industry
AI startups
Biotech startups
Cybersecurity startups
E-Commerce startups
EdTech startups
FinTech startups
Healthcare startups
Marketplace startups
SaaS startups
Sustainability startups

Stage
Early-stage startups
Growth-stage startups
Mature startups

Under 50 employees
Under 100 employees
Under 500 employees

Founded in 2021
Founded in 2020

HQ location
Remote Startups
Startups in New York
Startups in Boston
Startups in San Francisco
Startups in Los Angeles
Startups in Seattle
Startups in Austin
Startups in India
Startups in London
Startups in Canada
Filter
2025-04-08 03:41:45,806 - StartupScraper - INFO - New content loaded. Continuing... (Total clicks: 1)
2025-04-08 03:41:48,599 - StartupScraper - INFO - Clicked element with text: Subscribe
Add Startup
Salary/Equity
Jobs
Startups



Find San Francisco Bay Area Startups
Track newest startups funded by top investors.
Powerful filters. Updates daily.

HQ:
Industry:
AI/Machine Learning
Analytics
Biotech
Collaboration
Consumer
Crypto/Blockchain
Cybersecurity
Data Science
E-Commerce
EdTech
Enterprise Software
FinTech
Gaming
Hardware
Healthcare
Marketplaces
Media
Retail
SaaS
Sales/Marketing
Space
Sustainability
Any industry
Size:
1-10 employees
11-50 employees
51-100 employees
101-200 employees
201-500 employees
501-1000 employees
1001-5000 employees
5000+ employees
Any size
Founded:
2021
2020
2019
2018
2017
2016
2015
2014
2013
2012
2011
Any year
Stage:
Pre-Seed
Seed
Series A
Series B
Series C
Series D
Series E
Series F
Series G
Series H
Series I
Post-IPO
Unknown
Any stage
Investor:
Accel
Andreessen Horowitz
Benchmark
Bessemer
Founders Fund
Khosla Ventures
Kleiner Perkins
Sequoia
Y Combinator
Any investor
Find matches

545 startups

Sort by:
Recent Funding
Highest Valuation
Recent Funding


Numeric
What they do:
Building the next-gen financial data platform
Enterprise Software FinTech Accounting
Quick facts:
📍HQ: San Francisco Bay Area, California, USA
11-50 employees Founded: 2021
Funding:
Founders Fund Menlo VC IVP $28M Series A in 2024
Take action:
See who works here 🤝
Check company site 📌
View Jobs

Render
What they do:
Help 2M+ developers build, deploy, and scale apps with unparalleled ease
SaaS Enterprise Software Developer Tools
Quick facts:
📍HQ: San Francisco Bay Area, California, USA
51-100 employees Founded: 2018
Funding:
Bessemer General Catalyst $80M Series C in 2025
Take action:
See who works here 🤝
Check company site 📌
View Jobs

Harvey
What they do:
AI provider for legal workers
Artificial Intelligence Legal
Quick facts:
📍HQ: San Francisco Bay Area, California, USA
201-500 employees Founded: 2021
Funding:
Sequoia Kleiner Perkins $300M Series D in 2025 $3.0B valuation
Take action:
See who works here 🤝
Check company site 📌
View Jobs

Semgrep
What they do:
Profoundly improving software security and reliability
Cybersecurity SaaS
Quick facts:
📍HQ: San Francisco Bay Area, California, USA
201-500 employees Founded: 2017
Funding:
Sequoia $100M Series D in 2025
Take action:
See who works here 🤝
Check company site 📌
View Jobs

HighTouch.io
What they do:
Sync customer data to your SaaS, marketing, sales, and success platforms.
Marketing Enterprise Software SaaS Sales
Quick facts:
📍HQ: San Francisco Bay Area, California, USA
11-50 employees Founded: 2018
Funding:
Y Combinator $80M Series C in 2025 $1.2B valuation
Take action:
See who works here 🤝
Check company site 📌
View Jobs

Qventus
What they do:
Qventus optimizes decisions in hospitals in real time to reduce costs, improve quality and experience.
Predictive Analytics Healthcare
Quick facts:
📍HQ: San Francisco Bay Area, California, USA
101-200 employees Founded: 2012
Funding:
Bessemer Y Combinator $85M Series D in 2025
Take action:
See who works here 🤝
Read reviews ⭐
Check company site 📌
View Jobs

Speak
What they do:
Language learning app that gets you talking
SaaS Consumer Artificial Intelligence
Quick facts:
📍HQ: San Francisco Bay Area, California, USA
11-50 employees Founded: 2016
Funding:
Accel $78M Series C in 2024 $1.0B valuation
Take action:
See who works here 🤝
Check company site 📌
View Jobs

Databricks
What they do:
Databricks is a data-and-AI company that interacts with corporate information stored in the public cloud.
Artificial Intelligence SaaS Analytics Data Science
Quick facts:
📍HQ: San Francisco Bay Area, California, USA
5000+ employees Founded: 2013
Funding:
Andreessen Horowitz $10B Series J in 2024 $62.0B valuation
Take action:
See who works here 🤝
Read reviews ⭐
Check company site 📌
View Jobs

Kong
What they do:
Kong offers the industry-leading service connectivity platform designed for modern architectures.
Enterprise Software SaaS
Quick facts:
📍HQ: San Francisco Bay Area, California, USA
201-500 employees Founded: 2017
Funding:
Andreessen Horowitz $175M Series E in 2024 $2.0B valuation
Take action:
See who works here 🤝
Read reviews ⭐
Check company site 📌
View Jobs

Cresta
What they do:
Cresta leverages artificial intelligence to help sales and service agents improve the quality of their customer service
Artificial Intelligence Sales Enterprise Software
Quick facts:
📍HQ: San Francisco Bay Area, California, USA
201-500 employees Founded: 2017
Funding:
Sequoia Andreessen Horowitz $125M Series D in 2024
Take action:
See who works here 🤝
Read reviews ⭐
Check company site 📌
View Jobs

Infinitus
What they do:
AI healthcare company focused on automating complex phone-based workflows
Health Artificial Intelligence
Quick facts:
📍HQ: San Francisco Bay Area, California, USA
101-200 employees Founded: 2019
Funding:
Andreessen Horowitz Kleiner Perkins $51M Series C in 2024
Take action:
See who works here 🤝
Check company site 📌
View Jobs

Nooks
What they do:
AI dialing and prospecting platform, trusted by thousands of SDRs & AEs to cut out the busywork
Artificial Intelligence Sales
Quick facts:
📍HQ: San Francisco Bay Area, California, USA
51-100 employees Founded: 2020
Funding:
Kleiner Perkins $43M Series B in 2024
Take action:
See who works here 🤝
Check company site 📌
View Jobs

Decagon
What they do:
Develops AI support agents for enterprise
Artificial Intelligence Enterprise Software
Quick facts:
📍HQ: San Francisco Bay Area, California, USA
11-50 employees Founded: 2023
Funding:
Andreessen Horowitz Accel $65M Series B in 2024
Take action:
See who works here 🤝
Check company site 📌
View Jobs

World Labs
What they do:
Develops AI models with spatial intelligence for 3D world perception and interaction
Artificial Intelligence
Quick facts:
📍HQ: San Francisco Bay Area, California, USA
11-50 employees Founded: 2023
Funding:
Andreessen Horowitz $230M Series A in 2024 $1.0B valuation
Take action:
See who works here 🤝
Check company site 📌
View Jobs

Safe Superintelligence
What they do:
World's first straight-shot safe superintelligence lab
Artificial Intelligence
Quick facts:
📍HQ: San Francisco Bay Area, California, USA
1-10 employees Founded: 2024
Funding:
Sequoia Andreessen Horowitz $1B Series A in 2024
Take action:
See who works here 🤝
Check company site 📌
View Jobs

Harmonic
What they do:
Building the world’s most advanced mathematical reasoning engine
Artificial Intelligence
Quick facts:
📍HQ: San Francisco Bay Area, California, USA
11-50 employees Founded: 2023
Funding:
Sequoia $75M Series A in 2024
Take action:
See who works here 🤝
Check company site 📌
View Jobs

Atlys
What they do:
Atlys makes it fast for anyone to get a visa.
Immigration Travel
Quick facts:
📍HQ: San Francisco Bay Area, California, USA
11-50 employees Founded: 2020
Funding:
Andreessen Horowitz Sequoia Accel $20M Series B in 2024
Take action:
See who works here 🤝
Check company site 📌
View Jobs

Cortex
What they do:
Cortex is a software platform that manages and operates microservices.
Enterprise Software Developer Tools
Quick facts:
📍HQ: San Francisco Bay Area, California, USA
101-200 employees Founded: 2019
Funding:
Sequoia $60M Series C in 2024
Take action:
See who works here 🤝
Check company site 📌
View Jobs

Get newly funded startups delivered to you weekly

Show more


Get direct intros to founders 🤝

General
About
Startups
Jobs
Salary & Equity
Negotiation Coaching
Fulfillment Policy
Add Startup or Job 👋

Industry
AI startups
Biotech startups
Cybersecurity startups
E-Commerce startups
EdTech startups
FinTech startups
Healthcare startups
Marketplace startups
SaaS startups
Sustainability startups

Stage
Early-stage startups
Growth-stage startups
Mature startups

Under 50 employees
Under 100 employees
Under 500 employees

Founded in 2021
Founded in 2020

HQ location
Remote Startups
Startups in New York
Startups in Boston
Startups in San Francisco
Startups in Los Angeles
Startups in Seattle
Startups in Austin
Startups in India
Startups in London
Startups in Canada
Filter
2025-04-08 03:41:56,462 - StartupScraper - ERROR - Error clicking 'Show More' button: '>' not supported between instances of 'NoneType' and 'int'
2025-04-08 03:41:58,548 - StartupScraper - ERROR - Error clicking 'Show More' button: Message: no such window: target window already closed
from unknown error: web view not found
  (Session info: chrome=135.0.7049.42)
Stacktrace:
0   chromedriver                        0x000000010257df14 cxxbridge1$str$ptr + 2816404
1   chromedriver                        0x00000001025761cc cxxbridge1$str$ptr + 2784332
2   chromedriver                        0x00000001020be40c cxxbridge1$string$len + 93024
3   chromedriver                        0x0000000102098288 chromedriver + 131720
4   chromedriver                        0x000000010212d270 cxxbridge1$string$len + 547268
5   chromedriver                        0x0000000102145e00 cxxbridge1$string$len + 648532
6   chromedriver                        0x00000001020f95bc cxxbridge1$string$len + 335120
7   chromedriver                        0x000000010254253c cxxbridge1$str$ptr + 2572220
8   chromedriver                        0x0000000102545800 cxxbridge1$str$ptr + 2585216
9   chromedriver                        0x0000000102522518 cxxbridge1$str$ptr + 2441112
10  chromedriver                        0x0000000102546078 cxxbridge1$str$ptr + 2587384
11  chromedriver                        0x00000001025136b0 cxxbridge1$str$ptr + 2380080
12  chromedriver                        0x0000000102566550 cxxbridge1$str$ptr + 2719696
13  chromedriver                        0x00000001025666dc cxxbridge1$str$ptr + 2720092
14  chromedriver                        0x0000000102575e18 cxxbridge1$str$ptr + 2783384
15  libsystem_pthread.dylib             0x0000000187e23fa8 _pthread_start + 148
16  libsystem_pthread.dylib             0x0000000187e1eda0 thread_start + 8

2025-04-08 03:42:00,612 - StartupScraper - ERROR - Error clicking 'Show More' button: Message: no such window: target window already closed
from unknown error: web view not found
  (Session info: chrome=135.0.7049.42)
Stacktrace:
0   chromedriver                        0x000000010257df14 cxxbridge1$str$ptr + 2816404
1   chromedriver                        0x00000001025761cc cxxbridge1$str$ptr + 2784332
2   chromedriver                        0x00000001020be40c cxxbridge1$string$len + 93024
3   chromedriver                        0x0000000102098288 chromedriver + 131720
4   chromedriver                        0x000000010212d270 cxxbridge1$string$len + 547268
5   chromedriver                        0x0000000102145e00 cxxbridge1$string$len + 648532
6   chromedriver                        0x00000001020f95bc cxxbridge1$string$len + 335120
7   chromedriver                        0x000000010254253c cxxbridge1$str$ptr + 2572220
8   chromedriver                        0x0000000102545800 cxxbridge1$str$ptr + 2585216
9   chromedriver                        0x0000000102522518 cxxbridge1$str$ptr + 2441112
10  chromedriver                        0x0000000102546078 cxxbridge1$str$ptr + 2587384
11  chromedriver                        0x00000001025136b0 cxxbridge1$str$ptr + 2380080
12  chromedriver                        0x0000000102566550 cxxbridge1$str$ptr + 2719696
13  chromedriver                        0x00000001025666dc cxxbridge1$str$ptr + 2720092
14  chromedriver                        0x0000000102575e18 cxxbridge1$str$ptr + 2783384
15  libsystem_pthread.dylib             0x0000000187e23fa8 _pthread_start + 148
16  libsystem_pthread.dylib             0x0000000187e1eda0 thread_start + 8

2025-04-08 03:42:02,813 - StartupScraper - ERROR - Error clicking 'Show More' button: Message: no such window: target window already closed
from unknown error: web view not found
  (Session info: chrome=135.0.7049.42)
Stacktrace:
0   chromedriver                        0x000000010257df14 cxxbridge1$str$ptr + 2816404
1   chromedriver                        0x00000001025761cc cxxbridge1$str$ptr + 2784332
2   chromedriver                        0x00000001020be40c cxxbridge1$string$len + 93024
3   chromedriver                        0x0000000102098288 chromedriver + 131720
4   chromedriver                        0x000000010212d270 cxxbridge1$string$len + 547268
5   chromedriver                        0x0000000102145e00 cxxbridge1$string$len + 648532
6   chromedriver                        0x00000001020f95bc cxxbridge1$string$len + 335120
7   chromedriver                        0x000000010254253c cxxbridge1$str$ptr + 2572220
8   chromedriver                        0x0000000102545800 cxxbridge1$str$ptr + 2585216
9   chromedriver                        0x0000000102522518 cxxbridge1$str$ptr + 2441112
10  chromedriver                        0x0000000102546078 cxxbridge1$str$ptr + 2587384
11  chromedriver                        0x00000001025136b0 cxxbridge1$str$ptr + 2380080
12  chromedriver                        0x0000000102566550 cxxbridge1$str$ptr + 2719696
13  chromedriver                        0x00000001025666dc cxxbridge1$str$ptr + 2720092
14  chromedriver                        0x0000000102575e18 cxxbridge1$str$ptr + 2783384
15  libsystem_pthread.dylib             0x0000000187e23fa8 _pthread_start + 148
16  libsystem_pthread.dylib             0x0000000187e1eda0 thread_start + 8

2025-04-08 03:42:04,844 - StartupScraper - ERROR - Error clicking 'Show More' button: Message: no such window: target window already closed
from unknown error: web view not found
  (Session info: chrome=135.0.7049.42)
Stacktrace:
0   chromedriver                        0x000000010257df14 cxxbridge1$str$ptr + 2816404
1   chromedriver                        0x00000001025761cc cxxbridge1$str$ptr + 2784332
2   chromedriver                        0x00000001020be40c cxxbridge1$string$len + 93024
3   chromedriver                        0x0000000102098288 chromedriver + 131720
4   chromedriver                        0x000000010212d270 cxxbridge1$string$len + 547268
5   chromedriver                        0x0000000102145e00 cxxbridge1$string$len + 648532
6   chromedriver                        0x00000001020f95bc cxxbridge1$string$len + 335120
7   chromedriver                        0x000000010254253c cxxbridge1$str$ptr + 2572220
8   chromedriver                        0x0000000102545800 cxxbridge1$str$ptr + 2585216
9   chromedriver                        0x0000000102522518 cxxbridge1$str$ptr + 2441112
10  chromedriver                        0x0000000102546078 cxxbridge1$str$ptr + 2587384
11  chromedriver                        0x00000001025136b0 cxxbridge1$str$ptr + 2380080
12  chromedriver                        0x0000000102566550 cxxbridge1$str$ptr + 2719696
13  chromedriver                        0x00000001025666dc cxxbridge1$str$ptr + 2720092
14  chromedriver                        0x0000000102575e18 cxxbridge1$str$ptr + 2783384
15  libsystem_pthread.dylib             0x0000000187e23fa8 _pthread_start + 148
16  libsystem_pthread.dylib             0x0000000187e1eda0 thread_start + 8

2025-04-08 03:42:06,873 - StartupScraper - ERROR - Error clicking 'Show More' button: Message: no such window: target window already closed
from unknown error: web view not found
  (Session info: chrome=135.0.7049.42)
Stacktrace:
0   chromedriver                        0x000000010257df14 cxxbridge1$str$ptr + 2816404
1   chromedriver                        0x00000001025761cc cxxbridge1$str$ptr + 2784332
2   chromedriver                        0x00000001020be40c cxxbridge1$string$len + 93024
3   chromedriver                        0x0000000102098288 chromedriver + 131720
4   chromedriver                        0x000000010212d270 cxxbridge1$string$len + 547268
5   chromedriver                        0x0000000102145e00 cxxbridge1$string$len + 648532
6   chromedriver                        0x00000001020f95bc cxxbridge1$string$len + 335120
7   chromedriver                        0x000000010254253c cxxbridge1$str$ptr + 2572220
8   chromedriver                        0x0000000102545800 cxxbridge1$str$ptr + 2585216
9   chromedriver                        0x0000000102522518 cxxbridge1$str$ptr + 2441112
10  chromedriver                        0x0000000102546078 cxxbridge1$str$ptr + 2587384
11  chromedriver                        0x00000001025136b0 cxxbridge1$str$ptr + 2380080
12  chromedriver                        0x0000000102566550 cxxbridge1$str$ptr + 2719696
13  chromedriver                        0x00000001025666dc cxxbridge1$str$ptr + 2720092
14  chromedriver                        0x0000000102575e18 cxxbridge1$str$ptr + 2783384
15  libsystem_pthread.dylib             0x0000000187e23fa8 _pthread_start + 148
16  libsystem_pthread.dylib             0x0000000187e1eda0 thread_start + 8

2025-04-08 03:42:08,880 - StartupScraper - ERROR - Error clicking 'Show More' button: Message: no such window: target window already closed
from unknown error: web view not found
  (Session info: chrome=135.0.7049.42)
Stacktrace:
0   chromedriver                        0x000000010257df14 cxxbridge1$str$ptr + 2816404
1   chromedriver                        0x00000001025761cc cxxbridge1$str$ptr + 2784332
2   chromedriver                        0x00000001020be40c cxxbridge1$string$len + 93024
3   chromedriver                        0x0000000102098288 chromedriver + 131720
4   chromedriver                        0x000000010212d270 cxxbridge1$string$len + 547268
5   chromedriver                        0x0000000102145e00 cxxbridge1$string$len + 648532
6   chromedriver                        0x00000001020f95bc cxxbridge1$string$len + 335120
7   chromedriver                        0x000000010254253c cxxbridge1$str$ptr + 2572220
8   chromedriver                        0x0000000102545800 cxxbridge1$str$ptr + 2585216
9   chromedriver                        0x0000000102522518 cxxbridge1$str$ptr + 2441112
10  chromedriver                        0x0000000102546078 cxxbridge1$str$ptr + 2587384
11  chromedriver                        0x00000001025136b0 cxxbridge1$str$ptr + 2380080
12  chromedriver                        0x0000000102566550 cxxbridge1$str$ptr + 2719696
13  chromedriver                        0x00000001025666dc cxxbridge1$str$ptr + 2720092
14  chromedriver                        0x0000000102575e18 cxxbridge1$str$ptr + 2783384
15  libsystem_pthread.dylib             0x0000000187e23fa8 _pthread_start + 148
16  libsystem_pthread.dylib             0x0000000187e1eda0 thread_start + 8

2025-04-08 03:42:10,887 - StartupScraper - ERROR - Error clicking 'Show More' button: Message: no such window: target window already closed
from unknown error: web view not found
  (Session info: chrome=135.0.7049.42)
Stacktrace:
0   chromedriver                        0x000000010257df14 cxxbridge1$str$ptr + 2816404
1   chromedriver                        0x00000001025761cc cxxbridge1$str$ptr + 2784332
2   chromedriver                        0x00000001020be40c cxxbridge1$string$len + 93024
3   chromedriver                        0x0000000102098288 chromedriver + 131720
4   chromedriver                        0x000000010212d270 cxxbridge1$string$len + 547268
5   chromedriver                        0x0000000102145e00 cxxbridge1$string$len + 648532
6   chromedriver                        0x00000001020f95bc cxxbridge1$string$len + 335120
7   chromedriver                        0x000000010254253c cxxbridge1$str$ptr + 2572220
8   chromedriver                        0x0000000102545800 cxxbridge1$str$ptr + 2585216
9   chromedriver                        0x0000000102522518 cxxbridge1$str$ptr + 2441112
10  chromedriver                        0x0000000102546078 cxxbridge1$str$ptr + 2587384
11  chromedriver                        0x00000001025136b0 cxxbridge1$str$ptr + 2380080
12  chromedriver                        0x0000000102566550 cxxbridge1$str$ptr + 2719696
13  chromedriver                        0x00000001025666dc cxxbridge1$str$ptr + 2720092
14  chromedriver                        0x0000000102575e18 cxxbridge1$str$ptr + 2783384
15  libsystem_pthread.dylib             0x0000000187e23fa8 _pthread_start + 148
16  libsystem_pthread.dylib             0x0000000187e1eda0 thread_start + 8

2025-04-08 03:42:12,897 - StartupScraper - ERROR - Error clicking 'Show More' button: Message: no such window: target window already closed
from unknown error: web view not found
  (Session info: chrome=135.0.7049.42)
Stacktrace:
0   chromedriver                        0x000000010257df14 cxxbridge1$str$ptr + 2816404
1   chromedriver                        0x00000001025761cc cxxbridge1$str$ptr + 2784332
2   chromedriver                        0x00000001020be40c cxxbridge1$string$len + 93024
3   chromedriver                        0x0000000102098288 chromedriver + 131720
4   chromedriver                        0x000000010212d270 cxxbridge1$string$len + 547268
5   chromedriver                        0x0000000102145e00 cxxbridge1$string$len + 648532
6   chromedriver                        0x00000001020f95bc cxxbridge1$string$len + 335120
7   chromedriver                        0x000000010254253c cxxbridge1$str$ptr + 2572220
8   chromedriver                        0x0000000102545800 cxxbridge1$str$ptr + 2585216
9   chromedriver                        0x0000000102522518 cxxbridge1$str$ptr + 2441112
10  chromedriver                        0x0000000102546078 cxxbridge1$str$ptr + 2587384
11  chromedriver                        0x00000001025136b0 cxxbridge1$str$ptr + 2380080
12  chromedriver                        0x0000000102566550 cxxbridge1$str$ptr + 2719696
13  chromedriver                        0x00000001025666dc cxxbridge1$str$ptr + 2720092
14  chromedriver                        0x0000000102575e18 cxxbridge1$str$ptr + 2783384
15  libsystem_pthread.dylib             0x0000000187e23fa8 _pthread_start + 148
16  libsystem_pthread.dylib             0x0000000187e1eda0 thread_start + 8

2025-04-08 03:42:14,921 - StartupScraper - ERROR - Error clicking 'Show More' button: Message: no such window: target window already closed
from unknown error: web view not found
  (Session info: chrome=135.0.7049.42)
Stacktrace:
0   chromedriver                        0x000000010257df14 cxxbridge1$str$ptr + 2816404
1   chromedriver                        0x00000001025761cc cxxbridge1$str$ptr + 2784332
2   chromedriver                        0x00000001020be40c cxxbridge1$string$len + 93024
3   chromedriver                        0x0000000102098288 chromedriver + 131720
4   chromedriver                        0x000000010212d270 cxxbridge1$string$len + 547268
5   chromedriver                        0x0000000102145e00 cxxbridge1$string$len + 648532
6   chromedriver                        0x00000001020f95bc cxxbridge1$string$len + 335120
7   chromedriver                        0x000000010254253c cxxbridge1$str$ptr + 2572220
8   chromedriver                        0x0000000102545800 cxxbridge1$str$ptr + 2585216
9   chromedriver                        0x0000000102522518 cxxbridge1$str$ptr + 2441112
10  chromedriver                        0x0000000102546078 cxxbridge1$str$ptr + 2587384
11  chromedriver                        0x00000001025136b0 cxxbridge1$str$ptr + 2380080
12  chromedriver                        0x0000000102566550 cxxbridge1$str$ptr + 2719696
13  chromedriver                        0x00000001025666dc cxxbridge1$str$ptr + 2720092
14  chromedriver                        0x0000000102575e18 cxxbridge1$str$ptr + 2783384
15  libsystem_pthread.dylib             0x0000000187e23fa8 _pthread_start + 148
16  libsystem_pthread.dylib             0x0000000187e1eda0 thread_start + 8

2025-04-08 03:42:16,926 - StartupScraper - ERROR - Error clicking 'Show More' button: Message: no such window: target window already closed
from unknown error: web view not found
  (Session info: chrome=135.0.7049.42)
Stacktrace:
0   chromedriver                        0x000000010257df14 cxxbridge1$str$ptr + 2816404
1   chromedriver                        0x00000001025761cc cxxbridge1$str$ptr + 2784332
2   chromedriver                        0x00000001020be40c cxxbridge1$string$len + 93024
3   chromedriver                        0x0000000102098288 chromedriver + 131720
4   chromedriver                        0x000000010212d270 cxxbridge1$string$len + 547268
5   chromedriver                        0x0000000102145e00 cxxbridge1$string$len + 648532
6   chromedriver                        0x00000001020f95bc cxxbridge1$string$len + 335120
7   chromedriver                        0x000000010254253c cxxbridge1$str$ptr + 2572220
8   chromedriver                        0x0000000102545800 cxxbridge1$str$ptr + 2585216
9   chromedriver                        0x0000000102522518 cxxbridge1$str$ptr + 2441112
10  chromedriver                        0x0000000102546078 cxxbridge1$str$ptr + 2587384
11  chromedriver                        0x00000001025136b0 cxxbridge1$str$ptr + 2380080
12  chromedriver                        0x0000000102566550 cxxbridge1$str$ptr + 2719696
13  chromedriver                        0x00000001025666dc cxxbridge1$str$ptr + 2720092
14  chromedriver                        0x0000000102575e18 cxxbridge1$str$ptr + 2783384
15  libsystem_pthread.dylib             0x0000000187e23fa8 _pthread_start + 148
16  libsystem_pthread.dylib             0x0000000187e1eda0 thread_start + 8

2025-04-08 03:42:18,930 - StartupScraper - ERROR - Error clicking 'Show More' button: Message: no such window: target window already closed
from unknown error: web view not found
  (Session info: chrome=135.0.7049.42)
Stacktrace:
0   chromedriver                        0x000000010257df14 cxxbridge1$str$ptr + 2816404
1   chromedriver                        0x00000001025761cc cxxbridge1$str$ptr + 2784332
2   chromedriver                        0x00000001020be40c cxxbridge1$string$len + 93024
3   chromedriver                        0x0000000102098288 chromedriver + 131720
4   chromedriver                        0x000000010212d270 cxxbridge1$string$len + 547268
5   chromedriver                        0x0000000102145e00 cxxbridge1$string$len + 648532
6   chromedriver                        0x00000001020f95bc cxxbridge1$string$len + 335120
7   chromedriver                        0x000000010254253c cxxbridge1$str$ptr + 2572220
8   chromedriver                        0x0000000102545800 cxxbridge1$str$ptr + 2585216
9   chromedriver                        0x0000000102522518 cxxbridge1$str$ptr + 2441112
10  chromedriver                        0x0000000102546078 cxxbridge1$str$ptr + 2587384
11  chromedriver                        0x00000001025136b0 cxxbridge1$str$ptr + 2380080
12  chromedriver                        0x0000000102566550 cxxbridge1$str$ptr + 2719696
13  chromedriver                        0x00000001025666dc cxxbridge1$str$ptr + 2720092
14  chromedriver                        0x0000000102575e18 cxxbridge1$str$ptr + 2783384
15  libsystem_pthread.dylib             0x0000000187e23fa8 _pthread_start + 148
16  libsystem_pthread.dylib             0x0000000187e1eda0 thread_start + 8

2025-04-08 03:42:20,937 - StartupScraper - ERROR - Error clicking 'Show More' button: Message: no such window: target window already closed
from unknown error: web view not found
  (Session info: chrome=135.0.7049.42)
Stacktrace:
0   chromedriver                        0x000000010257df14 cxxbridge1$str$ptr + 2816404
1   chromedriver                        0x00000001025761cc cxxbridge1$str$ptr + 2784332
2   chromedriver                        0x00000001020be40c cxxbridge1$string$len + 93024
3   chromedriver                        0x0000000102098288 chromedriver + 131720
4   chromedriver                        0x000000010212d270 cxxbridge1$string$len + 547268
5   chromedriver                        0x0000000102145e00 cxxbridge1$string$len + 648532
6   chromedriver                        0x00000001020f95bc cxxbridge1$string$len + 335120
7   chromedriver                        0x000000010254253c cxxbridge1$str$ptr + 2572220
8   chromedriver                        0x0000000102545800 cxxbridge1$str$ptr + 2585216
9   chromedriver                        0x0000000102522518 cxxbridge1$str$ptr + 2441112
10  chromedriver                        0x0000000102546078 cxxbridge1$str$ptr + 2587384
11  chromedriver                        0x00000001025136b0 cxxbridge1$str$ptr + 2380080
12  chromedriver                        0x0000000102566550 cxxbridge1$str$ptr + 2719696
13  chromedriver                        0x00000001025666dc cxxbridge1$str$ptr + 2720092
14  chromedriver                        0x0000000102575e18 cxxbridge1$str$ptr + 2783384
15  libsystem_pthread.dylib             0x0000000187e23fa8 _pthread_start + 148
16  libsystem_pthread.dylib             0x0000000187e1eda0 thread_start + 8

2025-04-08 03:42:22,944 - StartupScraper - ERROR - Error clicking 'Show More' button: Message: no such window: target window already closed
from unknown error: web view not found
  (Session info: chrome=135.0.7049.42)
Stacktrace:
0   chromedriver                        0x000000010257df14 cxxbridge1$str$ptr + 2816404
1   chromedriver                        0x00000001025761cc cxxbridge1$str$ptr + 2784332
2   chromedriver                        0x00000001020be40c cxxbridge1$string$len + 93024
3   chromedriver                        0x0000000102098288 chromedriver + 131720
4   chromedriver                        0x000000010212d270 cxxbridge1$string$len + 547268
5   chromedriver                        0x0000000102145e00 cxxbridge1$string$len + 648532
6   chromedriver                        0x00000001020f95bc cxxbridge1$string$len + 335120
7   chromedriver                        0x000000010254253c cxxbridge1$str$ptr + 2572220
8   chromedriver                        0x0000000102545800 cxxbridge1$str$ptr + 2585216
9   chromedriver                        0x0000000102522518 cxxbridge1$str$ptr + 2441112
10  chromedriver                        0x0000000102546078 cxxbridge1$str$ptr + 2587384
11  chromedriver                        0x00000001025136b0 cxxbridge1$str$ptr + 2380080
12  chromedriver                        0x0000000102566550 cxxbridge1$str$ptr + 2719696
13  chromedriver                        0x00000001025666dc cxxbridge1$str$ptr + 2720092
14  chromedriver                        0x0000000102575e18 cxxbridge1$str$ptr + 2783384
15  libsystem_pthread.dylib             0x0000000187e23fa8 _pthread_start + 148
16  libsystem_pthread.dylib             0x0000000187e1eda0 thread_start + 8

2025-04-08 03:42:24,950 - StartupScraper - ERROR - Error clicking 'Show More' button: Message: no such window: target window already closed
from unknown error: web view not found
  (Session info: chrome=135.0.7049.42)
Stacktrace:
0   chromedriver                        0x000000010257df14 cxxbridge1$str$ptr + 2816404
1   chromedriver                        0x00000001025761cc cxxbridge1$str$ptr + 2784332
2   chromedriver                        0x00000001020be40c cxxbridge1$string$len + 93024
3   chromedriver                        0x0000000102098288 chromedriver + 131720
4   chromedriver                        0x000000010212d270 cxxbridge1$string$len + 547268
5   chromedriver                        0x0000000102145e00 cxxbridge1$string$len + 648532
6   chromedriver                        0x00000001020f95bc cxxbridge1$string$len + 335120
7   chromedriver                        0x000000010254253c cxxbridge1$str$ptr + 2572220
8   chromedriver                        0x0000000102545800 cxxbridge1$str$ptr + 2585216
9   chromedriver                        0x0000000102522518 cxxbridge1$str$ptr + 2441112
10  chromedriver                        0x0000000102546078 cxxbridge1$str$ptr + 2587384
11  chromedriver                        0x00000001025136b0 cxxbridge1$str$ptr + 2380080
12  chromedriver                        0x0000000102566550 cxxbridge1$str$ptr + 2719696
13  chromedriver                        0x00000001025666dc cxxbridge1$str$ptr + 2720092
14  chromedriver                        0x0000000102575e18 cxxbridge1$str$ptr + 2783384
15  libsystem_pthread.dylib             0x0000000187e23fa8 _pthread_start + 148
16  libsystem_pthread.dylib             0x0000000187e1eda0 thread_start + 8

2025-04-08 03:42:26,955 - StartupScraper - INFO - Finished loading content. Total clicks: 2
2025-04-08 03:42:26,955 - StartupScraper - INFO - Scrolling down the page...
2025-04-08 03:42:26,956 - StartupScraper - ERROR - Runtime error: Message: no such window: target window already closed
from unknown error: web view not found
  (Session info: chrome=135.0.7049.42)
Stacktrace:
0   chromedriver                        0x000000010257df14 cxxbridge1$str$ptr + 2816404
1   chromedriver                        0x00000001025761cc cxxbridge1$str$ptr + 2784332
2   chromedriver                        0x00000001020be40c cxxbridge1$string$len + 93024
3   chromedriver                        0x0000000102098288 chromedriver + 131720
4   chromedriver                        0x000000010212d270 cxxbridge1$string$len + 547268
5   chromedriver                        0x0000000102145e00 cxxbridge1$string$len + 648532
6   chromedriver                        0x00000001020f95bc cxxbridge1$string$len + 335120
7   chromedriver                        0x000000010254253c cxxbridge1$str$ptr + 2572220
8   chromedriver                        0x0000000102545800 cxxbridge1$str$ptr + 2585216
9   chromedriver                        0x0000000102522518 cxxbridge1$str$ptr + 2441112
10  chromedriver                        0x0000000102546078 cxxbridge1$str$ptr + 2587384
11  chromedriver                        0x00000001025136b0 cxxbridge1$str$ptr + 2380080
12  chromedriver                        0x0000000102566550 cxxbridge1$str$ptr + 2719696
13  chromedriver                        0x00000001025666dc cxxbridge1$str$ptr + 2720092
14  chromedriver                        0x0000000102575e18 cxxbridge1$str$ptr + 2783384
15  libsystem_pthread.dylib             0x0000000187e23fa8 _pthread_start + 148
16  libsystem_pthread.dylib             0x0000000187e1eda0 thread_start + 8

2025-04-08 03:42:27,109 - StartupScraper - INFO - WebDriver closed successfully
2025-04-08 03:42:27,111 - StartupScraper - INFO - Scheduler started. Daily runs scheduled at 2:00 AM
2025-04-09 06:21:01,759 - INFO - Starting scheduled scraping job
2025-04-09 06:21:01,759 - INFO - ====== WebDriver manager ======
2025-04-09 06:21:01,936 - INFO - Get LATEST chromedriver version for google-chrome
2025-04-09 06:21:01,995 - INFO - Get LATEST chromedriver version for google-chrome
2025-04-09 06:21:02,031 - INFO - Driver [/Users/hk/.wdm/drivers/chromedriver/mac64/135.0.7049.84/chromedriver-mac-arm64/chromedriver] found in cache
2025-04-09 06:21:04,519 - INFO - Browser initialized
2025-04-09 06:21:05,511 - INFO - Loaded target URL
2025-04-09 06:21:15,762 - WARNING - Cookie acceptance failed: Message: 
Stacktrace:
0   chromedriver                        0x000000010138edec cxxbridge1$str$ptr + 2817040
1   chromedriver                        0x0000000101387088 cxxbridge1$str$ptr + 2784940
2   chromedriver                        0x0000000100ece8d8 cxxbridge1$string$len + 93028
3   chromedriver                        0x0000000100f156a0 cxxbridge1$string$len + 383276
4   chromedriver                        0x0000000100f567b8 cxxbridge1$string$len + 649796
5   chromedriver                        0x0000000100f09a80 cxxbridge1$string$len + 335116
6   chromedriver                        0x0000000101353c74 cxxbridge1$str$ptr + 2575000
7   chromedriver                        0x0000000101356f40 cxxbridge1$str$ptr + 2588004
8   chromedriver                        0x00000001013339fc cxxbridge1$str$ptr + 2443296
9   chromedriver                        0x00000001013577bc cxxbridge1$str$ptr + 2590176
10  chromedriver                        0x0000000101324af0 cxxbridge1$str$ptr + 2382100
11  chromedriver                        0x00000001013779a0 cxxbridge1$str$ptr + 2721732
12  chromedriver                        0x0000000101377b2c cxxbridge1$str$ptr + 2722128
13  chromedriver                        0x0000000101386cd4 cxxbridge1$str$ptr + 2783992
14  libsystem_pthread.dylib             0x0000000187e23fa8 _pthread_start + 148
15  libsystem_pthread.dylib             0x0000000187e1eda0 thread_start + 8

2025-04-09 06:21:15,762 - INFO - Loading all content...
2025-04-09 06:21:29,620 - ERROR - No company cards found
2025-04-09 06:21:29,621 - INFO - No new content (1/5)
2025-04-09 06:21:44,472 - ERROR - No company cards found
2025-04-09 06:21:44,473 - INFO - No new content (2/5)
2025-04-09 06:21:59,315 - ERROR - No company cards found
2025-04-09 06:21:59,317 - INFO - No new content (3/5)
2025-04-09 06:22:14,187 - ERROR - No company cards found
2025-04-09 06:22:14,187 - INFO - No new content (4/5)
