2025-04-10 01:18:23,756 - INFO - Initializing TopStartups.io scraper
2025-04-10 01:18:23,756 - INFO - ====== WebDriver manager ======
2025-04-10 01:18:23,932 - INFO - Get LATEST chromedriver version for google-chrome
2025-04-10 01:18:23,994 - INFO - Get LATEST chromedriver version for google-chrome
2025-04-10 01:18:24,029 - INFO - Driver [/Users/hk/.wdm/drivers/chromedriver/mac64/135.0.7049.84/chromedriver-mac-arm64/chromedriver] found in cache
2025-04-10 01:18:26,149 - INFO - Navigating to: https://topstartups.io/?hq_location=San+Francisco+Bay+Area&sort=funding
2025-04-10 01:18:28,949 - INFO - Page loaded successfully
2025-04-10 01:18:28,951 - INFO - Beginning startup extraction
2025-04-10 01:18:28,989 - INFO - Found 20 startup cards on current view
2025-04-10 01:18:30,096 - INFO - Extracted startup #1: HQ:
2025-04-10 01:18:30,890 - INFO - Extracted startup #2: Numeric
2025-04-10 01:18:31,944 - INFO - Extracted startup #3: Render
2025-04-10 01:18:32,418 - INFO - Extracted startup #4: Harvey
2025-04-10 01:18:33,264 - INFO - Extracted startup #5: Semgrep
2025-04-10 01:18:33,735 - INFO - Extracted startup #6: HighTouch.io
2025-04-10 01:18:34,273 - INFO - Extracted startup #7: Qventus
2025-04-10 01:18:34,942 - INFO - Extracted startup #8: Speak
2025-04-10 01:18:35,975 - INFO - Extracted startup #9: Databricks
2025-04-10 01:18:36,647 - INFO - Extracted startup #10: Kong
2025-04-10 01:18:37,751 - INFO - Extracted startup #11: Cresta
2025-04-10 01:18:38,732 - INFO - Extracted startup #12: Infinitus
2025-04-10 01:18:39,240 - INFO - Extracted startup #13: Nooks
2025-04-10 01:18:40,357 - INFO - Extracted startup #14: Decagon
2025-04-10 01:18:41,404 - INFO - Extracted startup #15: World Labs
2025-04-10 01:18:42,016 - INFO - Extracted startup #16: Safe Superintelligence
2025-04-10 01:18:42,574 - INFO - Extracted startup #17: Harmonic
2025-04-10 01:18:43,493 - INFO - Extracted startup #18: Atlys
2025-04-10 01:18:44,317 - INFO - Extracted startup #19: Cortex
2025-04-10 01:18:45,127 - INFO - Extracted startup #20: Get newly funded startups delivered to you weekly
2025-04-10 01:18:45,163 - INFO - No 'Load More' button found or button not clickable. Scrolling down...
2025-04-10 01:18:47,766 - INFO - Reached the bottom of the page
2025-04-10 01:18:47,790 - INFO - No more 'Load More' button and reached bottom of page
2025-04-10 01:18:47,790 - INFO - Progress: Extracted 20 startups so far
2025-04-10 01:18:49,177 - INFO - Extraction complete. Total startups extracted: 20
2025-04-10 01:18:49,182 - INFO - Saved data to CSV: topstartups_data.csv
2025-04-10 01:18:49,183 - INFO - Saved data to JSON: topstartups_data.json
2025-04-10 01:18:49,183 - INFO - Scraping completed successfully. Extracted 20 startups.
2025-04-10 01:18:49,183 - INFO - Data saved to:
2025-04-10 01:18:49,183 - INFO - - CSV: topstartups_data.csv
2025-04-10 01:18:49,184 - INFO - - JSON: topstartups_data.json
2025-04-10 01:18:49,217 - INFO - Data summary:
       headquarters
count           0.0
mean            NaN
std             NaN
min             NaN
25%             NaN
50%             NaN
75%             NaN
max             NaN
2025-04-10 01:18:49,221 - INFO - Sample data:
      name  ... has_reviews
0      HQ:  ...       False
1  Numeric  ...       False
2   Render  ...       False
3   Harvey  ...       False
4  Semgrep  ...       False

[5 rows x 6 columns]
2025-04-10 01:18:49,308 - INFO - WebDriver closed successfully
2025-04-10 01:43:08,951 - INFO - Initializing TopStartups.io scraper
2025-04-10 01:43:08,951 - INFO - ====== WebDriver manager ======
2025-04-10 01:43:09,107 - INFO - Get LATEST chromedriver version for google-chrome
2025-04-10 01:43:09,181 - INFO - Get LATEST chromedriver version for google-chrome
2025-04-10 01:43:09,219 - INFO - Driver [/Users/hk/.wdm/drivers/chromedriver/mac64/135.0.7049.84/chromedriver-mac-arm64/chromedriver] found in cache
2025-04-10 01:43:11,378 - INFO - Navigating to: https://topstartups.io/?hq_location=San+Francisco+Bay+Area&sort=funding
2025-04-10 01:43:14,363 - INFO - Page loaded successfully
2025-04-10 01:43:14,365 - INFO - Beginning startup extraction
2025-04-10 01:43:14,420 - INFO - Found 20 startup cards on current view
2025-04-10 01:43:15,460 - INFO - Extracted startup #1: HQ:
2025-04-10 01:43:15,955 - INFO - Extracted startup #2: Numeric
2025-04-10 01:43:16,932 - INFO - Extracted startup #3: Render
2025-04-10 01:43:17,571 - INFO - Extracted startup #4: Harvey
2025-04-10 01:43:18,560 - INFO - Extracted startup #5: Semgrep
2025-04-10 01:43:19,688 - INFO - Extracted startup #6: HighTouch.io
2025-04-10 01:43:20,322 - INFO - Extracted startup #7: Qventus
2025-04-10 01:43:20,842 - INFO - Extracted startup #8: Speak
2025-04-10 01:43:21,372 - INFO - Extracted startup #9: Databricks
2025-04-10 01:43:22,017 - INFO - Extracted startup #10: Kong
2025-04-10 01:43:22,689 - INFO - Extracted startup #11: Cresta
2025-04-10 01:43:23,155 - INFO - Extracted startup #12: Infinitus
2025-04-10 01:43:23,896 - INFO - Extracted startup #13: Nooks
2025-04-10 01:43:24,843 - INFO - Extracted startup #14: Decagon
2025-04-10 01:43:25,821 - INFO - Extracted startup #15: World Labs
2025-04-10 01:43:26,372 - INFO - Extracted startup #16: Safe Superintelligence
2025-04-10 01:43:27,448 - INFO - Extracted startup #17: Harmonic
2025-04-10 01:43:28,004 - INFO - Extracted startup #18: Atlys
2025-04-10 01:43:28,897 - INFO - Extracted startup #19: Cortex
2025-04-10 01:43:29,775 - INFO - Extracted startup #20: Get newly funded startups delivered to you weekly
2025-04-10 01:43:29,813 - WARNING - JavaScript fallback failed: Message: invalid element state: Failed to execute 'querySelector' on 'Document': 'button:contains("Show More")' is not a valid selector.
  (Session info: chrome=135.0.7049.84)
Stacktrace:
0   chromedriver                        0x00000001047dadec cxxbridge1$str$ptr + 2817040
1   chromedriver                        0x00000001047d3088 cxxbridge1$str$ptr + 2784940
2   chromedriver                        0x000000010431a8d8 cxxbridge1$string$len + 93028
3   chromedriver                        0x00000001043204dc cxxbridge1$string$len + 116584
4   chromedriver                        0x0000000104322aa0 cxxbridge1$string$len + 126252
5   chromedriver                        0x00000001043a34b0 cxxbridge1$string$len + 653116
6   chromedriver                        0x00000001043a27b8 cxxbridge1$string$len + 649796
7   chromedriver                        0x0000000104355a80 cxxbridge1$string$len + 335116
8   chromedriver                        0x000000010479fc74 cxxbridge1$str$ptr + 2575000
9   chromedriver                        0x00000001047a2f40 cxxbridge1$str$ptr + 2588004
10  chromedriver                        0x000000010477f9fc cxxbridge1$str$ptr + 2443296
11  chromedriver                        0x00000001047a37bc cxxbridge1$str$ptr + 2590176
12  chromedriver                        0x0000000104770af0 cxxbridge1$str$ptr + 2382100
13  chromedriver                        0x00000001047c39a0 cxxbridge1$str$ptr + 2721732
14  chromedriver                        0x00000001047c3b2c cxxbridge1$str$ptr + 2722128
15  chromedriver                        0x00000001047d2cd4 cxxbridge1$str$ptr + 2783992
16  libsystem_pthread.dylib             0x0000000187e23fa8 _pthread_start + 148
17  libsystem_pthread.dylib             0x0000000187e1eda0 thread_start + 8

2025-04-10 01:43:29,813 - INFO - No 'Load More' button found or button not clickable. Scrolling down...
2025-04-10 01:43:29,819 - ERROR - An error occurred during scraping: Object of type WebDriver is not JSON serializable
2025-04-10 01:43:29,927 - INFO - WebDriver closed successfully
2025-04-10 01:58:02,812 - INFO - Initializing TopStartups.io scraper
2025-04-10 01:58:02,813 - INFO - ====== WebDriver manager ======
2025-04-10 01:58:02,967 - INFO - Get LATEST chromedriver version for google-chrome
2025-04-10 01:58:03,034 - INFO - Get LATEST chromedriver version for google-chrome
2025-04-10 01:58:03,071 - INFO - Driver [/Users/hk/.wdm/drivers/chromedriver/mac64/135.0.7049.84/chromedriver-mac-arm64/chromedriver] found in cache
2025-04-10 01:58:04,826 - INFO - Navigating to: https://topstartups.io/?hq_location=San+Francisco+Bay+Area&sort=funding
2025-04-10 01:58:07,587 - INFO - Page loaded successfully
2025-04-10 01:58:07,588 - INFO - Beginning startup extraction
2025-04-10 01:58:07,588 - INFO - === DEBUG: Page Elements Analysis ===
2025-04-10 01:58:07,614 - INFO - Found 9 button elements
2025-04-10 01:58:07,634 - INFO - Button 1: Text='Subscribe', Displayed=True
2025-04-10 01:58:07,643 - INFO - Button 2: Text='', Displayed=False
2025-04-10 01:58:07,651 - INFO - Button 3: Text='Any industry', Displayed=True
2025-04-10 01:58:07,660 - INFO - Button 4: Text='Any size', Displayed=True
2025-04-10 01:58:07,669 - INFO - Button 5: Text='Any year', Displayed=True
2025-04-10 01:58:07,692 - INFO - Found 163 anchor elements
2025-04-10 01:58:07,703 - INFO - Link 1: Text='Subscribe', Href='https://topstartups.substack.com/', Displayed=True
2025-04-10 01:58:07,714 - INFO - Link 2: Text='Add Startup', Href='https://airtable.com/shrxE33nk4Qfzx2K9', Displayed=True
2025-04-10 01:58:07,726 - INFO - Link 3: Text='Salary/Equity', Href='https://topstartups.io/startup-salary-equity-database/', Displayed=True
2025-04-10 01:58:07,747 - INFO - Link 4: Text='Jobs', Href='https://topstartups.io/jobs/', Displayed=True
2025-04-10 01:58:07,756 - INFO - Link 5: Text='Startups', Href='https://topstartups.io/', Displayed=True
2025-04-10 01:58:07,762 - INFO - Found 0 elements containing text 'show more'
2025-04-10 01:58:07,768 - INFO - Found 1 elements containing text 'Show more'
2025-04-10 01:58:07,774 - INFO - Found 0 elements containing text 'load more'
2025-04-10 01:58:07,779 - INFO - Found 0 elements containing text 'Load more'
2025-04-10 01:58:07,977 - INFO - Saved debug screenshot to debug_screenshot.png
2025-04-10 01:58:07,977 - INFO - === End of Debug Analysis ===
2025-04-10 01:58:07,997 - INFO - Found 20 startup cards on current view
2025-04-10 01:58:09,011 - INFO - Found 'Show More' button with selector: a:not([href*='#'])
2025-04-10 01:58:10,746 - INFO - Clicked 'Show More' button with direct click
2025-04-10 01:58:15,616 - INFO - Successfully loaded more cards: 19 new cards
2025-04-10 01:58:15,617 - INFO - Progress: Extracted 0 startups so far
2025-04-10 01:58:17,742 - INFO - Found 39 startup cards on current view
2025-04-10 01:58:19,604 - INFO - Found 'Show More' button with selector: a:not([href*='#'])
2025-04-10 01:58:20,803 - WARNING - Error with selector a:not([href*='#']): Message: stale element reference: stale element not found in the current frame
  (Session info: chrome=135.0.7049.84); For documentation on this error, please visit: https://www.selenium.dev/documentation/webdriver/troubleshooting/errors#stale-element-reference-exception
Stacktrace:
0   chromedriver                        0x00000001009a6dec cxxbridge1$str$ptr + 2817040
1   chromedriver                        0x000000010099f088 cxxbridge1$str$ptr + 2784940
2   chromedriver                        0x00000001004e68d8 cxxbridge1$string$len + 93028
3   chromedriver                        0x00000001004ec4dc cxxbridge1$string$len + 116584
4   chromedriver                        0x00000001004eeaa0 cxxbridge1$string$len + 126252
5   chromedriver                        0x000000010056f4b0 cxxbridge1$string$len + 653116
6   chromedriver                        0x000000010056e7b8 cxxbridge1$string$len + 649796
7   chromedriver                        0x0000000100521a80 cxxbridge1$string$len + 335116
8   chromedriver                        0x000000010096bc74 cxxbridge1$str$ptr + 2575000
9   chromedriver                        0x000000010096ef40 cxxbridge1$str$ptr + 2588004
10  chromedriver                        0x000000010094b9fc cxxbridge1$str$ptr + 2443296
11  chromedriver                        0x000000010096f7bc cxxbridge1$str$ptr + 2590176
12  chromedriver                        0x000000010093caf0 cxxbridge1$str$ptr + 2382100
13  chromedriver                        0x000000010098f9a0 cxxbridge1$str$ptr + 2721732
14  chromedriver                        0x000000010098fb2c cxxbridge1$str$ptr + 2722128
15  chromedriver                        0x000000010099ecd4 cxxbridge1$str$ptr + 2783992
16  libsystem_pthread.dylib             0x0000000187e23fa8 _pthread_start + 148
17  libsystem_pthread.dylib             0x0000000187e1eda0 thread_start + 8

2025-04-10 01:58:20,817 - INFO - Found 'Show More' button with XPath: Show more
2025-04-10 01:58:22,201 - WARNING - XPath text search failed: Message: stale element reference: stale element not found in the current frame
  (Session info: chrome=135.0.7049.84); For documentation on this error, please visit: https://www.selenium.dev/documentation/webdriver/troubleshooting/errors#stale-element-reference-exception
Stacktrace:
0   chromedriver                        0x00000001009a6dec cxxbridge1$str$ptr + 2817040
1   chromedriver                        0x000000010099f088 cxxbridge1$str$ptr + 2784940
2   chromedriver                        0x00000001004e68d8 cxxbridge1$string$len + 93028
3   chromedriver                        0x00000001004ec4dc cxxbridge1$string$len + 116584
4   chromedriver                        0x00000001004eeaa0 cxxbridge1$string$len + 126252
5   chromedriver                        0x000000010056f4b0 cxxbridge1$string$len + 653116
6   chromedriver                        0x000000010056e7b8 cxxbridge1$string$len + 649796
7   chromedriver                        0x0000000100521a80 cxxbridge1$string$len + 335116
8   chromedriver                        0x000000010096bc74 cxxbridge1$str$ptr + 2575000
9   chromedriver                        0x000000010096ef40 cxxbridge1$str$ptr + 2588004
10  chromedriver                        0x000000010094b9fc cxxbridge1$str$ptr + 2443296
11  chromedriver                        0x000000010096f7bc cxxbridge1$str$ptr + 2590176
12  chromedriver                        0x000000010093caf0 cxxbridge1$str$ptr + 2382100
13  chromedriver                        0x000000010098f9a0 cxxbridge1$str$ptr + 2721732
14  chromedriver                        0x000000010098fb2c cxxbridge1$str$ptr + 2722128
15  chromedriver                        0x000000010099ecd4 cxxbridge1$str$ptr + 2783992
16  libsystem_pthread.dylib             0x0000000187e23fa8 _pthread_start + 148
17  libsystem_pthread.dylib             0x0000000187e1eda0 thread_start + 8

2025-04-10 01:58:24,916 - WARNING - Direct DOM search failed: Message: no such window: target window already closed
from unknown error: web view not found
  (Session info: chrome=135.0.7049.84)
Stacktrace:
0   chromedriver                        0x00000001009a6dec cxxbridge1$str$ptr + 2817040
1   chromedriver                        0x000000010099f088 cxxbridge1$str$ptr + 2784940
2   chromedriver                        0x00000001004e68d8 cxxbridge1$string$len + 93028
3   chromedriver                        0x00000001004c0758 chromedriver + 132952
4   chromedriver                        0x0000000100555734 cxxbridge1$string$len + 547264
5   chromedriver                        0x000000010056e2c4 cxxbridge1$string$len + 648528
6   chromedriver                        0x0000000100521a80 cxxbridge1$string$len + 335116
7   chromedriver                        0x000000010096bc74 cxxbridge1$str$ptr + 2575000
8   chromedriver                        0x000000010096ef40 cxxbridge1$str$ptr + 2588004
9   chromedriver                        0x000000010094b9fc cxxbridge1$str$ptr + 2443296
10  chromedriver                        0x000000010096f7bc cxxbridge1$str$ptr + 2590176
11  chromedriver                        0x000000010093caf0 cxxbridge1$str$ptr + 2382100
12  chromedriver                        0x000000010098f9a0 cxxbridge1$str$ptr + 2721732
13  chromedriver                        0x000000010098fb2c cxxbridge1$str$ptr + 2722128
14  chromedriver                        0x000000010099ecd4 cxxbridge1$str$ptr + 2783992
15  libsystem_pthread.dylib             0x0000000187e23fa8 _pthread_start + 148
16  libsystem_pthread.dylib             0x0000000187e1eda0 thread_start + 8

2025-04-10 01:58:24,916 - INFO - No 'Load More' button found or button not clickable. Scrolling down...
2025-04-10 01:58:24,917 - INFO - No 'Load More' button found or button not clickable. Scrolling down...
2025-04-10 01:58:24,917 - ERROR - An error occurred during scraping: Message: no such window: target window already closed
from unknown error: web view not found
  (Session info: chrome=135.0.7049.84)
Stacktrace:
0   chromedriver                        0x00000001009a6dec cxxbridge1$str$ptr + 2817040
1   chromedriver                        0x000000010099f088 cxxbridge1$str$ptr + 2784940
2   chromedriver                        0x00000001004e68d8 cxxbridge1$string$len + 93028
3   chromedriver                        0x00000001004c0758 chromedriver + 132952
4   chromedriver                        0x0000000100555734 cxxbridge1$string$len + 547264
5   chromedriver                        0x000000010056e2c4 cxxbridge1$string$len + 648528
6   chromedriver                        0x0000000100521a80 cxxbridge1$string$len + 335116
7   chromedriver                        0x000000010096bc74 cxxbridge1$str$ptr + 2575000
8   chromedriver                        0x000000010096ef40 cxxbridge1$str$ptr + 2588004
9   chromedriver                        0x000000010094b9fc cxxbridge1$str$ptr + 2443296
10  chromedriver                        0x000000010096f7bc cxxbridge1$str$ptr + 2590176
11  chromedriver                        0x000000010093caf0 cxxbridge1$str$ptr + 2382100
12  chromedriver                        0x000000010098f9a0 cxxbridge1$str$ptr + 2721732
13  chromedriver                        0x000000010098fb2c cxxbridge1$str$ptr + 2722128
14  chromedriver                        0x000000010099ecd4 cxxbridge1$str$ptr + 2783992
15  libsystem_pthread.dylib             0x0000000187e23fa8 _pthread_start + 148
16  libsystem_pthread.dylib             0x0000000187e1eda0 thread_start + 8

2025-04-10 01:58:25,008 - INFO - WebDriver closed successfully
2025-04-10 01:59:14,948 - INFO - Initializing TopStartups.io scraper
2025-04-10 01:59:14,948 - INFO - ====== WebDriver manager ======
2025-04-10 01:59:15,100 - INFO - Get LATEST chromedriver version for google-chrome
2025-04-10 01:59:15,141 - INFO - Get LATEST chromedriver version for google-chrome
2025-04-10 01:59:15,174 - INFO - Driver [/Users/hk/.wdm/drivers/chromedriver/mac64/135.0.7049.84/chromedriver-mac-arm64/chromedriver] found in cache
2025-04-10 01:59:16,632 - INFO - Navigating to: https://topstartups.io/?hq_location=San+Francisco+Bay+Area&sort=funding
2025-04-10 01:59:22,717 - INFO - Page loaded successfully
2025-04-10 01:59:22,719 - INFO - Beginning startup extraction
2025-04-10 01:59:22,719 - INFO - === DEBUG: Page Elements Analysis ===
2025-04-10 01:59:22,738 - INFO - Found 9 button elements
2025-04-10 01:59:22,759 - INFO - Button 1: Text='Subscribe', Displayed=True
2025-04-10 01:59:22,767 - INFO - Button 2: Text='', Displayed=False
2025-04-10 01:59:22,781 - INFO - Button 3: Text='Any industry', Displayed=True
2025-04-10 01:59:22,792 - INFO - Button 4: Text='Any size', Displayed=True
2025-04-10 01:59:22,803 - INFO - Button 5: Text='Any year', Displayed=True
2025-04-10 01:59:22,813 - INFO - Found 163 anchor elements
2025-04-10 01:59:22,824 - INFO - Link 1: Text='Subscribe', Href='https://topstartups.substack.com/', Displayed=True
2025-04-10 01:59:22,833 - INFO - Link 2: Text='Add Startup', Href='https://airtable.com/shrxE33nk4Qfzx2K9', Displayed=True
2025-04-10 01:59:22,845 - INFO - Link 3: Text='Salary/Equity', Href='https://topstartups.io/startup-salary-equity-database/', Displayed=True
2025-04-10 01:59:22,855 - INFO - Link 4: Text='Jobs', Href='https://topstartups.io/jobs/', Displayed=True
2025-04-10 01:59:22,865 - INFO - Link 5: Text='Startups', Href='https://topstartups.io/', Displayed=True
2025-04-10 01:59:22,872 - INFO - Found 0 elements containing text 'show more'
2025-04-10 01:59:22,877 - INFO - Found 1 elements containing text 'Show more'
2025-04-10 01:59:22,883 - INFO - Found 0 elements containing text 'load more'
2025-04-10 01:59:22,889 - INFO - Found 0 elements containing text 'Load more'
2025-04-10 01:59:23,077 - INFO - Saved debug screenshot to debug_screenshot.png
2025-04-10 01:59:23,077 - INFO - === End of Debug Analysis ===
2025-04-10 01:59:23,097 - INFO - Found 20 startup cards on current view
2025-04-10 01:59:24,085 - INFO - Found 'Show More' button with selector: a:not([href*='#'])
2025-04-10 01:59:25,580 - INFO - Clicked 'Show More' button with direct click
2025-04-10 01:59:29,953 - INFO - Successfully loaded more cards: 19 new cards
2025-04-10 01:59:29,953 - INFO - Progress: Extracted 0 startups so far
2025-04-10 01:59:31,145 - INFO - Found 39 startup cards on current view
2025-04-10 01:59:32,972 - INFO - Found 'Show More' button with selector: a:not([href*='#'])
2025-04-10 01:59:34,253 - WARNING - Error with selector a:not([href*='#']): Message: stale element reference: stale element not found in the current frame
  (Session info: chrome=135.0.7049.84); For documentation on this error, please visit: https://www.selenium.dev/documentation/webdriver/troubleshooting/errors#stale-element-reference-exception
Stacktrace:
0   chromedriver                        0x000000010323adec cxxbridge1$str$ptr + 2817040
1   chromedriver                        0x0000000103233088 cxxbridge1$str$ptr + 2784940
2   chromedriver                        0x0000000102d7a8d8 cxxbridge1$string$len + 93028
3   chromedriver                        0x0000000102d804dc cxxbridge1$string$len + 116584
4   chromedriver                        0x0000000102d82aa0 cxxbridge1$string$len + 126252
5   chromedriver                        0x0000000102e034b0 cxxbridge1$string$len + 653116
6   chromedriver                        0x0000000102e027b8 cxxbridge1$string$len + 649796
7   chromedriver                        0x0000000102db5a80 cxxbridge1$string$len + 335116
8   chromedriver                        0x00000001031ffc74 cxxbridge1$str$ptr + 2575000
9   chromedriver                        0x0000000103202f40 cxxbridge1$str$ptr + 2588004
10  chromedriver                        0x00000001031df9fc cxxbridge1$str$ptr + 2443296
11  chromedriver                        0x00000001032037bc cxxbridge1$str$ptr + 2590176
12  chromedriver                        0x00000001031d0af0 cxxbridge1$str$ptr + 2382100
13  chromedriver                        0x00000001032239a0 cxxbridge1$str$ptr + 2721732
14  chromedriver                        0x0000000103223b2c cxxbridge1$str$ptr + 2722128
15  chromedriver                        0x0000000103232cd4 cxxbridge1$str$ptr + 2783992
16  libsystem_pthread.dylib             0x0000000187e23fa8 _pthread_start + 148
17  libsystem_pthread.dylib             0x0000000187e1eda0 thread_start + 8

2025-04-10 01:59:34,267 - INFO - Found 'Show More' button with XPath: Show more
2025-04-10 01:59:36,159 - WARNING - XPath text search failed: Message: stale element reference: stale element not found in the current frame
  (Session info: chrome=135.0.7049.84); For documentation on this error, please visit: https://www.selenium.dev/documentation/webdriver/troubleshooting/errors#stale-element-reference-exception
Stacktrace:
0   chromedriver                        0x000000010323adec cxxbridge1$str$ptr + 2817040
1   chromedriver                        0x0000000103233088 cxxbridge1$str$ptr + 2784940
2   chromedriver                        0x0000000102d7a8d8 cxxbridge1$string$len + 93028
3   chromedriver                        0x0000000102d804dc cxxbridge1$string$len + 116584
4   chromedriver                        0x0000000102d82aa0 cxxbridge1$string$len + 126252
5   chromedriver                        0x0000000102e034b0 cxxbridge1$string$len + 653116
6   chromedriver                        0x0000000102e027b8 cxxbridge1$string$len + 649796
7   chromedriver                        0x0000000102db5a80 cxxbridge1$string$len + 335116
8   chromedriver                        0x00000001031ffc74 cxxbridge1$str$ptr + 2575000
9   chromedriver                        0x0000000103202f40 cxxbridge1$str$ptr + 2588004
10  chromedriver                        0x00000001031df9fc cxxbridge1$str$ptr + 2443296
11  chromedriver                        0x00000001032037bc cxxbridge1$str$ptr + 2590176
12  chromedriver                        0x00000001031d0af0 cxxbridge1$str$ptr + 2382100
13  chromedriver                        0x00000001032239a0 cxxbridge1$str$ptr + 2721732
14  chromedriver                        0x0000000103223b2c cxxbridge1$str$ptr + 2722128
15  chromedriver                        0x0000000103232cd4 cxxbridge1$str$ptr + 2783992
16  libsystem_pthread.dylib             0x0000000187e23fa8 _pthread_start + 148
17  libsystem_pthread.dylib             0x0000000187e1eda0 thread_start + 8

2025-04-10 01:59:52,877 - INFO - Found exact 'Show more' text in element: div
2025-04-10 01:59:54,880 - INFO - Clicked element with exact 'Show more' text
2025-04-10 01:59:59,202 - INFO - Successfully loaded more cards: 57 new cards
2025-04-10 01:59:59,203 - INFO - Progress: Extracted 0 startups so far
2025-04-10 02:00:00,589 - INFO - Found 96 startup cards on current view
2025-04-10 02:00:05,394 - INFO - Found 'Show More' button with selector: a:not([href*='#'])
2025-04-10 02:00:06,625 - WARNING - Error with selector a:not([href*='#']): Message: stale element reference: stale element not found in the current frame
  (Session info: chrome=135.0.7049.84); For documentation on this error, please visit: https://www.selenium.dev/documentation/webdriver/troubleshooting/errors#stale-element-reference-exception
Stacktrace:
0   chromedriver                        0x000000010323adec cxxbridge1$str$ptr + 2817040
1   chromedriver                        0x0000000103233088 cxxbridge1$str$ptr + 2784940
2   chromedriver                        0x0000000102d7a8d8 cxxbridge1$string$len + 93028
3   chromedriver                        0x0000000102d804dc cxxbridge1$string$len + 116584
4   chromedriver                        0x0000000102d82aa0 cxxbridge1$string$len + 126252
5   chromedriver                        0x0000000102e034b0 cxxbridge1$string$len + 653116
6   chromedriver                        0x0000000102e027b8 cxxbridge1$string$len + 649796
7   chromedriver                        0x0000000102db5a80 cxxbridge1$string$len + 335116
8   chromedriver                        0x00000001031ffc74 cxxbridge1$str$ptr + 2575000
9   chromedriver                        0x0000000103202f40 cxxbridge1$str$ptr + 2588004
10  chromedriver                        0x00000001031df9fc cxxbridge1$str$ptr + 2443296
11  chromedriver                        0x00000001032037bc cxxbridge1$str$ptr + 2590176
12  chromedriver                        0x00000001031d0af0 cxxbridge1$str$ptr + 2382100
13  chromedriver                        0x00000001032239a0 cxxbridge1$str$ptr + 2721732
14  chromedriver                        0x0000000103223b2c cxxbridge1$str$ptr + 2722128
15  chromedriver                        0x0000000103232cd4 cxxbridge1$str$ptr + 2783992
16  libsystem_pthread.dylib             0x0000000187e23fa8 _pthread_start + 148
17  libsystem_pthread.dylib             0x0000000187e1eda0 thread_start + 8

2025-04-10 02:00:06,642 - INFO - Found 'Show More' button with XPath: Show more
2025-04-10 02:00:07,997 - WARNING - XPath text search failed: Message: stale element reference: stale element not found in the current frame
  (Session info: chrome=135.0.7049.84); For documentation on this error, please visit: https://www.selenium.dev/documentation/webdriver/troubleshooting/errors#stale-element-reference-exception
Stacktrace:
0   chromedriver                        0x000000010323adec cxxbridge1$str$ptr + 2817040
1   chromedriver                        0x0000000103233088 cxxbridge1$str$ptr + 2784940
2   chromedriver                        0x0000000102d7a8d8 cxxbridge1$string$len + 93028
3   chromedriver                        0x0000000102d804dc cxxbridge1$string$len + 116584
4   chromedriver                        0x0000000102d82aa0 cxxbridge1$string$len + 126252
5   chromedriver                        0x0000000102e034b0 cxxbridge1$string$len + 653116
6   chromedriver                        0x0000000102e027b8 cxxbridge1$string$len + 649796
7   chromedriver                        0x0000000102db5a80 cxxbridge1$string$len + 335116
8   chromedriver                        0x00000001031ffc74 cxxbridge1$str$ptr + 2575000
9   chromedriver                        0x0000000103202f40 cxxbridge1$str$ptr + 2588004
10  chromedriver                        0x00000001031df9fc cxxbridge1$str$ptr + 2443296
11  chromedriver                        0x00000001032037bc cxxbridge1$str$ptr + 2590176
12  chromedriver                        0x00000001031d0af0 cxxbridge1$str$ptr + 2382100
13  chromedriver                        0x00000001032239a0 cxxbridge1$str$ptr + 2721732
14  chromedriver                        0x0000000103223b2c cxxbridge1$str$ptr + 2722128
15  chromedriver                        0x0000000103232cd4 cxxbridge1$str$ptr + 2783992
16  libsystem_pthread.dylib             0x0000000187e23fa8 _pthread_start + 148
17  libsystem_pthread.dylib             0x0000000187e1eda0 thread_start + 8

2025-04-10 02:00:39,337 - INFO - Found exact 'Show more' text in element: div
2025-04-10 02:00:41,110 - INFO - Clicked element with exact 'Show more' text
2025-04-10 02:00:45,746 - INFO - Successfully loaded more cards: 57 new cards
2025-04-10 02:00:45,746 - INFO - Progress: Extracted 0 startups so far
2025-04-10 02:00:46,898 - INFO - Found 153 startup cards on current view
2025-04-10 02:00:55,012 - INFO - Found 'Show More' button with selector: a:not([href*='#'])
2025-04-10 02:00:56,225 - WARNING - Error with selector a:not([href*='#']): Message: stale element reference: stale element not found in the current frame
  (Session info: chrome=135.0.7049.84); For documentation on this error, please visit: https://www.selenium.dev/documentation/webdriver/troubleshooting/errors#stale-element-reference-exception
Stacktrace:
0   chromedriver                        0x000000010323adec cxxbridge1$str$ptr + 2817040
1   chromedriver                        0x0000000103233088 cxxbridge1$str$ptr + 2784940
2   chromedriver                        0x0000000102d7a8d8 cxxbridge1$string$len + 93028
3   chromedriver                        0x0000000102d804dc cxxbridge1$string$len + 116584
4   chromedriver                        0x0000000102d82aa0 cxxbridge1$string$len + 126252
5   chromedriver                        0x0000000102e034b0 cxxbridge1$string$len + 653116
6   chromedriver                        0x0000000102e027b8 cxxbridge1$string$len + 649796
7   chromedriver                        0x0000000102db5a80 cxxbridge1$string$len + 335116
8   chromedriver                        0x00000001031ffc74 cxxbridge1$str$ptr + 2575000
9   chromedriver                        0x0000000103202f40 cxxbridge1$str$ptr + 2588004
10  chromedriver                        0x00000001031df9fc cxxbridge1$str$ptr + 2443296
11  chromedriver                        0x00000001032037bc cxxbridge1$str$ptr + 2590176
12  chromedriver                        0x00000001031d0af0 cxxbridge1$str$ptr + 2382100
13  chromedriver                        0x00000001032239a0 cxxbridge1$str$ptr + 2721732
14  chromedriver                        0x0000000103223b2c cxxbridge1$str$ptr + 2722128
15  chromedriver                        0x0000000103232cd4 cxxbridge1$str$ptr + 2783992
16  libsystem_pthread.dylib             0x0000000187e23fa8 _pthread_start + 148
17  libsystem_pthread.dylib             0x0000000187e1eda0 thread_start + 8

2025-04-10 02:00:56,243 - INFO - Found 'Show More' button with XPath: Show more
2025-04-10 02:00:58,193 - WARNING - XPath text search failed: Message: stale element reference: stale element not found in the current frame
  (Session info: chrome=135.0.7049.84); For documentation on this error, please visit: https://www.selenium.dev/documentation/webdriver/troubleshooting/errors#stale-element-reference-exception
Stacktrace:
0   chromedriver                        0x000000010323adec cxxbridge1$str$ptr + 2817040
1   chromedriver                        0x0000000103233088 cxxbridge1$str$ptr + 2784940
2   chromedriver                        0x0000000102d7a8d8 cxxbridge1$string$len + 93028
3   chromedriver                        0x0000000102d804dc cxxbridge1$string$len + 116584
4   chromedriver                        0x0000000102d82aa0 cxxbridge1$string$len + 126252
5   chromedriver                        0x0000000102e034b0 cxxbridge1$string$len + 653116
6   chromedriver                        0x0000000102e027b8 cxxbridge1$string$len + 649796
7   chromedriver                        0x0000000102db5a80 cxxbridge1$string$len + 335116
8   chromedriver                        0x00000001031ffc74 cxxbridge1$str$ptr + 2575000
9   chromedriver                        0x0000000103202f40 cxxbridge1$str$ptr + 2588004
10  chromedriver                        0x00000001031df9fc cxxbridge1$str$ptr + 2443296
11  chromedriver                        0x00000001032037bc cxxbridge1$str$ptr + 2590176
12  chromedriver                        0x00000001031d0af0 cxxbridge1$str$ptr + 2382100
13  chromedriver                        0x00000001032239a0 cxxbridge1$str$ptr + 2721732
14  chromedriver                        0x0000000103223b2c cxxbridge1$str$ptr + 2722128
15  chromedriver                        0x0000000103232cd4 cxxbridge1$str$ptr + 2783992
16  libsystem_pthread.dylib             0x0000000187e23fa8 _pthread_start + 148
17  libsystem_pthread.dylib             0x0000000187e1eda0 thread_start + 8

2025-04-10 02:01:41,224 - INFO - Found exact 'Show more' text in element: div
2025-04-10 02:01:42,395 - INFO - Clicked element with exact 'Show more' text
2025-04-10 02:01:47,242 - INFO - Successfully loaded more cards: 57 new cards
2025-04-10 02:01:47,243 - INFO - Progress: Extracted 0 startups so far
2025-04-10 02:01:49,575 - INFO - Found 210 startup cards on current view
2025-04-10 02:02:00,491 - INFO - Found 'Show More' button with selector: a:not([href*='#'])
2025-04-10 02:02:02,069 - WARNING - Error with selector a:not([href*='#']): Message: stale element reference: stale element not found in the current frame
  (Session info: chrome=135.0.7049.84); For documentation on this error, please visit: https://www.selenium.dev/documentation/webdriver/troubleshooting/errors#stale-element-reference-exception
Stacktrace:
0   chromedriver                        0x000000010323adec cxxbridge1$str$ptr + 2817040
1   chromedriver                        0x0000000103233088 cxxbridge1$str$ptr + 2784940
2   chromedriver                        0x0000000102d7a8d8 cxxbridge1$string$len + 93028
3   chromedriver                        0x0000000102d804dc cxxbridge1$string$len + 116584
4   chromedriver                        0x0000000102d82aa0 cxxbridge1$string$len + 126252
5   chromedriver                        0x0000000102e034b0 cxxbridge1$string$len + 653116
6   chromedriver                        0x0000000102e027b8 cxxbridge1$string$len + 649796
7   chromedriver                        0x0000000102db5a80 cxxbridge1$string$len + 335116
8   chromedriver                        0x00000001031ffc74 cxxbridge1$str$ptr + 2575000
9   chromedriver                        0x0000000103202f40 cxxbridge1$str$ptr + 2588004
10  chromedriver                        0x00000001031df9fc cxxbridge1$str$ptr + 2443296
11  chromedriver                        0x00000001032037bc cxxbridge1$str$ptr + 2590176
12  chromedriver                        0x00000001031d0af0 cxxbridge1$str$ptr + 2382100
13  chromedriver                        0x00000001032239a0 cxxbridge1$str$ptr + 2721732
14  chromedriver                        0x0000000103223b2c cxxbridge1$str$ptr + 2722128
15  chromedriver                        0x0000000103232cd4 cxxbridge1$str$ptr + 2783992
16  libsystem_pthread.dylib             0x0000000187e23fa8 _pthread_start + 148
17  libsystem_pthread.dylib             0x0000000187e1eda0 thread_start + 8

2025-04-10 02:02:02,120 - INFO - Found 'Show More' button with XPath: Show more
2025-04-10 02:02:03,975 - WARNING - XPath text search failed: Message: stale element reference: stale element not found in the current frame
  (Session info: chrome=135.0.7049.84); For documentation on this error, please visit: https://www.selenium.dev/documentation/webdriver/troubleshooting/errors#stale-element-reference-exception
Stacktrace:
0   chromedriver                        0x000000010323adec cxxbridge1$str$ptr + 2817040
1   chromedriver                        0x0000000103233088 cxxbridge1$str$ptr + 2784940
2   chromedriver                        0x0000000102d7a8d8 cxxbridge1$string$len + 93028
3   chromedriver                        0x0000000102d804dc cxxbridge1$string$len + 116584
4   chromedriver                        0x0000000102d82aa0 cxxbridge1$string$len + 126252
5   chromedriver                        0x0000000102e034b0 cxxbridge1$string$len + 653116
6   chromedriver                        0x0000000102e027b8 cxxbridge1$string$len + 649796
7   chromedriver                        0x0000000102db5a80 cxxbridge1$string$len + 335116
8   chromedriver                        0x00000001031ffc74 cxxbridge1$str$ptr + 2575000
9   chromedriver                        0x0000000103202f40 cxxbridge1$str$ptr + 2588004
10  chromedriver                        0x00000001031df9fc cxxbridge1$str$ptr + 2443296
11  chromedriver                        0x00000001032037bc cxxbridge1$str$ptr + 2590176
12  chromedriver                        0x00000001031d0af0 cxxbridge1$str$ptr + 2382100
13  chromedriver                        0x00000001032239a0 cxxbridge1$str$ptr + 2721732
14  chromedriver                        0x0000000103223b2c cxxbridge1$str$ptr + 2722128
15  chromedriver                        0x0000000103232cd4 cxxbridge1$str$ptr + 2783992
16  libsystem_pthread.dylib             0x0000000187e23fa8 _pthread_start + 148
17  libsystem_pthread.dylib             0x0000000187e1eda0 thread_start + 8

2025-04-10 02:02:58,641 - INFO - Found exact 'Show more' text in element: div
2025-04-10 02:03:00,129 - INFO - Clicked element with exact 'Show more' text
2025-04-10 02:03:04,562 - INFO - Successfully loaded more cards: 57 new cards
2025-04-10 02:03:04,562 - INFO - Progress: Extracted 0 startups so far
2025-04-10 02:03:07,412 - INFO - Found 267 startup cards on current view
2025-04-10 02:03:21,027 - INFO - Found 'Show More' button with selector: a:not([href*='#'])
2025-04-10 02:03:22,559 - WARNING - Error with selector a:not([href*='#']): Message: stale element reference: stale element not found in the current frame
  (Session info: chrome=135.0.7049.84); For documentation on this error, please visit: https://www.selenium.dev/documentation/webdriver/troubleshooting/errors#stale-element-reference-exception
Stacktrace:
0   chromedriver                        0x000000010323adec cxxbridge1$str$ptr + 2817040
1   chromedriver                        0x0000000103233088 cxxbridge1$str$ptr + 2784940
2   chromedriver                        0x0000000102d7a8d8 cxxbridge1$string$len + 93028
3   chromedriver                        0x0000000102d804dc cxxbridge1$string$len + 116584
4   chromedriver                        0x0000000102d82aa0 cxxbridge1$string$len + 126252
5   chromedriver                        0x0000000102e034b0 cxxbridge1$string$len + 653116
6   chromedriver                        0x0000000102e027b8 cxxbridge1$string$len + 649796
7   chromedriver                        0x0000000102db5a80 cxxbridge1$string$len + 335116
8   chromedriver                        0x00000001031ffc74 cxxbridge1$str$ptr + 2575000
9   chromedriver                        0x0000000103202f40 cxxbridge1$str$ptr + 2588004
10  chromedriver                        0x00000001031df9fc cxxbridge1$str$ptr + 2443296
11  chromedriver                        0x00000001032037bc cxxbridge1$str$ptr + 2590176
12  chromedriver                        0x00000001031d0af0 cxxbridge1$str$ptr + 2382100
13  chromedriver                        0x00000001032239a0 cxxbridge1$str$ptr + 2721732
14  chromedriver                        0x0000000103223b2c cxxbridge1$str$ptr + 2722128
15  chromedriver                        0x0000000103232cd4 cxxbridge1$str$ptr + 2783992
16  libsystem_pthread.dylib             0x0000000187e23fa8 _pthread_start + 148
17  libsystem_pthread.dylib             0x0000000187e1eda0 thread_start + 8

2025-04-10 02:03:22,579 - INFO - Found 'Show More' button with XPath: Show more
2025-04-10 02:03:24,201 - WARNING - XPath text search failed: Message: stale element reference: stale element not found in the current frame
  (Session info: chrome=135.0.7049.84); For documentation on this error, please visit: https://www.selenium.dev/documentation/webdriver/troubleshooting/errors#stale-element-reference-exception
Stacktrace:
0   chromedriver                        0x000000010323adec cxxbridge1$str$ptr + 2817040
1   chromedriver                        0x0000000103233088 cxxbridge1$str$ptr + 2784940
2   chromedriver                        0x0000000102d7a8d8 cxxbridge1$string$len + 93028
3   chromedriver                        0x0000000102d804dc cxxbridge1$string$len + 116584
4   chromedriver                        0x0000000102d82aa0 cxxbridge1$string$len + 126252
5   chromedriver                        0x0000000102e034b0 cxxbridge1$string$len + 653116
6   chromedriver                        0x0000000102e027b8 cxxbridge1$string$len + 649796
7   chromedriver                        0x0000000102db5a80 cxxbridge1$string$len + 335116
8   chromedriver                        0x00000001031ffc74 cxxbridge1$str$ptr + 2575000
9   chromedriver                        0x0000000103202f40 cxxbridge1$str$ptr + 2588004
10  chromedriver                        0x00000001031df9fc cxxbridge1$str$ptr + 2443296
11  chromedriver                        0x00000001032037bc cxxbridge1$str$ptr + 2590176
12  chromedriver                        0x00000001031d0af0 cxxbridge1$str$ptr + 2382100
13  chromedriver                        0x00000001032239a0 cxxbridge1$str$ptr + 2721732
14  chromedriver                        0x0000000103223b2c cxxbridge1$str$ptr + 2722128
15  chromedriver                        0x0000000103232cd4 cxxbridge1$str$ptr + 2783992
16  libsystem_pthread.dylib             0x0000000187e23fa8 _pthread_start + 148
17  libsystem_pthread.dylib             0x0000000187e1eda0 thread_start + 8

2025-04-10 02:04:37,033 - INFO - Found exact 'Show more' text in element: div
2025-04-10 02:04:38,862 - INFO - Clicked element with exact 'Show more' text
2025-04-10 02:04:43,237 - INFO - Successfully loaded more cards: 38 new cards
2025-04-10 02:04:43,243 - INFO - Progress: Extracted 0 startups so far
2025-04-10 02:04:45,073 - INFO - Found 305 startup cards on current view
2025-04-10 02:05:04,855 - INFO - Found 'Show More' button with selector: a:not([href*='#'])
2025-04-10 02:05:07,815 - INFO - Clicked 'Show More' button with JavaScript
2025-04-10 02:05:12,580 - WARNING - Clicked 'Load More' but no new cards appeared
2025-04-10 02:05:12,581 - INFO - === DEBUG: Page Elements Analysis ===
2025-04-10 02:05:12,587 - INFO - Found 9 button elements
2025-04-10 02:05:12,609 - INFO - Button 1: Text='Subscribe', Displayed=True
2025-04-10 02:05:12,619 - INFO - Button 2: Text='', Displayed=False
2025-04-10 02:05:12,671 - INFO - Button 3: Text='Any industry', Displayed=True
2025-04-10 02:05:12,681 - INFO - Button 4: Text='Any size', Displayed=True
2025-04-10 02:05:12,692 - INFO - Button 5: Text='Any year', Displayed=True
2025-04-10 02:05:12,704 - INFO - Found 177 anchor elements
2025-04-10 02:05:12,716 - INFO - Link 1: Text='Subscribe', Href='https://topstartups.substack.com/', Displayed=True
2025-04-10 02:05:12,725 - INFO - Link 2: Text='Add Startup', Href='https://airtable.com/shrxE33nk4Qfzx2K9', Displayed=True
2025-04-10 02:05:12,737 - INFO - Link 3: Text='Salary/Equity', Href='https://topstartups.io/startup-salary-equity-database/', Displayed=True
2025-04-10 02:05:12,747 - INFO - Link 4: Text='Jobs', Href='https://topstartups.io/jobs/', Displayed=True
2025-04-10 02:05:12,758 - INFO - Link 5: Text='Startups', Href='https://topstartups.io/', Displayed=True
2025-04-10 02:05:12,779 - INFO - Found 0 elements containing text 'show more'
2025-04-10 02:05:12,794 - INFO - Found 1 elements containing text 'Show more'
2025-04-10 02:05:12,804 - INFO - Found 0 elements containing text 'load more'
2025-04-10 02:05:12,811 - INFO - Found 0 elements containing text 'Load more'
2025-04-10 02:05:13,971 - INFO - Saved debug screenshot to debug_screenshot.png
2025-04-10 02:05:13,972 - INFO - === End of Debug Analysis ===
2025-04-10 02:05:13,973 - INFO - Progress: Extracted 0 startups so far
2025-04-10 02:05:15,304 - INFO - Found 20 startup cards on current view
2025-04-10 02:05:20,029 - INFO - Found 'Show More' button with selector: a:not([href*='#'])
2025-04-10 02:05:22,885 - INFO - Clicked 'Show More' button with JavaScript
2025-04-10 02:05:27,593 - WARNING - Clicked 'Load More' but no new cards appeared
2025-04-10 02:05:27,594 - INFO - === DEBUG: Page Elements Analysis ===
2025-04-10 02:05:27,597 - INFO - Found 9 button elements
2025-04-10 02:05:27,605 - INFO - Button 1: Text='Subscribe', Displayed=True
2025-04-10 02:05:27,611 - INFO - Button 2: Text='', Displayed=False
2025-04-10 02:05:27,618 - INFO - Button 3: Text='Any industry', Displayed=True
2025-04-10 02:05:27,624 - INFO - Button 4: Text='Any size', Displayed=True
2025-04-10 02:05:27,631 - INFO - Button 5: Text='Any year', Displayed=True
2025-04-10 02:05:27,640 - INFO - Found 177 anchor elements
2025-04-10 02:05:27,654 - INFO - Link 1: Text='Subscribe', Href='https://topstartups.substack.com/', Displayed=True
2025-04-10 02:05:27,662 - INFO - Link 2: Text='Add Startup', Href='https://airtable.com/shrxE33nk4Qfzx2K9', Displayed=True
2025-04-10 02:05:27,670 - INFO - Link 3: Text='Salary/Equity', Href='https://topstartups.io/startup-salary-equity-database/', Displayed=True
2025-04-10 02:05:27,696 - INFO - Link 4: Text='Jobs', Href='https://topstartups.io/jobs/', Displayed=True
2025-04-10 02:05:27,718 - INFO - Link 5: Text='Startups', Href='https://topstartups.io/', Displayed=True
2025-04-10 02:05:27,723 - INFO - Found 0 elements containing text 'show more'
2025-04-10 02:05:27,728 - INFO - Found 1 elements containing text 'Show more'
2025-04-10 02:05:27,739 - INFO - Found 0 elements containing text 'load more'
2025-04-10 02:05:27,748 - INFO - Found 0 elements containing text 'Load more'
2025-04-10 02:05:28,492 - INFO - Saved debug screenshot to debug_screenshot.png
2025-04-10 02:05:28,495 - INFO - === End of Debug Analysis ===
2025-04-10 02:05:28,496 - INFO - Progress: Extracted 0 startups so far
2025-04-10 02:05:31,441 - INFO - Found 39 startup cards on current view
2025-04-10 02:05:34,103 - INFO - Found 'Show More' button with selector: a:not([href*='#'])
2025-04-10 02:05:37,078 - INFO - Clicked 'Show More' button with JavaScript
2025-04-10 02:05:41,197 - WARNING - Clicked 'Load More' but no new cards appeared
2025-04-10 02:05:41,197 - INFO - === DEBUG: Page Elements Analysis ===
2025-04-10 02:05:41,203 - INFO - Found 9 button elements
2025-04-10 02:05:41,215 - INFO - Button 1: Text='Subscribe', Displayed=True
2025-04-10 02:05:41,226 - INFO - Button 2: Text='', Displayed=False
2025-04-10 02:05:41,235 - INFO - Button 3: Text='Any industry', Displayed=True
2025-04-10 02:05:41,259 - INFO - Button 4: Text='Any size', Displayed=True
2025-04-10 02:05:41,270 - INFO - Button 5: Text='Any year', Displayed=True
2025-04-10 02:05:41,281 - INFO - Found 177 anchor elements
2025-04-10 02:05:41,295 - INFO - Link 1: Text='Subscribe', Href='https://topstartups.substack.com/', Displayed=True
2025-04-10 02:05:41,317 - INFO - Link 2: Text='Add Startup', Href='https://airtable.com/shrxE33nk4Qfzx2K9', Displayed=True
2025-04-10 02:05:41,326 - INFO - Link 3: Text='Salary/Equity', Href='https://topstartups.io/startup-salary-equity-database/', Displayed=True
2025-04-10 02:05:41,335 - INFO - Link 4: Text='Jobs', Href='https://topstartups.io/jobs/', Displayed=True
2025-04-10 02:05:41,344 - INFO - Link 5: Text='Startups', Href='https://topstartups.io/', Displayed=True
2025-04-10 02:05:41,349 - INFO - Found 0 elements containing text 'show more'
2025-04-10 02:05:41,355 - INFO - Found 1 elements containing text 'Show more'
2025-04-10 02:05:41,360 - INFO - Found 0 elements containing text 'load more'
2025-04-10 02:05:41,366 - INFO - Found 0 elements containing text 'Load more'
2025-04-10 02:05:42,022 - INFO - Saved debug screenshot to debug_screenshot.png
2025-04-10 02:05:42,023 - INFO - === End of Debug Analysis ===
2025-04-10 02:05:42,028 - INFO - Progress: Extracted 0 startups so far
2025-04-10 02:05:43,715 - INFO - Found 20 startup cards on current view
2025-04-10 02:05:45,775 - INFO - Found 'Show More' button with selector: a:not([href*='#'])
2025-04-10 02:05:47,207 - INFO - Clicked 'Show More' button with direct click
2025-04-10 02:05:51,984 - INFO - Successfully loaded more cards: 19 new cards
2025-04-10 02:05:51,985 - INFO - Progress: Extracted 0 startups so far
2025-04-10 02:05:54,382 - INFO - Found 39 startup cards on current view
2025-04-10 02:05:57,051 - INFO - Found 'Show More' button with selector: a:not([href*='#'])
2025-04-10 02:06:00,322 - INFO - Clicked 'Show More' button with JavaScript
2025-04-10 02:06:04,970 - WARNING - Clicked 'Load More' but no new cards appeared
2025-04-10 02:06:04,971 - INFO - === DEBUG: Page Elements Analysis ===
2025-04-10 02:06:04,976 - INFO - Found 9 button elements
2025-04-10 02:06:04,983 - INFO - Button 1: Text='Subscribe', Displayed=True
2025-04-10 02:06:04,989 - INFO - Button 2: Text='', Displayed=False
2025-04-10 02:06:04,997 - INFO - Button 3: Text='Any industry', Displayed=True
2025-04-10 02:06:05,015 - INFO - Button 4: Text='Any size', Displayed=True
2025-04-10 02:06:05,024 - INFO - Button 5: Text='Any year', Displayed=True
2025-04-10 02:06:05,034 - INFO - Found 169 anchor elements
2025-04-10 02:06:05,049 - INFO - Link 1: Text='Subscribe', Href='https://topstartups.substack.com/', Displayed=True
2025-04-10 02:06:05,059 - INFO - Link 2: Text='Add Startup', Href='https://airtable.com/shrxE33nk4Qfzx2K9', Displayed=True
2025-04-10 02:06:05,067 - INFO - Link 3: Text='Salary/Equity', Href='https://topstartups.io/startup-salary-equity-database/', Displayed=True
2025-04-10 02:06:05,074 - INFO - Link 4: Text='Jobs', Href='https://topstartups.io/jobs/', Displayed=True
2025-04-10 02:06:05,083 - INFO - Link 5: Text='Startups', Href='https://topstartups.io/', Displayed=True
2025-04-10 02:06:05,088 - INFO - Found 0 elements containing text 'show more'
2025-04-10 02:06:05,093 - INFO - Found 1 elements containing text 'Show more'
2025-04-10 02:06:05,099 - INFO - Found 0 elements containing text 'load more'
2025-04-10 02:06:05,104 - INFO - Found 0 elements containing text 'Load more'
2025-04-10 02:06:05,685 - INFO - Saved debug screenshot to debug_screenshot.png
2025-04-10 02:06:05,686 - INFO - === End of Debug Analysis ===
2025-04-10 02:06:05,686 - INFO - Progress: Extracted 0 startups so far
2025-04-10 02:06:08,013 - INFO - Found 20 startup cards on current view
2025-04-10 02:06:09,835 - INFO - Found 'Show More' button with selector: a:not([href*='#'])
2025-04-10 02:06:12,170 - INFO - Clicked 'Show More' button with JavaScript
2025-04-10 02:06:16,923 - WARNING - Clicked 'Load More' but no new cards appeared
2025-04-10 02:06:16,924 - INFO - === DEBUG: Page Elements Analysis ===
2025-04-10 02:06:16,928 - INFO - Found 9 button elements
2025-04-10 02:06:16,935 - INFO - Button 1: Text='Subscribe', Displayed=True
2025-04-10 02:06:16,941 - INFO - Button 2: Text='', Displayed=False
2025-04-10 02:06:16,948 - INFO - Button 3: Text='Any industry', Displayed=True
2025-04-10 02:06:16,954 - INFO - Button 4: Text='Any size', Displayed=True
2025-04-10 02:06:16,962 - INFO - Button 5: Text='Any year', Displayed=True
2025-04-10 02:06:16,974 - INFO - Found 169 anchor elements
2025-04-10 02:06:16,985 - INFO - Link 1: Text='Subscribe', Href='https://topstartups.substack.com/', Displayed=True
2025-04-10 02:06:16,994 - INFO - Link 2: Text='Add Startup', Href='https://airtable.com/shrxE33nk4Qfzx2K9', Displayed=True
2025-04-10 02:06:17,003 - INFO - Link 3: Text='Salary/Equity', Href='https://topstartups.io/startup-salary-equity-database/', Displayed=True
2025-04-10 02:06:17,013 - INFO - Link 4: Text='Jobs', Href='https://topstartups.io/jobs/', Displayed=True
2025-04-10 02:06:17,025 - INFO - Link 5: Text='Startups', Href='https://topstartups.io/', Displayed=True
2025-04-10 02:06:17,029 - INFO - Found 0 elements containing text 'show more'
2025-04-10 02:06:17,033 - INFO - Found 1 elements containing text 'Show more'
2025-04-10 02:06:17,037 - INFO - Found 0 elements containing text 'load more'
2025-04-10 02:06:17,041 - INFO - Found 0 elements containing text 'Load more'
2025-04-10 02:06:18,079 - INFO - Saved debug screenshot to debug_screenshot.png
2025-04-10 02:06:18,085 - INFO - === End of Debug Analysis ===
2025-04-10 02:06:18,085 - INFO - Progress: Extracted 0 startups so far
2025-04-10 02:06:19,269 - INFO - Found 39 startup cards on current view
2025-04-10 02:06:24,593 - INFO - Found 'Show More' button with selector: a:not([href*='#'])
2025-04-10 02:06:27,998 - INFO - Clicked 'Show More' button with JavaScript
2025-04-10 02:06:32,753 - WARNING - Clicked 'Load More' but no new cards appeared
2025-04-10 02:06:32,754 - INFO - === DEBUG: Page Elements Analysis ===
2025-04-10 02:06:32,758 - INFO - Found 9 button elements
2025-04-10 02:06:32,766 - INFO - Button 1: Text='Subscribe', Displayed=True
2025-04-10 02:06:32,772 - INFO - Button 2: Text='', Displayed=False
2025-04-10 02:06:32,779 - INFO - Button 3: Text='Any industry', Displayed=True
2025-04-10 02:06:32,786 - INFO - Button 4: Text='Any size', Displayed=True
2025-04-10 02:06:32,793 - INFO - Button 5: Text='Any year', Displayed=True
2025-04-10 02:06:32,801 - INFO - Found 176 anchor elements
2025-04-10 02:06:32,812 - INFO - Link 1: Text='Subscribe', Href='https://topstartups.substack.com/', Displayed=True
2025-04-10 02:06:32,821 - INFO - Link 2: Text='Add Startup', Href='https://airtable.com/shrxE33nk4Qfzx2K9', Displayed=True
2025-04-10 02:06:32,829 - INFO - Link 3: Text='Salary/Equity', Href='https://topstartups.io/startup-salary-equity-database/', Displayed=True
2025-04-10 02:06:32,838 - INFO - Link 4: Text='Jobs', Href='https://topstartups.io/jobs/', Displayed=True
2025-04-10 02:06:32,847 - INFO - Link 5: Text='Startups', Href='https://topstartups.io/', Displayed=True
2025-04-10 02:06:32,850 - INFO - Found 0 elements containing text 'show more'
2025-04-10 02:06:32,854 - INFO - Found 1 elements containing text 'Show more'
2025-04-10 02:06:32,857 - INFO - Found 0 elements containing text 'load more'
2025-04-10 02:06:32,861 - INFO - Found 0 elements containing text 'Load more'
2025-04-10 02:06:33,149 - INFO - Saved debug screenshot to debug_screenshot.png
2025-04-10 02:06:33,152 - INFO - === End of Debug Analysis ===
2025-04-10 02:06:33,152 - INFO - Progress: Extracted 0 startups so far
2025-04-10 02:06:35,500 - INFO - Found 20 startup cards on current view
2025-04-10 02:06:37,095 - INFO - Found 'Show More' button with selector: a:not([href*='#'])
2025-04-10 02:06:38,493 - INFO - Clicked 'Show More' button with direct click
2025-04-10 02:06:42,565 - INFO - Successfully loaded more cards: 19 new cards
2025-04-10 02:06:42,565 - INFO - Progress: Extracted 0 startups so far
2025-04-10 02:06:45,308 - INFO - Found 39 startup cards on current view
2025-04-10 02:06:48,512 - INFO - Found 'Show More' button with selector: a:not([href*='#'])
2025-04-10 02:06:51,971 - INFO - Clicked 'Show More' button with JavaScript
2025-04-10 02:06:56,127 - WARNING - Clicked 'Load More' but no new cards appeared
2025-04-10 02:06:56,127 - INFO - === DEBUG: Page Elements Analysis ===
2025-04-10 02:06:56,133 - INFO - Found 9 button elements
2025-04-10 02:06:56,141 - INFO - Button 1: Text='Subscribe', Displayed=True
2025-04-10 02:06:56,148 - INFO - Button 2: Text='', Displayed=False
2025-04-10 02:06:56,155 - INFO - Button 3: Text='Any industry', Displayed=True
2025-04-10 02:06:56,165 - INFO - Button 4: Text='Any size', Displayed=True
2025-04-10 02:06:56,173 - INFO - Button 5: Text='Any year', Displayed=True
2025-04-10 02:06:56,182 - INFO - Found 176 anchor elements
2025-04-10 02:06:56,191 - INFO - Link 1: Text='Subscribe', Href='https://topstartups.substack.com/', Displayed=True
2025-04-10 02:06:56,199 - INFO - Link 2: Text='Add Startup', Href='https://airtable.com/shrxE33nk4Qfzx2K9', Displayed=True
2025-04-10 02:06:56,208 - INFO - Link 3: Text='Salary/Equity', Href='https://topstartups.io/startup-salary-equity-database/', Displayed=True
2025-04-10 02:06:56,217 - INFO - Link 4: Text='Jobs', Href='https://topstartups.io/jobs/', Displayed=True
2025-04-10 02:06:56,225 - INFO - Link 5: Text='Startups', Href='https://topstartups.io/', Displayed=True
2025-04-10 02:06:56,235 - INFO - Found 0 elements containing text 'show more'
2025-04-10 02:06:56,242 - INFO - Found 1 elements containing text 'Show more'
2025-04-10 02:06:56,248 - INFO - Found 0 elements containing text 'load more'
2025-04-10 02:06:56,269 - INFO - Found 0 elements containing text 'Load more'
2025-04-10 02:06:56,670 - INFO - Saved debug screenshot to debug_screenshot.png
2025-04-10 02:06:56,670 - INFO - === End of Debug Analysis ===
2025-04-10 02:06:56,672 - INFO - Progress: Extracted 0 startups so far
2025-04-10 02:06:59,221 - INFO - Found 20 startup cards on current view
2025-04-10 02:07:01,375 - INFO - Found 'Show More' button with selector: a:not([href*='#'])
2025-04-10 02:07:03,722 - INFO - Clicked 'Show More' button with JavaScript
2025-04-10 02:07:08,072 - WARNING - Clicked 'Load More' but no new cards appeared
2025-04-10 02:07:08,072 - INFO - === DEBUG: Page Elements Analysis ===
2025-04-10 02:07:08,079 - INFO - Found 9 button elements
2025-04-10 02:07:08,089 - INFO - Button 1: Text='Subscribe', Displayed=True
2025-04-10 02:07:08,112 - INFO - Button 2: Text='', Displayed=False
2025-04-10 02:07:08,121 - INFO - Button 3: Text='Any industry', Displayed=True
2025-04-10 02:07:08,129 - INFO - Button 4: Text='Any size', Displayed=True
2025-04-10 02:07:08,139 - INFO - Button 5: Text='Any year', Displayed=True
2025-04-10 02:07:08,154 - INFO - Found 176 anchor elements
2025-04-10 02:07:08,165 - INFO - Link 1: Text='Subscribe', Href='https://topstartups.substack.com/', Displayed=True
2025-04-10 02:07:08,174 - INFO - Link 2: Text='Add Startup', Href='https://airtable.com/shrxE33nk4Qfzx2K9', Displayed=True
2025-04-10 02:07:08,181 - INFO - Link 3: Text='Salary/Equity', Href='https://topstartups.io/startup-salary-equity-database/', Displayed=True
2025-04-10 02:07:08,189 - INFO - Link 4: Text='Jobs', Href='https://topstartups.io/jobs/', Displayed=True
2025-04-10 02:07:08,198 - INFO - Link 5: Text='Startups', Href='https://topstartups.io/', Displayed=True
2025-04-10 02:07:08,202 - INFO - Found 0 elements containing text 'show more'
2025-04-10 02:07:08,205 - INFO - Found 1 elements containing text 'Show more'
2025-04-10 02:07:08,208 - INFO - Found 0 elements containing text 'load more'
2025-04-10 02:07:08,212 - INFO - Found 0 elements containing text 'Load more'
2025-04-10 02:07:09,062 - INFO - Saved debug screenshot to debug_screenshot.png
2025-04-10 02:07:09,065 - INFO - === End of Debug Analysis ===
2025-04-10 02:07:09,066 - INFO - Progress: Extracted 0 startups so far
2025-04-10 02:07:11,871 - INFO - Found 39 startup cards on current view
2025-04-10 02:07:14,443 - INFO - Found 'Show More' button with selector: a:not([href*='#'])
2025-04-10 02:07:17,245 - INFO - Clicked 'Show More' button with JavaScript
2025-04-10 02:07:21,306 - WARNING - Clicked 'Load More' but no new cards appeared
2025-04-10 02:07:21,307 - INFO - === DEBUG: Page Elements Analysis ===
2025-04-10 02:07:21,312 - INFO - Found 9 button elements
2025-04-10 02:07:21,329 - INFO - Button 1: Text='Subscribe', Displayed=True
2025-04-10 02:07:21,338 - INFO - Button 2: Text='', Displayed=False
2025-04-10 02:07:21,348 - INFO - Button 3: Text='Any industry', Displayed=True
2025-04-10 02:07:21,356 - INFO - Button 4: Text='Any size', Displayed=True
2025-04-10 02:07:21,363 - INFO - Button 5: Text='Any year', Displayed=True
2025-04-10 02:07:21,372 - INFO - Found 173 anchor elements
2025-04-10 02:07:21,382 - INFO - Link 1: Text='Subscribe', Href='https://topstartups.substack.com/', Displayed=True
2025-04-10 02:07:21,391 - INFO - Link 2: Text='Add Startup', Href='https://airtable.com/shrxE33nk4Qfzx2K9', Displayed=True
2025-04-10 02:07:21,398 - INFO - Link 3: Text='Salary/Equity', Href='https://topstartups.io/startup-salary-equity-database/', Displayed=True
2025-04-10 02:07:21,406 - INFO - Link 4: Text='Jobs', Href='https://topstartups.io/jobs/', Displayed=True
2025-04-10 02:07:21,440 - INFO - Link 5: Text='Startups', Href='https://topstartups.io/', Displayed=True
2025-04-10 02:07:21,457 - INFO - Found 0 elements containing text 'show more'
2025-04-10 02:07:21,472 - INFO - Found 1 elements containing text 'Show more'
2025-04-10 02:07:21,479 - INFO - Found 0 elements containing text 'load more'
2025-04-10 02:07:21,487 - INFO - Found 0 elements containing text 'Load more'
2025-04-10 02:07:22,022 - INFO - Saved debug screenshot to debug_screenshot.png
2025-04-10 02:07:22,030 - INFO - === End of Debug Analysis ===
2025-04-10 02:07:22,035 - INFO - Progress: Extracted 0 startups so far
2025-04-10 02:07:25,108 - INFO - Found 20 startup cards on current view
2025-04-10 02:07:26,743 - INFO - Found 'Show More' button with selector: a:not([href*='#'])
2025-04-10 02:07:29,212 - INFO - Clicked 'Show More' button with JavaScript
2025-04-10 02:07:33,650 - WARNING - Clicked 'Load More' but no new cards appeared
2025-04-10 02:07:33,650 - INFO - === DEBUG: Page Elements Analysis ===
2025-04-10 02:07:33,654 - INFO - Found 9 button elements
2025-04-10 02:07:33,661 - INFO - Button 1: Text='Subscribe', Displayed=True
2025-04-10 02:07:33,668 - INFO - Button 2: Text='', Displayed=False
2025-04-10 02:07:33,675 - INFO - Button 3: Text='Any industry', Displayed=True
2025-04-10 02:07:33,682 - INFO - Button 4: Text='Any size', Displayed=True
2025-04-10 02:07:33,688 - INFO - Button 5: Text='Any year', Displayed=True
2025-04-10 02:07:33,695 - INFO - Found 173 anchor elements
2025-04-10 02:07:33,704 - INFO - Link 1: Text='Subscribe', Href='https://topstartups.substack.com/', Displayed=True
2025-04-10 02:07:33,713 - INFO - Link 2: Text='Add Startup', Href='https://airtable.com/shrxE33nk4Qfzx2K9', Displayed=True
2025-04-10 02:07:33,722 - INFO - Link 3: Text='Salary/Equity', Href='https://topstartups.io/startup-salary-equity-database/', Displayed=True
2025-04-10 02:07:33,730 - INFO - Link 4: Text='Jobs', Href='https://topstartups.io/jobs/', Displayed=True
2025-04-10 02:07:33,739 - INFO - Link 5: Text='Startups', Href='https://topstartups.io/', Displayed=True
2025-04-10 02:07:33,743 - INFO - Found 0 elements containing text 'show more'
2025-04-10 02:07:33,746 - INFO - Found 1 elements containing text 'Show more'
2025-04-10 02:07:33,750 - INFO - Found 0 elements containing text 'load more'
2025-04-10 02:07:33,753 - INFO - Found 0 elements containing text 'Load more'
2025-04-10 02:07:34,727 - INFO - Saved debug screenshot to debug_screenshot.png
2025-04-10 02:07:34,750 - INFO - === End of Debug Analysis ===
2025-04-10 02:07:34,758 - INFO - Progress: Extracted 0 startups so far
2025-04-10 02:07:36,484 - INFO - Found 39 startup cards on current view
2025-04-10 02:07:40,870 - INFO - Found 'Show More' button with selector: a:not([href*='#'])
2025-04-10 02:07:43,921 - INFO - Clicked 'Show More' button with JavaScript
2025-04-10 02:07:48,407 - WARNING - Clicked 'Load More' but no new cards appeared
2025-04-10 02:07:48,408 - INFO - === DEBUG: Page Elements Analysis ===
2025-04-10 02:07:48,414 - INFO - Found 9 button elements
2025-04-10 02:07:48,423 - INFO - Button 1: Text='Subscribe', Displayed=True
2025-04-10 02:07:48,430 - INFO - Button 2: Text='', Displayed=False
2025-04-10 02:07:48,436 - INFO - Button 3: Text='Any industry', Displayed=True
2025-04-10 02:07:48,458 - INFO - Button 4: Text='Any size', Displayed=True
2025-04-10 02:07:48,473 - INFO - Button 5: Text='Any year', Displayed=True
2025-04-10 02:07:48,483 - INFO - Found 173 anchor elements
2025-04-10 02:07:48,495 - INFO - Link 1: Text='Subscribe', Href='https://topstartups.substack.com/', Displayed=True
2025-04-10 02:07:48,517 - INFO - Link 2: Text='Add Startup', Href='https://airtable.com/shrxE33nk4Qfzx2K9', Displayed=True
2025-04-10 02:07:48,525 - INFO - Link 3: Text='Salary/Equity', Href='https://topstartups.io/startup-salary-equity-database/', Displayed=True
2025-04-10 02:07:48,533 - INFO - Link 4: Text='Jobs', Href='https://topstartups.io/jobs/', Displayed=True
2025-04-10 02:07:48,541 - INFO - Link 5: Text='Startups', Href='https://topstartups.io/', Displayed=True
2025-04-10 02:07:48,547 - INFO - Found 0 elements containing text 'show more'
2025-04-10 02:07:48,552 - INFO - Found 1 elements containing text 'Show more'
2025-04-10 02:07:48,558 - INFO - Found 0 elements containing text 'load more'
2025-04-10 02:07:48,563 - INFO - Found 0 elements containing text 'Load more'
2025-04-10 02:07:49,211 - INFO - Saved debug screenshot to debug_screenshot.png
2025-04-10 02:07:49,211 - INFO - === End of Debug Analysis ===
2025-04-10 02:07:49,211 - INFO - Progress: Extracted 0 startups so far
2025-04-10 02:07:50,742 - INFO - Found 20 startup cards on current view
2025-04-10 02:07:55,924 - INFO - Found 'Show More' button with selector: a:not([href*='#'])
2025-04-10 02:07:59,015 - INFO - Clicked 'Show More' button with JavaScript
2025-04-10 02:08:03,122 - WARNING - Clicked 'Load More' but no new cards appeared
2025-04-10 02:08:03,123 - INFO - === DEBUG: Page Elements Analysis ===
2025-04-10 02:08:03,130 - INFO - Found 9 button elements
2025-04-10 02:08:03,141 - INFO - Button 1: Text='Subscribe', Displayed=True
2025-04-10 02:08:03,152 - INFO - Button 2: Text='', Displayed=False
2025-04-10 02:08:03,165 - INFO - Button 3: Text='Any industry', Displayed=True
2025-04-10 02:08:03,175 - INFO - Button 4: Text='Any size', Displayed=True
2025-04-10 02:08:03,182 - INFO - Button 5: Text='Any year', Displayed=True
2025-04-10 02:08:03,191 - INFO - Found 173 anchor elements
2025-04-10 02:08:03,203 - INFO - Link 1: Text='Subscribe', Href='https://topstartups.substack.com/', Displayed=True
2025-04-10 02:08:03,213 - INFO - Link 2: Text='Add Startup', Href='https://airtable.com/shrxE33nk4Qfzx2K9', Displayed=True
2025-04-10 02:08:03,222 - INFO - Link 3: Text='Salary/Equity', Href='https://topstartups.io/startup-salary-equity-database/', Displayed=True
2025-04-10 02:08:03,232 - INFO - Link 4: Text='Jobs', Href='https://topstartups.io/jobs/', Displayed=True
2025-04-10 02:08:03,242 - INFO - Link 5: Text='Startups', Href='https://topstartups.io/', Displayed=True
2025-04-10 02:08:03,247 - INFO - Found 0 elements containing text 'show more'
2025-04-10 02:08:03,252 - INFO - Found 1 elements containing text 'Show more'
2025-04-10 02:08:03,255 - INFO - Found 0 elements containing text 'load more'
2025-04-10 02:08:03,258 - INFO - Found 0 elements containing text 'Load more'
2025-04-10 02:08:04,207 - INFO - Saved debug screenshot to debug_screenshot.png
2025-04-10 02:08:04,211 - INFO - === End of Debug Analysis ===
2025-04-10 02:08:04,211 - INFO - Progress: Extracted 0 startups so far
2025-04-10 02:08:06,508 - INFO - Found 39 startup cards on current view
2025-04-10 02:08:11,001 - INFO - Found 'Show More' button with selector: a:not([href*='#'])
2025-04-10 02:08:14,039 - INFO - Clicked 'Show More' button with JavaScript
2025-04-10 02:08:18,151 - WARNING - Clicked 'Load More' but no new cards appeared
2025-04-10 02:08:18,152 - INFO - === DEBUG: Page Elements Analysis ===
2025-04-10 02:08:18,156 - INFO - Found 9 button elements
2025-04-10 02:08:18,184 - INFO - Button 1: Text='Subscribe', Displayed=True
2025-04-10 02:08:18,191 - INFO - Button 2: Text='', Displayed=False
2025-04-10 02:08:18,199 - INFO - Button 3: Text='Any industry', Displayed=True
2025-04-10 02:08:18,207 - INFO - Button 4: Text='Any size', Displayed=True
2025-04-10 02:08:18,214 - INFO - Button 5: Text='Any year', Displayed=True
2025-04-10 02:08:18,220 - INFO - Found 83 anchor elements
2025-04-10 02:08:18,230 - INFO - Link 1: Text='Subscribe', Href='https://topstartups.substack.com/', Displayed=True
2025-04-10 02:08:18,239 - INFO - Link 2: Text='Add Startup', Href='https://airtable.com/shrxE33nk4Qfzx2K9', Displayed=True
2025-04-10 02:08:18,247 - INFO - Link 3: Text='Salary/Equity', Href='https://topstartups.io/startup-salary-equity-database/', Displayed=True
2025-04-10 02:08:18,284 - INFO - Link 4: Text='Jobs', Href='https://topstartups.io/jobs/', Displayed=True
2025-04-10 02:08:18,307 - INFO - Link 5: Text='Startups', Href='https://topstartups.io/', Displayed=True
2025-04-10 02:08:18,315 - INFO - Found 0 elements containing text 'show more'
2025-04-10 02:08:18,324 - INFO - Found 0 elements containing text 'Show more'
2025-04-10 02:08:18,329 - INFO - Found 0 elements containing text 'load more'
2025-04-10 02:08:18,334 - INFO - Found 0 elements containing text 'Load more'
2025-04-10 02:08:18,731 - INFO - Saved debug screenshot to debug_screenshot.png
2025-04-10 02:08:18,732 - INFO - === End of Debug Analysis ===
2025-04-10 02:08:18,732 - INFO - Progress: Extracted 0 startups so far
2025-04-10 02:08:20,629 - INFO - Found 7 startup cards on current view
2025-04-10 02:08:29,383 - INFO - No 'Load More' button found or button not clickable. Scrolling down...
2025-04-10 02:08:29,384 - INFO - No 'Load More' button found or button not clickable. Scrolling down...
2025-04-10 02:08:36,290 - INFO - Progress: Extracted 0 startups so far
2025-04-10 02:08:38,591 - INFO - Found 7 startup cards on current view
2025-04-10 02:08:42,174 - INFO - No 'Load More' button found or button not clickable. Scrolling down...
2025-04-10 02:08:42,175 - INFO - No 'Load More' button found or button not clickable. Scrolling down...
2025-04-10 02:08:50,014 - INFO - Progress: Extracted 0 startups so far
2025-04-10 02:08:52,337 - INFO - Found 7 startup cards on current view
2025-04-10 02:08:55,922 - INFO - No 'Load More' button found or button not clickable. Scrolling down...
2025-04-10 02:08:55,922 - INFO - No 'Load More' button found or button not clickable. Scrolling down...
2025-04-10 02:09:07,056 - INFO - Progress: Extracted 0 startups so far
2025-04-10 02:09:10,002 - INFO - Found 7 startup cards on current view
2025-04-10 02:09:13,657 - INFO - No 'Load More' button found or button not clickable. Scrolling down...
2025-04-10 02:09:13,658 - INFO - No 'Load More' button found or button not clickable. Scrolling down...
2025-04-10 02:09:18,149 - INFO - Reached the bottom of the page
2025-04-10 02:09:18,149 - INFO - Progress: Extracted 0 startups so far
2025-04-10 02:09:20,049 - INFO - Found 7 startup cards on current view
2025-04-10 02:09:25,623 - INFO - No 'Load More' button found or button not clickable. Scrolling down...
2025-04-10 02:09:25,623 - INFO - No 'Load More' button found or button not clickable. Scrolling down...
2025-04-10 02:09:28,140 - INFO - Reached the bottom of the page
2025-04-10 02:09:28,140 - WARNING - Made 5 attempts to load more content without success. Stopping.
2025-04-10 02:09:28,140 - INFO - Extraction complete. Total startups extracted: 0
2025-04-10 02:09:28,141 - WARNING - No startups to save
2025-04-10 02:09:28,291 - INFO - WebDriver closed successfully
2025-04-10 02:31:33,001 - INFO - Initializing TopStartups.io scraper
2025-04-10 02:31:33,001 - INFO - ====== WebDriver manager ======
2025-04-10 02:31:33,147 - INFO - Get LATEST chromedriver version for google-chrome
2025-04-10 02:31:33,190 - INFO - Get LATEST chromedriver version for google-chrome
2025-04-10 02:31:33,223 - INFO - Driver [/Users/hk/.wdm/drivers/chromedriver/mac64/135.0.7049.84/chromedriver-mac-arm64/chromedriver] found in cache
2025-04-10 02:31:35,103 - INFO - Navigating to: https://topstartups.io/?hq_location=San+Francisco+Bay+Area&sort=funding
2025-04-10 02:31:39,273 - INFO - Page loaded successfully
2025-04-10 02:31:39,274 - INFO - Beginning startup extraction
2025-04-10 02:31:39,275 - INFO - === DEBUG: Page Elements Analysis ===
2025-04-10 02:31:39,299 - INFO - Found 9 button elements
2025-04-10 02:31:39,317 - INFO - Button 1: Text='Subscribe', Displayed=True
2025-04-10 02:31:39,329 - INFO - Button 2: Text='', Displayed=False
2025-04-10 02:31:39,337 - INFO - Button 3: Text='Any industry', Displayed=True
2025-04-10 02:31:39,347 - INFO - Button 4: Text='Any size', Displayed=True
2025-04-10 02:31:39,354 - INFO - Button 5: Text='Any year', Displayed=True
2025-04-10 02:31:39,367 - INFO - Found 163 anchor elements
2025-04-10 02:31:39,381 - INFO - Link 1: Text='Subscribe', Href='https://topstartups.substack.com/', Displayed=True
2025-04-10 02:31:39,389 - INFO - Link 2: Text='Add Startup', Href='https://airtable.com/shrxE33nk4Qfzx2K9', Displayed=True
2025-04-10 02:31:39,399 - INFO - Link 3: Text='Salary/Equity', Href='https://topstartups.io/startup-salary-equity-database/', Displayed=True
2025-04-10 02:31:39,407 - INFO - Link 4: Text='Jobs', Href='https://topstartups.io/jobs/', Displayed=True
2025-04-10 02:31:39,416 - INFO - Link 5: Text='Startups', Href='https://topstartups.io/', Displayed=True
2025-04-10 02:31:39,423 - INFO - Found 0 elements containing text 'show more'
2025-04-10 02:31:39,429 - INFO - Found 1 elements containing text 'Show more'
2025-04-10 02:31:39,435 - INFO - Found 0 elements containing text 'load more'
2025-04-10 02:31:39,440 - INFO - Found 0 elements containing text 'Load more'
2025-04-10 02:31:39,630 - INFO - Saved debug screenshot to debug_screenshot.png
2025-04-10 02:31:39,630 - INFO - === End of Debug Analysis ===
2025-04-10 02:31:39,651 - INFO - Found 20 startup cards on current view
2025-04-10 02:31:40,307 - INFO - Extracted startup #1: HQ:
2025-04-10 02:31:40,678 - INFO - Extracted startup #2: Numeric
2025-04-10 02:31:41,381 - INFO - Extracted startup #3: Render
2025-04-10 02:31:42,008 - INFO - Extracted startup #4: Harvey
2025-04-10 02:31:42,463 - INFO - Extracted startup #5: Semgrep
2025-04-10 02:31:42,860 - INFO - Extracted startup #6: HighTouch.io
2025-04-10 02:31:43,533 - INFO - Extracted startup #7: Qventus
2025-04-10 02:31:44,196 - INFO - Extracted startup #8: Speak
2025-04-10 02:31:44,649 - INFO - Extracted startup #9: Databricks
2025-04-10 02:31:45,145 - INFO - Extracted startup #10: Kong
2025-04-10 02:31:45,857 - INFO - Extracted startup #11: Cresta
2025-04-10 02:31:46,240 - INFO - Extracted startup #12: Infinitus
2025-04-10 02:31:46,835 - INFO - Extracted startup #13: Nooks
2025-04-10 02:31:47,163 - INFO - Extracted startup #14: Decagon
2025-04-10 02:31:47,740 - INFO - Extracted startup #15: World Labs
2025-04-10 02:31:48,091 - INFO - Extracted startup #16: Safe Superintelligence
2025-04-10 02:31:48,413 - INFO - Extracted startup #17: Harmonic
2025-04-10 02:31:49,129 - INFO - Extracted startup #18: Atlys
2025-04-10 02:31:49,740 - INFO - Extracted startup #19: Cortex
2025-04-10 02:31:50,399 - INFO - Extracted startup #20: Get newly funded startups delivered to you weekly
2025-04-10 02:31:50,399 - INFO - Extracted 20 startups from current page
2025-04-10 02:31:50,408 - INFO - Trying URL-based pagination to page 2: https://topstartups.io/?hq_location=San+Francisco+Bay+Area&sort=funding&page=2
2025-04-10 02:31:53,909 - INFO - Successfully loaded page 2 with 20 cards
2025-04-10 02:31:53,909 - INFO - Progress: Extracted 20 startups so far
2025-04-10 02:31:53,923 - INFO - Found 20 startup cards on current view
2025-04-10 02:31:55,212 - INFO - Extracted startup #21: Glean
2025-04-10 02:31:55,843 - INFO - Extracted startup #22: Codeium
2025-04-10 02:31:56,450 - INFO - Extracted startup #23: Allium
2025-04-10 02:31:56,871 - INFO - Extracted startup #24: Ema
2025-04-10 02:31:57,440 - INFO - Extracted startup #25: Astranis
2025-04-10 02:31:58,122 - INFO - Extracted startup #26: Vanta
2025-04-10 02:31:58,750 - INFO - Extracted startup #27: Caldera
2025-04-10 02:31:59,277 - INFO - Extracted startup #28: xAI
2025-04-10 02:31:59,737 - INFO - Extracted startup #29: Alkira
2025-04-10 02:32:00,365 - INFO - Extracted startup #30: Together
2025-04-10 02:32:01,093 - INFO - Extracted startup #31: HeyGen
2025-04-10 02:32:01,763 - INFO - Extracted startup #32: Fireworks AI
2025-04-10 02:32:02,221 - INFO - Extracted startup #33: Pomelo
2025-04-10 02:32:02,588 - INFO - Extracted startup #34: Cognition
2025-04-10 02:32:03,315 - INFO - Extracted startup #35: Rippling
2025-04-10 02:32:03,867 - INFO - Extracted startup #36: Varda
2025-04-10 02:32:04,594 - INFO - Extracted startup #37: Vocode
2025-04-10 02:32:05,168 - INFO - Extracted startup #38: Ambience
2025-04-10 02:32:05,697 - INFO - Extracted 18 startups from current page
2025-04-10 02:32:05,702 - INFO - Trying URL-based pagination to page 3: https://topstartups.io/?hq_location=San+Francisco+Bay+Area&sort=funding&page=3
2025-04-10 02:32:09,398 - INFO - Successfully loaded page 3 with 20 cards
2025-04-10 02:32:09,399 - INFO - Progress: Extracted 38 startups so far
2025-04-10 02:32:09,412 - INFO - Found 20 startup cards on current view
2025-04-10 02:32:10,378 - INFO - Extracted startup #39: LangChain
2025-04-10 02:32:10,873 - INFO - Extracted startup #40: Watershed
2025-04-10 02:32:11,394 - INFO - Extracted startup #41: Instawork
2025-04-10 02:32:12,079 - INFO - Extracted startup #42: BioAge Labs
2025-04-10 02:32:12,530 - INFO - Extracted startup #43: Freenome
2025-04-10 02:32:13,027 - INFO - Extracted startup #44: Zum
2025-04-10 02:32:13,527 - INFO - Extracted startup #45: Forward
2025-04-10 02:32:13,894 - INFO - Extracted startup #46: Pika
2025-04-10 02:32:14,294 - INFO - Extracted startup #47: Air Space Intelligence
2025-04-10 02:32:14,808 - INFO - Extracted startup #48: Squint
2025-04-10 02:32:15,449 - INFO - Extracted startup #49: Instabase
2025-04-10 02:32:15,818 - INFO - Extracted startup #50: OpenAI
2025-04-10 02:32:16,485 - INFO - Extracted startup #51: Replit
2025-04-10 02:32:17,106 - INFO - Extracted startup #52: Memora Health
2025-04-10 02:32:17,442 - INFO - Extracted startup #53: Mojo Vision
2025-04-10 02:32:17,919 - INFO - Extracted startup #54: dashbot.io
2025-04-10 02:32:18,472 - INFO - Extracted startup #55: Graphiant
2025-04-10 02:32:19,101 - INFO - Extracted startup #56: Stripe
2025-04-10 02:32:19,736 - INFO - Extracted 18 startups from current page
2025-04-10 02:32:19,741 - INFO - Trying URL-based pagination to page 4: https://topstartups.io/?hq_location=San+Francisco+Bay+Area&sort=funding&page=4
2025-04-10 02:32:23,419 - INFO - Successfully loaded page 4 with 20 cards
2025-04-10 02:32:23,419 - INFO - Progress: Extracted 56 startups so far
2025-04-10 02:32:23,436 - INFO - Found 20 startup cards on current view
2025-04-10 02:32:24,807 - INFO - Extracted startup #57: Shef
2025-04-10 02:32:25,440 - INFO - Extracted startup #58: Skydio
2025-04-10 02:32:25,826 - INFO - Extracted startup #59: Light Field Lab
2025-04-10 02:32:26,440 - INFO - Extracted startup #60: MindsDB
2025-04-10 02:32:26,967 - INFO - Extracted startup #61: IgGenix
2025-04-10 02:32:27,664 - INFO - Extracted startup #62: Forward Networks
2025-04-10 02:32:28,241 - INFO - Extracted startup #63: Mad Street Den
2025-04-10 02:32:28,757 - INFO - Extracted startup #64: Fathom
2025-04-10 02:32:29,102 - INFO - Extracted startup #65: Atmos
2025-04-10 02:32:29,704 - INFO - Extracted startup #66: TripActions
2025-04-10 02:32:30,244 - INFO - Extracted startup #67: Golden
2025-04-10 02:32:30,815 - INFO - Extracted startup #68: Workstream
2025-04-10 02:32:31,253 - INFO - Extracted startup #69: Kumo
2025-04-10 02:32:31,828 - INFO - Extracted startup #70: Verkada
2025-04-10 02:32:32,383 - INFO - Extracted startup #71: Patch
2025-04-10 02:32:32,752 - INFO - Extracted startup #72: Isovalent
2025-04-10 02:32:33,364 - INFO - Extracted startup #73: Incredible Health
2025-04-10 02:32:34,080 - INFO - Extracted startup #74: AliveCor
2025-04-10 02:32:34,457 - INFO - Extracted 18 startups from current page
2025-04-10 02:32:34,463 - INFO - Trying URL-based pagination to page 5: https://topstartups.io/?hq_location=San+Francisco+Bay+Area&sort=funding&page=5
2025-04-10 02:32:38,220 - INFO - Successfully loaded page 5 with 20 cards
2025-04-10 02:32:38,220 - INFO - Progress: Extracted 74 startups so far
2025-04-10 02:32:38,232 - INFO - Found 20 startup cards on current view
2025-04-10 02:32:38,977 - INFO - Extracted startup #75: Truework
2025-04-10 02:32:39,543 - INFO - Extracted startup #76: Aisera
2025-04-10 02:32:40,130 - INFO - Extracted startup #77: Sprig
2025-04-10 02:32:40,553 - INFO - Extracted startup #78: Retool
2025-04-10 02:32:41,022 - INFO - Extracted startup #79: Tecton.AI
2025-04-10 02:32:41,499 - INFO - Extracted startup #80: Front App
2025-04-10 02:32:42,105 - INFO - Extracted startup #81: Pave
2025-04-10 02:32:42,803 - INFO - Extracted startup #82: Courier
2025-04-10 02:32:43,439 - INFO - Extracted startup #83: Fountain
2025-04-10 02:32:44,036 - INFO - Extracted startup #84: Middesk
2025-04-10 02:32:44,624 - INFO - Extracted startup #85: Cambly
2025-04-10 02:32:45,085 - INFO - Extracted startup #86: Metawave
2025-04-10 02:32:45,620 - INFO - Extracted startup #87: Belong
2025-04-10 02:32:46,051 - INFO - Extracted startup #88: SpotOn
2025-04-10 02:32:46,531 - INFO - Extracted startup #89: Mirvie
2025-04-10 02:32:47,144 - INFO - Extracted startup #90: Vivun
2025-04-10 02:32:47,612 - INFO - Extracted startup #91: Instabug
2025-04-10 02:32:48,101 - INFO - Extracted startup #92: Imply
2025-04-10 02:32:48,552 - INFO - Extracted 18 startups from current page
2025-04-10 02:32:48,558 - INFO - Trying URL-based pagination to page 6: https://topstartups.io/?hq_location=San+Francisco+Bay+Area&sort=funding&page=6
2025-04-10 02:32:52,318 - INFO - Successfully loaded page 6 with 20 cards
2025-04-10 02:32:52,319 - INFO - Progress: Extracted 92 startups so far
2025-04-10 02:32:52,333 - INFO - Found 20 startup cards on current view
2025-04-10 02:32:53,327 - INFO - Extracted startup #93: Faire
2025-04-10 02:32:53,737 - INFO - Extracted startup #94: Sentry
2025-04-10 02:32:54,311 - INFO - Extracted startup #95: Primer
2025-04-10 02:32:54,828 - INFO - Extracted startup #96: Doppler
2025-04-10 02:32:55,223 - INFO - Extracted startup #97: Mutiny
2025-04-10 02:32:55,807 - INFO - Extracted startup #98: Playbook
2025-04-10 02:32:56,451 - INFO - Extracted startup #99: Valar Labs
2025-04-10 02:32:56,944 - INFO - Extracted startup #100: Newfront
2025-04-10 02:32:57,297 - INFO - Extracted startup #101: Built Robotics
2025-04-10 02:32:57,949 - INFO - Extracted startup #102: Viz
2025-04-10 02:32:58,523 - INFO - Extracted startup #103: Lilt
2025-04-10 02:32:59,184 - INFO - Extracted startup #104: Skiff
2025-04-10 02:32:59,869 - INFO - Extracted startup #105: HackerRank
2025-04-10 02:33:00,539 - INFO - Extracted startup #106: RapidAPI
2025-04-10 02:33:01,124 - INFO - Extracted startup #107: Deepcell
2025-04-10 02:33:01,834 - INFO - Extracted startup #108: Webflow
2025-04-10 02:33:02,233 - INFO - Extracted startup #109: SmithRx
2025-04-10 02:33:02,893 - INFO - Extracted startup #110: Roofstock
2025-04-10 02:33:03,283 - INFO - Extracted 18 startups from current page
2025-04-10 02:33:03,288 - INFO - Trying URL-based pagination to page 7: https://topstartups.io/?hq_location=San+Francisco+Bay+Area&sort=funding&page=7
2025-04-10 02:33:06,848 - INFO - Successfully loaded page 7 with 20 cards
2025-04-10 02:33:06,849 - INFO - Progress: Extracted 110 startups so far
2025-04-10 02:33:06,862 - INFO - Found 20 startup cards on current view
2025-04-10 02:33:07,703 - INFO - Extracted startup #111: Disco
2025-04-10 02:33:08,085 - INFO - Extracted startup #112: Apollo.io
2025-04-10 02:33:08,718 - INFO - Extracted startup #113: BillionToOne
2025-04-10 02:33:09,175 - INFO - Extracted startup #114: Promise
2025-04-10 02:33:09,716 - INFO - Extracted startup #115: AnyRoad
2025-04-10 02:33:10,312 - INFO - Extracted startup #116: Secureframe
2025-04-10 02:33:10,688 - INFO - Extracted startup #117: WorkWhile
2025-04-10 02:33:11,111 - INFO - Extracted startup #118: Flutterwave
2025-04-10 02:33:11,783 - INFO - Extracted startup #119: Helium
2025-04-10 02:33:12,368 - INFO - Extracted startup #120: PopSQL
2025-04-10 02:33:12,906 - INFO - Extracted startup #121: Homebound
2025-04-10 02:33:13,526 - INFO - Extracted startup #122: Branch
2025-04-10 02:33:13,897 - INFO - Extracted startup #123: Salt Security
2025-04-10 02:33:14,253 - INFO - Extracted startup #124: Alchemy
2025-04-10 02:33:14,896 - INFO - Extracted startup #125: Flexport
2025-04-10 02:33:15,488 - INFO - Extracted startup #126: Census
2025-04-10 02:33:15,901 - INFO - Extracted startup #127: Mos
2025-04-10 02:33:16,544 - INFO - Extracted startup #128: ProductBoard
2025-04-10 02:33:17,171 - INFO - Extracted 18 startups from current page
2025-04-10 02:33:17,179 - INFO - Trying URL-based pagination to page 8: https://topstartups.io/?hq_location=San+Francisco+Bay+Area&sort=funding&page=8
2025-04-10 02:33:20,888 - INFO - Successfully loaded page 8 with 20 cards
2025-04-10 02:33:20,889 - INFO - Progress: Extracted 128 startups so far
2025-04-10 02:33:20,901 - INFO - Found 20 startup cards on current view
2025-04-10 02:33:22,098 - INFO - Extracted startup #129: Phantom
2025-04-10 02:33:22,736 - INFO - Extracted startup #130: Vesta
2025-04-10 02:33:23,278 - INFO - Extracted startup #131: Compound Financial
2025-04-10 02:33:23,876 - INFO - Extracted startup #132: CoinTracker
2025-04-10 02:33:24,573 - INFO - Extracted startup #133: Supermove
2025-04-10 02:33:25,214 - INFO - Extracted startup #134: CaptivateIQ
2025-04-10 02:33:25,637 - INFO - Extracted startup #135: Scratchpad
2025-04-10 02:33:26,156 - INFO - Extracted startup #136: Pavilion Data
2025-04-10 02:33:26,568 - INFO - Extracted startup #137: Handshake
2025-04-10 02:33:27,233 - INFO - Extracted startup #138: Smartcar
2025-04-10 02:33:27,570 - INFO - Extracted startup #139: Lattice
2025-04-10 02:33:28,160 - INFO - Extracted startup #140: Clari
2025-04-10 02:33:28,884 - INFO - Extracted startup #141: Clockwise
2025-04-10 02:33:29,398 - INFO - Extracted startup #142: Ironclad
2025-04-10 02:33:29,946 - INFO - Extracted startup #143: Merit
2025-04-10 02:33:30,454 - INFO - Extracted startup #144: Wonderschool
2025-04-10 02:33:30,878 - INFO - Extracted startup #145: Envoy
2025-04-10 02:33:31,398 - INFO - Extracted startup #146: Labelbox
2025-04-10 02:33:32,061 - INFO - Extracted 18 startups from current page
2025-04-10 02:33:32,066 - INFO - Trying URL-based pagination to page 9: https://topstartups.io/?hq_location=San+Francisco+Bay+Area&sort=funding&page=9
2025-04-10 02:33:35,809 - INFO - Successfully loaded page 9 with 20 cards
2025-04-10 02:33:35,809 - INFO - Progress: Extracted 146 startups so far
2025-04-10 02:33:35,823 - INFO - Found 20 startup cards on current view
2025-04-10 02:33:36,763 - INFO - Extracted startup #147: Miro
2025-04-10 02:33:37,170 - INFO - Extracted startup #148: Pyka
2025-04-10 02:33:37,812 - INFO - Extracted startup #149: BigPanda
2025-04-10 02:33:38,317 - INFO - Extracted startup #150: Searchlight
2025-04-10 02:33:38,663 - INFO - Extracted startup #151: Sysdig
2025-04-10 02:33:39,229 - INFO - Extracted startup #152: Anchorage
2025-04-10 02:33:39,803 - INFO - Extracted startup #153: Mixhalo
2025-04-10 02:33:40,490 - INFO - Extracted startup #154: Airtable
2025-04-10 02:33:41,055 - INFO - Extracted startup #155: Robust Intelligence
2025-04-10 02:33:41,754 - INFO - Extracted startup #156: Anyscale
2025-04-10 02:33:42,149 - INFO - Extracted startup #157: Mezmo (fka LogDNA)
2025-04-10 02:33:42,579 - INFO - Extracted startup #158: CyCognito
2025-04-10 02:33:43,011 - INFO - Extracted startup #159: SnapLogic
2025-04-10 02:33:43,679 - INFO - Extracted startup #160: CloudTrucks
2025-04-10 02:33:44,189 - INFO - Extracted startup #161: Iron Fish
2025-04-10 02:33:44,670 - INFO - Extracted startup #162: Quince
2025-04-10 02:33:45,361 - INFO - Extracted startup #163: Fundbox
2025-04-10 02:33:45,870 - INFO - Extracted startup #164: Simplified
2025-04-10 02:33:46,605 - INFO - Extracted 18 startups from current page
2025-04-10 02:33:46,610 - INFO - Trying URL-based pagination to page 10: https://topstartups.io/?hq_location=San+Francisco+Bay+Area&sort=funding&page=10
2025-04-10 02:33:50,352 - INFO - Successfully loaded page 10 with 20 cards
2025-04-10 02:33:50,353 - INFO - Progress: Extracted 164 startups so far
2025-04-10 02:33:50,366 - INFO - Found 20 startup cards on current view
2025-04-10 02:33:51,661 - INFO - Extracted startup #165: Vercel
2025-04-10 02:33:52,008 - INFO - Extracted startup #166: Niantic
2025-04-10 02:33:52,439 - INFO - Extracted startup #167: Zuma
2025-04-10 02:33:53,081 - INFO - Extracted startup #168: Stytch
2025-04-10 02:33:53,479 - INFO - Extracted startup #169: Fountain Therapeutics
2025-04-10 02:33:54,147 - INFO - Extracted startup #170: Netlify
2025-04-10 02:33:54,482 - INFO - Extracted startup #171: Benchling
2025-04-10 02:33:54,973 - INFO - Extracted startup #172: PlanetScale
2025-04-10 02:33:55,434 - INFO - Extracted startup #173: Netography
2025-04-10 02:33:56,022 - INFO - Extracted startup #174: ThoughtSpot
2025-04-10 02:33:56,406 - INFO - Extracted startup #175: Orderful
2025-04-10 02:33:56,919 - INFO - Extracted startup #176: Applied Intuition
2025-04-10 02:33:57,308 - INFO - Extracted startup #177: Density
2025-04-10 02:33:57,996 - INFO - Extracted startup #178: VergeSense
2025-04-10 02:33:58,660 - INFO - Extracted startup #179: Blotout
2025-04-10 02:33:59,179 - INFO - Extracted startup #180: Everlaw
2025-04-10 02:33:59,852 - INFO - Extracted startup #181: Zeit Medical
2025-04-10 02:34:00,577 - INFO - Extracted startup #182: Drip Capital
2025-04-10 02:34:00,996 - INFO - Extracted 18 startups from current page
2025-04-10 02:34:01,002 - INFO - Trying URL-based pagination to page 11: https://topstartups.io/?hq_location=San+Francisco+Bay+Area&sort=funding&page=11
2025-04-10 02:34:04,600 - INFO - Successfully loaded page 11 with 20 cards
2025-04-10 02:34:04,600 - INFO - Progress: Extracted 182 startups so far
2025-04-10 02:34:04,614 - INFO - Found 20 startup cards on current view
2025-04-10 02:34:05,664 - INFO - Extracted startup #183: Truepill
2025-04-10 02:34:06,160 - INFO - Extracted startup #184: Deel
2025-04-10 02:34:06,497 - INFO - Extracted startup #185: Matik
2025-04-10 02:34:07,101 - INFO - Extracted startup #186: Sprinter Health
2025-04-10 02:34:07,539 - INFO - Extracted startup #187: All Day Kitchens
2025-04-10 02:34:08,025 - INFO - Extracted startup #188: Wonolo
2025-04-10 02:34:08,582 - INFO - Extracted startup #189: Ripple Foods
2025-04-10 02:34:09,053 - INFO - Extracted startup #190: Osaro
2025-04-10 02:34:09,524 - INFO - Extracted startup #191: Superhuman
2025-04-10 02:34:10,088 - INFO - Extracted startup #192: Arevo
2025-04-10 02:34:10,671 - INFO - Extracted startup #193: WorkRamp
2025-04-10 02:34:11,076 - INFO - Extracted startup #194: Elemeno Health
2025-04-10 02:34:11,805 - INFO - Extracted startup #195: Zenysis
2025-04-10 02:34:12,220 - INFO - Extracted startup #196: HyperTrack
2025-04-10 02:34:12,915 - INFO - Extracted startup #197: Nimble Pharmacy
2025-04-10 02:34:13,564 - INFO - Extracted startup #198: Notion
2025-04-10 02:34:14,137 - INFO - Extracted startup #199: Gem
2025-04-10 02:34:14,606 - INFO - Extracted startup #200: Forta
2025-04-10 02:34:14,932 - INFO - Extracted 18 startups from current page
2025-04-10 02:34:14,938 - INFO - Trying URL-based pagination to page 12: https://topstartups.io/?hq_location=San+Francisco+Bay+Area&sort=funding&page=12
2025-04-10 02:34:18,444 - INFO - Successfully loaded page 12 with 20 cards
2025-04-10 02:34:18,445 - INFO - Progress: Extracted 200 startups so far
2025-04-10 02:34:18,460 - INFO - Found 20 startup cards on current view
2025-04-10 02:34:19,694 - INFO - Extracted startup #201: Loyal
2025-04-10 02:34:20,431 - INFO - Extracted startup #202: Stardust
2025-04-10 02:34:20,975 - INFO - Extracted startup #203: Beacons
2025-04-10 02:34:21,553 - INFO - Extracted startup #204: GenEdit
2025-04-10 02:34:21,962 - INFO - Extracted startup #205: Persona
2025-04-10 02:34:22,649 - INFO - Extracted startup #206: Zapier
2025-04-10 02:34:23,064 - INFO - Extracted startup #207: Rapid Robotics
2025-04-10 02:34:23,395 - INFO - Extracted startup #208: Catch&Release
2025-04-10 02:34:24,076 - INFO - Extracted startup #209: Monad
2025-04-10 02:34:24,703 - INFO - Extracted startup #210: Aalto
2025-04-10 02:34:25,207 - INFO - Extracted startup #211: Tabular Technologies
2025-04-10 02:34:25,854 - INFO - Extracted startup #212: Firemaps
2025-04-10 02:34:26,227 - INFO - Extracted startup #213: Robocorp
2025-04-10 02:34:26,899 - INFO - Extracted startup #214: Dover
2025-04-10 02:34:27,612 - INFO - Extracted startup #215: Origin
2025-04-10 02:34:28,032 - INFO - Extracted startup #216: Juno
2025-04-10 02:34:28,378 - INFO - Extracted startup #217: Hipcamp
2025-04-10 02:34:29,047 - INFO - Extracted startup #218: Doxel
2025-04-10 02:34:29,393 - INFO - Extracted 18 startups from current page
2025-04-10 02:34:29,399 - INFO - Trying URL-based pagination to page 13: https://topstartups.io/?hq_location=San+Francisco+Bay+Area&sort=funding&page=13
2025-04-10 02:34:33,433 - INFO - Successfully loaded page 13 with 20 cards
2025-04-10 02:34:33,433 - INFO - Progress: Extracted 218 startups so far
2025-04-10 02:34:33,452 - INFO - Found 20 startup cards on current view
2025-04-10 02:34:34,310 - INFO - Extracted startup #219: PicsArt
2025-04-10 02:34:34,681 - INFO - Extracted startup #220: SplashLearn
2025-04-10 02:34:35,186 - INFO - Extracted startup #221: Zomentum
2025-04-10 02:34:35,828 - INFO - Extracted startup #222: unitQ
2025-04-10 02:34:36,364 - INFO - Extracted startup #223: Shepherd
2025-04-10 02:34:36,936 - INFO - Extracted startup #224: Solv Health
2025-04-10 02:34:37,567 - INFO - Extracted startup #225: Carta
2025-04-10 02:34:38,045 - INFO - Extracted startup #226: Passport
2025-04-10 02:34:38,450 - INFO - Extracted startup #227: Moveworks
2025-04-10 02:34:38,801 - INFO - Extracted startup #228: Bite Ninja
2025-04-10 02:34:39,481 - INFO - Extracted startup #229: Neuralink
2025-04-10 02:34:40,152 - INFO - Extracted startup #230: MakersPlace
2025-04-10 02:34:40,479 - INFO - Extracted startup #231: Queenly
2025-04-10 02:34:40,984 - INFO - Extracted startup #232: SentiLink
2025-04-10 02:34:41,526 - INFO - Extracted startup #233: Algolia
2025-04-10 02:34:42,243 - INFO - Extracted startup #234: Deserve
2025-04-10 02:34:42,632 - INFO - Extracted startup #235: Netskope
2025-04-10 02:34:43,230 - INFO - Extracted startup #236: Blameless
2025-04-10 02:34:43,565 - INFO - Extracted 18 startups from current page
2025-04-10 02:34:43,571 - INFO - Trying URL-based pagination to page 14: https://topstartups.io/?hq_location=San+Francisco+Bay+Area&sort=funding&page=14
2025-04-10 02:34:47,136 - INFO - Successfully loaded page 14 with 20 cards
2025-04-10 02:34:47,138 - INFO - Progress: Extracted 236 startups so far
2025-04-10 02:34:47,152 - INFO - Found 20 startup cards on current view
2025-04-10 02:34:47,928 - INFO - Extracted startup #237: Slintel
2025-04-10 02:34:48,616 - INFO - Extracted startup #238: Human Interest
2025-04-10 02:34:49,344 - INFO - Extracted startup #239: Multiply Labs
2025-04-10 02:34:49,971 - INFO - Extracted startup #240: HiOperator
2025-04-10 02:34:50,407 - INFO - Extracted startup #241: Plate IQ
2025-04-10 02:34:51,022 - INFO - Extracted startup #242: Lob
2025-04-10 02:34:51,660 - INFO - Extracted startup #243: Cofactor Genomics
2025-04-10 02:34:52,273 - INFO - Extracted startup #244: SafetyWing
2025-04-10 02:34:52,747 - INFO - Extracted startup #245: Checkr
2025-04-10 02:34:53,121 - INFO - Extracted startup #246: Bot, M.D.
2025-04-10 02:34:53,577 - INFO - Extracted startup #247: Prodigal
2025-04-10 02:34:53,934 - INFO - Extracted startup #248: Standard AI
2025-04-10 02:34:54,580 - INFO - Extracted startup #249: Phiar Technologies
2025-04-10 02:34:54,992 - INFO - Extracted startup #250: Roofr
2025-04-10 02:34:55,392 - INFO - Extracted startup #251: SendBird
2025-04-10 02:34:55,771 - INFO - Extracted startup #252: AmpUp
2025-04-10 02:34:56,307 - INFO - Extracted startup #253: Memfault
2025-04-10 02:34:56,893 - INFO - Extracted startup #254: Treasury Prime
2025-04-10 02:34:57,597 - INFO - Extracted 18 startups from current page
2025-04-10 02:34:57,602 - INFO - Trying URL-based pagination to page 15: https://topstartups.io/?hq_location=San+Francisco+Bay+Area&sort=funding&page=15
2025-04-10 02:35:01,113 - INFO - Successfully loaded page 15 with 20 cards
2025-04-10 02:35:01,114 - INFO - Progress: Extracted 254 startups so far
2025-04-10 02:35:01,128 - INFO - Found 20 startup cards on current view
2025-04-10 02:35:02,103 - INFO - Extracted startup #255: Warmly,
2025-04-10 02:35:02,688 - INFO - Extracted startup #256: Forage
2025-04-10 02:35:03,317 - INFO - Extracted startup #257: Outschool
2025-04-10 02:35:03,670 - INFO - Extracted startup #258: Shogun
2025-04-10 02:35:04,136 - INFO - Extracted startup #259: Curtsy
2025-04-10 02:35:04,501 - INFO - Extracted startup #260: Landed
2025-04-10 02:35:05,011 - INFO - Extracted startup #261: CrowdAI
2025-04-10 02:35:05,690 - INFO - Extracted startup #262: LegionFarm
2025-04-10 02:35:06,365 - INFO - Extracted startup #263: Jerry
2025-04-10 02:35:06,884 - INFO - Extracted startup #264: Gridware
2025-04-10 02:35:07,611 - INFO - Extracted startup #265: Ditto
2025-04-10 02:35:08,330 - INFO - Extracted startup #266: Holy Grail
2025-04-10 02:35:08,718 - INFO - Extracted startup #267: Rootly
2025-04-10 02:35:09,421 - INFO - Extracted startup #268: Serverless Stack
2025-04-10 02:35:09,754 - INFO - Extracted startup #269: Blend
2025-04-10 02:35:10,370 - INFO - Extracted startup #270: Voiceops
2025-04-10 02:35:10,938 - INFO - Extracted startup #271: Carrot Fertility
2025-04-10 02:35:11,670 - INFO - Extracted startup #272: Collective Health
2025-04-10 02:35:12,397 - INFO - Extracted 18 startups from current page
2025-04-10 02:35:12,403 - INFO - Trying URL-based pagination to page 16: https://topstartups.io/?hq_location=San+Francisco+Bay+Area&sort=funding&page=16
2025-04-10 02:35:15,940 - INFO - Successfully loaded page 16 with 20 cards
2025-04-10 02:35:15,941 - INFO - Progress: Extracted 272 startups so far
2025-04-10 02:35:15,956 - INFO - Found 20 startup cards on current view
2025-04-10 02:35:16,788 - INFO - Extracted startup #273: Virta Health
2025-04-10 02:35:17,154 - INFO - Extracted startup #274: Indee Labs
2025-04-10 02:35:17,506 - INFO - Extracted startup #275: Wild Earth
2025-04-10 02:35:18,170 - INFO - Extracted startup #276: Sundae
2025-04-10 02:35:18,652 - INFO - Extracted startup #277: Turing
2025-04-10 02:35:19,363 - INFO - Extracted startup #278: Modern Health
2025-04-10 02:35:19,825 - INFO - Extracted startup #279: Eco
2025-04-10 02:35:20,202 - INFO - Extracted startup #280: Scale AI
2025-04-10 02:35:20,735 - INFO - Extracted startup #281: Grabango
2025-04-10 02:35:21,365 - INFO - Extracted startup #282: Brightwheel
2025-04-10 02:35:21,830 - INFO - Extracted startup #283: HashiCorp
2025-04-10 02:35:22,340 - INFO - Extracted startup #284: Crosschq
2025-04-10 02:35:22,839 - INFO - Extracted startup #285: LaunchDarkly
2025-04-10 02:35:23,306 - INFO - Extracted startup #286: Hinge Health
2025-04-10 02:35:23,765 - INFO - Extracted startup #287: Shopmonkey
2025-04-10 02:35:24,168 - INFO - Extracted startup #288: Sila Nanotechnologies
2025-04-10 02:35:24,799 - INFO - Extracted startup #289: DroneDeploy
2025-04-10 02:35:25,467 - INFO - Extracted startup #290: Shippo
2025-04-10 02:35:26,132 - INFO - Extracted 18 startups from current page
2025-04-10 02:35:26,158 - INFO - Trying URL-based pagination to page 17: https://topstartups.io/?hq_location=San+Francisco+Bay+Area&sort=funding&page=17
2025-04-10 02:35:29,824 - INFO - Successfully loaded page 17 with 20 cards
2025-04-10 02:35:29,824 - INFO - Progress: Extracted 290 startups so far
2025-04-10 02:35:29,838 - INFO - Found 20 startup cards on current view
2025-04-10 02:35:31,200 - INFO - Extracted startup #291: MaintainX
2025-04-10 02:35:31,791 - INFO - Extracted startup #292: Hound Labs
2025-04-10 02:35:32,196 - INFO - Extracted startup #293: Discord
2025-04-10 02:35:32,861 - INFO - Extracted startup #294: Good Eggs
2025-04-10 02:35:33,256 - INFO - Extracted startup #295: Manticore Games
2025-04-10 02:35:33,648 - INFO - Extracted startup #296: Modern Treasury
2025-04-10 02:35:34,001 - INFO - Extracted startup #297: BetterWorks
2025-04-10 02:35:34,704 - INFO - Extracted startup #298: Kinsa
2025-04-10 02:35:35,123 - INFO - Extracted startup #299: InCorta
2025-04-10 02:35:35,591 - INFO - Extracted startup #300: Helix
2025-04-10 02:35:36,304 - INFO - Extracted startup #301: Gusto
2025-04-10 02:35:37,030 - INFO - Extracted startup #302: Audius
2025-04-10 02:35:37,476 - INFO - Extracted startup #303: AEye
2025-04-10 02:35:38,151 - INFO - Extracted startup #304: Brex
2025-04-10 02:35:38,769 - INFO - Extracted startup #305: Comma.ai
2025-04-10 02:35:39,171 - INFO - Extracted startup #306: Medium
2025-04-10 02:35:39,702 - INFO - Extracted startup #307: Illumio
2025-04-10 02:35:40,208 - INFO - Extracted startup #308: Descript
2025-04-10 02:35:40,761 - INFO - Extracted 18 startups from current page
2025-04-10 02:35:40,766 - INFO - Trying URL-based pagination to page 18: https://topstartups.io/?hq_location=San+Francisco+Bay+Area&sort=funding&page=18
2025-04-10 02:35:44,328 - INFO - Successfully loaded page 18 with 20 cards
2025-04-10 02:35:44,328 - INFO - Progress: Extracted 308 startups so far
2025-04-10 02:35:44,342 - INFO - Found 20 startup cards on current view
2025-04-10 02:35:45,321 - INFO - Extracted startup #309: Chia Network
2025-04-10 02:35:46,036 - INFO - Extracted startup #310: Celo
2025-04-10 02:35:46,661 - INFO - Extracted startup #311: People.ai
2025-04-10 02:35:47,054 - INFO - Extracted startup #312: Apollo
2025-04-10 02:35:47,714 - INFO - Extracted startup #313: preset.io
2025-04-10 02:35:48,357 - INFO - Extracted startup #314: Snackpass
2025-04-10 02:35:48,733 - INFO - Extracted startup #315: Komodo Health
2025-04-10 02:35:49,240 - INFO - Extracted startup #316: Workboard
2025-04-10 02:35:49,819 - INFO - Extracted startup #317: Alluxio
2025-04-10 02:35:50,218 - INFO - Extracted startup #318: insitro
2025-04-10 02:35:50,547 - INFO - Extracted startup #319: Dialpad
2025-04-10 02:35:51,097 - INFO - Extracted startup #320: Honor
2025-04-10 02:35:51,763 - INFO - Extracted startup #321: Divvy Homes
2025-04-10 02:35:52,482 - INFO - Extracted startup #322: AKASA
2025-04-10 02:35:53,193 - INFO - Extracted startup #323: Substack
2025-04-10 02:35:53,824 - INFO - Extracted startup #324: Mux
2025-04-10 02:35:54,518 - INFO - Extracted startup #325: Solana
2025-04-10 02:35:55,224 - INFO - Extracted startup #326: Thesis
2025-04-10 02:35:55,638 - INFO - Extracted 18 startups from current page
2025-04-10 02:35:55,643 - INFO - Trying URL-based pagination to page 19: https://topstartups.io/?hq_location=San+Francisco+Bay+Area&sort=funding&page=19
2025-04-10 02:35:59,226 - INFO - Successfully loaded page 19 with 20 cards
2025-04-10 02:35:59,227 - INFO - Progress: Extracted 326 startups so far
2025-04-10 02:35:59,241 - INFO - Found 20 startup cards on current view
2025-04-10 02:36:00,420 - INFO - Extracted startup #327: Nobell Foods
2025-04-10 02:36:01,120 - INFO - Extracted startup #328: SingleStore
2025-04-10 02:36:01,798 - INFO - Extracted startup #329: Color
2025-04-10 02:36:02,295 - INFO - Extracted startup #330: Cape Analytics
2025-04-10 02:36:02,802 - INFO - Extracted startup #331: SenseHQ
2025-04-10 02:36:03,480 - INFO - Extracted startup #332: Kiddom
2025-04-10 02:36:03,950 - INFO - Extracted startup #333: Homebase
2025-04-10 02:36:04,551 - INFO - Extracted startup #334: Bungalow
2025-04-10 02:36:04,981 - INFO - Extracted startup #335: Rubrik
2025-04-10 02:36:05,404 - INFO - Extracted startup #336: Vectra AI
2025-04-10 02:36:05,722 - INFO - Extracted startup #337: Abacus.AI
2025-04-10 02:36:06,197 - INFO - Extracted startup #338: Inflammatix
2025-04-10 02:36:06,659 - INFO - Extracted startup #339: At-Bay
2025-04-10 02:36:07,338 - INFO - Extracted startup #340: Tempo
2025-04-10 02:36:07,706 - INFO - Extracted startup #341: Bitwise Asset Management
2025-04-10 02:36:08,028 - INFO - Extracted startup #342: Coda
2025-04-10 02:36:08,456 - INFO - Extracted startup #343: Mighty Buildings
2025-04-10 02:36:08,917 - INFO - Extracted startup #344: DevRev
2025-04-10 02:36:09,351 - INFO - Extracted 18 startups from current page
2025-04-10 02:36:09,356 - INFO - Trying URL-based pagination to page 20: https://topstartups.io/?hq_location=San+Francisco+Bay+Area&sort=funding&page=20
2025-04-10 02:36:13,000 - INFO - Successfully loaded page 20 with 20 cards
2025-04-10 02:36:13,000 - INFO - Progress: Extracted 344 startups so far
2025-04-10 02:36:13,014 - INFO - Found 20 startup cards on current view
2025-04-10 02:36:14,273 - INFO - Extracted startup #345: Gong.io
2025-04-10 02:36:14,866 - INFO - Extracted startup #346: Houzz
2025-04-10 02:36:15,529 - INFO - Extracted startup #347: Druva
2025-04-10 02:36:15,904 - INFO - Extracted startup #348: LocoNav
2025-04-10 02:36:16,318 - INFO - Extracted startup #349: Brii Biosciences
2025-04-10 02:36:16,877 - INFO - Extracted startup #350: Reddit
2025-04-10 02:36:17,389 - INFO - Extracted startup #351: Pendulum Therapeutics
2025-04-10 02:36:17,818 - INFO - Extracted startup #352: Ethos Life
2025-04-10 02:36:18,455 - INFO - Extracted startup #353: Domino Data Lab
2025-04-10 02:36:18,832 - INFO - Extracted startup #354: mmhmm
2025-04-10 02:36:19,479 - INFO - Extracted startup #355: StrongDM
2025-04-10 02:36:20,038 - INFO - Extracted startup #356: Robinhood
2025-04-10 02:36:20,518 - INFO - Extracted startup #357: Pilot.com
2025-04-10 02:36:20,947 - INFO - Extracted startup #358: Bigeye
2025-04-10 02:36:21,675 - INFO - Extracted startup #359: Releasehub
2025-04-10 02:36:22,368 - INFO - Extracted startup #360: Loom
2025-04-10 02:36:23,082 - INFO - Extracted startup #361: snapdocs
2025-04-10 02:36:23,814 - INFO - Extracted startup #362: Forter
2025-04-10 02:36:24,234 - INFO - Extracted 18 startups from current page
2025-04-10 02:36:24,241 - INFO - Trying URL-based pagination to page 21: https://topstartups.io/?hq_location=San+Francisco+Bay+Area&sort=funding&page=21
2025-04-10 02:36:27,767 - INFO - Successfully loaded page 21 with 20 cards
2025-04-10 02:36:27,767 - INFO - Progress: Extracted 362 startups so far
2025-04-10 02:36:27,781 - INFO - Found 20 startup cards on current view
2025-04-10 02:36:28,884 - INFO - Extracted startup #363: Thumbtack
2025-04-10 02:36:29,582 - INFO - Extracted startup #364: Figma
2025-04-10 02:36:30,161 - INFO - Extracted startup #365: StreamSets
2025-04-10 02:36:30,511 - INFO - Extracted startup #366: Wakie
2025-04-10 02:36:30,910 - INFO - Extracted startup #367: REVL
2025-04-10 02:36:31,434 - INFO - Extracted startup #368: Nova Credit
2025-04-10 02:36:32,012 - INFO - Extracted startup #369: Aella Credit
2025-04-10 02:36:32,473 - INFO - Extracted startup #370: Petcube
2025-04-10 02:36:33,016 - INFO - Extracted startup #371: BloomTech (fka Lambda School)
2025-04-10 02:36:33,469 - INFO - Extracted startup #372: Yoshi
2025-04-10 02:36:33,991 - INFO - Extracted startup #373: Observe.AI
2025-04-10 02:36:34,436 - INFO - Extracted startup #374: MOMENTUS
2025-04-10 02:36:34,894 - INFO - Extracted startup #375: FidoCure
2025-04-10 02:36:35,357 - INFO - Extracted startup #376: Meru Health
2025-04-10 02:36:36,061 - INFO - Extracted startup #377: Lets do this
2025-04-10 02:36:36,744 - INFO - Extracted startup #378: Datree
2025-04-10 02:36:37,131 - INFO - Extracted startup #379: Lilia
2025-04-10 02:36:37,588 - INFO - Extracted startup #380: DeepSource
2025-04-10 02:36:38,164 - INFO - Extracted 18 startups from current page
2025-04-10 02:36:38,169 - INFO - Trying URL-based pagination to page 22: https://topstartups.io/?hq_location=San+Francisco+Bay+Area&sort=funding&page=22
2025-04-10 02:36:42,194 - INFO - Successfully loaded page 22 with 20 cards
2025-04-10 02:36:42,194 - INFO - Progress: Extracted 380 startups so far
2025-04-10 02:36:42,207 - INFO - Found 20 startup cards on current view
2025-04-10 02:36:43,159 - INFO - Extracted startup #381: Avo
2025-04-10 02:36:43,788 - INFO - Extracted startup #382: Armory
2025-04-10 02:36:44,318 - INFO - Extracted startup #383: Nabis
2025-04-10 02:36:44,691 - INFO - Extracted startup #384: Explo
2025-04-10 02:36:45,325 - INFO - Extracted startup #385: Pair Team
2025-04-10 02:36:45,738 - INFO - Extracted startup #386: Bunch
2025-04-10 02:36:46,244 - INFO - Extracted startup #387: Zinier
2025-04-10 02:36:46,749 - INFO - Extracted startup #388: Motherly
2025-04-10 02:36:47,337 - INFO - Extracted startup #389: Raise (formerly HelloOffice)
2025-04-10 02:36:47,702 - INFO - Extracted startup #390: AI Foundation
2025-04-10 02:36:48,095 - INFO - Extracted startup #391: Synthego
2025-04-10 02:36:48,751 - INFO - Extracted startup #392: Eden
2025-04-10 02:36:49,404 - INFO - Extracted startup #393: Okera
2025-04-10 02:36:49,963 - INFO - Extracted startup #394: Netdata
2025-04-10 02:36:50,437 - INFO - Extracted startup #395: Earthly
2025-04-10 02:36:50,822 - INFO - Extracted startup #396: Streamloots
2025-04-10 02:36:51,498 - INFO - Extracted startup #397: GetAccept
2025-04-10 02:36:52,230 - INFO - Extracted startup #398: Iris Automation
2025-04-10 02:36:52,585 - INFO - Extracted 18 startups from current page
2025-04-10 02:36:52,590 - INFO - Trying URL-based pagination to page 23: https://topstartups.io/?hq_location=San+Francisco+Bay+Area&sort=funding&page=23
2025-04-10 02:36:56,068 - INFO - Successfully loaded page 23 with 20 cards
2025-04-10 02:36:56,068 - INFO - Progress: Extracted 398 startups so far
2025-04-10 02:36:56,083 - INFO - Found 20 startup cards on current view
2025-04-10 02:36:57,120 - INFO - Extracted startup #399: Pachyderm
2025-04-10 02:36:57,563 - INFO - Extracted startup #400: Pixie
2025-04-10 02:36:57,921 - INFO - Extracted startup #401: Proterra
2025-04-10 02:36:58,288 - INFO - Extracted startup #402: Coursera
2025-04-10 02:36:58,963 - INFO - Extracted startup #403: Farmers Business Network
2025-04-10 02:36:59,539 - INFO - Extracted startup #404: Ripcord
2025-04-10 02:37:00,094 - INFO - Extracted startup #405: Element Analytics
2025-04-10 02:37:00,726 - INFO - Extracted startup #406: UJET
2025-04-10 02:37:01,251 - INFO - Extracted startup #407: Zumper
2025-04-10 02:37:01,621 - INFO - Extracted startup #408: Veem
2025-04-10 02:37:02,162 - INFO - Extracted startup #409: Rigetti Computing
2025-04-10 02:37:02,757 - INFO - Extracted startup #410: Lime
2025-04-10 02:37:03,089 - INFO - Extracted startup #411: MakerDAO
2025-04-10 02:37:03,782 - INFO - Extracted startup #412: CodeCombat
2025-04-10 02:37:04,336 - INFO - Extracted startup #413: Very Good Security
2025-04-10 02:37:04,889 - INFO - Extracted startup #414: Sleeper
2025-04-10 02:37:05,475 - INFO - Extracted startup #415: Run The World
2025-04-10 02:37:06,179 - INFO - Extracted startup #416: Nautilus Biotechnology
2025-04-10 02:37:06,601 - INFO - Extracted 18 startups from current page
2025-04-10 02:37:06,606 - INFO - Trying URL-based pagination to page 24: https://topstartups.io/?hq_location=San+Francisco+Bay+Area&sort=funding&page=24
2025-04-10 02:37:10,739 - INFO - Successfully loaded page 24 with 20 cards
2025-04-10 02:37:10,739 - INFO - Progress: Extracted 416 startups so far
2025-04-10 02:37:10,752 - INFO - Found 20 startup cards on current view
2025-04-10 02:37:12,183 - INFO - Extracted startup #417: Drishti
2025-04-10 02:37:12,669 - INFO - Extracted startup #418: Fivetran
2025-04-10 02:37:13,369 - INFO - Extracted startup #419: Silo
2025-04-10 02:37:13,872 - INFO - Extracted startup #420: Plaid
2025-04-10 02:37:14,376 - INFO - Extracted startup #421: RideCell
2025-04-10 02:37:14,957 - INFO - Extracted startup #422: Cafe X
2025-04-10 02:37:15,596 - INFO - Extracted startup #423: Impossible Foods
2025-04-10 02:37:16,333 - INFO - Extracted startup #424: Modal
2025-04-10 02:37:16,721 - INFO - Extracted startup #425: Affirm
2025-04-10 02:37:17,232 - INFO - Extracted startup #426: Bidgely
2025-04-10 02:37:17,944 - INFO - Extracted startup #427: Akash Systems
2025-04-10 02:37:18,334 - INFO - Extracted startup #428: Atomwise
2025-04-10 02:37:18,882 - INFO - Extracted startup #429: Probably Genetic
2025-04-10 02:37:19,336 - INFO - Extracted startup #430: Q.bio
2025-04-10 02:37:19,774 - INFO - Extracted startup #431: Karius
2025-04-10 02:37:20,345 - INFO - Extracted startup #432: Yes Health
2025-04-10 02:37:20,866 - INFO - Extracted startup #433: VELO3D
2025-04-10 02:37:21,515 - INFO - Extracted startup #434: HeartVista
2025-04-10 02:37:22,232 - INFO - Extracted 18 startups from current page
2025-04-10 02:37:22,237 - INFO - Trying URL-based pagination to page 25: https://topstartups.io/?hq_location=San+Francisco+Bay+Area&sort=funding&page=25
2025-04-10 02:37:25,891 - INFO - Successfully loaded page 25 with 20 cards
2025-04-10 02:37:25,891 - INFO - Progress: Extracted 434 startups so far
2025-04-10 02:37:25,904 - INFO - Found 20 startup cards on current view
2025-04-10 02:37:26,907 - INFO - Extracted startup #435: Clear Labs
2025-04-10 02:37:27,629 - INFO - Extracted startup #436: Zibo
2025-04-10 02:37:28,157 - INFO - Extracted startup #437: Siolta Therapeutics
2025-04-10 02:37:28,622 - INFO - Extracted startup #438: Siren Health
2025-04-10 02:37:29,000 - INFO - Extracted startup #439: Curai Health
2025-04-10 02:37:29,561 - INFO - Extracted startup #440: Unity Technologies
2025-04-10 02:37:30,137 - INFO - Extracted startup #441: Strava
2025-04-10 02:37:30,783 - INFO - Extracted startup #442: Instacart
2025-04-10 02:37:31,415 - INFO - Extracted startup #443: Vivace Therapeutics
2025-04-10 02:37:32,023 - INFO - Extracted startup #444: TuneIn
2025-04-10 02:37:32,505 - INFO - Extracted startup #445: Pony.ai
2025-04-10 02:37:32,863 - INFO - Extracted startup #446: CleverTap
2025-04-10 02:37:33,595 - INFO - Extracted startup #447: Finix
2025-04-10 02:37:34,016 - INFO - Extracted startup #448: Empower
2025-04-10 02:37:34,494 - INFO - Extracted startup #449: Cohesity
2025-04-10 02:37:35,222 - INFO - Extracted startup #450: Confluent
2025-04-10 02:37:35,847 - INFO - Extracted startup #451: Amplitude
2025-04-10 02:37:36,319 - INFO - Extracted startup #452: Rockset
2025-04-10 02:37:36,737 - INFO - Extracted 18 startups from current page
2025-04-10 02:37:36,742 - INFO - Trying URL-based pagination to page 26: https://topstartups.io/?hq_location=San+Francisco+Bay+Area&sort=funding&page=26
2025-04-10 02:37:40,543 - INFO - Successfully loaded page 26 with 20 cards
2025-04-10 02:37:40,543 - INFO - Progress: Extracted 452 startups so far
2025-04-10 02:37:40,557 - INFO - Found 20 startup cards on current view
2025-04-10 02:37:41,824 - INFO - Extracted startup #453: Linear
2025-04-10 02:37:42,259 - INFO - Extracted startup #454: 23andMe
2025-04-10 02:37:42,732 - INFO - Extracted startup #455: Legalist
2025-04-10 02:37:43,366 - INFO - Extracted startup #456: Swayable
2025-04-10 02:37:43,845 - INFO - Extracted startup #457: Goodly
2025-04-10 02:37:44,408 - INFO - Extracted startup #458: College Pulse
2025-04-10 02:37:44,941 - INFO - Extracted startup #459: Confident Cannabis
2025-04-10 02:37:45,303 - INFO - Extracted startup #460: Tara Intelligence
2025-04-10 02:37:46,002 - INFO - Extracted startup #461: Tachyus
2025-04-10 02:37:46,373 - INFO - Extracted startup #462: hims & hers
2025-04-10 02:37:46,726 - INFO - Extracted startup #463: ManyChat
2025-04-10 02:37:47,406 - INFO - Extracted startup #464: Blue Hexagon
2025-04-10 02:37:47,856 - INFO - Extracted startup #465: Terminal
2025-04-10 02:37:48,393 - INFO - Extracted startup #466: Kapwing
2025-04-10 02:37:48,973 - INFO - Extracted startup #467: Reputation.com
2025-04-10 02:37:49,499 - INFO - Extracted startup #468: PagerDuty
2025-04-10 02:37:49,996 - INFO - Extracted startup #469: Branch International
2025-04-10 02:37:50,615 - INFO - Extracted startup #470: Castle
2025-04-10 02:37:51,194 - INFO - Extracted 18 startups from current page
2025-04-10 02:37:51,199 - INFO - Trying URL-based pagination to page 27: https://topstartups.io/?hq_location=San+Francisco+Bay+Area&sort=funding&page=27
2025-04-10 02:37:54,790 - INFO - Successfully loaded page 27 with 20 cards
2025-04-10 02:37:54,791 - INFO - Progress: Extracted 470 startups so far
2025-04-10 02:37:54,807 - INFO - Found 20 startup cards on current view
2025-04-10 02:37:55,845 - INFO - Extracted startup #471: GitLab
2025-04-10 02:37:56,318 - INFO - Extracted startup #472: Opendoor
2025-04-10 02:37:56,786 - INFO - Extracted startup #473: Neurotrack
2025-04-10 02:37:57,227 - INFO - Extracted startup #474: Sumo Logic
2025-04-10 02:37:57,786 - INFO - Extracted startup #475: Orchid Labs
2025-04-10 02:37:58,246 - INFO - Extracted startup #476: BridgeBio
2025-04-10 02:37:58,684 - INFO - Extracted startup #477: DoorDash
2025-04-10 02:37:59,296 - INFO - Extracted startup #478: Cobalt Robotics
2025-04-10 02:37:59,857 - INFO - Extracted startup #479: Carbon
2025-04-10 02:38:00,456 - INFO - Extracted startup #480: Freshworks
2025-04-10 02:38:01,125 - INFO - Extracted startup #481: Dolls Kill
2025-04-10 02:38:01,653 - INFO - Extracted startup #482: YapStone
2025-04-10 02:38:01,985 - INFO - Extracted startup #483: CrowdStrike
2025-04-10 02:38:02,506 - INFO - Extracted startup #484: Oasis Labs
2025-04-10 02:38:02,939 - INFO - Extracted startup #485: Narvar
2025-04-10 02:38:03,571 - INFO - Extracted startup #486: NuCypher
2025-04-10 02:38:04,114 - INFO - Extracted startup #487: Robby Technologies
2025-04-10 02:38:04,815 - INFO - Extracted startup #488: RankScience
2025-04-10 02:38:05,240 - INFO - Extracted 18 startups from current page
2025-04-10 02:38:05,245 - INFO - Trying URL-based pagination to page 28: https://topstartups.io/?hq_location=San+Francisco+Bay+Area&sort=funding&page=28
2025-04-10 02:38:08,833 - INFO - Successfully loaded page 28 with 20 cards
2025-04-10 02:38:08,833 - INFO - Progress: Extracted 488 startups so far
2025-04-10 02:38:08,849 - INFO - Found 20 startup cards on current view
2025-04-10 02:38:09,827 - INFO - Extracted startup #489: Templarbit
2025-04-10 02:38:10,418 - INFO - Extracted startup #490: YouTeam
2025-04-10 02:38:10,845 - INFO - Extracted startup #491: SpotAngels
2025-04-10 02:38:11,354 - INFO - Extracted startup #492: Supermedium
2025-04-10 02:38:11,802 - INFO - Extracted startup #493: SFOX
2025-04-10 02:38:12,199 - INFO - Extracted startup #494: Paladin Cyber
2025-04-10 02:38:12,542 - INFO - Extracted startup #495: Wallarm
2025-04-10 02:38:13,121 - INFO - Extracted startup #496: Bolt Threads
2025-04-10 02:38:13,583 - INFO - Extracted startup #497: UNITY Biotechnology
2025-04-10 02:38:14,172 - INFO - Extracted startup #498: Naked Labs
2025-04-10 02:38:14,770 - INFO - Extracted startup #499: Asana
2025-04-10 02:38:15,245 - INFO - Extracted startup #500: Smule
2025-04-10 02:38:15,865 - INFO - Extracted startup #501: Rainforest QA
2025-04-10 02:38:16,309 - INFO - Extracted startup #502: ScyllaDB
2025-04-10 02:38:16,706 - INFO - Extracted startup #503: SoundHound
2025-04-10 02:38:17,143 - INFO - Extracted startup #504: Intercom
2025-04-10 02:38:17,733 - INFO - Extracted startup #505: YourMechanic
2025-04-10 02:38:18,186 - INFO - Extracted startup #506: Samsara
2025-04-10 02:38:18,881 - INFO - Extracted 18 startups from current page
2025-04-10 02:38:18,887 - INFO - Trying URL-based pagination to page 29: https://topstartups.io/?hq_location=San+Francisco+Bay+Area&sort=funding&page=29
2025-04-10 02:38:22,578 - INFO - Successfully loaded page 29 with 20 cards
2025-04-10 02:38:22,578 - INFO - Progress: Extracted 506 startups so far
2025-04-10 02:38:22,592 - INFO - Found 20 startup cards on current view
2025-04-10 02:38:23,445 - INFO - Extracted startup #507: Shift
2025-04-10 02:38:24,177 - INFO - Extracted startup #508: Coinbase
2025-04-10 02:38:24,572 - INFO - Extracted startup #509: Earnin
2025-04-10 02:38:24,963 - INFO - Extracted startup #510: indeni
2025-04-10 02:38:25,671 - INFO - Extracted startup #511: Uber
2025-04-10 02:38:26,398 - INFO - Extracted startup #512: Quince Therapeutics
2025-04-10 02:38:27,002 - INFO - Extracted startup #513: Amino
2025-04-10 02:38:27,350 - INFO - Extracted startup #514: Atomist
2025-04-10 02:38:28,085 - INFO - Extracted startup #515: Science Exchange
2025-04-10 02:38:28,623 - INFO - Extracted startup #516: Sourceress
2025-04-10 02:38:29,062 - INFO - Extracted startup #517: Thematic
2025-04-10 02:38:29,611 - INFO - Extracted startup #518: HOOKED
2025-04-10 02:38:29,969 - INFO - Extracted startup #519: Adentro (formerly Zenreach)
2025-04-10 02:38:30,641 - INFO - Extracted startup #520: Bastille
2025-04-10 02:38:31,273 - INFO - Extracted startup #521: Nuna
2025-04-10 02:38:31,956 - INFO - Extracted startup #522: Health IQ
2025-04-10 02:38:32,446 - INFO - Extracted startup #523: AirHelp
2025-04-10 02:38:33,026 - INFO - Extracted startup #524: Upstart
2025-04-10 02:38:33,391 - INFO - Extracted 18 startups from current page
2025-04-10 02:38:33,396 - INFO - Trying URL-based pagination to page 30: https://topstartups.io/?hq_location=San+Francisco+Bay+Area&sort=funding&page=30
2025-04-10 02:38:37,018 - INFO - Successfully loaded page 30 with 20 cards
2025-04-10 02:38:37,018 - INFO - Progress: Extracted 524 startups so far
2025-04-10 02:38:37,036 - INFO - Found 20 startup cards on current view
2025-04-10 02:38:37,957 - INFO - Extracted startup #525: Creator
2025-04-10 02:38:38,444 - INFO - Extracted startup #526: Gobble
2025-04-10 02:38:38,949 - INFO - Extracted startup #527: Catalia Health
2025-04-10 02:38:39,638 - INFO - Extracted startup #528: Luka
2025-04-10 02:38:40,222 - INFO - Extracted startup #529: Zoom
2025-04-10 02:38:40,745 - INFO - Extracted startup #530: Guardant Health
2025-04-10 02:38:41,359 - INFO - Extracted startup #531: Filecoin
2025-04-10 02:38:42,065 - INFO - Extracted startup #532: Acalvio Technologies
2025-04-10 02:38:42,604 - INFO - Extracted startup #533: LeadGenius
2025-04-10 02:38:43,225 - INFO - Extracted startup #534: Vote.org
2025-04-10 02:38:43,920 - INFO - Extracted startup #535: Suiteness
2025-04-10 02:38:44,374 - INFO - Extracted startup #536: Luminostics
2025-04-10 02:38:44,834 - INFO - Extracted startup #537: ApolloShield
2025-04-10 02:38:45,563 - INFO - Extracted startup #538: Indiegogo
2025-04-10 02:38:46,079 - INFO - Extracted startup #539: Fond
2025-04-10 02:38:46,813 - INFO - Extracted startup #540: Quartzy
2025-04-10 02:38:47,363 - INFO - Extracted startup #541: Kumu Networks
2025-04-10 02:38:47,782 - INFO - Extracted startup #542: Pique Tea
2025-04-10 02:38:48,438 - INFO - Extracted 18 startups from current page
2025-04-10 02:38:48,459 - INFO - Trying URL-based pagination to page 31: https://topstartups.io/?hq_location=San+Francisco+Bay+Area&sort=funding&page=31
2025-04-10 02:38:51,964 - INFO - Successfully loaded page 31 with 7 cards
2025-04-10 02:38:51,964 - INFO - Progress: Extracted 542 startups so far
2025-04-10 02:38:51,980 - INFO - Found 7 startup cards on current view
2025-04-10 02:38:53,283 - INFO - Extracted startup #543: Grokker
2025-04-10 02:38:53,874 - INFO - Extracted startup #544: data.ai
2025-04-10 02:38:54,338 - INFO - Extracted startup #545: The One Music Group
2025-04-10 02:38:55,012 - INFO - Extracted startup #546: Clover Health
2025-04-10 02:38:55,582 - INFO - Extracted startup #547: Thanx
2025-04-10 02:38:56,089 - INFO - Extracted 5 startups from current page
2025-04-10 02:38:56,094 - INFO - Trying URL-based pagination to page 32: https://topstartups.io/?hq_location=San+Francisco+Bay+Area&sort=funding&page=32
2025-04-10 02:38:59,600 - INFO - Successfully loaded page 32 with 20 cards
2025-04-10 02:38:59,601 - INFO - Progress: Extracted 547 startups so far
2025-04-10 02:38:59,614 - INFO - Found 20 startup cards on current view
2025-04-10 02:39:10,056 - INFO - Extracted 0 startups from current page
2025-04-10 02:39:10,061 - INFO - Trying URL-based pagination to page 33: https://topstartups.io/?hq_location=San+Francisco+Bay+Area&sort=funding&page=33
2025-04-10 02:39:13,545 - INFO - Successfully loaded page 33 with 20 cards
2025-04-10 02:39:13,545 - INFO - Progress: Extracted 547 startups so far
2025-04-10 02:39:13,558 - INFO - Found 20 startup cards on current view
2025-04-10 02:39:23,836 - INFO - Extracted 0 startups from current page
2025-04-10 02:39:23,841 - INFO - Trying URL-based pagination to page 34: https://topstartups.io/?hq_location=San+Francisco+Bay+Area&sort=funding&page=34
2025-04-10 02:39:27,258 - INFO - Successfully loaded page 34 with 20 cards
2025-04-10 02:39:27,258 - INFO - Progress: Extracted 547 startups so far
2025-04-10 02:39:27,270 - INFO - Found 20 startup cards on current view
2025-04-10 02:39:38,880 - INFO - Extracted 0 startups from current page
2025-04-10 02:39:38,885 - INFO - Trying URL-based pagination to page 35: https://topstartups.io/?hq_location=San+Francisco+Bay+Area&sort=funding&page=35
2025-04-10 02:39:42,385 - INFO - Successfully loaded page 35 with 20 cards
2025-04-10 02:39:42,385 - INFO - Progress: Extracted 547 startups so far
2025-04-10 02:39:42,412 - INFO - Found 20 startup cards on current view
2025-04-10 02:39:53,221 - INFO - Extracted 0 startups from current page
2025-04-10 02:39:53,228 - INFO - Trying URL-based pagination to page 36: https://topstartups.io/?hq_location=San+Francisco+Bay+Area&sort=funding&page=36
2025-04-10 02:39:56,828 - INFO - Successfully loaded page 36 with 20 cards
2025-04-10 02:39:56,829 - INFO - Progress: Extracted 547 startups so far
2025-04-10 02:39:56,842 - INFO - Found 20 startup cards on current view
2025-04-10 02:40:07,619 - INFO - Extracted 0 startups from current page
2025-04-10 02:40:07,624 - INFO - Trying URL-based pagination to page 37: https://topstartups.io/?hq_location=San+Francisco+Bay+Area&sort=funding&page=37
2025-04-10 02:40:11,146 - INFO - Successfully loaded page 37 with 20 cards
2025-04-10 02:40:11,146 - INFO - Progress: Extracted 547 startups so far
2025-04-10 02:40:11,160 - INFO - Found 20 startup cards on current view
2025-04-10 02:40:21,147 - INFO - Extracted 0 startups from current page
2025-04-10 02:40:21,152 - INFO - Trying URL-based pagination to page 38: https://topstartups.io/?hq_location=San+Francisco+Bay+Area&sort=funding&page=38
2025-04-10 02:40:24,669 - INFO - Successfully loaded page 38 with 20 cards
2025-04-10 02:40:24,669 - INFO - Progress: Extracted 547 startups so far
2025-04-10 02:40:24,683 - INFO - Found 20 startup cards on current view
2025-04-10 02:40:36,144 - INFO - Extracted 0 startups from current page
2025-04-10 02:40:36,150 - INFO - Trying URL-based pagination to page 39: https://topstartups.io/?hq_location=San+Francisco+Bay+Area&sort=funding&page=39
2025-04-10 02:40:39,701 - INFO - Successfully loaded page 39 with 20 cards
2025-04-10 02:40:39,701 - INFO - Progress: Extracted 547 startups so far
2025-04-10 02:40:39,714 - INFO - Found 20 startup cards on current view
2025-04-10 02:40:50,543 - INFO - Extracted 0 startups from current page
2025-04-10 02:40:50,549 - INFO - Trying URL-based pagination to page 40: https://topstartups.io/?hq_location=San+Francisco+Bay+Area&sort=funding&page=40
2025-04-10 02:40:54,078 - INFO - Successfully loaded page 40 with 20 cards
2025-04-10 02:40:54,078 - INFO - Progress: Extracted 547 startups so far
2025-04-10 02:40:54,092 - INFO - Found 20 startup cards on current view
2025-04-10 02:41:05,553 - INFO - Extracted 0 startups from current page
2025-04-10 02:41:05,559 - INFO - Trying URL-based pagination to page 41: https://topstartups.io/?hq_location=San+Francisco+Bay+Area&sort=funding&page=41
2025-04-10 02:41:09,103 - INFO - Successfully loaded page 41 with 20 cards
2025-04-10 02:41:09,103 - INFO - Progress: Extracted 547 startups so far
2025-04-10 02:41:09,116 - INFO - Found 20 startup cards on current view
2025-04-10 02:41:20,889 - INFO - Extracted 0 startups from current page
2025-04-10 02:41:20,894 - INFO - Trying URL-based pagination to page 42: https://topstartups.io/?hq_location=San+Francisco+Bay+Area&sort=funding&page=42
2025-04-10 02:41:24,412 - INFO - Successfully loaded page 42 with 20 cards
2025-04-10 02:41:24,412 - INFO - Progress: Extracted 547 startups so far
2025-04-10 02:41:24,425 - INFO - Found 20 startup cards on current view
2025-04-10 02:41:34,945 - INFO - Extracted 0 startups from current page
2025-04-10 02:41:34,950 - INFO - Trying URL-based pagination to page 43: https://topstartups.io/?hq_location=San+Francisco+Bay+Area&sort=funding&page=43
2025-04-10 02:41:38,468 - INFO - Successfully loaded page 43 with 20 cards
2025-04-10 02:41:38,468 - INFO - Progress: Extracted 547 startups so far
2025-04-10 02:41:38,481 - INFO - Found 20 startup cards on current view
2025-04-10 02:41:49,992 - INFO - Extracted 0 startups from current page
2025-04-10 02:41:49,997 - INFO - Trying URL-based pagination to page 44: https://topstartups.io/?hq_location=San+Francisco+Bay+Area&sort=funding&page=44
2025-04-10 02:41:53,534 - INFO - Successfully loaded page 44 with 20 cards
2025-04-10 02:41:53,535 - INFO - Progress: Extracted 547 startups so far
2025-04-10 02:41:53,547 - INFO - Found 20 startup cards on current view
2025-04-10 02:42:06,165 - INFO - Extracted 0 startups from current page
2025-04-10 02:42:06,171 - INFO - Trying URL-based pagination to page 45: https://topstartups.io/?hq_location=San+Francisco+Bay+Area&sort=funding&page=45
2025-04-10 02:42:09,693 - INFO - Successfully loaded page 45 with 20 cards
2025-04-10 02:42:09,693 - INFO - Progress: Extracted 547 startups so far
2025-04-10 02:42:09,706 - INFO - Found 20 startup cards on current view
2025-04-10 02:42:19,851 - INFO - Extracted 0 startups from current page
2025-04-10 02:42:19,891 - INFO - Trying URL-based pagination to page 46: https://topstartups.io/?hq_location=San+Francisco+Bay+Area&sort=funding&page=46
2025-04-10 02:42:23,366 - INFO - Successfully loaded page 46 with 20 cards
2025-04-10 02:42:23,367 - INFO - Progress: Extracted 547 startups so far
2025-04-10 02:42:23,380 - INFO - Found 20 startup cards on current view
2025-04-10 02:42:34,096 - INFO - Extracted 0 startups from current page
2025-04-10 02:42:34,101 - INFO - Trying URL-based pagination to page 47: https://topstartups.io/?hq_location=San+Francisco+Bay+Area&sort=funding&page=47
2025-04-10 02:42:37,648 - INFO - Successfully loaded page 47 with 20 cards
2025-04-10 02:42:37,648 - INFO - Progress: Extracted 547 startups so far
2025-04-10 02:42:37,662 - INFO - Found 20 startup cards on current view
2025-04-10 02:42:47,345 - INFO - Extracted 0 startups from current page
2025-04-10 02:42:47,351 - INFO - Trying URL-based pagination to page 48: https://topstartups.io/?hq_location=San+Francisco+Bay+Area&sort=funding&page=48
2025-04-10 02:42:50,872 - INFO - Successfully loaded page 48 with 20 cards
2025-04-10 02:42:50,872 - INFO - Progress: Extracted 547 startups so far
2025-04-10 02:42:50,886 - INFO - Found 20 startup cards on current view
2025-04-10 02:43:01,640 - INFO - Extracted 0 startups from current page
2025-04-10 02:43:01,646 - INFO - Trying URL-based pagination to page 49: https://topstartups.io/?hq_location=San+Francisco+Bay+Area&sort=funding&page=49
2025-04-10 02:43:05,134 - INFO - Successfully loaded page 49 with 20 cards
2025-04-10 02:43:05,134 - INFO - Progress: Extracted 547 startups so far
2025-04-10 02:43:05,147 - INFO - Found 20 startup cards on current view
2025-04-10 02:43:16,120 - INFO - Extracted 0 startups from current page
2025-04-10 02:43:16,128 - INFO - Trying URL-based pagination to page 50: https://topstartups.io/?hq_location=San+Francisco+Bay+Area&sort=funding&page=50
2025-04-10 02:43:19,462 - INFO - Successfully loaded page 50 with 20 cards
2025-04-10 02:43:19,463 - INFO - Progress: Extracted 547 startups so far
2025-04-10 02:43:19,476 - INFO - Found 20 startup cards on current view
2025-04-10 02:43:30,563 - INFO - Extracted 0 startups from current page
2025-04-10 02:43:30,569 - INFO - Trying URL-based pagination to page 51: https://topstartups.io/?hq_location=San+Francisco+Bay+Area&sort=funding&page=51
2025-04-10 02:43:34,102 - INFO - Successfully loaded page 51 with 20 cards
2025-04-10 02:43:34,102 - INFO - Progress: Extracted 547 startups so far
2025-04-10 02:43:34,119 - INFO - Found 20 startup cards on current view
2025-04-10 02:43:44,568 - INFO - Extracted 0 startups from current page
2025-04-10 02:43:44,574 - INFO - Trying URL-based pagination to page 52: https://topstartups.io/?hq_location=San+Francisco+Bay+Area&sort=funding&page=52
2025-04-10 02:43:47,907 - INFO - Successfully loaded page 52 with 20 cards
2025-04-10 02:43:47,908 - INFO - Progress: Extracted 547 startups so far
2025-04-10 02:43:47,924 - INFO - Found 20 startup cards on current view
2025-04-10 02:43:59,043 - INFO - Extracted 0 startups from current page
2025-04-10 02:43:59,050 - INFO - Trying URL-based pagination to page 53: https://topstartups.io/?hq_location=San+Francisco+Bay+Area&sort=funding&page=53
2025-04-10 02:44:02,388 - INFO - Successfully loaded page 53 with 20 cards
2025-04-10 02:44:02,388 - INFO - Progress: Extracted 547 startups so far
2025-04-10 02:44:02,407 - INFO - Found 20 startup cards on current view
2025-04-10 02:44:13,284 - INFO - Extracted 0 startups from current page
2025-04-10 02:44:13,290 - INFO - Trying URL-based pagination to page 54: https://topstartups.io/?hq_location=San+Francisco+Bay+Area&sort=funding&page=54
2025-04-10 02:44:16,826 - INFO - Successfully loaded page 54 with 20 cards
2025-04-10 02:44:16,827 - INFO - Progress: Extracted 547 startups so far
2025-04-10 02:44:16,843 - INFO - Found 20 startup cards on current view
2025-04-10 02:44:27,713 - INFO - Extracted 0 startups from current page
2025-04-10 02:44:27,718 - INFO - Trying URL-based pagination to page 55: https://topstartups.io/?hq_location=San+Francisco+Bay+Area&sort=funding&page=55
2025-04-10 02:44:31,248 - INFO - Successfully loaded page 55 with 20 cards
2025-04-10 02:44:31,248 - INFO - Progress: Extracted 547 startups so far
2025-04-10 02:44:31,262 - INFO - Found 20 startup cards on current view
2025-04-10 02:44:42,066 - INFO - Extracted 0 startups from current page
2025-04-10 02:44:42,072 - INFO - Trying URL-based pagination to page 56: https://topstartups.io/?hq_location=San+Francisco+Bay+Area&sort=funding&page=56
2025-04-10 02:44:45,596 - INFO - Successfully loaded page 56 with 20 cards
2025-04-10 02:44:45,596 - INFO - Progress: Extracted 547 startups so far
2025-04-10 02:44:45,609 - INFO - Found 20 startup cards on current view
2025-04-10 02:44:56,556 - INFO - Extracted 0 startups from current page
2025-04-10 02:44:56,560 - INFO - Trying URL-based pagination to page 57: https://topstartups.io/?hq_location=San+Francisco+Bay+Area&sort=funding&page=57
2025-04-10 02:45:00,054 - INFO - Successfully loaded page 57 with 20 cards
2025-04-10 02:45:00,054 - INFO - Progress: Extracted 547 startups so far
2025-04-10 02:45:00,067 - INFO - Found 20 startup cards on current view
2025-04-10 02:45:11,417 - INFO - Extracted 0 startups from current page
2025-04-10 02:45:11,423 - INFO - Trying URL-based pagination to page 58: https://topstartups.io/?hq_location=San+Francisco+Bay+Area&sort=funding&page=58
2025-04-10 02:45:14,939 - INFO - Successfully loaded page 58 with 20 cards
2025-04-10 02:45:14,940 - INFO - Progress: Extracted 547 startups so far
2025-04-10 02:45:14,953 - INFO - Found 20 startup cards on current view
2025-04-10 02:45:24,840 - INFO - Extracted 0 startups from current page
2025-04-10 02:45:24,846 - INFO - Trying URL-based pagination to page 59: https://topstartups.io/?hq_location=San+Francisco+Bay+Area&sort=funding&page=59
2025-04-10 02:45:28,478 - INFO - Successfully loaded page 59 with 20 cards
2025-04-10 02:45:28,478 - INFO - Progress: Extracted 547 startups so far
2025-04-10 02:45:28,491 - INFO - Found 20 startup cards on current view
2025-04-10 02:45:39,380 - INFO - Extracted 0 startups from current page
2025-04-10 02:45:39,385 - INFO - Trying URL-based pagination to page 60: https://topstartups.io/?hq_location=San+Francisco+Bay+Area&sort=funding&page=60
2025-04-10 02:45:42,778 - INFO - Successfully loaded page 60 with 20 cards
2025-04-10 02:45:42,778 - INFO - Progress: Extracted 547 startups so far
2025-04-10 02:45:42,791 - INFO - Found 20 startup cards on current view
2025-04-10 02:45:53,637 - INFO - Extracted 0 startups from current page
2025-04-10 02:45:53,644 - INFO - Trying URL-based pagination to page 61: https://topstartups.io/?hq_location=San+Francisco+Bay+Area&sort=funding&page=61
2025-04-10 02:45:57,152 - INFO - Successfully loaded page 61 with 20 cards
2025-04-10 02:45:57,152 - INFO - Progress: Extracted 547 startups so far
2025-04-10 02:45:57,166 - INFO - Found 20 startup cards on current view
2025-04-10 02:46:08,094 - INFO - Extracted 0 startups from current page
2025-04-10 02:46:08,101 - INFO - Trying URL-based pagination to page 62: https://topstartups.io/?hq_location=San+Francisco+Bay+Area&sort=funding&page=62
2025-04-10 02:46:11,600 - INFO - Successfully loaded page 62 with 20 cards
2025-04-10 02:46:11,600 - INFO - Progress: Extracted 547 startups so far
2025-04-10 02:46:11,614 - INFO - Found 20 startup cards on current view
2025-04-10 02:46:22,383 - INFO - Extracted 0 startups from current page
2025-04-10 02:46:22,388 - INFO - Trying URL-based pagination to page 63: https://topstartups.io/?hq_location=San+Francisco+Bay+Area&sort=funding&page=63
2025-04-10 02:46:25,905 - INFO - Successfully loaded page 63 with 20 cards
2025-04-10 02:46:25,906 - INFO - Progress: Extracted 547 startups so far
2025-04-10 02:46:25,920 - INFO - Found 20 startup cards on current view
2025-04-10 02:46:36,475 - INFO - Extracted 0 startups from current page
2025-04-10 02:46:36,481 - INFO - Trying URL-based pagination to page 64: https://topstartups.io/?hq_location=San+Francisco+Bay+Area&sort=funding&page=64
2025-04-10 02:46:40,049 - INFO - Successfully loaded page 64 with 20 cards
2025-04-10 02:46:40,049 - INFO - Progress: Extracted 547 startups so far
2025-04-10 02:46:40,062 - INFO - Found 20 startup cards on current view
2025-04-10 02:46:50,571 - INFO - Extracted 0 startups from current page
2025-04-10 02:46:50,577 - INFO - Trying URL-based pagination to page 65: https://topstartups.io/?hq_location=San+Francisco+Bay+Area&sort=funding&page=65
2025-04-10 02:46:54,075 - INFO - Successfully loaded page 65 with 20 cards
2025-04-10 02:46:54,075 - INFO - Progress: Extracted 547 startups so far
2025-04-10 02:46:54,088 - INFO - Found 20 startup cards on current view
2025-04-10 02:47:04,514 - INFO - Extracted 0 startups from current page
2025-04-10 02:47:04,521 - INFO - Trying URL-based pagination to page 66: https://topstartups.io/?hq_location=San+Francisco+Bay+Area&sort=funding&page=66
2025-04-10 02:47:08,120 - INFO - Successfully loaded page 66 with 20 cards
2025-04-10 02:47:08,120 - INFO - Progress: Extracted 547 startups so far
2025-04-10 02:47:08,133 - INFO - Found 20 startup cards on current view
2025-04-10 02:47:18,659 - INFO - Extracted 0 startups from current page
2025-04-10 02:47:18,679 - INFO - Trying URL-based pagination to page 67: https://topstartups.io/?hq_location=San+Francisco+Bay+Area&sort=funding&page=67
2025-04-10 02:47:22,155 - INFO - Successfully loaded page 67 with 20 cards
2025-04-10 02:47:22,156 - INFO - Progress: Extracted 547 startups so far
2025-04-10 02:47:22,169 - INFO - Found 20 startup cards on current view
2025-04-10 02:47:31,736 - INFO - Extracted 0 startups from current page
2025-04-10 02:47:31,748 - INFO - Trying URL-based pagination to page 68: https://topstartups.io/?hq_location=San+Francisco+Bay+Area&sort=funding&page=68
2025-04-10 02:47:35,351 - INFO - Successfully loaded page 68 with 20 cards
2025-04-10 02:47:35,351 - INFO - Progress: Extracted 547 startups so far
2025-04-10 02:47:35,364 - INFO - Found 20 startup cards on current view
2025-04-10 02:47:45,977 - INFO - Extracted 0 startups from current page
2025-04-10 02:47:45,984 - INFO - Trying URL-based pagination to page 69: https://topstartups.io/?hq_location=San+Francisco+Bay+Area&sort=funding&page=69
2025-04-10 02:47:49,516 - INFO - Successfully loaded page 69 with 20 cards
2025-04-10 02:47:49,516 - INFO - Progress: Extracted 547 startups so far
2025-04-10 02:47:49,529 - INFO - Found 20 startup cards on current view
2025-04-10 02:47:59,783 - INFO - Extracted 0 startups from current page
2025-04-10 02:47:59,789 - INFO - Trying URL-based pagination to page 70: https://topstartups.io/?hq_location=San+Francisco+Bay+Area&sort=funding&page=70
2025-04-10 02:48:03,428 - INFO - Successfully loaded page 70 with 20 cards
2025-04-10 02:48:03,428 - INFO - Progress: Extracted 547 startups so far
2025-04-10 02:48:03,441 - INFO - Found 20 startup cards on current view
2025-04-10 02:48:14,281 - INFO - Extracted 0 startups from current page
2025-04-10 02:48:14,288 - INFO - Trying URL-based pagination to page 71: https://topstartups.io/?hq_location=San+Francisco+Bay+Area&sort=funding&page=71
2025-04-10 02:48:18,086 - INFO - Successfully loaded page 71 with 20 cards
2025-04-10 02:48:18,086 - INFO - Progress: Extracted 547 startups so far
2025-04-10 02:48:18,099 - INFO - Found 20 startup cards on current view
2025-04-10 02:48:28,639 - INFO - Extracted 0 startups from current page
2025-04-10 02:48:28,646 - INFO - Trying URL-based pagination to page 72: https://topstartups.io/?hq_location=San+Francisco+Bay+Area&sort=funding&page=72
2025-04-10 02:48:32,137 - INFO - Successfully loaded page 72 with 20 cards
2025-04-10 02:48:32,138 - INFO - Progress: Extracted 547 startups so far
2025-04-10 02:48:32,151 - INFO - Found 20 startup cards on current view
2025-04-10 02:48:43,054 - INFO - Extracted 0 startups from current page
2025-04-10 02:48:43,061 - INFO - Trying URL-based pagination to page 73: https://topstartups.io/?hq_location=San+Francisco+Bay+Area&sort=funding&page=73
2025-04-10 02:48:46,571 - INFO - Successfully loaded page 73 with 20 cards
2025-04-10 02:48:46,573 - INFO - Progress: Extracted 547 startups so far
2025-04-10 02:48:46,586 - INFO - Found 20 startup cards on current view
2025-04-10 02:48:57,331 - INFO - Extracted 0 startups from current page
2025-04-10 02:48:57,338 - INFO - Trying URL-based pagination to page 74: https://topstartups.io/?hq_location=San+Francisco+Bay+Area&sort=funding&page=74
2025-04-10 02:49:00,862 - INFO - Successfully loaded page 74 with 20 cards
2025-04-10 02:49:00,862 - INFO - Progress: Extracted 547 startups so far
2025-04-10 02:49:00,875 - INFO - Found 20 startup cards on current view
2025-04-10 02:49:10,825 - INFO - Extracted 0 startups from current page
2025-04-10 02:49:10,830 - INFO - Trying URL-based pagination to page 75: https://topstartups.io/?hq_location=San+Francisco+Bay+Area&sort=funding&page=75
2025-04-10 02:49:14,340 - INFO - Successfully loaded page 75 with 20 cards
2025-04-10 02:49:14,340 - INFO - Progress: Extracted 547 startups so far
2025-04-10 02:49:14,353 - INFO - Found 20 startup cards on current view
2025-04-10 02:49:25,446 - INFO - Extracted 0 startups from current page
2025-04-10 02:49:25,461 - INFO - Trying URL-based pagination to page 76: https://topstartups.io/?hq_location=San+Francisco+Bay+Area&sort=funding&page=76
2025-04-10 02:49:29,006 - INFO - Successfully loaded page 76 with 20 cards
2025-04-10 02:49:29,006 - INFO - Progress: Extracted 547 startups so far
2025-04-10 02:49:29,020 - INFO - Found 20 startup cards on current view
2025-04-10 02:49:40,290 - INFO - Extracted 0 startups from current page
2025-04-10 02:49:40,296 - INFO - Trying URL-based pagination to page 77: https://topstartups.io/?hq_location=San+Francisco+Bay+Area&sort=funding&page=77
2025-04-10 02:49:43,799 - INFO - Successfully loaded page 77 with 20 cards
2025-04-10 02:49:43,799 - INFO - Progress: Extracted 547 startups so far
2025-04-10 02:49:43,812 - INFO - Found 20 startup cards on current view
2025-04-10 02:49:54,336 - INFO - Extracted 0 startups from current page
2025-04-10 02:49:54,341 - INFO - Trying URL-based pagination to page 78: https://topstartups.io/?hq_location=San+Francisco+Bay+Area&sort=funding&page=78
2025-04-10 02:49:57,923 - INFO - Successfully loaded page 78 with 20 cards
2025-04-10 02:49:57,925 - INFO - Progress: Extracted 547 startups so far
2025-04-10 02:49:57,937 - INFO - Found 20 startup cards on current view
2025-04-10 02:50:09,047 - INFO - Extracted 0 startups from current page
2025-04-10 02:50:09,080 - INFO - Trying URL-based pagination to page 79: https://topstartups.io/?hq_location=San+Francisco+Bay+Area&sort=funding&page=79
2025-04-10 02:50:12,561 - INFO - Successfully loaded page 79 with 20 cards
2025-04-10 02:50:12,561 - INFO - Progress: Extracted 547 startups so far
2025-04-10 02:50:12,574 - INFO - Found 20 startup cards on current view
2025-04-10 02:50:22,974 - INFO - Extracted 0 startups from current page
2025-04-10 02:50:22,980 - INFO - Trying URL-based pagination to page 80: https://topstartups.io/?hq_location=San+Francisco+Bay+Area&sort=funding&page=80
2025-04-10 02:50:26,557 - INFO - Successfully loaded page 80 with 20 cards
2025-04-10 02:50:26,557 - INFO - Progress: Extracted 547 startups so far
2025-04-10 02:50:26,576 - INFO - Found 20 startup cards on current view
2025-04-10 02:50:36,930 - INFO - Extracted 0 startups from current page
2025-04-10 02:50:36,937 - INFO - Trying URL-based pagination to page 81: https://topstartups.io/?hq_location=San+Francisco+Bay+Area&sort=funding&page=81
2025-04-10 02:50:40,454 - INFO - Successfully loaded page 81 with 20 cards
2025-04-10 02:50:40,455 - INFO - Progress: Extracted 547 startups so far
2025-04-10 02:50:40,468 - INFO - Found 20 startup cards on current view
2025-04-10 02:50:51,493 - INFO - Extracted 0 startups from current page
2025-04-10 02:50:51,501 - INFO - Trying URL-based pagination to page 82: https://topstartups.io/?hq_location=San+Francisco+Bay+Area&sort=funding&page=82
2025-04-10 02:50:55,021 - INFO - Successfully loaded page 82 with 20 cards
2025-04-10 02:50:55,021 - INFO - Progress: Extracted 547 startups so far
2025-04-10 02:50:55,035 - INFO - Found 20 startup cards on current view
2025-04-10 02:51:05,866 - INFO - Extracted 0 startups from current page
2025-04-10 02:51:05,872 - INFO - Trying URL-based pagination to page 83: https://topstartups.io/?hq_location=San+Francisco+Bay+Area&sort=funding&page=83
2025-04-10 02:51:09,486 - INFO - Successfully loaded page 83 with 20 cards
2025-04-10 02:51:09,486 - INFO - Progress: Extracted 547 startups so far
2025-04-10 02:51:09,499 - INFO - Found 20 startup cards on current view
2025-04-10 02:51:21,093 - INFO - Extracted 0 startups from current page
2025-04-10 02:51:21,100 - INFO - Trying URL-based pagination to page 84: https://topstartups.io/?hq_location=San+Francisco+Bay+Area&sort=funding&page=84
2025-04-10 02:51:24,699 - INFO - Successfully loaded page 84 with 20 cards
2025-04-10 02:51:24,701 - INFO - Progress: Extracted 547 startups so far
2025-04-10 02:51:24,714 - INFO - Found 20 startup cards on current view
2025-04-10 02:51:34,485 - INFO - Extracted 0 startups from current page
2025-04-10 02:51:34,491 - INFO - Trying URL-based pagination to page 85: https://topstartups.io/?hq_location=San+Francisco+Bay+Area&sort=funding&page=85
2025-04-10 02:51:38,033 - INFO - Successfully loaded page 85 with 20 cards
2025-04-10 02:51:38,034 - INFO - Progress: Extracted 547 startups so far
2025-04-10 02:51:38,059 - INFO - Found 20 startup cards on current view
2025-04-10 02:51:48,977 - INFO - Extracted 0 startups from current page
2025-04-10 02:51:48,982 - INFO - Trying URL-based pagination to page 86: https://topstartups.io/?hq_location=San+Francisco+Bay+Area&sort=funding&page=86
2025-04-10 02:51:52,479 - INFO - Successfully loaded page 86 with 20 cards
2025-04-10 02:51:52,479 - INFO - Progress: Extracted 547 startups so far
2025-04-10 02:51:52,492 - INFO - Found 20 startup cards on current view
2025-04-10 02:52:02,927 - INFO - Extracted 0 startups from current page
2025-04-10 02:52:02,935 - INFO - Trying URL-based pagination to page 87: https://topstartups.io/?hq_location=San+Francisco+Bay+Area&sort=funding&page=87
2025-04-10 02:52:06,551 - INFO - Successfully loaded page 87 with 20 cards
2025-04-10 02:52:06,551 - INFO - Progress: Extracted 547 startups so far
2025-04-10 02:52:06,568 - INFO - Found 20 startup cards on current view
2025-04-10 02:52:17,288 - INFO - Extracted 0 startups from current page
2025-04-10 02:52:17,294 - INFO - Trying URL-based pagination to page 88: https://topstartups.io/?hq_location=San+Francisco+Bay+Area&sort=funding&page=88
2025-04-10 02:52:20,824 - INFO - Successfully loaded page 88 with 20 cards
2025-04-10 02:52:20,824 - INFO - Progress: Extracted 547 startups so far
2025-04-10 02:52:20,838 - INFO - Found 20 startup cards on current view
2025-04-10 02:52:31,424 - INFO - Extracted 0 startups from current page
2025-04-10 02:52:31,431 - INFO - Trying URL-based pagination to page 89: https://topstartups.io/?hq_location=San+Francisco+Bay+Area&sort=funding&page=89
2025-04-10 02:52:34,989 - INFO - Successfully loaded page 89 with 20 cards
2025-04-10 02:52:34,990 - INFO - Progress: Extracted 547 startups so far
2025-04-10 02:52:35,003 - INFO - Found 20 startup cards on current view
2025-04-10 02:52:45,324 - INFO - Extracted 0 startups from current page
2025-04-10 02:52:45,331 - INFO - Trying URL-based pagination to page 90: https://topstartups.io/?hq_location=San+Francisco+Bay+Area&sort=funding&page=90
2025-04-10 02:52:48,862 - INFO - Successfully loaded page 90 with 20 cards
2025-04-10 02:52:48,862 - INFO - Progress: Extracted 547 startups so far
2025-04-10 02:52:48,878 - INFO - Found 20 startup cards on current view
2025-04-10 02:52:59,123 - INFO - Extracted 0 startups from current page
2025-04-10 02:52:59,130 - INFO - Trying URL-based pagination to page 91: https://topstartups.io/?hq_location=San+Francisco+Bay+Area&sort=funding&page=91
2025-04-10 02:53:02,675 - INFO - Successfully loaded page 91 with 20 cards
2025-04-10 02:53:02,675 - INFO - Progress: Extracted 547 startups so far
2025-04-10 02:53:02,688 - INFO - Found 20 startup cards on current view
2025-04-10 02:53:13,207 - INFO - Extracted 0 startups from current page
2025-04-10 02:53:13,214 - INFO - Trying URL-based pagination to page 92: https://topstartups.io/?hq_location=San+Francisco+Bay+Area&sort=funding&page=92
2025-04-10 02:53:16,737 - INFO - Successfully loaded page 92 with 20 cards
2025-04-10 02:53:16,737 - INFO - Progress: Extracted 547 startups so far
2025-04-10 02:53:16,750 - INFO - Found 20 startup cards on current view
2025-04-10 02:53:27,173 - INFO - Extracted 0 startups from current page
2025-04-10 02:53:27,179 - INFO - Trying URL-based pagination to page 93: https://topstartups.io/?hq_location=San+Francisco+Bay+Area&sort=funding&page=93
2025-04-10 02:53:30,706 - INFO - Successfully loaded page 93 with 20 cards
2025-04-10 02:53:30,706 - INFO - Progress: Extracted 547 startups so far
2025-04-10 02:53:30,719 - INFO - Found 20 startup cards on current view
2025-04-10 02:53:41,287 - INFO - Extracted 0 startups from current page
2025-04-10 02:53:41,293 - INFO - Trying URL-based pagination to page 94: https://topstartups.io/?hq_location=San+Francisco+Bay+Area&sort=funding&page=94
2025-04-10 02:53:44,859 - INFO - Successfully loaded page 94 with 20 cards
2025-04-10 02:53:44,859 - INFO - Progress: Extracted 547 startups so far
2025-04-10 02:53:44,872 - INFO - Found 20 startup cards on current view
2025-04-10 02:53:54,883 - INFO - Extracted 0 startups from current page
2025-04-10 02:53:54,890 - INFO - Trying URL-based pagination to page 95: https://topstartups.io/?hq_location=San+Francisco+Bay+Area&sort=funding&page=95
2025-04-10 02:53:58,419 - INFO - Successfully loaded page 95 with 20 cards
2025-04-10 02:53:58,419 - INFO - Progress: Extracted 547 startups so far
2025-04-10 02:53:58,433 - INFO - Found 20 startup cards on current view
2025-04-10 02:54:10,025 - INFO - Extracted 0 startups from current page
2025-04-10 02:54:10,032 - INFO - Trying URL-based pagination to page 96: https://topstartups.io/?hq_location=San+Francisco+Bay+Area&sort=funding&page=96
2025-04-10 02:54:13,583 - INFO - Successfully loaded page 96 with 20 cards
2025-04-10 02:54:13,584 - INFO - Progress: Extracted 547 startups so far
2025-04-10 02:54:13,671 - INFO - Found 20 startup cards on current view
2025-04-10 02:54:24,797 - INFO - Extracted 0 startups from current page
2025-04-10 02:54:24,805 - INFO - Trying URL-based pagination to page 97: https://topstartups.io/?hq_location=San+Francisco+Bay+Area&sort=funding&page=97
2025-04-10 02:54:28,167 - INFO - Successfully loaded page 97 with 20 cards
2025-04-10 02:54:28,168 - INFO - Progress: Extracted 547 startups so far
2025-04-10 02:54:28,183 - INFO - Found 20 startup cards on current view
2025-04-10 02:54:39,185 - INFO - Extracted 0 startups from current page
2025-04-10 02:54:39,191 - INFO - Trying URL-based pagination to page 98: https://topstartups.io/?hq_location=San+Francisco+Bay+Area&sort=funding&page=98
2025-04-10 02:54:42,704 - INFO - Successfully loaded page 98 with 20 cards
2025-04-10 02:54:42,705 - INFO - Progress: Extracted 547 startups so far
2025-04-10 02:54:42,717 - INFO - Found 20 startup cards on current view
2025-04-10 02:54:54,048 - INFO - Extracted 0 startups from current page
2025-04-10 02:54:54,053 - INFO - Trying URL-based pagination to page 99: https://topstartups.io/?hq_location=San+Francisco+Bay+Area&sort=funding&page=99
2025-04-10 02:54:57,548 - INFO - Successfully loaded page 99 with 20 cards
2025-04-10 02:54:57,548 - INFO - Progress: Extracted 547 startups so far
2025-04-10 02:54:57,561 - INFO - Found 20 startup cards on current view
2025-04-10 02:55:07,552 - INFO - Extracted 0 startups from current page
2025-04-10 02:55:07,559 - INFO - Trying URL-based pagination to page 100: https://topstartups.io/?hq_location=San+Francisco+Bay+Area&sort=funding&page=100
2025-04-10 02:55:11,252 - INFO - Successfully loaded page 100 with 20 cards
2025-04-10 02:55:11,253 - INFO - Progress: Extracted 547 startups so far
2025-04-10 02:55:11,265 - INFO - Found 20 startup cards on current view
2025-04-10 02:55:22,975 - INFO - Extracted 0 startups from current page
2025-04-10 02:55:22,982 - INFO - Trying URL-based pagination to page 101: https://topstartups.io/?hq_location=San+Francisco+Bay+Area&sort=funding&page=101
2025-04-10 02:55:26,526 - INFO - Successfully loaded page 101 with 20 cards
2025-04-10 02:55:26,527 - INFO - Progress: Extracted 547 startups so far
2025-04-10 02:55:26,540 - INFO - Found 20 startup cards on current view
2025-04-10 02:55:37,194 - INFO - Extracted 0 startups from current page
2025-04-10 02:55:37,201 - INFO - Trying URL-based pagination to page 102: https://topstartups.io/?hq_location=San+Francisco+Bay+Area&sort=funding&page=102
2025-04-10 02:55:40,519 - INFO - Successfully loaded page 102 with 20 cards
2025-04-10 02:55:40,519 - INFO - Progress: Extracted 547 startups so far
2025-04-10 02:55:40,532 - INFO - Found 20 startup cards on current view
2025-04-10 02:55:51,712 - INFO - Extracted 0 startups from current page
2025-04-10 02:55:51,718 - INFO - Trying URL-based pagination to page 103: https://topstartups.io/?hq_location=San+Francisco+Bay+Area&sort=funding&page=103
2025-04-10 02:55:55,222 - INFO - Successfully loaded page 103 with 20 cards
2025-04-10 02:55:55,222 - INFO - Progress: Extracted 547 startups so far
2025-04-10 02:55:55,235 - INFO - Found 20 startup cards on current view
2025-04-10 02:56:06,441 - INFO - Extracted 0 startups from current page
2025-04-10 02:56:06,447 - INFO - Trying URL-based pagination to page 104: https://topstartups.io/?hq_location=San+Francisco+Bay+Area&sort=funding&page=104
2025-04-10 02:56:10,264 - INFO - Successfully loaded page 104 with 20 cards
2025-04-10 02:56:10,264 - INFO - Progress: Extracted 547 startups so far
2025-04-10 02:56:10,278 - INFO - Found 20 startup cards on current view
2025-04-10 02:56:20,960 - INFO - Extracted 0 startups from current page
2025-04-10 02:56:20,966 - INFO - Trying URL-based pagination to page 105: https://topstartups.io/?hq_location=San+Francisco+Bay+Area&sort=funding&page=105
2025-04-10 02:56:24,468 - INFO - Successfully loaded page 105 with 20 cards
2025-04-10 02:56:24,471 - INFO - Progress: Extracted 547 startups so far
2025-04-10 02:56:24,504 - INFO - Found 20 startup cards on current view
2025-04-10 02:56:35,318 - INFO - Extracted 0 startups from current page
2025-04-10 02:56:35,324 - INFO - Trying URL-based pagination to page 106: https://topstartups.io/?hq_location=San+Francisco+Bay+Area&sort=funding&page=106
2025-04-10 02:56:38,878 - INFO - Successfully loaded page 106 with 20 cards
2025-04-10 02:56:38,878 - INFO - Progress: Extracted 547 startups so far
2025-04-10 02:56:38,891 - INFO - Found 20 startup cards on current view
2025-04-10 02:56:48,952 - INFO - Extracted 0 startups from current page
2025-04-10 02:56:48,959 - INFO - Trying URL-based pagination to page 107: https://topstartups.io/?hq_location=San+Francisco+Bay+Area&sort=funding&page=107
2025-04-10 02:56:52,482 - INFO - Successfully loaded page 107 with 20 cards
2025-04-10 02:56:52,482 - INFO - Progress: Extracted 547 startups so far
2025-04-10 02:56:52,495 - INFO - Found 20 startup cards on current view
2025-04-10 02:57:02,933 - INFO - Extracted 0 startups from current page
2025-04-10 02:57:02,940 - INFO - Trying URL-based pagination to page 108: https://topstartups.io/?hq_location=San+Francisco+Bay+Area&sort=funding&page=108
2025-04-10 02:57:06,644 - INFO - Successfully loaded page 108 with 20 cards
2025-04-10 02:57:06,645 - INFO - Progress: Extracted 547 startups so far
2025-04-10 02:57:06,660 - INFO - Found 20 startup cards on current view
2025-04-10 02:57:17,413 - INFO - Extracted 0 startups from current page
2025-04-10 02:57:17,418 - INFO - Trying URL-based pagination to page 109: https://topstartups.io/?hq_location=San+Francisco+Bay+Area&sort=funding&page=109
2025-04-10 02:57:20,945 - INFO - Successfully loaded page 109 with 20 cards
2025-04-10 02:57:20,946 - INFO - Progress: Extracted 547 startups so far
2025-04-10 02:57:20,959 - INFO - Found 20 startup cards on current view
2025-04-10 02:57:32,102 - INFO - Extracted 0 startups from current page
2025-04-10 02:57:32,107 - INFO - Trying URL-based pagination to page 110: https://topstartups.io/?hq_location=San+Francisco+Bay+Area&sort=funding&page=110
2025-04-10 02:57:35,592 - INFO - Successfully loaded page 110 with 20 cards
2025-04-10 02:57:35,592 - INFO - Progress: Extracted 547 startups so far
2025-04-10 02:57:35,606 - INFO - Found 20 startup cards on current view
2025-04-10 02:57:46,167 - INFO - Extracted 0 startups from current page
2025-04-10 02:57:46,174 - INFO - Trying URL-based pagination to page 111: https://topstartups.io/?hq_location=San+Francisco+Bay+Area&sort=funding&page=111
2025-04-10 02:57:49,651 - INFO - Successfully loaded page 111 with 20 cards
2025-04-10 02:57:49,651 - INFO - Progress: Extracted 547 startups so far
2025-04-10 02:57:49,664 - INFO - Found 20 startup cards on current view
2025-04-10 02:57:59,881 - INFO - Extracted 0 startups from current page
2025-04-10 02:57:59,886 - INFO - Trying URL-based pagination to page 112: https://topstartups.io/?hq_location=San+Francisco+Bay+Area&sort=funding&page=112
2025-04-10 02:58:03,680 - INFO - Successfully loaded page 112 with 20 cards
2025-04-10 02:58:03,680 - INFO - Progress: Extracted 547 startups so far
2025-04-10 02:58:03,693 - INFO - Found 20 startup cards on current view
2025-04-10 02:58:14,902 - INFO - Extracted 0 startups from current page
2025-04-10 02:58:14,908 - INFO - Trying URL-based pagination to page 113: https://topstartups.io/?hq_location=San+Francisco+Bay+Area&sort=funding&page=113
2025-04-10 02:58:18,465 - INFO - Successfully loaded page 113 with 20 cards
2025-04-10 02:58:18,465 - INFO - Progress: Extracted 547 startups so far
2025-04-10 02:58:18,479 - INFO - Found 20 startup cards on current view
2025-04-10 02:58:28,669 - INFO - Extracted 0 startups from current page
2025-04-10 02:58:28,676 - INFO - Trying URL-based pagination to page 114: https://topstartups.io/?hq_location=San+Francisco+Bay+Area&sort=funding&page=114
2025-04-10 02:58:32,187 - INFO - Successfully loaded page 114 with 20 cards
2025-04-10 02:58:32,187 - INFO - Progress: Extracted 547 startups so far
2025-04-10 02:58:32,201 - INFO - Found 20 startup cards on current view
2025-04-10 02:58:41,596 - INFO - Extracted 0 startups from current page
2025-04-10 02:58:41,603 - INFO - Trying URL-based pagination to page 115: https://topstartups.io/?hq_location=San+Francisco+Bay+Area&sort=funding&page=115
2025-04-10 02:58:45,093 - INFO - Successfully loaded page 115 with 20 cards
2025-04-10 02:58:45,093 - INFO - Progress: Extracted 547 startups so far
2025-04-10 02:58:45,107 - INFO - Found 20 startup cards on current view
2025-04-10 02:58:55,700 - INFO - Extracted 0 startups from current page
2025-04-10 02:58:55,706 - INFO - Trying URL-based pagination to page 116: https://topstartups.io/?hq_location=San+Francisco+Bay+Area&sort=funding&page=116
2025-04-10 02:58:59,235 - INFO - Successfully loaded page 116 with 20 cards
2025-04-10 02:58:59,235 - INFO - Progress: Extracted 547 startups so far
2025-04-10 02:58:59,248 - INFO - Found 20 startup cards on current view
2025-04-10 02:59:09,737 - INFO - Extracted 0 startups from current page
2025-04-10 02:59:09,743 - INFO - Trying URL-based pagination to page 117: https://topstartups.io/?hq_location=San+Francisco+Bay+Area&sort=funding&page=117
2025-04-10 02:59:13,286 - INFO - Successfully loaded page 117 with 20 cards
2025-04-10 02:59:13,286 - INFO - Progress: Extracted 547 startups so far
2025-04-10 02:59:13,299 - INFO - Found 20 startup cards on current view
2025-04-10 02:59:24,130 - INFO - Extracted 0 startups from current page
2025-04-10 02:59:24,136 - INFO - Trying URL-based pagination to page 118: https://topstartups.io/?hq_location=San+Francisco+Bay+Area&sort=funding&page=118
2025-04-10 02:59:27,649 - INFO - Successfully loaded page 118 with 20 cards
2025-04-10 02:59:27,649 - INFO - Progress: Extracted 547 startups so far
2025-04-10 02:59:27,663 - INFO - Found 20 startup cards on current view
2025-04-10 02:59:37,673 - INFO - Extracted 0 startups from current page
2025-04-10 02:59:37,687 - INFO - Trying URL-based pagination to page 119: https://topstartups.io/?hq_location=San+Francisco+Bay+Area&sort=funding&page=119
2025-04-10 02:59:41,223 - INFO - Successfully loaded page 119 with 20 cards
2025-04-10 02:59:41,224 - INFO - Progress: Extracted 547 startups so far
2025-04-10 02:59:41,266 - INFO - Found 20 startup cards on current view
2025-04-10 02:59:51,783 - INFO - Extracted 0 startups from current page
2025-04-10 02:59:51,789 - INFO - Trying URL-based pagination to page 120: https://topstartups.io/?hq_location=San+Francisco+Bay+Area&sort=funding&page=120
2025-04-10 02:59:55,408 - INFO - Successfully loaded page 120 with 20 cards
2025-04-10 02:59:55,409 - INFO - Progress: Extracted 547 startups so far
2025-04-10 02:59:55,423 - INFO - Found 20 startup cards on current view
2025-04-10 03:00:06,922 - INFO - Extracted 0 startups from current page
2025-04-10 03:00:06,928 - INFO - Trying URL-based pagination to page 121: https://topstartups.io/?hq_location=San+Francisco+Bay+Area&sort=funding&page=121
2025-04-10 03:00:10,613 - INFO - Successfully loaded page 121 with 20 cards
2025-04-10 03:00:10,614 - INFO - Progress: Extracted 547 startups so far
2025-04-10 03:00:10,626 - INFO - Found 20 startup cards on current view
2025-04-10 03:00:21,144 - INFO - Extracted 0 startups from current page
2025-04-10 03:00:21,151 - INFO - Trying URL-based pagination to page 122: https://topstartups.io/?hq_location=San+Francisco+Bay+Area&sort=funding&page=122
2025-04-10 03:00:24,740 - INFO - Successfully loaded page 122 with 20 cards
2025-04-10 03:00:24,740 - INFO - Progress: Extracted 547 startups so far
2025-04-10 03:00:24,753 - INFO - Found 20 startup cards on current view
2025-04-10 03:00:34,397 - INFO - Extracted 0 startups from current page
2025-04-10 03:00:34,403 - INFO - Trying URL-based pagination to page 123: https://topstartups.io/?hq_location=San+Francisco+Bay+Area&sort=funding&page=123
2025-04-10 03:00:37,930 - INFO - Successfully loaded page 123 with 20 cards
2025-04-10 03:00:37,930 - INFO - Progress: Extracted 547 startups so far
2025-04-10 03:00:37,944 - INFO - Found 20 startup cards on current view
2025-04-10 03:00:48,902 - INFO - Extracted 0 startups from current page
2025-04-10 03:00:48,907 - INFO - Trying URL-based pagination to page 124: https://topstartups.io/?hq_location=San+Francisco+Bay+Area&sort=funding&page=124
2025-04-10 03:00:52,442 - INFO - Successfully loaded page 124 with 20 cards
2025-04-10 03:00:52,442 - INFO - Progress: Extracted 547 startups so far
2025-04-10 03:00:52,455 - INFO - Found 20 startup cards on current view
2025-04-10 03:01:03,230 - INFO - Extracted 0 startups from current page
2025-04-10 03:01:03,236 - INFO - Trying URL-based pagination to page 125: https://topstartups.io/?hq_location=San+Francisco+Bay+Area&sort=funding&page=125
2025-04-10 03:01:06,909 - INFO - Successfully loaded page 125 with 20 cards
2025-04-10 03:01:06,909 - INFO - Progress: Extracted 547 startups so far
2025-04-10 03:01:06,922 - INFO - Found 20 startup cards on current view
2025-04-10 03:01:17,458 - INFO - Extracted 0 startups from current page
2025-04-10 03:01:17,465 - INFO - Trying URL-based pagination to page 126: https://topstartups.io/?hq_location=San+Francisco+Bay+Area&sort=funding&page=126
2025-04-10 03:01:21,130 - INFO - Successfully loaded page 126 with 20 cards
2025-04-10 03:01:21,130 - INFO - Progress: Extracted 547 startups so far
2025-04-10 03:01:21,143 - INFO - Found 20 startup cards on current view
2025-04-10 03:01:31,936 - INFO - Extracted 0 startups from current page
2025-04-10 03:01:31,941 - INFO - Trying URL-based pagination to page 127: https://topstartups.io/?hq_location=San+Francisco+Bay+Area&sort=funding&page=127
2025-04-10 03:01:35,577 - INFO - Successfully loaded page 127 with 20 cards
2025-04-10 03:01:35,577 - INFO - Progress: Extracted 547 startups so far
2025-04-10 03:01:35,591 - INFO - Found 20 startup cards on current view
2025-04-10 03:01:45,223 - INFO - Extracted 0 startups from current page
2025-04-10 03:01:45,229 - INFO - Trying URL-based pagination to page 128: https://topstartups.io/?hq_location=San+Francisco+Bay+Area&sort=funding&page=128
2025-04-10 03:01:48,858 - INFO - Successfully loaded page 128 with 20 cards
2025-04-10 03:01:48,859 - INFO - Progress: Extracted 547 startups so far
2025-04-10 03:01:48,872 - INFO - Found 20 startup cards on current view
2025-04-10 03:01:59,154 - INFO - Extracted 0 startups from current page
2025-04-10 03:01:59,161 - INFO - Trying URL-based pagination to page 129: https://topstartups.io/?hq_location=San+Francisco+Bay+Area&sort=funding&page=129
2025-04-10 03:02:02,860 - INFO - Successfully loaded page 129 with 20 cards
2025-04-10 03:02:02,860 - INFO - Progress: Extracted 547 startups so far
2025-04-10 03:02:02,873 - INFO - Found 20 startup cards on current view
2025-04-10 03:02:12,879 - INFO - Extracted 0 startups from current page
2025-04-10 03:02:12,886 - INFO - Trying URL-based pagination to page 130: https://topstartups.io/?hq_location=San+Francisco+Bay+Area&sort=funding&page=130
2025-04-10 03:02:16,511 - INFO - Successfully loaded page 130 with 20 cards
2025-04-10 03:02:16,511 - INFO - Progress: Extracted 547 startups so far
2025-04-10 03:02:16,527 - INFO - Found 20 startup cards on current view
2025-04-10 03:02:28,201 - INFO - Extracted 0 startups from current page
2025-04-10 03:02:28,208 - INFO - Trying URL-based pagination to page 131: https://topstartups.io/?hq_location=San+Francisco+Bay+Area&sort=funding&page=131
2025-04-10 03:02:31,816 - INFO - Successfully loaded page 131 with 20 cards
2025-04-10 03:02:31,816 - INFO - Progress: Extracted 547 startups so far
2025-04-10 03:02:31,830 - INFO - Found 20 startup cards on current view
2025-04-10 03:02:42,314 - INFO - Extracted 0 startups from current page
2025-04-10 03:02:42,331 - INFO - Trying URL-based pagination to page 132: https://topstartups.io/?hq_location=San+Francisco+Bay+Area&sort=funding&page=132
2025-04-10 03:02:45,975 - INFO - Successfully loaded page 132 with 20 cards
2025-04-10 03:02:45,975 - INFO - Progress: Extracted 547 startups so far
2025-04-10 03:02:45,989 - INFO - Found 20 startup cards on current view
2025-04-10 03:02:56,592 - INFO - Extracted 0 startups from current page
2025-04-10 03:02:56,599 - INFO - Trying URL-based pagination to page 133: https://topstartups.io/?hq_location=San+Francisco+Bay+Area&sort=funding&page=133
2025-04-10 03:03:00,240 - INFO - Successfully loaded page 133 with 20 cards
2025-04-10 03:03:00,241 - INFO - Progress: Extracted 547 startups so far
2025-04-10 03:03:00,254 - INFO - Found 20 startup cards on current view
2025-04-10 03:03:10,956 - INFO - Extracted 0 startups from current page
2025-04-10 03:03:10,962 - INFO - Trying URL-based pagination to page 134: https://topstartups.io/?hq_location=San+Francisco+Bay+Area&sort=funding&page=134
2025-04-10 03:03:14,437 - INFO - Successfully loaded page 134 with 20 cards
2025-04-10 03:03:14,437 - INFO - Progress: Extracted 547 startups so far
2025-04-10 03:03:14,450 - INFO - Found 20 startup cards on current view
2025-04-10 03:03:25,002 - INFO - Extracted 0 startups from current page
2025-04-10 03:03:25,010 - INFO - Trying URL-based pagination to page 135: https://topstartups.io/?hq_location=San+Francisco+Bay+Area&sort=funding&page=135
2025-04-10 03:03:28,710 - INFO - Successfully loaded page 135 with 20 cards
2025-04-10 03:03:28,710 - INFO - Progress: Extracted 547 startups so far
2025-04-10 03:03:28,723 - INFO - Found 20 startup cards on current view
2025-04-10 03:03:39,449 - INFO - Extracted 0 startups from current page
2025-04-10 03:03:39,454 - INFO - Trying URL-based pagination to page 136: https://topstartups.io/?hq_location=San+Francisco+Bay+Area&sort=funding&page=136
2025-04-10 03:03:43,068 - INFO - Successfully loaded page 136 with 20 cards
2025-04-10 03:03:43,068 - INFO - Progress: Extracted 547 startups so far
2025-04-10 03:03:43,082 - INFO - Found 20 startup cards on current view
2025-04-10 03:03:53,528 - INFO - Extracted 0 startups from current page
2025-04-10 03:03:53,534 - INFO - Trying URL-based pagination to page 137: https://topstartups.io/?hq_location=San+Francisco+Bay+Area&sort=funding&page=137
2025-04-10 03:03:57,195 - INFO - Successfully loaded page 137 with 20 cards
2025-04-10 03:03:57,195 - INFO - Progress: Extracted 547 startups so far
2025-04-10 03:03:57,208 - INFO - Found 20 startup cards on current view
2025-04-10 03:04:08,020 - INFO - Extracted 0 startups from current page
2025-04-10 03:04:08,027 - INFO - Trying URL-based pagination to page 138: https://topstartups.io/?hq_location=San+Francisco+Bay+Area&sort=funding&page=138
2025-04-10 03:04:11,635 - INFO - Successfully loaded page 138 with 20 cards
2025-04-10 03:04:11,635 - INFO - Progress: Extracted 547 startups so far
2025-04-10 03:04:11,648 - INFO - Found 20 startup cards on current view
2025-04-10 03:04:21,786 - INFO - Extracted 0 startups from current page
2025-04-10 03:04:21,791 - INFO - Trying URL-based pagination to page 139: https://topstartups.io/?hq_location=San+Francisco+Bay+Area&sort=funding&page=139
2025-04-10 03:04:25,422 - INFO - Successfully loaded page 139 with 20 cards
2025-04-10 03:04:25,422 - INFO - Progress: Extracted 547 startups so far
2025-04-10 03:04:25,436 - INFO - Found 20 startup cards on current view
2025-04-10 03:04:36,220 - INFO - Extracted 0 startups from current page
2025-04-10 03:04:36,226 - INFO - Trying URL-based pagination to page 140: https://topstartups.io/?hq_location=San+Francisco+Bay+Area&sort=funding&page=140
2025-04-10 03:04:39,879 - INFO - Successfully loaded page 140 with 20 cards
2025-04-10 03:04:39,880 - INFO - Progress: Extracted 547 startups so far
2025-04-10 03:04:39,893 - INFO - Found 20 startup cards on current view
2025-04-10 03:04:50,368 - INFO - Extracted 0 startups from current page
2025-04-10 03:04:50,375 - INFO - Trying URL-based pagination to page 141: https://topstartups.io/?hq_location=San+Francisco+Bay+Area&sort=funding&page=141
2025-04-10 03:04:54,050 - INFO - Successfully loaded page 141 with 20 cards
2025-04-10 03:04:54,050 - INFO - Progress: Extracted 547 startups so far
2025-04-10 03:04:54,063 - INFO - Found 20 startup cards on current view
2025-04-10 03:05:05,473 - INFO - Extracted 0 startups from current page
2025-04-10 03:05:05,478 - INFO - Trying URL-based pagination to page 142: https://topstartups.io/?hq_location=San+Francisco+Bay+Area&sort=funding&page=142
2025-04-10 03:05:09,158 - INFO - Successfully loaded page 142 with 20 cards
2025-04-10 03:05:09,159 - INFO - Progress: Extracted 547 startups so far
2025-04-10 03:05:09,171 - INFO - Found 20 startup cards on current view
2025-04-10 03:05:20,540 - INFO - Extracted 0 startups from current page
2025-04-10 03:05:20,547 - INFO - Trying URL-based pagination to page 143: https://topstartups.io/?hq_location=San+Francisco+Bay+Area&sort=funding&page=143
2025-04-10 03:05:24,237 - INFO - Successfully loaded page 143 with 20 cards
2025-04-10 03:05:24,237 - INFO - Progress: Extracted 547 startups so far
2025-04-10 03:05:24,251 - INFO - Found 20 startup cards on current view
2025-04-10 03:05:34,175 - INFO - Extracted 0 startups from current page
2025-04-10 03:05:34,182 - INFO - Trying URL-based pagination to page 144: https://topstartups.io/?hq_location=San+Francisco+Bay+Area&sort=funding&page=144
2025-04-10 03:05:37,825 - INFO - Successfully loaded page 144 with 20 cards
2025-04-10 03:05:37,825 - INFO - Progress: Extracted 547 startups so far
2025-04-10 03:05:37,839 - INFO - Found 20 startup cards on current view
2025-04-10 03:05:48,242 - INFO - Extracted 0 startups from current page
2025-04-10 03:05:48,249 - INFO - Trying URL-based pagination to page 145: https://topstartups.io/?hq_location=San+Francisco+Bay+Area&sort=funding&page=145
2025-04-10 03:05:51,886 - INFO - Successfully loaded page 145 with 20 cards
2025-04-10 03:05:51,886 - INFO - Progress: Extracted 547 startups so far
2025-04-10 03:05:51,899 - INFO - Found 20 startup cards on current view
2025-04-10 03:06:02,536 - INFO - Extracted 0 startups from current page
2025-04-10 03:06:02,542 - INFO - Trying URL-based pagination to page 146: https://topstartups.io/?hq_location=San+Francisco+Bay+Area&sort=funding&page=146
2025-04-10 03:06:06,360 - INFO - Successfully loaded page 146 with 20 cards
2025-04-10 03:06:06,360 - INFO - Progress: Extracted 547 startups so far
2025-04-10 03:06:06,374 - INFO - Found 20 startup cards on current view
2025-04-10 03:06:17,276 - INFO - Extracted 0 startups from current page
2025-04-10 03:06:17,283 - INFO - Trying URL-based pagination to page 147: https://topstartups.io/?hq_location=San+Francisco+Bay+Area&sort=funding&page=147
2025-04-10 03:06:20,941 - INFO - Successfully loaded page 147 with 20 cards
2025-04-10 03:06:20,942 - INFO - Progress: Extracted 547 startups so far
2025-04-10 03:06:20,955 - INFO - Found 20 startup cards on current view
2025-04-10 03:06:30,916 - INFO - Extracted 0 startups from current page
2025-04-10 03:06:30,923 - INFO - Trying URL-based pagination to page 148: https://topstartups.io/?hq_location=San+Francisco+Bay+Area&sort=funding&page=148
2025-04-10 03:06:34,593 - INFO - Successfully loaded page 148 with 20 cards
2025-04-10 03:06:34,593 - INFO - Progress: Extracted 547 startups so far
2025-04-10 03:06:34,606 - INFO - Found 20 startup cards on current view
2025-04-10 03:06:44,569 - INFO - Extracted 0 startups from current page
2025-04-10 03:06:44,575 - INFO - Trying URL-based pagination to page 149: https://topstartups.io/?hq_location=San+Francisco+Bay+Area&sort=funding&page=149
2025-04-10 03:06:48,250 - INFO - Successfully loaded page 149 with 20 cards
2025-04-10 03:06:48,250 - INFO - Progress: Extracted 547 startups so far
2025-04-10 03:06:48,263 - INFO - Found 20 startup cards on current view
2025-04-10 03:06:58,350 - INFO - Extracted 0 startups from current page
2025-04-10 03:06:58,357 - INFO - Trying URL-based pagination to page 150: https://topstartups.io/?hq_location=San+Francisco+Bay+Area&sort=funding&page=150
2025-04-10 03:07:02,018 - INFO - Successfully loaded page 150 with 20 cards
2025-04-10 03:07:02,018 - INFO - Progress: Extracted 547 startups so far
2025-04-10 03:07:02,032 - INFO - Found 20 startup cards on current view
2025-04-10 03:07:13,146 - INFO - Extracted 0 startups from current page
2025-04-10 03:07:13,151 - INFO - Trying URL-based pagination to page 151: https://topstartups.io/?hq_location=San+Francisco+Bay+Area&sort=funding&page=151
2025-04-10 03:07:16,786 - INFO - Successfully loaded page 151 with 20 cards
2025-04-10 03:07:16,786 - INFO - Progress: Extracted 547 startups so far
2025-04-10 03:07:16,800 - INFO - Found 20 startup cards on current view
2025-04-10 03:07:26,854 - INFO - Extracted 0 startups from current page
2025-04-10 03:07:26,861 - INFO - Trying URL-based pagination to page 152: https://topstartups.io/?hq_location=San+Francisco+Bay+Area&sort=funding&page=152
2025-04-10 03:07:30,509 - INFO - Successfully loaded page 152 with 20 cards
2025-04-10 03:07:30,510 - INFO - Progress: Extracted 547 startups so far
2025-04-10 03:07:30,523 - INFO - Found 20 startup cards on current view
2025-04-10 03:07:41,472 - INFO - Extracted 0 startups from current page
2025-04-10 03:07:41,479 - INFO - Trying URL-based pagination to page 153: https://topstartups.io/?hq_location=San+Francisco+Bay+Area&sort=funding&page=153
2025-04-10 03:07:45,118 - INFO - Successfully loaded page 153 with 20 cards
2025-04-10 03:07:45,119 - INFO - Progress: Extracted 547 startups so far
2025-04-10 03:07:45,132 - INFO - Found 20 startup cards on current view
2025-04-10 03:07:56,163 - INFO - Extracted 0 startups from current page
2025-04-10 03:07:56,169 - INFO - Trying URL-based pagination to page 154: https://topstartups.io/?hq_location=San+Francisco+Bay+Area&sort=funding&page=154
2025-04-10 03:07:59,802 - INFO - Successfully loaded page 154 with 20 cards
2025-04-10 03:07:59,802 - INFO - Progress: Extracted 547 startups so far
2025-04-10 03:07:59,815 - INFO - Found 20 startup cards on current view
2025-04-10 03:08:11,481 - INFO - Extracted 0 startups from current page
2025-04-10 03:08:11,487 - INFO - Trying URL-based pagination to page 155: https://topstartups.io/?hq_location=San+Francisco+Bay+Area&sort=funding&page=155
2025-04-10 03:08:15,199 - INFO - Successfully loaded page 155 with 20 cards
2025-04-10 03:08:15,199 - INFO - Progress: Extracted 547 startups so far
2025-04-10 03:08:15,213 - INFO - Found 20 startup cards on current view
2025-04-10 03:08:25,727 - INFO - Extracted 0 startups from current page
2025-04-10 03:08:25,734 - INFO - Trying URL-based pagination to page 156: https://topstartups.io/?hq_location=San+Francisco+Bay+Area&sort=funding&page=156
2025-04-10 03:08:29,452 - INFO - Successfully loaded page 156 with 20 cards
2025-04-10 03:08:29,452 - INFO - Progress: Extracted 547 startups so far
2025-04-10 03:08:29,465 - INFO - Found 20 startup cards on current view
2025-04-10 03:08:39,693 - INFO - Extracted 0 startups from current page
2025-04-10 03:08:39,702 - INFO - Trying URL-based pagination to page 157: https://topstartups.io/?hq_location=San+Francisco+Bay+Area&sort=funding&page=157
2025-04-10 03:08:43,423 - INFO - Successfully loaded page 157 with 20 cards
2025-04-10 03:08:43,423 - INFO - Progress: Extracted 547 startups so far
2025-04-10 03:08:43,436 - INFO - Found 20 startup cards on current view
2025-04-10 03:08:53,608 - INFO - Extracted 0 startups from current page
2025-04-10 03:08:53,614 - INFO - Trying URL-based pagination to page 158: https://topstartups.io/?hq_location=San+Francisco+Bay+Area&sort=funding&page=158
2025-04-10 03:08:57,284 - INFO - Successfully loaded page 158 with 20 cards
2025-04-10 03:08:57,284 - INFO - Progress: Extracted 547 startups so far
2025-04-10 03:08:57,297 - INFO - Found 20 startup cards on current view
2025-04-10 03:09:07,190 - INFO - Extracted 0 startups from current page
2025-04-10 03:09:07,197 - INFO - Trying URL-based pagination to page 159: https://topstartups.io/?hq_location=San+Francisco+Bay+Area&sort=funding&page=159
2025-04-10 03:09:10,846 - INFO - Successfully loaded page 159 with 20 cards
2025-04-10 03:09:10,847 - INFO - Progress: Extracted 547 startups so far
2025-04-10 03:09:10,860 - INFO - Found 20 startup cards on current view
2025-04-10 03:09:21,279 - INFO - Extracted 0 startups from current page
2025-04-10 03:09:21,286 - INFO - Trying URL-based pagination to page 160: https://topstartups.io/?hq_location=San+Francisco+Bay+Area&sort=funding&page=160
2025-04-10 03:09:24,934 - INFO - Successfully loaded page 160 with 20 cards
2025-04-10 03:09:24,935 - INFO - Progress: Extracted 547 startups so far
2025-04-10 03:09:24,949 - INFO - Found 20 startup cards on current view
2025-04-10 03:09:35,775 - INFO - Extracted 0 startups from current page
2025-04-10 03:09:35,780 - INFO - Trying URL-based pagination to page 161: https://topstartups.io/?hq_location=San+Francisco+Bay+Area&sort=funding&page=161
2025-04-10 03:09:39,459 - INFO - Successfully loaded page 161 with 20 cards
2025-04-10 03:09:39,460 - INFO - Progress: Extracted 547 startups so far
2025-04-10 03:09:39,473 - INFO - Found 20 startup cards on current view
2025-04-10 03:09:50,365 - INFO - Extracted 0 startups from current page
2025-04-10 03:09:50,372 - INFO - Trying URL-based pagination to page 162: https://topstartups.io/?hq_location=San+Francisco+Bay+Area&sort=funding&page=162
2025-04-10 03:09:53,949 - INFO - Successfully loaded page 162 with 20 cards
2025-04-10 03:09:53,949 - INFO - Progress: Extracted 547 startups so far
2025-04-10 03:09:53,963 - INFO - Found 20 startup cards on current view
2025-04-10 03:10:04,071 - INFO - Extracted 0 startups from current page
2025-04-10 03:10:04,077 - INFO - Trying URL-based pagination to page 163: https://topstartups.io/?hq_location=San+Francisco+Bay+Area&sort=funding&page=163
2025-04-10 03:10:07,713 - INFO - Successfully loaded page 163 with 20 cards
2025-04-10 03:10:07,713 - INFO - Progress: Extracted 547 startups so far
2025-04-10 03:10:07,727 - INFO - Found 20 startup cards on current view
2025-04-10 03:10:17,991 - INFO - Extracted 0 startups from current page
2025-04-10 03:10:18,002 - INFO - Trying URL-based pagination to page 164: https://topstartups.io/?hq_location=San+Francisco+Bay+Area&sort=funding&page=164
2025-04-10 03:10:21,651 - INFO - Successfully loaded page 164 with 20 cards
2025-04-10 03:10:21,651 - INFO - Progress: Extracted 547 startups so far
2025-04-10 03:10:21,663 - INFO - Found 20 startup cards on current view
2025-04-10 03:10:32,267 - INFO - Extracted 0 startups from current page
2025-04-10 03:10:32,274 - INFO - Trying URL-based pagination to page 165: https://topstartups.io/?hq_location=San+Francisco+Bay+Area&sort=funding&page=165
2025-04-10 03:10:35,950 - INFO - Successfully loaded page 165 with 20 cards
2025-04-10 03:10:35,950 - INFO - Progress: Extracted 547 startups so far
2025-04-10 03:10:35,963 - INFO - Found 20 startup cards on current view
2025-04-10 03:10:46,424 - INFO - Extracted 0 startups from current page
2025-04-10 03:10:46,430 - INFO - Trying URL-based pagination to page 166: https://topstartups.io/?hq_location=San+Francisco+Bay+Area&sort=funding&page=166
2025-04-10 03:10:50,080 - INFO - Successfully loaded page 166 with 20 cards
2025-04-10 03:10:50,080 - INFO - Progress: Extracted 547 startups so far
2025-04-10 03:10:50,093 - INFO - Found 20 startup cards on current view
2025-04-10 03:11:00,403 - INFO - Extracted 0 startups from current page
2025-04-10 03:11:00,408 - INFO - Trying URL-based pagination to page 167: https://topstartups.io/?hq_location=San+Francisco+Bay+Area&sort=funding&page=167
2025-04-10 03:11:04,116 - INFO - Successfully loaded page 167 with 20 cards
2025-04-10 03:11:04,116 - INFO - Progress: Extracted 547 startups so far
2025-04-10 03:11:04,130 - INFO - Found 20 startup cards on current view
2025-04-10 03:11:15,349 - INFO - Extracted 0 startups from current page
2025-04-10 03:11:15,357 - INFO - Trying URL-based pagination to page 168: https://topstartups.io/?hq_location=San+Francisco+Bay+Area&sort=funding&page=168
2025-04-10 03:11:18,986 - INFO - Successfully loaded page 168 with 20 cards
2025-04-10 03:11:18,986 - INFO - Progress: Extracted 547 startups so far
2025-04-10 03:11:19,000 - INFO - Found 20 startup cards on current view
2025-04-10 03:11:30,698 - INFO - Extracted 0 startups from current page
2025-04-10 03:11:30,705 - INFO - Trying URL-based pagination to page 169: https://topstartups.io/?hq_location=San+Francisco+Bay+Area&sort=funding&page=169
2025-04-10 03:11:34,544 - INFO - Successfully loaded page 169 with 20 cards
2025-04-10 03:11:34,544 - INFO - Progress: Extracted 547 startups so far
2025-04-10 03:11:34,557 - INFO - Found 20 startup cards on current view
2025-04-10 03:11:46,525 - INFO - Extracted 0 startups from current page
2025-04-10 03:11:46,531 - INFO - Trying URL-based pagination to page 170: https://topstartups.io/?hq_location=San+Francisco+Bay+Area&sort=funding&page=170
2025-04-10 03:11:50,201 - INFO - Successfully loaded page 170 with 20 cards
2025-04-10 03:11:50,201 - INFO - Progress: Extracted 547 startups so far
2025-04-10 03:11:50,215 - INFO - Found 20 startup cards on current view
2025-04-10 03:12:01,309 - INFO - Extracted 0 startups from current page
2025-04-10 03:12:01,316 - INFO - Trying URL-based pagination to page 171: https://topstartups.io/?hq_location=San+Francisco+Bay+Area&sort=funding&page=171
2025-04-10 03:12:05,040 - INFO - Successfully loaded page 171 with 20 cards
2025-04-10 03:12:05,040 - INFO - Progress: Extracted 547 startups so far
2025-04-10 03:12:05,054 - INFO - Found 20 startup cards on current view
2025-04-10 03:12:15,849 - INFO - Extracted 0 startups from current page
2025-04-10 03:12:15,855 - INFO - Trying URL-based pagination to page 172: https://topstartups.io/?hq_location=San+Francisco+Bay+Area&sort=funding&page=172
2025-04-10 03:12:19,341 - INFO - Successfully loaded page 172 with 20 cards
2025-04-10 03:12:19,341 - INFO - Progress: Extracted 547 startups so far
2025-04-10 03:12:19,355 - INFO - Found 20 startup cards on current view
2025-04-10 03:12:29,813 - INFO - Extracted 0 startups from current page
2025-04-10 03:12:29,818 - INFO - Trying URL-based pagination to page 173: https://topstartups.io/?hq_location=San+Francisco+Bay+Area&sort=funding&page=173
2025-04-10 03:12:33,489 - INFO - Successfully loaded page 173 with 20 cards
2025-04-10 03:12:33,489 - INFO - Progress: Extracted 547 startups so far
2025-04-10 03:12:33,502 - INFO - Found 20 startup cards on current view
2025-04-10 03:12:43,844 - INFO - Extracted 0 startups from current page
2025-04-10 03:12:43,850 - INFO - Trying URL-based pagination to page 174: https://topstartups.io/?hq_location=San+Francisco+Bay+Area&sort=funding&page=174
2025-04-10 03:12:47,489 - INFO - Successfully loaded page 174 with 20 cards
2025-04-10 03:12:47,489 - INFO - Progress: Extracted 547 startups so far
2025-04-10 03:12:47,502 - INFO - Found 20 startup cards on current view
2025-04-10 03:12:58,964 - INFO - Extracted 0 startups from current page
2025-04-10 03:12:58,971 - INFO - Trying URL-based pagination to page 175: https://topstartups.io/?hq_location=San+Francisco+Bay+Area&sort=funding&page=175
2025-04-10 03:13:02,656 - INFO - Successfully loaded page 175 with 20 cards
2025-04-10 03:13:02,657 - INFO - Progress: Extracted 547 startups so far
2025-04-10 03:13:02,670 - INFO - Found 20 startup cards on current view
2025-04-10 03:13:12,847 - INFO - Extracted 0 startups from current page
2025-04-10 03:13:12,854 - INFO - Trying URL-based pagination to page 176: https://topstartups.io/?hq_location=San+Francisco+Bay+Area&sort=funding&page=176
2025-04-10 03:13:16,534 - INFO - Successfully loaded page 176 with 20 cards
2025-04-10 03:13:16,534 - INFO - Progress: Extracted 547 startups so far
2025-04-10 03:13:16,548 - INFO - Found 20 startup cards on current view
2025-04-10 03:13:26,926 - INFO - Extracted 0 startups from current page
2025-04-10 03:13:26,932 - INFO - Trying URL-based pagination to page 177: https://topstartups.io/?hq_location=San+Francisco+Bay+Area&sort=funding&page=177
2025-04-10 03:13:30,623 - INFO - Successfully loaded page 177 with 20 cards
2025-04-10 03:13:30,623 - INFO - Progress: Extracted 547 startups so far
2025-04-10 03:13:30,638 - INFO - Found 20 startup cards on current view
2025-04-10 03:13:41,040 - INFO - Extracted 0 startups from current page
2025-04-10 03:13:41,047 - INFO - Trying URL-based pagination to page 178: https://topstartups.io/?hq_location=San+Francisco+Bay+Area&sort=funding&page=178
2025-04-10 03:13:44,715 - INFO - Successfully loaded page 178 with 20 cards
2025-04-10 03:13:44,716 - INFO - Progress: Extracted 547 startups so far
2025-04-10 03:13:44,729 - INFO - Found 20 startup cards on current view
2025-04-10 03:13:54,516 - INFO - Extracted 0 startups from current page
2025-04-10 03:13:54,522 - INFO - Trying URL-based pagination to page 179: https://topstartups.io/?hq_location=San+Francisco+Bay+Area&sort=funding&page=179
2025-04-10 03:13:58,178 - INFO - Successfully loaded page 179 with 20 cards
2025-04-10 03:13:58,178 - INFO - Progress: Extracted 547 startups so far
2025-04-10 03:13:58,192 - INFO - Found 20 startup cards on current view
2025-04-10 03:14:08,707 - INFO - Extracted 0 startups from current page
2025-04-10 03:14:08,714 - INFO - Trying URL-based pagination to page 180: https://topstartups.io/?hq_location=San+Francisco+Bay+Area&sort=funding&page=180
2025-04-10 03:14:12,362 - INFO - Successfully loaded page 180 with 20 cards
2025-04-10 03:14:12,363 - INFO - Progress: Extracted 547 startups so far
2025-04-10 03:14:12,377 - INFO - Found 20 startup cards on current view
2025-04-10 03:14:23,537 - INFO - Extracted 0 startups from current page
2025-04-10 03:14:23,543 - INFO - Trying URL-based pagination to page 181: https://topstartups.io/?hq_location=San+Francisco+Bay+Area&sort=funding&page=181
2025-04-10 03:14:27,210 - INFO - Successfully loaded page 181 with 20 cards
2025-04-10 03:14:27,210 - INFO - Progress: Extracted 547 startups so far
2025-04-10 03:14:27,224 - INFO - Found 20 startup cards on current view
2025-04-10 03:14:38,253 - INFO - Extracted 0 startups from current page
2025-04-10 03:14:38,259 - INFO - Trying URL-based pagination to page 182: https://topstartups.io/?hq_location=San+Francisco+Bay+Area&sort=funding&page=182
2025-04-10 03:14:41,918 - INFO - Successfully loaded page 182 with 20 cards
2025-04-10 03:14:41,919 - INFO - Progress: Extracted 547 startups so far
2025-04-10 03:14:41,932 - INFO - Found 20 startup cards on current view
2025-04-10 03:14:52,468 - INFO - Extracted 0 startups from current page
2025-04-10 03:14:52,474 - INFO - Trying URL-based pagination to page 183: https://topstartups.io/?hq_location=San+Francisco+Bay+Area&sort=funding&page=183
2025-04-10 03:14:56,103 - INFO - Successfully loaded page 183 with 20 cards
2025-04-10 03:14:56,103 - INFO - Progress: Extracted 547 startups so far
2025-04-10 03:14:56,117 - INFO - Found 20 startup cards on current view
2025-04-10 03:15:06,755 - INFO - Extracted 0 startups from current page
2025-04-10 03:15:06,761 - INFO - Trying URL-based pagination to page 184: https://topstartups.io/?hq_location=San+Francisco+Bay+Area&sort=funding&page=184
2025-04-10 03:15:12,281 - INFO - Successfully loaded page 184 with 20 cards
2025-04-10 03:15:12,283 - INFO - Progress: Extracted 547 startups so far
2025-04-10 03:15:12,297 - INFO - Found 20 startup cards on current view
2025-04-10 03:15:23,361 - INFO - Extracted 0 startups from current page
2025-04-10 03:15:23,368 - INFO - Trying URL-based pagination to page 185: https://topstartups.io/?hq_location=San+Francisco+Bay+Area&sort=funding&page=185
2025-04-10 03:15:27,060 - INFO - Successfully loaded page 185 with 20 cards
2025-04-10 03:15:27,060 - INFO - Progress: Extracted 547 startups so far
2025-04-10 03:15:27,073 - INFO - Found 20 startup cards on current view
2025-04-10 03:15:37,447 - INFO - Extracted 0 startups from current page
2025-04-10 03:15:37,453 - INFO - Trying URL-based pagination to page 186: https://topstartups.io/?hq_location=San+Francisco+Bay+Area&sort=funding&page=186
2025-04-10 03:15:41,149 - INFO - Successfully loaded page 186 with 20 cards
2025-04-10 03:15:41,149 - INFO - Progress: Extracted 547 startups so far
2025-04-10 03:15:41,162 - INFO - Found 20 startup cards on current view
2025-04-10 03:15:51,553 - INFO - Extracted 0 startups from current page
2025-04-10 03:15:51,559 - INFO - Trying URL-based pagination to page 187: https://topstartups.io/?hq_location=San+Francisco+Bay+Area&sort=funding&page=187
2025-04-10 03:15:55,264 - INFO - Successfully loaded page 187 with 20 cards
2025-04-10 03:15:55,265 - INFO - Progress: Extracted 547 startups so far
2025-04-10 03:15:55,278 - INFO - Found 20 startup cards on current view
2025-04-10 03:16:06,227 - INFO - Extracted 0 startups from current page
2025-04-10 03:16:06,233 - INFO - Trying URL-based pagination to page 188: https://topstartups.io/?hq_location=San+Francisco+Bay+Area&sort=funding&page=188
2025-04-10 03:16:09,879 - INFO - Successfully loaded page 188 with 20 cards
2025-04-10 03:16:09,879 - INFO - Progress: Extracted 547 startups so far
2025-04-10 03:16:09,893 - INFO - Found 20 startup cards on current view
2025-04-10 03:16:20,801 - INFO - Extracted 0 startups from current page
2025-04-10 03:16:20,807 - INFO - Trying URL-based pagination to page 189: https://topstartups.io/?hq_location=San+Francisco+Bay+Area&sort=funding&page=189
2025-04-10 03:16:24,501 - INFO - Successfully loaded page 189 with 20 cards
2025-04-10 03:16:24,501 - INFO - Progress: Extracted 547 startups so far
2025-04-10 03:16:24,514 - INFO - Found 20 startup cards on current view
2025-04-10 03:16:35,678 - INFO - Extracted 0 startups from current page
2025-04-10 03:16:35,683 - INFO - Trying URL-based pagination to page 190: https://topstartups.io/?hq_location=San+Francisco+Bay+Area&sort=funding&page=190
2025-04-10 03:16:39,383 - INFO - Successfully loaded page 190 with 20 cards
2025-04-10 03:16:39,383 - INFO - Progress: Extracted 547 startups so far
2025-04-10 03:16:39,396 - INFO - Found 20 startup cards on current view
2025-04-10 03:16:50,211 - INFO - Extracted 0 startups from current page
2025-04-10 03:16:50,216 - INFO - Trying URL-based pagination to page 191: https://topstartups.io/?hq_location=San+Francisco+Bay+Area&sort=funding&page=191
2025-04-10 03:16:53,870 - INFO - Successfully loaded page 191 with 20 cards
2025-04-10 03:16:53,870 - INFO - Progress: Extracted 547 startups so far
2025-04-10 03:16:53,884 - INFO - Found 20 startup cards on current view
2025-04-10 03:17:04,098 - INFO - Extracted 0 startups from current page
2025-04-10 03:17:04,105 - INFO - Trying URL-based pagination to page 192: https://topstartups.io/?hq_location=San+Francisco+Bay+Area&sort=funding&page=192
2025-04-10 03:17:07,762 - INFO - Successfully loaded page 192 with 20 cards
2025-04-10 03:17:07,762 - INFO - Progress: Extracted 547 startups so far
2025-04-10 03:17:07,778 - INFO - Found 20 startup cards on current view
2025-04-10 03:17:17,860 - INFO - Extracted 0 startups from current page
2025-04-10 03:17:17,866 - INFO - Trying URL-based pagination to page 193: https://topstartups.io/?hq_location=San+Francisco+Bay+Area&sort=funding&page=193
2025-04-10 03:17:21,517 - INFO - Successfully loaded page 193 with 20 cards
2025-04-10 03:17:21,518 - INFO - Progress: Extracted 547 startups so far
2025-04-10 03:17:21,531 - INFO - Found 20 startup cards on current view
2025-04-10 03:17:32,808 - INFO - Extracted 0 startups from current page
2025-04-10 03:17:32,815 - INFO - Trying URL-based pagination to page 194: https://topstartups.io/?hq_location=San+Francisco+Bay+Area&sort=funding&page=194
2025-04-10 03:17:36,507 - INFO - Successfully loaded page 194 with 20 cards
2025-04-10 03:17:36,508 - INFO - Progress: Extracted 547 startups so far
2025-04-10 03:17:36,522 - INFO - Found 20 startup cards on current view
2025-04-10 03:17:46,995 - INFO - Extracted 0 startups from current page
2025-04-10 03:17:47,002 - INFO - Trying URL-based pagination to page 195: https://topstartups.io/?hq_location=San+Francisco+Bay+Area&sort=funding&page=195
2025-04-10 03:17:50,696 - INFO - Successfully loaded page 195 with 20 cards
2025-04-10 03:17:50,696 - INFO - Progress: Extracted 547 startups so far
2025-04-10 03:17:50,709 - INFO - Found 20 startup cards on current view
2025-04-10 03:18:01,414 - INFO - Extracted 0 startups from current page
2025-04-10 03:18:01,420 - INFO - Trying URL-based pagination to page 196: https://topstartups.io/?hq_location=San+Francisco+Bay+Area&sort=funding&page=196
2025-04-10 03:18:05,110 - INFO - Successfully loaded page 196 with 20 cards
2025-04-10 03:18:05,110 - INFO - Progress: Extracted 547 startups so far
2025-04-10 03:18:05,124 - INFO - Found 20 startup cards on current view
2025-04-10 03:18:15,542 - INFO - Extracted 0 startups from current page
2025-04-10 03:18:15,550 - INFO - Trying URL-based pagination to page 197: https://topstartups.io/?hq_location=San+Francisco+Bay+Area&sort=funding&page=197
2025-04-10 03:18:19,204 - INFO - Successfully loaded page 197 with 20 cards
2025-04-10 03:18:19,204 - INFO - Progress: Extracted 547 startups so far
2025-04-10 03:18:19,218 - INFO - Found 20 startup cards on current view
2025-04-10 03:18:29,224 - INFO - Extracted 0 startups from current page
2025-04-10 03:18:29,231 - INFO - Trying URL-based pagination to page 198: https://topstartups.io/?hq_location=San+Francisco+Bay+Area&sort=funding&page=198
2025-04-10 03:18:32,898 - INFO - Successfully loaded page 198 with 20 cards
2025-04-10 03:18:32,898 - INFO - Progress: Extracted 547 startups so far
2025-04-10 03:18:32,911 - INFO - Found 20 startup cards on current view
2025-04-10 03:18:43,663 - INFO - Extracted 0 startups from current page
2025-04-10 03:18:43,670 - INFO - Trying URL-based pagination to page 199: https://topstartups.io/?hq_location=San+Francisco+Bay+Area&sort=funding&page=199
2025-04-10 03:18:47,314 - INFO - Successfully loaded page 199 with 20 cards
2025-04-10 03:18:47,316 - INFO - Progress: Extracted 547 startups so far
2025-04-10 03:18:47,329 - INFO - Found 20 startup cards on current view
2025-04-10 03:18:57,526 - INFO - Extracted 0 startups from current page
2025-04-10 03:18:57,534 - INFO - Trying URL-based pagination to page 200: https://topstartups.io/?hq_location=San+Francisco+Bay+Area&sort=funding&page=200
2025-04-10 03:19:01,190 - INFO - Successfully loaded page 200 with 20 cards
2025-04-10 03:19:01,190 - INFO - Progress: Extracted 547 startups so far
2025-04-10 03:19:01,204 - INFO - Found 20 startup cards on current view
2025-04-10 03:19:12,129 - INFO - Extracted 0 startups from current page
2025-04-10 03:19:12,135 - INFO - Trying URL-based pagination to page 201: https://topstartups.io/?hq_location=San+Francisco+Bay+Area&sort=funding&page=201
2025-04-10 03:19:15,797 - INFO - Successfully loaded page 201 with 20 cards
2025-04-10 03:19:15,797 - INFO - Progress: Extracted 547 startups so far
2025-04-10 03:19:15,810 - INFO - Found 20 startup cards on current view
2025-04-10 03:19:26,345 - INFO - Extracted 0 startups from current page
2025-04-10 03:19:26,350 - INFO - Trying URL-based pagination to page 202: https://topstartups.io/?hq_location=San+Francisco+Bay+Area&sort=funding&page=202
2025-04-10 03:19:29,975 - INFO - Successfully loaded page 202 with 20 cards
2025-04-10 03:19:29,976 - INFO - Progress: Extracted 547 startups so far
2025-04-10 03:19:29,989 - INFO - Found 20 startup cards on current view
2025-04-10 03:19:41,013 - INFO - Extracted 0 startups from current page
2025-04-10 03:19:41,018 - INFO - Trying URL-based pagination to page 203: https://topstartups.io/?hq_location=San+Francisco+Bay+Area&sort=funding&page=203
2025-04-10 03:19:44,699 - INFO - Successfully loaded page 203 with 20 cards
2025-04-10 03:19:44,699 - INFO - Progress: Extracted 547 startups so far
2025-04-10 03:19:44,715 - INFO - Found 20 startup cards on current view
2025-04-10 03:19:55,582 - INFO - Extracted 0 startups from current page
2025-04-10 03:19:55,589 - INFO - Trying URL-based pagination to page 204: https://topstartups.io/?hq_location=San+Francisco+Bay+Area&sort=funding&page=204
2025-04-10 03:19:59,309 - INFO - Successfully loaded page 204 with 20 cards
2025-04-10 03:19:59,309 - INFO - Progress: Extracted 547 startups so far
2025-04-10 03:19:59,324 - INFO - Found 20 startup cards on current view
2025-04-10 03:20:10,064 - INFO - Extracted 0 startups from current page
2025-04-10 03:20:10,071 - INFO - Trying URL-based pagination to page 205: https://topstartups.io/?hq_location=San+Francisco+Bay+Area&sort=funding&page=205
2025-04-10 03:20:13,683 - INFO - Successfully loaded page 205 with 20 cards
2025-04-10 03:20:13,684 - INFO - Progress: Extracted 547 startups so far
2025-04-10 03:20:13,698 - INFO - Found 20 startup cards on current view
2025-04-10 03:20:24,197 - INFO - Extracted 0 startups from current page
2025-04-10 03:20:24,202 - INFO - Trying URL-based pagination to page 206: https://topstartups.io/?hq_location=San+Francisco+Bay+Area&sort=funding&page=206
2025-04-10 03:20:27,862 - INFO - Successfully loaded page 206 with 20 cards
2025-04-10 03:20:27,862 - INFO - Progress: Extracted 547 startups so far
2025-04-10 03:20:27,874 - INFO - Found 20 startup cards on current view
2025-04-10 03:20:38,677 - INFO - Extracted 0 startups from current page
2025-04-10 03:20:38,683 - INFO - Trying URL-based pagination to page 207: https://topstartups.io/?hq_location=San+Francisco+Bay+Area&sort=funding&page=207
2025-04-10 03:20:42,337 - INFO - Successfully loaded page 207 with 20 cards
2025-04-10 03:20:42,337 - INFO - Progress: Extracted 547 startups so far
2025-04-10 03:20:42,350 - INFO - Found 20 startup cards on current view
2025-04-10 03:20:53,250 - INFO - Extracted 0 startups from current page
2025-04-10 03:20:53,256 - INFO - Trying URL-based pagination to page 208: https://topstartups.io/?hq_location=San+Francisco+Bay+Area&sort=funding&page=208
2025-04-10 03:20:56,911 - INFO - Successfully loaded page 208 with 20 cards
2025-04-10 03:20:56,912 - INFO - Progress: Extracted 547 startups so far
2025-04-10 03:20:56,927 - INFO - Found 20 startup cards on current view
2025-04-10 03:21:07,401 - INFO - Extracted 0 startups from current page
2025-04-10 03:21:07,408 - INFO - Trying URL-based pagination to page 209: https://topstartups.io/?hq_location=San+Francisco+Bay+Area&sort=funding&page=209
2025-04-10 03:21:11,032 - INFO - Successfully loaded page 209 with 20 cards
2025-04-10 03:21:11,032 - INFO - Progress: Extracted 547 startups so far
2025-04-10 03:21:11,045 - INFO - Found 20 startup cards on current view
2025-04-10 03:21:21,634 - INFO - Extracted 0 startups from current page
2025-04-10 03:21:21,641 - INFO - Trying URL-based pagination to page 210: https://topstartups.io/?hq_location=San+Francisco+Bay+Area&sort=funding&page=210
2025-04-10 03:21:25,307 - INFO - Successfully loaded page 210 with 20 cards
2025-04-10 03:21:25,307 - INFO - Progress: Extracted 547 startups so far
2025-04-10 03:21:25,321 - INFO - Found 20 startup cards on current view
2025-04-10 03:21:35,870 - INFO - Extracted 0 startups from current page
2025-04-10 03:21:35,876 - INFO - Trying URL-based pagination to page 211: https://topstartups.io/?hq_location=San+Francisco+Bay+Area&sort=funding&page=211
2025-04-10 03:21:39,560 - INFO - Successfully loaded page 211 with 20 cards
2025-04-10 03:21:39,561 - INFO - Progress: Extracted 547 startups so far
2025-04-10 03:21:39,575 - INFO - Found 20 startup cards on current view
2025-04-10 03:21:49,779 - INFO - Extracted 0 startups from current page
2025-04-10 03:21:49,786 - INFO - Trying URL-based pagination to page 212: https://topstartups.io/?hq_location=San+Francisco+Bay+Area&sort=funding&page=212
2025-04-10 03:21:53,474 - INFO - Successfully loaded page 212 with 20 cards
2025-04-10 03:21:53,474 - INFO - Progress: Extracted 547 startups so far
2025-04-10 03:21:53,488 - INFO - Found 20 startup cards on current view
2025-04-10 03:22:03,562 - INFO - Extracted 0 startups from current page
2025-04-10 03:22:03,568 - INFO - Trying URL-based pagination to page 213: https://topstartups.io/?hq_location=San+Francisco+Bay+Area&sort=funding&page=213
2025-04-10 03:22:07,195 - INFO - Successfully loaded page 213 with 20 cards
2025-04-10 03:22:07,195 - INFO - Progress: Extracted 547 startups so far
2025-04-10 03:22:07,209 - INFO - Found 20 startup cards on current view
2025-04-10 03:22:18,863 - INFO - Extracted 0 startups from current page
2025-04-10 03:22:18,868 - INFO - Trying URL-based pagination to page 214: https://topstartups.io/?hq_location=San+Francisco+Bay+Area&sort=funding&page=214
2025-04-10 03:22:22,491 - INFO - Successfully loaded page 214 with 20 cards
2025-04-10 03:22:22,492 - INFO - Progress: Extracted 547 startups so far
2025-04-10 03:22:22,504 - INFO - Found 20 startup cards on current view
2025-04-10 03:22:32,735 - INFO - Extracted 0 startups from current page
2025-04-10 03:22:32,742 - INFO - Trying URL-based pagination to page 215: https://topstartups.io/?hq_location=San+Francisco+Bay+Area&sort=funding&page=215
2025-04-10 03:22:36,420 - INFO - Successfully loaded page 215 with 20 cards
2025-04-10 03:22:36,420 - INFO - Progress: Extracted 547 startups so far
2025-04-10 03:22:36,433 - INFO - Found 20 startup cards on current view
2025-04-10 03:22:46,575 - INFO - Extracted 0 startups from current page
2025-04-10 03:22:46,582 - INFO - Trying URL-based pagination to page 216: https://topstartups.io/?hq_location=San+Francisco+Bay+Area&sort=funding&page=216
2025-04-10 03:22:50,332 - INFO - Successfully loaded page 216 with 20 cards
2025-04-10 03:22:50,333 - INFO - Progress: Extracted 547 startups so far
2025-04-10 03:22:50,345 - INFO - Found 20 startup cards on current view
2025-04-10 03:23:01,041 - INFO - Extracted 0 startups from current page
2025-04-10 03:23:01,056 - INFO - Trying URL-based pagination to page 217: https://topstartups.io/?hq_location=San+Francisco+Bay+Area&sort=funding&page=217
2025-04-10 03:23:04,781 - INFO - Successfully loaded page 217 with 20 cards
2025-04-10 03:23:04,781 - INFO - Progress: Extracted 547 startups so far
2025-04-10 03:23:04,794 - INFO - Found 20 startup cards on current view
2025-04-10 03:23:15,011 - INFO - Extracted 0 startups from current page
2025-04-10 03:23:15,018 - INFO - Trying URL-based pagination to page 218: https://topstartups.io/?hq_location=San+Francisco+Bay+Area&sort=funding&page=218
2025-04-10 03:23:18,885 - INFO - Successfully loaded page 218 with 20 cards
2025-04-10 03:23:18,885 - INFO - Progress: Extracted 547 startups so far
2025-04-10 03:23:18,900 - INFO - Found 20 startup cards on current view
2025-04-10 03:23:29,839 - INFO - Extracted 0 startups from current page
2025-04-10 03:23:29,845 - INFO - Trying URL-based pagination to page 219: https://topstartups.io/?hq_location=San+Francisco+Bay+Area&sort=funding&page=219
2025-04-10 03:23:33,536 - INFO - Successfully loaded page 219 with 20 cards
2025-04-10 03:23:33,536 - INFO - Progress: Extracted 547 startups so far
2025-04-10 03:23:33,549 - INFO - Found 20 startup cards on current view
2025-04-10 03:23:43,137 - INFO - Extracted 0 startups from current page
2025-04-10 03:23:43,143 - INFO - Trying URL-based pagination to page 220: https://topstartups.io/?hq_location=San+Francisco+Bay+Area&sort=funding&page=220
2025-04-10 03:23:46,865 - INFO - Successfully loaded page 220 with 20 cards
2025-04-10 03:23:46,865 - INFO - Progress: Extracted 547 startups so far
2025-04-10 03:23:46,879 - INFO - Found 20 startup cards on current view
2025-04-10 03:23:57,465 - INFO - Extracted 0 startups from current page
2025-04-10 03:23:57,471 - INFO - Trying URL-based pagination to page 221: https://topstartups.io/?hq_location=San+Francisco+Bay+Area&sort=funding&page=221
2025-04-10 03:24:01,137 - INFO - Successfully loaded page 221 with 20 cards
2025-04-10 03:24:01,139 - INFO - Progress: Extracted 547 startups so far
2025-04-10 03:24:01,152 - INFO - Found 20 startup cards on current view
2025-04-10 03:24:11,409 - INFO - Extracted 0 startups from current page
2025-04-10 03:24:11,415 - INFO - Trying URL-based pagination to page 222: https://topstartups.io/?hq_location=San+Francisco+Bay+Area&sort=funding&page=222
2025-04-10 03:24:15,092 - INFO - Successfully loaded page 222 with 20 cards
2025-04-10 03:24:15,092 - INFO - Progress: Extracted 547 startups so far
2025-04-10 03:24:15,105 - INFO - Found 20 startup cards on current view
2025-04-10 03:24:26,049 - INFO - Extracted 0 startups from current page
2025-04-10 03:24:26,055 - INFO - Trying URL-based pagination to page 223: https://topstartups.io/?hq_location=San+Francisco+Bay+Area&sort=funding&page=223
2025-04-10 03:24:29,720 - INFO - Successfully loaded page 223 with 20 cards
2025-04-10 03:24:29,720 - INFO - Progress: Extracted 547 startups so far
2025-04-10 03:24:29,733 - INFO - Found 20 startup cards on current view
2025-04-10 03:24:40,598 - INFO - Extracted 0 startups from current page
2025-04-10 03:24:40,605 - INFO - Trying URL-based pagination to page 224: https://topstartups.io/?hq_location=San+Francisco+Bay+Area&sort=funding&page=224
2025-04-10 03:24:44,307 - INFO - Successfully loaded page 224 with 20 cards
2025-04-10 03:24:44,308 - INFO - Progress: Extracted 547 startups so far
2025-04-10 03:24:44,321 - INFO - Found 20 startup cards on current view
2025-04-10 03:24:54,535 - INFO - Extracted 0 startups from current page
2025-04-10 03:24:54,541 - INFO - Trying URL-based pagination to page 225: https://topstartups.io/?hq_location=San+Francisco+Bay+Area&sort=funding&page=225
2025-04-10 03:24:58,257 - INFO - Successfully loaded page 225 with 20 cards
2025-04-10 03:24:58,257 - INFO - Progress: Extracted 547 startups so far
2025-04-10 03:24:58,270 - INFO - Found 20 startup cards on current view
2025-04-10 03:25:08,513 - INFO - Extracted 0 startups from current page
2025-04-10 03:25:08,519 - INFO - Trying URL-based pagination to page 226: https://topstartups.io/?hq_location=San+Francisco+Bay+Area&sort=funding&page=226
2025-04-10 03:25:12,239 - INFO - Successfully loaded page 226 with 20 cards
2025-04-10 03:25:12,239 - INFO - Progress: Extracted 547 startups so far
2025-04-10 03:25:12,252 - INFO - Found 20 startup cards on current view
2025-04-10 03:25:22,455 - INFO - Extracted 0 startups from current page
2025-04-10 03:25:22,460 - INFO - Trying URL-based pagination to page 227: https://topstartups.io/?hq_location=San+Francisco+Bay+Area&sort=funding&page=227
2025-04-10 03:25:26,134 - INFO - Successfully loaded page 227 with 20 cards
2025-04-10 03:25:26,135 - INFO - Progress: Extracted 547 startups so far
2025-04-10 03:25:26,148 - INFO - Found 20 startup cards on current view
2025-04-10 03:25:36,519 - INFO - Extracted 0 startups from current page
2025-04-10 03:25:36,524 - INFO - Trying URL-based pagination to page 228: https://topstartups.io/?hq_location=San+Francisco+Bay+Area&sort=funding&page=228
2025-04-10 03:25:40,201 - INFO - Successfully loaded page 228 with 20 cards
2025-04-10 03:25:40,202 - INFO - Progress: Extracted 547 startups so far
2025-04-10 03:25:40,216 - INFO - Found 20 startup cards on current view
2025-04-10 03:25:50,738 - INFO - Extracted 0 startups from current page
2025-04-10 03:25:50,745 - INFO - Trying URL-based pagination to page 229: https://topstartups.io/?hq_location=San+Francisco+Bay+Area&sort=funding&page=229
2025-04-10 03:25:54,471 - INFO - Successfully loaded page 229 with 20 cards
2025-04-10 03:25:54,471 - INFO - Progress: Extracted 547 startups so far
2025-04-10 03:25:54,485 - INFO - Found 20 startup cards on current view
2025-04-10 03:26:04,550 - INFO - Extracted 0 startups from current page
2025-04-10 03:26:04,557 - INFO - Trying URL-based pagination to page 230: https://topstartups.io/?hq_location=San+Francisco+Bay+Area&sort=funding&page=230
2025-04-10 03:26:08,249 - INFO - Successfully loaded page 230 with 20 cards
2025-04-10 03:26:08,250 - INFO - Progress: Extracted 547 startups so far
2025-04-10 03:26:08,263 - INFO - Found 20 startup cards on current view
2025-04-10 03:26:17,952 - INFO - Extracted 0 startups from current page
2025-04-10 03:26:17,957 - INFO - Trying URL-based pagination to page 231: https://topstartups.io/?hq_location=San+Francisco+Bay+Area&sort=funding&page=231
2025-04-10 03:26:21,639 - INFO - Successfully loaded page 231 with 20 cards
2025-04-10 03:26:21,639 - INFO - Progress: Extracted 547 startups so far
2025-04-10 03:26:21,652 - INFO - Found 20 startup cards on current view
2025-04-10 03:26:32,573 - INFO - Extracted 0 startups from current page
2025-04-10 03:26:32,580 - INFO - Trying URL-based pagination to page 232: https://topstartups.io/?hq_location=San+Francisco+Bay+Area&sort=funding&page=232
2025-04-10 03:26:36,301 - INFO - Successfully loaded page 232 with 20 cards
2025-04-10 03:26:36,301 - INFO - Progress: Extracted 547 startups so far
2025-04-10 03:26:36,314 - INFO - Found 20 startup cards on current view
2025-04-10 03:26:46,574 - INFO - Extracted 0 startups from current page
2025-04-10 03:26:46,579 - INFO - Trying URL-based pagination to page 233: https://topstartups.io/?hq_location=San+Francisco+Bay+Area&sort=funding&page=233
2025-04-10 03:26:50,239 - INFO - Successfully loaded page 233 with 20 cards
2025-04-10 03:26:50,240 - INFO - Progress: Extracted 547 startups so far
2025-04-10 03:26:50,254 - INFO - Found 20 startup cards on current view
2025-04-10 03:27:02,049 - INFO - Extracted 0 startups from current page
2025-04-10 03:27:02,055 - INFO - Trying URL-based pagination to page 234: https://topstartups.io/?hq_location=San+Francisco+Bay+Area&sort=funding&page=234
2025-04-10 03:27:05,769 - INFO - Successfully loaded page 234 with 20 cards
2025-04-10 03:27:05,770 - INFO - Progress: Extracted 547 startups so far
2025-04-10 03:27:05,783 - INFO - Found 20 startup cards on current view
2025-04-10 03:27:15,492 - INFO - Extracted 0 startups from current page
2025-04-10 03:27:15,500 - INFO - Trying URL-based pagination to page 235: https://topstartups.io/?hq_location=San+Francisco+Bay+Area&sort=funding&page=235
2025-04-10 03:27:19,220 - INFO - Successfully loaded page 235 with 20 cards
2025-04-10 03:27:19,220 - INFO - Progress: Extracted 547 startups so far
2025-04-10 03:27:19,234 - INFO - Found 20 startup cards on current view
2025-04-10 03:27:30,104 - INFO - Extracted 0 startups from current page
2025-04-10 03:27:30,110 - INFO - Trying URL-based pagination to page 236: https://topstartups.io/?hq_location=San+Francisco+Bay+Area&sort=funding&page=236
2025-04-10 03:27:35,307 - INFO - Successfully loaded page 236 with 20 cards
2025-04-10 03:27:35,307 - INFO - Progress: Extracted 547 startups so far
2025-04-10 03:27:35,320 - INFO - Found 20 startup cards on current view
2025-04-10 03:27:46,354 - INFO - Extracted 0 startups from current page
2025-04-10 03:27:46,360 - INFO - Trying URL-based pagination to page 237: https://topstartups.io/?hq_location=San+Francisco+Bay+Area&sort=funding&page=237
2025-04-10 03:27:50,034 - INFO - Successfully loaded page 237 with 20 cards
2025-04-10 03:27:50,035 - INFO - Progress: Extracted 547 startups so far
2025-04-10 03:27:50,048 - INFO - Found 20 startup cards on current view
2025-04-10 03:28:00,390 - INFO - Extracted 0 startups from current page
2025-04-10 03:28:00,396 - INFO - Trying URL-based pagination to page 238: https://topstartups.io/?hq_location=San+Francisco+Bay+Area&sort=funding&page=238
2025-04-10 03:28:04,076 - INFO - Successfully loaded page 238 with 20 cards
2025-04-10 03:28:04,077 - INFO - Progress: Extracted 547 startups so far
2025-04-10 03:28:04,089 - INFO - Found 20 startup cards on current view
2025-04-10 03:28:13,875 - INFO - Extracted 0 startups from current page
2025-04-10 03:28:13,881 - INFO - Trying URL-based pagination to page 239: https://topstartups.io/?hq_location=San+Francisco+Bay+Area&sort=funding&page=239
2025-04-10 03:28:17,542 - INFO - Successfully loaded page 239 with 20 cards
2025-04-10 03:28:17,542 - INFO - Progress: Extracted 547 startups so far
2025-04-10 03:28:17,556 - INFO - Found 20 startup cards on current view
2025-04-10 03:28:28,056 - INFO - Extracted 0 startups from current page
2025-04-10 03:28:28,062 - INFO - Trying URL-based pagination to page 240: https://topstartups.io/?hq_location=San+Francisco+Bay+Area&sort=funding&page=240
2025-04-10 03:28:31,728 - INFO - Successfully loaded page 240 with 20 cards
2025-04-10 03:28:31,728 - INFO - Progress: Extracted 547 startups so far
2025-04-10 03:28:31,741 - INFO - Found 20 startup cards on current view
2025-04-10 03:28:42,751 - INFO - Extracted 0 startups from current page
2025-04-10 03:28:42,759 - INFO - Trying URL-based pagination to page 241: https://topstartups.io/?hq_location=San+Francisco+Bay+Area&sort=funding&page=241
2025-04-10 03:28:46,401 - INFO - Successfully loaded page 241 with 20 cards
2025-04-10 03:28:46,401 - INFO - Progress: Extracted 547 startups so far
2025-04-10 03:28:46,415 - INFO - Found 20 startup cards on current view
2025-04-10 03:28:58,024 - INFO - Extracted 0 startups from current page
2025-04-10 03:28:58,031 - INFO - Trying URL-based pagination to page 242: https://topstartups.io/?hq_location=San+Francisco+Bay+Area&sort=funding&page=242
2025-04-10 03:29:01,672 - INFO - Successfully loaded page 242 with 20 cards
2025-04-10 03:29:01,672 - INFO - Progress: Extracted 547 startups so far
2025-04-10 03:29:01,686 - INFO - Found 20 startup cards on current view
2025-04-10 03:29:12,525 - INFO - Extracted 0 startups from current page
2025-04-10 03:29:12,531 - INFO - Trying URL-based pagination to page 243: https://topstartups.io/?hq_location=San+Francisco+Bay+Area&sort=funding&page=243
2025-04-10 03:29:16,200 - INFO - Successfully loaded page 243 with 20 cards
2025-04-10 03:29:16,202 - INFO - Progress: Extracted 547 startups so far
2025-04-10 03:29:16,215 - INFO - Found 20 startup cards on current view
2025-04-10 03:29:27,527 - INFO - Extracted 0 startups from current page
2025-04-10 03:29:27,534 - INFO - Trying URL-based pagination to page 244: https://topstartups.io/?hq_location=San+Francisco+Bay+Area&sort=funding&page=244
2025-04-10 03:29:31,202 - INFO - Successfully loaded page 244 with 20 cards
2025-04-10 03:29:31,202 - INFO - Progress: Extracted 547 startups so far
2025-04-10 03:29:31,215 - INFO - Found 20 startup cards on current view
2025-04-10 03:29:41,412 - INFO - Extracted 0 startups from current page
2025-04-10 03:29:41,417 - INFO - Trying URL-based pagination to page 245: https://topstartups.io/?hq_location=San+Francisco+Bay+Area&sort=funding&page=245
2025-04-10 03:29:45,080 - INFO - Successfully loaded page 245 with 20 cards
2025-04-10 03:29:45,080 - INFO - Progress: Extracted 547 startups so far
2025-04-10 03:29:45,093 - INFO - Found 20 startup cards on current view
2025-04-10 03:29:55,602 - INFO - Extracted 0 startups from current page
2025-04-10 03:29:55,609 - INFO - Trying URL-based pagination to page 246: https://topstartups.io/?hq_location=San+Francisco+Bay+Area&sort=funding&page=246
2025-04-10 03:30:00,308 - INFO - Successfully loaded page 246 with 20 cards
2025-04-10 03:30:00,308 - INFO - Progress: Extracted 547 startups so far
2025-04-10 03:30:00,322 - INFO - Found 20 startup cards on current view
2025-04-10 03:30:11,463 - INFO - Extracted 0 startups from current page
2025-04-10 03:30:11,468 - INFO - Trying URL-based pagination to page 247: https://topstartups.io/?hq_location=San+Francisco+Bay+Area&sort=funding&page=247
2025-04-10 03:30:14,909 - INFO - Successfully loaded page 247 with 20 cards
2025-04-10 03:30:14,909 - INFO - Progress: Extracted 547 startups so far
2025-04-10 03:30:14,923 - INFO - Found 20 startup cards on current view
2025-04-10 03:30:24,790 - INFO - Extracted 0 startups from current page
2025-04-10 03:30:24,797 - INFO - Trying URL-based pagination to page 248: https://topstartups.io/?hq_location=San+Francisco+Bay+Area&sort=funding&page=248
2025-04-10 03:30:28,430 - INFO - Successfully loaded page 248 with 20 cards
2025-04-10 03:30:28,430 - INFO - Progress: Extracted 547 startups so far
2025-04-10 03:30:28,443 - INFO - Found 20 startup cards on current view
2025-04-10 03:30:38,412 - INFO - Extracted 0 startups from current page
2025-04-10 03:30:38,419 - INFO - Trying URL-based pagination to page 249: https://topstartups.io/?hq_location=San+Francisco+Bay+Area&sort=funding&page=249
2025-04-10 03:30:42,052 - INFO - Successfully loaded page 249 with 20 cards
2025-04-10 03:30:42,052 - INFO - Progress: Extracted 547 startups so far
2025-04-10 03:30:42,074 - INFO - Found 20 startup cards on current view
2025-04-10 03:30:53,017 - INFO - Extracted 0 startups from current page
2025-04-10 03:30:53,023 - INFO - Trying URL-based pagination to page 250: https://topstartups.io/?hq_location=San+Francisco+Bay+Area&sort=funding&page=250
2025-04-10 03:30:56,672 - INFO - Successfully loaded page 250 with 20 cards
2025-04-10 03:30:56,672 - INFO - Progress: Extracted 547 startups so far
2025-04-10 03:30:56,685 - INFO - Found 20 startup cards on current view
2025-04-10 03:31:07,562 - INFO - Extracted 0 startups from current page
2025-04-10 03:31:07,568 - INFO - Trying URL-based pagination to page 251: https://topstartups.io/?hq_location=San+Francisco+Bay+Area&sort=funding&page=251
2025-04-10 03:31:11,219 - INFO - Successfully loaded page 251 with 20 cards
2025-04-10 03:31:11,219 - INFO - Progress: Extracted 547 startups so far
2025-04-10 03:31:11,233 - INFO - Found 20 startup cards on current view
2025-04-10 03:31:22,054 - INFO - Extracted 0 startups from current page
2025-04-10 03:31:22,060 - INFO - Trying URL-based pagination to page 252: https://topstartups.io/?hq_location=San+Francisco+Bay+Area&sort=funding&page=252
2025-04-10 03:31:25,761 - INFO - Successfully loaded page 252 with 20 cards
2025-04-10 03:31:25,761 - INFO - Progress: Extracted 547 startups so far
2025-04-10 03:31:25,775 - INFO - Found 20 startup cards on current view
2025-04-10 03:31:36,795 - INFO - Extracted 0 startups from current page
2025-04-10 03:31:36,801 - INFO - Trying URL-based pagination to page 253: https://topstartups.io/?hq_location=San+Francisco+Bay+Area&sort=funding&page=253
2025-04-10 03:31:40,465 - INFO - Successfully loaded page 253 with 20 cards
2025-04-10 03:31:40,465 - INFO - Progress: Extracted 547 startups so far
2025-04-10 03:31:40,478 - INFO - Found 20 startup cards on current view
2025-04-10 03:31:49,742 - INFO - Extracted 0 startups from current page
2025-04-10 03:31:49,748 - INFO - Trying URL-based pagination to page 254: https://topstartups.io/?hq_location=San+Francisco+Bay+Area&sort=funding&page=254
2025-04-10 03:31:53,411 - INFO - Successfully loaded page 254 with 20 cards
2025-04-10 03:31:53,411 - INFO - Progress: Extracted 547 startups so far
2025-04-10 03:31:53,425 - INFO - Found 20 startup cards on current view
2025-04-10 03:32:03,899 - INFO - Extracted 0 startups from current page
2025-04-10 03:32:03,905 - INFO - Trying URL-based pagination to page 255: https://topstartups.io/?hq_location=San+Francisco+Bay+Area&sort=funding&page=255
2025-04-10 03:32:07,561 - INFO - Successfully loaded page 255 with 20 cards
2025-04-10 03:32:07,561 - INFO - Progress: Extracted 547 startups so far
2025-04-10 03:32:07,574 - INFO - Found 20 startup cards on current view
2025-04-10 03:32:17,910 - INFO - Extracted 0 startups from current page
2025-04-10 03:32:17,916 - INFO - Trying URL-based pagination to page 256: https://topstartups.io/?hq_location=San+Francisco+Bay+Area&sort=funding&page=256
2025-04-10 03:32:21,578 - INFO - Successfully loaded page 256 with 20 cards
2025-04-10 03:32:21,580 - INFO - Progress: Extracted 547 startups so far
2025-04-10 03:32:21,593 - INFO - Found 20 startup cards on current view
2025-04-10 03:32:31,964 - INFO - Extracted 0 startups from current page
2025-04-10 03:32:31,969 - INFO - Trying URL-based pagination to page 257: https://topstartups.io/?hq_location=San+Francisco+Bay+Area&sort=funding&page=257
2025-04-10 03:32:35,611 - INFO - Successfully loaded page 257 with 20 cards
2025-04-10 03:32:35,611 - INFO - Progress: Extracted 547 startups so far
2025-04-10 03:32:35,624 - INFO - Found 20 startup cards on current view
2025-04-10 03:32:45,807 - INFO - Extracted 0 startups from current page
2025-04-10 03:32:45,813 - INFO - Trying URL-based pagination to page 258: https://topstartups.io/?hq_location=San+Francisco+Bay+Area&sort=funding&page=258
2025-04-10 03:32:49,482 - INFO - Successfully loaded page 258 with 20 cards
2025-04-10 03:32:49,482 - INFO - Progress: Extracted 547 startups so far
2025-04-10 03:32:49,495 - INFO - Found 20 startup cards on current view
2025-04-10 03:33:00,301 - INFO - Extracted 0 startups from current page
2025-04-10 03:33:00,306 - INFO - Trying URL-based pagination to page 259: https://topstartups.io/?hq_location=San+Francisco+Bay+Area&sort=funding&page=259
2025-04-10 03:33:04,022 - INFO - Successfully loaded page 259 with 20 cards
2025-04-10 03:33:04,022 - INFO - Progress: Extracted 547 startups so far
2025-04-10 03:33:04,036 - INFO - Found 20 startup cards on current view
2025-04-10 03:33:14,295 - INFO - Extracted 0 startups from current page
2025-04-10 03:33:14,301 - INFO - Trying URL-based pagination to page 260: https://topstartups.io/?hq_location=San+Francisco+Bay+Area&sort=funding&page=260
2025-04-10 03:33:17,973 - INFO - Successfully loaded page 260 with 20 cards
2025-04-10 03:33:17,974 - INFO - Progress: Extracted 547 startups so far
2025-04-10 03:33:17,987 - INFO - Found 20 startup cards on current view
2025-04-10 03:33:29,393 - INFO - Extracted 0 startups from current page
2025-04-10 03:33:29,400 - INFO - Trying URL-based pagination to page 261: https://topstartups.io/?hq_location=San+Francisco+Bay+Area&sort=funding&page=261
2025-04-10 03:33:33,096 - INFO - Successfully loaded page 261 with 20 cards
2025-04-10 03:33:33,097 - INFO - Progress: Extracted 547 startups so far
2025-04-10 03:33:33,115 - INFO - Found 20 startup cards on current view
2025-04-10 03:33:43,466 - INFO - Extracted 0 startups from current page
2025-04-10 03:33:43,487 - INFO - Trying URL-based pagination to page 262: https://topstartups.io/?hq_location=San+Francisco+Bay+Area&sort=funding&page=262
2025-04-10 03:33:47,628 - INFO - Successfully loaded page 262 with 20 cards
2025-04-10 03:33:47,628 - INFO - Progress: Extracted 547 startups so far
2025-04-10 03:33:47,643 - INFO - Found 20 startup cards on current view
2025-04-10 03:33:57,780 - INFO - Extracted 0 startups from current page
2025-04-10 03:33:57,786 - INFO - Trying URL-based pagination to page 263: https://topstartups.io/?hq_location=San+Francisco+Bay+Area&sort=funding&page=263
2025-04-10 03:34:01,490 - INFO - Successfully loaded page 263 with 20 cards
2025-04-10 03:34:01,490 - INFO - Progress: Extracted 547 startups so far
2025-04-10 03:34:01,503 - INFO - Found 20 startup cards on current view
2025-04-10 03:34:12,165 - INFO - Extracted 0 startups from current page
2025-04-10 03:34:12,171 - INFO - Trying URL-based pagination to page 264: https://topstartups.io/?hq_location=San+Francisco+Bay+Area&sort=funding&page=264
2025-04-10 03:34:15,862 - INFO - Successfully loaded page 264 with 20 cards
2025-04-10 03:34:15,863 - INFO - Progress: Extracted 547 startups so far
2025-04-10 03:34:15,876 - INFO - Found 20 startup cards on current view
2025-04-10 03:34:25,847 - INFO - Extracted 0 startups from current page
2025-04-10 03:34:25,854 - INFO - Trying URL-based pagination to page 265: https://topstartups.io/?hq_location=San+Francisco+Bay+Area&sort=funding&page=265
2025-04-10 03:34:29,527 - INFO - Successfully loaded page 265 with 20 cards
2025-04-10 03:34:29,527 - INFO - Progress: Extracted 547 startups so far
2025-04-10 03:34:29,540 - INFO - Found 20 startup cards on current view
2025-04-10 03:34:39,875 - INFO - Extracted 0 startups from current page
2025-04-10 03:34:39,880 - INFO - Trying URL-based pagination to page 266: https://topstartups.io/?hq_location=San+Francisco+Bay+Area&sort=funding&page=266
2025-04-10 03:34:43,575 - INFO - Successfully loaded page 266 with 20 cards
2025-04-10 03:34:43,575 - INFO - Progress: Extracted 547 startups so far
2025-04-10 03:34:43,588 - INFO - Found 20 startup cards on current view
2025-04-10 03:34:54,405 - INFO - Extracted 0 startups from current page
2025-04-10 03:34:54,412 - INFO - Trying URL-based pagination to page 267: https://topstartups.io/?hq_location=San+Francisco+Bay+Area&sort=funding&page=267
2025-04-10 03:34:58,088 - INFO - Successfully loaded page 267 with 20 cards
2025-04-10 03:34:58,088 - INFO - Progress: Extracted 547 startups so far
2025-04-10 03:34:58,102 - INFO - Found 20 startup cards on current view
2025-04-10 03:35:09,105 - INFO - Extracted 0 startups from current page
2025-04-10 03:35:09,111 - INFO - Trying URL-based pagination to page 268: https://topstartups.io/?hq_location=San+Francisco+Bay+Area&sort=funding&page=268
2025-04-10 03:35:12,804 - INFO - Successfully loaded page 268 with 20 cards
2025-04-10 03:35:12,804 - INFO - Progress: Extracted 547 startups so far
2025-04-10 03:35:12,818 - INFO - Found 20 startup cards on current view
2025-04-10 03:35:24,258 - INFO - Extracted 0 startups from current page
2025-04-10 03:35:24,264 - INFO - Trying URL-based pagination to page 269: https://topstartups.io/?hq_location=San+Francisco+Bay+Area&sort=funding&page=269
2025-04-10 03:35:27,906 - INFO - Successfully loaded page 269 with 20 cards
2025-04-10 03:35:27,906 - INFO - Progress: Extracted 547 startups so far
2025-04-10 03:35:27,919 - INFO - Found 20 startup cards on current view
2025-04-10 03:35:37,995 - INFO - Extracted 0 startups from current page
2025-04-10 03:35:38,001 - INFO - Trying URL-based pagination to page 270: https://topstartups.io/?hq_location=San+Francisco+Bay+Area&sort=funding&page=270
2025-04-10 03:35:41,685 - INFO - Successfully loaded page 270 with 20 cards
2025-04-10 03:35:41,686 - INFO - Progress: Extracted 547 startups so far
2025-04-10 03:35:41,699 - INFO - Found 20 startup cards on current view
2025-04-10 03:35:51,781 - INFO - Extracted 0 startups from current page
2025-04-10 03:35:51,787 - INFO - Trying URL-based pagination to page 271: https://topstartups.io/?hq_location=San+Francisco+Bay+Area&sort=funding&page=271
2025-04-10 03:35:55,464 - INFO - Successfully loaded page 271 with 20 cards
2025-04-10 03:35:55,464 - INFO - Progress: Extracted 547 startups so far
2025-04-10 03:35:55,477 - INFO - Found 20 startup cards on current view
2025-04-10 03:36:06,013 - INFO - Extracted 0 startups from current page
2025-04-10 03:36:06,018 - INFO - Trying URL-based pagination to page 272: https://topstartups.io/?hq_location=San+Francisco+Bay+Area&sort=funding&page=272
2025-04-10 03:36:11,093 - INFO - Successfully loaded page 272 with 20 cards
2025-04-10 03:36:11,093 - INFO - Progress: Extracted 547 startups so far
2025-04-10 03:36:11,107 - INFO - Found 20 startup cards on current view
2025-04-10 03:36:21,940 - INFO - Extracted 0 startups from current page
2025-04-10 03:36:21,945 - INFO - Trying URL-based pagination to page 273: https://topstartups.io/?hq_location=San+Francisco+Bay+Area&sort=funding&page=273
2025-04-10 03:36:25,711 - INFO - Successfully loaded page 273 with 20 cards
2025-04-10 03:36:25,711 - INFO - Progress: Extracted 547 startups so far
2025-04-10 03:36:25,724 - INFO - Found 20 startup cards on current view
2025-04-10 03:36:36,471 - INFO - Extracted 0 startups from current page
2025-04-10 03:36:36,477 - INFO - Trying URL-based pagination to page 274: https://topstartups.io/?hq_location=San+Francisco+Bay+Area&sort=funding&page=274
2025-04-10 03:36:40,149 - INFO - Successfully loaded page 274 with 20 cards
2025-04-10 03:36:40,149 - INFO - Progress: Extracted 547 startups so far
2025-04-10 03:36:40,163 - INFO - Found 20 startup cards on current view
2025-04-10 03:36:51,793 - INFO - Extracted 0 startups from current page
2025-04-10 03:36:51,799 - INFO - Trying URL-based pagination to page 275: https://topstartups.io/?hq_location=San+Francisco+Bay+Area&sort=funding&page=275
2025-04-10 03:36:55,503 - INFO - Successfully loaded page 275 with 20 cards
2025-04-10 03:36:55,503 - INFO - Progress: Extracted 547 startups so far
2025-04-10 03:36:55,528 - INFO - Found 20 startup cards on current view
2025-04-10 03:37:06,082 - INFO - Extracted 0 startups from current page
2025-04-10 03:37:06,088 - INFO - Trying URL-based pagination to page 276: https://topstartups.io/?hq_location=San+Francisco+Bay+Area&sort=funding&page=276
2025-04-10 03:37:09,818 - INFO - Successfully loaded page 276 with 20 cards
2025-04-10 03:37:09,818 - INFO - Progress: Extracted 547 startups so far
2025-04-10 03:37:09,832 - INFO - Found 20 startup cards on current view
2025-04-10 03:37:20,000 - INFO - Extracted 0 startups from current page
2025-04-10 03:37:20,015 - INFO - Trying URL-based pagination to page 277: https://topstartups.io/?hq_location=San+Francisco+Bay+Area&sort=funding&page=277
2025-04-10 03:37:23,701 - INFO - Successfully loaded page 277 with 20 cards
2025-04-10 03:37:23,701 - INFO - Progress: Extracted 547 startups so far
2025-04-10 03:37:23,715 - INFO - Found 20 startup cards on current view
2025-04-10 03:37:34,556 - INFO - Extracted 0 startups from current page
2025-04-10 03:37:34,563 - INFO - Trying URL-based pagination to page 278: https://topstartups.io/?hq_location=San+Francisco+Bay+Area&sort=funding&page=278
2025-04-10 03:37:38,247 - INFO - Successfully loaded page 278 with 20 cards
2025-04-10 03:37:38,247 - INFO - Progress: Extracted 547 startups so far
2025-04-10 03:37:38,261 - INFO - Found 20 startup cards on current view
2025-04-10 03:37:49,752 - INFO - Extracted 0 startups from current page
2025-04-10 03:37:49,772 - INFO - Trying URL-based pagination to page 279: https://topstartups.io/?hq_location=San+Francisco+Bay+Area&sort=funding&page=279
2025-04-10 03:37:53,484 - INFO - Successfully loaded page 279 with 20 cards
2025-04-10 03:37:53,484 - INFO - Progress: Extracted 547 startups so far
2025-04-10 03:37:53,521 - INFO - Found 20 startup cards on current view
2025-04-10 03:38:04,519 - INFO - Extracted 0 startups from current page
2025-04-10 03:38:04,525 - INFO - Trying URL-based pagination to page 280: https://topstartups.io/?hq_location=San+Francisco+Bay+Area&sort=funding&page=280
2025-04-10 03:38:08,207 - INFO - Successfully loaded page 280 with 20 cards
2025-04-10 03:38:08,207 - INFO - Progress: Extracted 547 startups so far
2025-04-10 03:38:08,221 - INFO - Found 20 startup cards on current view
2025-04-10 03:38:19,659 - INFO - Extracted 0 startups from current page
2025-04-10 03:38:19,664 - INFO - Trying URL-based pagination to page 281: https://topstartups.io/?hq_location=San+Francisco+Bay+Area&sort=funding&page=281
2025-04-10 03:38:23,286 - INFO - Successfully loaded page 281 with 20 cards
2025-04-10 03:38:23,286 - INFO - Progress: Extracted 547 startups so far
2025-04-10 03:38:23,300 - INFO - Found 20 startup cards on current view
2025-04-10 03:38:33,910 - INFO - Extracted 0 startups from current page
2025-04-10 03:38:33,917 - INFO - Trying URL-based pagination to page 282: https://topstartups.io/?hq_location=San+Francisco+Bay+Area&sort=funding&page=282
2025-04-10 03:38:37,549 - INFO - Successfully loaded page 282 with 20 cards
2025-04-10 03:38:37,549 - INFO - Progress: Extracted 547 startups so far
2025-04-10 03:38:37,562 - INFO - Found 20 startup cards on current view
2025-04-10 03:38:48,445 - INFO - Extracted 0 startups from current page
2025-04-10 03:38:48,451 - INFO - Trying URL-based pagination to page 283: https://topstartups.io/?hq_location=San+Francisco+Bay+Area&sort=funding&page=283
2025-04-10 03:38:52,109 - INFO - Successfully loaded page 283 with 20 cards
2025-04-10 03:38:52,109 - INFO - Progress: Extracted 547 startups so far
2025-04-10 03:38:52,122 - INFO - Found 20 startup cards on current view
2025-04-10 03:39:03,399 - INFO - Extracted 0 startups from current page
2025-04-10 03:39:03,405 - INFO - Trying URL-based pagination to page 284: https://topstartups.io/?hq_location=San+Francisco+Bay+Area&sort=funding&page=284
2025-04-10 03:39:07,064 - INFO - Successfully loaded page 284 with 20 cards
2025-04-10 03:39:07,064 - INFO - Progress: Extracted 547 startups so far
2025-04-10 03:39:07,078 - INFO - Found 20 startup cards on current view
2025-04-10 03:39:17,000 - INFO - Extracted 0 startups from current page
2025-04-10 03:39:17,006 - INFO - Trying URL-based pagination to page 285: https://topstartups.io/?hq_location=San+Francisco+Bay+Area&sort=funding&page=285
2025-04-10 03:39:20,696 - INFO - Successfully loaded page 285 with 20 cards
2025-04-10 03:39:20,696 - INFO - Progress: Extracted 547 startups so far
2025-04-10 03:39:20,709 - INFO - Found 20 startup cards on current view
2025-04-10 03:39:31,700 - INFO - Extracted 0 startups from current page
2025-04-10 03:39:31,707 - INFO - Trying URL-based pagination to page 286: https://topstartups.io/?hq_location=San+Francisco+Bay+Area&sort=funding&page=286
2025-04-10 03:39:35,393 - INFO - Successfully loaded page 286 with 20 cards
2025-04-10 03:39:35,393 - INFO - Progress: Extracted 547 startups so far
2025-04-10 03:39:35,407 - INFO - Found 20 startup cards on current view
2025-04-10 03:39:46,187 - INFO - Extracted 0 startups from current page
2025-04-10 03:39:46,193 - INFO - Trying URL-based pagination to page 287: https://topstartups.io/?hq_location=San+Francisco+Bay+Area&sort=funding&page=287
2025-04-10 03:39:49,966 - INFO - Successfully loaded page 287 with 20 cards
2025-04-10 03:39:49,966 - INFO - Progress: Extracted 547 startups so far
2025-04-10 03:39:49,980 - INFO - Found 20 startup cards on current view
2025-04-10 03:40:00,897 - INFO - Extracted 0 startups from current page
2025-04-10 03:40:00,934 - INFO - Trying URL-based pagination to page 288: https://topstartups.io/?hq_location=San+Francisco+Bay+Area&sort=funding&page=288
2025-04-10 03:40:04,888 - INFO - Successfully loaded page 288 with 20 cards
2025-04-10 03:40:04,888 - INFO - Progress: Extracted 547 startups so far
2025-04-10 03:40:04,900 - INFO - Found 20 startup cards on current view
2025-04-10 03:40:16,572 - INFO - Extracted 0 startups from current page
2025-04-10 03:40:16,581 - INFO - Trying URL-based pagination to page 289: https://topstartups.io/?hq_location=San+Francisco+Bay+Area&sort=funding&page=289
2025-04-10 03:40:20,257 - INFO - Successfully loaded page 289 with 20 cards
2025-04-10 03:40:20,258 - INFO - Progress: Extracted 547 startups so far
2025-04-10 03:40:20,276 - INFO - Found 20 startup cards on current view
2025-04-10 03:40:31,350 - INFO - Extracted 0 startups from current page
2025-04-10 03:40:31,355 - INFO - Trying URL-based pagination to page 290: https://topstartups.io/?hq_location=San+Francisco+Bay+Area&sort=funding&page=290
2025-04-10 03:40:36,009 - INFO - Successfully loaded page 290 with 20 cards
2025-04-10 03:40:36,077 - INFO - Progress: Extracted 547 startups so far
2025-04-10 03:40:36,205 - INFO - Found 20 startup cards on current view
2025-04-10 03:40:47,906 - INFO - Extracted 0 startups from current page
2025-04-10 03:40:47,912 - INFO - Trying URL-based pagination to page 291: https://topstartups.io/?hq_location=San+Francisco+Bay+Area&sort=funding&page=291
2025-04-10 03:40:51,500 - INFO - Successfully loaded page 291 with 20 cards
2025-04-10 03:40:51,501 - INFO - Progress: Extracted 547 startups so far
2025-04-10 03:40:51,544 - INFO - Found 20 startup cards on current view
2025-04-10 03:41:03,450 - INFO - Extracted 0 startups from current page
2025-04-10 03:41:03,456 - INFO - Trying URL-based pagination to page 292: https://topstartups.io/?hq_location=San+Francisco+Bay+Area&sort=funding&page=292
2025-04-10 03:41:07,163 - INFO - Successfully loaded page 292 with 20 cards
2025-04-10 03:41:07,164 - INFO - Progress: Extracted 547 startups so far
2025-04-10 03:41:07,178 - INFO - Found 20 startup cards on current view
2025-04-10 03:41:19,365 - INFO - Extracted 0 startups from current page
2025-04-10 03:41:19,437 - INFO - Trying URL-based pagination to page 293: https://topstartups.io/?hq_location=San+Francisco+Bay+Area&sort=funding&page=293
2025-04-10 03:41:23,482 - INFO - Successfully loaded page 293 with 20 cards
2025-04-10 03:41:23,486 - INFO - Progress: Extracted 547 startups so far
2025-04-10 03:41:23,576 - INFO - Found 20 startup cards on current view
2025-04-10 03:41:34,295 - INFO - Extracted 0 startups from current page
2025-04-10 03:41:34,300 - INFO - Trying URL-based pagination to page 294: https://topstartups.io/?hq_location=San+Francisco+Bay+Area&sort=funding&page=294
2025-04-10 03:41:38,015 - INFO - Successfully loaded page 294 with 20 cards
2025-04-10 03:41:38,015 - INFO - Progress: Extracted 547 startups so far
2025-04-10 03:41:38,030 - INFO - Found 20 startup cards on current view
2025-04-10 03:41:49,429 - INFO - Extracted 0 startups from current page
2025-04-10 03:41:49,440 - INFO - Trying URL-based pagination to page 295: https://topstartups.io/?hq_location=San+Francisco+Bay+Area&sort=funding&page=295
2025-04-10 03:41:53,296 - INFO - Successfully loaded page 295 with 20 cards
2025-04-10 03:41:53,297 - INFO - Progress: Extracted 547 startups so far
2025-04-10 03:41:53,310 - INFO - Found 20 startup cards on current view
2025-04-10 03:42:03,484 - INFO - Extracted 0 startups from current page
2025-04-10 03:42:03,491 - INFO - Trying URL-based pagination to page 296: https://topstartups.io/?hq_location=San+Francisco+Bay+Area&sort=funding&page=296
2025-04-10 03:42:07,151 - INFO - Successfully loaded page 296 with 20 cards
2025-04-10 03:42:07,151 - INFO - Progress: Extracted 547 startups so far
2025-04-10 03:42:07,167 - INFO - Found 20 startup cards on current view
2025-04-10 03:42:17,889 - INFO - Extracted 0 startups from current page
2025-04-10 03:42:17,897 - INFO - Trying URL-based pagination to page 297: https://topstartups.io/?hq_location=San+Francisco+Bay+Area&sort=funding&page=297
2025-04-10 03:42:21,608 - INFO - Successfully loaded page 297 with 20 cards
2025-04-10 03:42:21,608 - INFO - Progress: Extracted 547 startups so far
2025-04-10 03:42:21,623 - INFO - Found 20 startup cards on current view
2025-04-10 03:42:32,877 - INFO - Extracted 0 startups from current page
2025-04-10 03:42:32,884 - INFO - Trying URL-based pagination to page 298: https://topstartups.io/?hq_location=San+Francisco+Bay+Area&sort=funding&page=298
2025-04-10 03:42:36,567 - INFO - Successfully loaded page 298 with 20 cards
2025-04-10 03:42:36,567 - INFO - Progress: Extracted 547 startups so far
2025-04-10 03:42:36,580 - INFO - Found 20 startup cards on current view
2025-04-10 03:42:46,204 - INFO - Extracted 0 startups from current page
2025-04-10 03:42:46,211 - INFO - Trying URL-based pagination to page 299: https://topstartups.io/?hq_location=San+Francisco+Bay+Area&sort=funding&page=299
2025-04-10 03:42:49,870 - INFO - Successfully loaded page 299 with 20 cards
2025-04-10 03:42:49,870 - INFO - Progress: Extracted 547 startups so far
2025-04-10 03:42:49,886 - INFO - Found 20 startup cards on current view
2025-04-10 03:43:01,265 - INFO - Extracted 0 startups from current page
2025-04-10 03:43:01,289 - INFO - Trying URL-based pagination to page 300: https://topstartups.io/?hq_location=San+Francisco+Bay+Area&sort=funding&page=300
2025-04-10 03:43:04,991 - INFO - Successfully loaded page 300 with 20 cards
2025-04-10 03:43:04,991 - INFO - Progress: Extracted 547 startups so far
2025-04-10 03:43:05,004 - INFO - Found 20 startup cards on current view
2025-04-10 03:43:15,611 - INFO - Extracted 0 startups from current page
2025-04-10 03:43:15,617 - INFO - Trying URL-based pagination to page 301: https://topstartups.io/?hq_location=San+Francisco+Bay+Area&sort=funding&page=301
2025-04-10 03:43:19,333 - INFO - Successfully loaded page 301 with 20 cards
2025-04-10 03:43:19,333 - INFO - Progress: Extracted 547 startups so far
2025-04-10 03:43:19,346 - INFO - Found 20 startup cards on current view
2025-04-10 03:43:30,168 - INFO - Extracted 0 startups from current page
2025-04-10 03:43:30,175 - INFO - Trying URL-based pagination to page 302: https://topstartups.io/?hq_location=San+Francisco+Bay+Area&sort=funding&page=302
2025-04-10 03:43:33,841 - INFO - Successfully loaded page 302 with 20 cards
2025-04-10 03:43:33,841 - INFO - Progress: Extracted 547 startups so far
2025-04-10 03:43:33,853 - INFO - Found 20 startup cards on current view
2025-04-10 03:43:44,594 - INFO - Extracted 0 startups from current page
2025-04-10 03:43:44,601 - INFO - Trying URL-based pagination to page 303: https://topstartups.io/?hq_location=San+Francisco+Bay+Area&sort=funding&page=303
2025-04-10 03:43:48,241 - INFO - Successfully loaded page 303 with 20 cards
2025-04-10 03:43:48,241 - INFO - Progress: Extracted 547 startups so far
2025-04-10 03:43:48,255 - INFO - Found 20 startup cards on current view
2025-04-10 03:43:59,095 - INFO - Extracted 0 startups from current page
2025-04-10 03:43:59,107 - INFO - Trying URL-based pagination to page 304: https://topstartups.io/?hq_location=San+Francisco+Bay+Area&sort=funding&page=304
2025-04-10 03:44:02,836 - INFO - Successfully loaded page 304 with 20 cards
2025-04-10 03:44:02,841 - INFO - Progress: Extracted 547 startups so far
2025-04-10 03:44:02,911 - INFO - Found 20 startup cards on current view
2025-04-10 03:58:49,126 - INFO - Initializing TopStartups.io scraper
2025-04-10 03:58:49,126 - INFO - ====== WebDriver manager ======
2025-04-10 03:58:49,274 - INFO - Get LATEST chromedriver version for google-chrome
2025-04-10 03:58:49,347 - INFO - Get LATEST chromedriver version for google-chrome
2025-04-10 03:58:49,391 - INFO - Driver [/Users/hk/.wdm/drivers/chromedriver/mac64/135.0.7049.84/chromedriver-mac-arm64/chromedriver] found in cache
2025-04-10 03:58:50,958 - INFO - Navigating to: https://topstartups.io/?hq_location=San+Francisco+Bay+Area&sort=funding
2025-04-10 03:58:54,461 - INFO - Page loaded successfully
2025-04-10 03:58:54,462 - INFO - Beginning startup extraction
2025-04-10 03:58:54,501 - INFO - Found 20 startup cards on current view
2025-04-10 03:58:54,948 - INFO - Extracted startup #1: AI/Machine Learning
2025-04-10 03:58:55,391 - INFO - Extracted startup #2: Numeric
2025-04-10 03:58:55,737 - INFO - Extracted startup #3: Render
2025-04-10 03:58:56,163 - INFO - Extracted startup #4: Harvey
2025-04-10 03:58:56,709 - INFO - Extracted startup #5: Semgrep
2025-04-10 03:58:57,315 - INFO - Extracted startup #6: HighTouch.io
2025-04-10 03:58:57,940 - INFO - Extracted startup #7: Qventus
2025-04-10 03:58:58,632 - INFO - Extracted startup #8: Speak
2025-04-10 03:58:59,326 - INFO - Extracted startup #9: Databricks
2025-04-10 03:58:59,898 - INFO - Extracted startup #10: Kong
2025-04-10 03:59:00,683 - INFO - Extracted startup #11: Cresta
2025-04-10 03:59:01,128 - INFO - Extracted startup #12: Infinitus
2025-04-10 03:59:01,747 - INFO - Extracted startup #13: Nooks
2025-04-10 03:59:02,169 - INFO - Extracted startup #14: Decagon
2025-04-10 03:59:02,922 - INFO - Extracted startup #15: World Labs
2025-04-10 03:59:03,547 - INFO - Extracted startup #16: Safe Superintelligence
2025-04-10 03:59:04,180 - INFO - Extracted startup #17: Harmonic
2025-04-10 03:59:04,874 - INFO - Extracted startup #18: Atlys
2025-04-10 03:59:05,382 - INFO - Extracted startup #19: Cortex
2025-04-10 03:59:05,921 - INFO - Extracted startup #20: Get newly funded startups delivered to you weekly
2025-04-10 03:59:05,921 - INFO - Extracted 20 startups from current page
2025-04-10 03:59:05,923 - INFO - Navigating to page 2: https://topstartups.io/?hq_location=San+Francisco+Bay+Area&sort=funding&page=2
2025-04-10 03:59:08,423 - INFO - Progress: Extracted 20 startups so far
2025-04-10 03:59:08,454 - INFO - Found 20 startup cards on current view
2025-04-10 03:59:09,434 - INFO - Extracted startup #21: Glean
2025-04-10 03:59:10,055 - INFO - Extracted startup #22: Codeium
2025-04-10 03:59:10,467 - INFO - Extracted startup #23: Allium
2025-04-10 03:59:10,853 - INFO - Extracted startup #24: Ema
2025-04-10 03:59:11,324 - INFO - Extracted startup #25: Astranis
2025-04-10 03:59:12,025 - INFO - Extracted startup #26: Vanta
2025-04-10 03:59:12,795 - INFO - Extracted startup #27: Caldera
2025-04-10 03:59:13,450 - INFO - Extracted startup #28: xAI
2025-04-10 03:59:13,820 - INFO - Extracted startup #29: Alkira
2025-04-10 03:59:14,281 - INFO - Extracted startup #30: Together
2025-04-10 03:59:14,750 - INFO - Extracted startup #31: HeyGen
2025-04-10 03:59:15,427 - INFO - Extracted startup #32: Fireworks AI
2025-04-10 03:59:15,815 - INFO - Extracted startup #33: Pomelo
2025-04-10 03:59:16,657 - INFO - Extracted startup #34: Cognition
2025-04-10 03:59:17,487 - INFO - Extracted startup #35: Rippling
2025-04-10 03:59:18,086 - INFO - Extracted startup #36: Varda
2025-04-10 03:59:18,893 - INFO - Extracted startup #37: Vocode
2025-04-10 03:59:19,620 - INFO - Extracted startup #38: Ambience
2025-04-10 03:59:20,258 - INFO - Extracted 18 startups from current page
2025-04-10 03:59:20,261 - INFO - Navigating to page 3: https://topstartups.io/?hq_location=San+Francisco+Bay+Area&sort=funding&page=3
2025-04-10 03:59:27,945 - INFO - Progress: Extracted 38 startups so far
2025-04-10 03:59:27,975 - INFO - Found 20 startup cards on current view
2025-04-10 03:59:29,309 - INFO - Extracted startup #39: LangChain
2025-04-10 03:59:29,990 - INFO - Extracted startup #40: Watershed
2025-04-10 03:59:30,621 - INFO - Extracted startup #41: Instawork
2025-04-10 03:59:31,368 - INFO - Extracted startup #42: BioAge Labs
2025-04-10 03:59:32,104 - INFO - Extracted startup #43: Freenome
2025-04-10 03:59:32,689 - INFO - Extracted startup #44: Zum
2025-04-10 03:59:33,420 - INFO - Extracted startup #45: Forward
2025-04-10 03:59:33,893 - INFO - Extracted startup #46: Pika
2025-04-10 03:59:34,431 - INFO - Extracted startup #47: Air Space Intelligence
2025-04-10 03:59:35,108 - INFO - Extracted startup #48: Squint
2025-04-10 03:59:35,963 - INFO - Extracted startup #49: Instabase
2025-04-10 03:59:36,350 - INFO - Extracted startup #50: OpenAI
2025-04-10 03:59:37,101 - INFO - Extracted startup #51: Replit
2025-04-10 03:59:37,656 - INFO - Extracted startup #52: Memora Health
2025-04-10 03:59:38,356 - INFO - Extracted startup #53: Mojo Vision
2025-04-10 03:59:39,090 - INFO - Extracted startup #54: dashbot.io
2025-04-10 03:59:39,589 - INFO - Extracted startup #55: Graphiant
2025-04-10 03:59:39,969 - INFO - Extracted startup #56: Stripe
2025-04-10 03:59:40,444 - INFO - Extracted 18 startups from current page
2025-04-10 03:59:40,446 - INFO - Navigating to page 4: https://topstartups.io/?hq_location=San+Francisco+Bay+Area&sort=funding&page=4
2025-04-10 03:59:43,055 - INFO - Progress: Extracted 56 startups so far
2025-04-10 03:59:43,091 - INFO - Found 20 startup cards on current view
2025-04-10 03:59:44,414 - INFO - Extracted startup #57: Shef
2025-04-10 03:59:45,125 - INFO - Extracted startup #58: Skydio
2025-04-10 03:59:45,662 - INFO - Extracted startup #59: Light Field Lab
2025-04-10 03:59:46,307 - INFO - Extracted startup #60: MindsDB
2025-04-10 03:59:46,948 - INFO - Extracted startup #61: IgGenix
2025-04-10 03:59:47,770 - INFO - Extracted startup #62: Forward Networks
2025-04-10 03:59:48,189 - INFO - Extracted startup #63: Mad Street Den
2025-04-10 03:59:49,019 - INFO - Extracted startup #64: Fathom
2025-04-10 03:59:49,495 - INFO - Extracted startup #65: Atmos
2025-04-10 03:59:50,263 - INFO - Extracted startup #66: TripActions
2025-04-10 03:59:50,648 - INFO - Extracted startup #67: Golden
2025-04-10 03:59:51,294 - INFO - Extracted startup #68: Workstream
2025-04-10 03:59:51,715 - INFO - Extracted startup #69: Kumo
2025-04-10 03:59:52,384 - INFO - Extracted startup #70: Verkada
2025-04-10 03:59:52,900 - INFO - Extracted startup #71: Patch
2025-04-10 03:59:53,458 - INFO - Extracted startup #72: Isovalent
2025-04-10 03:59:54,265 - INFO - Extracted startup #73: Incredible Health
2025-04-10 03:59:55,032 - INFO - Extracted startup #74: AliveCor
2025-04-10 03:59:55,652 - INFO - Extracted 18 startups from current page
2025-04-10 03:59:55,655 - INFO - Navigating to page 5: https://topstartups.io/?hq_location=San+Francisco+Bay+Area&sort=funding&page=5
2025-04-10 03:59:58,241 - INFO - Progress: Extracted 74 startups so far
2025-04-10 03:59:58,267 - INFO - Found 20 startup cards on current view
2025-04-10 03:59:59,287 - INFO - Extracted startup #75: Truework
2025-04-10 04:00:00,045 - INFO - Extracted startup #76: Aisera
2025-04-10 04:00:00,395 - INFO - Extracted startup #77: Sprig
2025-04-10 04:00:01,169 - INFO - Extracted startup #78: Retool
2025-04-10 04:00:01,613 - INFO - Extracted startup #79: Tecton.AI
2025-04-10 04:00:02,156 - INFO - Extracted startup #80: Front App
2025-04-10 04:00:02,894 - INFO - Extracted startup #81: Pave
2025-04-10 04:00:03,275 - INFO - Extracted startup #82: Courier
2025-04-10 04:00:03,881 - INFO - Extracted startup #83: Fountain
2025-04-10 04:00:04,267 - INFO - Extracted startup #84: Middesk
2025-04-10 04:00:04,863 - INFO - Extracted startup #85: Cambly
2025-04-10 04:00:05,263 - INFO - Extracted startup #86: Metawave
2025-04-10 04:00:05,614 - INFO - Extracted startup #87: Belong
2025-04-10 04:00:06,460 - INFO - Extracted startup #88: SpotOn
2025-04-10 04:00:07,093 - INFO - Extracted startup #89: Mirvie
2025-04-10 04:00:07,896 - INFO - Extracted startup #90: Vivun
2025-04-10 04:00:08,517 - INFO - Extracted startup #91: Instabug
2025-04-10 04:00:09,114 - INFO - Extracted startup #92: Imply
2025-04-10 04:00:09,554 - INFO - Extracted 18 startups from current page
2025-04-10 04:00:09,555 - INFO - Navigating to page 6: https://topstartups.io/?hq_location=San+Francisco+Bay+Area&sort=funding&page=6
2025-04-10 04:00:12,293 - INFO - Progress: Extracted 92 startups so far
2025-04-10 04:00:12,327 - INFO - Found 20 startup cards on current view
2025-04-10 04:00:13,572 - INFO - Extracted startup #93: Faire
2025-04-10 04:00:14,344 - INFO - Extracted startup #94: Sentry
2025-04-10 04:00:15,017 - INFO - Extracted startup #95: Primer
2025-04-10 04:00:15,527 - INFO - Extracted startup #96: Doppler
2025-04-10 04:00:16,237 - INFO - Extracted startup #97: Mutiny
2025-04-10 04:00:16,737 - INFO - Extracted startup #98: Playbook
2025-04-10 04:00:17,256 - INFO - Extracted startup #99: Valar Labs
2025-04-10 04:00:17,995 - INFO - Extracted startup #100: Newfront
2025-04-10 04:00:18,394 - INFO - Extracted startup #101: Built Robotics
2025-04-10 04:00:18,744 - INFO - Extracted startup #102: Viz
2025-04-10 04:00:19,556 - INFO - Extracted startup #103: Lilt
2025-04-10 04:00:19,906 - INFO - Extracted startup #104: Skiff
2025-04-10 04:00:20,390 - INFO - Extracted startup #105: HackerRank
2025-04-10 04:00:20,896 - INFO - Extracted startup #106: RapidAPI
2025-04-10 04:00:21,345 - INFO - Extracted startup #107: Deepcell
2025-04-10 04:00:21,785 - INFO - Extracted startup #108: Webflow
2025-04-10 04:00:22,323 - INFO - Extracted startup #109: SmithRx
2025-04-10 04:00:22,906 - INFO - Extracted startup #110: Roofstock
2025-04-10 04:00:23,634 - INFO - Extracted 18 startups from current page
2025-04-10 04:00:23,638 - INFO - Navigating to page 7: https://topstartups.io/?hq_location=San+Francisco+Bay+Area&sort=funding&page=7
2025-04-10 04:00:26,133 - INFO - Progress: Extracted 110 startups so far
2025-04-10 04:00:26,176 - INFO - Found 20 startup cards on current view
2025-04-10 04:00:27,374 - INFO - Extracted startup #111: Disco
2025-04-10 04:00:28,139 - INFO - Extracted startup #112: Apollo.io
2025-04-10 04:00:28,846 - INFO - Extracted startup #113: BillionToOne
2025-04-10 04:00:29,341 - INFO - Extracted startup #114: Promise
2025-04-10 04:00:29,824 - INFO - Extracted startup #115: AnyRoad
2025-04-10 04:00:30,344 - INFO - Extracted startup #116: Secureframe
2025-04-10 04:00:31,133 - INFO - Extracted startup #117: WorkWhile
2025-04-10 04:00:31,552 - INFO - Extracted startup #118: Flutterwave
2025-04-10 04:00:31,934 - INFO - Extracted startup #119: Helium
2025-04-10 04:00:32,384 - INFO - Extracted startup #120: PopSQL
2025-04-10 04:00:33,097 - INFO - Extracted startup #121: Homebound
2025-04-10 04:00:33,463 - INFO - Extracted startup #122: Branch
2025-04-10 04:00:34,228 - INFO - Extracted startup #123: Salt Security
2025-04-10 04:00:35,059 - INFO - Extracted startup #124: Alchemy
2025-04-10 04:00:35,892 - INFO - Extracted startup #125: Flexport
2025-04-10 04:00:36,697 - INFO - Extracted startup #126: Census
2025-04-10 04:00:37,509 - INFO - Extracted startup #127: Mos
2025-04-10 04:00:38,170 - INFO - Extracted startup #128: ProductBoard
2025-04-10 04:00:39,005 - INFO - Extracted 18 startups from current page
2025-04-10 04:00:39,006 - INFO - Navigating to page 8: https://topstartups.io/?hq_location=San+Francisco+Bay+Area&sort=funding&page=8
2025-04-10 04:00:41,569 - INFO - Progress: Extracted 128 startups so far
2025-04-10 04:00:41,600 - INFO - Found 20 startup cards on current view
2025-04-10 04:00:42,975 - INFO - Extracted startup #129: Phantom
2025-04-10 04:00:43,448 - INFO - Extracted startup #130: Vesta
2025-04-10 04:00:44,105 - INFO - Extracted startup #131: Compound Financial
2025-04-10 04:00:44,587 - INFO - Extracted startup #132: CoinTracker
2025-04-10 04:00:45,098 - INFO - Extracted startup #133: Supermove
2025-04-10 04:00:45,625 - INFO - Extracted startup #134: CaptivateIQ
2025-04-10 04:00:46,060 - INFO - Extracted startup #135: Scratchpad
2025-04-10 04:00:46,839 - INFO - Extracted startup #136: Pavilion Data
2025-04-10 04:00:47,510 - INFO - Extracted startup #137: Handshake
2025-04-10 04:00:48,013 - INFO - Extracted startup #138: Smartcar
2025-04-10 04:00:48,559 - INFO - Extracted startup #139: Lattice
2025-04-10 04:00:48,972 - INFO - Extracted startup #140: Clari
2025-04-10 04:00:49,660 - INFO - Extracted startup #141: Clockwise
2025-04-10 04:00:50,028 - INFO - Extracted startup #142: Ironclad
2025-04-10 04:00:50,396 - INFO - Extracted startup #143: Merit
2025-04-10 04:00:50,751 - INFO - Extracted startup #144: Wonderschool
2025-04-10 04:00:51,333 - INFO - Extracted startup #145: Envoy
2025-04-10 04:00:51,935 - INFO - Extracted startup #146: Labelbox
2025-04-10 04:00:52,327 - INFO - Extracted 18 startups from current page
2025-04-10 04:00:52,332 - INFO - Navigating to page 9: https://topstartups.io/?hq_location=San+Francisco+Bay+Area&sort=funding&page=9
2025-04-10 04:00:55,544 - INFO - Progress: Extracted 146 startups so far
2025-04-10 04:00:55,573 - INFO - Found 20 startup cards on current view
2025-04-10 04:00:56,668 - INFO - Extracted startup #147: Miro
2025-04-10 04:00:57,355 - INFO - Extracted startup #148: Pyka
2025-04-10 04:00:58,040 - INFO - Extracted startup #149: BigPanda
2025-04-10 04:00:58,568 - INFO - Extracted startup #150: Searchlight
2025-04-10 04:00:59,082 - INFO - Extracted startup #151: Sysdig
2025-04-10 04:00:59,809 - INFO - Extracted startup #152: Anchorage
2025-04-10 04:01:00,490 - INFO - Extracted startup #153: Mixhalo
2025-04-10 04:01:01,038 - INFO - Extracted startup #154: Airtable
2025-04-10 04:01:01,448 - INFO - Extracted startup #155: Robust Intelligence
2025-04-10 04:01:02,062 - INFO - Extracted startup #156: Anyscale
2025-04-10 04:01:02,732 - INFO - Extracted startup #157: Mezmo (fka LogDNA)
2025-04-10 04:01:03,514 - INFO - Extracted startup #158: CyCognito
2025-04-10 04:01:03,901 - INFO - Extracted startup #159: SnapLogic
2025-04-10 04:01:04,409 - INFO - Extracted startup #160: CloudTrucks
2025-04-10 04:01:05,190 - INFO - Extracted startup #161: Iron Fish
2025-04-10 04:01:05,675 - INFO - Extracted startup #162: Quince
2025-04-10 04:01:06,036 - INFO - Extracted startup #163: Fundbox
2025-04-10 04:01:06,711 - INFO - Extracted startup #164: Simplified
2025-04-10 04:01:07,399 - INFO - Extracted 18 startups from current page
2025-04-10 04:01:07,401 - INFO - Navigating to page 10: https://topstartups.io/?hq_location=San+Francisco+Bay+Area&sort=funding&page=10
2025-04-10 04:01:10,206 - INFO - Progress: Extracted 164 startups so far
2025-04-10 04:01:10,233 - INFO - Found 20 startup cards on current view
2025-04-10 04:01:11,617 - INFO - Extracted startup #165: Vercel
2025-04-10 04:01:12,017 - INFO - Extracted startup #166: Niantic
2025-04-10 04:01:12,495 - INFO - Extracted startup #167: Zuma
2025-04-10 04:01:12,986 - INFO - Extracted startup #168: Stytch
2025-04-10 04:01:13,635 - INFO - Extracted startup #169: Fountain Therapeutics
2025-04-10 04:01:14,382 - INFO - Extracted startup #170: Netlify
2025-04-10 04:01:14,952 - INFO - Extracted startup #171: Benchling
2025-04-10 04:01:15,478 - INFO - Extracted startup #172: PlanetScale
2025-04-10 04:01:16,109 - INFO - Extracted startup #173: Netography
2025-04-10 04:01:16,928 - INFO - Extracted startup #174: ThoughtSpot
2025-04-10 04:01:17,660 - INFO - Extracted startup #175: Orderful
2025-04-10 04:01:18,421 - INFO - Extracted startup #176: Applied Intuition
2025-04-10 04:01:18,904 - INFO - Extracted startup #177: Density
2025-04-10 04:01:19,741 - INFO - Extracted startup #178: VergeSense
2025-04-10 04:01:20,578 - INFO - Extracted startup #179: Blotout
2025-04-10 04:01:21,407 - INFO - Extracted startup #180: Everlaw
2025-04-10 04:01:21,961 - INFO - Extracted startup #181: Zeit Medical
2025-04-10 04:01:22,714 - INFO - Extracted startup #182: Drip Capital
2025-04-10 04:01:23,297 - INFO - Extracted 18 startups from current page
2025-04-10 04:01:23,299 - INFO - Navigating to page 11: https://topstartups.io/?hq_location=San+Francisco+Bay+Area&sort=funding&page=11
2025-04-10 04:01:26,018 - INFO - Progress: Extracted 182 startups so far
2025-04-10 04:01:26,053 - INFO - Found 20 startup cards on current view
2025-04-10 04:01:27,484 - INFO - Extracted startup #183: Truepill
2025-04-10 04:01:28,005 - INFO - Extracted startup #184: Deel
2025-04-10 04:01:28,374 - INFO - Extracted startup #185: Matik
2025-04-10 04:01:28,854 - INFO - Extracted startup #186: Sprinter Health
2025-04-10 04:01:29,443 - INFO - Extracted startup #187: All Day Kitchens
2025-04-10 04:01:29,946 - INFO - Extracted startup #188: Wonolo
2025-04-10 04:01:30,318 - INFO - Extracted startup #189: Ripple Foods
2025-04-10 04:01:31,117 - INFO - Extracted startup #190: Osaro
2025-04-10 04:01:31,951 - INFO - Extracted startup #191: Superhuman
2025-04-10 04:01:32,566 - INFO - Extracted startup #192: Arevo
2025-04-10 04:01:32,990 - INFO - Extracted startup #193: WorkRamp
2025-04-10 04:01:33,815 - INFO - Extracted startup #194: Elemeno Health
2025-04-10 04:01:34,525 - INFO - Extracted startup #195: Zenysis
2025-04-10 04:01:35,188 - INFO - Extracted startup #196: HyperTrack
2025-04-10 04:01:36,031 - INFO - Extracted startup #197: Nimble Pharmacy
2025-04-10 04:01:36,504 - INFO - Extracted startup #198: Notion
2025-04-10 04:01:36,998 - INFO - Extracted startup #199: Gem
2025-04-10 04:01:37,347 - INFO - Extracted startup #200: Forta
2025-04-10 04:01:38,083 - INFO - Extracted 18 startups from current page
2025-04-10 04:01:38,085 - INFO - Navigating to page 12: https://topstartups.io/?hq_location=San+Francisco+Bay+Area&sort=funding&page=12
2025-04-10 04:01:41,505 - INFO - Progress: Extracted 200 startups so far
2025-04-10 04:01:41,534 - INFO - Found 20 startup cards on current view
2025-04-10 04:01:42,867 - INFO - Extracted startup #201: Loyal
2025-04-10 04:01:43,477 - INFO - Extracted startup #202: Stardust
2025-04-10 04:01:43,902 - INFO - Extracted startup #203: Beacons
2025-04-10 04:01:44,620 - INFO - Extracted startup #204: GenEdit
2025-04-10 04:01:45,066 - INFO - Extracted startup #205: Persona
2025-04-10 04:01:45,746 - INFO - Extracted startup #206: Zapier
2025-04-10 04:01:46,575 - INFO - Extracted startup #207: Rapid Robotics
2025-04-10 04:01:47,308 - INFO - Extracted startup #208: Catch&Release
2025-04-10 04:01:47,782 - INFO - Extracted startup #209: Monad
2025-04-10 04:01:48,217 - INFO - Extracted startup #210: Aalto
2025-04-10 04:01:48,659 - INFO - Extracted startup #211: Tabular Technologies
2025-04-10 04:01:49,231 - INFO - Extracted startup #212: Firemaps
2025-04-10 04:01:49,876 - INFO - Extracted startup #213: Robocorp
2025-04-10 04:01:50,661 - INFO - Extracted startup #214: Dover
2025-04-10 04:01:51,433 - INFO - Extracted startup #215: Origin
2025-04-10 04:01:52,227 - INFO - Extracted startup #216: Juno
2025-04-10 04:01:52,658 - INFO - Extracted startup #217: Hipcamp
2025-04-10 04:01:53,089 - INFO - Extracted startup #218: Doxel
2025-04-10 04:01:53,584 - INFO - Extracted 18 startups from current page
2025-04-10 04:01:53,589 - INFO - Navigating to page 13: https://topstartups.io/?hq_location=San+Francisco+Bay+Area&sort=funding&page=13
2025-04-10 04:01:57,092 - INFO - Progress: Extracted 218 startups so far
2025-04-10 04:01:57,128 - INFO - Found 20 startup cards on current view
2025-04-10 04:01:58,589 - INFO - Extracted startup #219: PicsArt
2025-04-10 04:01:59,210 - INFO - Extracted startup #220: SplashLearn
2025-04-10 04:01:59,687 - INFO - Extracted startup #221: Zomentum
2025-04-10 04:02:00,164 - INFO - Extracted startup #222: unitQ
2025-04-10 04:02:00,816 - INFO - Extracted startup #223: Shepherd
2025-04-10 04:02:01,213 - INFO - Extracted startup #224: Solv Health
2025-04-10 04:02:01,795 - INFO - Extracted startup #225: Carta
2025-04-10 04:02:02,249 - INFO - Extracted startup #226: Passport
2025-04-10 04:02:03,019 - INFO - Extracted startup #227: Moveworks
2025-04-10 04:02:03,433 - INFO - Extracted startup #228: Bite Ninja
2025-04-10 04:02:03,904 - INFO - Extracted startup #229: Neuralink
2025-04-10 04:02:04,269 - INFO - Extracted startup #230: MakersPlace
2025-04-10 04:02:04,711 - INFO - Extracted startup #231: Queenly
2025-04-10 04:02:05,106 - INFO - Extracted startup #232: SentiLink
2025-04-10 04:02:05,460 - INFO - Extracted startup #233: Algolia
2025-04-10 04:02:05,861 - INFO - Extracted startup #234: Deserve
2025-04-10 04:02:06,690 - INFO - Extracted startup #235: Netskope
2025-04-10 04:02:07,334 - INFO - Extracted startup #236: Blameless
2025-04-10 04:02:07,976 - INFO - Extracted 18 startups from current page
2025-04-10 04:02:07,977 - INFO - Navigating to page 14: https://topstartups.io/?hq_location=San+Francisco+Bay+Area&sort=funding&page=14
2025-04-10 04:02:10,768 - INFO - Progress: Extracted 236 startups so far
2025-04-10 04:02:10,796 - INFO - Found 20 startup cards on current view
2025-04-10 04:02:11,764 - INFO - Extracted startup #237: Slintel
2025-04-10 04:02:12,289 - INFO - Extracted startup #238: Human Interest
2025-04-10 04:02:12,998 - INFO - Extracted startup #239: Multiply Labs
2025-04-10 04:02:13,661 - INFO - Extracted startup #240: HiOperator
2025-04-10 04:02:14,373 - INFO - Extracted startup #241: Plate IQ
2025-04-10 04:02:14,854 - INFO - Extracted startup #242: Lob
2025-04-10 04:02:15,621 - INFO - Extracted startup #243: Cofactor Genomics
2025-04-10 04:02:16,034 - INFO - Extracted startup #244: SafetyWing
2025-04-10 04:02:16,766 - INFO - Extracted startup #245: Checkr
2025-04-10 04:02:17,286 - INFO - Extracted startup #246: Bot, M.D.
2025-04-10 04:02:18,071 - INFO - Extracted startup #247: Prodigal
2025-04-10 04:02:18,491 - INFO - Extracted startup #248: Standard AI
2025-04-10 04:02:19,228 - INFO - Extracted startup #249: Phiar Technologies
2025-04-10 04:02:19,934 - INFO - Extracted startup #250: Roofr
2025-04-10 04:02:20,409 - INFO - Extracted startup #251: SendBird
2025-04-10 04:02:20,748 - INFO - Extracted startup #252: AmpUp
2025-04-10 04:02:21,369 - INFO - Extracted startup #253: Memfault
2025-04-10 04:02:21,761 - INFO - Extracted startup #254: Treasury Prime
2025-04-10 04:02:22,554 - INFO - Extracted 18 startups from current page
2025-04-10 04:02:22,556 - INFO - Navigating to page 15: https://topstartups.io/?hq_location=San+Francisco+Bay+Area&sort=funding&page=15
2025-04-10 04:02:25,280 - INFO - Progress: Extracted 254 startups so far
2025-04-10 04:02:25,319 - INFO - Found 20 startup cards on current view
2025-04-10 04:02:26,510 - INFO - Extracted startup #255: Warmly,
2025-04-10 04:02:26,924 - INFO - Extracted startup #256: Forage
2025-04-10 04:02:27,421 - INFO - Extracted startup #257: Outschool
2025-04-10 04:02:28,089 - INFO - Extracted startup #258: Shogun
2025-04-10 04:02:28,898 - INFO - Extracted startup #259: Curtsy
2025-04-10 04:02:29,581 - INFO - Extracted startup #260: Landed
2025-04-10 04:02:30,113 - INFO - Extracted startup #261: CrowdAI
2025-04-10 04:02:30,524 - INFO - Extracted startup #262: LegionFarm
2025-04-10 04:02:31,050 - INFO - Extracted startup #263: Jerry
2025-04-10 04:02:31,715 - INFO - Extracted startup #264: Gridware
2025-04-10 04:02:32,387 - INFO - Extracted startup #265: Ditto
2025-04-10 04:02:32,981 - INFO - Extracted startup #266: Holy Grail
2025-04-10 04:02:33,418 - INFO - Extracted startup #267: Rootly
2025-04-10 04:02:34,044 - INFO - Extracted startup #268: Serverless Stack
2025-04-10 04:02:34,740 - INFO - Extracted startup #269: Blend
2025-04-10 04:02:35,539 - INFO - Extracted startup #270: Voiceops
2025-04-10 04:02:36,245 - INFO - Extracted startup #271: Carrot Fertility
2025-04-10 04:02:36,616 - INFO - Extracted startup #272: Collective Health
2025-04-10 04:02:37,272 - INFO - Extracted 18 startups from current page
2025-04-10 04:02:37,273 - INFO - Navigating to page 16: https://topstartups.io/?hq_location=San+Francisco+Bay+Area&sort=funding&page=16
2025-04-10 04:02:40,410 - INFO - Progress: Extracted 272 startups so far
2025-04-10 04:02:40,451 - INFO - Found 20 startup cards on current view
2025-04-10 04:02:41,596 - INFO - Extracted startup #273: Virta Health
2025-04-10 04:02:42,376 - INFO - Extracted startup #274: Indee Labs
2025-04-10 04:02:42,777 - INFO - Extracted startup #275: Wild Earth
2025-04-10 04:02:43,502 - INFO - Extracted startup #276: Sundae
2025-04-10 04:02:43,868 - INFO - Extracted startup #277: Turing
2025-04-10 04:02:44,632 - INFO - Extracted startup #278: Modern Health
2025-04-10 04:02:45,043 - INFO - Extracted startup #279: Eco
2025-04-10 04:02:45,698 - INFO - Extracted startup #280: Scale AI
2025-04-10 04:02:46,121 - INFO - Extracted startup #281: Grabango
2025-04-10 04:02:46,784 - INFO - Extracted startup #282: Brightwheel
2025-04-10 04:02:47,499 - INFO - Extracted startup #283: HashiCorp
2025-04-10 04:02:47,848 - INFO - Extracted startup #284: Crosschq
2025-04-10 04:02:48,257 - INFO - Extracted startup #285: LaunchDarkly
2025-04-10 04:02:49,053 - INFO - Extracted startup #286: Hinge Health
2025-04-10 04:02:49,746 - INFO - Extracted startup #287: Shopmonkey
2025-04-10 04:02:50,208 - INFO - Extracted startup #288: Sila Nanotechnologies
2025-04-10 04:02:50,965 - INFO - Extracted startup #289: DroneDeploy
2025-04-10 04:02:51,648 - INFO - Extracted startup #290: Shippo
2025-04-10 04:02:52,102 - INFO - Extracted 18 startups from current page
2025-04-10 04:02:52,104 - INFO - Navigating to page 17: https://topstartups.io/?hq_location=San+Francisco+Bay+Area&sort=funding&page=17
2025-04-10 04:02:54,856 - INFO - Progress: Extracted 290 startups so far
2025-04-10 04:02:54,890 - INFO - Found 20 startup cards on current view
2025-04-10 04:02:56,108 - INFO - Extracted startup #291: MaintainX
2025-04-10 04:02:56,634 - INFO - Extracted startup #292: Hound Labs
2025-04-10 04:02:57,018 - INFO - Extracted startup #293: Discord
2025-04-10 04:02:57,862 - INFO - Extracted startup #294: Good Eggs
2025-04-10 04:02:58,508 - INFO - Extracted startup #295: Manticore Games
2025-04-10 04:02:59,312 - INFO - Extracted startup #296: Modern Treasury
2025-04-10 04:02:59,663 - INFO - Extracted startup #297: BetterWorks
2025-04-10 04:03:00,491 - INFO - Extracted startup #298: Kinsa
2025-04-10 04:03:01,020 - INFO - Extracted startup #299: InCorta
2025-04-10 04:03:01,413 - INFO - Extracted startup #300: Helix
2025-04-10 04:03:01,863 - INFO - Extracted startup #301: Gusto
2025-04-10 04:03:02,477 - INFO - Extracted startup #302: Audius
2025-04-10 04:03:03,047 - INFO - Extracted startup #303: AEye
2025-04-10 04:03:03,705 - INFO - Extracted startup #304: Brex
2025-04-10 04:03:04,308 - INFO - Extracted startup #305: Comma.ai
2025-04-10 04:03:04,982 - INFO - Extracted startup #306: Medium
2025-04-10 04:03:05,399 - INFO - Extracted startup #307: Illumio
2025-04-10 04:03:05,969 - INFO - Extracted startup #308: Descript
2025-04-10 04:03:06,803 - INFO - Extracted 18 startups from current page
2025-04-10 04:03:06,805 - INFO - Navigating to page 18: https://topstartups.io/?hq_location=San+Francisco+Bay+Area&sort=funding&page=18
2025-04-10 04:03:09,647 - INFO - Progress: Extracted 308 startups so far
2025-04-10 04:03:09,702 - INFO - Found 20 startup cards on current view
2025-04-10 04:03:11,213 - INFO - Extracted startup #309: Chia Network
2025-04-10 04:03:11,970 - INFO - Extracted startup #310: Celo
2025-04-10 04:03:12,572 - INFO - Extracted startup #311: People.ai
2025-04-10 04:03:13,269 - INFO - Extracted startup #312: Apollo
2025-04-10 04:03:14,033 - INFO - Extracted startup #313: preset.io
2025-04-10 04:03:14,519 - INFO - Extracted startup #314: Snackpass
2025-04-10 04:03:14,944 - INFO - Extracted startup #315: Komodo Health
2025-04-10 04:03:15,472 - INFO - Extracted startup #316: Workboard
2025-04-10 04:03:16,233 - INFO - Extracted startup #317: Alluxio
2025-04-10 04:03:16,857 - INFO - Extracted startup #318: insitro
2025-04-10 04:03:17,476 - INFO - Extracted startup #319: Dialpad
2025-04-10 04:03:17,975 - INFO - Extracted startup #320: Honor
2025-04-10 04:03:18,714 - INFO - Extracted startup #321: Divvy Homes
2025-04-10 04:03:19,300 - INFO - Extracted startup #322: AKASA
2025-04-10 04:03:19,931 - INFO - Extracted startup #323: Substack
2025-04-10 04:03:20,605 - INFO - Extracted startup #324: Mux
2025-04-10 04:03:21,410 - INFO - Extracted startup #325: Solana
2025-04-10 04:03:21,842 - INFO - Extracted startup #326: Thesis
2025-04-10 04:03:22,343 - INFO - Extracted 18 startups from current page
2025-04-10 04:03:22,345 - INFO - Navigating to page 19: https://topstartups.io/?hq_location=San+Francisco+Bay+Area&sort=funding&page=19
2025-04-10 04:03:25,114 - INFO - Progress: Extracted 326 startups so far
2025-04-10 04:03:25,151 - INFO - Found 20 startup cards on current view
2025-04-10 04:03:26,344 - INFO - Extracted startup #327: Nobell Foods
2025-04-10 04:03:27,088 - INFO - Extracted startup #328: SingleStore
2025-04-10 04:03:27,645 - INFO - Extracted startup #329: Color
2025-04-10 04:03:28,483 - INFO - Extracted startup #330: Cape Analytics
2025-04-10 04:03:29,177 - INFO - Extracted startup #331: Sense is a smart talent engagement and communication platform that helps companies find, recruit, and deploy talent.
2025-04-10 04:03:29,619 - INFO - Extracted startup #332: Kiddom
2025-04-10 04:03:30,473 - INFO - Extracted startup #333: Homebase
2025-04-10 04:03:31,333 - INFO - Extracted startup #334: Bungalow
2025-04-10 04:03:31,795 - INFO - Extracted startup #335: Rubrik
2025-04-10 04:03:32,237 - INFO - Extracted startup #336: Vectra AI
2025-04-10 04:03:32,838 - INFO - Extracted startup #337: Abacus.AI
2025-04-10 04:03:33,379 - INFO - Extracted startup #338: Inflammatix
2025-04-10 04:03:34,047 - INFO - Extracted startup #339: At-Bay
2025-04-10 04:03:34,394 - INFO - Extracted startup #340: Tempo
2025-04-10 04:03:34,918 - INFO - Extracted startup #341: Bitwise Asset Management
2025-04-10 04:03:35,694 - INFO - Extracted startup #342: Coda
2025-04-10 04:03:36,264 - INFO - Extracted startup #343: Mighty Buildings
2025-04-10 04:03:36,750 - INFO - Extracted startup #344: DevRev
2025-04-10 04:03:37,415 - INFO - Extracted 18 startups from current page
2025-04-10 04:03:37,421 - INFO - Navigating to page 20: https://topstartups.io/?hq_location=San+Francisco+Bay+Area&sort=funding&page=20
2025-04-10 04:03:42,067 - INFO - Progress: Extracted 344 startups so far
2025-04-10 04:03:42,121 - INFO - Found 20 startup cards on current view
2025-04-10 04:03:43,298 - INFO - Extracted startup #345: Gong.io
2025-04-10 04:03:43,799 - INFO - Extracted startup #346: Houzz
2025-04-10 04:03:44,424 - INFO - Extracted startup #347: Druva
2025-04-10 04:03:45,038 - INFO - Extracted startup #348: LocoNav
2025-04-10 04:03:45,385 - INFO - Extracted startup #349: Brii Biosciences
2025-04-10 04:03:45,918 - INFO - Extracted startup #350: Reddit
2025-04-10 04:03:46,545 - INFO - Extracted startup #351: Pendulum Therapeutics
2025-04-10 04:03:47,064 - INFO - Extracted startup #352: Ethos Life
2025-04-10 04:03:47,567 - INFO - Extracted startup #353: Domino Data Lab
2025-04-10 04:03:48,005 - INFO - Extracted startup #354: mmhmm
2025-04-10 04:03:48,506 - INFO - Extracted startup #355: StrongDM
2025-04-10 04:03:48,884 - INFO - Extracted startup #356: Robinhood
2025-04-10 04:03:49,543 - INFO - Extracted startup #357: Pilot.com
2025-04-10 04:03:49,918 - INFO - Extracted startup #358: Bigeye
2025-04-10 04:03:50,386 - INFO - Extracted startup #359: Releasehub
2025-04-10 04:03:50,854 - INFO - Extracted startup #360: Loom
2025-04-10 04:03:51,408 - INFO - Extracted startup #361: snapdocs
2025-04-10 04:03:52,167 - INFO - Extracted startup #362: Forter
2025-04-10 04:03:52,925 - INFO - Extracted 18 startups from current page
2025-04-10 04:03:52,927 - INFO - Navigating to page 21: https://topstartups.io/?hq_location=San+Francisco+Bay+Area&sort=funding&page=21
2025-04-10 04:03:55,539 - INFO - Progress: Extracted 362 startups so far
2025-04-10 04:03:55,594 - INFO - Found 20 startup cards on current view
2025-04-10 04:03:57,102 - INFO - Extracted startup #363: Thumbtack
2025-04-10 04:03:57,509 - INFO - Extracted startup #364: Figma
2025-04-10 04:03:58,239 - INFO - Extracted startup #365: StreamSets
2025-04-10 04:03:58,672 - INFO - Extracted startup #366: Wakie
2025-04-10 04:03:59,093 - INFO - Extracted startup #367: REVL
2025-04-10 04:03:59,828 - INFO - Extracted startup #368: Nova Credit
2025-04-10 04:04:00,614 - INFO - Extracted startup #369: Aella Credit
2025-04-10 04:04:01,381 - INFO - Extracted startup #370: Petcube
2025-04-10 04:04:02,194 - INFO - Extracted startup #371: BloomTech (fka Lambda School)
2025-04-10 04:04:02,693 - INFO - Extracted startup #372: Yoshi
2025-04-10 04:04:03,356 - INFO - Extracted startup #373: Observe.AI
2025-04-10 04:04:04,041 - INFO - Extracted startup #374: MOMENTUS
2025-04-10 04:04:04,593 - INFO - Extracted startup #375: FidoCure
2025-04-10 04:04:05,440 - INFO - Extracted startup #376: Meru Health
2025-04-10 04:04:05,902 - INFO - Extracted startup #377: Lets do this
2025-04-10 04:04:06,624 - INFO - Extracted startup #378: Datree
2025-04-10 04:04:07,452 - INFO - Extracted startup #379: Lilia
2025-04-10 04:04:08,193 - INFO - Extracted startup #380: DeepSource
2025-04-10 04:04:08,617 - INFO - Extracted 18 startups from current page
2025-04-10 04:04:08,619 - INFO - Navigating to page 22: https://topstartups.io/?hq_location=San+Francisco+Bay+Area&sort=funding&page=22
2025-04-10 04:04:11,257 - INFO - Progress: Extracted 380 startups so far
2025-04-10 04:04:11,272 - INFO - Found 20 startup cards on current view
2025-04-10 04:04:12,465 - INFO - Extracted startup #381: Avo
2025-04-10 04:04:13,291 - INFO - Extracted startup #382: Armory
2025-04-10 04:04:13,805 - INFO - Extracted startup #383: Nabis
2025-04-10 04:04:14,451 - INFO - Extracted startup #384: Explo
2025-04-10 04:04:14,860 - INFO - Extracted startup #385: Pair Team
2025-04-10 04:04:15,450 - INFO - Extracted startup #386: Bunch
2025-04-10 04:04:16,035 - INFO - Extracted startup #387: Zinier
2025-04-10 04:04:16,611 - INFO - Extracted startup #388: Motherly
2025-04-10 04:04:17,054 - INFO - Extracted startup #389: Raise (formerly HelloOffice)
2025-04-10 04:04:17,530 - INFO - Extracted startup #390: AI Foundation
2025-04-10 04:04:18,270 - INFO - Extracted startup #391: Synthego
2025-04-10 04:04:19,029 - INFO - Extracted startup #392: Eden
2025-04-10 04:04:19,841 - INFO - Extracted startup #393: Okera
2025-04-10 04:04:20,566 - INFO - Extracted startup #394: Netdata
2025-04-10 04:04:21,174 - INFO - Extracted startup #395: Earthly
2025-04-10 04:04:21,581 - INFO - Extracted startup #396: Streamloots
2025-04-10 04:04:22,299 - INFO - Extracted startup #397: GetAccept
2025-04-10 04:04:22,762 - INFO - Extracted startup #398: Iris Automation
2025-04-10 04:04:23,618 - INFO - Extracted 18 startups from current page
2025-04-10 04:04:23,620 - INFO - Navigating to page 23: https://topstartups.io/?hq_location=San+Francisco+Bay+Area&sort=funding&page=23
2025-04-10 04:04:26,200 - INFO - Progress: Extracted 398 startups so far
2025-04-10 04:04:26,240 - INFO - Found 20 startup cards on current view
2025-04-10 04:04:27,441 - INFO - Extracted startup #399: Pachyderm
2025-04-10 04:04:28,063 - INFO - Extracted startup #400: Pixie
2025-04-10 04:04:28,559 - INFO - Extracted startup #401: Proterra
2025-04-10 04:04:29,089 - INFO - Extracted startup #402: Coursera
2025-04-10 04:04:29,650 - INFO - Extracted startup #403: Farmers Business Network
2025-04-10 04:04:30,412 - INFO - Extracted startup #404: Ripcord
2025-04-10 04:04:31,085 - INFO - Extracted startup #405: Element Analytics
2025-04-10 04:04:31,637 - INFO - Extracted startup #406: UJET
2025-04-10 04:04:32,000 - INFO - Extracted startup #407: Zumper
2025-04-10 04:04:32,503 - INFO - Extracted startup #408: Veem
2025-04-10 04:04:32,914 - INFO - Extracted startup #409: Rigetti Computing
2025-04-10 04:04:33,369 - INFO - Extracted startup #410: Lime
2025-04-10 04:04:34,157 - INFO - Extracted startup #411: MakerDAO
2025-04-10 04:04:34,752 - INFO - Extracted startup #412: CodeCombat
2025-04-10 04:04:35,467 - INFO - Extracted startup #413: Very Good Security
2025-04-10 04:04:36,010 - INFO - Extracted startup #414: Sleeper
2025-04-10 04:04:36,365 - INFO - Extracted startup #415: Run The World
2025-04-10 04:04:37,035 - INFO - Extracted startup #416: Nautilus Biotechnology
2025-04-10 04:04:37,442 - INFO - Extracted 18 startups from current page
2025-04-10 04:04:37,444 - INFO - Navigating to page 24: https://topstartups.io/?hq_location=San+Francisco+Bay+Area&sort=funding&page=24
2025-04-10 04:04:40,510 - INFO - Progress: Extracted 416 startups so far
2025-04-10 04:04:40,542 - INFO - Found 20 startup cards on current view
2025-04-10 04:04:41,785 - INFO - Extracted startup #417: Drishti
2025-04-10 04:04:42,285 - INFO - Extracted startup #418: Fivetran
2025-04-10 04:04:42,663 - INFO - Extracted startup #419: Silo
2025-04-10 04:04:43,174 - INFO - Extracted startup #420: Plaid
2025-04-10 04:04:43,919 - INFO - Extracted startup #421: RideCell
2025-04-10 04:04:44,482 - INFO - Extracted startup #422: Cafe X
2025-04-10 04:04:45,185 - INFO - Extracted startup #423: Impossible Foods
2025-04-10 04:04:45,666 - INFO - Extracted startup #424: Modal
2025-04-10 04:04:46,280 - INFO - Extracted startup #425: Affirm
2025-04-10 04:04:47,110 - INFO - Extracted startup #426: Bidgely
2025-04-10 04:04:47,593 - INFO - Extracted startup #427: Akash Systems
2025-04-10 04:04:48,290 - INFO - Extracted startup #428: Atomwise
2025-04-10 04:04:49,106 - INFO - Extracted startup #429: Probably Genetic
2025-04-10 04:04:49,915 - INFO - Extracted startup #430: Q.bio
2025-04-10 04:04:50,565 - INFO - Extracted startup #431: Karius
2025-04-10 04:04:51,089 - INFO - Extracted startup #432: Yes Health
2025-04-10 04:04:51,836 - INFO - Extracted startup #433: VELO3D
2025-04-10 04:04:52,424 - INFO - Extracted startup #434: HeartVista
2025-04-10 04:04:53,256 - INFO - Extracted 18 startups from current page
2025-04-10 04:04:53,258 - INFO - Navigating to page 25: https://topstartups.io/?hq_location=San+Francisco+Bay+Area&sort=funding&page=25
2025-04-10 04:04:55,976 - INFO - Progress: Extracted 434 startups so far
2025-04-10 04:04:56,016 - INFO - Found 20 startup cards on current view
2025-04-10 04:04:57,148 - INFO - Extracted startup #435: Clear Labs
2025-04-10 04:04:57,776 - INFO - Extracted startup #436: Zibo
2025-04-10 04:04:58,128 - INFO - Extracted startup #437: Siolta Therapeutics
2025-04-10 04:04:58,484 - INFO - Extracted startup #438: Siren Health
2025-04-10 04:04:58,964 - INFO - Extracted startup #439: Curai Health
2025-04-10 04:04:59,707 - INFO - Extracted startup #440: Unity Technologies
2025-04-10 04:05:00,435 - INFO - Extracted startup #441: Strava
2025-04-10 04:05:00,997 - INFO - Extracted startup #442: Instacart
2025-04-10 04:05:01,432 - INFO - Extracted startup #443: Vivace Therapeutics
2025-04-10 04:05:02,143 - INFO - Extracted startup #444: TuneIn
2025-04-10 04:05:02,759 - INFO - Extracted startup #445: Pony.ai
2025-04-10 04:05:03,516 - INFO - Extracted startup #446: CleverTap
2025-04-10 04:05:04,011 - INFO - Extracted startup #447: Finix
2025-04-10 04:05:04,843 - INFO - Extracted startup #448: Empower
2025-04-10 04:05:05,422 - INFO - Extracted startup #449: Cohesity
2025-04-10 04:05:06,178 - INFO - Extracted startup #450: Confluent
2025-04-10 04:05:06,692 - INFO - Extracted startup #451: Amplitude
2025-04-10 04:05:07,429 - INFO - Extracted startup #452: Rockset
2025-04-10 04:05:07,908 - INFO - Extracted 18 startups from current page
2025-04-10 04:05:07,910 - INFO - Navigating to page 26: https://topstartups.io/?hq_location=San+Francisco+Bay+Area&sort=funding&page=26
2025-04-10 04:05:10,928 - INFO - Progress: Extracted 452 startups so far
2025-04-10 04:05:10,954 - INFO - Found 20 startup cards on current view
2025-04-10 04:05:12,215 - INFO - Extracted startup #453: Linear
2025-04-10 04:05:12,851 - INFO - Extracted startup #454: 23andMe
2025-04-10 04:05:13,531 - INFO - Extracted startup #455: Legalist
2025-04-10 04:05:14,084 - INFO - Extracted startup #456: Swayable
2025-04-10 04:05:14,579 - INFO - Extracted startup #457: Goodly
2025-04-10 04:05:15,110 - INFO - Extracted startup #458: College Pulse
2025-04-10 04:05:15,577 - INFO - Extracted startup #459: Confident Cannabis
2025-04-10 04:05:16,042 - INFO - Extracted startup #460: Tara Intelligence
2025-04-10 04:05:16,633 - INFO - Extracted startup #461: Tachyus
2025-04-10 04:05:17,041 - INFO - Extracted startup #462: hims & hers
2025-04-10 04:05:17,798 - INFO - Extracted startup #463: ManyChat
2025-04-10 04:05:18,274 - INFO - Extracted startup #464: Blue Hexagon
2025-04-10 04:05:18,678 - INFO - Extracted startup #465: Terminal
2025-04-10 04:05:19,109 - INFO - Extracted startup #466: Kapwing
2025-04-10 04:05:19,899 - INFO - Extracted startup #467: Reputation.com
2025-04-10 04:05:20,300 - INFO - Extracted startup #468: PagerDuty
2025-04-10 04:05:20,915 - INFO - Extracted startup #469: Branch International
2025-04-10 04:05:21,747 - INFO - Extracted startup #470: Castle
2025-04-10 04:05:22,174 - INFO - Extracted 18 startups from current page
2025-04-10 04:05:22,181 - INFO - Navigating to page 27: https://topstartups.io/?hq_location=San+Francisco+Bay+Area&sort=funding&page=27
2025-04-10 04:05:24,885 - INFO - Progress: Extracted 470 startups so far
2025-04-10 04:05:24,915 - INFO - Found 20 startup cards on current view
2025-04-10 04:05:26,443 - INFO - Extracted startup #471: GitLab
2025-04-10 04:05:26,825 - INFO - Extracted startup #472: Opendoor
2025-04-10 04:05:27,630 - INFO - Extracted startup #473: Neurotrack
2025-04-10 04:05:28,195 - INFO - Extracted startup #474: Sumo Logic
2025-04-10 04:05:28,750 - INFO - Extracted startup #475: Orchid Labs
2025-04-10 04:05:29,248 - INFO - Extracted startup #476: BridgeBio
2025-04-10 04:05:29,663 - INFO - Extracted startup #477: DoorDash
2025-04-10 04:05:30,243 - INFO - Extracted startup #478: Cobalt Robotics
2025-04-10 04:05:30,902 - INFO - Extracted startup #479: Carbon
2025-04-10 04:05:31,730 - INFO - Extracted startup #480: Freshworks
2025-04-10 04:05:32,280 - INFO - Extracted startup #481: Dolls Kill
2025-04-10 04:05:32,738 - INFO - Extracted startup #482: YapStone
2025-04-10 04:05:33,441 - INFO - Extracted startup #483: CrowdStrike
2025-04-10 04:05:34,258 - INFO - Extracted startup #484: Oasis Labs
2025-04-10 04:05:34,969 - INFO - Extracted startup #485: Narvar
2025-04-10 04:05:35,511 - INFO - Extracted startup #486: NuCypher
2025-04-10 04:05:35,901 - INFO - Extracted startup #487: Robby Technologies
2025-04-10 04:05:36,664 - INFO - Extracted startup #488: RankScience
2025-04-10 04:05:37,245 - INFO - Extracted 18 startups from current page
2025-04-10 04:05:37,252 - INFO - Navigating to page 28: https://topstartups.io/?hq_location=San+Francisco+Bay+Area&sort=funding&page=28
2025-04-10 04:05:40,031 - INFO - Progress: Extracted 488 startups so far
2025-04-10 04:05:40,113 - INFO - Found 20 startup cards on current view
2025-04-10 04:05:41,424 - INFO - Extracted startup #489: Templarbit
2025-04-10 04:05:42,095 - INFO - Extracted startup #490: YouTeam
2025-04-10 04:05:42,521 - INFO - Extracted startup #491: SpotAngels
2025-04-10 04:05:43,280 - INFO - Extracted startup #492: Supermedium
2025-04-10 04:05:43,923 - INFO - Extracted startup #493: SFOX
2025-04-10 04:05:44,417 - INFO - Extracted startup #494: Paladin Cyber
2025-04-10 04:05:45,059 - INFO - Extracted startup #495: Wallarm
2025-04-10 04:05:45,782 - INFO - Extracted startup #496: Bolt Threads
2025-04-10 04:05:46,589 - INFO - Extracted startup #497: UNITY Biotechnology
2025-04-10 04:05:47,136 - INFO - Extracted startup #498: Naked Labs
2025-04-10 04:05:47,497 - INFO - Extracted startup #499: Asana
2025-04-10 04:05:47,958 - INFO - Extracted startup #500: Smule
2025-04-10 04:05:48,393 - INFO - Extracted startup #501: Rainforest QA
2025-04-10 04:05:49,060 - INFO - Extracted startup #502: ScyllaDB
2025-04-10 04:05:49,743 - INFO - Extracted startup #503: SoundHound
2025-04-10 04:05:50,229 - INFO - Extracted startup #504: Intercom
2025-04-10 04:05:50,679 - INFO - Extracted startup #505: YourMechanic
2025-04-10 04:05:51,370 - INFO - Extracted startup #506: Samsara
2025-04-10 04:05:51,897 - INFO - Extracted 18 startups from current page
2025-04-10 04:05:51,899 - INFO - Navigating to page 29: https://topstartups.io/?hq_location=San+Francisco+Bay+Area&sort=funding&page=29
2025-04-10 04:05:54,519 - INFO - Progress: Extracted 506 startups so far
2025-04-10 04:05:54,550 - INFO - Found 20 startup cards on current view
2025-04-10 04:05:55,513 - INFO - Extracted startup #507: Shift
2025-04-10 04:05:55,899 - INFO - Extracted startup #508: Coinbase
2025-04-10 04:05:56,735 - INFO - Extracted startup #509: Earnin
2025-04-10 04:05:57,185 - INFO - Extracted startup #510: indeni
2025-04-10 04:05:57,996 - INFO - Extracted startup #511: Uber
2025-04-10 04:05:58,681 - INFO - Extracted startup #512: Quince Therapeutics
2025-04-10 04:05:59,204 - INFO - Extracted startup #513: Amino
2025-04-10 04:06:00,028 - INFO - Extracted startup #514: Atomist
2025-04-10 04:06:00,836 - INFO - Extracted startup #515: Science Exchange
2025-04-10 04:06:01,268 - INFO - Extracted startup #516: Sourceress
2025-04-10 04:06:01,709 - INFO - Extracted startup #517: Thematic
2025-04-10 04:06:02,143 - INFO - Extracted startup #518: HOOKED
2025-04-10 04:06:02,534 - INFO - Extracted startup #519: Adentro (formerly Zenreach)
2025-04-10 04:06:03,367 - INFO - Extracted startup #520: Bastille
2025-04-10 04:06:04,018 - INFO - Extracted startup #521: Nuna
2025-04-10 04:06:04,729 - INFO - Extracted startup #522: Health IQ
2025-04-10 04:06:05,425 - INFO - Extracted startup #523: AirHelp
2025-04-10 04:06:05,992 - INFO - Extracted startup #524: Upstart
2025-04-10 04:06:06,347 - INFO - Extracted 18 startups from current page
2025-04-10 04:06:06,349 - INFO - Navigating to page 30: https://topstartups.io/?hq_location=San+Francisco+Bay+Area&sort=funding&page=30
2025-04-10 04:06:08,956 - INFO - Progress: Extracted 524 startups so far
2025-04-10 04:06:08,987 - INFO - Found 20 startup cards on current view
2025-04-10 04:06:10,424 - INFO - Extracted startup #525: Creator
2025-04-10 04:06:10,858 - INFO - Extracted startup #526: Gobble
2025-04-10 04:06:11,527 - INFO - Extracted startup #527: Catalia Health
2025-04-10 04:06:12,014 - INFO - Extracted startup #528: Luka
2025-04-10 04:06:12,536 - INFO - Extracted startup #529: Zoom
2025-04-10 04:06:13,041 - INFO - Extracted startup #530: Guardant Health
2025-04-10 04:06:13,862 - INFO - Extracted startup #531: Filecoin
2025-04-10 04:06:14,616 - INFO - Extracted startup #532: Acalvio Technologies
2025-04-10 04:06:15,258 - INFO - Extracted startup #533: LeadGenius
2025-04-10 04:06:16,075 - INFO - Extracted startup #534: Vote.org
2025-04-10 04:06:16,507 - INFO - Extracted startup #535: Suiteness
2025-04-10 04:06:17,144 - INFO - Extracted startup #536: Luminostics
2025-04-10 04:06:17,903 - INFO - Extracted startup #537: ApolloShield
2025-04-10 04:06:18,390 - INFO - Extracted startup #538: Indiegogo
2025-04-10 04:06:18,846 - INFO - Extracted startup #539: Fond
2025-04-10 04:06:19,353 - INFO - Extracted startup #540: Quartzy
2025-04-10 04:06:19,906 - INFO - Extracted startup #541: Kumu Networks
2025-04-10 04:06:20,596 - INFO - Extracted startup #542: Pique Tea
2025-04-10 04:06:21,160 - INFO - Extracted 18 startups from current page
2025-04-10 04:06:21,161 - INFO - Navigating to page 31: https://topstartups.io/?hq_location=San+Francisco+Bay+Area&sort=funding&page=31
2025-04-10 04:06:23,820 - INFO - Progress: Extracted 542 startups so far
2025-04-10 04:06:23,852 - INFO - Found 7 startup cards on current view
2025-04-10 04:06:24,781 - INFO - Extracted startup #543: Grokker
2025-04-10 04:06:25,363 - INFO - Extracted startup #544: data.ai
2025-04-10 04:06:26,119 - INFO - Extracted startup #545: The One Music Group
2025-04-10 04:06:26,736 - INFO - Extracted startup #546: Clover Health
2025-04-10 04:06:27,441 - INFO - Extracted startup #547: Thanx
2025-04-10 04:06:28,219 - INFO - Extracted 5 startups from current page
2025-04-10 04:06:28,221 - INFO - Navigating to page 32: https://topstartups.io/?hq_location=San+Francisco+Bay+Area&sort=funding&page=32
2025-04-10 04:06:30,839 - INFO - Progress: Extracted 547 startups so far
2025-04-10 04:06:30,870 - INFO - Found 20 startup cards on current view
2025-04-10 04:06:44,776 - INFO - Extracted 0 startups from current page
2025-04-10 04:06:44,777 - WARNING - Empty page #1. No new startups extracted.
2025-04-10 04:06:44,778 - INFO - Navigating to page 33: https://topstartups.io/?hq_location=San+Francisco+Bay+Area&sort=funding&page=33
2025-04-10 04:06:47,436 - INFO - Progress: Extracted 547 startups so far
2025-04-10 04:06:47,468 - INFO - Found 20 startup cards on current view
2025-04-10 04:07:00,510 - INFO - Extracted 0 startups from current page
2025-04-10 04:07:00,511 - WARNING - Empty page #2. No new startups extracted.
2025-04-10 04:07:00,513 - INFO - Navigating to page 34: https://topstartups.io/?hq_location=San+Francisco+Bay+Area&sort=funding&page=34
2025-04-10 04:07:03,190 - INFO - Progress: Extracted 547 startups so far
2025-04-10 04:07:03,221 - INFO - Found 20 startup cards on current view
2025-04-10 04:07:16,122 - INFO - Extracted 0 startups from current page
2025-04-10 04:07:16,123 - WARNING - Empty page #3. No new startups extracted.
2025-04-10 04:07:16,123 - INFO - Stopping after 3 consecutive empty pages
2025-04-10 04:07:16,123 - INFO - Extraction complete. Total startups extracted: 547
2025-04-10 04:07:16,146 - INFO - Saved data to CSV: topstartups_data.csv
2025-04-10 04:07:16,152 - INFO - Saved data to JSON: topstartups_data.json
2025-04-10 04:07:16,153 - INFO - Scraping completed successfully. Extracted 547 startups.
2025-04-10 04:07:16,153 - INFO - Data saved to:
2025-04-10 04:07:16,153 - INFO - - CSV: topstartups_data.csv
2025-04-10 04:07:16,153 - INFO - - JSON: topstartups_data.json
2025-04-10 04:07:16,202 - INFO - Data summary:
       description  headquarters  funding  website
count          0.0           0.0      0.0      0.0
mean           NaN           NaN      NaN      NaN
std            NaN           NaN      NaN      NaN
min            NaN           NaN      NaN      NaN
25%            NaN           NaN      NaN      NaN
50%            NaN           NaN      NaN      NaN
75%            NaN           NaN      NaN      NaN
max            NaN           NaN      NaN      NaN
2025-04-10 04:07:16,206 - INFO - Sample data:
                  name  ...  has_reviews
0  AI/Machine Learning  ...        False
1              Numeric  ...        False
2               Render  ...        False
3               Harvey  ...        False
4              Semgrep  ...        False

[5 rows x 6 columns]
2025-04-10 04:07:16,413 - INFO - WebDriver closed successfully
