2025-04-21 00:53:51,688 - INFO - Setting up scheduled extraction (every 24 hours)
2025-04-21 00:53:51,688 - INFO - Starting extraction process
2025-04-21 00:53:51,688 - INFO - Setting up Chrome WebDriver...
2025-04-21 00:53:51,688 - INFO - ====== WebDriver manager ======
2025-04-21 00:53:52,128 - INFO - Get LATEST chromedriver version for google-chrome
2025-04-21 00:53:52,189 - INFO - Get LATEST chromedriver version for google-chrome
2025-04-21 00:53:52,231 - INFO - Get LATEST chromedriver version for google-chrome
2025-04-21 00:53:52,326 - INFO - WebDriver version 135.0.7049.95 selected
2025-04-21 00:53:52,328 - INFO - Modern chrome version https://storage.googleapis.com/chrome-for-testing-public/135.0.7049.95/mac-arm64/chromedriver-mac-arm64.zip
2025-04-21 00:53:52,328 - INFO - About to download new driver from https://storage.googleapis.com/chrome-for-testing-public/135.0.7049.95/mac-arm64/chromedriver-mac-arm64.zip
2025-04-21 00:53:52,401 - INFO - Driver downloading response is 200
2025-04-21 00:53:52,754 - INFO - Get LATEST chromedriver version for google-chrome
2025-04-21 00:53:52,967 - INFO - Driver has been saved in cache [/Users/hk/.wdm/drivers/chromedriver/mac64/135.0.7049.95]
2025-04-21 00:53:55,453 - INFO - WebDriver setup completed successfully
2025-04-21 00:53:55,453 - INFO - Navigating to https://fundraiseinsider.com/blog/recently-funded-startups-san-francisco/#showform-238066
2025-04-21 00:53:57,390 - INFO - Found overlay using selector: //div[contains(@class, 'conv-wrap')]
2025-04-21 00:53:57,400 - INFO - No close button found, removing overlay with JavaScript
2025-04-21 00:53:57,904 - INFO - Found overlay using selector: //div[contains(@class, 'overlay')]
2025-04-21 00:53:57,907 - INFO - No close button found, removing overlay with JavaScript
2025-04-21 00:54:15,267 - INFO - Performing efficient scrolling...
2025-04-21 00:54:18,195 - INFO - Scrolling completed
2025-04-21 00:54:19,171 - INFO - Extracting data from page 1
2025-04-21 00:54:20,389 - INFO - Trying standard table extraction
2025-04-21 00:54:20,447 - INFO - Found funding amount column at index 6
2025-04-21 00:54:20,454 - INFO - Found headquarters column at index 7
2025-04-21 00:54:20,471 - INFO - Found 22 potential data rows
2025-04-21 00:54:20,557 - INFO - Extracted: Rembrand - 2-Jan-25
2025-04-21 00:54:20,558 - INFO - Found funding amount: 23000000
2025-04-21 00:54:20,602 - INFO - Extracted: Wurthy - 30-Dec-24
2025-04-21 00:54:20,603 - INFO - Found funding amount: 0
2025-04-21 00:54:20,653 - INFO - Extracted: Frontier Bio - 25-Dec-24
2025-04-21 00:54:20,653 - INFO - Found funding amount: 1300000
2025-04-21 00:54:20,725 - INFO - Extracted: Courtyard - 23-Dec-24
2025-04-21 00:54:20,725 - INFO - Found funding amount: 4500000
2025-04-21 00:54:20,765 - INFO - Extracted: Pasadena Private Lending - 19-Dec-24
2025-04-21 00:54:20,765 - INFO - Found funding amount: 50000000
2025-04-21 00:54:20,806 - INFO - Extracted: Tenor - 19-Dec-24
2025-04-21 00:54:20,806 - INFO - Found funding amount: 5400000
2025-04-21 00:54:20,857 - INFO - Extracted: Earli - 19-Dec-24
2025-04-21 00:54:20,857 - INFO - Found funding amount: 60000000
2025-04-21 00:54:20,901 - INFO - Extracted: Child Family Health International - 19-Dec-24
2025-04-21 00:54:20,901 - INFO - Found funding amount: 7500
2025-04-21 00:54:20,945 - INFO - Extracted: SandboxAQ - 18-Dec-24
2025-04-21 00:54:20,945 - INFO - Found funding amount: 300000000
2025-04-21 00:54:20,989 - INFO - Extracted: Plume Network - 18-Dec-24
2025-04-21 00:54:20,989 - INFO - Found funding amount: 20000000
2025-04-21 00:54:21,050 - INFO - Extracted: Hamming AI - 18-Dec-24
2025-04-21 00:54:21,050 - INFO - Found funding amount: 3800000
2025-04-21 00:54:21,108 - INFO - Extracted: CourtScribes - 18-Dec-24
2025-04-21 00:54:21,108 - INFO - Found funding amount: 512474
2025-04-21 00:54:21,144 - INFO - Extracted: Perplexity - 18-Dec-24
2025-04-21 00:54:21,144 - INFO - Found funding amount: 500000000
2025-04-21 00:54:21,261 - INFO - Extracted: Lyten - 18-Dec-24
2025-04-21 00:54:21,261 - INFO - Found funding amount: 650000000
2025-04-21 00:54:21,348 - INFO - Extracted: Fairbanc - 18-Dec-24
2025-04-21 00:54:21,348 - INFO - Found funding amount: 50000000000
2025-04-21 00:54:21,404 - INFO - Extracted: Mojave Energy Systems - 18-Dec-24
2025-04-21 00:54:21,405 - INFO - Found funding amount: 9500000
2025-04-21 00:54:21,443 - INFO - Extracted: Fraction AI - 18-Dec-24
2025-04-21 00:54:21,443 - INFO - Found funding amount: 6000000
2025-04-21 00:54:21,496 - INFO - Extracted: Schwarm Technologies Inc. - 17-Dec-24
2025-04-21 00:54:21,496 - INFO - Found funding amount: 3027055
2025-04-21 00:54:21,544 - INFO - Extracted: Landbase - 17-Dec-24
2025-04-21 00:54:21,544 - INFO - Found funding amount: 12500000
2025-04-21 00:54:21,604 - INFO - Extracted: Acre - 17-Dec-24
2025-04-21 00:54:21,604 - INFO - Found funding amount: 10000000
2025-04-21 00:54:21,604 - INFO - Successfully extracted 20 new companies from page 1
2025-04-21 00:54:21,605 - INFO - Attempting to navigate from page 1
2025-04-21 00:54:29,167 - INFO - JavaScript verification confirmed page changed
2025-04-21 00:54:30,120 - INFO - Extracting data from page 2
2025-04-21 00:54:31,248 - INFO - Trying standard table extraction
2025-04-21 00:54:31,287 - INFO - Found funding amount column at index 6
2025-04-21 00:54:31,293 - INFO - Found headquarters column at index 7
2025-04-21 00:54:31,302 - INFO - Found 22 potential data rows
2025-04-21 00:54:31,368 - INFO - Extracted: Finexio - 17-Dec-24
2025-04-21 00:54:31,368 - INFO - Found funding amount: 10000000
2025-04-21 00:54:31,409 - INFO - Extracted: Anatomy Financial - 17-Dec-24
2025-04-21 00:54:31,409 - INFO - Found funding amount: 19000000
2025-04-21 00:54:31,449 - INFO - Extracted: Serverfarm - 17-Dec-24
2025-04-21 00:54:31,449 - INFO - Found funding amount: 1637000000
2025-04-21 00:54:31,509 - INFO - Extracted: Flair - 17-Dec-24
2025-04-21 00:54:31,509 - INFO - Found funding amount: 0
2025-04-21 00:54:31,552 - INFO - Extracted: Leapfin - 17-Dec-24
2025-04-21 00:54:31,552 - INFO - Found funding amount: 1000000
2025-04-21 00:54:31,594 - INFO - Extracted: Parafin - 17-Dec-24
2025-04-21 00:54:31,594 - INFO - Found funding amount: 100000000
2025-04-21 00:54:31,630 - INFO - Extracted: Indapta Therapeutics - 17-Dec-24
2025-04-21 00:54:31,631 - INFO - Found funding amount: 22500000
2025-04-21 00:54:31,687 - INFO - Extracted: Xcell Biosciences - 17-Dec-24
2025-04-21 00:54:31,687 - INFO - Found funding amount: 1400000
2025-04-21 00:54:31,722 - INFO - Extracted: Jiko - 12-Dec-24
2025-04-21 00:54:31,723 - INFO - Found funding amount: 29000000
2025-04-21 00:54:31,760 - INFO - Extracted: One - 12-Dec-24
2025-04-21 00:54:31,760 - INFO - Found funding amount: 300000000
2025-04-21 00:54:31,795 - INFO - Extracted: Evinced - 12-Dec-24
2025-04-21 00:54:31,795 - INFO - Found funding amount: 55000000
2025-04-21 00:54:31,831 - INFO - Extracted: Twelve Labs - 12-Dec-24
2025-04-21 00:54:31,831 - INFO - Found funding amount: 30000000
2025-04-21 00:54:31,867 - INFO - Extracted: Terradot - 12-Dec-24
2025-04-21 00:54:31,867 - INFO - Found funding amount: 54000000
2025-04-21 00:54:31,901 - INFO - Extracted: Cartesia - 12-Dec-24
2025-04-21 00:54:31,901 - INFO - Found funding amount: 22000000
2025-04-21 00:54:31,941 - INFO - Extracted: Vantis Vascular - 12-Dec-24
2025-04-21 00:54:31,942 - INFO - Found funding amount: 10000000
2025-04-21 00:54:31,981 - INFO - Extracted: Alessa Therapeutics - 12-Dec-24
2025-04-21 00:54:31,981 - INFO - Found funding amount: 15000000
2025-04-21 00:54:32,018 - INFO - Extracted: Gigs - 12-Dec-24
2025-04-21 00:54:32,018 - INFO - Found funding amount: 73000000
2025-04-21 00:54:32,056 - INFO - Extracted: Immi - 12-Dec-24
2025-04-21 00:54:32,056 - INFO - Found funding amount: 3000000
2025-04-21 00:54:32,090 - INFO - Extracted: Albert Invent - 11-Dec-24
2025-04-21 00:54:32,091 - INFO - Found funding amount: 22500000
2025-04-21 00:54:32,126 - INFO - Extracted: Strategic Venue Partners - 11-Dec-24
2025-04-21 00:54:32,126 - INFO - Found funding amount: 0
2025-04-21 00:54:32,126 - INFO - Successfully extracted 20 new companies from page 2
2025-04-21 00:54:32,126 - INFO - Attempting to navigate from page 2
2025-04-21 00:54:38,174 - INFO - JavaScript verification confirmed page changed
2025-04-21 00:54:38,576 - INFO - Extracting data from page 3
2025-04-21 00:54:39,264 - INFO - Trying standard table extraction
2025-04-21 00:54:39,301 - INFO - Found funding amount column at index 6
2025-04-21 00:54:39,307 - INFO - Found headquarters column at index 7
2025-04-21 00:54:39,323 - INFO - Found 22 potential data rows
2025-04-21 00:54:39,385 - INFO - Extracted: Parsec Education - 11-Dec-24
2025-04-21 00:54:39,385 - INFO - Found funding amount: 8000000
2025-04-21 00:54:39,443 - INFO - Extracted: Saltmine - 11-Dec-24
2025-04-21 00:54:39,443 - INFO - Found funding amount: 0
2025-04-21 00:54:39,483 - INFO - Extracted: NeuBird - 11-Dec-24
2025-04-21 00:54:39,483 - INFO - Found funding amount: 22500000
2025-04-21 00:54:39,518 - INFO - Extracted: Aimon Labs - 11-Dec-24
2025-04-21 00:54:39,518 - INFO - Found funding amount: 2300000
2025-04-21 00:54:39,731 - INFO - Extracted: Ayar Labs - 11-Dec-24
2025-04-21 00:54:39,731 - INFO - Found funding amount: 155000000
2025-04-21 00:54:39,877 - INFO - Extracted: Vapi - 11-Dec-24
2025-04-21 00:54:39,877 - INFO - Found funding amount: 20000000
2025-04-21 00:54:39,945 - INFO - Extracted: EzDubs - 11-Dec-24
2025-04-21 00:54:39,945 - INFO - Found funding amount: 4200000
2025-04-21 00:54:40,063 - INFO - Extracted: Capstan Medical - 11-Dec-24
2025-04-21 00:54:40,063 - INFO - Found funding amount: 110000000
2025-04-21 00:54:40,151 - INFO - Extracted: Reveal Technology - 11-Dec-24
2025-04-21 00:54:40,151 - INFO - Found funding amount: 11200000
2025-04-21 00:54:40,192 - INFO - Extracted: Tosi - 11-Dec-24
2025-04-21 00:54:40,192 - INFO - Found funding amount: 15805308
2025-04-21 00:54:40,241 - INFO - Extracted: Azimuth AI - 11-Dec-24
2025-04-21 00:54:40,242 - INFO - Found funding amount: 11500000
2025-04-21 00:54:40,299 - INFO - Extracted: Cohesity - 10-Dec-24
2025-04-21 00:54:40,299 - INFO - Found funding amount: 0
2025-04-21 00:54:40,338 - INFO - Extracted: Speak - 10-Dec-24
2025-04-21 00:54:40,338 - INFO - Found funding amount: 78000000
2025-04-21 00:54:40,375 - INFO - Extracted: Mainframe - 10-Dec-24
2025-04-21 00:54:40,375 - INFO - Found funding amount: 5500000
2025-04-21 00:54:40,412 - INFO - Extracted: Gyaan - 10-Dec-24
2025-04-21 00:54:40,412 - INFO - Found funding amount: 5000000
2025-04-21 00:54:40,450 - INFO - Extracted: WeaveGrid - 10-Dec-24
2025-04-21 00:54:40,450 - INFO - Found funding amount: 28000000
2025-04-21 00:54:40,497 - INFO - Extracted: WindBorne Systems - 10-Dec-24
2025-04-21 00:54:40,498 - INFO - Found funding amount: 5000000
2025-04-21 00:54:40,542 - INFO - Extracted: Exabits AI - 10-Dec-24
2025-04-21 00:54:40,542 - INFO - Found funding amount: 15000000
2025-04-21 00:54:40,582 - INFO - Extracted: Gentrace - 10-Dec-24
2025-04-21 00:54:40,582 - INFO - Found funding amount: 8000000
2025-04-21 00:54:40,623 - INFO - Extracted: LambdaTest - 10-Dec-24
2025-04-21 00:54:40,623 - INFO - Found funding amount: 38000000
2025-04-21 00:54:40,623 - INFO - Successfully extracted 20 new companies from page 3
2025-04-21 00:54:40,623 - INFO - Attempting to navigate from page 3
2025-04-21 00:54:46,977 - INFO - JavaScript verification confirmed page changed
2025-04-21 00:54:47,853 - INFO - Extracting data from page 4
2025-04-21 00:54:48,486 - INFO - Trying standard table extraction
2025-04-21 00:54:48,518 - INFO - Found funding amount column at index 6
2025-04-21 00:54:48,521 - INFO - Found headquarters column at index 7
2025-04-21 00:54:48,530 - INFO - Found 22 potential data rows
2025-04-21 00:54:48,577 - INFO - Extracted: Aarvik Therapeutics - 10-Dec-24
2025-04-21 00:54:48,577 - INFO - Found funding amount: 1165000
2025-04-21 00:54:48,611 - INFO - Extracted: WaveForms AI - 10-Dec-24
2025-04-21 00:54:48,611 - INFO - Found funding amount: 40000000
2025-04-21 00:54:48,643 - INFO - Extracted: Wald.ai - 10-Dec-24
2025-04-21 00:54:48,644 - INFO - Found funding amount: 4000000
2025-04-21 00:54:48,683 - INFO - Extracted: Wildflower Health - 10-Dec-24
2025-04-21 00:54:48,683 - INFO - Found funding amount: 17939793
2025-04-21 00:54:48,726 - INFO - Extracted: Aampe - 10-Dec-24
2025-04-21 00:54:48,726 - INFO - Found funding amount: 18000000
2025-04-21 00:54:48,763 - INFO - Extracted: Cala Health - 9-Dec-24
2025-04-21 00:54:48,763 - INFO - Found funding amount: 50000000
2025-04-21 00:54:48,793 - INFO - Extracted: Sofar Ocean - 9-Dec-24
2025-04-21 00:54:48,793 - INFO - Found funding amount: 18250002
2025-04-21 00:54:48,823 - INFO - Extracted: Friend - 9-Dec-24
2025-04-21 00:54:48,823 - INFO - Found funding amount: 5400000
2025-04-21 00:54:48,859 - INFO - Extracted: Lava - 9-Dec-24
2025-04-21 00:54:48,859 - INFO - Found funding amount: 10000000
2025-04-21 00:54:48,896 - INFO - Extracted: MiSalud - 9-Dec-24
2025-04-21 00:54:48,896 - INFO - Found funding amount: 8000000
2025-04-21 00:54:48,933 - INFO - Extracted: Lucra Sports - 5-Dec-24
2025-04-21 00:54:48,933 - INFO - Found funding amount: 10000000
2025-04-21 00:54:48,974 - INFO - Extracted: Across AI - 5-Dec-24
2025-04-21 00:54:48,975 - INFO - Found funding amount: 5750000
2025-04-21 00:54:49,009 - INFO - Extracted: BITKRAFT Ventures - 5-Dec-24
2025-04-21 00:54:49,009 - INFO - Found funding amount: 0
2025-04-21 00:54:49,050 - INFO - Extracted: Nuvig Therapeutics - 5-Dec-24
2025-04-21 00:54:49,050 - INFO - Found funding amount: 161000000
2025-04-21 00:54:49,088 - INFO - Extracted: FutureSearch - 5-Dec-24
2025-04-21 00:54:49,088 - INFO - Found funding amount: 5794991
2025-04-21 00:54:49,125 - INFO - Extracted: Solana - 5-Dec-24
2025-04-21 00:54:49,125 - INFO - Found funding amount: 1500000
2025-04-21 00:54:49,161 - INFO - Extracted: Rubi Laboratories - 5-Dec-24
2025-04-21 00:54:49,161 - INFO - Found funding amount: 969961
2025-04-21 00:54:49,197 - INFO - Extracted: East Oakland Youth Development Center - 5-Dec-24
2025-04-21 00:54:49,197 - INFO - Found funding amount: 0
2025-04-21 00:54:49,232 - INFO - Extracted: Axiado Corporation - 4-Dec-24
2025-04-21 00:54:49,232 - INFO - Found funding amount: 60000000
2025-04-21 00:54:49,271 - INFO - Extracted: Enterpret - 4-Dec-24
2025-04-21 00:54:49,271 - INFO - Found funding amount: 20800000
2025-04-21 00:54:49,271 - INFO - Successfully extracted 20 new companies from page 4
2025-04-21 00:54:49,272 - INFO - Attempting to navigate from page 4
2025-04-21 00:54:55,111 - INFO - JavaScript verification confirmed page changed
2025-04-21 00:54:56,319 - INFO - Extracting data from page 5
2025-04-21 00:54:56,753 - INFO - Trying standard table extraction
2025-04-21 00:54:56,788 - INFO - Found funding amount column at index 6
2025-04-21 00:54:56,793 - INFO - Found headquarters column at index 7
2025-04-21 00:54:56,806 - INFO - Found 22 potential data rows
2025-04-21 00:54:56,866 - INFO - Extracted: HappyRobot - 4-Dec-24
2025-04-21 00:54:56,866 - INFO - Found funding amount: 15600000
2025-04-21 00:54:56,913 - INFO - Extracted: Offcall - 4-Dec-24
2025-04-21 00:54:56,913 - INFO - Found funding amount: 2000000
2025-04-21 00:54:56,953 - INFO - Extracted: Etestho - 4-Dec-24
2025-04-21 00:54:56,953 - INFO - Found funding amount: 0
2025-04-21 00:54:56,990 - INFO - Extracted: Antheia - 3-Dec-24
2025-04-21 00:54:56,990 - INFO - Found funding amount: 12000000
2025-04-21 00:54:57,027 - INFO - Extracted: Aerospike - 3-Dec-24
2025-04-21 00:54:57,027 - INFO - Found funding amount: 109000000
2025-04-21 00:54:57,062 - INFO - Extracted: Yurts Technologies Inc - 3-Dec-24
2025-04-21 00:54:57,062 - INFO - Found funding amount: 40000000
2025-04-21 00:54:57,098 - INFO - Extracted: The Tech Interactive - 3-Dec-24
2025-04-21 00:54:57,098 - INFO - Found funding amount: 0
2025-04-21 00:54:57,132 - INFO - Extracted: Maze Therapeutics - 3-Dec-24
2025-04-21 00:54:57,132 - INFO - Found funding amount: 115000000
2025-04-21 00:54:57,167 - INFO - Extracted: MakersHub - 3-Dec-24
2025-04-21 00:54:57,167 - INFO - Found funding amount: 7000000
2025-04-21 00:54:57,206 - INFO - Extracted: Vooma - 2-Dec-24
2025-04-21 00:54:57,206 - INFO - Found funding amount: 13000000
2025-04-21 00:54:57,240 - INFO - Extracted: Lumin Digital - 2-Dec-24
2025-04-21 00:54:57,240 - INFO - Found funding amount: 160000000
2025-04-21 00:54:57,277 - INFO - Extracted: Upwind Security - 2-Dec-24
2025-04-21 00:54:57,277 - INFO - Found funding amount: 100000000
2025-04-21 00:54:57,311 - INFO - Extracted: CSpeed - 2-Dec-24
2025-04-21 00:54:57,311 - INFO - Found funding amount: 28349982
2025-04-21 00:54:57,347 - INFO - Extracted: Cardless - 26-Nov-24
2025-04-21 00:54:57,347 - INFO - Found funding amount: 30000000
2025-04-21 00:54:57,381 - INFO - Extracted: Sirona Medical - 26-Nov-24
2025-04-21 00:54:57,381 - INFO - Found funding amount: 42000000
2025-04-21 00:54:57,418 - INFO - Extracted: Wherobots Inc. - 26-Nov-24
2025-04-21 00:54:57,418 - INFO - Found funding amount: 21500000
2025-04-21 00:54:57,456 - INFO - Extracted: Circleback - 26-Nov-24
2025-04-21 00:54:57,456 - INFO - Found funding amount: 2500000
2025-04-21 00:54:57,493 - INFO - Extracted: Mindstate Design Labs - 26-Nov-24
2025-04-21 00:54:57,493 - INFO - Found funding amount: 12698587
2025-04-21 00:54:57,529 - INFO - Extracted: Femtosense - 26-Nov-24
2025-04-21 00:54:57,529 - INFO - Found funding amount: 4258347
2025-04-21 00:54:57,565 - INFO - Extracted: Play.ht - 25-Nov-24
2025-04-21 00:54:57,565 - INFO - Found funding amount: 21000000
2025-04-21 00:54:57,566 - INFO - Successfully extracted 20 new companies from page 5
2025-04-21 00:54:57,566 - INFO - Attempting to navigate from page 5
2025-04-21 00:55:03,396 - INFO - JavaScript verification confirmed page changed
2025-04-21 00:55:04,361 - INFO - Extracting data from page 6
2025-04-21 00:55:05,325 - INFO - Trying standard table extraction
2025-04-21 00:55:05,368 - INFO - Found funding amount column at index 6
2025-04-21 00:55:05,373 - INFO - Found headquarters column at index 7
2025-04-21 00:55:05,382 - INFO - Found 22 potential data rows
2025-04-21 00:55:05,434 - INFO - Extracted: Tempest DX - 25-Nov-24
2025-04-21 00:55:05,434 - INFO - Found funding amount: 3200000
2025-04-21 00:55:05,469 - INFO - Extracted: Trustero - 21-Nov-24
2025-04-21 00:55:05,469 - INFO - Found funding amount: 10350000
2025-04-21 00:55:05,505 - INFO - Extracted: Epic Cleantec - 21-Nov-24
2025-04-21 00:55:05,505 - INFO - Found funding amount: 12000000
2025-04-21 00:55:05,547 - INFO - Extracted: VISO TRUST - 21-Nov-24
2025-04-21 00:55:05,547 - INFO - Found funding amount: 7000000
2025-04-21 00:55:05,584 - INFO - Extracted: Aviz Networks - 21-Nov-24
2025-04-21 00:55:05,584 - INFO - Found funding amount: 17000000
2025-04-21 00:55:05,628 - INFO - Extracted: Arcade - 21-Nov-24
2025-04-21 00:55:05,628 - INFO - Found funding amount: 14000000
2025-04-21 00:55:05,667 - INFO - Extracted: Anomalo - 21-Nov-24
2025-04-21 00:55:05,667 - INFO - Found funding amount: 10000000
2025-04-21 00:55:05,702 - INFO - Extracted: Teleo - 21-Nov-24
2025-04-21 00:55:05,703 - INFO - Found funding amount: 7000000
2025-04-21 00:55:05,738 - INFO - Extracted: Wordware - 21-Nov-24
2025-04-21 00:55:05,738 - INFO - Found funding amount: 30000000
2025-04-21 00:55:05,774 - INFO - Extracted: Aira Technologies - 20-Nov-24
2025-04-21 00:55:05,774 - INFO - Found funding amount: 14500000
2025-04-21 00:55:05,810 - INFO - Extracted: Generate Capital - 20-Nov-24
2025-04-21 00:55:05,810 - INFO - Found funding amount: 1200000000
2025-04-21 00:55:05,850 - INFO - Extracted: Rox - 20-Nov-24
2025-04-21 00:55:05,850 - INFO - Found funding amount: 50000000
2025-04-21 00:55:05,891 - INFO - Extracted: Aethero - 20-Nov-24
2025-04-21 00:55:05,891 - INFO - Found funding amount: 0
2025-04-21 00:55:05,931 - INFO - Extracted: Federato - 20-Nov-24
2025-04-21 00:55:05,931 - INFO - Found funding amount: 40000000
2025-04-21 00:55:05,967 - INFO - Extracted: Distru - 20-Nov-24
2025-04-21 00:55:05,967 - INFO - Found funding amount: 6000000
2025-04-21 00:55:06,004 - INFO - Extracted: THEO AI - 20-Nov-24
2025-04-21 00:55:06,004 - INFO - Found funding amount: 2200000
2025-04-21 00:55:06,037 - INFO - Extracted: Shinami - 20-Nov-24
2025-04-21 00:55:06,037 - INFO - Found funding amount: 5650000
2025-04-21 00:55:06,075 - INFO - Extracted: PostSig - 20-Nov-24
2025-04-21 00:55:06,075 - INFO - Found funding amount: 1200000
2025-04-21 00:55:06,118 - INFO - Extracted: Flywheel Dynamix - 20-Nov-24
2025-04-21 00:55:06,118 - INFO - Found funding amount: 7000000
2025-04-21 00:55:06,151 - INFO - Extracted: New Lantern - 20-Nov-24
2025-04-21 00:55:06,152 - INFO - Found funding amount: 19000000
2025-04-21 00:55:06,152 - INFO - Successfully extracted 20 new companies from page 6
2025-04-21 00:55:06,152 - INFO - Attempting to navigate from page 6
2025-04-21 00:55:11,989 - INFO - JavaScript verification confirmed page changed
2025-04-21 00:55:12,827 - INFO - Extracting data from page 7
2025-04-21 00:55:13,308 - INFO - Trying standard table extraction
2025-04-21 00:55:13,360 - INFO - Found funding amount column at index 6
2025-04-21 00:55:13,364 - INFO - Found headquarters column at index 7
2025-04-21 00:55:13,373 - INFO - Found 22 potential data rows
2025-04-21 00:55:13,424 - INFO - Extracted: Certinia - 19-Nov-24
2025-04-21 00:55:13,424 - INFO - Found funding amount: 0
2025-04-21 00:55:13,459 - INFO - Extracted: Kong - 19-Nov-24
2025-04-21 00:55:13,459 - INFO - Found funding amount: 175000000
2025-04-21 00:55:13,494 - INFO - Extracted: Kintsugi AI - 19-Nov-24
2025-04-21 00:55:13,494 - INFO - Found funding amount: 4000000
2025-04-21 00:55:13,530 - INFO - Extracted: StoreCash - 19-Nov-24
2025-04-21 00:55:13,530 - INFO - Found funding amount: 3700000
2025-04-21 00:55:13,568 - INFO - Extracted: Spectro Cloud - 19-Nov-24
2025-04-21 00:55:13,568 - INFO - Found funding amount: 75000000
2025-04-21 00:55:13,604 - INFO - Extracted: BrightAI - 19-Nov-24
2025-04-21 00:55:13,604 - INFO - Found funding amount: 15000000
2025-04-21 00:55:13,640 - INFO - Extracted: Open Source Wellness - 19-Nov-24
2025-04-21 00:55:13,640 - INFO - Found funding amount: 0
2025-04-21 00:55:13,675 - INFO - Extracted: Neo4j - 19-Nov-24
2025-04-21 00:55:13,675 - INFO - Found funding amount: 50000000
2025-04-21 00:55:13,710 - INFO - Extracted: Rain AI - 19-Nov-24
2025-04-21 00:55:13,710 - INFO - Found funding amount: 150000000
2025-04-21 00:55:13,746 - INFO - Extracted: JustPaid - 19-Nov-24
2025-04-21 00:55:13,746 - INFO - Found funding amount: 3500000
2025-04-21 00:55:13,787 - INFO - Extracted: Cresta - 19-Nov-24
2025-04-21 00:55:13,787 - INFO - Found funding amount: 125000000
2025-04-21 00:55:13,824 - INFO - Extracted: Enfabrica - 19-Nov-24
2025-04-21 00:55:13,824 - INFO - Found funding amount: 115000000
2025-04-21 00:55:13,860 - INFO - Extracted: ANAFLASH - 19-Nov-24
2025-04-21 00:55:13,860 - INFO - Found funding amount: 0
2025-04-21 00:55:14,037 - INFO - Extracted: Open Philanthropy - 18-Nov-24
2025-04-21 00:55:14,037 - INFO - Found funding amount: 0
2025-04-21 00:55:14,079 - INFO - Extracted: California University of Science and Medicine - 18-Nov-24
2025-04-21 00:55:14,079 - INFO - Found funding amount: 0
2025-04-21 00:55:14,119 - INFO - Extracted: Zenflow - 18-Nov-24
2025-04-21 00:55:14,119 - INFO - Found funding amount: 24000000
2025-04-21 00:55:14,153 - INFO - Extracted: Radiant - 14-Nov-24
2025-04-21 00:55:14,153 - INFO - Found funding amount: 100000000
2025-04-21 00:55:14,190 - INFO - Extracted: Athina AI - 14-Nov-24
2025-04-21 00:55:14,190 - INFO - Found funding amount: 250000000
2025-04-21 00:55:14,225 - INFO - Extracted: Team-GPT - 14-Nov-24
2025-04-21 00:55:14,225 - INFO - Found funding amount: 4500000
2025-04-21 00:55:14,259 - INFO - Extracted: Falkonry - 14-Nov-24
2025-04-21 00:55:14,259 - INFO - Found funding amount: 3387133
2025-04-21 00:55:14,259 - INFO - Successfully extracted 20 new companies from page 7
2025-04-21 00:55:14,259 - INFO - Attempting to navigate from page 7
2025-04-21 00:55:19,286 - INFO - JavaScript verification confirmed page changed
2025-04-21 00:55:20,060 - INFO - Extracting data from page 8
2025-04-21 00:55:21,174 - INFO - Trying standard table extraction
2025-04-21 00:55:21,206 - INFO - Found funding amount column at index 6
2025-04-21 00:55:21,210 - INFO - Found headquarters column at index 7
2025-04-21 00:55:21,219 - INFO - Found 22 potential data rows
2025-04-21 00:55:21,269 - INFO - Extracted: Leland - 13-Nov-24
2025-04-21 00:55:21,269 - INFO - Found funding amount: 12000000
2025-04-21 00:55:21,318 - INFO - Extracted: TRex Bio - 13-Nov-24
2025-04-21 00:55:21,318 - INFO - Found funding amount: 84000000
2025-04-21 00:55:21,357 - INFO - Extracted: Medeloop - 13-Nov-24
2025-04-21 00:55:21,357 - INFO - Found funding amount: 15500000
2025-04-21 00:55:21,399 - INFO - Extracted: OneSkin - 13-Nov-24
2025-04-21 00:55:21,399 - INFO - Found funding amount: 6999929
2025-04-21 00:55:21,434 - INFO - Extracted: The WiTT Group - 13-Nov-24
2025-04-21 00:55:21,434 - INFO - Found funding amount: 0
2025-04-21 00:55:21,472 - INFO - Extracted: Riot - 13-Nov-24
2025-04-21 00:55:21,472 - INFO - Found funding amount: 27597597
2025-04-21 00:55:21,507 - INFO - Extracted: Writer - 12-Nov-24
2025-04-21 00:55:21,507 - INFO - Found funding amount: 200000000
2025-04-21 00:55:21,552 - INFO - Extracted: Trace Neuroscience - 12-Nov-24
2025-04-21 00:55:21,552 - INFO - Found funding amount: 101000000
2025-04-21 00:55:21,614 - INFO - Extracted: Fastino - 12-Nov-24
2025-04-21 00:55:21,614 - INFO - Found funding amount: 7000000
2025-04-21 00:55:21,661 - INFO - Extracted: Shiru - 12-Nov-24
2025-04-21 00:55:21,661 - INFO - Found funding amount: 16000000
2025-04-21 00:55:21,702 - INFO - Extracted: Outbuild - 12-Nov-24
2025-04-21 00:55:21,702 - INFO - Found funding amount: 11000000
2025-04-21 00:55:21,738 - INFO - Extracted: Anthrogen - 12-Nov-24
2025-04-21 00:55:21,738 - INFO - Found funding amount: 4000000
2025-04-21 00:55:21,774 - INFO - Extracted: Connecty AI - 11-Nov-24
2025-04-21 00:55:21,774 - INFO - Found funding amount: 1800000
2025-04-21 00:55:21,810 - INFO - Extracted: AirGarage - 8-Nov-24
2025-04-21 00:55:21,810 - INFO - Found funding amount: 11428497
2025-04-21 00:55:21,859 - INFO - Extracted: Fractional - 7-Nov-24
2025-04-21 00:55:21,859 - INFO - Found funding amount: 15000000
2025-04-21 00:55:21,903 - INFO - Extracted: Orbital Sidekick - 7-Nov-24
2025-04-21 00:55:21,903 - INFO - Found funding amount: 8626740
2025-04-21 00:55:21,963 - INFO - Extracted: Corgea - 6-Nov-24
2025-04-21 00:55:21,963 - INFO - Found funding amount: 2600000
2025-04-21 00:55:22,000 - INFO - Extracted: OptraScan - 6-Nov-24
2025-04-21 00:55:22,000 - INFO - Found funding amount: 30000000
2025-04-21 00:55:22,034 - INFO - Extracted: Workhelix - 5-Nov-24
2025-04-21 00:55:22,035 - INFO - Found funding amount: 15324979
2025-04-21 00:55:22,076 - INFO - Extracted: PrognomiQ - 5-Nov-24
2025-04-21 00:55:22,076 - INFO - Found funding amount: 34000000
2025-04-21 00:55:22,076 - INFO - Successfully extracted 20 new companies from page 8
2025-04-21 00:55:22,076 - INFO - Attempting to navigate from page 8
2025-04-21 00:55:27,845 - INFO - JavaScript verification confirmed page changed
2025-04-21 00:55:28,963 - INFO - Extracting data from page 9
2025-04-21 00:55:29,774 - INFO - Trying standard table extraction
2025-04-21 00:55:29,803 - INFO - Found funding amount column at index 6
2025-04-21 00:55:29,806 - INFO - Found headquarters column at index 7
2025-04-21 00:55:29,813 - INFO - Found 22 potential data rows
2025-04-21 00:55:29,855 - INFO - Extracted: Carvis.AI - 4-Nov-24
2025-04-21 00:55:29,855 - INFO - Found funding amount: 1200000
2025-04-21 00:55:29,888 - INFO - Extracted: Inquis Medical - 4-Nov-24
2025-04-21 00:55:29,888 - INFO - Found funding amount: 40000000
2025-04-21 00:55:29,923 - INFO - Extracted: Augment Code - 4-Nov-24
2025-04-21 00:55:29,923 - INFO - Found funding amount: 227000000
2025-04-21 00:55:29,960 - INFO - Extracted: Primergy Solar - 4-Nov-24
2025-04-21 00:55:29,960 - INFO - Found funding amount: 225000000
2025-04-21 00:55:29,998 - INFO - Extracted: Advex AI - 4-Nov-24
2025-04-21 00:55:29,998 - INFO - Found funding amount: 3500000
2025-04-21 00:55:30,031 - INFO - Extracted: The Nursing Beat - 4-Nov-24
2025-04-21 00:55:30,031 - INFO - Found funding amount: 0
2025-04-21 00:55:30,077 - INFO - Extracted: Cornerstone AI - 31-Oct-24
2025-04-21 00:55:30,077 - INFO - Found funding amount: 5000000
2025-04-21 00:55:30,115 - INFO - Extracted: Spot AI - 31-Oct-24
2025-04-21 00:55:30,115 - INFO - Found funding amount: 31000000
2025-04-21 00:55:30,150 - INFO - Extracted: Buddy.ai - 31-Oct-24
2025-04-21 00:55:30,150 - INFO - Found funding amount: 10200000
2025-04-21 00:55:30,186 - INFO - Extracted: Evommune - 31-Oct-24
2025-04-21 00:55:30,188 - INFO - Found funding amount: 115000000
2025-04-21 00:55:30,225 - INFO - Extracted: Bugcrowd - 31-Oct-24
2025-04-21 00:55:30,225 - INFO - Found funding amount: 50000000
2025-04-21 00:55:30,258 - INFO - Extracted: Decart - 31-Oct-24
2025-04-21 00:55:30,258 - INFO - Found funding amount: 21000000
2025-04-21 00:55:30,302 - INFO - Extracted: Birch Creek Development - 31-Oct-24
2025-04-21 00:55:30,302 - INFO - Found funding amount: 150000000
2025-04-21 00:55:30,340 - INFO - Extracted: Shadowbox - 31-Oct-24
2025-04-21 00:55:30,340 - INFO - Found funding amount: 2000000
2025-04-21 00:55:30,378 - INFO - Extracted: Delos Insurance - 31-Oct-24
2025-04-21 00:55:30,379 - INFO - Found funding amount: 9000000
2025-04-21 00:55:30,421 - INFO - Extracted: Bifrost AI - 30-Oct-24
2025-04-21 00:55:30,421 - INFO - Found funding amount: 8000000
2025-04-21 00:55:30,454 - INFO - Extracted: Third Wave Automation - 30-Oct-24
2025-04-21 00:55:30,454 - INFO - Found funding amount: 27000000
2025-04-21 00:55:30,491 - INFO - Extracted: Sapien - 29-Oct-24
2025-04-21 00:55:30,491 - INFO - Found funding amount: 8700000
2025-04-21 00:55:30,525 - INFO - Extracted: HomeBoost - 29-Oct-24
2025-04-21 00:55:30,525 - INFO - Found funding amount: 4000000
2025-04-21 00:55:30,559 - INFO - Extracted: LifeSaver Mobile - 29-Oct-24
2025-04-21 00:55:30,559 - INFO - Found funding amount: 0
2025-04-21 00:55:30,559 - INFO - Successfully extracted 20 new companies from page 9
2025-04-21 00:55:30,559 - INFO - Attempting to navigate from page 9
2025-04-21 00:55:36,070 - INFO - JavaScript verification confirmed page changed
2025-04-21 00:55:36,855 - INFO - Extracting data from page 10
2025-04-21 00:55:38,054 - INFO - Trying standard table extraction
2025-04-21 00:55:38,141 - INFO - Found funding amount column at index 6
2025-04-21 00:55:38,155 - INFO - Found headquarters column at index 7
2025-04-21 00:55:38,171 - INFO - Found 22 potential data rows
2025-04-21 00:55:38,262 - INFO - Extracted: CredibleMind - 29-Oct-24
2025-04-21 00:55:38,262 - INFO - Found funding amount: 7500000
2025-04-21 00:55:38,303 - INFO - Extracted: Opus Guard - 29-Oct-24
2025-04-21 00:55:38,303 - INFO - Found funding amount: 0
2025-04-21 00:55:38,342 - INFO - Extracted: GMI Cloud - 29-Oct-24
2025-04-21 00:55:38,342 - INFO - Found funding amount: 67000000
2025-04-21 00:55:38,384 - INFO - Extracted: Browserbase - 29-Oct-24
2025-04-21 00:55:38,384 - INFO - Found funding amount: 21000000
2025-04-21 00:55:38,433 - INFO - Extracted: Armis Security - 28-Oct-24
2025-04-21 00:55:38,433 - INFO - Found funding amount: 200000000
2025-04-21 00:55:38,471 - INFO - Extracted: Kivu Bioscience - 28-Oct-24
2025-04-21 00:55:38,471 - INFO - Found funding amount: 92000000
2025-04-21 00:55:38,547 - INFO - Extracted: Sierra - 28-Oct-24
2025-04-21 00:55:38,547 - INFO - Found funding amount: 175000000
2025-04-21 00:55:38,587 - INFO - Extracted: Fondo - 28-Oct-24
2025-04-21 00:55:38,588 - INFO - Found funding amount: 7000000
2025-04-21 00:55:38,648 - INFO - Extracted: Abstract Security - 28-Oct-24
2025-04-21 00:55:38,649 - INFO - Found funding amount: 15000000
2025-04-21 00:55:38,686 - INFO - Extracted: Revyl - 28-Oct-24
2025-04-21 00:55:38,686 - INFO - Found funding amount: 1100000
2025-04-21 00:55:38,718 - INFO - Extracted: Pharos - 25-Oct-24
2025-04-21 00:55:38,718 - INFO - Found funding amount: 5000000
2025-04-21 00:55:38,751 - INFO - Extracted: Connect The Dots - 24-Oct-24
2025-04-21 00:55:38,751 - INFO - Found funding amount: 0
2025-04-21 00:55:38,782 - INFO - Extracted: Sociaaal - 24-Oct-24
2025-04-21 00:55:38,782 - INFO - Found funding amount: 4000000
2025-04-21 00:55:38,811 - INFO - Extracted: AnyLog - 24-Oct-24
2025-04-21 00:55:38,811 - INFO - Found funding amount: 3789997
2025-04-21 00:55:38,842 - INFO - Extracted: Concentric AI - 24-Oct-24
2025-04-21 00:55:38,842 - INFO - Found funding amount: 45000000
2025-04-21 00:55:38,877 - INFO - Extracted: PayToMe.co - 24-Oct-24
2025-04-21 00:55:38,877 - INFO - Found funding amount: 0
2025-04-21 00:55:38,909 - INFO - Extracted: Finix - 24-Oct-24
2025-04-21 00:55:38,909 - INFO - Found funding amount: 75000000
2025-04-21 00:55:38,944 - INFO - Extracted: Simbe Robotics - 24-Oct-24
2025-04-21 00:55:38,944 - INFO - Found funding amount: 50000000
2025-04-21 00:55:38,976 - INFO - Extracted: Oloid - 24-Oct-24
2025-04-21 00:55:38,976 - INFO - Found funding amount: 6000000
2025-04-21 00:55:39,008 - INFO - Extracted: Nimble Robotics - 23-Oct-24
2025-04-21 00:55:39,008 - INFO - Found funding amount: 106000000
2025-04-21 00:55:39,008 - INFO - Successfully extracted 20 new companies from page 10
2025-04-21 00:55:39,008 - INFO - Attempting to navigate from page 10
2025-04-21 00:55:44,283 - INFO - JavaScript verification confirmed page changed
2025-04-21 00:55:44,651 - INFO - Extracting data from page 11
2025-04-21 00:55:45,306 - INFO - Trying standard table extraction
2025-04-21 00:55:45,361 - INFO - Found funding amount column at index 6
2025-04-21 00:55:45,366 - INFO - Found headquarters column at index 7
2025-04-21 00:55:45,375 - INFO - Found 22 potential data rows
2025-04-21 00:55:45,419 - INFO - Extracted: Archy - 23-Oct-24
2025-04-21 00:55:45,419 - INFO - Found funding amount: 15000000
2025-04-21 00:55:45,447 - INFO - Extracted: Infinitus Systems - 23-Oct-24
2025-04-21 00:55:45,447 - INFO - Found funding amount: 51500000
2025-04-21 00:55:45,476 - INFO - Extracted: Courie - 23-Oct-24
2025-04-21 00:55:45,476 - INFO - Found funding amount: 3825000
2025-04-21 00:55:45,504 - INFO - Extracted: Anthro Energy - 23-Oct-24
2025-04-21 00:55:45,505 - INFO - Found funding amount: 24900000
2025-04-21 00:55:45,539 - INFO - Extracted: LAWFTY - 23-Oct-24
2025-04-21 00:55:45,539 - INFO - Found funding amount: 40000000
2025-04-21 00:55:45,568 - INFO - Extracted: BodySpec - 22-Oct-24
2025-04-21 00:55:45,568 - INFO - Found funding amount: 3999998
2025-04-21 00:55:45,596 - INFO - Extracted: Nooks - 22-Oct-24
2025-04-21 00:55:45,596 - INFO - Found funding amount: 43000000
2025-04-21 00:55:45,625 - INFO - Extracted: CrewAI - 22-Oct-24
2025-04-21 00:55:45,625 - INFO - Found funding amount: 12000000
2025-04-21 00:55:45,656 - INFO - Extracted: Qpoint - 22-Oct-24
2025-04-21 00:55:45,656 - INFO - Found funding amount: 4000000
2025-04-21 00:55:45,687 - INFO - Extracted: Globality - 22-Oct-24
2025-04-21 00:55:45,687 - INFO - Found funding amount: 47000000
2025-04-21 00:55:45,715 - INFO - Extracted: Socket - 22-Oct-24
2025-04-21 00:55:45,715 - INFO - Found funding amount: 40000000
2025-04-21 00:55:45,744 - INFO - Extracted: Mainspring Energy - 22-Oct-24
2025-04-21 00:55:45,744 - INFO - Found funding amount: 87000000
2025-04-21 00:55:45,772 - INFO - Extracted: interface.ai - 22-Oct-24
2025-04-21 00:55:45,772 - INFO - Found funding amount: 20000000
2025-04-21 00:55:45,800 - INFO - Extracted: Trellis Bioscience - 22-Oct-24
2025-04-21 00:55:45,800 - INFO - Found funding amount: 0
2025-04-21 00:55:45,828 - INFO - Extracted: Revelation Partners - 22-Oct-24
2025-04-21 00:55:45,828 - INFO - Found funding amount: 0
2025-04-21 00:55:45,856 - INFO - Extracted: Genmo - 22-Oct-24
2025-04-21 00:55:45,856 - INFO - Found funding amount: 28400000
2025-04-21 00:55:45,884 - INFO - Extracted: ItsWare - 22-Oct-24
2025-04-21 00:55:45,884 - INFO - Found funding amount: 856464
2025-04-21 00:55:45,918 - INFO - Extracted: Avenue Biosciences - 22-Oct-24
2025-04-21 00:55:45,918 - INFO - Found funding amount: 2500000
2025-04-21 00:55:45,947 - INFO - Extracted: Zip - 21-Oct-24
2025-04-21 00:55:45,947 - INFO - Found funding amount: 190000000
2025-04-21 00:55:45,975 - INFO - Extracted: HealthEx - 21-Oct-24
2025-04-21 00:55:45,975 - INFO - Found funding amount: 14000000
2025-04-21 00:55:45,975 - INFO - Successfully extracted 20 new companies from page 11
2025-04-21 00:55:45,975 - INFO - Attempting to navigate from page 11
2025-04-21 00:55:51,358 - INFO - JavaScript verification confirmed page changed
2025-04-21 00:55:51,937 - INFO - Extracting data from page 12
2025-04-21 00:55:52,988 - INFO - Trying standard table extraction
2025-04-21 00:55:53,046 - INFO - Found funding amount column at index 6
2025-04-21 00:55:53,051 - INFO - Found headquarters column at index 7
2025-04-21 00:55:53,060 - INFO - Found 22 potential data rows
2025-04-21 00:55:53,104 - INFO - Extracted: Uprise - 21-Oct-24
2025-04-21 00:55:53,104 - INFO - Found funding amount: 3300000
2025-04-21 00:55:53,137 - INFO - Extracted: Voxela - 21-Oct-24
2025-04-21 00:55:53,137 - INFO - Found funding amount: 0
2025-04-21 00:55:53,170 - INFO - Extracted: Kick - 17-Oct-24
2025-04-21 00:55:53,170 - INFO - Found funding amount: 9000000
2025-04-21 00:55:53,198 - INFO - Extracted: AN2 Therapeutics - 17-Oct-24
2025-04-21 00:55:53,198 - INFO - Found funding amount: 0
2025-04-21 00:55:53,227 - INFO - Extracted: Terray Therapeutics - 17-Oct-24
2025-04-21 00:55:53,227 - INFO - Found funding amount: 120000000
2025-04-21 00:55:53,256 - INFO - Extracted: Abel Police - 17-Oct-24
2025-04-21 00:55:53,256 - INFO - Found funding amount: 5000000
2025-04-21 00:55:53,284 - INFO - Extracted: Edgee - 17-Oct-24
2025-04-21 00:55:53,284 - INFO - Found funding amount: 2900000
2025-04-21 00:55:53,318 - INFO - Extracted: GetSetUp - 16-Oct-24
2025-04-21 00:55:53,318 - INFO - Found funding amount: 50000
2025-04-21 00:55:53,347 - INFO - Extracted: Samay - 16-Oct-24
2025-04-21 00:55:53,347 - INFO - Found funding amount: 350000
2025-04-21 00:55:53,375 - INFO - Extracted: Kiavi - 16-Oct-24
2025-04-21 00:55:53,375 - INFO - Found funding amount: 400000000
2025-04-21 00:55:53,403 - INFO - Extracted: Tako - 16-Oct-24
2025-04-21 00:55:53,403 - INFO - Found funding amount: 5750000
2025-04-21 00:55:53,431 - INFO - Extracted: Lightmatter - 16-Oct-24
2025-04-21 00:55:53,431 - INFO - Found funding amount: 400000000
2025-04-21 00:55:53,459 - INFO - Extracted: Agtonomy - 16-Oct-24
2025-04-21 00:55:53,459 - INFO - Found funding amount: 10000000
2025-04-21 00:55:53,487 - INFO - Extracted: PyrAmes, Inc. - 15-Oct-24
2025-04-21 00:55:53,487 - INFO - Found funding amount: 50000
2025-04-21 00:55:53,516 - INFO - Extracted: Alchemy - 15-Oct-24
2025-04-21 00:55:53,516 - INFO - Found funding amount: 31000000
2025-04-21 00:55:53,544 - INFO - Extracted: MDisrupt - 15-Oct-24
2025-04-21 00:55:53,544 - INFO - Found funding amount: 1000000
2025-04-21 00:55:53,572 - INFO - Extracted: Galileo - 15-Oct-24
2025-04-21 00:55:53,572 - INFO - Found funding amount: 45000000
2025-04-21 00:55:53,601 - INFO - Extracted: Azra Games - 15-Oct-24
2025-04-21 00:55:53,601 - INFO - Found funding amount: 42700000
2025-04-21 00:55:53,628 - INFO - Extracted: Chargie - 15-Oct-24
2025-04-21 00:55:53,628 - INFO - Found funding amount: 9300000
2025-04-21 00:55:53,657 - INFO - Extracted: Decagon - 15-Oct-24
2025-04-21 00:55:53,657 - INFO - Found funding amount: 65000000
2025-04-21 00:55:53,657 - INFO - Successfully extracted 20 new companies from page 12
2025-04-21 00:55:53,657 - INFO - Attempting to navigate from page 12
2025-04-21 00:55:59,009 - INFO - JavaScript verification confirmed page changed
2025-04-21 00:55:59,813 - INFO - Extracting data from page 13
2025-04-21 00:56:00,766 - INFO - Trying standard table extraction
2025-04-21 00:56:00,823 - INFO - Found funding amount column at index 6
2025-04-21 00:56:00,829 - INFO - Found headquarters column at index 7
2025-04-21 00:56:00,838 - INFO - Found 22 potential data rows
2025-04-21 00:56:00,883 - INFO - Extracted: Concourse - 15-Oct-24
2025-04-21 00:56:00,883 - INFO - Found funding amount: 4700000
2025-04-21 00:56:00,912 - INFO - Extracted: Stockguard - 15-Oct-24
2025-04-21 00:56:00,912 - INFO - Found funding amount: 5999999
2025-04-21 00:56:00,941 - INFO - Extracted: Neuron7.ai - 15-Oct-24
2025-04-21 00:56:00,941 - INFO - Found funding amount: 44000000
2025-04-21 00:56:00,969 - INFO - Extracted: Parakeet Health - 15-Oct-24
2025-04-21 00:56:00,969 - INFO - Found funding amount: 3000000
2025-04-21 00:56:01,008 - INFO - Extracted: Dryvebox - 14-Oct-24
2025-04-21 00:56:01,008 - INFO - Found funding amount: 0
2025-04-21 00:56:01,036 - INFO - Extracted: Blockcast - 14-Oct-24
2025-04-21 00:56:01,036 - INFO - Found funding amount: 2850000
2025-04-21 00:56:01,066 - INFO - Extracted: Cavecrack - 13-Oct-24
2025-04-21 00:56:01,066 - INFO - Found funding amount: 0
2025-04-21 00:56:01,096 - INFO - Extracted: Cerebelly - 10-Oct-24
2025-04-21 00:56:01,096 - INFO - Found funding amount: 3000000
2025-04-21 00:56:01,124 - INFO - Extracted: Suki - 10-Oct-24
2025-04-21 00:56:01,124 - INFO - Found funding amount: 70000000
2025-04-21 00:56:01,152 - INFO - Extracted: CytoVale - 10-Oct-24
2025-04-21 00:56:01,152 - INFO - Found funding amount: 100000000
2025-04-21 00:56:01,179 - INFO - Extracted: Zeal - 10-Oct-24
2025-04-21 00:56:01,179 - INFO - Found funding amount: 15000000
2025-04-21 00:56:01,207 - INFO - Extracted: Vidoc Security Lab - 10-Oct-24
2025-04-21 00:56:01,207 - INFO - Found funding amount: 0
2025-04-21 00:56:01,236 - INFO - Extracted: Relyance AI - 10-Oct-24
2025-04-21 00:56:01,236 - INFO - Found funding amount: 32000000
2025-04-21 00:56:01,264 - INFO - Extracted: Numeric - 10-Oct-24
2025-04-21 00:56:01,264 - INFO - Found funding amount: 28000000
2025-04-21 00:56:01,293 - INFO - Extracted: COVU - 10-Oct-24
2025-04-21 00:56:01,293 - INFO - Found funding amount: 12500000
2025-04-21 00:56:01,321 - INFO - Extracted: ApertureData - 10-Oct-24
2025-04-21 00:56:01,321 - INFO - Found funding amount: 5250000
2025-04-21 00:56:01,350 - INFO - Extracted: MiLaboratories - 10-Oct-24
2025-04-21 00:56:01,350 - INFO - Found funding amount: 10000000
2025-04-21 00:56:01,381 - INFO - Extracted: Glooko - 10-Oct-24
2025-04-21 00:56:01,381 - INFO - Found funding amount: 100000000
2025-04-21 00:56:01,410 - INFO - Extracted: IncumbentFI - 10-Oct-24
2025-04-21 00:56:01,410 - INFO - Found funding amount: 5639687
2025-04-21 00:56:01,438 - INFO - Extracted: Prophecy.io - 10-Oct-24
2025-04-21 00:56:01,438 - INFO - Found funding amount: 38799983
2025-04-21 00:56:01,438 - INFO - Successfully extracted 20 new companies from page 13
2025-04-21 00:56:01,439 - INFO - Attempting to navigate from page 13
2025-04-21 00:56:07,352 - INFO - JavaScript verification confirmed page changed
2025-04-21 00:56:08,204 - INFO - Extracting data from page 14
2025-04-21 00:56:08,827 - INFO - Trying standard table extraction
2025-04-21 00:56:08,984 - INFO - Found funding amount column at index 6
2025-04-21 00:56:09,008 - INFO - Found headquarters column at index 7
2025-04-21 00:56:09,043 - INFO - Found 22 potential data rows
2025-04-21 00:56:09,172 - INFO - Extracted: Sidepit - 10-Oct-24
2025-04-21 00:56:09,172 - INFO - Found funding amount: 0
2025-04-21 00:56:09,229 - INFO - Extracted: Astrix Health - 10-Oct-24
2025-04-21 00:56:09,229 - INFO - Found funding amount: 500000
2025-04-21 00:56:09,272 - INFO - Extracted: CEQAbase - 9-Oct-24
2025-04-21 00:56:09,272 - INFO - Found funding amount: 200000
2025-04-21 00:56:09,300 - INFO - Extracted: SimX - 9-Oct-24
2025-04-21 00:56:09,301 - INFO - Found funding amount: 1250000
2025-04-21 00:56:09,337 - INFO - Extracted: Bigeye - 9-Oct-24
2025-04-21 00:56:09,337 - INFO - Found funding amount: 5000000
2025-04-21 00:56:09,367 - INFO - Extracted: Drawer AI - 9-Oct-24
2025-04-21 00:56:09,367 - INFO - Found funding amount: 5000000
2025-04-21 00:56:09,397 - INFO - Extracted: Vultron - 9-Oct-24
2025-04-21 00:56:09,397 - INFO - Found funding amount: 4850000
2025-04-21 00:56:09,426 - INFO - Extracted: AppShip - 9-Oct-24
2025-04-21 00:56:09,426 - INFO - Found funding amount: 200000
2025-04-21 00:56:09,461 - INFO - Extracted: EvenUp - 8-Oct-24
2025-04-21 00:56:09,462 - INFO - Found funding amount: 135000000
2025-04-21 00:56:09,496 - INFO - Extracted: Tele911 - 8-Oct-24
2025-04-21 00:56:09,496 - INFO - Found funding amount: 6756624
2025-04-21 00:56:09,525 - INFO - Extracted: Kiva AI - 8-Oct-24
2025-04-21 00:56:09,525 - INFO - Found funding amount: 7000000
2025-04-21 00:56:09,556 - INFO - Extracted: Selonterra - 8-Oct-24
2025-04-21 00:56:09,556 - INFO - Found funding amount: 2500000
2025-04-21 00:56:09,590 - INFO - Extracted: Unify - 8-Oct-24
2025-04-21 00:56:09,591 - INFO - Found funding amount: 12000000
2025-04-21 00:56:09,619 - INFO - Extracted: Third Dimension AI - 8-Oct-24
2025-04-21 00:56:09,619 - INFO - Found funding amount: 7000000
2025-04-21 00:56:09,648 - INFO - Extracted: Distributional - 8-Oct-24
2025-04-21 00:56:09,648 - INFO - Found funding amount: 19000000
2025-04-21 00:56:09,682 - INFO - Extracted: Truthset - 8-Oct-24
2025-04-21 00:56:09,682 - INFO - Found funding amount: 5000000
2025-04-21 00:56:09,717 - INFO - Extracted: Stream - 8-Oct-24
2025-04-21 00:56:09,717 - INFO - Found funding amount: 5300000
2025-04-21 00:56:09,750 - INFO - Extracted: InterVene - 7-Oct-24
2025-04-21 00:56:09,751 - INFO - Found funding amount: 13000000
2025-04-21 00:56:09,783 - INFO - Extracted: Treya Partners - 7-Oct-24
2025-04-21 00:56:09,783 - INFO - Found funding amount: 0
2025-04-21 00:56:09,821 - INFO - Extracted: VESSL AI - 7-Oct-24
2025-04-21 00:56:09,821 - INFO - Found funding amount: 12200000
2025-04-21 00:56:09,821 - INFO - Successfully extracted 20 new companies from page 14
2025-04-21 00:56:09,822 - INFO - Attempting to navigate from page 14
2025-04-21 00:56:16,166 - INFO - JavaScript verification confirmed page changed
2025-04-21 00:56:16,551 - INFO - Extracting data from page 15
2025-04-21 00:56:17,442 - INFO - Trying standard table extraction
2025-04-21 00:56:17,505 - INFO - Found funding amount column at index 6
2025-04-21 00:56:17,512 - INFO - Found headquarters column at index 7
2025-04-21 00:56:17,523 - INFO - Found 22 potential data rows
2025-04-21 00:56:17,569 - INFO - Extracted: IOMETE - 7-Oct-24
2025-04-21 00:56:17,569 - INFO - Found funding amount: 0
2025-04-21 00:56:17,598 - INFO - Extracted: Kavia AI - 3-Oct-24
2025-04-21 00:56:17,598 - INFO - Found funding amount: 1000000
2025-04-21 00:56:17,625 - INFO - Extracted: OpenAI - 3-Oct-24
2025-04-21 00:56:17,626 - INFO - Found funding amount: 4000000000
2025-04-21 00:56:17,653 - INFO - Extracted: Paren - 3-Oct-24
2025-04-21 00:56:17,654 - INFO - Found funding amount: 3000000
2025-04-21 00:56:17,682 - INFO - Extracted: Integrated Biosciences - 3-Oct-24
2025-04-21 00:56:17,682 - INFO - Found funding amount: 17200000
2025-04-21 00:56:17,710 - INFO - Extracted: Booksy - 3-Oct-24
2025-04-21 00:56:17,710 - INFO - Found funding amount: 0
2025-04-21 00:56:17,738 - INFO - Extracted: Voyage AI - 3-Oct-24
2025-04-21 00:56:17,738 - INFO - Found funding amount: 20000000
2025-04-21 00:56:17,766 - INFO - Extracted: Valdera - 3-Oct-24
2025-04-21 00:56:17,766 - INFO - Found funding amount: 15000000
2025-04-21 00:56:17,795 - INFO - Extracted: Visolis - 3-Oct-24
2025-04-21 00:56:17,795 - INFO - Found funding amount: 2250000
2025-04-21 00:56:17,823 - INFO - Extracted: GuRu - 2-Oct-24
2025-04-21 00:56:17,823 - INFO - Found funding amount: 0
2025-04-21 00:56:17,851 - INFO - Extracted: Permanent - 2-Oct-24
2025-04-21 00:56:17,851 - INFO - Found funding amount: 3700000
2025-04-21 00:56:17,880 - INFO - Extracted: Poolside - 2-Oct-24
2025-04-21 00:56:17,880 - INFO - Found funding amount: 500000000
2025-04-21 00:56:17,908 - INFO - Extracted: Pallet - 2-Oct-24
2025-04-21 00:56:17,908 - INFO - Found funding amount: 18000000
2025-04-21 00:56:17,936 - INFO - Extracted: Billables AI - 2-Oct-24
2025-04-21 00:56:17,936 - INFO - Found funding amount: 3900000
2025-04-21 00:56:17,964 - INFO - Extracted: Reducto - 2-Oct-24
2025-04-21 00:56:17,964 - INFO - Found funding amount: 8400000
2025-04-21 00:56:17,991 - INFO - Extracted: Arda Therapeutics - 1-Oct-24
2025-04-21 00:56:17,991 - INFO - Found funding amount: 43303366
2025-04-21 00:56:18,019 - INFO - Extracted: Aspect Build - 1-Oct-24
2025-04-21 00:56:18,019 - INFO - Found funding amount: 3000000
2025-04-21 00:56:18,047 - INFO - Extracted: Synedgen - 1-Oct-24
2025-04-21 00:56:18,047 - INFO - Found funding amount: 1750000
2025-04-21 00:56:18,075 - INFO - Extracted: DataPelago - 1-Oct-24
2025-04-21 00:56:18,076 - INFO - Found funding amount: 47000000
2025-04-21 00:56:18,103 - INFO - Extracted: Neeve - 30-Sep-24
2025-04-21 00:56:18,104 - INFO - Found funding amount: 15000000
2025-04-21 00:56:18,104 - INFO - Successfully extracted 20 new companies from page 15
2025-04-21 00:56:18,104 - INFO - Attempting to navigate from page 15
2025-04-21 00:56:23,528 - INFO - JavaScript verification confirmed page changed
2025-04-21 00:56:24,022 - INFO - Extracting data from page 16
2025-04-21 00:56:24,834 - INFO - Trying standard table extraction
2025-04-21 00:56:24,889 - INFO - Found funding amount column at index 6
2025-04-21 00:56:24,894 - INFO - Found headquarters column at index 7
2025-04-21 00:56:24,903 - INFO - Found 22 potential data rows
2025-04-21 00:56:24,947 - INFO - Extracted: Artisan AI - 30-Sep-24
2025-04-21 00:56:24,947 - INFO - Found funding amount: 11500000
2025-04-21 00:56:24,975 - INFO - Extracted: Gladly - 26-Sep-24
2025-04-21 00:56:24,975 - INFO - Found funding amount: 40000000
2025-04-21 00:56:25,003 - INFO - Extracted: PlayWorks - 26-Sep-24
2025-04-21 00:56:25,003 - INFO - Found funding amount: 25000
2025-04-21 00:56:25,030 - INFO - Extracted: Bemi - 26-Sep-24
2025-04-21 00:56:25,030 - INFO - Found funding amount: 309000
2025-04-21 00:56:25,058 - INFO - Extracted: Superb AI - 26-Sep-24
2025-04-21 00:56:25,058 - INFO - Found funding amount: 10200000
2025-04-21 00:56:25,085 - INFO - Extracted: SKY Leasing - 26-Sep-24
2025-04-21 00:56:25,085 - INFO - Found funding amount: 569540000
2025-04-21 00:56:25,112 - INFO - Extracted: AssetHub - 25-Sep-24
2025-04-21 00:56:25,112 - INFO - Found funding amount: 100000000
2025-04-21 00:56:25,139 - INFO - Extracted: Feno - 25-Sep-24
2025-04-21 00:56:25,140 - INFO - Found funding amount: 6000000
2025-04-21 00:56:25,167 - INFO - Extracted: Supabase - 25-Sep-24
2025-04-21 00:56:25,167 - INFO - Found funding amount: 80000000
2025-04-21 00:56:25,195 - INFO - Extracted: Whatfix - 25-Sep-24
2025-04-21 00:56:25,195 - INFO - Found funding amount: 125000000
2025-04-21 00:56:25,224 - INFO - Extracted: SnippetSentry - 25-Sep-24
2025-04-21 00:56:25,224 - INFO - Found funding amount: 500000
2025-04-21 00:56:25,252 - INFO - Extracted: FluidLogic - 24-Sep-24
2025-04-21 00:56:25,252 - INFO - Found funding amount: 15000000
2025-04-21 00:56:25,280 - INFO - Extracted: Distyl AI - 24-Sep-24
2025-04-21 00:56:25,280 - INFO - Found funding amount: 20000000
2025-04-21 00:56:25,308 - INFO - Extracted: Icon Savings Plan - 24-Sep-24
2025-04-21 00:56:25,308 - INFO - Found funding amount: 9200000
2025-04-21 00:56:25,336 - INFO - Extracted: UJET - 24-Sep-24
2025-04-21 00:56:25,336 - INFO - Found funding amount: 76000000
2025-04-21 00:56:25,363 - INFO - Extracted: Anadro - 24-Sep-24
2025-04-21 00:56:25,364 - INFO - Found funding amount: 2516495
2025-04-21 00:56:25,391 - INFO - Extracted: Atlys - 24-Sep-24
2025-04-21 00:56:25,392 - INFO - Found funding amount: 20000000
2025-04-21 00:56:25,419 - INFO - Extracted: Datapad - 24-Sep-24
2025-04-21 00:56:25,419 - INFO - Found funding amount: 0
2025-04-21 00:56:25,447 - INFO - Extracted: Altimate AI - 23-Sep-24
2025-04-21 00:56:25,447 - INFO - Found funding amount: 0
2025-04-21 00:56:25,475 - INFO - Extracted: Harmonic - 23-Sep-24
2025-04-21 00:56:25,475 - INFO - Found funding amount: 75000000
2025-04-21 00:56:25,475 - INFO - Successfully extracted 20 new companies from page 16
2025-04-21 00:56:25,475 - INFO - Attempting to navigate from page 16
2025-04-21 00:56:31,295 - INFO - JavaScript verification confirmed page changed
2025-04-21 00:56:31,977 - INFO - Extracting data from page 17
2025-04-21 00:56:32,401 - INFO - Trying standard table extraction
2025-04-21 00:56:32,435 - INFO - Found funding amount column at index 6
2025-04-21 00:56:32,438 - INFO - Found headquarters column at index 7
2025-04-21 00:56:32,445 - INFO - Found 22 potential data rows
2025-04-21 00:56:32,486 - INFO - Extracted: Genome Medical - 23-Sep-24
2025-04-21 00:56:32,486 - INFO - Found funding amount: 75344304
2025-04-21 00:56:32,513 - INFO - Extracted: Hippocratic AI - 19-Sep-24
2025-04-21 00:56:32,513 - INFO - Found funding amount: 53000000
2025-04-21 00:56:32,545 - INFO - Extracted: Akia - 19-Sep-24
2025-04-21 00:56:32,545 - INFO - Found funding amount: 4999998
2025-04-21 00:56:32,579 - INFO - Extracted: Ferrum Health - 19-Sep-24
2025-04-21 00:56:32,579 - INFO - Found funding amount: 16000000
2025-04-21 00:56:32,607 - INFO - Extracted: Twelve - 19-Sep-24
2025-04-21 00:56:32,607 - INFO - Found funding amount: 400000000
2025-04-21 00:56:32,635 - INFO - Extracted: Aclima - 19-Sep-24
2025-04-21 00:56:32,636 - INFO - Found funding amount: 13000000
2025-04-21 00:56:32,663 - INFO - Extracted: AtoB - 19-Sep-24
2025-04-21 00:56:32,663 - INFO - Found funding amount: 130000000
2025-04-21 00:56:32,691 - INFO - Extracted: Picus Security - 19-Sep-24
2025-04-21 00:56:32,691 - INFO - Found funding amount: 45000000
2025-04-21 00:56:32,719 - INFO - Extracted: Oro Labs - 18-Sep-24
2025-04-21 00:56:32,719 - INFO - Found funding amount: 34000000
2025-04-21 00:56:32,747 - INFO - Extracted: Fal - 18-Sep-24
2025-04-21 00:56:32,747 - INFO - Found funding amount: 14000000
2025-04-21 00:56:32,775 - INFO - Extracted: Mercor - 18-Sep-24
2025-04-21 00:56:32,775 - INFO - Found funding amount: 30000000
2025-04-21 00:56:32,803 - INFO - Extracted: Harvest Thermal - 18-Sep-24
2025-04-21 00:56:32,803 - INFO - Found funding amount: 2000000
2025-04-21 00:56:32,831 - INFO - Extracted: CodePath - 18-Sep-24
2025-04-21 00:56:32,831 - INFO - Found funding amount: 50000000
2025-04-21 00:56:32,860 - INFO - Extracted: Hgen - 17-Sep-24
2025-04-21 00:56:32,860 - INFO - Found funding amount: 5000000
2025-04-21 00:56:32,890 - INFO - Extracted: Orb - 17-Sep-24
2025-04-21 00:56:32,890 - INFO - Found funding amount: 25000000
2025-04-21 00:56:32,919 - INFO - Extracted: Mindtrip - 17-Sep-24
2025-04-21 00:56:32,919 - INFO - Found funding amount: 12000000
2025-04-21 00:56:32,947 - INFO - Extracted: Futuro Health - 17-Sep-24
2025-04-21 00:56:32,947 - INFO - Found funding amount: 10200000
2025-04-21 00:56:32,975 - INFO - Extracted: Prof Jim - 17-Sep-24
2025-04-21 00:56:32,975 - INFO - Found funding amount: 1500000
2025-04-21 00:56:33,003 - INFO - Extracted: TeamBridge - 16-Sep-24
2025-04-21 00:56:33,003 - INFO - Found funding amount: 28000000
2025-04-21 00:56:33,033 - INFO - Extracted: World Labs - 13-Sep-24
2025-04-21 00:56:33,033 - INFO - Found funding amount: 230000000
2025-04-21 00:56:33,034 - INFO - Successfully extracted 20 new companies from page 17
2025-04-21 00:56:33,034 - INFO - Attempting to navigate from page 17
2025-04-21 00:56:38,649 - INFO - JavaScript verification confirmed page changed
2025-04-21 00:56:39,493 - INFO - Extracting data from page 18
2025-04-21 00:56:40,332 - INFO - Trying standard table extraction
2025-04-21 00:56:40,389 - INFO - Found funding amount column at index 6
2025-04-21 00:56:40,394 - INFO - Found headquarters column at index 7
2025-04-21 00:56:40,403 - INFO - Found 22 potential data rows
2025-04-21 00:56:40,447 - INFO - Extracted: Operant - 12-Sep-24
2025-04-21 00:56:40,447 - INFO - Found funding amount: 10000000
2025-04-21 00:56:40,476 - INFO - Extracted: Bounti.ai - 12-Sep-24
2025-04-21 00:56:40,476 - INFO - Found funding amount: 16000000
2025-04-21 00:56:40,504 - INFO - Extracted: Connectly.ai - 11-Sep-24
2025-04-21 00:56:40,504 - INFO - Found funding amount: 20000000
2025-04-21 00:56:40,532 - INFO - Extracted: Nostra AI - 11-Sep-24
2025-04-21 00:56:40,532 - INFO - Found funding amount: 8900000
2025-04-21 00:56:40,571 - INFO - Extracted: Candid Health - 11-Sep-24
2025-04-21 00:56:40,571 - INFO - Found funding amount: 29000000
2025-04-21 00:56:40,599 - INFO - Extracted: Polly - 10-Sep-24
2025-04-21 00:56:40,599 - INFO - Found funding amount: 25000000
2025-04-21 00:56:40,627 - INFO - Extracted: Glean - 10-Sep-24
2025-04-21 00:56:40,628 - INFO - Found funding amount: 260000000
2025-04-21 00:56:40,656 - INFO - Extracted: Reshape Automation - 10-Sep-24
2025-04-21 00:56:40,656 - INFO - Found funding amount: 5000000
2025-04-21 00:56:40,684 - INFO - Extracted: Infinium - 10-Sep-24
2025-04-21 00:56:40,684 - INFO - Found funding amount: 0
2025-04-21 00:56:40,713 - INFO - Extracted: Blended Technologies - 10-Sep-24
2025-04-21 00:56:40,713 - INFO - Found funding amount: 2500000
2025-04-21 00:56:40,744 - INFO - Extracted: AttoTude - 10-Sep-24
2025-04-21 00:56:40,744 - INFO - Found funding amount: 29000000
2025-04-21 00:56:40,778 - INFO - Extracted: Neurona Therapeutics - 10-Sep-24
2025-04-21 00:56:40,778 - INFO - Found funding amount: 3800000
2025-04-21 00:56:40,807 - INFO - Extracted: P0 Security - 10-Sep-24
2025-04-21 00:56:40,807 - INFO - Found funding amount: 15000000
2025-04-21 00:56:40,835 - INFO - Extracted: PIN AI - 9-Sep-24
2025-04-21 00:56:40,835 - INFO - Found funding amount: 10000000
2025-04-21 00:56:40,863 - INFO - Extracted: Race - 9-Sep-24
2025-04-21 00:56:40,863 - INFO - Found funding amount: 375000000
2025-04-21 00:56:40,891 - INFO - Extracted: OrsoBio - 6-Sep-24
2025-04-21 00:56:40,891 - INFO - Found funding amount: 67000000
2025-04-21 00:56:40,926 - INFO - Extracted: DubClub - 5-Sep-24
2025-04-21 00:56:40,926 - INFO - Found funding amount: 7500000
2025-04-21 00:56:40,954 - INFO - Extracted: Thatch - 5-Sep-24
2025-04-21 00:56:40,954 - INFO - Found funding amount: 38000000
2025-04-21 00:56:40,983 - INFO - Extracted: Drip Capital - 5-Sep-24
2025-04-21 00:56:40,983 - INFO - Found funding amount: 90000000
2025-04-21 00:56:41,011 - INFO - Extracted: Acuvity - 5-Sep-24
2025-04-21 00:56:41,011 - INFO - Found funding amount: 9000000
2025-04-21 00:56:41,011 - INFO - Successfully extracted 20 new companies from page 18
2025-04-21 00:56:41,011 - INFO - Attempting to navigate from page 18
2025-04-21 00:56:47,015 - INFO - JavaScript verification confirmed page changed
2025-04-21 00:56:47,572 - INFO - Extracting data from page 19
2025-04-21 00:56:48,754 - INFO - Trying standard table extraction
2025-04-21 00:56:48,813 - INFO - Found funding amount column at index 6
2025-04-21 00:56:48,818 - INFO - Found headquarters column at index 7
2025-04-21 00:56:48,827 - INFO - Found 22 potential data rows
2025-04-21 00:56:48,873 - INFO - Extracted: Portex - 5-Sep-24
2025-04-21 00:56:48,873 - INFO - Found funding amount: 6250000
2025-04-21 00:56:48,904 - INFO - Extracted: Agree.com - 5-Sep-24
2025-04-21 00:56:48,904 - INFO - Found funding amount: 3000000
2025-04-21 00:56:48,932 - INFO - Extracted: Fiddler AI - 5-Sep-24
2025-04-21 00:56:48,932 - INFO - Found funding amount: 18949994
2025-04-21 00:56:48,960 - INFO - Extracted: Cortex - 4-Sep-24
2025-04-21 00:56:48,960 - INFO - Found funding amount: 60000000
2025-04-21 00:56:48,988 - INFO - Extracted: ArsenalBio - 4-Sep-24
2025-04-21 00:56:48,988 - INFO - Found funding amount: 325000000
2025-04-21 00:56:49,020 - INFO - Extracted: Ceres Imaging - 4-Sep-24
2025-04-21 00:56:49,020 - INFO - Found funding amount: 0
2025-04-21 00:56:49,051 - INFO - Extracted: Venova Medical - 4-Sep-24
2025-04-21 00:56:49,051 - INFO - Found funding amount: 30000000
2025-04-21 00:56:49,079 - INFO - Extracted: Climax Foods - 4-Sep-24
2025-04-21 00:56:49,079 - INFO - Found funding amount: 0
2025-04-21 00:56:49,108 - INFO - Extracted: Flex - 4-Sep-24
2025-04-21 00:56:49,108 - INFO - Found funding amount: 3200000
2025-04-21 00:56:49,135 - INFO - Extracted: Circle Pharma - 3-Sep-24
2025-04-21 00:56:49,135 - INFO - Found funding amount: 90000000
2025-04-21 00:56:49,163 - INFO - Extracted: Segmed - 3-Sep-24
2025-04-21 00:56:49,163 - INFO - Found funding amount: 10400000
2025-04-21 00:56:49,191 - INFO - Extracted: Linea Energy - 3-Sep-24
2025-04-21 00:56:49,191 - INFO - Found funding amount: 145000000
2025-04-21 00:56:49,219 - INFO - Extracted: Gainful - 3-Sep-24
2025-04-21 00:56:49,219 - INFO - Found funding amount: 0
2025-04-21 00:56:49,246 - INFO - Extracted: Mintlify - 3-Sep-24
2025-04-21 00:56:49,246 - INFO - Found funding amount: 18500000
2025-04-21 00:56:49,274 - INFO - Extracted: Magic Lifescience - 3-Sep-24
2025-04-21 00:56:49,274 - INFO - Found funding amount: 163398
2025-04-21 00:56:49,304 - INFO - Extracted: Approveit - 2-Sep-24
2025-04-21 00:56:49,304 - INFO - Found funding amount: 1000000
2025-04-21 00:56:49,338 - INFO - Extracted: Weeknd - 1-Sep-24
2025-04-21 00:56:49,338 - INFO - Found funding amount: 0
2025-04-21 00:56:49,366 - INFO - Extracted: Crafty Apes - 30-Aug-24
2025-04-21 00:56:49,366 - INFO - Found funding amount: 0
2025-04-21 00:56:49,394 - INFO - Extracted: Codeium - 29-Aug-24
2025-04-21 00:56:49,394 - INFO - Found funding amount: 150000000
2025-04-21 00:56:49,422 - INFO - Extracted: MIRIS - 29-Aug-24
2025-04-21 00:56:49,422 - INFO - Found funding amount: 26000000
2025-04-21 00:56:49,423 - INFO - Successfully extracted 20 new companies from page 19
2025-04-21 00:56:49,423 - INFO - Attempting to navigate from page 19
2025-04-21 00:56:55,504 - INFO - JavaScript verification confirmed page changed
2025-04-21 00:56:55,860 - INFO - Extracting data from page 20
2025-04-21 00:56:56,240 - INFO - Trying standard table extraction
2025-04-21 00:56:56,303 - INFO - Found funding amount column at index 6
2025-04-21 00:56:56,308 - INFO - Found headquarters column at index 7
2025-04-21 00:56:56,318 - INFO - Found 22 potential data rows
2025-04-21 00:56:56,364 - INFO - Extracted: nOps - 28-Aug-24
2025-04-21 00:56:56,364 - INFO - Found funding amount: 30000000
2025-04-21 00:56:56,395 - INFO - Extracted: Uplift Labs - 28-Aug-24
2025-04-21 00:56:56,395 - INFO - Found funding amount: 2100000
2025-04-21 00:56:56,423 - INFO - Extracted: Opus Clip - 28-Aug-24
2025-04-21 00:56:56,423 - INFO - Found funding amount: 30000000
2025-04-21 00:56:56,451 - INFO - Extracted: Bland AI - 28-Aug-24
2025-04-21 00:56:56,451 - INFO - Found funding amount: 16000000
2025-04-21 00:56:56,479 - INFO - Extracted: Noetik - 28-Aug-24
2025-04-21 00:56:56,479 - INFO - Found funding amount: 40000000
2025-04-21 00:56:56,508 - INFO - Extracted: Inventive AI - 28-Aug-24
2025-04-21 00:56:56,508 - INFO - Found funding amount: 4000000
2025-04-21 00:56:56,536 - INFO - Extracted: Linker Finance - 27-Aug-24
2025-04-21 00:56:56,536 - INFO - Found funding amount: 3700000
2025-04-21 00:56:56,567 - INFO - Extracted: ProhostAI - 27-Aug-24
2025-04-21 00:56:56,567 - INFO - Found funding amount: 1465000
2025-04-21 00:56:56,599 - INFO - Extracted: Cribl - 27-Aug-24
2025-04-21 00:56:56,600 - INFO - Found funding amount: 200000000
2025-04-21 00:56:56,633 - INFO - Extracted: Gameplay Galaxy - 27-Aug-24
2025-04-21 00:56:56,633 - INFO - Found funding amount: 11170000
2025-04-21 00:56:56,691 - INFO - Extracted: Spire Global - 27-Aug-24
2025-04-21 00:56:56,691 - INFO - Found funding amount: 3500000
2025-04-21 00:56:56,721 - INFO - Extracted: Fleet - 27-Aug-24
2025-04-21 00:56:56,721 - INFO - Found funding amount: 2500000
2025-04-21 00:56:56,750 - INFO - Extracted: just words - 27-Aug-24
2025-04-21 00:56:56,750 - INFO - Found funding amount: 1700000
2025-04-21 00:56:56,780 - INFO - Extracted: Planera - 27-Aug-24
2025-04-21 00:56:56,780 - INFO - Found funding amount: 13500000
2025-04-21 00:56:56,810 - INFO - Extracted: Clearway Energy Group - 26-Aug-24
2025-04-21 00:56:56,810 - INFO - Found funding amount: 550000000
2025-04-21 00:56:56,844 - INFO - Extracted: Tavoro - 26-Aug-24
2025-04-21 00:56:56,844 - INFO - Found funding amount: 2500000
2025-04-21 00:56:56,876 - INFO - Extracted: Accession Risk Management Group - 22-Aug-24
2025-04-21 00:56:56,876 - INFO - Found funding amount: 1000000000
2025-04-21 00:56:56,907 - INFO - Extracted: Openwater - 22-Aug-24
2025-04-21 00:56:56,907 - INFO - Found funding amount: 54000000
2025-04-21 00:56:56,936 - INFO - Extracted: Scale AI - 21-Aug-24
2025-04-21 00:56:56,937 - INFO - Found funding amount: 1000000000
2025-04-21 00:56:56,965 - INFO - Extracted: Kodiak Robotics - 21-Aug-24
2025-04-21 00:56:56,965 - INFO - Found funding amount: 0
2025-04-21 00:56:56,965 - INFO - Successfully extracted 20 new companies from page 20
2025-04-21 00:56:56,965 - INFO - Attempting to navigate from page 20
2025-04-21 00:57:02,520 - INFO - JavaScript verification confirmed page changed
2025-04-21 00:57:03,545 - INFO - Extracting data from page 21
2025-04-21 00:57:04,204 - INFO - Trying standard table extraction
2025-04-21 00:57:04,260 - INFO - Found funding amount column at index 6
2025-04-21 00:57:04,265 - INFO - Found headquarters column at index 7
2025-04-21 00:57:04,274 - INFO - Found 22 potential data rows
2025-04-21 00:57:04,319 - INFO - Extracted: Qualified Digital - 21-Aug-24
2025-04-21 00:57:04,319 - INFO - Found funding amount: 0
2025-04-21 00:57:04,349 - INFO - Extracted: Skyfire Systems - 21-Aug-24
2025-04-21 00:57:04,349 - INFO - Found funding amount: 8500000
2025-04-21 00:57:04,377 - INFO - Extracted: XII Medical - 21-Aug-24
2025-04-21 00:57:04,377 - INFO - Found funding amount: 45000000
2025-04-21 00:57:04,406 - INFO - Extracted: Piramidal - 21-Aug-24
2025-04-21 00:57:04,406 - INFO - Found funding amount: 6000000
2025-04-21 00:57:04,434 - INFO - Extracted: Lettuce Financial - 21-Aug-24
2025-04-21 00:57:04,434 - INFO - Found funding amount: 15000000
2025-04-21 00:57:04,482 - INFO - Extracted: Enteligent - 20-Aug-24
2025-04-21 00:57:04,482 - INFO - Found funding amount: 6000000
2025-04-21 00:57:04,513 - INFO - Extracted: Starpath Robotics - 20-Aug-24
2025-04-21 00:57:04,513 - INFO - Found funding amount: 12000000
2025-04-21 00:57:04,540 - INFO - Extracted: Kubiya.ai - 20-Aug-24
2025-04-21 00:57:04,541 - INFO - Found funding amount: 6000000
2025-04-21 00:57:04,569 - INFO - Extracted: Marathon Fusion - 20-Aug-24
2025-04-21 00:57:04,569 - INFO - Found funding amount: 5900000
2025-04-21 00:57:04,597 - INFO - Extracted: Pangeam Inc. - 20-Aug-24
2025-04-21 00:57:04,597 - INFO - Found funding amount: 2750000
2025-04-21 00:57:04,625 - INFO - Extracted: Eppo - 20-Aug-24
2025-04-21 00:57:04,625 - INFO - Found funding amount: 28000000
2025-04-21 00:57:04,653 - INFO - Extracted: Fortera - 20-Aug-24
2025-04-21 00:57:04,653 - INFO - Found funding amount: 85000000
2025-04-21 00:57:04,681 - INFO - Extracted: Exin Health - 19-Aug-24
2025-04-21 00:57:04,681 - INFO - Found funding amount: 0
2025-04-21 00:57:04,709 - INFO - Extracted: Fabric Cryptography - 19-Aug-24
2025-04-21 00:57:04,709 - INFO - Found funding amount: 33000000
2025-04-21 00:57:04,738 - INFO - Extracted: Ensemble AI - 15-Aug-24
2025-04-21 00:57:04,738 - INFO - Found funding amount: 3300000
2025-04-21 00:57:04,765 - INFO - Extracted: Era Finance - 15-Aug-24
2025-04-21 00:57:04,765 - INFO - Found funding amount: 9362409
2025-04-21 00:57:04,800 - INFO - Extracted: Kiteworks - 14-Aug-24
2025-04-21 00:57:04,800 - INFO - Found funding amount: 456000000
2025-04-21 00:57:04,831 - INFO - Extracted: nunu.ai - 14-Aug-24
2025-04-21 00:57:04,831 - INFO - Found funding amount: 2000000
2025-04-21 00:57:04,859 - INFO - Extracted: Moximed - 13-Aug-24
2025-04-21 00:57:04,859 - INFO - Found funding amount: 61000000
2025-04-21 00:57:04,887 - INFO - Extracted: Guidewheel - 13-Aug-24
2025-04-21 00:57:04,887 - INFO - Found funding amount: 31000000
2025-04-21 00:57:04,887 - INFO - Successfully extracted 20 new companies from page 21
2025-04-21 00:57:04,887 - INFO - Attempting to navigate from page 21
2025-04-21 00:57:11,006 - INFO - JavaScript verification confirmed page changed
2025-04-21 00:57:11,428 - INFO - Extracting data from page 22
2025-04-21 00:57:11,973 - INFO - Trying standard table extraction
2025-04-21 00:57:12,027 - INFO - Found funding amount column at index 6
2025-04-21 00:57:12,031 - INFO - Found headquarters column at index 7
2025-04-21 00:57:12,041 - INFO - Found 22 potential data rows
2025-04-21 00:57:12,088 - INFO - Extracted: Cision Vision - 13-Aug-24
2025-04-21 00:57:12,088 - INFO - Found funding amount: 22300000
2025-04-21 00:57:12,117 - INFO - Extracted: PayZen - 13-Aug-24
2025-04-21 00:57:12,117 - INFO - Found funding amount: 200000000
2025-04-21 00:57:12,145 - INFO - Extracted: Voltera - 13-Aug-24
2025-04-21 00:57:12,146 - INFO - Found funding amount: 100000000
2025-04-21 00:57:12,174 - INFO - Extracted: HeatMap, Inc - 13-Aug-24
2025-04-21 00:57:12,174 - INFO - Found funding amount: 4000000
2025-04-21 00:57:12,202 - INFO - Extracted: Cosine - 12-Aug-24
2025-04-21 00:57:12,202 - INFO - Found funding amount: 2500000
2025-04-21 00:57:12,229 - INFO - Extracted: DevRev - 9-Aug-24
2025-04-21 00:57:12,229 - INFO - Found funding amount: 100825173
2025-04-21 00:57:12,256 - INFO - Extracted: Double - 9-Aug-24
2025-04-21 00:57:12,256 - INFO - Found funding amount: 500000
2025-04-21 00:57:12,284 - INFO - Extracted: Brisk Teaching - 9-Aug-24
2025-04-21 00:57:12,284 - INFO - Found funding amount: 6899995
2025-04-21 00:57:12,312 - INFO - Extracted: Feeling Great - 8-Aug-24
2025-04-21 00:57:12,312 - INFO - Found funding amount: 8000000
2025-04-21 00:57:12,340 - INFO - Extracted: Reforged Labs - 8-Aug-24
2025-04-21 00:57:12,340 - INFO - Found funding amount: 3900000
2025-04-21 00:57:12,368 - INFO - Extracted: Opal - 8-Aug-24
2025-04-21 00:57:12,368 - INFO - Found funding amount: 60000000
2025-04-21 00:57:12,405 - INFO - Extracted: Switchback Systems - 8-Aug-24
2025-04-21 00:57:12,406 - INFO - Found funding amount: 10088281
2025-04-21 00:57:12,441 - INFO - Extracted: Bardeen - 8-Aug-24
2025-04-21 00:57:12,442 - INFO - Found funding amount: 3000000
2025-04-21 00:57:12,472 - INFO - Extracted: Bryte - 8-Aug-24
2025-04-21 00:57:12,472 - INFO - Found funding amount: 1000000
2025-04-21 00:57:12,501 - INFO - Extracted: Ionetix - 7-Aug-24
2025-04-21 00:57:12,501 - INFO - Found funding amount: 0
2025-04-21 00:57:12,529 - INFO - Extracted: Anjuna - 7-Aug-24
2025-04-21 00:57:12,529 - INFO - Found funding amount: 25000000
2025-04-21 00:57:12,557 - INFO - Extracted: Flow - 7-Aug-24
2025-04-21 00:57:12,557 - INFO - Found funding amount: 6000000
2025-04-21 00:57:12,585 - INFO - Extracted: Napkin AI - 7-Aug-24
2025-04-21 00:57:12,585 - INFO - Found funding amount: 10000000
2025-04-21 00:57:12,613 - INFO - Extracted: Datch - 7-Aug-24
2025-04-21 00:57:12,613 - INFO - Found funding amount: 15000000
2025-04-21 00:57:12,641 - INFO - Extracted: Greptime - 7-Aug-24
2025-04-21 00:57:12,641 - INFO - Found funding amount: 0
2025-04-21 00:57:12,641 - INFO - Successfully extracted 20 new companies from page 22
2025-04-21 00:57:12,641 - INFO - Attempting to navigate from page 22
2025-04-21 00:57:18,050 - INFO - JavaScript verification confirmed page changed
2025-04-21 00:57:19,199 - INFO - Extracting data from page 23
2025-04-21 00:57:19,628 - INFO - Trying standard table extraction
2025-04-21 00:57:19,685 - INFO - Found funding amount column at index 6
2025-04-21 00:57:19,690 - INFO - Found headquarters column at index 7
2025-04-21 00:57:19,699 - INFO - Found 22 potential data rows
2025-04-21 00:57:19,743 - INFO - Extracted: Sundial - 6-Aug-24
2025-04-21 00:57:19,743 - INFO - Found funding amount: 23348218
2025-04-21 00:57:19,780 - INFO - Extracted: Mechanical Orchard - 6-Aug-24
2025-04-21 00:57:19,780 - INFO - Found funding amount: 50000000
2025-04-21 00:57:19,808 - INFO - Extracted: MentalHappy - 6-Aug-24
2025-04-21 00:57:19,808 - INFO - Found funding amount: 500000
2025-04-21 00:57:19,836 - INFO - Extracted: Abnormal Security - 6-Aug-24
2025-04-21 00:57:19,836 - INFO - Found funding amount: 250000000
2025-04-21 00:57:19,865 - INFO - Extracted: Climatize - 6-Aug-24
2025-04-21 00:57:19,865 - INFO - Found funding amount: 1750000
2025-04-21 00:57:19,893 - INFO - Extracted: Shinobi Therapeutics - 6-Aug-24
2025-04-21 00:57:19,893 - INFO - Found funding amount: 68000000
2025-04-21 00:57:19,931 - INFO - Extracted: Curio Research - 6-Aug-24
2025-04-21 00:57:19,931 - INFO - Found funding amount: 5700000
2025-04-21 00:57:19,959 - INFO - Extracted: Muon Space - 5-Aug-24
2025-04-21 00:57:19,959 - INFO - Found funding amount: 56703744
2025-04-21 00:57:19,987 - INFO - Extracted: Groq - 5-Aug-24
2025-04-21 00:57:19,987 - INFO - Found funding amount: 640000000
2025-04-21 00:57:20,015 - INFO - Extracted: AutoComplete - 5-Aug-24
2025-04-21 00:57:20,015 - INFO - Found funding amount: 0
2025-04-21 00:57:20,044 - INFO - Extracted: Solarcycle - 1-Aug-24
2025-04-21 00:57:20,044 - INFO - Found funding amount: 31629998
2025-04-21 00:57:20,072 - INFO - Extracted: Hedra - 1-Aug-24
2025-04-21 00:57:20,072 - INFO - Found funding amount: 10000000
2025-04-21 00:57:20,100 - INFO - Extracted: Skillfully - 1-Aug-24
2025-04-21 00:57:20,100 - INFO - Found funding amount: 2500000
2025-04-21 00:57:20,128 - INFO - Extracted: Global Predictions - 1-Aug-24
2025-04-21 00:57:20,128 - INFO - Found funding amount: 2000000
2025-04-21 00:57:20,157 - INFO - Extracted: Tezi - 31-Jul-24
2025-04-21 00:57:20,157 - INFO - Found funding amount: 9000000
2025-04-21 00:57:20,185 - INFO - Extracted: Thumbtack - 31-Jul-24
2025-04-21 00:57:20,185 - INFO - Found funding amount: 75000000
2025-04-21 00:57:20,213 - INFO - Extracted: Swords to Plowshares - 31-Jul-24
2025-04-21 00:57:20,213 - INFO - Found funding amount: 0
2025-04-21 00:57:20,241 - INFO - Extracted: Ema - 31-Jul-24
2025-04-21 00:57:20,241 - INFO - Found funding amount: 36000000
2025-04-21 00:57:20,270 - INFO - Extracted: Endari - 31-Jul-24
2025-04-21 00:57:20,270 - INFO - Found funding amount: 4000000
2025-04-21 00:57:20,298 - INFO - Extracted: Streamkap - 31-Jul-24
2025-04-21 00:57:20,298 - INFO - Found funding amount: 3300000
2025-04-21 00:57:20,298 - INFO - Successfully extracted 20 new companies from page 23
2025-04-21 00:57:20,298 - INFO - Attempting to navigate from page 23
2025-04-21 00:57:26,552 - INFO - JavaScript verification confirmed page changed
2025-04-21 00:57:27,308 - INFO - Extracting data from page 24
2025-04-21 00:57:27,853 - INFO - Trying standard table extraction
2025-04-21 00:57:27,908 - INFO - Found funding amount column at index 6
2025-04-21 00:57:27,913 - INFO - Found headquarters column at index 7
2025-04-21 00:57:27,922 - INFO - Found 22 potential data rows
2025-04-21 00:57:27,976 - INFO - Extracted: Rhombus Systems - 30-Jul-24
2025-04-21 00:57:27,976 - INFO - Found funding amount: 45000000
2025-04-21 00:57:28,004 - INFO - Extracted: Credo AI - 30-Jul-24
2025-04-21 00:57:28,004 - INFO - Found funding amount: 21000000
2025-04-21 00:57:28,032 - INFO - Extracted: Montara Therapeutics - 30-Jul-24
2025-04-21 00:57:28,032 - INFO - Found funding amount: 8000000
2025-04-21 00:57:28,061 - INFO - Extracted: Haus - 30-Jul-24
2025-04-21 00:57:28,061 - INFO - Found funding amount: 20000000
2025-04-21 00:57:28,089 - INFO - Extracted: Sybill AI - 30-Jul-24
2025-04-21 00:57:28,089 - INFO - Found funding amount: 11000000
2025-04-21 00:57:28,117 - INFO - Extracted: Aviato - 30-Jul-24
2025-04-21 00:57:28,117 - INFO - Found funding amount: 0
2025-04-21 00:57:28,147 - INFO - Extracted: LTZ Therapeutics - 30-Jul-24
2025-04-21 00:57:28,148 - INFO - Found funding amount: 20000000
2025-04-21 00:57:28,178 - INFO - Extracted: unspun - 29-Jul-24
2025-04-21 00:57:28,178 - INFO - Found funding amount: 32000000
2025-04-21 00:57:28,206 - INFO - Extracted: OnSight - 29-Jul-24
2025-04-21 00:57:28,206 - INFO - Found funding amount: 0
2025-04-21 00:57:28,234 - INFO - Extracted: Rillet - 29-Jul-24
2025-04-21 00:57:28,234 - INFO - Found funding amount: 13500000
2025-04-21 00:57:28,262 - INFO - Extracted: ReviR Therapeutics - 26-Jul-24
2025-04-21 00:57:28,262 - INFO - Found funding amount: 30000000
2025-04-21 00:57:28,291 - INFO - Extracted: Cowbell - 26-Jul-24
2025-04-21 00:57:28,291 - INFO - Found funding amount: 60000000
2025-04-21 00:57:28,319 - INFO - Extracted: Imperative Care - 25-Jul-24
2025-04-21 00:57:28,319 - INFO - Found funding amount: 150000000
2025-04-21 00:57:28,348 - INFO - Extracted: IntelePeer - 25-Jul-24
2025-04-21 00:57:28,348 - INFO - Found funding amount: 140000000
2025-04-21 00:57:28,376 - INFO - Extracted: EtherWhere - 25-Jul-24
2025-04-21 00:57:28,376 - INFO - Found funding amount: 16300000
2025-04-21 00:57:28,404 - INFO - Extracted: InnerPlant - 25-Jul-24
2025-04-21 00:57:28,404 - INFO - Found funding amount: 30000000
2025-04-21 00:57:28,434 - INFO - Extracted: Vanta - 24-Jul-24
2025-04-21 00:57:28,434 - INFO - Found funding amount: 150000000
2025-04-21 00:57:28,461 - INFO - Extracted: Recurrent Energy - 24-Jul-24
2025-04-21 00:57:28,462 - INFO - Found funding amount: 50000000
2025-04-21 00:57:28,490 - INFO - Extracted: Dazz - 24-Jul-24
2025-04-21 00:57:28,490 - INFO - Found funding amount: 50000000
2025-04-21 00:57:28,518 - INFO - Extracted: Sound Health - 24-Jul-24
2025-04-21 00:57:28,518 - INFO - Found funding amount: 7000000
2025-04-21 00:57:28,518 - INFO - Successfully extracted 20 new companies from page 24
2025-04-21 00:57:28,518 - INFO - Attempting to navigate from page 24
2025-04-21 00:57:34,847 - INFO - JavaScript verification confirmed page changed
2025-04-21 00:57:35,311 - INFO - Extracting data from page 25
2025-04-21 00:57:36,147 - INFO - Trying standard table extraction
2025-04-21 00:57:36,205 - INFO - Found funding amount column at index 6
2025-04-21 00:57:36,210 - INFO - Found headquarters column at index 7
2025-04-21 00:57:36,220 - INFO - Found 22 potential data rows
2025-04-21 00:57:36,264 - INFO - Extracted: Hume Supernatural - 24-Jul-24
2025-04-21 00:57:36,264 - INFO - Found funding amount: 200000
2025-04-21 00:57:36,292 - INFO - Extracted: Blumen Systems - 24-Jul-24
2025-04-21 00:57:36,292 - INFO - Found funding amount: 6385989
2025-04-21 00:57:36,325 - INFO - Extracted: Lakera AI - 24-Jul-24
2025-04-21 00:57:36,325 - INFO - Found funding amount: 20000000
2025-04-21 00:57:36,354 - INFO - Extracted: Astranis - 24-Jul-24
2025-04-21 00:57:36,354 - INFO - Found funding amount: 200000000
2025-04-21 00:57:36,383 - INFO - Extracted: Joy - 24-Jul-24
2025-04-21 00:57:36,383 - INFO - Found funding amount: 10000000
2025-04-21 00:57:36,412 - INFO - Extracted: Caldera - 24-Jul-24
2025-04-21 00:57:36,412 - INFO - Found funding amount: 15000000
2025-04-21 00:57:36,440 - INFO - Extracted: IncellDx - 23-Jul-24
2025-04-21 00:57:36,440 - INFO - Found funding amount: 500000
2025-04-21 00:57:36,469 - INFO - Extracted: Powder - 23-Jul-24
2025-04-21 00:57:36,469 - INFO - Found funding amount: 5000000
2025-04-21 00:57:36,497 - INFO - Extracted: Harvey - 23-Jul-24
2025-04-21 00:57:36,497 - INFO - Found funding amount: 100000000
2025-04-21 00:57:36,525 - INFO - Extracted: Placer.ai - 23-Jul-24
2025-04-21 00:57:36,525 - INFO - Found funding amount: 54500187
2025-04-21 00:57:36,554 - INFO - Extracted: Momentum - 23-Jul-24
2025-04-21 00:57:36,554 - INFO - Found funding amount: 13000000
2025-04-21 00:57:36,582 - INFO - Extracted: SirenOpt - 23-Jul-24
2025-04-21 00:57:36,582 - INFO - Found funding amount: 6600000
2025-04-21 00:57:36,610 - INFO - Extracted: Uplimit - 23-Jul-24
2025-04-21 00:57:36,610 - INFO - Found funding amount: 11000000
2025-04-21 00:57:36,638 - INFO - Extracted: Mytra - 23-Jul-24
2025-04-21 00:57:36,638 - INFO - Found funding amount: 50000000
2025-04-21 00:57:36,667 - INFO - Extracted: Level AI - 23-Jul-24
2025-04-21 00:57:36,667 - INFO - Found funding amount: 39400000
2025-04-21 00:57:36,695 - INFO - Extracted: Alixia - 23-Jul-24
2025-04-21 00:57:36,695 - INFO - Found funding amount: 1825445
2025-04-21 00:57:36,724 - INFO - Extracted: Elly Analytics, Inc. - 22-Jul-24
2025-04-21 00:57:36,724 - INFO - Found funding amount: 1000000
2025-04-21 00:57:36,752 - INFO - Extracted: Noded Ai - 22-Jul-24
2025-04-21 00:57:36,752 - INFO - Found funding amount: 4000000
2025-04-21 00:57:36,780 - INFO - Extracted: EdgeRunner AI - 18-Jul-24
2025-04-21 00:57:36,780 - INFO - Found funding amount: 5500000
2025-04-21 00:57:36,812 - INFO - Extracted: Arrcus - 18-Jul-24
2025-04-21 00:57:36,812 - INFO - Found funding amount: 30000000
2025-04-21 00:57:36,812 - INFO - Successfully extracted 20 new companies from page 25
2025-04-21 00:57:36,812 - INFO - Attempting to navigate from page 25
2025-04-21 00:57:42,793 - INFO - JavaScript verification confirmed page changed
2025-04-21 00:57:43,893 - INFO - Extracting data from page 26
2025-04-21 00:57:44,477 - INFO - Trying standard table extraction
2025-04-21 00:57:44,530 - INFO - Found funding amount column at index 6
2025-04-21 00:57:44,535 - INFO - Found headquarters column at index 7
2025-04-21 00:57:44,544 - INFO - Found 22 potential data rows
2025-04-21 00:57:44,590 - INFO - Extracted: Juno - 18-Jul-24
2025-04-21 00:57:44,590 - INFO - Found funding amount: 8500000
2025-04-21 00:57:44,620 - INFO - Extracted: d.light - 17-Jul-24
2025-04-21 00:57:44,620 - INFO - Found funding amount: 176000000
2025-04-21 00:57:44,648 - INFO - Extracted: Human Interest - 17-Jul-24
2025-04-21 00:57:44,648 - INFO - Found funding amount: 242000000
2025-04-21 00:57:44,677 - INFO - Extracted: Caltech - 17-Jul-24
2025-04-21 00:57:44,677 - INFO - Found funding amount: 10000000
2025-04-21 00:57:44,706 - INFO - Extracted: NGM Biopharmaceuticals - 17-Jul-24
2025-04-21 00:57:44,706 - INFO - Found funding amount: 122000000
2025-04-21 00:57:44,735 - INFO - Extracted: aiXplain - 17-Jul-24
2025-04-21 00:57:44,735 - INFO - Found funding amount: 6500000
2025-04-21 00:57:44,763 - INFO - Extracted: Ohlone College - 17-Jul-24
2025-04-21 00:57:44,764 - INFO - Found funding amount: 50000
2025-04-21 00:57:44,791 - INFO - Extracted: Slope - 17-Jul-24
2025-04-21 00:57:44,792 - INFO - Found funding amount: 50000000
2025-04-21 00:57:44,821 - INFO - Extracted: Matera - 17-Jul-24
2025-04-21 00:57:44,821 - INFO - Found funding amount: 100000000
2025-04-21 00:57:44,855 - INFO - Extracted: Solideon - 17-Jul-24
2025-04-21 00:57:44,855 - INFO - Found funding amount: 5000000
2025-04-21 00:57:44,886 - INFO - Extracted: Vectara - 16-Jul-24
2025-04-21 00:57:44,886 - INFO - Found funding amount: 25000000
2025-04-21 00:57:44,915 - INFO - Extracted: Tekion - 16-Jul-24
2025-04-21 00:57:44,916 - INFO - Found funding amount: 200000000
2025-04-21 00:57:44,944 - INFO - Extracted: The San Francisco Compute Company - 16-Jul-24
2025-04-21 00:57:44,944 - INFO - Found funding amount: 12000000
2025-04-21 00:57:44,972 - INFO - Extracted: DreamBig Semiconductor - 16-Jul-24
2025-04-21 00:57:44,972 - INFO - Found funding amount: 75000000
2025-04-21 00:57:45,000 - INFO - Extracted: Echo Chunk AI - 16-Jul-24
2025-04-21 00:57:45,000 - INFO - Found funding amount: 1400000
2025-04-21 00:57:45,028 - INFO - Extracted: Botrista Technology - 16-Jul-24
2025-04-21 00:57:45,028 - INFO - Found funding amount: 65000000
2025-04-21 00:57:45,056 - INFO - Extracted: Dusk - 16-Jul-24
2025-04-21 00:57:45,056 - INFO - Found funding amount: 8000000
2025-04-21 00:57:45,084 - INFO - Extracted: Sphere Technology Holdings - 15-Jul-24
2025-04-21 00:57:45,084 - INFO - Found funding amount: 9511799
2025-04-21 00:57:45,112 - INFO - Extracted: Halo Industries - 15-Jul-24
2025-04-21 00:57:45,112 - INFO - Found funding amount: 80000000
2025-04-21 00:57:45,143 - INFO - Extracted: NeuSpera Medical - 15-Jul-24
2025-04-21 00:57:45,143 - INFO - Found funding amount: 23000000
2025-04-21 00:57:45,143 - INFO - Successfully extracted 20 new companies from page 26
2025-04-21 00:57:45,143 - INFO - Attempting to navigate from page 26
2025-04-21 00:57:51,710 - INFO - JavaScript verification confirmed page changed
2025-04-21 00:57:52,476 - INFO - Extracting data from page 27
2025-04-21 00:57:52,844 - INFO - Trying standard table extraction
2025-04-21 00:57:52,901 - INFO - Found funding amount column at index 6
2025-04-21 00:57:52,906 - INFO - Found headquarters column at index 7
2025-04-21 00:57:52,915 - INFO - Found 22 potential data rows
2025-04-21 00:57:52,959 - INFO - Extracted: Metabase Q - 15-Jul-24
2025-04-21 00:57:52,959 - INFO - Found funding amount: 5099986
2025-04-21 00:57:52,988 - INFO - Extracted: Vivoo - 15-Jul-24
2025-04-21 00:57:52,988 - INFO - Found funding amount: 0
2025-04-21 00:57:53,016 - INFO - Extracted: SmarterLicense - 15-Jul-24
2025-04-21 00:57:53,016 - INFO - Found funding amount: 1100000
2025-04-21 00:57:53,045 - INFO - Extracted: Digestiva - 15-Jul-24
2025-04-21 00:57:53,045 - INFO - Found funding amount: 18400000
2025-04-21 00:57:53,093 - INFO - Extracted: Odyssey - 12-Jul-24
2025-04-21 00:57:53,093 - INFO - Found funding amount: 9000000
2025-04-21 00:57:53,121 - INFO - Extracted: Armada - 11-Jul-24
2025-04-21 00:57:53,121 - INFO - Found funding amount: 40000000
2025-04-21 00:57:53,149 - INFO - Extracted: Mantle - 10-Jul-24
2025-04-21 00:57:53,149 - INFO - Found funding amount: 20000000
2025-04-21 00:57:53,178 - INFO - Extracted: Lekko - 10-Jul-24
2025-04-21 00:57:53,178 - INFO - Found funding amount: 4500000
2025-04-21 00:57:53,206 - INFO - Extracted: Hayden AI - 10-Jul-24
2025-04-21 00:57:53,206 - INFO - Found funding amount: 90000000
2025-04-21 00:57:53,235 - INFO - Extracted: Adona Medical - 10-Jul-24
2025-04-21 00:57:53,235 - INFO - Found funding amount: 13369997
2025-04-21 00:57:53,263 - INFO - Extracted: Safe Passages - 9-Jul-24
2025-04-21 00:57:53,263 - INFO - Found funding amount: 270000
2025-04-21 00:57:53,291 - INFO - Extracted: Valo.ai - 9-Jul-24
2025-04-21 00:57:53,291 - INFO - Found funding amount: 0
2025-04-21 00:57:53,319 - INFO - Extracted: Volley - 9-Jul-24
2025-04-21 00:57:53,319 - INFO - Found funding amount: 55000000
2025-04-21 00:57:53,347 - INFO - Extracted: Accend - 9-Jul-24
2025-04-21 00:57:53,347 - INFO - Found funding amount: 3200000
2025-04-21 00:57:53,375 - INFO - Extracted: NovoNutrients - 9-Jul-24
2025-04-21 00:57:53,375 - INFO - Found funding amount: 18000000
2025-04-21 00:57:53,403 - INFO - Extracted: Default - 8-Jul-24
2025-04-21 00:57:53,403 - INFO - Found funding amount: 4000000
2025-04-21 00:57:53,440 - INFO - Extracted: Cartken - 3-Jul-24
2025-04-21 00:57:53,440 - INFO - Found funding amount: 10000000
2025-04-21 00:57:53,471 - INFO - Extracted: Granza Bio - 3-Jul-24
2025-04-21 00:57:53,471 - INFO - Found funding amount: 7140000
2025-04-21 00:57:53,501 - INFO - Extracted: Frontier Energy - 2-Jul-24
2025-04-21 00:57:53,501 - INFO - Found funding amount: 0
2025-04-21 00:57:53,528 - INFO - Extracted: BRB APP INC - 1-Jul-24
2025-04-21 00:57:53,528 - INFO - Found funding amount: 0
2025-04-21 00:57:53,528 - INFO - Successfully extracted 20 new companies from page 27
2025-04-21 00:57:53,528 - INFO - Attempting to navigate from page 27
2025-04-21 00:57:59,126 - INFO - JavaScript verification confirmed page changed
2025-04-21 00:58:00,052 - INFO - Extracting data from page 28
2025-04-21 00:58:00,613 - INFO - Trying standard table extraction
2025-04-21 00:58:00,670 - INFO - Found funding amount column at index 6
2025-04-21 00:58:00,675 - INFO - Found headquarters column at index 7
2025-04-21 00:58:00,684 - INFO - Found 22 potential data rows
2025-04-21 00:58:00,728 - INFO - Extracted: UptimeAI - 1-Jul-24
2025-04-21 00:58:00,728 - INFO - Found funding amount: 13999999
2025-04-21 00:58:00,758 - INFO - Extracted: AnswerGrid - 1-Jul-24
2025-04-21 00:58:00,758 - INFO - Found funding amount: 500000
2025-04-21 00:58:00,786 - INFO - Extracted: Senti Biosciences - 1-Jul-24
2025-04-21 00:58:00,787 - INFO - Found funding amount: 8000000
2025-04-21 00:58:00,815 - INFO - Extracted: Pivot Robots - 1-Jul-24
2025-04-21 00:58:00,815 - INFO - Found funding amount: 500000
2025-04-21 00:58:00,843 - INFO - Extracted: Odaseva - 27-Jun-24
2025-04-21 00:58:00,843 - INFO - Found funding amount: 54000000
2025-04-21 00:58:00,879 - INFO - Extracted: Aether Fuels - 27-Jun-24
2025-04-21 00:58:00,879 - INFO - Found funding amount: 34000000
2025-04-21 00:58:00,908 - INFO - Extracted: GetReal Labs - 27-Jun-24
2025-04-21 00:58:00,908 - INFO - Found funding amount: 0
2025-04-21 00:58:00,937 - INFO - Extracted: Fetchflow - 27-Jun-24
2025-04-21 00:58:00,937 - INFO - Found funding amount: 500000
2025-04-21 00:58:00,966 - INFO - Extracted: KarmaCheck - 27-Jun-24
2025-04-21 00:58:00,966 - INFO - Found funding amount: 45000000
2025-04-21 00:58:00,995 - INFO - Extracted: Clearstory.build - 27-Jun-24
2025-04-21 00:58:00,995 - INFO - Found funding amount: 16000000
2025-04-21 00:58:01,024 - INFO - Extracted: Foodsmart - 26-Jun-24
2025-04-21 00:58:01,024 - INFO - Found funding amount: 200000000
2025-04-21 00:58:01,053 - INFO - Extracted: Ario - 26-Jun-24
2025-04-21 00:58:01,053 - INFO - Found funding amount: 16000000
2025-04-21 00:58:01,081 - INFO - Extracted: Rondo Energy - 26-Jun-24
2025-04-21 00:58:01,081 - INFO - Found funding amount: 75000000
2025-04-21 00:58:01,109 - INFO - Extracted: Onehouse - 26-Jun-24
2025-04-21 00:58:01,109 - INFO - Found funding amount: 35000000
2025-04-21 00:58:01,137 - INFO - Extracted: Frontier Medicines - 25-Jun-24
2025-04-21 00:58:01,137 - INFO - Found funding amount: 20000000
2025-04-21 00:58:01,165 - INFO - Extracted: Conduit - 25-Jun-24
2025-04-21 00:58:01,165 - INFO - Found funding amount: 37000000
2025-04-21 00:58:01,194 - INFO - Extracted: Cloudian - 25-Jun-24
2025-04-21 00:58:01,194 - INFO - Found funding amount: 23000000
2025-04-21 00:58:01,222 - INFO - Extracted: Asteri AI - 25-Jun-24
2025-04-21 00:58:01,222 - INFO - Found funding amount: 0
2025-04-21 00:58:01,250 - INFO - Extracted: Antora Energy - 25-Jun-24
2025-04-21 00:58:01,250 - INFO - Found funding amount: 14500000
2025-04-21 00:58:01,278 - INFO - Extracted: VidAU - 25-Jun-24
2025-04-21 00:58:01,278 - INFO - Found funding amount: 0
2025-04-21 00:58:01,278 - INFO - Successfully extracted 20 new companies from page 28
2025-04-21 00:58:01,278 - INFO - Attempting to navigate from page 28
2025-04-21 00:58:07,335 - INFO - JavaScript verification confirmed page changed
2025-04-21 00:58:08,395 - INFO - Extracting data from page 29
2025-04-21 00:58:09,527 - INFO - Trying standard table extraction
2025-04-21 00:58:09,583 - INFO - Found funding amount column at index 6
2025-04-21 00:58:09,588 - INFO - Found headquarters column at index 7
2025-04-21 00:58:09,598 - INFO - Found 22 potential data rows
2025-04-21 00:58:09,642 - INFO - Extracted: Etched.ai - 25-Jun-24
2025-04-21 00:58:09,642 - INFO - Found funding amount: 120000000
2025-04-21 00:58:09,671 - INFO - Extracted: Sift - 25-Jun-24
2025-04-21 00:58:09,671 - INFO - Found funding amount: 17500000
2025-04-21 00:58:09,699 - INFO - Extracted: TwoStep Therapeutics - 25-Jun-24
2025-04-21 00:58:09,699 - INFO - Found funding amount: 6500000
2025-04-21 00:58:09,738 - INFO - Extracted: Opus1.io - 25-Jun-24
2025-04-21 00:58:09,738 - INFO - Found funding amount: 0
2025-04-21 00:58:09,769 - INFO - Extracted: Klarity - 24-Jun-24
2025-04-21 00:58:09,769 - INFO - Found funding amount: 70000000
2025-04-21 00:58:09,797 - INFO - Extracted: Tusk - 21-Jun-24
2025-04-21 00:58:09,797 - INFO - Found funding amount: 500000
2025-04-21 00:58:09,827 - INFO - Extracted: MEandMine - 20-Jun-24
2025-04-21 00:58:09,827 - INFO - Found funding amount: 4500000
2025-04-21 00:58:09,855 - INFO - Extracted: Molten Industries - 20-Jun-24
2025-04-21 00:58:09,855 - INFO - Found funding amount: 25000000
2025-04-21 00:58:09,883 - INFO - Extracted: Aikido Technologies - 20-Jun-24
2025-04-21 00:58:09,883 - INFO - Found funding amount: 4000000
2025-04-21 00:58:09,911 - INFO - Extracted: Submix - 19-Jun-24
2025-04-21 00:58:09,911 - INFO - Found funding amount: 1000000
2025-04-21 00:58:09,938 - INFO - Extracted: Speechlab, Inc. - 19-Jun-24
2025-04-21 00:58:09,938 - INFO - Found funding amount: 2900000
2025-04-21 00:58:09,966 - INFO - Extracted: Specialized Packaging Group - 18-Jun-24
2025-04-21 00:58:09,966 - INFO - Found funding amount: 0
2025-04-21 00:58:09,995 - INFO - Extracted: Planted Solar - 18-Jun-24
2025-04-21 00:58:09,995 - INFO - Found funding amount: 20000000
2025-04-21 00:58:10,023 - INFO - Extracted: Promaxo - 18-Jun-24
2025-04-21 00:58:10,023 - INFO - Found funding amount: 0
2025-04-21 00:58:10,051 - INFO - Extracted: Sewer AI - 18-Jun-24
2025-04-21 00:58:10,051 - INFO - Found funding amount: 15000000
2025-04-21 00:58:10,096 - INFO - Extracted: Scoop Analytics - 18-Jun-24
2025-04-21 00:58:10,096 - INFO - Found funding amount: 3500000
2025-04-21 00:58:10,127 - INFO - Extracted: Loop Golf - 18-Jun-24
2025-04-21 00:58:10,127 - INFO - Found funding amount: 1000000
2025-04-21 00:58:10,156 - INFO - Extracted: Marea Therapeutics - 18-Jun-24
2025-04-21 00:58:10,156 - INFO - Found funding amount: 190000000
2025-04-21 00:58:10,184 - INFO - Extracted: Factory - 18-Jun-24
2025-04-21 00:58:10,184 - INFO - Found funding amount: 15000000
2025-04-21 00:58:10,212 - INFO - Extracted: Maxim - 18-Jun-24
2025-04-21 00:58:10,212 - INFO - Found funding amount: 250000000
2025-04-21 00:58:10,212 - INFO - Successfully extracted 20 new companies from page 29
2025-04-21 00:58:10,212 - INFO - Attempting to navigate from page 29
2025-04-21 00:58:15,429 - INFO - JavaScript verification confirmed page changed
2025-04-21 00:58:16,430 - INFO - Extracting data from page 30
2025-04-21 00:58:17,362 - INFO - Trying standard table extraction
2025-04-21 00:58:17,420 - INFO - Found funding amount column at index 6
2025-04-21 00:58:17,425 - INFO - Found headquarters column at index 7
2025-04-21 00:58:17,435 - INFO - Found 22 potential data rows
2025-04-21 00:58:17,479 - INFO - Extracted: Autify - 17-Jun-24
2025-04-21 00:58:17,479 - INFO - Found funding amount: 13000000
2025-04-21 00:58:17,511 - INFO - Extracted: Constructor - 17-Jun-24
2025-04-21 00:58:17,511 - INFO - Found funding amount: 25000000
2025-04-21 00:58:17,540 - INFO - Extracted: You.com - 17-Jun-24
2025-04-21 00:58:17,540 - INFO - Found funding amount: 50000000
2025-04-21 00:58:17,580 - INFO - Extracted: Take Homes - 17-Jun-24
2025-04-21 00:58:17,580 - INFO - Found funding amount: 150000
2025-04-21 00:58:17,610 - INFO - Extracted: Aepnus Technology - 14-Jun-24
2025-04-21 00:58:17,610 - INFO - Found funding amount: 8000000
2025-04-21 00:58:17,638 - INFO - Extracted: Better Health - 13-Jun-24
2025-04-21 00:58:17,638 - INFO - Found funding amount: 14000000
2025-04-21 00:58:17,667 - INFO - Extracted: Viridian Space - 13-Jun-24
2025-04-21 00:58:17,667 - INFO - Found funding amount: 0
2025-04-21 00:58:17,695 - INFO - Extracted: Remmie - 12-Jun-24
2025-04-21 00:58:17,695 - INFO - Found funding amount: 3000000
2025-04-21 00:58:17,724 - INFO - Extracted: Canary Technologies - 12-Jun-24
2025-04-21 00:58:17,724 - INFO - Found funding amount: 50000000
2025-04-21 00:58:17,752 - INFO - Extracted: Grayce - 12-Jun-24
2025-04-21 00:58:17,753 - INFO - Found funding amount: 10400000
2025-04-21 00:58:17,793 - INFO - Extracted: InScope - 12-Jun-24
2025-04-21 00:58:17,793 - INFO - Found funding amount: 4300000
2025-04-21 00:58:17,825 - INFO - Extracted: Learn to Win - 12-Jun-24
2025-04-21 00:58:17,825 - INFO - Found funding amount: 30000000
2025-04-21 00:58:17,854 - INFO - Extracted: Tesseract Medical Research - 11-Jun-24
2025-04-21 00:58:17,854 - INFO - Found funding amount: 20000000
2025-04-21 00:58:17,882 - INFO - Extracted: Cyberhaven - 11-Jun-24
2025-04-21 00:58:17,882 - INFO - Found funding amount: 88000000
2025-04-21 00:58:17,910 - INFO - Extracted: Found - 11-Jun-24
2025-04-21 00:58:17,910 - INFO - Found funding amount: 45999997
2025-04-21 00:58:17,942 - INFO - Extracted: Youth Speaks - 11-Jun-24
2025-04-21 00:58:17,942 - INFO - Found funding amount: 40000
2025-04-21 00:58:17,974 - INFO - Extracted: Perlumi - 11-Jun-24
2025-04-21 00:58:17,974 - INFO - Found funding amount: 4515899
2025-04-21 00:58:18,006 - INFO - Extracted: Nexus Laboratories - 10-Jun-24
2025-04-21 00:58:18,006 - INFO - Found funding amount: 25000000
2025-04-21 00:58:18,040 - INFO - Extracted: Pair Team - 10-Jun-24
2025-04-21 00:58:18,040 - INFO - Found funding amount: 500000
2025-04-21 00:58:18,073 - INFO - Extracted: Gatik - 10-Jun-24
2025-04-21 00:58:18,073 - INFO - Found funding amount: 0
2025-04-21 00:58:18,073 - INFO - Successfully extracted 20 new companies from page 30
2025-04-21 00:58:18,073 - INFO - Attempting to navigate from page 30
2025-04-21 00:58:24,477 - INFO - JavaScript verification confirmed page changed
2025-04-21 00:58:25,146 - INFO - Extracting data from page 31
2025-04-21 00:58:26,011 - INFO - Trying standard table extraction
2025-04-21 00:58:26,073 - INFO - Found funding amount column at index 6
2025-04-21 00:58:26,078 - INFO - Found headquarters column at index 7
2025-04-21 00:58:26,087 - INFO - Found 22 potential data rows
2025-04-21 00:58:26,131 - INFO - Extracted: InSync - 8-Jun-24
2025-04-21 00:58:26,131 - INFO - Found funding amount: 0
2025-04-21 00:58:26,159 - INFO - Extracted: Prolific Machines - 7-Jun-24
2025-04-21 00:58:26,159 - INFO - Found funding amount: 55000000
2025-04-21 00:58:26,188 - INFO - Extracted: Portal AI - 7-Jun-24
2025-04-21 00:58:26,188 - INFO - Found funding amount: 4500000
2025-04-21 00:58:26,217 - INFO - Extracted: Rising Team - 6-Jun-24
2025-04-21 00:58:26,217 - INFO - Found funding amount: 8000000
2025-04-21 00:58:26,246 - INFO - Extracted: Greptile - 6-Jun-24
2025-04-21 00:58:26,246 - INFO - Found funding amount: 4099999
2025-04-21 00:58:26,287 - INFO - Extracted: bem - 6-Jun-24
2025-04-21 00:58:26,287 - INFO - Found funding amount: 3700000
2025-04-21 00:58:26,316 - INFO - Extracted: Boys & Girls Clubs of Fresno County - 6-Jun-24
2025-04-21 00:58:26,316 - INFO - Found funding amount: 55000
2025-04-21 00:58:26,345 - INFO - Extracted: Cube Dev - 6-Jun-24
2025-04-21 00:58:26,345 - INFO - Found funding amount: 25000000
2025-04-21 00:58:26,373 - INFO - Extracted: Tobiko Data - 5-Jun-24
2025-04-21 00:58:26,373 - INFO - Found funding amount: 17300000
2025-04-21 00:58:26,401 - INFO - Extracted: Zingly - 5-Jun-24
2025-04-21 00:58:26,402 - INFO - Found funding amount: 10000000
2025-04-21 00:58:26,429 - INFO - Extracted: 100% Chiropractic - 5-Jun-24
2025-04-21 00:58:26,430 - INFO - Found funding amount: 0
2025-04-21 00:58:26,458 - INFO - Extracted: Pika - 5-Jun-24
2025-04-21 00:58:26,458 - INFO - Found funding amount: 80000000
2025-04-21 00:58:26,486 - INFO - Extracted: Xcimer Energy - 4-Jun-24
2025-04-21 00:58:26,486 - INFO - Found funding amount: 100000000
2025-04-21 00:58:26,516 - INFO - Extracted: Raydiant Oximetry - 4-Jun-24
2025-04-21 00:58:26,517 - INFO - Found funding amount: 7500000
2025-04-21 00:58:26,545 - INFO - Extracted: Vantage Discovery - 4-Jun-24
2025-04-21 00:58:26,545 - INFO - Found funding amount: 16000000
2025-04-21 00:58:26,573 - INFO - Extracted: Siren Biotechnology - 4-Jun-24
2025-04-21 00:58:26,573 - INFO - Found funding amount: 19611194
2025-04-21 00:58:26,603 - INFO - Extracted: SOFIE - 4-Jun-24
2025-04-21 00:58:26,603 - INFO - Found funding amount: 0
2025-04-21 00:58:26,632 - INFO - Extracted: AirMDR - 4-Jun-24
2025-04-21 00:58:26,632 - INFO - Found funding amount: 5000000
2025-04-21 00:58:26,659 - INFO - Extracted: Zum - 4-Jun-24
2025-04-21 00:58:26,659 - INFO - Found funding amount: 32000000
2025-04-21 00:58:26,687 - INFO - Extracted: Spike Technologies - 4-Jun-24
2025-04-21 00:58:26,687 - INFO - Found funding amount: 3200000
2025-04-21 00:58:26,687 - INFO - Successfully extracted 20 new companies from page 31
2025-04-21 00:58:26,687 - INFO - Attempting to navigate from page 31
2025-04-21 00:58:33,162 - INFO - JavaScript verification confirmed page changed
2025-04-21 00:58:34,044 - INFO - Extracting data from page 32
2025-04-21 00:58:34,903 - INFO - Trying standard table extraction
2025-04-21 00:58:34,959 - INFO - Found funding amount column at index 6
2025-04-21 00:58:34,964 - INFO - Found headquarters column at index 7
2025-04-21 00:58:34,973 - INFO - Found 22 potential data rows
2025-04-21 00:58:35,025 - INFO - Extracted: Pr√≥speros - 4-Jun-24
2025-04-21 00:58:35,025 - INFO - Found funding amount: 3000000
2025-04-21 00:58:35,054 - INFO - Extracted: Field Materials, Inc. - 4-Jun-24
2025-04-21 00:58:35,054 - INFO - Found funding amount: 3500000
2025-04-21 00:58:35,085 - INFO - Extracted: Viaduct - 4-Jun-24
2025-04-21 00:58:35,085 - INFO - Found funding amount: 10000000
2025-04-21 00:58:35,115 - INFO - Extracted: Tandem PV - 3-Jun-24
2025-04-21 00:58:35,115 - INFO - Found funding amount: 4700000
2025-04-21 00:58:35,143 - INFO - Extracted: Vimmerse - 3-Jun-24
2025-04-21 00:58:35,143 - INFO - Found funding amount: 0
2025-04-21 00:58:35,171 - INFO - Extracted: Ashby - 3-Jun-24
2025-04-21 00:58:35,171 - INFO - Found funding amount: 30000000
2025-04-21 00:58:35,198 - INFO - Extracted: Balance - 3-Jun-24
2025-04-21 00:58:35,198 - INFO - Found funding amount: 2500000
2025-04-21 00:58:35,228 - INFO - Extracted: Revi - 1-Jun-24
2025-04-21 00:58:35,228 - INFO - Found funding amount: 10000000
2025-04-21 00:58:35,256 - INFO - Extracted: Sprout HR - 1-Jun-24
2025-04-21 00:58:35,256 - INFO - Found funding amount: 0
2025-04-21 00:58:35,284 - INFO - Extracted: Point - 30-May-24
2025-04-21 00:58:35,284 - INFO - Found funding amount: 141000000
2025-04-21 00:58:35,312 - INFO - Extracted: Portside - 30-May-24
2025-04-21 00:58:35,312 - INFO - Found funding amount: 0
2025-04-21 00:58:35,351 - INFO - Extracted: Forward - 30-May-24
2025-04-21 00:58:35,351 - INFO - Found funding amount: 16000000
2025-04-21 00:58:35,379 - INFO - Extracted: Plural Energy - 30-May-24
2025-04-21 00:58:35,379 - INFO - Found funding amount: 2330000
2025-04-21 00:58:35,407 - INFO - Extracted: ZERO - 30-May-24
2025-04-21 00:58:35,407 - INFO - Found funding amount: 26112523
2025-04-21 00:58:35,435 - INFO - Extracted: Functional Finance - 30-May-24
2025-04-21 00:58:35,435 - INFO - Found funding amount: 16999992
2025-04-21 00:58:35,463 - INFO - Extracted: Valar Labs - 30-May-24
2025-04-21 00:58:35,463 - INFO - Found funding amount: 22000000
2025-04-21 00:58:35,490 - INFO - Extracted: BabylonChain - 30-May-24
2025-04-21 00:58:35,491 - INFO - Found funding amount: 70000000
2025-04-21 00:58:35,519 - INFO - Extracted: Plenful - 30-May-24
2025-04-21 00:58:35,519 - INFO - Found funding amount: 17000000
2025-04-21 00:58:35,547 - INFO - Extracted: TraceAir - 29-May-24
2025-04-21 00:58:35,547 - INFO - Found funding amount: 25000000
2025-04-21 00:58:35,575 - INFO - Extracted: Frore Systems - 29-May-24
2025-04-21 00:58:35,575 - INFO - Found funding amount: 80000000
2025-04-21 00:58:35,575 - INFO - Successfully extracted 20 new companies from page 32
2025-04-21 00:58:35,575 - INFO - Attempting to navigate from page 32
2025-04-21 00:58:41,539 - INFO - JavaScript verification confirmed page changed
2025-04-21 00:58:41,974 - INFO - Extracting data from page 33
2025-04-21 00:58:42,653 - INFO - Trying standard table extraction
2025-04-21 00:58:42,709 - INFO - Found funding amount column at index 6
2025-04-21 00:58:42,715 - INFO - Found headquarters column at index 7
2025-04-21 00:58:42,724 - INFO - Found 22 potential data rows
2025-04-21 00:58:42,769 - INFO - Extracted: Figma - 29-May-24
2025-04-21 00:58:42,769 - INFO - Found funding amount: 415749740
2025-04-21 00:58:42,797 - INFO - Extracted: Kinisi - 29-May-24
2025-04-21 00:58:42,797 - INFO - Found funding amount: 437000
2025-04-21 00:58:42,826 - INFO - Extracted: App Orchid - 28-May-24
2025-04-21 00:58:42,826 - INFO - Found funding amount: 1500000
2025-04-21 00:58:42,854 - INFO - Extracted: OpsMx - 28-May-24
2025-04-21 00:58:42,854 - INFO - Found funding amount: 0
2025-04-21 00:58:42,883 - INFO - Extracted: LiveReach Media - 28-May-24
2025-04-21 00:58:42,883 - INFO - Found funding amount: 6908849
2025-04-21 00:58:42,911 - INFO - Extracted: Transcend - 28-May-24
2025-04-21 00:58:42,911 - INFO - Found funding amount: 40000000
2025-04-21 00:58:42,940 - INFO - Extracted: Aperture Finance - 28-May-24
2025-04-21 00:58:42,940 - INFO - Found funding amount: 6700000
2025-04-21 00:58:42,968 - INFO - Extracted: Felix - 28-May-24
2025-04-21 00:58:42,968 - INFO - Found funding amount: 15500000
2025-04-21 00:58:43,019 - INFO - Extracted: Sempera Organics - 24-May-24
2025-04-21 00:58:43,019 - INFO - Found funding amount: 2612490
2025-04-21 00:58:43,048 - INFO - Extracted: Heyday - 24-May-24
2025-04-21 00:58:43,048 - INFO - Found funding amount: 0
2025-04-21 00:58:43,076 - INFO - Extracted: Killington Technologies - 24-May-24
2025-04-21 00:58:43,076 - INFO - Found funding amount: 400000
2025-04-21 00:58:43,104 - INFO - Extracted: Lumos - 23-May-24
2025-04-21 00:58:43,104 - INFO - Found funding amount: 35000000
2025-04-21 00:58:43,132 - INFO - Extracted: Userfront - 23-May-24
2025-04-21 00:58:43,132 - INFO - Found funding amount: 5300000
2025-04-21 00:58:43,160 - INFO - Extracted: Supermove - 23-May-24
2025-04-21 00:58:43,160 - INFO - Found funding amount: 0
2025-04-21 00:58:43,188 - INFO - Extracted: Aduro Advisors - 23-May-24
2025-04-21 00:58:43,188 - INFO - Found funding amount: 0
2025-04-21 00:58:43,216 - INFO - Extracted: forml - 23-May-24
2025-04-21 00:58:43,216 - INFO - Found funding amount: 546477
2025-04-21 00:58:43,244 - INFO - Extracted: BeeHero - 23-May-24
2025-04-21 00:58:43,244 - INFO - Found funding amount: 500000
2025-04-21 00:58:43,272 - INFO - Extracted: Founder AI - 22-May-24
2025-04-21 00:58:43,273 - INFO - Found funding amount: 3000000
2025-04-21 00:58:43,300 - INFO - Extracted: HoundDog.ai - 22-May-24
2025-04-21 00:58:43,300 - INFO - Found funding amount: 3100000
2025-04-21 00:58:43,327 - INFO - Extracted: Amino - 22-May-24
2025-04-21 00:58:43,327 - INFO - Found funding amount: 10000000
2025-04-21 00:58:43,327 - INFO - Successfully extracted 20 new companies from page 33
2025-04-21 00:58:43,327 - INFO - Attempting to navigate from page 33
2025-04-21 00:58:49,377 - INFO - JavaScript verification confirmed page changed
2025-04-21 00:58:49,887 - INFO - Extracting data from page 34
2025-04-21 00:58:50,468 - INFO - Trying standard table extraction
2025-04-21 00:58:50,522 - INFO - Found funding amount column at index 6
2025-04-21 00:58:50,527 - INFO - Found headquarters column at index 7
2025-04-21 00:58:50,536 - INFO - Found 22 potential data rows
2025-04-21 00:58:50,585 - INFO - Extracted: California Walnuts - 22-May-24
2025-04-21 00:58:50,585 - INFO - Found funding amount: 7000000
2025-04-21 00:58:50,614 - INFO - Extracted: Verse - 22-May-24
2025-04-21 00:58:50,614 - INFO - Found funding amount: 20500000
2025-04-21 00:58:50,643 - INFO - Extracted: KETOS - 21-May-24
2025-04-21 00:58:50,643 - INFO - Found funding amount: 10000000
2025-04-21 00:58:50,695 - INFO - Extracted: XGS Energy - 21-May-24
2025-04-21 00:58:50,695 - INFO - Found funding amount: 20000000
2025-04-21 00:58:50,723 - INFO - Extracted: Materna Medical - 21-May-24
2025-04-21 00:58:50,723 - INFO - Found funding amount: 20000000
2025-04-21 00:58:50,751 - INFO - Extracted: Coactive AI - 21-May-24
2025-04-21 00:58:50,751 - INFO - Found funding amount: 30000000
2025-04-21 00:58:50,779 - INFO - Extracted: AltruBio - 21-May-24
2025-04-21 00:58:50,779 - INFO - Found funding amount: 225000000
2025-04-21 00:58:50,808 - INFO - Extracted: Infinx - 21-May-24
2025-04-21 00:58:50,808 - INFO - Found funding amount: 0
2025-04-21 00:58:50,837 - INFO - Extracted: UberCloud - 21-May-24
2025-04-21 00:58:50,838 - INFO - Found funding amount: 20000000
2025-04-21 00:58:50,866 - INFO - Extracted: daydream Labs - 20-May-24
2025-04-21 00:58:50,866 - INFO - Found funding amount: 6217281
2025-04-21 00:58:50,905 - INFO - Extracted: UTOBO - 20-May-24
2025-04-21 00:58:50,905 - INFO - Found funding amount: 0
2025-04-21 00:58:50,934 - INFO - Extracted: Bedrock Materials - 16-May-24
2025-04-21 00:58:50,934 - INFO - Found funding amount: 9000000
2025-04-21 00:58:50,962 - INFO - Extracted: Tree Line Capital Partners - 16-May-24
2025-04-21 00:58:50,962 - INFO - Found funding amount: 0
2025-04-21 00:58:50,991 - INFO - Extracted: Sigma Computing - 16-May-24
2025-04-21 00:58:50,991 - INFO - Found funding amount: 200000000
2025-04-21 00:58:51,019 - INFO - Extracted: Alkira - 15-May-24
2025-04-21 00:58:51,019 - INFO - Found funding amount: 100000000
2025-04-21 00:58:51,060 - INFO - Extracted: MULTI¬∑ON - 15-May-24
2025-04-21 00:58:51,060 - INFO - Found funding amount: 0
2025-04-21 00:58:51,087 - INFO - Extracted: Recall.ai - 15-May-24
2025-04-21 00:58:51,087 - INFO - Found funding amount: 10000000
2025-04-21 00:58:51,115 - INFO - Extracted: WEKA - 15-May-24
2025-04-21 00:58:51,116 - INFO - Found funding amount: 140000000
2025-04-21 00:58:51,144 - INFO - Extracted: AtlasPro AI - 15-May-24
2025-04-21 00:58:51,144 - INFO - Found funding amount: 0
2025-04-21 00:58:51,172 - INFO - Extracted: LanceDB - 15-May-24
2025-04-21 00:58:51,172 - INFO - Found funding amount: 8000000
2025-04-21 00:58:51,172 - INFO - Successfully extracted 20 new companies from page 34
2025-04-21 00:58:51,172 - INFO - Attempting to navigate from page 34
2025-04-21 00:58:56,723 - INFO - JavaScript verification confirmed page changed
2025-04-21 00:58:57,283 - INFO - Extracting data from page 35
2025-04-21 00:58:58,403 - INFO - Trying standard table extraction
2025-04-21 00:58:58,459 - INFO - Found funding amount column at index 6
2025-04-21 00:58:58,464 - INFO - Found headquarters column at index 7
2025-04-21 00:58:58,474 - INFO - Found 22 potential data rows
2025-04-21 00:58:58,519 - INFO - Extracted: Layer Financial Technologies - 15-May-24
2025-04-21 00:58:58,519 - INFO - Found funding amount: 2700000
2025-04-21 00:58:58,547 - INFO - Extracted: Apriora - 15-May-24
2025-04-21 00:58:58,547 - INFO - Found funding amount: 2800000
2025-04-21 00:58:58,577 - INFO - Extracted: Dosu - 14-May-24
2025-04-21 00:58:58,578 - INFO - Found funding amount: 8524997
2025-04-21 00:58:58,610 - INFO - Extracted: Harness - 14-May-24
2025-04-21 00:58:58,610 - INFO - Found funding amount: 150000000
2025-04-21 00:58:58,641 - INFO - Extracted: Gorgias - 14-May-24
2025-04-21 00:58:58,641 - INFO - Found funding amount: 29000000
2025-04-21 00:58:58,670 - INFO - Extracted: Glydways - 14-May-24
2025-04-21 00:58:58,670 - INFO - Found funding amount: 20000000
2025-04-21 00:58:58,700 - INFO - Extracted: Anthropos - 14-May-24
2025-04-21 00:58:58,700 - INFO - Found funding amount: 2700000
2025-04-21 00:58:58,728 - INFO - Extracted: The Fresno Area Hispanic Foundation - 14-May-24
2025-04-21 00:58:58,728 - INFO - Found funding amount: 1000000
2025-04-21 00:58:58,757 - INFO - Extracted: Orange Charger - 14-May-24
2025-04-21 00:58:58,757 - INFO - Found funding amount: 6500000
2025-04-21 00:58:58,785 - INFO - Extracted: Curve Biosciences - 13-May-24
2025-04-21 00:58:58,785 - INFO - Found funding amount: 17691996
2025-04-21 00:58:58,813 - INFO - Extracted: Mitra Chem - 13-May-24
2025-04-21 00:58:58,813 - INFO - Found funding amount: 40000000
2025-04-21 00:58:58,841 - INFO - Extracted: ChainML - 13-May-24
2025-04-21 00:58:58,841 - INFO - Found funding amount: 6200000
2025-04-21 00:58:58,869 - INFO - Extracted: The Bot Company - 13-May-24
2025-04-21 00:58:58,869 - INFO - Found funding amount: 150000000
2025-04-21 00:58:58,897 - INFO - Extracted: Triomics - 9-May-24
2025-04-21 00:58:58,897 - INFO - Found funding amount: 15000000
2025-04-21 00:58:58,925 - INFO - Extracted: Plenty - 9-May-24
2025-04-21 00:58:58,925 - INFO - Found funding amount: 5000000
2025-04-21 00:58:58,953 - INFO - Extracted: Q'Apel Medical - 9-May-24
2025-04-21 00:58:58,953 - INFO - Found funding amount: 17130411
2025-04-21 00:58:58,981 - INFO - Extracted: Bluejay Therapeutics - 9-May-24
2025-04-21 00:58:58,981 - INFO - Found funding amount: 182000000
2025-04-21 00:58:59,009 - INFO - Extracted: Altera - 8-May-24
2025-04-21 00:58:59,009 - INFO - Found funding amount: 9000000
2025-04-21 00:58:59,037 - INFO - Extracted: DatologyAI - 8-May-24
2025-04-21 00:58:59,037 - INFO - Found funding amount: 46000000
2025-04-21 00:58:59,065 - INFO - Extracted: 4L Data Intelligence - 8-May-24
2025-04-21 00:58:59,065 - INFO - Found funding amount: 1000000
2025-04-21 00:58:59,066 - INFO - Successfully extracted 20 new companies from page 35
2025-04-21 00:58:59,066 - INFO - Attempting to navigate from page 35
2025-04-21 00:59:05,410 - INFO - JavaScript verification confirmed page changed
2025-04-21 00:59:05,839 - INFO - Extracting data from page 36
2025-04-21 00:59:06,499 - INFO - Trying standard table extraction
2025-04-21 00:59:06,555 - INFO - Found funding amount column at index 6
2025-04-21 00:59:06,560 - INFO - Found headquarters column at index 7
2025-04-21 00:59:06,570 - INFO - Found 22 potential data rows
2025-04-21 00:59:06,614 - INFO - Extracted: ChangeEngine - 8-May-24
2025-04-21 00:59:06,614 - INFO - Found funding amount: 10000000
2025-04-21 00:59:06,643 - INFO - Extracted: Voyage Foods - 8-May-24
2025-04-21 00:59:06,643 - INFO - Found funding amount: 52000000
2025-04-21 00:59:06,671 - INFO - Extracted: Rad AI - 7-May-24
2025-04-21 00:59:06,672 - INFO - Found funding amount: 50000000
2025-04-21 00:59:06,699 - INFO - Extracted: Trust for Public Land - 7-May-24
2025-04-21 00:59:06,700 - INFO - Found funding amount: 200000
2025-04-21 00:59:06,728 - INFO - Extracted: Saved By Nature - 7-May-24
2025-04-21 00:59:06,728 - INFO - Found funding amount: 40000
2025-04-21 00:59:06,756 - INFO - Extracted: Composabl - 7-May-24
2025-04-21 00:59:06,756 - INFO - Found funding amount: 4250000
2025-04-21 00:59:06,785 - INFO - Extracted: Plan By - 7-May-24
2025-04-21 00:59:06,785 - INFO - Found funding amount: 0
2025-04-21 00:59:06,813 - INFO - Extracted: iFrameAI Health - 7-May-24
2025-04-21 00:59:06,813 - INFO - Found funding amount: 0
2025-04-21 00:59:06,841 - INFO - Extracted: Justice Outside - 7-May-24
2025-04-21 00:59:06,841 - INFO - Found funding amount: 100000
2025-04-21 00:59:06,879 - INFO - Extracted: Anetac - 6-May-24
2025-04-21 00:59:06,879 - INFO - Found funding amount: 16000000
2025-04-21 00:59:06,908 - INFO - Extracted: Sagetap - 6-May-24
2025-04-21 00:59:06,908 - INFO - Found funding amount: 6800000
2025-04-21 00:59:06,936 - INFO - Extracted: Karius - 2-May-24
2025-04-21 00:59:06,936 - INFO - Found funding amount: 100000000
2025-04-21 00:59:06,975 - INFO - Extracted: Altruist - 2-May-24
2025-04-21 00:59:06,975 - INFO - Found funding amount: 169000000
2025-04-21 00:59:07,008 - INFO - Extracted: Paragraph - 2-May-24
2025-04-21 00:59:07,008 - INFO - Found funding amount: 5000000
2025-04-21 00:59:07,038 - INFO - Extracted: Transcarent - 2-May-24
2025-04-21 00:59:07,038 - INFO - Found funding amount: 126000000
2025-04-21 00:59:07,066 - INFO - Extracted: Mimic - 2-May-24
2025-04-21 00:59:07,066 - INFO - Found funding amount: 27000000
2025-04-21 00:59:07,094 - INFO - Extracted: Boys & Girls Club of Silicon Valley - 2-May-24
2025-04-21 00:59:07,094 - INFO - Found funding amount: 100000
2025-04-21 00:59:07,122 - INFO - Extracted: CellChorus - 2-May-24
2025-04-21 00:59:07,122 - INFO - Found funding amount: 2500000
2025-04-21 00:59:07,149 - INFO - Extracted: Ex-human - 2-May-24
2025-04-21 00:59:07,150 - INFO - Found funding amount: 0
2025-04-21 00:59:07,178 - INFO - Extracted: Securitize - 1-May-24
2025-04-21 00:59:07,178 - INFO - Found funding amount: 47000000
2025-04-21 00:59:07,178 - INFO - Successfully extracted 20 new companies from page 36
2025-04-21 00:59:07,178 - INFO - Attempting to navigate from page 36
2025-04-21 00:59:12,839 - INFO - JavaScript verification confirmed page changed
2025-04-21 00:59:13,281 - INFO - Extracting data from page 37
2025-04-21 00:59:13,775 - INFO - Trying standard table extraction
2025-04-21 00:59:13,833 - INFO - Found funding amount column at index 6
2025-04-21 00:59:13,838 - INFO - Found headquarters column at index 7
2025-04-21 00:59:13,847 - INFO - Found 22 potential data rows
2025-04-21 00:59:13,891 - INFO - Extracted: Peregrine Technologies - 1-May-24
2025-04-21 00:59:13,891 - INFO - Found funding amount: 30000000
2025-04-21 00:59:13,920 - INFO - Extracted: Traceable - 1-May-24
2025-04-21 00:59:13,920 - INFO - Found funding amount: 30000000
2025-04-21 00:59:13,949 - INFO - Extracted: Dodgeball - 1-May-24
2025-04-21 00:59:13,949 - INFO - Found funding amount: 0
2025-04-21 00:59:13,977 - INFO - Extracted: Corelight - 30-Apr-24
2025-04-21 00:59:13,977 - INFO - Found funding amount: 150000000
2025-04-21 00:59:14,004 - INFO - Extracted: Ansa - 30-Apr-24
2025-04-21 00:59:14,004 - INFO - Found funding amount: 14000000
2025-04-21 00:59:14,033 - INFO - Extracted: Pakal Technologies - 30-Apr-24
2025-04-21 00:59:14,033 - INFO - Found funding amount: 1666667
2025-04-21 00:59:14,061 - INFO - Extracted: Inhabitr - 30-Apr-24
2025-04-21 00:59:14,061 - INFO - Found funding amount: 27000000
2025-04-21 00:59:14,090 - INFO - Extracted: SafeBase - 30-Apr-24
2025-04-21 00:59:14,090 - INFO - Found funding amount: 33000000
2025-04-21 00:59:14,118 - INFO - Extracted: PsiQuantum - 30-Apr-24
2025-04-21 00:59:14,118 - INFO - Found funding amount: 0
2025-04-21 00:59:14,145 - INFO - Extracted: Surf Bio - 30-Apr-24
2025-04-21 00:59:14,145 - INFO - Found funding amount: 1600000
2025-04-21 00:59:14,174 - INFO - Extracted: Seam AI - 30-Apr-24
2025-04-21 00:59:14,174 - INFO - Found funding amount: 5000000
2025-04-21 00:59:14,207 - INFO - Extracted: Blend - 29-Apr-24
2025-04-21 00:59:14,207 - INFO - Found funding amount: 150000000
2025-04-21 00:59:14,236 - INFO - Extracted: Taiki - 29-Apr-24
2025-04-21 00:59:14,236 - INFO - Found funding amount: 0
2025-04-21 00:59:14,264 - INFO - Extracted: Elisity - 29-Apr-24
2025-04-21 00:59:14,264 - INFO - Found funding amount: 37000000
2025-04-21 00:59:14,292 - INFO - Extracted: Thintronics - 29-Apr-24
2025-04-21 00:59:14,292 - INFO - Found funding amount: 23000000
2025-04-21 00:59:14,331 - INFO - Extracted: RevenueCat - 25-Apr-24
2025-04-21 00:59:14,331 - INFO - Found funding amount: 12000000
2025-04-21 00:59:14,359 - INFO - Extracted: Movement Labs - 25-Apr-24
2025-04-21 00:59:14,359 - INFO - Found funding amount: 38000000
2025-04-21 00:59:14,387 - INFO - Extracted: Centro Community Partners - 25-Apr-24
2025-04-21 00:59:14,387 - INFO - Found funding amount: 325000
2025-04-21 00:59:14,415 - INFO - Extracted: Log10 - 24-Apr-24
2025-04-21 00:59:14,416 - INFO - Found funding amount: 7200000
2025-04-21 00:59:14,443 - INFO - Extracted: Midi Health - 24-Apr-24
2025-04-21 00:59:14,443 - INFO - Found funding amount: 60000000
2025-04-21 00:59:14,444 - INFO - Successfully extracted 20 new companies from page 37
2025-04-21 00:59:14,444 - INFO - Attempting to navigate from page 37
2025-04-21 00:59:21,143 - INFO - JavaScript verification confirmed page changed
2025-04-21 00:59:22,261 - INFO - Extracting data from page 38
2025-04-21 00:59:23,244 - INFO - Trying standard table extraction
2025-04-21 00:59:23,299 - INFO - Found funding amount column at index 6
2025-04-21 00:59:23,304 - INFO - Found headquarters column at index 7
2025-04-21 00:59:23,313 - INFO - Found 22 potential data rows
2025-04-21 00:59:23,376 - INFO - Extracted: Faura - 24-Apr-24
2025-04-21 00:59:23,376 - INFO - Found funding amount: 500000
2025-04-21 00:59:23,404 - INFO - Extracted: Augment - 24-Apr-24
2025-04-21 00:59:23,404 - INFO - Found funding amount: 227000000
2025-04-21 00:59:23,432 - INFO - Extracted: Anon - 24-Apr-24
2025-04-21 00:59:23,432 - INFO - Found funding amount: 4500000
2025-04-21 00:59:23,460 - INFO - Extracted: Cognition - 24-Apr-24
2025-04-21 00:59:23,461 - INFO - Found funding amount: 175000000
2025-04-21 00:59:23,488 - INFO - Extracted: Amplifier Security - 24-Apr-24
2025-04-21 00:59:23,489 - INFO - Found funding amount: 3300000
2025-04-21 00:59:23,516 - INFO - Extracted: Clueso - 24-Apr-24
2025-04-21 00:59:23,516 - INFO - Found funding amount: 1400000
2025-04-21 00:59:23,544 - INFO - Extracted: Xaira Therapeutics - 23-Apr-24
2025-04-21 00:59:23,544 - INFO - Found funding amount: 1000000000
2025-04-21 00:59:23,573 - INFO - Extracted: Framework - 23-Apr-24
2025-04-21 00:59:23,573 - INFO - Found funding amount: 17000000
2025-04-21 00:59:23,603 - INFO - Extracted: Campus - 23-Apr-24
2025-04-21 00:59:23,603 - INFO - Found funding amount: 23000000
2025-04-21 00:59:23,632 - INFO - Extracted: Prophet Security - 23-Apr-24
2025-04-21 00:59:23,632 - INFO - Found funding amount: 11000000
2025-04-21 00:59:23,661 - INFO - Extracted: Clarity Pediatrics - 22-Apr-24
2025-04-21 00:59:23,661 - INFO - Found funding amount: 10000000
2025-04-21 00:59:23,689 - INFO - Extracted: Pomelo - 22-Apr-24
2025-04-21 00:59:23,689 - INFO - Found funding amount: 75000000
2025-04-21 00:59:23,717 - INFO - Extracted: Superinsight - 22-Apr-24
2025-04-21 00:59:23,717 - INFO - Found funding amount: 200000
2025-04-21 00:59:23,745 - INFO - Extracted: Observe - 22-Apr-24
2025-04-21 00:59:23,745 - INFO - Found funding amount: 124999987
2025-04-21 00:59:23,773 - INFO - Extracted: Rubedo Life Sciences - 22-Apr-24
2025-04-21 00:59:23,773 - INFO - Found funding amount: 40000000
2025-04-21 00:59:23,801 - INFO - Extracted: BuildCasa - 19-Apr-24
2025-04-21 00:59:23,801 - INFO - Found funding amount: 6592979
2025-04-21 00:59:23,829 - INFO - Extracted: XFactor - 18-Apr-24
2025-04-21 00:59:23,829 - INFO - Found funding amount: 16000000
2025-04-21 00:59:23,857 - INFO - Extracted: Clazar - 18-Apr-24
2025-04-21 00:59:23,857 - INFO - Found funding amount: 10000000
2025-04-21 00:59:23,889 - INFO - Extracted: Verne - 18-Apr-24
2025-04-21 00:59:23,889 - INFO - Found funding amount: 450000
2025-04-21 00:59:23,919 - INFO - Extracted: Anvilogic - 17-Apr-24
2025-04-21 00:59:23,919 - INFO - Found funding amount: 45000000
2025-04-21 00:59:23,919 - INFO - Successfully extracted 20 new companies from page 38
2025-04-21 00:59:23,919 - INFO - Attempting to navigate from page 38
2025-04-21 00:59:30,013 - INFO - JavaScript verification confirmed page changed
2025-04-21 00:59:30,692 - INFO - Extracting data from page 39
2025-04-21 00:59:31,378 - INFO - Trying standard table extraction
2025-04-21 00:59:31,458 - INFO - Found funding amount column at index 6
2025-04-21 00:59:31,463 - INFO - Found headquarters column at index 7
2025-04-21 00:59:31,474 - INFO - Found 22 potential data rows
2025-04-21 00:59:31,521 - INFO - Extracted: Vorlon - 17-Apr-24
2025-04-21 00:59:31,521 - INFO - Found funding amount: 15700000
2025-04-21 00:59:31,549 - INFO - Extracted: Quilt - 16-Apr-24
2025-04-21 00:59:31,549 - INFO - Found funding amount: 33000000
2025-04-21 00:59:31,579 - INFO - Extracted: Powerbroker AI - 16-Apr-24
2025-04-21 00:59:31,579 - INFO - Found funding amount: 1500000
2025-04-21 00:59:31,607 - INFO - Extracted: Asher Bio - 16-Apr-24
2025-04-21 00:59:31,607 - INFO - Found funding amount: 55000000
2025-04-21 00:59:31,636 - INFO - Extracted: Rivos - 16-Apr-24
2025-04-21 00:59:31,636 - INFO - Found funding amount: 250000000
2025-04-21 00:59:31,664 - INFO - Extracted: Two Chairs - 16-Apr-24
2025-04-21 00:59:31,664 - INFO - Found funding amount: 72000000
2025-04-21 00:59:31,702 - INFO - Extracted: Ripcord - 16-Apr-24
2025-04-21 00:59:31,702 - INFO - Found funding amount: 32000000
2025-04-21 00:59:31,732 - INFO - Extracted: Loft Labs - 16-Apr-24
2025-04-21 00:59:31,732 - INFO - Found funding amount: 24000000
2025-04-21 00:59:31,762 - INFO - Extracted: Common Sense Privacy - 15-Apr-24
2025-04-21 00:59:31,762 - INFO - Found funding amount: 0
2025-04-21 00:59:31,790 - INFO - Extracted: Paraform - 15-Apr-24
2025-04-21 00:59:31,790 - INFO - Found funding amount: 3600000
2025-04-21 00:59:31,819 - INFO - Extracted: Clientell - 15-Apr-24
2025-04-21 00:59:31,819 - INFO - Found funding amount: 2500000
2025-04-21 00:59:31,847 - INFO - Extracted: Integral Health - 15-Apr-24
2025-04-21 00:59:31,847 - INFO - Found funding amount: 0
2025-04-21 00:59:31,875 - INFO - Extracted: Writ - 11-Apr-24
2025-04-21 00:59:31,875 - INFO - Found funding amount: 3800000
2025-04-21 00:59:31,904 - INFO - Extracted: Simbian - 11-Apr-24
2025-04-21 00:59:31,904 - INFO - Found funding amount: 10000000
2025-04-21 00:59:31,931 - INFO - Extracted: Anrok - 11-Apr-24
2025-04-21 00:59:31,932 - INFO - Found funding amount: 30000000
2025-04-21 00:59:31,960 - INFO - Extracted: Symbolica AI - 9-Apr-24
2025-04-21 00:59:31,960 - INFO - Found funding amount: 33000000
2025-04-21 00:59:31,988 - INFO - Extracted: JARS AI - 8-Apr-24
2025-04-21 00:59:31,988 - INFO - Found funding amount: 3000000
2025-04-21 00:59:32,018 - INFO - Extracted: Windfall Bio - 8-Apr-24
2025-04-21 00:59:32,018 - INFO - Found funding amount: 28000000
2025-04-21 00:59:32,047 - INFO - Extracted: MODE - 8-Apr-24
2025-04-21 00:59:32,047 - INFO - Found funding amount: 8750000
2025-04-21 00:59:32,075 - INFO - Extracted: Varda - 5-Apr-24
2025-04-21 00:59:32,075 - INFO - Found funding amount: 90000000
2025-04-21 00:59:32,075 - INFO - Successfully extracted 20 new companies from page 39
2025-04-21 00:59:32,075 - INFO - Attempting to navigate from page 39
2025-04-21 00:59:38,224 - INFO - JavaScript verification confirmed page changed
2025-04-21 00:59:38,747 - INFO - Extracting data from page 40
2025-04-21 00:59:39,927 - INFO - Trying standard table extraction
2025-04-21 00:59:39,996 - INFO - Found funding amount column at index 6
2025-04-21 00:59:40,001 - INFO - Found headquarters column at index 7
2025-04-21 00:59:40,010 - INFO - Found 22 potential data rows
2025-04-21 00:59:40,054 - INFO - Extracted: Enable Biosciences - 4-Apr-24
2025-04-21 00:59:40,055 - INFO - Found funding amount: 0
2025-04-21 00:59:40,083 - INFO - Extracted: SiMa.ai - 4-Apr-24
2025-04-21 00:59:40,084 - INFO - Found funding amount: 70000000
2025-04-21 00:59:40,112 - INFO - Extracted: Lambda - 4-Apr-24
2025-04-21 00:59:40,113 - INFO - Found funding amount: 500000000
2025-04-21 00:59:40,141 - INFO - Extracted: YonedaLabs - 4-Apr-24
2025-04-21 00:59:40,141 - INFO - Found funding amount: 500000
2025-04-21 00:59:40,169 - INFO - Extracted: Coalesce Automation - 4-Apr-24
2025-04-21 00:59:40,169 - INFO - Found funding amount: 50000000
2025-04-21 00:59:40,205 - INFO - Extracted: Scritch - 3-Apr-24
2025-04-21 00:59:40,205 - INFO - Found funding amount: 500000
2025-04-21 00:59:40,245 - INFO - Extracted: nCompass Technologies - 3-Apr-24
2025-04-21 00:59:40,245 - INFO - Found funding amount: 500000
2025-04-21 00:59:40,273 - INFO - Extracted: Trieve - 3-Apr-24
2025-04-21 00:59:40,273 - INFO - Found funding amount: 500000
2025-04-21 00:59:40,309 - INFO - Extracted: DryMerge - 3-Apr-24
2025-04-21 00:59:40,309 - INFO - Found funding amount: 500000
2025-04-21 00:59:40,337 - INFO - Extracted: Permiso Security - 3-Apr-24
2025-04-21 00:59:40,337 - INFO - Found funding amount: 18500000
2025-04-21 00:59:40,365 - INFO - Extracted: Mango Health - 3-Apr-24
2025-04-21 00:59:40,365 - INFO - Found funding amount: 500000
2025-04-21 00:59:40,393 - INFO - Extracted: ion design - 3-Apr-24
2025-04-21 00:59:40,393 - INFO - Found funding amount: 500000
2025-04-21 00:59:40,421 - INFO - Extracted: Numo - 3-Apr-24
2025-04-21 00:59:40,421 - INFO - Found funding amount: 500000
2025-04-21 00:59:40,449 - INFO - Extracted: Celest - 3-Apr-24
2025-04-21 00:59:40,449 - INFO - Found funding amount: 500000
2025-04-21 00:59:40,477 - INFO - Extracted: Higgsfield - 3-Apr-24
2025-04-21 00:59:40,477 - INFO - Found funding amount: 8000000
2025-04-21 00:59:40,505 - INFO - Extracted: OpenFoundry - 3-Apr-24
2025-04-21 00:59:40,505 - INFO - Found funding amount: 500000
2025-04-21 00:59:40,534 - INFO - Extracted: Arch0 - 3-Apr-24
2025-04-21 00:59:40,534 - INFO - Found funding amount: 1250000
2025-04-21 00:59:40,566 - INFO - Extracted: Trellis - 3-Apr-24
2025-04-21 00:59:40,566 - INFO - Found funding amount: 500000
2025-04-21 00:59:40,602 - INFO - Extracted: PointOne Technologies - 3-Apr-24
2025-04-21 00:59:40,602 - INFO - Found funding amount: 500000
2025-04-21 00:59:40,631 - INFO - Extracted: Attunement - 3-Apr-24
2025-04-21 00:59:40,631 - INFO - Found funding amount: 500000
2025-04-21 00:59:40,631 - INFO - Successfully extracted 20 new companies from page 40
2025-04-21 00:59:40,631 - INFO - Attempting to navigate from page 40
2025-04-21 00:59:46,518 - INFO - JavaScript verification confirmed page changed
2025-04-21 00:59:47,010 - INFO - Extracting data from page 41
2025-04-21 00:59:47,562 - INFO - Trying standard table extraction
2025-04-21 00:59:47,618 - INFO - Found funding amount column at index 6
2025-04-21 00:59:47,623 - INFO - Found headquarters column at index 7
2025-04-21 00:59:47,634 - INFO - Found 22 potential data rows
2025-04-21 00:59:47,685 - INFO - Extracted: ego - 3-Apr-24
2025-04-21 00:59:47,686 - INFO - Found funding amount: 500000
2025-04-21 00:59:47,713 - INFO - Extracted: Retell AI - 3-Apr-24
2025-04-21 00:59:47,713 - INFO - Found funding amount: 4125000
2025-04-21 00:59:47,741 - INFO - Extracted: Paradigm - 3-Apr-24
2025-04-21 00:59:47,741 - INFO - Found funding amount: 500000
2025-04-21 00:59:47,769 - INFO - Extracted: SiftHub - 3-Apr-24
2025-04-21 00:59:47,769 - INFO - Found funding amount: 5500000
2025-04-21 00:59:47,797 - INFO - Extracted: Atopile - 3-Apr-24
2025-04-21 00:59:47,797 - INFO - Found funding amount: 500000
2025-04-21 00:59:47,825 - INFO - Extracted: Hemingway - 3-Apr-24
2025-04-21 00:59:47,826 - INFO - Found funding amount: 500000
2025-04-21 00:59:47,854 - INFO - Extracted: MAIHEM - 3-Apr-24
2025-04-21 00:59:47,854 - INFO - Found funding amount: 500000
2025-04-21 00:59:47,882 - INFO - Extracted: Airfront - 3-Apr-24
2025-04-21 00:59:47,882 - INFO - Found funding amount: 500000
2025-04-21 00:59:47,910 - INFO - Extracted: Maia - 3-Apr-24
2025-04-21 00:59:47,910 - INFO - Found funding amount: 500000
2025-04-21 00:59:47,938 - INFO - Extracted: Nuanced - 3-Apr-24
2025-04-21 00:59:47,938 - INFO - Found funding amount: 500000
2025-04-21 00:59:47,966 - INFO - Extracted: Lantern - 3-Apr-24
2025-04-21 00:59:47,966 - INFO - Found funding amount: 500000
2025-04-21 00:59:48,000 - INFO - Extracted: Patchwork - 3-Apr-24
2025-04-21 00:59:48,000 - INFO - Found funding amount: 500000
2025-04-21 00:59:48,029 - INFO - Extracted: Roe AI - 3-Apr-24
2025-04-21 00:59:48,029 - INFO - Found funding amount: 500000
2025-04-21 00:59:48,062 - INFO - Extracted: Creo - 3-Apr-24
2025-04-21 00:59:48,062 - INFO - Found funding amount: 500000
2025-04-21 00:59:48,092 - INFO - Extracted: Precip - 3-Apr-24
2025-04-21 00:59:48,092 - INFO - Found funding amount: 500000
2025-04-21 00:59:48,121 - INFO - Extracted: CloudCruise - 3-Apr-24
2025-04-21 00:59:48,121 - INFO - Found funding amount: 500000
2025-04-21 00:59:48,149 - INFO - Extracted: Intercept - 3-Apr-24
2025-04-21 00:59:48,149 - INFO - Found funding amount: 500000
2025-04-21 00:59:48,178 - INFO - Extracted: Duckie - 3-Apr-24
2025-04-21 00:59:48,178 - INFO - Found funding amount: 500000
2025-04-21 00:59:48,207 - INFO - Extracted: Swift - 3-Apr-24
2025-04-21 00:59:48,207 - INFO - Found funding amount: 500000
2025-04-21 00:59:48,235 - INFO - Extracted: Resonance - 3-Apr-24
2025-04-21 00:59:48,235 - INFO - Found funding amount: 500000
2025-04-21 00:59:48,235 - INFO - Successfully extracted 20 new companies from page 41
2025-04-21 00:59:48,235 - INFO - Attempting to navigate from page 41
2025-04-21 00:59:54,554 - INFO - JavaScript verification confirmed page changed
2025-04-21 00:59:55,609 - INFO - Extracting data from page 42
2025-04-21 00:59:56,385 - INFO - Trying standard table extraction
2025-04-21 00:59:56,441 - INFO - Found funding amount column at index 6
2025-04-21 00:59:56,446 - INFO - Found headquarters column at index 7
2025-04-21 00:59:56,455 - INFO - Found 22 potential data rows
2025-04-21 00:59:56,499 - INFO - Extracted: Yondu - 3-Apr-24
2025-04-21 00:59:56,499 - INFO - Found funding amount: 500000
2025-04-21 00:59:56,527 - INFO - Extracted: Ecliptor - 3-Apr-24
2025-04-21 00:59:56,527 - INFO - Found funding amount: 500000
2025-04-21 00:59:56,555 - INFO - Extracted: Assembly - 3-Apr-24
2025-04-21 00:59:56,555 - INFO - Found funding amount: 500000
2025-04-21 00:59:56,583 - INFO - Extracted: Parasale - 3-Apr-24
2025-04-21 00:59:56,583 - INFO - Found funding amount: 500000
2025-04-21 00:59:56,616 - INFO - Extracted: PartnerHQ - 3-Apr-24
2025-04-21 00:59:56,616 - INFO - Found funding amount: 500000
2025-04-21 00:59:56,645 - INFO - Extracted: Kabilah - 3-Apr-24
2025-04-21 00:59:56,645 - INFO - Found funding amount: 500000
2025-04-21 00:59:56,674 - INFO - Extracted: Relari - 3-Apr-24
2025-04-21 00:59:56,674 - INFO - Found funding amount: 500000
2025-04-21 00:59:56,702 - INFO - Extracted: Momentic - 3-Apr-24
2025-04-21 00:59:56,702 - INFO - Found funding amount: 500000
2025-04-21 00:59:56,730 - INFO - Extracted: Glimmer - 3-Apr-24
2025-04-21 00:59:56,730 - INFO - Found funding amount: 500000
2025-04-21 00:59:56,758 - INFO - Extracted: Homebase - 3-Apr-24
2025-04-21 00:59:56,758 - INFO - Found funding amount: 60000000
2025-04-21 00:59:56,787 - INFO - Extracted: Centralize - 3-Apr-24
2025-04-21 00:59:56,787 - INFO - Found funding amount: 500000
2025-04-21 00:59:56,815 - INFO - Extracted: Aidy - 3-Apr-24
2025-04-21 00:59:56,815 - INFO - Found funding amount: 500000
2025-04-21 00:59:56,843 - INFO - Extracted: Buster - 3-Apr-24
2025-04-21 00:59:56,843 - INFO - Found funding amount: 500000
2025-04-21 00:59:56,871 - INFO - Extracted: Meticulate - 3-Apr-24
2025-04-21 00:59:56,871 - INFO - Found funding amount: 500000
2025-04-21 00:59:56,899 - INFO - Extracted: RadMate AI - 3-Apr-24
2025-04-21 00:59:56,899 - INFO - Found funding amount: 500000
2025-04-21 00:59:56,927 - INFO - Extracted: Quantic - 3-Apr-24
2025-04-21 00:59:56,927 - INFO - Found funding amount: 500000
2025-04-21 00:59:56,955 - INFO - Extracted: Okapi - 3-Apr-24
2025-04-21 00:59:56,955 - INFO - Found funding amount: 500000
2025-04-21 00:59:56,983 - INFO - Extracted: Aether Energy - 3-Apr-24
2025-04-21 00:59:56,983 - INFO - Found funding amount: 500000
2025-04-21 00:59:57,011 - INFO - Extracted: Decipher AI - 3-Apr-24
2025-04-21 00:59:57,011 - INFO - Found funding amount: 500000
2025-04-21 00:59:57,041 - INFO - Extracted: Modal.io - 2-Apr-24
2025-04-21 00:59:57,041 - INFO - Found funding amount: 25000000
2025-04-21 00:59:57,041 - INFO - Successfully extracted 20 new companies from page 42
2025-04-21 00:59:57,041 - INFO - Attempting to navigate from page 42
2025-04-21 01:00:02,702 - INFO - JavaScript verification confirmed page changed
2025-04-21 01:00:03,108 - INFO - Extracting data from page 43
2025-04-21 01:00:03,769 - INFO - Trying standard table extraction
2025-04-21 01:00:03,803 - INFO - Found funding amount column at index 6
2025-04-21 01:00:03,807 - INFO - Found headquarters column at index 7
2025-04-21 01:00:03,815 - INFO - Found 22 potential data rows
2025-04-21 01:00:03,859 - INFO - Extracted: BurnBot - 2-Apr-24
2025-04-21 01:00:03,859 - INFO - Found funding amount: 20000000
2025-04-21 01:00:03,894 - INFO - Extracted: HelicitySpace - 2-Apr-24
2025-04-21 01:00:03,894 - INFO - Found funding amount: 5000000
2025-04-21 01:00:03,926 - INFO - Extracted: SESO - 2-Apr-24
2025-04-21 01:00:03,926 - INFO - Found funding amount: 26000000
2025-04-21 01:00:03,957 - INFO - Extracted: Lumana - 2-Apr-24
2025-04-21 01:00:03,957 - INFO - Found funding amount: 24000000
2025-04-21 01:00:03,987 - INFO - Extracted: Delivery Collective - 2-Apr-24
2025-04-21 01:00:03,987 - INFO - Found funding amount: 3800000
2025-04-21 01:00:04,018 - INFO - Extracted: Meedan - 2-Apr-24
2025-04-21 01:00:04,018 - INFO - Found funding amount: 2000000
2025-04-21 01:00:04,048 - INFO - Extracted: NobleAI - 2-Apr-24
2025-04-21 01:00:04,048 - INFO - Found funding amount: 10000000
2025-04-21 01:00:04,097 - INFO - Extracted: Allermi - 1-Apr-24
2025-04-21 01:00:04,098 - INFO - Found funding amount: 3500000
2025-04-21 01:00:04,131 - INFO - Extracted: BioConsortia - 1-Apr-24
2025-04-21 01:00:04,131 - INFO - Found funding amount: 15000000
2025-04-21 01:00:04,162 - INFO - Extracted: Skyflow - 28-Mar-24
2025-04-21 01:00:04,162 - INFO - Found funding amount: 30000000
2025-04-21 01:00:04,193 - INFO - Extracted: Vizcom - 28-Mar-24
2025-04-21 01:00:04,193 - INFO - Found funding amount: 20000000
2025-04-21 01:00:04,224 - INFO - Extracted: Float Health - 28-Mar-24
2025-04-21 01:00:04,224 - INFO - Found funding amount: 10000000
2025-04-21 01:00:04,251 - INFO - Extracted: Spintly - 28-Mar-24
2025-04-21 01:00:04,251 - INFO - Found funding amount: 500000
2025-04-21 01:00:04,282 - INFO - Extracted: Aeovian Pharmaceuticals - 28-Mar-24
2025-04-21 01:00:04,282 - INFO - Found funding amount: 50000000
2025-04-21 01:00:04,311 - INFO - Extracted: ValidMind - 27-Mar-24
2025-04-21 01:00:04,311 - INFO - Found funding amount: 8100000
2025-04-21 01:00:04,340 - INFO - Extracted: Ensis - 27-Mar-24
2025-04-21 01:00:04,340 - INFO - Found funding amount: 4000000
2025-04-21 01:00:04,369 - INFO - Extracted: YourChoice Therapeutics - 27-Mar-24
2025-04-21 01:00:04,369 - INFO - Found funding amount: 500000
2025-04-21 01:00:04,398 - INFO - Extracted: TurbineOne - 27-Mar-24
2025-04-21 01:00:04,398 - INFO - Found funding amount: 15000000
2025-04-21 01:00:04,427 - INFO - Extracted: JobPixel - 27-Mar-24
2025-04-21 01:00:04,427 - INFO - Found funding amount: 4700000
2025-04-21 01:00:04,459 - INFO - Extracted: OneNotary - 26-Mar-24
2025-04-21 01:00:04,460 - INFO - Found funding amount: 5000000
2025-04-21 01:00:04,460 - INFO - Successfully extracted 20 new companies from page 43
2025-04-21 01:00:04,460 - INFO - Attempting to navigate from page 43
2025-04-21 01:00:10,149 - INFO - JavaScript verification confirmed page changed
2025-04-21 01:00:10,998 - INFO - Extracting data from page 44
2025-04-21 01:00:12,117 - INFO - Trying standard table extraction
2025-04-21 01:00:12,173 - INFO - Found funding amount column at index 6
2025-04-21 01:00:12,178 - INFO - Found headquarters column at index 7
2025-04-21 01:00:12,187 - INFO - Found 22 potential data rows
2025-04-21 01:00:12,232 - INFO - Extracted: Fieldguide - 26-Mar-24
2025-04-21 01:00:12,232 - INFO - Found funding amount: 30000000
2025-04-21 01:00:12,261 - INFO - Extracted: Brightside Health - 26-Mar-24
2025-04-21 01:00:12,261 - INFO - Found funding amount: 33000000
2025-04-21 01:00:12,289 - INFO - Extracted: Picogrid - 26-Mar-24
2025-04-21 01:00:12,289 - INFO - Found funding amount: 12319995
2025-04-21 01:00:12,318 - INFO - Extracted: OpenPipe - 26-Mar-24
2025-04-21 01:00:12,318 - INFO - Found funding amount: 6700000
2025-04-21 01:00:12,357 - INFO - Extracted: ionobell - 26-Mar-24
2025-04-21 01:00:12,357 - INFO - Found funding amount: 3900000
2025-04-21 01:00:12,386 - INFO - Extracted: Activeloop - 26-Mar-24
2025-04-21 01:00:12,386 - INFO - Found funding amount: 11000000
2025-04-21 01:00:12,414 - INFO - Extracted: Bedrock Security - 26-Mar-24
2025-04-21 01:00:12,414 - INFO - Found funding amount: 10000000
2025-04-21 01:00:12,443 - INFO - Extracted: Charlee.ai - 25-Mar-24
2025-04-21 01:00:12,443 - INFO - Found funding amount: 0
2025-04-21 01:00:12,471 - INFO - Extracted: Propel - 25-Mar-24
2025-04-21 01:00:12,471 - INFO - Found funding amount: 1050000
2025-04-21 01:00:12,499 - INFO - Extracted: Circular.co - 25-Mar-24
2025-04-21 01:00:12,499 - INFO - Found funding amount: 5300000
2025-04-21 01:00:12,528 - INFO - Extracted: Profluent Bio - 21-Mar-24
2025-04-21 01:00:12,528 - INFO - Found funding amount: 35000000
2025-04-21 01:00:12,560 - INFO - Extracted: Espresso Systems - 21-Mar-24
2025-04-21 01:00:12,560 - INFO - Found funding amount: 28000000
2025-04-21 01:00:12,589 - INFO - Extracted: Ediphi - 21-Mar-24
2025-04-21 01:00:12,589 - INFO - Found funding amount: 12000000
2025-04-21 01:00:12,617 - INFO - Extracted: Foundry - 21-Mar-24
2025-04-21 01:00:12,617 - INFO - Found funding amount: 80000000
2025-04-21 01:00:12,645 - INFO - Extracted: Tarsal - 21-Mar-24
2025-04-21 01:00:12,645 - INFO - Found funding amount: 6000000
2025-04-21 01:00:12,673 - INFO - Extracted: Buzz Solutions - 20-Mar-24
2025-04-21 01:00:12,673 - INFO - Found funding amount: 5000000
2025-04-21 01:00:12,712 - INFO - Extracted: Airmyne - 20-Mar-24
2025-04-21 01:00:12,712 - INFO - Found funding amount: 6900000
2025-04-21 01:00:12,740 - INFO - Extracted: Mermaid Chart - 20-Mar-24
2025-04-21 01:00:12,740 - INFO - Found funding amount: 7575000
2025-04-21 01:00:12,768 - INFO - Extracted: Euno - 19-Mar-24
2025-04-21 01:00:12,769 - INFO - Found funding amount: 6250000
2025-04-21 01:00:12,797 - INFO - Extracted: RapidFire AI - 19-Mar-24
2025-04-21 01:00:12,797 - INFO - Found funding amount: 4034999
2025-04-21 01:00:12,797 - INFO - Successfully extracted 20 new companies from page 44
2025-04-21 01:00:12,797 - INFO - Attempting to navigate from page 44
2025-04-21 01:00:18,859 - INFO - JavaScript verification confirmed page changed
2025-04-21 01:00:19,282 - INFO - Extracting data from page 45
2025-04-21 01:00:20,283 - INFO - Trying standard table extraction
2025-04-21 01:00:20,339 - INFO - Found funding amount column at index 6
2025-04-21 01:00:20,344 - INFO - Found headquarters column at index 7
2025-04-21 01:00:20,353 - INFO - Found 22 potential data rows
2025-04-21 01:00:20,397 - INFO - Extracted: EKA Solutions - 19-Mar-24
2025-04-21 01:00:20,397 - INFO - Found funding amount: 150000
2025-04-21 01:00:20,427 - INFO - Extracted: Lumino - 19-Mar-24
2025-04-21 01:00:20,427 - INFO - Found funding amount: 2800000
2025-04-21 01:00:20,455 - INFO - Extracted: Chambr - 18-Mar-24
2025-04-21 01:00:20,455 - INFO - Found funding amount: 20000
2025-04-21 01:00:20,482 - INFO - Extracted: Carbonated - 15-Mar-24
2025-04-21 01:00:20,482 - INFO - Found funding amount: 11000000
2025-04-21 01:00:20,510 - INFO - Extracted: Unstructured Technologies - 14-Mar-24
2025-04-21 01:00:20,510 - INFO - Found funding amount: 40000000
2025-04-21 01:00:20,548 - INFO - Extracted: Omni - 14-Mar-24
2025-04-21 01:00:20,548 - INFO - Found funding amount: 20000000
2025-04-21 01:00:20,578 - INFO - Extracted: inDrive - 14-Mar-24
2025-04-21 01:00:20,578 - INFO - Found funding amount: 150000000
2025-04-21 01:00:20,606 - INFO - Extracted: Lily AI - 14-Mar-24
2025-04-21 01:00:20,606 - INFO - Found funding amount: 20000000
2025-04-21 01:00:20,634 - INFO - Extracted: Horizon Treatment Services - 14-Mar-24
2025-04-21 01:00:20,634 - INFO - Found funding amount: 1000000
2025-04-21 01:00:20,663 - INFO - Extracted: Vertosa - 14-Mar-24
2025-04-21 01:00:20,663 - INFO - Found funding amount: 0
2025-04-21 01:00:20,691 - INFO - Extracted: Clique - 14-Mar-24
2025-04-21 01:00:20,691 - INFO - Found funding amount: 8000000
2025-04-21 01:00:20,719 - INFO - Extracted: Sierra Gold Nurseries - 14-Mar-24
2025-04-21 01:00:20,719 - INFO - Found funding amount: 0
2025-04-21 01:00:20,748 - INFO - Extracted: Orbillion Bio - 14-Mar-24
2025-04-21 01:00:20,748 - INFO - Found funding amount: 0
2025-04-21 01:00:20,776 - INFO - Extracted: Redcoat AI - 14-Mar-24
2025-04-21 01:00:20,776 - INFO - Found funding amount: 4240000
2025-04-21 01:00:20,804 - INFO - Extracted: Assort Health - 14-Mar-24
2025-04-21 01:00:20,804 - INFO - Found funding amount: 3500000
2025-04-21 01:00:20,832 - INFO - Extracted: Deep Origin - 13-Mar-24
2025-04-21 01:00:20,832 - INFO - Found funding amount: 25500000
2025-04-21 01:00:20,861 - INFO - Extracted: LiveKit - 13-Mar-24
2025-04-21 01:00:20,861 - INFO - Found funding amount: 19742076
2025-04-21 01:00:20,889 - INFO - Extracted: Voxeleron - 13-Mar-24
2025-04-21 01:00:20,889 - INFO - Found funding amount: 0
2025-04-21 01:00:20,931 - INFO - Extracted: Nozomi Networks - 13-Mar-24
2025-04-21 01:00:20,931 - INFO - Found funding amount: 100000000
2025-04-21 01:00:20,959 - INFO - Extracted: Fermat Commerce - 13-Mar-24
2025-04-21 01:00:20,959 - INFO - Found funding amount: 17000000
2025-04-21 01:00:20,959 - INFO - Successfully extracted 20 new companies from page 45
2025-04-21 01:00:20,959 - INFO - Attempting to navigate from page 45
2025-04-21 01:00:26,253 - INFO - JavaScript verification confirmed page changed
2025-04-21 01:00:26,774 - INFO - Extracting data from page 46
2025-04-21 01:00:27,284 - INFO - Trying standard table extraction
2025-04-21 01:00:27,341 - INFO - Found funding amount column at index 6
2025-04-21 01:00:27,345 - INFO - Found headquarters column at index 7
2025-04-21 01:00:27,355 - INFO - Found 22 potential data rows
2025-04-21 01:00:27,399 - INFO - Extracted: Astronuts - 13-Mar-24
2025-04-21 01:00:27,399 - INFO - Found funding amount: 0
2025-04-21 01:00:27,427 - INFO - Extracted: eDNA Explorer - 13-Mar-24
2025-04-21 01:00:27,427 - INFO - Found funding amount: 500000
2025-04-21 01:00:27,456 - INFO - Extracted: Big Sur AI - 13-Mar-24
2025-04-21 01:00:27,456 - INFO - Found funding amount: 6900000
2025-04-21 01:00:27,484 - INFO - Extracted: HalseyPoint Asset Management - 13-Mar-24
2025-04-21 01:00:27,484 - INFO - Found funding amount: 0
2025-04-21 01:00:27,512 - INFO - Extracted: Luminary Cloud - 13-Mar-24
2025-04-21 01:00:27,512 - INFO - Found funding amount: 115000000
2025-04-21 01:00:27,540 - INFO - Extracted: Furno - 13-Mar-24
2025-04-21 01:00:27,541 - INFO - Found funding amount: 6500000
2025-04-21 01:00:27,570 - INFO - Extracted: Smartschool - 13-Mar-24
2025-04-21 01:00:27,570 - INFO - Found funding amount: 1500000
2025-04-21 01:00:27,599 - INFO - Extracted: NanoNets - 12-Mar-24
2025-04-21 01:00:27,599 - INFO - Found funding amount: 29000000
2025-04-21 01:00:27,627 - INFO - Extracted: Amara Organic Foods - 12-Mar-24
2025-04-21 01:00:27,627 - INFO - Found funding amount: 20000000
2025-04-21 01:00:27,655 - INFO - Extracted: Vouch - 11-Mar-24
2025-04-21 01:00:27,655 - INFO - Found funding amount: 25000000
2025-04-21 01:00:27,683 - INFO - Extracted: Forest Neurotech - 11-Mar-24
2025-04-21 01:00:27,683 - INFO - Found funding amount: 14000000
2025-04-21 01:00:27,711 - INFO - Extracted: Applied Intuition - 11-Mar-24
2025-04-21 01:00:27,711 - INFO - Found funding amount: 250000000
2025-04-21 01:00:27,740 - INFO - Extracted: Bear Robotics - 11-Mar-24
2025-04-21 01:00:27,740 - INFO - Found funding amount: 60000000
2025-04-21 01:00:27,768 - INFO - Extracted: Key - 11-Mar-24
2025-04-21 01:00:27,768 - INFO - Found funding amount: 4300000
2025-04-21 01:00:27,796 - INFO - Extracted: Eigen Therapeutics - 11-Mar-24
2025-04-21 01:00:27,796 - INFO - Found funding amount: 0
2025-04-21 01:00:27,837 - INFO - Extracted: RealSeq Biosciences - 11-Mar-24
2025-04-21 01:00:27,837 - INFO - Found funding amount: 1500000
2025-04-21 01:00:27,865 - INFO - Extracted: Eclipse - 11-Mar-24
2025-04-21 01:00:27,865 - INFO - Found funding amount: 50000000
2025-04-21 01:00:27,893 - INFO - Extracted: Foundation Health - 11-Mar-24
2025-04-21 01:00:27,893 - INFO - Found funding amount: 6000000
2025-04-21 01:00:27,922 - INFO - Extracted: Huski.ai - 8-Mar-24
2025-04-21 01:00:27,922 - INFO - Found funding amount: 4250010
2025-04-21 01:00:27,950 - INFO - Extracted: Ondas Networks - 8-Mar-24
2025-04-21 01:00:27,950 - INFO - Found funding amount: 4500000
2025-04-21 01:00:27,950 - INFO - Successfully extracted 20 new companies from page 46
2025-04-21 01:00:27,950 - INFO - Attempting to navigate from page 46
2025-04-21 01:00:33,142 - INFO - JavaScript verification confirmed page changed
2025-04-21 01:00:33,848 - INFO - Extracting data from page 47
2025-04-21 01:00:34,274 - INFO - Trying standard table extraction
2025-04-21 01:00:34,328 - INFO - Found funding amount column at index 6
2025-04-21 01:00:34,333 - INFO - Found headquarters column at index 7
2025-04-21 01:00:34,342 - INFO - Found 22 potential data rows
2025-04-21 01:00:34,386 - INFO - Extracted: NeuroAge Therapeutics - 7-Mar-24
2025-04-21 01:00:34,386 - INFO - Found funding amount: 250000
2025-04-21 01:00:34,415 - INFO - Extracted: Neural Propulsion Systems - 7-Mar-24
2025-04-21 01:00:34,416 - INFO - Found funding amount: 17500000
2025-04-21 01:00:34,444 - INFO - Extracted: Best Day Brewing - 7-Mar-24
2025-04-21 01:00:34,444 - INFO - Found funding amount: 10000000
2025-04-21 01:00:34,472 - INFO - Extracted: Reach Security - 7-Mar-24
2025-04-21 01:00:34,472 - INFO - Found funding amount: 20000000
2025-04-21 01:00:34,500 - INFO - Extracted: Brevian - 7-Mar-24
2025-04-21 01:00:34,500 - INFO - Found funding amount: 9000000
2025-04-21 01:00:34,529 - INFO - Extracted: Alumis - 6-Mar-24
2025-04-21 01:00:34,529 - INFO - Found funding amount: 259000000
2025-04-21 01:00:34,557 - INFO - Extracted: Abstract - 6-Mar-24
2025-04-21 01:00:34,557 - INFO - Found funding amount: 4256483
2025-04-21 01:00:34,588 - INFO - Extracted: Altro (fka Perch) - 6-Mar-24
2025-04-21 01:00:34,589 - INFO - Found funding amount: 4000000
2025-04-21 01:00:34,620 - INFO - Extracted: Remofirst - 6-Mar-24
2025-04-21 01:00:34,620 - INFO - Found funding amount: 25000000
2025-04-21 01:00:34,659 - INFO - Extracted: Proof of Impact - 6-Mar-24
2025-04-21 01:00:34,659 - INFO - Found funding amount: 569985
2025-04-21 01:00:34,689 - INFO - Extracted: Firewall - 6-Mar-24
2025-04-21 01:00:34,689 - INFO - Found funding amount: 3700000
2025-04-21 01:00:34,717 - INFO - Extracted: Glacier - 6-Mar-24
2025-04-21 01:00:34,717 - INFO - Found funding amount: 7700000
2025-04-21 01:00:34,745 - INFO - Extracted: Jabali - 6-Mar-24
2025-04-21 01:00:34,745 - INFO - Found funding amount: 5000000
2025-04-21 01:00:34,773 - INFO - Extracted: Dtex Systems - 5-Mar-24
2025-04-21 01:00:34,773 - INFO - Found funding amount: 50000000
2025-04-21 01:00:34,800 - INFO - Extracted: Ubicloud - 5-Mar-24
2025-04-21 01:00:34,801 - INFO - Found funding amount: 16000000
2025-04-21 01:00:34,827 - INFO - Extracted: Openprise - 5-Mar-24
2025-04-21 01:00:34,827 - INFO - Found funding amount: 25000000
2025-04-21 01:00:34,852 - INFO - Extracted: appCD - 5-Mar-24
2025-04-21 01:00:34,852 - INFO - Found funding amount: 6000000
2025-04-21 01:00:34,879 - INFO - Extracted: RIOS - 5-Mar-24
2025-04-21 01:00:34,879 - INFO - Found funding amount: 13000000
2025-04-21 01:00:34,908 - INFO - Extracted: Baseten - 4-Mar-24
2025-04-21 01:00:34,908 - INFO - Found funding amount: 40000000
2025-04-21 01:00:34,936 - INFO - Extracted: GALY - 4-Mar-24
2025-04-21 01:00:34,936 - INFO - Found funding amount: 20149994
2025-04-21 01:00:34,936 - INFO - Successfully extracted 20 new companies from page 47
2025-04-21 01:00:34,936 - INFO - Attempting to navigate from page 47
2025-04-21 01:00:40,768 - INFO - JavaScript verification confirmed page changed
2025-04-21 01:00:41,221 - INFO - Extracting data from page 48
2025-04-21 01:00:41,932 - INFO - Trying standard table extraction
2025-04-21 01:00:41,992 - INFO - Found funding amount column at index 6
2025-04-21 01:00:41,998 - INFO - Found headquarters column at index 7
2025-04-21 01:00:42,012 - INFO - Found 22 potential data rows
2025-04-21 01:00:42,058 - INFO - Extracted: Headlands Research - 4-Mar-24
2025-04-21 01:00:42,058 - INFO - Found funding amount: 249997
2025-04-21 01:00:42,087 - INFO - Extracted: treet - 4-Mar-24
2025-04-21 01:00:42,087 - INFO - Found funding amount: 10000000
2025-04-21 01:00:42,116 - INFO - Extracted: Entrada - 4-Mar-24
2025-04-21 01:00:42,116 - INFO - Found funding amount: 0
2025-04-21 01:00:42,144 - INFO - Extracted: Momentous - 29-Feb-24
2025-04-21 01:00:42,144 - INFO - Found funding amount: 0
2025-04-21 01:00:42,174 - INFO - Extracted: FirstHive - 29-Feb-24
2025-04-21 01:00:42,174 - INFO - Found funding amount: 5089250
2025-04-21 01:00:42,219 - INFO - Extracted: Elemeno Health - 29-Feb-24
2025-04-21 01:00:42,219 - INFO - Found funding amount: 3350344
2025-04-21 01:00:42,248 - INFO - Extracted: PawCo Foods - 29-Feb-24
2025-04-21 01:00:42,248 - INFO - Found funding amount: 2000000
2025-04-21 01:00:42,276 - INFO - Extracted: BioCorRx - 28-Feb-24
2025-04-21 01:00:42,276 - INFO - Found funding amount: 11000000
2025-04-21 01:00:42,308 - INFO - Extracted: Range Energy - 28-Feb-24
2025-04-21 01:00:42,308 - INFO - Found funding amount: 23500000
2025-04-21 01:00:42,337 - INFO - Extracted: BloomTech - 28-Feb-24
2025-04-21 01:00:42,337 - INFO - Found funding amount: 14602342
2025-04-21 01:00:42,365 - INFO - Extracted: Backpack - 28-Feb-24
2025-04-21 01:00:42,365 - INFO - Found funding amount: 17000000
2025-04-21 01:00:42,393 - INFO - Extracted: Mineprism Inc. - 28-Feb-24
2025-04-21 01:00:42,393 - INFO - Found funding amount: 75000
2025-04-21 01:00:42,421 - INFO - Extracted: Parspec - 27-Feb-24
2025-04-21 01:00:42,421 - INFO - Found funding amount: 11500000
2025-04-21 01:00:42,449 - INFO - Extracted: Catch+Release - 27-Feb-24
2025-04-21 01:00:42,449 - INFO - Found funding amount: 8800000
2025-04-21 01:00:42,477 - INFO - Extracted: MoneyHash - 27-Feb-24
2025-04-21 01:00:42,477 - INFO - Found funding amount: 4500000
2025-04-21 01:00:42,505 - INFO - Extracted: Reo.Dev - 27-Feb-24
2025-04-21 01:00:42,505 - INFO - Found funding amount: 1200000
2025-04-21 01:00:42,533 - INFO - Extracted: Campfire - 27-Feb-24
2025-04-21 01:00:42,533 - INFO - Found funding amount: 3500000
2025-04-21 01:00:42,561 - INFO - Extracted: Axiom Cloud - 27-Feb-24
2025-04-21 01:00:42,561 - INFO - Found funding amount: 5000000
2025-04-21 01:00:42,591 - INFO - Extracted: Inkitt - 27-Feb-24
2025-04-21 01:00:42,591 - INFO - Found funding amount: 37000000
2025-04-21 01:00:42,618 - INFO - Extracted: EPRI - 26-Feb-24
2025-04-21 01:00:42,618 - INFO - Found funding amount: 3400000
2025-04-21 01:00:42,618 - INFO - Successfully extracted 20 new companies from page 48
2025-04-21 01:00:42,618 - INFO - Attempting to navigate from page 48
2025-04-21 01:00:47,677 - INFO - JavaScript verification confirmed page changed
2025-04-21 01:00:48,885 - INFO - Extracting data from page 49
2025-04-21 01:00:49,566 - INFO - Trying standard table extraction
2025-04-21 01:00:49,621 - INFO - Found funding amount column at index 6
2025-04-21 01:00:49,626 - INFO - Found headquarters column at index 7
2025-04-21 01:00:49,635 - INFO - Found 22 potential data rows
2025-04-21 01:00:49,685 - INFO - Extracted: Alamar Biosciences - 26-Feb-24
2025-04-21 01:00:49,685 - INFO - Found funding amount: 100000000
2025-04-21 01:00:49,713 - INFO - Extracted: FlowGPT - 26-Feb-24
2025-04-21 01:00:49,714 - INFO - Found funding amount: 10000000
2025-04-21 01:00:49,758 - INFO - Extracted: mTAB - 26-Feb-24
2025-04-21 01:00:49,759 - INFO - Found funding amount: 15000000
2025-04-21 01:00:49,786 - INFO - Extracted: InsightRX - 23-Feb-24
2025-04-21 01:00:49,786 - INFO - Found funding amount: 0
2025-04-21 01:00:49,814 - INFO - Extracted: Elve - 22-Feb-24
2025-04-21 01:00:49,814 - INFO - Found funding amount: 15000000
2025-04-21 01:00:49,842 - INFO - Extracted: PermitFlow - 21-Feb-24
2025-04-21 01:00:49,842 - INFO - Found funding amount: 31000000
2025-04-21 01:00:49,870 - INFO - Extracted: Jamix - 21-Feb-24
2025-04-21 01:00:49,870 - INFO - Found funding amount: 3000000
2025-04-21 01:00:49,903 - INFO - Extracted: Hadrian - 21-Feb-24
2025-04-21 01:00:49,903 - INFO - Found funding amount: 92000000
2025-04-21 01:00:49,933 - INFO - Extracted: Empowerly - 21-Feb-24
2025-04-21 01:00:49,933 - INFO - Found funding amount: 15000000
2025-04-21 01:00:49,961 - INFO - Extracted: Orkes - 21-Feb-24
2025-04-21 01:00:49,961 - INFO - Found funding amount: 20000000
2025-04-21 01:00:49,989 - INFO - Extracted: Power Life Science - 21-Feb-24
2025-04-21 01:00:49,989 - INFO - Found funding amount: 11900000
2025-04-21 01:00:50,017 - INFO - Extracted: ElastiFlow - 21-Feb-24
2025-04-21 01:00:50,017 - INFO - Found funding amount: 5000000
2025-04-21 01:00:50,045 - INFO - Extracted: NodeShift - 21-Feb-24
2025-04-21 01:00:50,045 - INFO - Found funding amount: 3200000
2025-04-21 01:00:50,073 - INFO - Extracted: VectorShift - 21-Feb-24
2025-04-21 01:00:50,073 - INFO - Found funding amount: 3000000
2025-04-21 01:00:50,101 - INFO - Extracted: Blue Wire - 20-Feb-24
2025-04-21 01:00:50,101 - INFO - Found funding amount: 0
2025-04-21 01:00:50,129 - INFO - Extracted: Zonexus - 20-Feb-24
2025-04-21 01:00:50,129 - INFO - Found funding amount: 1149998
2025-04-21 01:00:50,157 - INFO - Extracted: Recogni - 20-Feb-24
2025-04-21 01:00:50,157 - INFO - Found funding amount: 102000000
2025-04-21 01:00:50,185 - INFO - Extracted: HighRI Optics - 20-Feb-24
2025-04-21 01:00:50,185 - INFO - Found funding amount: 1099995
2025-04-21 01:00:50,213 - INFO - Extracted: Arini - 19-Feb-24
2025-04-21 01:00:50,213 - INFO - Found funding amount: 500000
2025-04-21 01:00:50,241 - INFO - Extracted: Alembic - 15-Feb-24
2025-04-21 01:00:50,241 - INFO - Found funding amount: 14000000
2025-04-21 01:00:50,241 - INFO - Successfully extracted 20 new companies from page 49
2025-04-21 01:00:50,241 - INFO - Attempting to navigate from page 49
2025-04-21 01:00:56,084 - INFO - JavaScript verification confirmed page changed
2025-04-21 01:00:56,764 - INFO - Extracting data from page 50
2025-04-21 01:00:57,138 - INFO - Trying standard table extraction
2025-04-21 01:00:57,195 - INFO - Found funding amount column at index 6
2025-04-21 01:00:57,200 - INFO - Found headquarters column at index 7
2025-04-21 01:00:57,209 - INFO - Found 22 potential data rows
2025-04-21 01:00:57,253 - INFO - Extracted: Scribe - 15-Feb-24
2025-04-21 01:00:57,253 - INFO - Found funding amount: 25000000
2025-04-21 01:00:57,282 - INFO - Extracted: Freenome - 15-Feb-24
2025-04-21 01:00:57,282 - INFO - Found funding amount: 254000000
2025-04-21 01:00:57,310 - INFO - Extracted: Guardrails AI - 15-Feb-24
2025-04-21 01:00:57,310 - INFO - Found funding amount: 7500000
2025-04-21 01:00:57,339 - INFO - Extracted: Zocks - 15-Feb-24
2025-04-21 01:00:57,339 - INFO - Found funding amount: 5500000
2025-04-21 01:00:57,368 - INFO - Extracted: LangChain - 15-Feb-24
2025-04-21 01:00:57,368 - INFO - Found funding amount: 25000000
2025-04-21 01:00:57,396 - INFO - Extracted: testRigor - 15-Feb-24
2025-04-21 01:00:57,396 - INFO - Found funding amount: 0
2025-04-21 01:00:57,426 - INFO - Extracted: Kairos Aerospace - 15-Feb-24
2025-04-21 01:00:57,427 - INFO - Found funding amount: 52000000
2025-04-21 01:00:57,457 - INFO - Extracted: Sanitas AI - 15-Feb-24
2025-04-21 01:00:57,457 - INFO - Found funding amount: 0
2025-04-21 01:00:57,486 - INFO - Extracted: cPacket Networks - 14-Feb-24
2025-04-21 01:00:57,486 - INFO - Found funding amount: 67000000
2025-04-21 01:00:57,514 - INFO - Extracted: Artie - 14-Feb-24
2025-04-21 01:00:57,514 - INFO - Found funding amount: 3300000
2025-04-21 01:00:57,543 - INFO - Extracted: SkyOne Federal Credit Union - 14-Feb-24
2025-04-21 01:00:57,543 - INFO - Found funding amount: 2750000
2025-04-21 01:00:57,571 - INFO - Extracted: Hippo Harvest - 14-Feb-24
2025-04-21 01:00:57,571 - INFO - Found funding amount: 21000000
2025-04-21 01:00:57,599 - INFO - Extracted: Planette - 14-Feb-24
2025-04-21 01:00:57,600 - INFO - Found funding amount: 2400000
2025-04-21 01:00:57,628 - INFO - Extracted: Rasa - 14-Feb-24
2025-04-21 01:00:57,628 - INFO - Found funding amount: 30000000
2025-04-21 01:00:57,656 - INFO - Extracted: Meter - 13-Feb-24
2025-04-21 01:00:57,656 - INFO - Found funding amount: 35000000
2025-04-21 01:00:57,685 - INFO - Extracted: Skylo - 13-Feb-24
2025-04-21 01:00:57,685 - INFO - Found funding amount: 37000000
2025-04-21 01:00:57,713 - INFO - Extracted: Mindy - 13-Feb-24
2025-04-21 01:00:57,714 - INFO - Found funding amount: 6000000
2025-04-21 01:00:57,742 - INFO - Extracted: Savor - 13-Feb-24
2025-04-21 01:00:57,742 - INFO - Found funding amount: 23000000
2025-04-21 01:00:57,770 - INFO - Extracted: Camus Energy - 13-Feb-24
2025-04-21 01:00:57,770 - INFO - Found funding amount: 10000000
2025-04-21 01:00:57,801 - INFO - Extracted: Chalk - 13-Feb-24
2025-04-21 01:00:57,801 - INFO - Found funding amount: 338298
2025-04-21 01:00:57,801 - INFO - Successfully extracted 20 new companies from page 50
2025-04-21 01:00:57,801 - INFO - Attempting to navigate from page 50
2025-04-21 01:01:02,871 - INFO - JavaScript verification confirmed page changed
2025-04-21 01:01:03,249 - INFO - Extracting data from page 51
2025-04-21 01:01:04,391 - INFO - Trying standard table extraction
2025-04-21 01:01:04,447 - INFO - Found funding amount column at index 6
2025-04-21 01:01:04,452 - INFO - Found headquarters column at index 7
2025-04-21 01:01:04,461 - INFO - Found 22 potential data rows
2025-04-21 01:01:04,505 - INFO - Extracted: SocialCoach - 13-Feb-24
2025-04-21 01:01:04,505 - INFO - Found funding amount: 1000000
2025-04-21 01:01:04,533 - INFO - Extracted: Motif Analytics - 12-Feb-24
2025-04-21 01:01:04,533 - INFO - Found funding amount: 5700000
2025-04-21 01:01:04,561 - INFO - Extracted: Heliux - 12-Feb-24
2025-04-21 01:01:04,561 - INFO - Found funding amount: 2265000
2025-04-21 01:01:04,589 - INFO - Extracted: Lilac Solutions - 12-Feb-24
2025-04-21 01:01:04,590 - INFO - Found funding amount: 145000000
2025-04-21 01:01:04,617 - INFO - Extracted: Magic - 12-Feb-24
2025-04-21 01:01:04,617 - INFO - Found funding amount: 117332923
2025-04-21 01:01:04,645 - INFO - Extracted: LeoLabs - 12-Feb-24
2025-04-21 01:01:04,645 - INFO - Found funding amount: 29000000
2025-04-21 01:01:04,673 - INFO - Extracted: Modern Treasury - 10-Feb-24
2025-04-21 01:01:04,673 - INFO - Found funding amount: 1000000000
2025-04-21 01:01:04,701 - INFO - Extracted: THINKIN - 9-Feb-24
2025-04-21 01:01:04,701 - INFO - Found funding amount: 0
2025-04-21 01:01:04,730 - INFO - Extracted: Unlearn.AI - 8-Feb-24
2025-04-21 01:01:04,730 - INFO - Found funding amount: 50000000
2025-04-21 01:01:04,760 - INFO - Extracted: Handle - 8-Feb-24
2025-04-21 01:01:04,760 - INFO - Found funding amount: 0
2025-04-21 01:01:04,787 - INFO - Extracted: Partners Capital - 8-Feb-24
2025-04-21 01:01:04,787 - INFO - Found funding amount: 0
2025-04-21 01:01:04,815 - INFO - Extracted: Vocode - 8-Feb-24
2025-04-21 01:01:04,815 - INFO - Found funding amount: 3250000
2025-04-21 01:01:04,843 - INFO - Extracted: brd BOT - 8-Feb-24
2025-04-21 01:01:04,843 - INFO - Found funding amount: 100000
2025-04-21 01:01:04,871 - INFO - Extracted: FuzzLand - 8-Feb-24
2025-04-21 01:01:04,871 - INFO - Found funding amount: 3000000
2025-04-21 01:01:04,901 - INFO - Extracted: Overflow - 7-Feb-24
2025-04-21 01:01:04,901 - INFO - Found funding amount: 20000000
2025-04-21 01:01:04,932 - INFO - Extracted: Polycam - 7-Feb-24
2025-04-21 01:01:04,932 - INFO - Found funding amount: 18000000
2025-04-21 01:01:04,959 - INFO - Extracted: Simplify - 7-Feb-24
2025-04-21 01:01:04,959 - INFO - Found funding amount: 3000000
2025-04-21 01:01:04,987 - INFO - Extracted: OutSail Shipping - 7-Feb-24
2025-04-21 01:01:04,987 - INFO - Found funding amount: 500000
2025-04-21 01:01:05,015 - INFO - Extracted: Upstock - 7-Feb-24
2025-04-21 01:01:05,015 - INFO - Found funding amount: 13000000
2025-04-21 01:01:05,046 - INFO - Extracted: Shepherd - 7-Feb-24
2025-04-21 01:01:05,046 - INFO - Found funding amount: 13500000
2025-04-21 01:01:05,046 - INFO - Successfully extracted 20 new companies from page 51
2025-04-21 01:01:05,046 - INFO - Attempting to navigate from page 51
2025-04-21 01:01:10,818 - INFO - JavaScript verification confirmed page changed
2025-04-21 01:01:11,304 - INFO - Extracting data from page 52
2025-04-21 01:01:11,868 - INFO - Trying standard table extraction
2025-04-21 01:01:11,924 - INFO - Found funding amount column at index 6
2025-04-21 01:01:11,929 - INFO - Found headquarters column at index 7
2025-04-21 01:01:11,938 - INFO - Found 22 potential data rows
2025-04-21 01:01:11,982 - INFO - Extracted: ZEDEDA - 7-Feb-24
2025-04-21 01:01:11,982 - INFO - Found funding amount: 72000000
2025-04-21 01:01:12,011 - INFO - Extracted: Aizon - 7-Feb-24
2025-04-21 01:01:12,011 - INFO - Found funding amount: 20000000
2025-04-21 01:01:12,039 - INFO - Extracted: Attralus - 6-Feb-24
2025-04-21 01:01:12,039 - INFO - Found funding amount: 56000000
2025-04-21 01:01:12,067 - INFO - Extracted: Jam - 6-Feb-24
2025-04-21 01:01:12,068 - INFO - Found funding amount: 8900000
2025-04-21 01:01:12,119 - INFO - Extracted: Ambience Healthcare - 6-Feb-24
2025-04-21 01:01:12,119 - INFO - Found funding amount: 70000000
2025-04-21 01:01:12,147 - INFO - Extracted: Starship Technologies - 5-Feb-24
2025-04-21 01:01:12,148 - INFO - Found funding amount: 90000000
2025-04-21 01:01:12,176 - INFO - Extracted: Rigetti Computing - 5-Feb-24
2025-04-21 01:01:12,176 - INFO - Found funding amount: 0
2025-04-21 01:01:12,205 - INFO - Extracted: LightBeam.ai - 1-Feb-24
2025-04-21 01:01:12,205 - INFO - Found funding amount: 17800000
2025-04-21 01:01:12,233 - INFO - Extracted: Artera - 1-Feb-24
2025-04-21 01:01:12,234 - INFO - Found funding amount: 20000000
2025-04-21 01:01:12,262 - INFO - Extracted: Watershed - 1-Feb-24
2025-04-21 01:01:12,262 - INFO - Found funding amount: 100000000
2025-04-21 01:01:12,290 - INFO - Extracted: CARPL.ai - 1-Feb-24
2025-04-21 01:01:12,290 - INFO - Found funding amount: 6000000
2025-04-21 01:01:12,318 - INFO - Extracted: Coris - 1-Feb-24
2025-04-21 01:01:12,318 - INFO - Found funding amount: 3700000
2025-04-21 01:01:12,346 - INFO - Extracted: Mountaintop Studios - 31-Jan-24
2025-04-21 01:01:12,346 - INFO - Found funding amount: 30000000
2025-04-21 01:01:12,374 - INFO - Extracted: Metronome - 31-Jan-24
2025-04-21 01:01:12,374 - INFO - Found funding amount: 43000000
2025-04-21 01:01:12,403 - INFO - Extracted: Reken - 31-Jan-24
2025-04-21 01:01:12,403 - INFO - Found funding amount: 10000000
2025-04-21 01:01:12,430 - INFO - Extracted: Aiden Automotive Technologies - 31-Jan-24
2025-04-21 01:01:12,430 - INFO - Found funding amount: 0
2025-04-21 01:01:12,470 - INFO - Extracted: Inngest - 30-Jan-24
2025-04-21 01:01:12,470 - INFO - Found funding amount: 6100000
2025-04-21 01:01:12,498 - INFO - Extracted: Nile - 30-Jan-24
2025-04-21 01:01:12,498 - INFO - Found funding amount: 11600000
2025-04-21 01:01:12,525 - INFO - Extracted: Aster - 30-Jan-24
2025-04-21 01:01:12,526 - INFO - Found funding amount: 2400000
2025-04-21 01:01:12,552 - INFO - Extracted: HyperBeeAI - 30-Jan-24
2025-04-21 01:01:12,552 - INFO - Found funding amount: 0
2025-04-21 01:01:12,553 - INFO - Successfully extracted 20 new companies from page 52
2025-04-21 01:01:12,553 - INFO - Attempting to navigate from page 52
2025-04-21 01:01:18,381 - INFO - JavaScript verification confirmed page changed
2025-04-21 01:01:19,069 - INFO - Extracting data from page 53
2025-04-21 01:01:20,065 - INFO - Trying standard table extraction
2025-04-21 01:01:20,102 - INFO - Found funding amount column at index 6
2025-04-21 01:01:20,106 - INFO - Found headquarters column at index 7
2025-04-21 01:01:20,115 - INFO - Found 22 potential data rows
2025-04-21 01:01:20,177 - INFO - Extracted: Plex - 30-Jan-24
2025-04-21 01:01:20,177 - INFO - Found funding amount: 40000000
2025-04-21 01:01:20,218 - INFO - Extracted: Alchemist Accelerator - 30-Jan-24
2025-04-21 01:01:20,218 - INFO - Found funding amount: 2000000
2025-04-21 01:01:20,251 - INFO - Extracted: resistanceBio - 29-Jan-24
2025-04-21 01:01:20,251 - INFO - Found funding amount: 12776288
2025-04-21 01:01:20,287 - INFO - Extracted: Mesh - 29-Jan-24
2025-04-21 01:01:20,287 - INFO - Found funding amount: 6500000
2025-04-21 01:01:20,323 - INFO - Extracted: Chef Robotics - 26-Jan-24
2025-04-21 01:01:20,323 - INFO - Found funding amount: 10500000
2025-04-21 01:01:20,385 - INFO - Extracted: Perfumeo - 26-Jan-24
2025-04-21 01:01:20,385 - INFO - Found funding amount: 1000000
2025-04-21 01:01:20,421 - INFO - Extracted: Bastille Networks Internet Security - 25-Jan-24
2025-04-21 01:01:20,421 - INFO - Found funding amount: 44000000
2025-04-21 01:01:20,454 - INFO - Extracted: ViralMoment - 25-Jan-24
2025-04-21 01:01:20,454 - INFO - Found funding amount: 2500000
2025-04-21 01:01:20,499 - INFO - Extracted: Integral Development Corp - 25-Jan-24
2025-04-21 01:01:20,499 - INFO - Found funding amount: 30000000
2025-04-21 01:01:20,532 - INFO - Extracted: Audioshake - 25-Jan-24
2025-04-21 01:01:20,532 - INFO - Found funding amount: 1400000
2025-04-21 01:01:20,565 - INFO - Extracted: Aniai - 24-Jan-24
2025-04-21 01:01:20,565 - INFO - Found funding amount: 12000000
2025-04-21 01:01:20,613 - INFO - Extracted: unSkript, Inc - 24-Jan-24
2025-04-21 01:01:20,613 - INFO - Found funding amount: 3750000
2025-04-21 01:01:20,647 - INFO - Extracted: Masa - 23-Jan-24
2025-04-21 01:01:20,647 - INFO - Found funding amount: 5400000
2025-04-21 01:01:20,679 - INFO - Extracted: AiDash - 23-Jan-24
2025-04-21 01:01:20,680 - INFO - Found funding amount: 50000000
2025-04-21 01:01:20,711 - INFO - Extracted: SER Capital Partners - 23-Jan-24
2025-04-21 01:01:20,711 - INFO - Found funding amount: 0
2025-04-21 01:01:20,757 - INFO - Extracted: Snorkel AI - 23-Jan-24
2025-04-21 01:01:20,757 - INFO - Found funding amount: 0
2025-04-21 01:01:20,786 - INFO - Extracted: Synthesis AI - 23-Jan-24
2025-04-21 01:01:20,786 - INFO - Found funding amount: 168889
2025-04-21 01:01:20,818 - INFO - Extracted: RagaAI Inc. - 23-Jan-24
2025-04-21 01:01:20,818 - INFO - Found funding amount: 4700000
2025-04-21 01:01:20,857 - INFO - Extracted: SmithRx - 23-Jan-24
2025-04-21 01:01:20,857 - INFO - Found funding amount: 60000000
2025-04-21 01:01:20,898 - INFO - Extracted: GenEdit - 23-Jan-24
2025-04-21 01:01:20,898 - INFO - Found funding amount: 24000000
2025-04-21 01:01:20,898 - INFO - Successfully extracted 20 new companies from page 53
2025-04-21 01:01:20,898 - INFO - Attempting to navigate from page 53
2025-04-21 01:01:26,677 - INFO - JavaScript verification confirmed page changed
2025-04-21 01:01:27,574 - INFO - Extracting data from page 54
2025-04-21 01:01:28,643 - INFO - Trying standard table extraction
2025-04-21 01:01:28,923 - INFO - Found funding amount column at index 6
2025-04-21 01:01:28,939 - INFO - Found headquarters column at index 7
2025-04-21 01:01:28,961 - INFO - Found 22 potential data rows
2025-04-21 01:01:29,748 - INFO - Extracted: Neatleaf - 23-Jan-24
2025-04-21 01:01:29,872 - INFO - Found funding amount: 4000000
2025-04-21 01:01:30,211 - INFO - Extracted: Clerk - 23-Jan-24
2025-04-21 01:01:30,211 - INFO - Found funding amount: 30000000
2025-04-21 01:01:30,265 - INFO - Extracted: Ohana Real Estate Investors - 22-Jan-24
2025-04-21 01:01:30,265 - INFO - Found funding amount: 59000000
2025-04-21 01:01:30,321 - INFO - Extracted: Salas O'Brien - 22-Jan-24
2025-04-21 01:01:30,321 - INFO - Found funding amount: 0
2025-04-21 01:01:30,384 - INFO - Extracted: Captura - 22-Jan-24
2025-04-21 01:01:30,384 - INFO - Found funding amount: 21500000
2025-04-21 01:01:30,523 - INFO - Extracted: Better Stack - 22-Jan-24
2025-04-21 01:01:30,523 - INFO - Found funding amount: 10000000
2025-04-21 01:01:30,594 - INFO - Extracted: Bluedot - 22-Jan-24
2025-04-21 01:01:30,594 - INFO - Found funding amount: 5000000
2025-04-21 01:01:30,643 - INFO - Extracted: BuildClub - 22-Jan-24
2025-04-21 01:01:30,643 - INFO - Found funding amount: 1200000
2025-04-21 01:01:30,686 - INFO - Extracted: Metafoodx - 18-Jan-24
2025-04-21 01:01:30,686 - INFO - Found funding amount: 3000000
2025-04-21 01:01:30,724 - INFO - Extracted: Safary - 18-Jan-24
2025-04-21 01:01:30,725 - INFO - Found funding amount: 2400000
2025-04-21 01:01:30,767 - INFO - Extracted: zbyte - 18-Jan-24
2025-04-21 01:01:30,767 - INFO - Found funding amount: 4000000
2025-04-21 01:01:30,835 - INFO - Extracted: Forta - 17-Jan-24
2025-04-21 01:01:30,836 - INFO - Found funding amount: 55000000
2025-04-21 01:01:30,870 - INFO - Extracted: Incognia - 17-Jan-24
2025-04-21 01:01:30,870 - INFO - Found funding amount: 30999967
2025-04-21 01:01:30,899 - INFO - Extracted: Blueshift - 16-Jan-24
2025-04-21 01:01:30,899 - INFO - Found funding amount: 40000000
2025-04-21 01:01:30,945 - INFO - Extracted: Lutheran Social Services of Southern California - 16-Jan-24
2025-04-21 01:01:30,946 - INFO - Found funding amount: 0
2025-04-21 01:01:30,979 - INFO - Extracted: Blue Planet - 16-Jan-24
2025-04-21 01:01:30,980 - INFO - Found funding amount: 0
2025-04-21 01:01:31,011 - INFO - Extracted: Topia - 16-Jan-24
2025-04-21 01:01:31,011 - INFO - Found funding amount: 24440609
2025-04-21 01:01:31,057 - INFO - Extracted: Noctrix Health - 16-Jan-24
2025-04-21 01:01:31,057 - INFO - Found funding amount: 40000000
2025-04-21 01:01:31,089 - INFO - Extracted: Fonda Technologies - 16-Jan-24
2025-04-21 01:01:31,089 - INFO - Found funding amount: 749998
2025-04-21 01:01:31,125 - INFO - Extracted: Chezuba - 12-Jan-24
2025-04-21 01:01:31,125 - INFO - Found funding amount: 1400000
2025-04-21 01:01:31,125 - INFO - Successfully extracted 20 new companies from page 54
2025-04-21 01:01:31,125 - INFO - Attempting to navigate from page 54
2025-04-21 01:01:37,622 - INFO - JavaScript verification confirmed page changed
2025-04-21 01:01:38,122 - INFO - Extracting data from page 55
2025-04-21 01:01:39,208 - INFO - Trying standard table extraction
2025-04-21 01:01:39,251 - INFO - Found funding amount column at index 6
2025-04-21 01:01:39,255 - INFO - Found headquarters column at index 7
2025-04-21 01:01:39,264 - INFO - Found 22 potential data rows
2025-04-21 01:01:39,308 - INFO - Extracted: Rune Labs - 11-Jan-24
2025-04-21 01:01:39,308 - INFO - Found funding amount: 12000000
2025-04-21 01:01:39,345 - INFO - Extracted: Viavi Solutions - 11-Jan-24
2025-04-21 01:01:39,345 - INFO - Found funding amount: 21700000
2025-04-21 01:01:39,377 - INFO - Extracted: Pier - 11-Jan-24
2025-04-21 01:01:39,377 - INFO - Found funding amount: 2400000
2025-04-21 01:01:39,412 - INFO - Extracted: FlutterFlow - 11-Jan-24
2025-04-21 01:01:39,412 - INFO - Found funding amount: 25500000
2025-04-21 01:01:39,445 - INFO - Extracted: Velou - 11-Jan-24
2025-04-21 01:01:39,445 - INFO - Found funding amount: 4000000
2025-04-21 01:01:39,517 - INFO - Extracted: Echo Labs - 10-Jan-24
2025-04-21 01:01:39,518 - INFO - Found funding amount: 7700000
2025-04-21 01:01:39,618 - INFO - Extracted: Quora - 10-Jan-24
2025-04-21 01:01:39,618 - INFO - Found funding amount: 75000000
2025-04-21 01:01:39,655 - INFO - Extracted: Rainbow - 10-Jan-24
2025-04-21 01:01:39,655 - INFO - Found funding amount: 12000000
2025-04-21 01:01:39,693 - INFO - Extracted: Shimmer - 10-Jan-24
2025-04-21 01:01:39,693 - INFO - Found funding amount: 2200000
2025-04-21 01:01:39,739 - INFO - Extracted: Leap AI - 9-Jan-24
2025-04-21 01:01:39,739 - INFO - Found funding amount: 1400000
2025-04-21 01:01:39,790 - INFO - Extracted: Raising the Future - 9-Jan-24
2025-04-21 01:01:39,790 - INFO - Found funding amount: 10000000
2025-04-21 01:01:39,836 - INFO - Extracted: Feel Therapeutics - 9-Jan-24
2025-04-21 01:01:39,836 - INFO - Found funding amount: 0
2025-04-21 01:01:39,882 - INFO - Extracted: Luma AI - 9-Jan-24
2025-04-21 01:01:39,882 - INFO - Found funding amount: 43000000
2025-04-21 01:01:39,916 - INFO - Extracted: anecdotes - 9-Jan-24
2025-04-21 01:01:39,916 - INFO - Found funding amount: 25000000
2025-04-21 01:01:39,951 - INFO - Extracted: MedaSystems - 9-Jan-24
2025-04-21 01:01:39,951 - INFO - Found funding amount: 0
2025-04-21 01:01:39,984 - INFO - Extracted: Revagenix - 5-Jan-24
2025-04-21 01:01:39,984 - INFO - Found funding amount: 0
2025-04-21 01:01:40,016 - INFO - Extracted: UpDoc - 5-Jan-24
2025-04-21 01:01:40,016 - INFO - Found funding amount: 0
2025-04-21 01:01:40,056 - INFO - Extracted: Department of Behavioral Health - 4-Jan-24
2025-04-21 01:01:40,056 - INFO - Found funding amount: 21800000
2025-04-21 01:01:40,093 - INFO - Extracted: Moonwalk Biosciences - 4-Jan-24
2025-04-21 01:01:40,093 - INFO - Found funding amount: 57000000
2025-04-21 01:01:40,131 - INFO - Extracted: Human Immunology Biosciences - 4-Jan-24
2025-04-21 01:01:40,131 - INFO - Found funding amount: 95000000
2025-04-21 01:01:40,131 - INFO - Successfully extracted 20 new companies from page 55
2025-04-21 01:01:40,131 - INFO - Attempting to navigate from page 55
2025-04-21 01:01:46,728 - INFO - JavaScript verification confirmed page changed
2025-04-21 01:01:47,220 - INFO - Extracting data from page 56
2025-04-21 01:01:48,301 - INFO - Trying standard table extraction
2025-04-21 01:01:48,332 - INFO - Found funding amount column at index 6
2025-04-21 01:01:48,336 - INFO - Found headquarters column at index 7
2025-04-21 01:01:48,342 - INFO - Found 5 potential data rows
2025-04-21 01:01:48,385 - INFO - Extracted: Perplexity AI - 4-Jan-24
2025-04-21 01:01:48,385 - INFO - Found funding amount: 70000000
2025-04-21 01:01:48,435 - INFO - Extracted: GSI Technology - 3-Jan-24
2025-04-21 01:01:48,439 - INFO - Found funding amount: 1100000
2025-04-21 01:01:48,510 - INFO - Extracted: Paceline - 1-Jan-24
2025-04-21 01:01:48,510 - INFO - Found funding amount: 0
2025-04-21 01:01:48,510 - INFO - Successfully extracted 3 new companies from page 56
2025-04-21 01:01:48,510 - INFO - Attempting to navigate from page 56
2025-04-21 01:01:55,364 - INFO - JavaScript verification confirmed page changed
2025-04-21 01:01:56,533 - INFO - Extracting data from page 57
2025-04-21 01:01:57,455 - INFO - Trying standard table extraction
2025-04-21 01:01:57,501 - INFO - Found funding amount column at index 6
2025-04-21 01:01:57,505 - INFO - Found headquarters column at index 7
2025-04-21 01:01:57,513 - INFO - Found 5 potential data rows
2025-04-21 01:01:57,620 - INFO - Retry attempt 1 for data extraction
2025-04-21 01:01:59,347 - INFO - Trying standard table extraction
2025-04-21 01:01:59,382 - INFO - Found funding amount column at index 6
2025-04-21 01:01:59,386 - INFO - Found headquarters column at index 7
2025-04-21 01:01:59,393 - INFO - Found 5 potential data rows
2025-04-21 01:01:59,520 - INFO - Retry attempt 2 for data extraction
2025-04-21 01:02:00,717 - INFO - Refreshing page for final extraction attempt
2025-04-21 01:02:03,872 - INFO - Found overlay using selector: //div[contains(@class, 'conv-wrap')]
2025-04-21 01:02:03,879 - INFO - No close button found, removing overlay with JavaScript
2025-04-21 01:02:04,850 - INFO - Found overlay using selector: //div[contains(@class, 'overlay')]
2025-04-21 01:02:04,856 - INFO - No close button found, removing overlay with JavaScript
2025-04-21 01:02:05,973 - INFO - Trying standard table extraction
2025-04-21 01:02:06,030 - INFO - Found funding amount column at index 6
2025-04-21 01:02:06,035 - INFO - Found headquarters column at index 7
2025-04-21 01:02:06,046 - INFO - Found 22 potential data rows
2025-04-21 01:02:06,695 - WARNING - No new companies found on page 57. Empty page count: 1
2025-04-21 01:02:06,695 - INFO - Attempting to navigate from page 57
2025-04-21 01:02:12,287 - INFO - JavaScript verification confirmed page changed
2025-04-21 01:02:13,406 - INFO - Extracting data from page 58
2025-04-21 01:02:14,190 - INFO - Trying standard table extraction
2025-04-21 01:02:14,227 - INFO - Found funding amount column at index 6
2025-04-21 01:02:14,231 - INFO - Found headquarters column at index 7
2025-04-21 01:02:14,255 - INFO - Found 22 potential data rows
2025-04-21 01:02:15,017 - INFO - Retry attempt 1 for data extraction
2025-04-21 01:02:16,147 - INFO - Trying standard table extraction
2025-04-21 01:02:16,177 - INFO - Found funding amount column at index 6
2025-04-21 01:02:16,181 - INFO - Found headquarters column at index 7
2025-04-21 01:02:16,187 - INFO - Found 22 potential data rows
2025-04-21 01:02:16,863 - INFO - Retry attempt 2 for data extraction
2025-04-21 01:02:17,974 - INFO - Refreshing page for final extraction attempt
2025-04-21 01:02:20,394 - INFO - Found overlay using selector: //div[contains(@class, 'conv-wrap')]
2025-04-21 01:02:20,400 - INFO - No close button found, removing overlay with JavaScript
2025-04-21 01:02:20,933 - INFO - Found overlay using selector: //div[contains(@class, 'overlay')]
2025-04-21 01:02:20,943 - INFO - No close button found, removing overlay with JavaScript
2025-04-21 01:02:21,968 - INFO - Trying standard table extraction
2025-04-21 01:02:22,015 - INFO - Found funding amount column at index 6
2025-04-21 01:02:22,020 - INFO - Found headquarters column at index 7
2025-04-21 01:02:22,028 - INFO - Found 22 potential data rows
2025-04-21 01:02:22,800 - WARNING - No new companies found on page 58. Empty page count: 2
2025-04-21 01:02:22,801 - INFO - Stopping after 2 consecutive empty pages
2025-04-21 01:02:22,815 - INFO - Successfully saved CSV data to /Users/hk/Downloads/DSFinalYearProject/JSONFolder/fundraisestartup50.csv
2025-04-21 01:02:22,832 - INFO - Successfully saved JSON data to /Users/hk/Downloads/DSFinalYearProject/JSONFolder/fundraisestartup50.json
2025-04-21 01:02:22,851 - INFO - Successfully saved historical data copies in /Users/hk/Downloads/DSFinalYearProject/data_archive/2025-04-21
2025-04-21 01:02:22,856 - INFO - Extraction completed in 511.17 seconds
2025-04-21 01:02:22,857 - INFO - Extracted 1103 companies from 58 pages
2025-04-21 01:02:22,857 - INFO - Found 1103 unique companies
2025-04-21 01:02:22,857 - INFO - Most recent funding dates: ['1-Apr-24', '1-Aug-24', '1-Feb-24', '1-Jan-24', '1-Jul-24']
2025-04-21 01:02:23,010 - INFO - WebDriver closed
2025-04-21 01:02:23,012 - INFO - Next extraction scheduled for: 2025-04-22 01:02:23
2025-05-06 18:54:53,402 - INFO - Setting up scheduled extraction (every 24 hours)
2025-05-06 18:54:53,405 - INFO - Starting extraction process
2025-05-06 18:54:53,405 - INFO - Setting up Chrome WebDriver...
2025-05-06 18:54:53,405 - INFO - ====== WebDriver manager ======
2025-05-06 18:54:53,631 - INFO - Get LATEST chromedriver version for google-chrome
2025-05-06 18:54:53,756 - INFO - Get LATEST chromedriver version for google-chrome
2025-05-06 18:54:53,794 - INFO - There is no [mac64] chromedriver "135.0.7049.114" for browser google-chrome "135.0.7049" in cache
2025-05-06 18:54:53,800 - INFO - Get LATEST chromedriver version for google-chrome
2025-05-06 18:54:53,915 - INFO - WebDriver version 135.0.7049.114 selected
2025-05-06 18:54:53,918 - INFO - Modern chrome version https://storage.googleapis.com/chrome-for-testing-public/135.0.7049.114/mac-arm64/chromedriver-mac-arm64.zip
2025-05-06 18:54:53,918 - INFO - About to download new driver from https://storage.googleapis.com/chrome-for-testing-public/135.0.7049.114/mac-arm64/chromedriver-mac-arm64.zip
2025-05-06 18:54:53,987 - INFO - Driver downloading response is 200
2025-05-06 18:54:54,191 - INFO - Get LATEST chromedriver version for google-chrome
2025-05-06 18:54:54,644 - INFO - Driver has been saved in cache [/Users/hk/.wdm/drivers/chromedriver/mac64/135.0.7049.114]
2025-05-06 18:54:55,971 - INFO - WebDriver setup completed successfully
2025-05-06 18:54:55,972 - INFO - Navigating to https://fundraiseinsider.com/blog/recently-funded-startups-san-francisco/#showform-238066
2025-05-06 18:54:56,776 - INFO - Found overlay using selector: //div[contains(@class, 'popup')]
2025-05-06 18:54:56,797 - INFO - No close button found, removing overlay with JavaScript
2025-05-06 18:54:57,297 - INFO - Found overlay using selector: //div[contains(@class, 'overlay')]
2025-05-06 18:54:57,301 - INFO - No close button found, removing overlay with JavaScript
2025-05-06 18:55:14,475 - INFO - Performing efficient scrolling...
2025-05-06 18:55:16,917 - INFO - Scrolling completed
2025-05-06 18:55:16,933 - INFO - Found overlay using selector: //div[contains(@class, 'conv-wrap')]
2025-05-06 18:55:16,940 - INFO - No close button found, removing overlay with JavaScript
2025-05-06 18:55:18,550 - INFO - Extracting data from page 1
2025-05-06 18:55:19,295 - INFO - Trying standard table extraction
2025-05-06 18:55:19,353 - INFO - Found funding amount column at index 6
2025-05-06 18:55:19,358 - INFO - Found headquarters column at index 7
2025-05-06 18:55:19,369 - INFO - Found 22 potential data rows
2025-05-06 18:55:19,417 - INFO - Extracted: Rembrand - 2-Jan-25
2025-05-06 18:55:19,417 - INFO - Found funding amount: 23000000
2025-05-06 18:55:19,449 - INFO - Extracted: Wurthy - 30-Dec-24
2025-05-06 18:55:19,449 - INFO - Found funding amount: 0
2025-05-06 18:55:19,479 - INFO - Extracted: Frontier Bio - 25-Dec-24
2025-05-06 18:55:19,479 - INFO - Found funding amount: 1300000
2025-05-06 18:55:19,510 - INFO - Extracted: Courtyard - 23-Dec-24
2025-05-06 18:55:19,510 - INFO - Found funding amount: 4500000
2025-05-06 18:55:19,540 - INFO - Extracted: Pasadena Private Lending - 19-Dec-24
2025-05-06 18:55:19,540 - INFO - Found funding amount: 50000000
2025-05-06 18:55:19,581 - INFO - Extracted: Tenor - 19-Dec-24
2025-05-06 18:55:19,581 - INFO - Found funding amount: 5400000
2025-05-06 18:55:19,615 - INFO - Extracted: Earli - 19-Dec-24
2025-05-06 18:55:19,615 - INFO - Found funding amount: 60000000
2025-05-06 18:55:19,644 - INFO - Extracted: Child Family Health International - 19-Dec-24
2025-05-06 18:55:19,644 - INFO - Found funding amount: 7500
2025-05-06 18:55:19,674 - INFO - Extracted: SandboxAQ - 18-Dec-24
2025-05-06 18:55:19,674 - INFO - Found funding amount: 300000000
2025-05-06 18:55:19,704 - INFO - Extracted: Plume Network - 18-Dec-24
2025-05-06 18:55:19,704 - INFO - Found funding amount: 20000000
2025-05-06 18:55:19,733 - INFO - Extracted: Hamming AI - 18-Dec-24
2025-05-06 18:55:19,733 - INFO - Found funding amount: 3800000
2025-05-06 18:55:19,762 - INFO - Extracted: CourtScribes - 18-Dec-24
2025-05-06 18:55:19,762 - INFO - Found funding amount: 512474
2025-05-06 18:55:19,793 - INFO - Extracted: Perplexity - 18-Dec-24
2025-05-06 18:55:19,793 - INFO - Found funding amount: 500000000
2025-05-06 18:55:19,824 - INFO - Extracted: Lyten - 18-Dec-24
2025-05-06 18:55:19,824 - INFO - Found funding amount: 650000000
2025-05-06 18:55:19,853 - INFO - Extracted: Fairbanc - 18-Dec-24
2025-05-06 18:55:19,853 - INFO - Found funding amount: 50000000000
2025-05-06 18:55:19,882 - INFO - Extracted: Mojave Energy Systems - 18-Dec-24
2025-05-06 18:55:19,882 - INFO - Found funding amount: 9500000
2025-05-06 18:55:19,912 - INFO - Extracted: Fraction AI - 18-Dec-24
2025-05-06 18:55:19,912 - INFO - Found funding amount: 6000000
2025-05-06 18:55:19,941 - INFO - Extracted: Schwarm Technologies Inc. - 17-Dec-24
2025-05-06 18:55:19,941 - INFO - Found funding amount: 3027055
2025-05-06 18:55:19,973 - INFO - Extracted: Landbase - 17-Dec-24
2025-05-06 18:55:19,973 - INFO - Found funding amount: 12500000
2025-05-06 18:55:20,003 - INFO - Extracted: Acre - 17-Dec-24
2025-05-06 18:55:20,003 - INFO - Found funding amount: 10000000
2025-05-06 18:55:20,003 - INFO - Successfully extracted 20 new companies from page 1
2025-05-06 18:55:20,003 - INFO - Attempting to navigate from page 1
2025-05-06 18:55:25,389 - INFO - JavaScript verification confirmed page changed
2025-05-06 18:55:25,898 - INFO - Extracting data from page 2
2025-05-06 18:55:26,844 - INFO - Trying standard table extraction
2025-05-06 18:55:26,878 - INFO - Found funding amount column at index 6
2025-05-06 18:55:26,881 - INFO - Found headquarters column at index 7
2025-05-06 18:55:26,897 - INFO - Found 22 potential data rows
2025-05-06 18:55:26,945 - INFO - Extracted: Finexio - 17-Dec-24
2025-05-06 18:55:26,945 - INFO - Found funding amount: 10000000
2025-05-06 18:55:26,977 - INFO - Extracted: Anatomy Financial - 17-Dec-24
2025-05-06 18:55:26,977 - INFO - Found funding amount: 19000000
2025-05-06 18:55:27,014 - INFO - Extracted: Serverfarm - 17-Dec-24
2025-05-06 18:55:27,014 - INFO - Found funding amount: 1637000000
2025-05-06 18:55:27,048 - INFO - Extracted: Flair - 17-Dec-24
2025-05-06 18:55:27,048 - INFO - Found funding amount: 0
2025-05-06 18:55:27,088 - INFO - Extracted: Leapfin - 17-Dec-24
2025-05-06 18:55:27,088 - INFO - Found funding amount: 1000000
2025-05-06 18:55:27,119 - INFO - Extracted: Parafin - 17-Dec-24
2025-05-06 18:55:27,119 - INFO - Found funding amount: 100000000
2025-05-06 18:55:27,152 - INFO - Extracted: Indapta Therapeutics - 17-Dec-24
2025-05-06 18:55:27,152 - INFO - Found funding amount: 22500000
2025-05-06 18:55:27,187 - INFO - Extracted: Xcell Biosciences - 17-Dec-24
2025-05-06 18:55:27,187 - INFO - Found funding amount: 1400000
2025-05-06 18:55:27,225 - INFO - Extracted: Jiko - 12-Dec-24
2025-05-06 18:55:27,225 - INFO - Found funding amount: 29000000
2025-05-06 18:55:27,258 - INFO - Extracted: One - 12-Dec-24
2025-05-06 18:55:27,259 - INFO - Found funding amount: 300000000
2025-05-06 18:55:27,289 - INFO - Extracted: Evinced - 12-Dec-24
2025-05-06 18:55:27,289 - INFO - Found funding amount: 55000000
2025-05-06 18:55:27,321 - INFO - Extracted: Twelve Labs - 12-Dec-24
2025-05-06 18:55:27,321 - INFO - Found funding amount: 30000000
2025-05-06 18:55:27,366 - INFO - Extracted: Terradot - 12-Dec-24
2025-05-06 18:55:27,366 - INFO - Found funding amount: 54000000
2025-05-06 18:55:27,414 - INFO - Extracted: Cartesia - 12-Dec-24
2025-05-06 18:55:27,415 - INFO - Found funding amount: 22000000
2025-05-06 18:55:27,450 - INFO - Extracted: Vantis Vascular - 12-Dec-24
2025-05-06 18:55:27,451 - INFO - Found funding amount: 10000000
2025-05-06 18:55:27,484 - INFO - Extracted: Alessa Therapeutics - 12-Dec-24
2025-05-06 18:55:27,485 - INFO - Found funding amount: 15000000
2025-05-06 18:55:27,516 - INFO - Extracted: Gigs - 12-Dec-24
2025-05-06 18:55:27,516 - INFO - Found funding amount: 73000000
2025-05-06 18:55:27,547 - INFO - Extracted: Immi - 12-Dec-24
2025-05-06 18:55:27,547 - INFO - Found funding amount: 3000000
2025-05-06 18:55:27,591 - INFO - Extracted: Albert Invent - 11-Dec-24
2025-05-06 18:55:27,591 - INFO - Found funding amount: 22500000
2025-05-06 18:55:27,628 - INFO - Extracted: Strategic Venue Partners - 11-Dec-24
2025-05-06 18:55:27,628 - INFO - Found funding amount: 0
2025-05-06 18:55:27,628 - INFO - Successfully extracted 20 new companies from page 2
2025-05-06 18:55:27,628 - INFO - Attempting to navigate from page 2
2025-05-06 18:55:33,746 - INFO - JavaScript verification confirmed page changed
2025-05-06 18:55:34,799 - INFO - Extracting data from page 3
2025-05-06 18:55:35,926 - INFO - Trying standard table extraction
2025-05-06 18:55:35,963 - INFO - Found funding amount column at index 6
2025-05-06 18:55:35,966 - INFO - Found headquarters column at index 7
2025-05-06 18:55:35,973 - INFO - Found 22 potential data rows
2025-05-06 18:55:36,017 - INFO - Extracted: Parsec Education - 11-Dec-24
2025-05-06 18:55:36,017 - INFO - Found funding amount: 8000000
2025-05-06 18:55:36,046 - INFO - Extracted: Saltmine - 11-Dec-24
2025-05-06 18:55:36,046 - INFO - Found funding amount: 0
2025-05-06 18:55:36,077 - INFO - Extracted: NeuBird - 11-Dec-24
2025-05-06 18:55:36,077 - INFO - Found funding amount: 22500000
2025-05-06 18:55:36,107 - INFO - Extracted: Aimon Labs - 11-Dec-24
2025-05-06 18:55:36,107 - INFO - Found funding amount: 2300000
2025-05-06 18:55:36,149 - INFO - Extracted: Ayar Labs - 11-Dec-24
2025-05-06 18:55:36,149 - INFO - Found funding amount: 155000000
2025-05-06 18:55:36,178 - INFO - Extracted: Vapi - 11-Dec-24
2025-05-06 18:55:36,178 - INFO - Found funding amount: 20000000
2025-05-06 18:55:36,206 - INFO - Extracted: EzDubs - 11-Dec-24
2025-05-06 18:55:36,206 - INFO - Found funding amount: 4200000
2025-05-06 18:55:36,235 - INFO - Extracted: Capstan Medical - 11-Dec-24
2025-05-06 18:55:36,235 - INFO - Found funding amount: 110000000
2025-05-06 18:55:36,270 - INFO - Extracted: Reveal Technology - 11-Dec-24
2025-05-06 18:55:36,270 - INFO - Found funding amount: 11200000
2025-05-06 18:55:36,300 - INFO - Extracted: Tosi - 11-Dec-24
2025-05-06 18:55:36,300 - INFO - Found funding amount: 15805308
2025-05-06 18:55:36,329 - INFO - Extracted: Azimuth AI - 11-Dec-24
2025-05-06 18:55:36,329 - INFO - Found funding amount: 11500000
2025-05-06 18:55:36,369 - INFO - Extracted: Cohesity - 10-Dec-24
2025-05-06 18:55:36,369 - INFO - Found funding amount: 0
2025-05-06 18:55:36,398 - INFO - Extracted: Speak - 10-Dec-24
2025-05-06 18:55:36,398 - INFO - Found funding amount: 78000000
2025-05-06 18:55:36,429 - INFO - Extracted: Mainframe - 10-Dec-24
2025-05-06 18:55:36,429 - INFO - Found funding amount: 5500000
2025-05-06 18:55:36,458 - INFO - Extracted: Gyaan - 10-Dec-24
2025-05-06 18:55:36,459 - INFO - Found funding amount: 5000000
2025-05-06 18:55:36,487 - INFO - Extracted: WeaveGrid - 10-Dec-24
2025-05-06 18:55:36,488 - INFO - Found funding amount: 28000000
2025-05-06 18:55:36,516 - INFO - Extracted: WindBorne Systems - 10-Dec-24
2025-05-06 18:55:36,516 - INFO - Found funding amount: 5000000
2025-05-06 18:55:36,548 - INFO - Extracted: Exabits AI - 10-Dec-24
2025-05-06 18:55:36,548 - INFO - Found funding amount: 15000000
2025-05-06 18:55:36,580 - INFO - Extracted: Gentrace - 10-Dec-24
2025-05-06 18:55:36,580 - INFO - Found funding amount: 8000000
2025-05-06 18:55:36,618 - INFO - Extracted: LambdaTest - 10-Dec-24
2025-05-06 18:55:36,618 - INFO - Found funding amount: 38000000
2025-05-06 18:55:36,618 - INFO - Successfully extracted 20 new companies from page 3
2025-05-06 18:55:36,618 - INFO - Attempting to navigate from page 3
2025-05-06 18:55:42,157 - INFO - JavaScript verification confirmed page changed
2025-05-06 18:55:43,221 - INFO - Extracting data from page 4
2025-05-06 18:55:43,827 - INFO - Trying standard table extraction
2025-05-06 18:55:43,862 - INFO - Found funding amount column at index 6
2025-05-06 18:55:43,866 - INFO - Found headquarters column at index 7
2025-05-06 18:55:43,872 - INFO - Found 22 potential data rows
2025-05-06 18:55:43,915 - INFO - Extracted: Aarvik Therapeutics - 10-Dec-24
2025-05-06 18:55:43,915 - INFO - Found funding amount: 1165000
2025-05-06 18:55:43,947 - INFO - Extracted: WaveForms AI - 10-Dec-24
2025-05-06 18:55:43,947 - INFO - Found funding amount: 40000000
2025-05-06 18:55:43,976 - INFO - Extracted: Wald.ai - 10-Dec-24
2025-05-06 18:55:43,976 - INFO - Found funding amount: 4000000
2025-05-06 18:55:44,013 - INFO - Extracted: Wildflower Health - 10-Dec-24
2025-05-06 18:55:44,013 - INFO - Found funding amount: 17939793
2025-05-06 18:55:44,042 - INFO - Extracted: Aampe - 10-Dec-24
2025-05-06 18:55:44,042 - INFO - Found funding amount: 18000000
2025-05-06 18:55:44,072 - INFO - Extracted: Cala Health - 9-Dec-24
2025-05-06 18:55:44,073 - INFO - Found funding amount: 50000000
2025-05-06 18:55:44,109 - INFO - Extracted: Sofar Ocean - 9-Dec-24
2025-05-06 18:55:44,109 - INFO - Found funding amount: 18250002
2025-05-06 18:55:44,153 - INFO - Extracted: Friend - 9-Dec-24
2025-05-06 18:55:44,153 - INFO - Found funding amount: 5400000
2025-05-06 18:55:44,184 - INFO - Extracted: Lava - 9-Dec-24
2025-05-06 18:55:44,184 - INFO - Found funding amount: 10000000
2025-05-06 18:55:44,214 - INFO - Extracted: MiSalud - 9-Dec-24
2025-05-06 18:55:44,214 - INFO - Found funding amount: 8000000
2025-05-06 18:55:44,247 - INFO - Extracted: Lucra Sports - 5-Dec-24
2025-05-06 18:55:44,248 - INFO - Found funding amount: 10000000
2025-05-06 18:55:44,286 - INFO - Extracted: Across AI - 5-Dec-24
2025-05-06 18:55:44,287 - INFO - Found funding amount: 5750000
2025-05-06 18:55:44,317 - INFO - Extracted: BITKRAFT Ventures - 5-Dec-24
2025-05-06 18:55:44,317 - INFO - Found funding amount: 0
2025-05-06 18:55:44,353 - INFO - Extracted: Nuvig Therapeutics - 5-Dec-24
2025-05-06 18:55:44,353 - INFO - Found funding amount: 161000000
2025-05-06 18:55:44,385 - INFO - Extracted: FutureSearch - 5-Dec-24
2025-05-06 18:55:44,385 - INFO - Found funding amount: 5794991
2025-05-06 18:55:44,415 - INFO - Extracted: Solana - 5-Dec-24
2025-05-06 18:55:44,415 - INFO - Found funding amount: 1500000
2025-05-06 18:55:44,445 - INFO - Extracted: Rubi Laboratories - 5-Dec-24
2025-05-06 18:55:44,445 - INFO - Found funding amount: 969961
2025-05-06 18:55:44,476 - INFO - Extracted: East Oakland Youth Development Center - 5-Dec-24
2025-05-06 18:55:44,476 - INFO - Found funding amount: 0
2025-05-06 18:55:44,508 - INFO - Extracted: Axiado Corporation - 4-Dec-24
2025-05-06 18:55:44,508 - INFO - Found funding amount: 60000000
2025-05-06 18:55:44,542 - INFO - Extracted: Enterpret - 4-Dec-24
2025-05-06 18:55:44,542 - INFO - Found funding amount: 20800000
2025-05-06 18:55:44,542 - INFO - Successfully extracted 20 new companies from page 4
2025-05-06 18:55:44,542 - INFO - Attempting to navigate from page 4
2025-05-06 18:58:03,682 - INFO - Setting up scheduled extraction (every 24 hours)
2025-05-06 18:58:03,682 - INFO - Starting extraction process
2025-05-06 18:58:03,682 - INFO - Setting up Chrome WebDriver...
2025-05-06 18:58:03,682 - INFO - ====== WebDriver manager ======
2025-05-06 18:58:03,783 - INFO - Get LATEST chromedriver version for google-chrome
2025-05-06 18:58:03,828 - INFO - Get LATEST chromedriver version for google-chrome
2025-05-06 18:58:03,865 - INFO - Driver [/Users/hk/.wdm/drivers/chromedriver/mac64/135.0.7049.114/chromedriver-mac-arm64/chromedriver] found in cache
2025-05-06 18:58:04,777 - INFO - WebDriver setup completed successfully
2025-05-06 18:58:04,777 - INFO - Navigating to https://fundraiseinsider.com/blog/recently-funded-startups-san-francisco/#showform-238066
2025-05-06 18:58:21,772 - INFO - Performing efficient scrolling...
2025-05-06 18:58:25,469 - INFO - Scrolling completed
2025-05-06 18:58:25,521 - INFO - Found overlay using selector: //div[contains(@class, 'conv-wrap')]
2025-05-06 18:58:25,533 - INFO - No close button found, removing overlay with JavaScript
2025-05-06 18:58:25,922 - INFO - Found overlay using selector: //div[contains(@class, 'overlay')]
2025-05-06 18:58:25,936 - INFO - No close button found, removing overlay with JavaScript
2025-05-06 18:58:27,198 - INFO - Extracting data from page 1
2025-05-06 18:58:27,764 - INFO - Trying standard table extraction
2025-05-06 18:58:27,827 - INFO - Found funding amount column at index 6
2025-05-06 18:58:27,832 - INFO - Found headquarters column at index 7
2025-05-06 18:58:27,860 - INFO - Found 22 potential data rows
2025-05-06 18:58:27,966 - INFO - Extracted: Rembrand - 2-Jan-25
2025-05-06 18:58:27,966 - INFO - Found funding amount: 23000000
2025-05-06 18:58:28,034 - INFO - Extracted: Wurthy - 30-Dec-24
2025-05-06 18:58:28,034 - INFO - Found funding amount: 0
2025-05-06 18:58:28,096 - INFO - Extracted: Frontier Bio - 25-Dec-24
2025-05-06 18:58:28,096 - INFO - Found funding amount: 1300000
2025-05-06 18:58:28,152 - INFO - Extracted: Courtyard - 23-Dec-24
2025-05-06 18:58:28,152 - INFO - Found funding amount: 4500000
2025-05-06 18:58:28,202 - INFO - Extracted: Pasadena Private Lending - 19-Dec-24
2025-05-06 18:58:28,203 - INFO - Found funding amount: 50000000
2025-05-06 18:58:28,248 - INFO - Extracted: Tenor - 19-Dec-24
2025-05-06 18:58:28,249 - INFO - Found funding amount: 5400000
2025-05-06 18:58:28,316 - INFO - Extracted: Earli - 19-Dec-24
2025-05-06 18:58:28,316 - INFO - Found funding amount: 60000000
2025-05-06 18:58:28,364 - INFO - Extracted: Child Family Health International - 19-Dec-24
2025-05-06 18:58:28,365 - INFO - Found funding amount: 7500
2025-05-06 18:58:28,421 - INFO - Extracted: SandboxAQ - 18-Dec-24
2025-05-06 18:58:28,421 - INFO - Found funding amount: 300000000
2025-05-06 18:58:28,483 - INFO - Extracted: Plume Network - 18-Dec-24
2025-05-06 18:58:28,483 - INFO - Found funding amount: 20000000
2025-05-06 18:58:28,542 - INFO - Extracted: Hamming AI - 18-Dec-24
2025-05-06 18:58:28,543 - INFO - Found funding amount: 3800000
2025-05-06 18:58:28,587 - INFO - Extracted: CourtScribes - 18-Dec-24
2025-05-06 18:58:28,587 - INFO - Found funding amount: 512474
2025-05-06 18:58:28,997 - INFO - Extracted: Perplexity - 18-Dec-24
2025-05-06 18:58:28,998 - INFO - Found funding amount: 500000000
2025-05-06 18:58:29,116 - INFO - Extracted: Lyten - 18-Dec-24
2025-05-06 18:58:29,117 - INFO - Found funding amount: 650000000
2025-05-06 18:58:29,187 - INFO - Extracted: Fairbanc - 18-Dec-24
2025-05-06 18:58:29,188 - INFO - Found funding amount: 50000000000
2025-05-06 18:58:29,242 - INFO - Extracted: Mojave Energy Systems - 18-Dec-24
2025-05-06 18:58:29,242 - INFO - Found funding amount: 9500000
2025-05-06 18:58:29,293 - INFO - Extracted: Fraction AI - 18-Dec-24
2025-05-06 18:58:29,293 - INFO - Found funding amount: 6000000
2025-05-06 18:58:29,354 - INFO - Extracted: Schwarm Technologies Inc. - 17-Dec-24
2025-05-06 18:58:29,354 - INFO - Found funding amount: 3027055
2025-05-06 18:58:29,421 - INFO - Extracted: Landbase - 17-Dec-24
2025-05-06 18:58:29,421 - INFO - Found funding amount: 12500000
2025-05-06 18:58:29,487 - INFO - Extracted: Acre - 17-Dec-24
2025-05-06 18:58:29,488 - INFO - Found funding amount: 10000000
2025-05-06 18:58:29,489 - INFO - Successfully extracted 20 new companies from page 1
2025-05-06 18:58:29,490 - INFO - Attempting to navigate from page 1
2025-05-06 18:58:35,723 - INFO - JavaScript verification confirmed page changed
2025-05-06 18:58:36,377 - INFO - Extracting data from page 2
2025-05-06 18:58:37,139 - INFO - Trying standard table extraction
2025-05-06 18:58:37,393 - INFO - Found funding amount column at index 6
2025-05-06 18:58:37,423 - INFO - Found headquarters column at index 7
2025-05-06 18:58:37,435 - INFO - Found 22 potential data rows
2025-05-06 18:58:37,545 - INFO - Extracted: Finexio - 17-Dec-24
2025-05-06 18:58:37,545 - INFO - Found funding amount: 10000000
2025-05-06 18:58:37,612 - INFO - Extracted: Anatomy Financial - 17-Dec-24
2025-05-06 18:58:37,613 - INFO - Found funding amount: 19000000
2025-05-06 18:58:37,650 - INFO - Extracted: Serverfarm - 17-Dec-24
2025-05-06 18:58:37,650 - INFO - Found funding amount: 1637000000
2025-05-06 18:58:37,685 - INFO - Extracted: Flair - 17-Dec-24
2025-05-06 18:58:37,685 - INFO - Found funding amount: 0
2025-05-06 18:58:37,723 - INFO - Extracted: Leapfin - 17-Dec-24
2025-05-06 18:58:37,724 - INFO - Found funding amount: 1000000
2025-05-06 18:58:37,762 - INFO - Extracted: Parafin - 17-Dec-24
2025-05-06 18:58:37,762 - INFO - Found funding amount: 100000000
2025-05-06 18:58:37,814 - INFO - Extracted: Indapta Therapeutics - 17-Dec-24
2025-05-06 18:58:37,814 - INFO - Found funding amount: 22500000
2025-05-06 18:58:37,863 - INFO - Extracted: Xcell Biosciences - 17-Dec-24
2025-05-06 18:58:37,864 - INFO - Found funding amount: 1400000
2025-05-06 18:58:37,904 - INFO - Extracted: Jiko - 12-Dec-24
2025-05-06 18:58:37,904 - INFO - Found funding amount: 29000000
2025-05-06 18:58:37,940 - INFO - Extracted: One - 12-Dec-24
2025-05-06 18:58:37,940 - INFO - Found funding amount: 300000000
2025-05-06 18:58:37,977 - INFO - Extracted: Evinced - 12-Dec-24
2025-05-06 18:58:37,977 - INFO - Found funding amount: 55000000
2025-05-06 18:58:38,013 - INFO - Extracted: Twelve Labs - 12-Dec-24
2025-05-06 18:58:38,013 - INFO - Found funding amount: 30000000
2025-05-06 18:58:38,054 - INFO - Extracted: Terradot - 12-Dec-24
2025-05-06 18:58:38,054 - INFO - Found funding amount: 54000000
2025-05-06 18:58:38,090 - INFO - Extracted: Cartesia - 12-Dec-24
2025-05-06 18:58:38,090 - INFO - Found funding amount: 22000000
2025-05-06 18:58:38,130 - INFO - Extracted: Vantis Vascular - 12-Dec-24
2025-05-06 18:58:38,130 - INFO - Found funding amount: 10000000
2025-05-06 18:58:38,166 - INFO - Extracted: Alessa Therapeutics - 12-Dec-24
2025-05-06 18:58:38,166 - INFO - Found funding amount: 15000000
2025-05-06 18:58:38,199 - INFO - Extracted: Gigs - 12-Dec-24
2025-05-06 18:58:38,199 - INFO - Found funding amount: 73000000
2025-05-06 18:58:38,232 - INFO - Extracted: Immi - 12-Dec-24
2025-05-06 18:58:38,232 - INFO - Found funding amount: 3000000
2025-05-06 18:58:38,269 - INFO - Extracted: Albert Invent - 11-Dec-24
2025-05-06 18:58:38,269 - INFO - Found funding amount: 22500000
2025-05-06 18:58:38,304 - INFO - Extracted: Strategic Venue Partners - 11-Dec-24
2025-05-06 18:58:38,304 - INFO - Found funding amount: 0
2025-05-06 18:58:38,304 - INFO - Successfully extracted 20 new companies from page 2
2025-05-06 18:58:38,304 - INFO - Attempting to navigate from page 2
2025-05-06 18:58:43,947 - INFO - JavaScript verification confirmed page changed
2025-05-06 18:58:44,963 - INFO - Extracting data from page 3
2025-05-06 18:58:45,575 - INFO - Trying standard table extraction
2025-05-06 18:58:45,609 - INFO - Found funding amount column at index 6
2025-05-06 18:58:45,612 - INFO - Found headquarters column at index 7
2025-05-06 18:58:45,620 - INFO - Found 22 potential data rows
2025-05-06 18:58:45,671 - INFO - Extracted: Parsec Education - 11-Dec-24
2025-05-06 18:58:45,671 - INFO - Found funding amount: 8000000
2025-05-06 18:58:45,724 - INFO - Extracted: Saltmine - 11-Dec-24
2025-05-06 18:58:45,724 - INFO - Found funding amount: 0
2025-05-06 18:58:45,777 - INFO - Extracted: NeuBird - 11-Dec-24
2025-05-06 18:58:45,777 - INFO - Found funding amount: 22500000
2025-05-06 18:58:45,819 - INFO - Extracted: Aimon Labs - 11-Dec-24
2025-05-06 18:58:45,819 - INFO - Found funding amount: 2300000
2025-05-06 18:58:45,866 - INFO - Extracted: Ayar Labs - 11-Dec-24
2025-05-06 18:58:45,866 - INFO - Found funding amount: 155000000
2025-05-06 18:58:45,910 - INFO - Extracted: Vapi - 11-Dec-24
2025-05-06 18:58:45,910 - INFO - Found funding amount: 20000000
2025-05-06 18:58:45,947 - INFO - Extracted: EzDubs - 11-Dec-24
2025-05-06 18:58:45,947 - INFO - Found funding amount: 4200000
2025-05-06 18:58:45,986 - INFO - Extracted: Capstan Medical - 11-Dec-24
2025-05-06 18:58:45,987 - INFO - Found funding amount: 110000000
2025-05-06 18:58:46,024 - INFO - Extracted: Reveal Technology - 11-Dec-24
2025-05-06 18:58:46,024 - INFO - Found funding amount: 11200000
2025-05-06 18:58:46,058 - INFO - Extracted: Tosi - 11-Dec-24
2025-05-06 18:58:46,058 - INFO - Found funding amount: 15805308
2025-05-06 18:58:46,113 - INFO - Extracted: Azimuth AI - 11-Dec-24
2025-05-06 18:58:46,113 - INFO - Found funding amount: 11500000
2025-05-06 18:58:46,150 - INFO - Extracted: Cohesity - 10-Dec-24
2025-05-06 18:58:46,150 - INFO - Found funding amount: 0
2025-05-06 18:58:46,187 - INFO - Extracted: Speak - 10-Dec-24
2025-05-06 18:58:46,187 - INFO - Found funding amount: 78000000
2025-05-06 18:58:46,225 - INFO - Extracted: Mainframe - 10-Dec-24
2025-05-06 18:58:46,225 - INFO - Found funding amount: 5500000
2025-05-06 18:58:46,261 - INFO - Extracted: Gyaan - 10-Dec-24
2025-05-06 18:58:46,262 - INFO - Found funding amount: 5000000
2025-05-06 18:58:46,298 - INFO - Extracted: WeaveGrid - 10-Dec-24
2025-05-06 18:58:46,298 - INFO - Found funding amount: 28000000
2025-05-06 18:58:46,335 - INFO - Extracted: WindBorne Systems - 10-Dec-24
2025-05-06 18:58:46,335 - INFO - Found funding amount: 5000000
2025-05-06 18:58:46,371 - INFO - Extracted: Exabits AI - 10-Dec-24
2025-05-06 18:58:46,371 - INFO - Found funding amount: 15000000
2025-05-06 18:58:46,409 - INFO - Extracted: Gentrace - 10-Dec-24
2025-05-06 18:58:46,409 - INFO - Found funding amount: 8000000
2025-05-06 18:58:46,446 - INFO - Extracted: LambdaTest - 10-Dec-24
2025-05-06 18:58:46,446 - INFO - Found funding amount: 38000000
2025-05-06 18:58:46,446 - INFO - Successfully extracted 20 new companies from page 3
2025-05-06 18:58:46,446 - INFO - Attempting to navigate from page 3
2025-05-06 18:58:52,530 - INFO - JavaScript verification confirmed page changed
2025-05-06 18:58:53,339 - INFO - Extracting data from page 4
2025-05-06 18:58:53,826 - INFO - Trying standard table extraction
2025-05-06 18:58:53,859 - INFO - Found funding amount column at index 6
2025-05-06 18:58:53,863 - INFO - Found headquarters column at index 7
2025-05-06 18:58:53,870 - INFO - Found 22 potential data rows
2025-05-06 18:58:53,916 - INFO - Extracted: Aarvik Therapeutics - 10-Dec-24
2025-05-06 18:58:53,916 - INFO - Found funding amount: 1165000
2025-05-06 18:58:53,950 - INFO - Extracted: WaveForms AI - 10-Dec-24
2025-05-06 18:58:53,950 - INFO - Found funding amount: 40000000
2025-05-06 18:58:53,984 - INFO - Extracted: Wald.ai - 10-Dec-24
2025-05-06 18:58:53,984 - INFO - Found funding amount: 4000000
2025-05-06 18:58:54,024 - INFO - Extracted: Wildflower Health - 10-Dec-24
2025-05-06 18:58:54,024 - INFO - Found funding amount: 17939793
2025-05-06 18:58:54,064 - INFO - Extracted: Aampe - 10-Dec-24
2025-05-06 18:58:54,064 - INFO - Found funding amount: 18000000
2025-05-06 18:58:54,102 - INFO - Extracted: Cala Health - 9-Dec-24
2025-05-06 18:58:54,102 - INFO - Found funding amount: 50000000
2025-05-06 18:58:54,139 - INFO - Extracted: Sofar Ocean - 9-Dec-24
2025-05-06 18:58:54,140 - INFO - Found funding amount: 18250002
2025-05-06 18:58:54,176 - INFO - Extracted: Friend - 9-Dec-24
2025-05-06 18:58:54,176 - INFO - Found funding amount: 5400000
2025-05-06 18:58:54,213 - INFO - Extracted: Lava - 9-Dec-24
2025-05-06 18:58:54,213 - INFO - Found funding amount: 10000000
2025-05-06 18:58:54,252 - INFO - Extracted: MiSalud - 9-Dec-24
2025-05-06 18:58:54,252 - INFO - Found funding amount: 8000000
2025-05-06 18:58:54,288 - INFO - Extracted: Lucra Sports - 5-Dec-24
2025-05-06 18:58:54,288 - INFO - Found funding amount: 10000000
2025-05-06 18:58:54,328 - INFO - Extracted: Across AI - 5-Dec-24
2025-05-06 18:58:54,329 - INFO - Found funding amount: 5750000
2025-05-06 18:58:54,364 - INFO - Extracted: BITKRAFT Ventures - 5-Dec-24
2025-05-06 18:58:54,365 - INFO - Found funding amount: 0
2025-05-06 18:58:54,407 - INFO - Extracted: Nuvig Therapeutics - 5-Dec-24
2025-05-06 18:58:54,407 - INFO - Found funding amount: 161000000
2025-05-06 18:58:54,449 - INFO - Extracted: FutureSearch - 5-Dec-24
2025-05-06 18:58:54,449 - INFO - Found funding amount: 5794991
2025-05-06 18:58:54,483 - INFO - Extracted: Solana - 5-Dec-24
2025-05-06 18:58:54,483 - INFO - Found funding amount: 1500000
2025-05-06 18:58:54,518 - INFO - Extracted: Rubi Laboratories - 5-Dec-24
2025-05-06 18:58:54,519 - INFO - Found funding amount: 969961
2025-05-06 18:58:54,555 - INFO - Extracted: East Oakland Youth Development Center - 5-Dec-24
2025-05-06 18:58:54,555 - INFO - Found funding amount: 0
2025-05-06 18:58:54,589 - INFO - Extracted: Axiado Corporation - 4-Dec-24
2025-05-06 18:58:54,589 - INFO - Found funding amount: 60000000
2025-05-06 18:58:54,626 - INFO - Extracted: Enterpret - 4-Dec-24
2025-05-06 18:58:54,626 - INFO - Found funding amount: 20800000
2025-05-06 18:58:54,626 - INFO - Successfully extracted 20 new companies from page 4
2025-05-06 18:58:54,626 - INFO - Attempting to navigate from page 4
2025-05-06 18:59:00,609 - INFO - JavaScript verification confirmed page changed
2025-05-06 18:59:01,515 - INFO - Extracting data from page 5
2025-05-06 18:59:02,304 - INFO - Trying standard table extraction
2025-05-06 18:59:02,337 - INFO - Found funding amount column at index 6
2025-05-06 18:59:02,341 - INFO - Found headquarters column at index 7
2025-05-06 18:59:02,350 - INFO - Found 22 potential data rows
2025-05-06 18:59:02,404 - INFO - Extracted: HappyRobot - 4-Dec-24
2025-05-06 18:59:02,404 - INFO - Found funding amount: 15600000
2025-05-06 18:59:02,439 - INFO - Extracted: Offcall - 4-Dec-24
2025-05-06 18:59:02,440 - INFO - Found funding amount: 2000000
2025-05-06 18:59:02,476 - INFO - Extracted: Etestho - 4-Dec-24
2025-05-06 18:59:02,476 - INFO - Found funding amount: 0
2025-05-06 18:59:02,524 - INFO - Extracted: Antheia - 3-Dec-24
2025-05-06 18:59:02,525 - INFO - Found funding amount: 12000000
2025-05-06 18:59:02,562 - INFO - Extracted: Aerospike - 3-Dec-24
2025-05-06 18:59:02,562 - INFO - Found funding amount: 109000000
2025-05-06 18:59:02,604 - INFO - Extracted: Yurts Technologies Inc - 3-Dec-24
2025-05-06 18:59:02,604 - INFO - Found funding amount: 40000000
2025-05-06 18:59:02,639 - INFO - Extracted: The Tech Interactive - 3-Dec-24
2025-05-06 18:59:02,639 - INFO - Found funding amount: 0
2025-05-06 18:59:02,678 - INFO - Extracted: Maze Therapeutics - 3-Dec-24
2025-05-06 18:59:02,678 - INFO - Found funding amount: 115000000
2025-05-06 18:59:02,712 - INFO - Extracted: MakersHub - 3-Dec-24
2025-05-06 18:59:02,712 - INFO - Found funding amount: 7000000
2025-05-06 18:59:02,747 - INFO - Extracted: Vooma - 2-Dec-24
2025-05-06 18:59:02,747 - INFO - Found funding amount: 13000000
2025-05-06 18:59:02,781 - INFO - Extracted: Lumin Digital - 2-Dec-24
2025-05-06 18:59:02,781 - INFO - Found funding amount: 160000000
2025-05-06 18:59:02,815 - INFO - Extracted: Upwind Security - 2-Dec-24
2025-05-06 18:59:02,815 - INFO - Found funding amount: 100000000
2025-05-06 18:59:02,848 - INFO - Extracted: CSpeed - 2-Dec-24
2025-05-06 18:59:02,848 - INFO - Found funding amount: 28349982
2025-05-06 18:59:02,883 - INFO - Extracted: Cardless - 26-Nov-24
2025-05-06 18:59:02,883 - INFO - Found funding amount: 30000000
2025-05-06 18:59:02,928 - INFO - Extracted: Sirona Medical - 26-Nov-24
2025-05-06 18:59:02,928 - INFO - Found funding amount: 42000000
2025-05-06 18:59:02,963 - INFO - Extracted: Wherobots Inc. - 26-Nov-24
2025-05-06 18:59:02,963 - INFO - Found funding amount: 21500000
2025-05-06 18:59:02,997 - INFO - Extracted: Circleback - 26-Nov-24
2025-05-06 18:59:02,997 - INFO - Found funding amount: 2500000
2025-05-06 18:59:03,031 - INFO - Extracted: Mindstate Design Labs - 26-Nov-24
2025-05-06 18:59:03,031 - INFO - Found funding amount: 12698587
2025-05-06 18:59:03,064 - INFO - Extracted: Femtosense - 26-Nov-24
2025-05-06 18:59:03,064 - INFO - Found funding amount: 4258347
2025-05-06 18:59:03,097 - INFO - Extracted: Play.ht - 25-Nov-24
2025-05-06 18:59:03,097 - INFO - Found funding amount: 21000000
2025-05-06 18:59:03,097 - INFO - Successfully extracted 20 new companies from page 5
2025-05-06 18:59:03,097 - INFO - Attempting to navigate from page 5
2025-05-06 18:59:09,414 - INFO - JavaScript verification confirmed page changed
2025-05-06 18:59:10,328 - INFO - Extracting data from page 6
2025-05-06 18:59:11,019 - INFO - Trying standard table extraction
2025-05-06 18:59:11,051 - INFO - Found funding amount column at index 6
2025-05-06 18:59:11,056 - INFO - Found headquarters column at index 7
2025-05-06 18:59:11,064 - INFO - Found 22 potential data rows
2025-05-06 18:59:11,115 - INFO - Extracted: Tempest DX - 25-Nov-24
2025-05-06 18:59:11,115 - INFO - Found funding amount: 3200000
2025-05-06 18:59:11,157 - INFO - Extracted: Trustero - 21-Nov-24
2025-05-06 18:59:11,157 - INFO - Found funding amount: 10350000
2025-05-06 18:59:11,189 - INFO - Extracted: Epic Cleantec - 21-Nov-24
2025-05-06 18:59:11,189 - INFO - Found funding amount: 12000000
2025-05-06 18:59:11,227 - INFO - Extracted: VISO TRUST - 21-Nov-24
2025-05-06 18:59:11,227 - INFO - Found funding amount: 7000000
2025-05-06 18:59:11,263 - INFO - Extracted: Aviz Networks - 21-Nov-24
2025-05-06 18:59:11,264 - INFO - Found funding amount: 17000000
2025-05-06 18:59:11,617 - INFO - Extracted: Arcade - 21-Nov-24
2025-05-06 18:59:11,617 - INFO - Found funding amount: 14000000
2025-05-06 18:59:11,724 - INFO - Extracted: Anomalo - 21-Nov-24
2025-05-06 18:59:11,724 - INFO - Found funding amount: 10000000
2025-05-06 18:59:11,758 - INFO - Extracted: Teleo - 21-Nov-24
2025-05-06 18:59:11,759 - INFO - Found funding amount: 7000000
2025-05-06 18:59:11,796 - INFO - Extracted: Wordware - 21-Nov-24
2025-05-06 18:59:11,796 - INFO - Found funding amount: 30000000
2025-05-06 18:59:11,832 - INFO - Extracted: Aira Technologies - 20-Nov-24
2025-05-06 18:59:11,833 - INFO - Found funding amount: 14500000
2025-05-06 18:59:11,867 - INFO - Extracted: Generate Capital - 20-Nov-24
2025-05-06 18:59:11,867 - INFO - Found funding amount: 1200000000
2025-05-06 18:59:11,903 - INFO - Extracted: Rox - 20-Nov-24
2025-05-06 18:59:11,903 - INFO - Found funding amount: 50000000
2025-05-06 18:59:11,952 - INFO - Extracted: Aethero - 20-Nov-24
2025-05-06 18:59:11,952 - INFO - Found funding amount: 0
2025-05-06 18:59:12,024 - INFO - Extracted: Federato - 20-Nov-24
2025-05-06 18:59:12,024 - INFO - Found funding amount: 40000000
2025-05-06 18:59:12,072 - INFO - Extracted: Distru - 20-Nov-24
2025-05-06 18:59:12,072 - INFO - Found funding amount: 6000000
2025-05-06 18:59:12,114 - INFO - Extracted: THEO AI - 20-Nov-24
2025-05-06 18:59:12,114 - INFO - Found funding amount: 2200000
2025-05-06 18:59:12,183 - INFO - Extracted: Shinami - 20-Nov-24
2025-05-06 18:59:12,183 - INFO - Found funding amount: 5650000
2025-05-06 18:59:12,234 - INFO - Extracted: PostSig - 20-Nov-24
2025-05-06 18:59:12,235 - INFO - Found funding amount: 1200000
2025-05-06 18:59:12,277 - INFO - Extracted: Flywheel Dynamix - 20-Nov-24
2025-05-06 18:59:12,277 - INFO - Found funding amount: 7000000
2025-05-06 18:59:12,325 - INFO - Extracted: New Lantern - 20-Nov-24
2025-05-06 18:59:12,325 - INFO - Found funding amount: 19000000
2025-05-06 18:59:12,325 - INFO - Successfully extracted 20 new companies from page 6
2025-05-06 18:59:12,325 - INFO - Attempting to navigate from page 6
2025-05-06 18:59:18,560 - INFO - JavaScript verification confirmed page changed
2025-05-06 18:59:19,466 - INFO - Extracting data from page 7
2025-05-06 18:59:20,463 - INFO - Trying standard table extraction
2025-05-06 18:59:20,495 - INFO - Found funding amount column at index 6
2025-05-06 18:59:20,499 - INFO - Found headquarters column at index 7
2025-05-06 18:59:20,508 - INFO - Found 22 potential data rows
2025-05-06 18:59:20,563 - INFO - Extracted: Certinia - 19-Nov-24
2025-05-06 18:59:20,563 - INFO - Found funding amount: 0
2025-05-06 18:59:20,598 - INFO - Extracted: Kong - 19-Nov-24
2025-05-06 18:59:20,599 - INFO - Found funding amount: 175000000
2025-05-06 18:59:20,634 - INFO - Extracted: Kintsugi AI - 19-Nov-24
2025-05-06 18:59:20,634 - INFO - Found funding amount: 4000000
2025-05-06 18:59:20,670 - INFO - Extracted: StoreCash - 19-Nov-24
2025-05-06 18:59:20,670 - INFO - Found funding amount: 3700000
2025-05-06 18:59:20,705 - INFO - Extracted: Spectro Cloud - 19-Nov-24
2025-05-06 18:59:20,705 - INFO - Found funding amount: 75000000
2025-05-06 18:59:20,744 - INFO - Extracted: BrightAI - 19-Nov-24
2025-05-06 18:59:20,744 - INFO - Found funding amount: 15000000
2025-05-06 18:59:20,788 - INFO - Extracted: Open Source Wellness - 19-Nov-24
2025-05-06 18:59:20,788 - INFO - Found funding amount: 0
2025-05-06 18:59:20,826 - INFO - Extracted: Neo4j - 19-Nov-24
2025-05-06 18:59:20,826 - INFO - Found funding amount: 50000000
2025-05-06 18:59:20,861 - INFO - Extracted: Rain AI - 19-Nov-24
2025-05-06 18:59:20,861 - INFO - Found funding amount: 150000000
2025-05-06 18:59:20,902 - INFO - Extracted: JustPaid - 19-Nov-24
2025-05-06 18:59:20,902 - INFO - Found funding amount: 3500000
2025-05-06 18:59:20,940 - INFO - Extracted: Cresta - 19-Nov-24
2025-05-06 18:59:20,940 - INFO - Found funding amount: 125000000
2025-05-06 18:59:20,977 - INFO - Extracted: Enfabrica - 19-Nov-24
2025-05-06 18:59:20,977 - INFO - Found funding amount: 115000000
2025-05-06 18:59:21,012 - INFO - Extracted: ANAFLASH - 19-Nov-24
2025-05-06 18:59:21,012 - INFO - Found funding amount: 0
2025-05-06 18:59:21,049 - INFO - Extracted: Open Philanthropy - 18-Nov-24
2025-05-06 18:59:21,049 - INFO - Found funding amount: 0
2025-05-06 18:59:21,084 - INFO - Extracted: California University of Science and Medicine - 18-Nov-24
2025-05-06 18:59:21,084 - INFO - Found funding amount: 0
2025-05-06 18:59:21,120 - INFO - Extracted: Zenflow - 18-Nov-24
2025-05-06 18:59:21,120 - INFO - Found funding amount: 24000000
2025-05-06 18:59:21,156 - INFO - Extracted: Radiant - 14-Nov-24
2025-05-06 18:59:21,156 - INFO - Found funding amount: 100000000
2025-05-06 18:59:21,192 - INFO - Extracted: Athina AI - 14-Nov-24
2025-05-06 18:59:21,192 - INFO - Found funding amount: 250000000
2025-05-06 18:59:21,228 - INFO - Extracted: Team-GPT - 14-Nov-24
2025-05-06 18:59:21,228 - INFO - Found funding amount: 4500000
2025-05-06 18:59:21,264 - INFO - Extracted: Falkonry - 14-Nov-24
2025-05-06 18:59:21,264 - INFO - Found funding amount: 3387133
2025-05-06 18:59:21,264 - INFO - Successfully extracted 20 new companies from page 7
2025-05-06 18:59:21,264 - INFO - Attempting to navigate from page 7
2025-05-06 18:59:26,446 - INFO - JavaScript verification confirmed page changed
2025-05-06 18:59:27,509 - INFO - Extracting data from page 8
2025-05-06 18:59:27,993 - INFO - Trying standard table extraction
2025-05-06 18:59:28,026 - INFO - Found funding amount column at index 6
2025-05-06 18:59:28,030 - INFO - Found headquarters column at index 7
2025-05-06 18:59:28,039 - INFO - Found 22 potential data rows
2025-05-06 18:59:28,091 - INFO - Extracted: Leland - 13-Nov-24
2025-05-06 18:59:28,091 - INFO - Found funding amount: 12000000
2025-05-06 18:59:28,130 - INFO - Extracted: TRex Bio - 13-Nov-24
2025-05-06 18:59:28,130 - INFO - Found funding amount: 84000000
2025-05-06 18:59:28,167 - INFO - Extracted: Medeloop - 13-Nov-24
2025-05-06 18:59:28,167 - INFO - Found funding amount: 15500000
2025-05-06 18:59:28,203 - INFO - Extracted: OneSkin - 13-Nov-24
2025-05-06 18:59:28,204 - INFO - Found funding amount: 6999929
2025-05-06 18:59:28,249 - INFO - Extracted: The WiTT Group - 13-Nov-24
2025-05-06 18:59:28,249 - INFO - Found funding amount: 0
2025-05-06 18:59:28,285 - INFO - Extracted: Riot - 13-Nov-24
2025-05-06 18:59:28,286 - INFO - Found funding amount: 27597597
2025-05-06 18:59:28,321 - INFO - Extracted: Writer - 12-Nov-24
2025-05-06 18:59:28,322 - INFO - Found funding amount: 200000000
2025-05-06 18:59:28,357 - INFO - Extracted: Trace Neuroscience - 12-Nov-24
2025-05-06 18:59:28,357 - INFO - Found funding amount: 101000000
2025-05-06 18:59:28,391 - INFO - Extracted: Fastino - 12-Nov-24
2025-05-06 18:59:28,391 - INFO - Found funding amount: 7000000
2025-05-06 18:59:28,429 - INFO - Extracted: Shiru - 12-Nov-24
2025-05-06 18:59:28,429 - INFO - Found funding amount: 16000000
2025-05-06 18:59:28,464 - INFO - Extracted: Outbuild - 12-Nov-24
2025-05-06 18:59:28,464 - INFO - Found funding amount: 11000000
2025-05-06 18:59:28,503 - INFO - Extracted: Anthrogen - 12-Nov-24
2025-05-06 18:59:28,503 - INFO - Found funding amount: 4000000
2025-05-06 18:59:28,540 - INFO - Extracted: Connecty AI - 11-Nov-24
2025-05-06 18:59:28,540 - INFO - Found funding amount: 1800000
2025-05-06 18:59:28,577 - INFO - Extracted: AirGarage - 8-Nov-24
2025-05-06 18:59:28,577 - INFO - Found funding amount: 11428497
2025-05-06 18:59:28,614 - INFO - Extracted: Fractional - 7-Nov-24
2025-05-06 18:59:28,614 - INFO - Found funding amount: 15000000
2025-05-06 18:59:28,653 - INFO - Extracted: Orbital Sidekick - 7-Nov-24
2025-05-06 18:59:28,653 - INFO - Found funding amount: 8626740
2025-05-06 18:59:28,688 - INFO - Extracted: Corgea - 6-Nov-24
2025-05-06 18:59:28,688 - INFO - Found funding amount: 2600000
2025-05-06 18:59:28,725 - INFO - Extracted: OptraScan - 6-Nov-24
2025-05-06 18:59:28,725 - INFO - Found funding amount: 30000000
2025-05-06 18:59:28,760 - INFO - Extracted: Workhelix - 5-Nov-24
2025-05-06 18:59:28,760 - INFO - Found funding amount: 15324979
2025-05-06 18:59:28,797 - INFO - Extracted: PrognomiQ - 5-Nov-24
2025-05-06 18:59:28,797 - INFO - Found funding amount: 34000000
2025-05-06 18:59:28,797 - INFO - Successfully extracted 20 new companies from page 8
2025-05-06 18:59:28,797 - INFO - Attempting to navigate from page 8
2025-05-06 18:59:34,025 - INFO - JavaScript verification confirmed page changed
2025-05-06 18:59:35,242 - INFO - Extracting data from page 9
2025-05-06 18:59:35,690 - INFO - Trying standard table extraction
2025-05-06 18:59:35,721 - INFO - Found funding amount column at index 6
2025-05-06 18:59:35,725 - INFO - Found headquarters column at index 7
2025-05-06 18:59:35,734 - INFO - Found 22 potential data rows
2025-05-06 18:59:35,782 - INFO - Extracted: Carvis.AI - 4-Nov-24
2025-05-06 18:59:35,782 - INFO - Found funding amount: 1200000
2025-05-06 18:59:35,817 - INFO - Extracted: Inquis Medical - 4-Nov-24
2025-05-06 18:59:35,817 - INFO - Found funding amount: 40000000
2025-05-06 18:59:35,855 - INFO - Extracted: Augment Code - 4-Nov-24
2025-05-06 18:59:35,855 - INFO - Found funding amount: 227000000
2025-05-06 18:59:35,894 - INFO - Extracted: Primergy Solar - 4-Nov-24
2025-05-06 18:59:35,894 - INFO - Found funding amount: 225000000
2025-05-06 18:59:35,936 - INFO - Extracted: Advex AI - 4-Nov-24
2025-05-06 18:59:35,936 - INFO - Found funding amount: 3500000
2025-05-06 18:59:35,968 - INFO - Extracted: The Nursing Beat - 4-Nov-24
2025-05-06 18:59:35,968 - INFO - Found funding amount: 0
2025-05-06 18:59:36,000 - INFO - Extracted: Cornerstone AI - 31-Oct-24
2025-05-06 18:59:36,000 - INFO - Found funding amount: 5000000
2025-05-06 18:59:36,033 - INFO - Extracted: Spot AI - 31-Oct-24
2025-05-06 18:59:36,033 - INFO - Found funding amount: 31000000
2025-05-06 18:59:36,068 - INFO - Extracted: Buddy.ai - 31-Oct-24
2025-05-06 18:59:36,068 - INFO - Found funding amount: 10200000
2025-05-06 18:59:36,104 - INFO - Extracted: Evommune - 31-Oct-24
2025-05-06 18:59:36,104 - INFO - Found funding amount: 115000000
2025-05-06 18:59:36,137 - INFO - Extracted: Bugcrowd - 31-Oct-24
2025-05-06 18:59:36,137 - INFO - Found funding amount: 50000000
2025-05-06 18:59:36,169 - INFO - Extracted: Decart - 31-Oct-24
2025-05-06 18:59:36,169 - INFO - Found funding amount: 21000000
2025-05-06 18:59:36,199 - INFO - Extracted: Birch Creek Development - 31-Oct-24
2025-05-06 18:59:36,199 - INFO - Found funding amount: 150000000
2025-05-06 18:59:36,237 - INFO - Extracted: Shadowbox - 31-Oct-24
2025-05-06 18:59:36,237 - INFO - Found funding amount: 2000000
2025-05-06 18:59:36,299 - INFO - Extracted: Delos Insurance - 31-Oct-24
2025-05-06 18:59:36,299 - INFO - Found funding amount: 9000000
2025-05-06 18:59:36,340 - INFO - Extracted: Bifrost AI - 30-Oct-24
2025-05-06 18:59:36,340 - INFO - Found funding amount: 8000000
2025-05-06 18:59:36,384 - INFO - Extracted: Third Wave Automation - 30-Oct-24
2025-05-06 18:59:36,384 - INFO - Found funding amount: 27000000
2025-05-06 18:59:36,420 - INFO - Extracted: Sapien - 29-Oct-24
2025-05-06 18:59:36,420 - INFO - Found funding amount: 8700000
2025-05-06 18:59:36,452 - INFO - Extracted: HomeBoost - 29-Oct-24
2025-05-06 18:59:36,453 - INFO - Found funding amount: 4000000
2025-05-06 18:59:36,500 - INFO - Extracted: LifeSaver Mobile - 29-Oct-24
2025-05-06 18:59:36,500 - INFO - Found funding amount: 0
2025-05-06 18:59:36,500 - INFO - Successfully extracted 20 new companies from page 9
2025-05-06 18:59:36,500 - INFO - Attempting to navigate from page 9
2025-05-06 18:59:43,018 - INFO - JavaScript verification confirmed page changed
2025-05-06 18:59:43,874 - INFO - Extracting data from page 10
2025-05-06 18:59:44,883 - INFO - Trying standard table extraction
2025-05-06 18:59:44,942 - INFO - Found funding amount column at index 6
2025-05-06 18:59:44,947 - INFO - Found headquarters column at index 7
2025-05-06 18:59:44,957 - INFO - Found 22 potential data rows
2025-05-06 18:59:45,003 - INFO - Extracted: CredibleMind - 29-Oct-24
2025-05-06 18:59:45,003 - INFO - Found funding amount: 7500000
2025-05-06 18:59:45,033 - INFO - Extracted: Opus Guard - 29-Oct-24
2025-05-06 18:59:45,033 - INFO - Found funding amount: 0
2025-05-06 18:59:45,075 - INFO - Extracted: GMI Cloud - 29-Oct-24
2025-05-06 18:59:45,075 - INFO - Found funding amount: 67000000
2025-05-06 18:59:45,105 - INFO - Extracted: Browserbase - 29-Oct-24
2025-05-06 18:59:45,105 - INFO - Found funding amount: 21000000
2025-05-06 18:59:45,135 - INFO - Extracted: Armis Security - 28-Oct-24
2025-05-06 18:59:45,135 - INFO - Found funding amount: 200000000
2025-05-06 18:59:45,165 - INFO - Extracted: Kivu Bioscience - 28-Oct-24
2025-05-06 18:59:45,165 - INFO - Found funding amount: 92000000
2025-05-06 18:59:45,194 - INFO - Extracted: Sierra - 28-Oct-24
2025-05-06 18:59:45,195 - INFO - Found funding amount: 175000000
2025-05-06 18:59:45,224 - INFO - Extracted: Fondo - 28-Oct-24
2025-05-06 18:59:45,224 - INFO - Found funding amount: 7000000
2025-05-06 18:59:45,254 - INFO - Extracted: Abstract Security - 28-Oct-24
2025-05-06 18:59:45,254 - INFO - Found funding amount: 15000000
2025-05-06 18:59:45,283 - INFO - Extracted: Revyl - 28-Oct-24
2025-05-06 18:59:45,284 - INFO - Found funding amount: 1100000
2025-05-06 18:59:45,320 - INFO - Extracted: Pharos - 25-Oct-24
2025-05-06 18:59:45,320 - INFO - Found funding amount: 5000000
2025-05-06 18:59:45,350 - INFO - Extracted: Connect The Dots - 24-Oct-24
2025-05-06 18:59:45,350 - INFO - Found funding amount: 0
2025-05-06 18:59:45,379 - INFO - Extracted: Sociaaal - 24-Oct-24
2025-05-06 18:59:45,379 - INFO - Found funding amount: 4000000
2025-05-06 18:59:45,409 - INFO - Extracted: AnyLog - 24-Oct-24
2025-05-06 18:59:45,409 - INFO - Found funding amount: 3789997
2025-05-06 18:59:45,438 - INFO - Extracted: Concentric AI - 24-Oct-24
2025-05-06 18:59:45,438 - INFO - Found funding amount: 45000000
2025-05-06 18:59:45,468 - INFO - Extracted: PayToMe.co - 24-Oct-24
2025-05-06 18:59:45,468 - INFO - Found funding amount: 0
2025-05-06 18:59:45,497 - INFO - Extracted: Finix - 24-Oct-24
2025-05-06 18:59:45,497 - INFO - Found funding amount: 75000000
2025-05-06 18:59:45,527 - INFO - Extracted: Simbe Robotics - 24-Oct-24
2025-05-06 18:59:45,527 - INFO - Found funding amount: 50000000
2025-05-06 18:59:45,556 - INFO - Extracted: Oloid - 24-Oct-24
2025-05-06 18:59:45,556 - INFO - Found funding amount: 6000000
2025-05-06 18:59:45,585 - INFO - Extracted: Nimble Robotics - 23-Oct-24
2025-05-06 18:59:45,585 - INFO - Found funding amount: 106000000
2025-05-06 18:59:45,585 - INFO - Successfully extracted 20 new companies from page 10
2025-05-06 18:59:45,586 - INFO - Attempting to navigate from page 10
2025-05-06 18:59:51,659 - INFO - JavaScript verification confirmed page changed
2025-05-06 18:59:52,431 - INFO - Extracting data from page 11
2025-05-06 18:59:53,329 - INFO - Trying standard table extraction
2025-05-06 18:59:53,385 - INFO - Found funding amount column at index 6
2025-05-06 18:59:53,391 - INFO - Found headquarters column at index 7
2025-05-06 18:59:53,400 - INFO - Found 22 potential data rows
2025-05-06 18:59:53,445 - INFO - Extracted: Archy - 23-Oct-24
2025-05-06 18:59:53,445 - INFO - Found funding amount: 15000000
2025-05-06 18:59:53,474 - INFO - Extracted: Infinitus Systems - 23-Oct-24
2025-05-06 18:59:53,474 - INFO - Found funding amount: 51500000
2025-05-06 18:59:53,504 - INFO - Extracted: Courie - 23-Oct-24
2025-05-06 18:59:53,504 - INFO - Found funding amount: 3825000
2025-05-06 18:59:53,533 - INFO - Extracted: Anthro Energy - 23-Oct-24
2025-05-06 18:59:53,533 - INFO - Found funding amount: 24900000
2025-05-06 18:59:53,562 - INFO - Extracted: LAWFTY - 23-Oct-24
2025-05-06 18:59:53,562 - INFO - Found funding amount: 40000000
2025-05-06 18:59:53,598 - INFO - Extracted: BodySpec - 22-Oct-24
2025-05-06 18:59:53,598 - INFO - Found funding amount: 3999998
2025-05-06 18:59:53,628 - INFO - Extracted: Nooks - 22-Oct-24
2025-05-06 18:59:53,628 - INFO - Found funding amount: 43000000
2025-05-06 18:59:53,657 - INFO - Extracted: CrewAI - 22-Oct-24
2025-05-06 18:59:53,657 - INFO - Found funding amount: 12000000
2025-05-06 18:59:53,686 - INFO - Extracted: Qpoint - 22-Oct-24
2025-05-06 18:59:53,686 - INFO - Found funding amount: 4000000
2025-05-06 18:59:53,715 - INFO - Extracted: Globality - 22-Oct-24
2025-05-06 18:59:53,715 - INFO - Found funding amount: 47000000
2025-05-06 18:59:53,744 - INFO - Extracted: Socket - 22-Oct-24
2025-05-06 18:59:53,744 - INFO - Found funding amount: 40000000
2025-05-06 18:59:53,774 - INFO - Extracted: Mainspring Energy - 22-Oct-24
2025-05-06 18:59:53,774 - INFO - Found funding amount: 87000000
2025-05-06 18:59:53,803 - INFO - Extracted: interface.ai - 22-Oct-24
2025-05-06 18:59:53,803 - INFO - Found funding amount: 20000000
2025-05-06 18:59:53,832 - INFO - Extracted: Trellis Bioscience - 22-Oct-24
2025-05-06 18:59:53,832 - INFO - Found funding amount: 0
2025-05-06 18:59:53,862 - INFO - Extracted: Revelation Partners - 22-Oct-24
2025-05-06 18:59:53,862 - INFO - Found funding amount: 0
2025-05-06 18:59:53,891 - INFO - Extracted: Genmo - 22-Oct-24
2025-05-06 18:59:53,891 - INFO - Found funding amount: 28400000
2025-05-06 18:59:53,921 - INFO - Extracted: ItsWare - 22-Oct-24
2025-05-06 18:59:53,921 - INFO - Found funding amount: 856464
2025-05-06 18:59:53,953 - INFO - Extracted: Avenue Biosciences - 22-Oct-24
2025-05-06 18:59:53,953 - INFO - Found funding amount: 2500000
2025-05-06 18:59:53,982 - INFO - Extracted: Zip - 21-Oct-24
2025-05-06 18:59:53,982 - INFO - Found funding amount: 190000000
2025-05-06 18:59:54,012 - INFO - Extracted: HealthEx - 21-Oct-24
2025-05-06 18:59:54,012 - INFO - Found funding amount: 14000000
2025-05-06 18:59:54,012 - INFO - Successfully extracted 20 new companies from page 11
2025-05-06 18:59:54,012 - INFO - Attempting to navigate from page 11
2025-05-06 18:59:59,135 - INFO - JavaScript verification confirmed page changed
2025-05-06 18:59:59,625 - INFO - Extracting data from page 12
2025-05-06 19:00:00,217 - INFO - Trying standard table extraction
2025-05-06 19:00:00,276 - INFO - Found funding amount column at index 6
2025-05-06 19:00:00,281 - INFO - Found headquarters column at index 7
2025-05-06 19:00:00,291 - INFO - Found 22 potential data rows
2025-05-06 19:00:00,345 - INFO - Extracted: Uprise - 21-Oct-24
2025-05-06 19:00:00,345 - INFO - Found funding amount: 3300000
2025-05-06 19:00:00,375 - INFO - Extracted: Voxela - 21-Oct-24
2025-05-06 19:00:00,376 - INFO - Found funding amount: 0
2025-05-06 19:00:00,405 - INFO - Extracted: Kick - 17-Oct-24
2025-05-06 19:00:00,405 - INFO - Found funding amount: 9000000
2025-05-06 19:00:00,434 - INFO - Extracted: AN2 Therapeutics - 17-Oct-24
2025-05-06 19:00:00,434 - INFO - Found funding amount: 0
2025-05-06 19:00:00,464 - INFO - Extracted: Terray Therapeutics - 17-Oct-24
2025-05-06 19:00:00,464 - INFO - Found funding amount: 120000000
2025-05-06 19:00:00,493 - INFO - Extracted: Abel Police - 17-Oct-24
2025-05-06 19:00:00,493 - INFO - Found funding amount: 5000000
2025-05-06 19:00:00,523 - INFO - Extracted: Edgee - 17-Oct-24
2025-05-06 19:00:00,523 - INFO - Found funding amount: 2900000
2025-05-06 19:00:00,552 - INFO - Extracted: GetSetUp - 16-Oct-24
2025-05-06 19:00:00,553 - INFO - Found funding amount: 50000
2025-05-06 19:00:00,582 - INFO - Extracted: Samay - 16-Oct-24
2025-05-06 19:00:00,582 - INFO - Found funding amount: 350000
2025-05-06 19:00:00,610 - INFO - Extracted: Kiavi - 16-Oct-24
2025-05-06 19:00:00,611 - INFO - Found funding amount: 400000000
2025-05-06 19:00:00,640 - INFO - Extracted: Tako - 16-Oct-24
2025-05-06 19:00:00,640 - INFO - Found funding amount: 5750000
2025-05-06 19:00:00,670 - INFO - Extracted: Lightmatter - 16-Oct-24
2025-05-06 19:00:00,670 - INFO - Found funding amount: 400000000
2025-05-06 19:00:00,712 - INFO - Extracted: Agtonomy - 16-Oct-24
2025-05-06 19:00:00,713 - INFO - Found funding amount: 10000000
2025-05-06 19:00:00,874 - INFO - Extracted: PyrAmes, Inc. - 15-Oct-24
2025-05-06 19:00:00,874 - INFO - Found funding amount: 50000
2025-05-06 19:00:01,029 - INFO - Extracted: Alchemy - 15-Oct-24
2025-05-06 19:00:01,029 - INFO - Found funding amount: 31000000
2025-05-06 19:00:01,063 - INFO - Extracted: MDisrupt - 15-Oct-24
2025-05-06 19:00:01,063 - INFO - Found funding amount: 1000000
2025-05-06 19:00:01,097 - INFO - Extracted: Galileo - 15-Oct-24
2025-05-06 19:00:01,097 - INFO - Found funding amount: 45000000
2025-05-06 19:00:01,127 - INFO - Extracted: Azra Games - 15-Oct-24
2025-05-06 19:00:01,127 - INFO - Found funding amount: 42700000
2025-05-06 19:00:01,156 - INFO - Extracted: Chargie - 15-Oct-24
2025-05-06 19:00:01,156 - INFO - Found funding amount: 9300000
2025-05-06 19:00:01,186 - INFO - Extracted: Decagon - 15-Oct-24
2025-05-06 19:00:01,187 - INFO - Found funding amount: 65000000
2025-05-06 19:00:01,187 - INFO - Successfully extracted 20 new companies from page 12
2025-05-06 19:00:01,187 - INFO - Attempting to navigate from page 12
2025-05-06 19:00:06,253 - INFO - JavaScript verification confirmed page changed
2025-05-06 19:00:06,821 - INFO - Extracting data from page 13
2025-05-06 19:00:07,787 - INFO - Trying standard table extraction
2025-05-06 19:00:07,814 - INFO - Found funding amount column at index 6
2025-05-06 19:00:07,817 - INFO - Found headquarters column at index 7
2025-05-06 19:00:07,824 - INFO - Found 22 potential data rows
2025-05-06 19:00:07,869 - INFO - Extracted: Concourse - 15-Oct-24
2025-05-06 19:00:07,869 - INFO - Found funding amount: 4700000
2025-05-06 19:00:07,906 - INFO - Extracted: Stockguard - 15-Oct-24
2025-05-06 19:00:07,906 - INFO - Found funding amount: 5999999
2025-05-06 19:00:07,939 - INFO - Extracted: Neuron7.ai - 15-Oct-24
2025-05-06 19:00:07,939 - INFO - Found funding amount: 44000000
2025-05-06 19:00:07,971 - INFO - Extracted: Parakeet Health - 15-Oct-24
2025-05-06 19:00:07,971 - INFO - Found funding amount: 3000000
2025-05-06 19:00:08,009 - INFO - Extracted: Dryvebox - 14-Oct-24
2025-05-06 19:00:08,009 - INFO - Found funding amount: 0
2025-05-06 19:00:08,040 - INFO - Extracted: Blockcast - 14-Oct-24
2025-05-06 19:00:08,040 - INFO - Found funding amount: 2850000
2025-05-06 19:00:08,071 - INFO - Extracted: Cavecrack - 13-Oct-24
2025-05-06 19:00:08,071 - INFO - Found funding amount: 0
2025-05-06 19:00:08,101 - INFO - Extracted: Cerebelly - 10-Oct-24
2025-05-06 19:00:08,101 - INFO - Found funding amount: 3000000
2025-05-06 19:00:08,131 - INFO - Extracted: Suki - 10-Oct-24
2025-05-06 19:00:08,131 - INFO - Found funding amount: 70000000
2025-05-06 19:00:08,159 - INFO - Extracted: CytoVale - 10-Oct-24
2025-05-06 19:00:08,159 - INFO - Found funding amount: 100000000
2025-05-06 19:00:08,187 - INFO - Extracted: Zeal - 10-Oct-24
2025-05-06 19:00:08,187 - INFO - Found funding amount: 15000000
2025-05-06 19:00:08,219 - INFO - Extracted: Vidoc Security Lab - 10-Oct-24
2025-05-06 19:00:08,219 - INFO - Found funding amount: 0
2025-05-06 19:00:08,250 - INFO - Extracted: Relyance AI - 10-Oct-24
2025-05-06 19:00:08,250 - INFO - Found funding amount: 32000000
2025-05-06 19:00:08,283 - INFO - Extracted: Numeric - 10-Oct-24
2025-05-06 19:00:08,283 - INFO - Found funding amount: 28000000
2025-05-06 19:00:08,324 - INFO - Extracted: COVU - 10-Oct-24
2025-05-06 19:00:08,324 - INFO - Found funding amount: 12500000
2025-05-06 19:00:08,356 - INFO - Extracted: ApertureData - 10-Oct-24
2025-05-06 19:00:08,356 - INFO - Found funding amount: 5250000
2025-05-06 19:00:08,387 - INFO - Extracted: MiLaboratories - 10-Oct-24
2025-05-06 19:00:08,387 - INFO - Found funding amount: 10000000
2025-05-06 19:00:08,418 - INFO - Extracted: Glooko - 10-Oct-24
2025-05-06 19:00:08,418 - INFO - Found funding amount: 100000000
2025-05-06 19:00:08,445 - INFO - Extracted: IncumbentFI - 10-Oct-24
2025-05-06 19:00:08,445 - INFO - Found funding amount: 5639687
2025-05-06 19:00:08,473 - INFO - Extracted: Prophecy.io - 10-Oct-24
2025-05-06 19:00:08,473 - INFO - Found funding amount: 38799983
2025-05-06 19:00:08,473 - INFO - Successfully extracted 20 new companies from page 13
2025-05-06 19:00:08,473 - INFO - Attempting to navigate from page 13
2025-05-06 19:00:14,774 - INFO - JavaScript verification confirmed page changed
2025-05-06 19:00:15,692 - INFO - Extracting data from page 14
2025-05-06 19:00:16,325 - INFO - Trying standard table extraction
2025-05-06 19:00:16,395 - INFO - Found funding amount column at index 6
2025-05-06 19:00:16,400 - INFO - Found headquarters column at index 7
2025-05-06 19:00:16,411 - INFO - Found 22 potential data rows
2025-05-06 19:00:16,455 - INFO - Extracted: Sidepit - 10-Oct-24
2025-05-06 19:00:16,455 - INFO - Found funding amount: 0
2025-05-06 19:00:16,489 - INFO - Extracted: Astrix Health - 10-Oct-24
2025-05-06 19:00:16,489 - INFO - Found funding amount: 500000
2025-05-06 19:00:16,520 - INFO - Extracted: CEQAbase - 9-Oct-24
2025-05-06 19:00:16,520 - INFO - Found funding amount: 200000
2025-05-06 19:00:16,551 - INFO - Extracted: SimX - 9-Oct-24
2025-05-06 19:00:16,552 - INFO - Found funding amount: 1250000
2025-05-06 19:00:16,585 - INFO - Extracted: Bigeye - 9-Oct-24
2025-05-06 19:00:16,585 - INFO - Found funding amount: 5000000
2025-05-06 19:00:16,613 - INFO - Extracted: Drawer AI - 9-Oct-24
2025-05-06 19:00:16,613 - INFO - Found funding amount: 5000000
2025-05-06 19:00:16,640 - INFO - Extracted: Vultron - 9-Oct-24
2025-05-06 19:00:16,641 - INFO - Found funding amount: 4850000
2025-05-06 19:00:16,668 - INFO - Extracted: AppShip - 9-Oct-24
2025-05-06 19:00:16,668 - INFO - Found funding amount: 200000
2025-05-06 19:00:16,696 - INFO - Extracted: EvenUp - 8-Oct-24
2025-05-06 19:00:16,696 - INFO - Found funding amount: 135000000
2025-05-06 19:00:16,725 - INFO - Extracted: Tele911 - 8-Oct-24
2025-05-06 19:00:16,725 - INFO - Found funding amount: 6756624
2025-05-06 19:00:16,754 - INFO - Extracted: Kiva AI - 8-Oct-24
2025-05-06 19:00:16,754 - INFO - Found funding amount: 7000000
2025-05-06 19:00:16,787 - INFO - Extracted: Selonterra - 8-Oct-24
2025-05-06 19:00:16,787 - INFO - Found funding amount: 2500000
2025-05-06 19:00:16,816 - INFO - Extracted: Unify - 8-Oct-24
2025-05-06 19:00:16,817 - INFO - Found funding amount: 12000000
2025-05-06 19:00:16,846 - INFO - Extracted: Third Dimension AI - 8-Oct-24
2025-05-06 19:00:16,846 - INFO - Found funding amount: 7000000
2025-05-06 19:00:16,876 - INFO - Extracted: Distributional - 8-Oct-24
2025-05-06 19:00:16,876 - INFO - Found funding amount: 19000000
2025-05-06 19:00:16,905 - INFO - Extracted: Truthset - 8-Oct-24
2025-05-06 19:00:16,905 - INFO - Found funding amount: 5000000
2025-05-06 19:00:16,935 - INFO - Extracted: Stream - 8-Oct-24
2025-05-06 19:00:16,935 - INFO - Found funding amount: 5300000
2025-05-06 19:00:16,964 - INFO - Extracted: InterVene - 7-Oct-24
2025-05-06 19:00:16,964 - INFO - Found funding amount: 13000000
2025-05-06 19:00:16,997 - INFO - Extracted: Treya Partners - 7-Oct-24
2025-05-06 19:00:16,997 - INFO - Found funding amount: 0
2025-05-06 19:00:17,030 - INFO - Extracted: VESSL AI - 7-Oct-24
2025-05-06 19:00:17,030 - INFO - Found funding amount: 12200000
2025-05-06 19:00:17,030 - INFO - Successfully extracted 20 new companies from page 14
2025-05-06 19:00:17,030 - INFO - Attempting to navigate from page 14
2025-05-06 19:00:22,821 - INFO - JavaScript verification confirmed page changed
2025-05-06 19:00:23,816 - INFO - Extracting data from page 15
2025-05-06 19:00:24,611 - INFO - Trying standard table extraction
2025-05-06 19:00:24,667 - INFO - Found funding amount column at index 6
2025-05-06 19:00:24,673 - INFO - Found headquarters column at index 7
2025-05-06 19:00:24,682 - INFO - Found 22 potential data rows
2025-05-06 19:00:24,726 - INFO - Extracted: IOMETE - 7-Oct-24
2025-05-06 19:00:24,726 - INFO - Found funding amount: 0
2025-05-06 19:00:24,754 - INFO - Extracted: Kavia AI - 3-Oct-24
2025-05-06 19:00:24,755 - INFO - Found funding amount: 1000000
2025-05-06 19:00:24,783 - INFO - Extracted: OpenAI - 3-Oct-24
2025-05-06 19:00:24,783 - INFO - Found funding amount: 4000000000
2025-05-06 19:00:24,812 - INFO - Extracted: Paren - 3-Oct-24
2025-05-06 19:00:24,812 - INFO - Found funding amount: 3000000
2025-05-06 19:00:24,841 - INFO - Extracted: Integrated Biosciences - 3-Oct-24
2025-05-06 19:00:24,841 - INFO - Found funding amount: 17200000
2025-05-06 19:00:24,870 - INFO - Extracted: Booksy - 3-Oct-24
2025-05-06 19:00:24,870 - INFO - Found funding amount: 0
2025-05-06 19:00:24,899 - INFO - Extracted: Voyage AI - 3-Oct-24
2025-05-06 19:00:24,899 - INFO - Found funding amount: 20000000
2025-05-06 19:00:24,927 - INFO - Extracted: Valdera - 3-Oct-24
2025-05-06 19:00:24,928 - INFO - Found funding amount: 15000000
2025-05-06 19:00:24,957 - INFO - Extracted: Visolis - 3-Oct-24
2025-05-06 19:00:24,957 - INFO - Found funding amount: 2250000
2025-05-06 19:00:24,994 - INFO - Extracted: GuRu - 2-Oct-24
2025-05-06 19:00:24,994 - INFO - Found funding amount: 0
2025-05-06 19:00:25,024 - INFO - Extracted: Permanent - 2-Oct-24
2025-05-06 19:00:25,024 - INFO - Found funding amount: 3700000
2025-05-06 19:00:25,054 - INFO - Extracted: Poolside - 2-Oct-24
2025-05-06 19:00:25,054 - INFO - Found funding amount: 500000000
2025-05-06 19:00:25,083 - INFO - Extracted: Pallet - 2-Oct-24
2025-05-06 19:00:25,083 - INFO - Found funding amount: 18000000
2025-05-06 19:00:25,112 - INFO - Extracted: Billables AI - 2-Oct-24
2025-05-06 19:00:25,112 - INFO - Found funding amount: 3900000
2025-05-06 19:00:25,141 - INFO - Extracted: Reducto - 2-Oct-24
2025-05-06 19:00:25,141 - INFO - Found funding amount: 8400000
2025-05-06 19:00:25,169 - INFO - Extracted: Arda Therapeutics - 1-Oct-24
2025-05-06 19:00:25,169 - INFO - Found funding amount: 43303366
2025-05-06 19:00:25,198 - INFO - Extracted: Aspect Build - 1-Oct-24
2025-05-06 19:00:25,198 - INFO - Found funding amount: 3000000
2025-05-06 19:00:25,227 - INFO - Extracted: Synedgen - 1-Oct-24
2025-05-06 19:00:25,227 - INFO - Found funding amount: 1750000
2025-05-06 19:00:25,256 - INFO - Extracted: DataPelago - 1-Oct-24
2025-05-06 19:00:25,256 - INFO - Found funding amount: 47000000
2025-05-06 19:00:25,285 - INFO - Extracted: Neeve - 30-Sep-24
2025-05-06 19:00:25,285 - INFO - Found funding amount: 15000000
2025-05-06 19:00:25,285 - INFO - Successfully extracted 20 new companies from page 15
2025-05-06 19:00:25,285 - INFO - Attempting to navigate from page 15
2025-05-06 19:00:31,641 - INFO - JavaScript verification confirmed page changed
2025-05-06 19:00:32,621 - INFO - Extracting data from page 16
2025-05-06 19:00:33,043 - INFO - Trying standard table extraction
2025-05-06 19:00:33,100 - INFO - Found funding amount column at index 6
2025-05-06 19:00:33,105 - INFO - Found headquarters column at index 7
2025-05-06 19:00:33,114 - INFO - Found 22 potential data rows
2025-05-06 19:00:33,159 - INFO - Extracted: Artisan AI - 30-Sep-24
2025-05-06 19:00:33,160 - INFO - Found funding amount: 11500000
2025-05-06 19:00:33,190 - INFO - Extracted: Gladly - 26-Sep-24
2025-05-06 19:00:33,191 - INFO - Found funding amount: 40000000
2025-05-06 19:00:33,220 - INFO - Extracted: PlayWorks - 26-Sep-24
2025-05-06 19:00:33,221 - INFO - Found funding amount: 25000
2025-05-06 19:00:33,250 - INFO - Extracted: Bemi - 26-Sep-24
2025-05-06 19:00:33,250 - INFO - Found funding amount: 309000
2025-05-06 19:00:33,286 - INFO - Extracted: Superb AI - 26-Sep-24
2025-05-06 19:00:33,286 - INFO - Found funding amount: 10200000
2025-05-06 19:00:33,315 - INFO - Extracted: SKY Leasing - 26-Sep-24
2025-05-06 19:00:33,316 - INFO - Found funding amount: 569540000
2025-05-06 19:00:33,344 - INFO - Extracted: AssetHub - 25-Sep-24
2025-05-06 19:00:33,344 - INFO - Found funding amount: 100000000
2025-05-06 19:00:33,373 - INFO - Extracted: Feno - 25-Sep-24
2025-05-06 19:00:33,373 - INFO - Found funding amount: 6000000
2025-05-06 19:00:33,401 - INFO - Extracted: Supabase - 25-Sep-24
2025-05-06 19:00:33,401 - INFO - Found funding amount: 80000000
2025-05-06 19:00:33,430 - INFO - Extracted: Whatfix - 25-Sep-24
2025-05-06 19:00:33,431 - INFO - Found funding amount: 125000000
2025-05-06 19:00:33,459 - INFO - Extracted: SnippetSentry - 25-Sep-24
2025-05-06 19:00:33,459 - INFO - Found funding amount: 500000
2025-05-06 19:00:33,488 - INFO - Extracted: FluidLogic - 24-Sep-24
2025-05-06 19:00:33,488 - INFO - Found funding amount: 15000000
2025-05-06 19:00:33,517 - INFO - Extracted: Distyl AI - 24-Sep-24
2025-05-06 19:00:33,517 - INFO - Found funding amount: 20000000
2025-05-06 19:00:33,546 - INFO - Extracted: Icon Savings Plan - 24-Sep-24
2025-05-06 19:00:33,546 - INFO - Found funding amount: 9200000
2025-05-06 19:00:33,575 - INFO - Extracted: UJET - 24-Sep-24
2025-05-06 19:00:33,575 - INFO - Found funding amount: 76000000
2025-05-06 19:00:33,604 - INFO - Extracted: Anadro - 24-Sep-24
2025-05-06 19:00:33,604 - INFO - Found funding amount: 2516495
2025-05-06 19:00:33,633 - INFO - Extracted: Atlys - 24-Sep-24
2025-05-06 19:00:33,633 - INFO - Found funding amount: 20000000
2025-05-06 19:00:33,662 - INFO - Extracted: Datapad - 24-Sep-24
2025-05-06 19:00:33,662 - INFO - Found funding amount: 0
2025-05-06 19:00:33,691 - INFO - Extracted: Altimate AI - 23-Sep-24
2025-05-06 19:00:33,691 - INFO - Found funding amount: 0
2025-05-06 19:00:33,720 - INFO - Extracted: Harmonic - 23-Sep-24
2025-05-06 19:00:33,720 - INFO - Found funding amount: 75000000
2025-05-06 19:00:33,720 - INFO - Successfully extracted 20 new companies from page 16
2025-05-06 19:00:33,720 - INFO - Attempting to navigate from page 16
2025-05-06 19:00:38,812 - INFO - JavaScript verification confirmed page changed
2025-05-06 19:00:39,345 - INFO - Extracting data from page 17
2025-05-06 19:00:40,396 - INFO - Trying standard table extraction
2025-05-06 19:00:40,459 - INFO - Found funding amount column at index 6
2025-05-06 19:00:40,463 - INFO - Found headquarters column at index 7
2025-05-06 19:00:40,471 - INFO - Found 22 potential data rows
2025-05-06 19:00:40,515 - INFO - Extracted: Genome Medical - 23-Sep-24
2025-05-06 19:00:40,515 - INFO - Found funding amount: 75344304
2025-05-06 19:00:40,543 - INFO - Extracted: Hippocratic AI - 19-Sep-24
2025-05-06 19:00:40,543 - INFO - Found funding amount: 53000000
2025-05-06 19:00:40,572 - INFO - Extracted: Akia - 19-Sep-24
2025-05-06 19:00:40,573 - INFO - Found funding amount: 4999998
2025-05-06 19:00:40,602 - INFO - Extracted: Ferrum Health - 19-Sep-24
2025-05-06 19:00:40,603 - INFO - Found funding amount: 16000000
2025-05-06 19:00:40,632 - INFO - Extracted: Twelve - 19-Sep-24
2025-05-06 19:00:40,632 - INFO - Found funding amount: 400000000
2025-05-06 19:00:40,661 - INFO - Extracted: Aclima - 19-Sep-24
2025-05-06 19:00:40,661 - INFO - Found funding amount: 13000000
2025-05-06 19:00:40,690 - INFO - Extracted: AtoB - 19-Sep-24
2025-05-06 19:00:40,690 - INFO - Found funding amount: 130000000
2025-05-06 19:00:40,719 - INFO - Extracted: Picus Security - 19-Sep-24
2025-05-06 19:00:40,719 - INFO - Found funding amount: 45000000
2025-05-06 19:00:40,747 - INFO - Extracted: Oro Labs - 18-Sep-24
2025-05-06 19:00:40,747 - INFO - Found funding amount: 34000000
2025-05-06 19:00:40,777 - INFO - Extracted: Fal - 18-Sep-24
2025-05-06 19:00:40,777 - INFO - Found funding amount: 14000000
2025-05-06 19:00:40,806 - INFO - Extracted: Mercor - 18-Sep-24
2025-05-06 19:00:40,806 - INFO - Found funding amount: 30000000
2025-05-06 19:00:40,843 - INFO - Extracted: Harvest Thermal - 18-Sep-24
2025-05-06 19:00:40,843 - INFO - Found funding amount: 2000000
2025-05-06 19:00:40,872 - INFO - Extracted: CodePath - 18-Sep-24
2025-05-06 19:00:40,872 - INFO - Found funding amount: 50000000
2025-05-06 19:00:40,901 - INFO - Extracted: Hgen - 17-Sep-24
2025-05-06 19:00:40,901 - INFO - Found funding amount: 5000000
2025-05-06 19:00:40,931 - INFO - Extracted: Orb - 17-Sep-24
2025-05-06 19:00:40,931 - INFO - Found funding amount: 25000000
2025-05-06 19:00:40,959 - INFO - Extracted: Mindtrip - 17-Sep-24
2025-05-06 19:00:40,959 - INFO - Found funding amount: 12000000
2025-05-06 19:00:40,989 - INFO - Extracted: Futuro Health - 17-Sep-24
2025-05-06 19:00:40,989 - INFO - Found funding amount: 10200000
2025-05-06 19:00:41,018 - INFO - Extracted: Prof Jim - 17-Sep-24
2025-05-06 19:00:41,018 - INFO - Found funding amount: 1500000
2025-05-06 19:00:41,047 - INFO - Extracted: TeamBridge - 16-Sep-24
2025-05-06 19:00:41,047 - INFO - Found funding amount: 28000000
2025-05-06 19:00:41,076 - INFO - Extracted: World Labs - 13-Sep-24
2025-05-06 19:00:41,076 - INFO - Found funding amount: 230000000
2025-05-06 19:00:41,076 - INFO - Successfully extracted 20 new companies from page 17
2025-05-06 19:00:41,076 - INFO - Attempting to navigate from page 17
2025-05-06 19:00:47,410 - INFO - JavaScript verification confirmed page changed
2025-05-06 19:00:47,913 - INFO - Extracting data from page 18
2025-05-06 19:00:48,555 - INFO - Trying standard table extraction
2025-05-06 19:00:48,613 - INFO - Found funding amount column at index 6
2025-05-06 19:00:48,619 - INFO - Found headquarters column at index 7
2025-05-06 19:00:48,628 - INFO - Found 22 potential data rows
2025-05-06 19:00:48,674 - INFO - Extracted: Operant - 12-Sep-24
2025-05-06 19:00:48,674 - INFO - Found funding amount: 10000000
2025-05-06 19:00:48,703 - INFO - Extracted: Bounti.ai - 12-Sep-24
2025-05-06 19:00:48,703 - INFO - Found funding amount: 16000000
2025-05-06 19:00:48,733 - INFO - Extracted: Connectly.ai - 11-Sep-24
2025-05-06 19:00:48,733 - INFO - Found funding amount: 20000000
2025-05-06 19:00:48,763 - INFO - Extracted: Nostra AI - 11-Sep-24
2025-05-06 19:00:48,763 - INFO - Found funding amount: 8900000
2025-05-06 19:00:48,791 - INFO - Extracted: Candid Health - 11-Sep-24
2025-05-06 19:00:48,791 - INFO - Found funding amount: 29000000
2025-05-06 19:00:48,820 - INFO - Extracted: Polly - 10-Sep-24
2025-05-06 19:00:48,820 - INFO - Found funding amount: 25000000
2025-05-06 19:00:48,849 - INFO - Extracted: Glean - 10-Sep-24
2025-05-06 19:00:48,849 - INFO - Found funding amount: 260000000
2025-05-06 19:00:48,878 - INFO - Extracted: Reshape Automation - 10-Sep-24
2025-05-06 19:00:48,878 - INFO - Found funding amount: 5000000
2025-05-06 19:00:48,908 - INFO - Extracted: Infinium - 10-Sep-24
2025-05-06 19:00:48,908 - INFO - Found funding amount: 0
2025-05-06 19:00:48,937 - INFO - Extracted: Blended Technologies - 10-Sep-24
2025-05-06 19:00:48,937 - INFO - Found funding amount: 2500000
2025-05-06 19:00:48,966 - INFO - Extracted: AttoTude - 10-Sep-24
2025-05-06 19:00:48,966 - INFO - Found funding amount: 29000000
2025-05-06 19:00:48,995 - INFO - Extracted: Neurona Therapeutics - 10-Sep-24
2025-05-06 19:00:48,995 - INFO - Found funding amount: 3800000
2025-05-06 19:00:49,032 - INFO - Extracted: P0 Security - 10-Sep-24
2025-05-06 19:00:49,033 - INFO - Found funding amount: 15000000
2025-05-06 19:00:49,062 - INFO - Extracted: PIN AI - 9-Sep-24
2025-05-06 19:00:49,062 - INFO - Found funding amount: 10000000
2025-05-06 19:00:49,091 - INFO - Extracted: Race - 9-Sep-24
2025-05-06 19:00:49,091 - INFO - Found funding amount: 375000000
2025-05-06 19:00:49,121 - INFO - Extracted: OrsoBio - 6-Sep-24
2025-05-06 19:00:49,121 - INFO - Found funding amount: 67000000
2025-05-06 19:00:49,149 - INFO - Extracted: DubClub - 5-Sep-24
2025-05-06 19:00:49,149 - INFO - Found funding amount: 7500000
2025-05-06 19:00:49,178 - INFO - Extracted: Thatch - 5-Sep-24
2025-05-06 19:00:49,178 - INFO - Found funding amount: 38000000
2025-05-06 19:00:49,207 - INFO - Extracted: Drip Capital - 5-Sep-24
2025-05-06 19:00:49,207 - INFO - Found funding amount: 90000000
2025-05-06 19:00:49,236 - INFO - Extracted: Acuvity - 5-Sep-24
2025-05-06 19:00:49,236 - INFO - Found funding amount: 9000000
2025-05-06 19:00:49,236 - INFO - Successfully extracted 20 new companies from page 18
2025-05-06 19:00:49,236 - INFO - Attempting to navigate from page 18
2025-05-06 19:00:54,504 - INFO - JavaScript verification confirmed page changed
2025-05-06 19:00:55,577 - INFO - Extracting data from page 19
2025-05-06 19:00:56,161 - INFO - Trying standard table extraction
2025-05-06 19:00:56,219 - INFO - Found funding amount column at index 6
2025-05-06 19:00:56,224 - INFO - Found headquarters column at index 7
2025-05-06 19:00:56,233 - INFO - Found 22 potential data rows
2025-05-06 19:00:56,278 - INFO - Extracted: Portex - 5-Sep-24
2025-05-06 19:00:56,278 - INFO - Found funding amount: 6250000
2025-05-06 19:00:56,308 - INFO - Extracted: Agree.com - 5-Sep-24
2025-05-06 19:00:56,308 - INFO - Found funding amount: 3000000
2025-05-06 19:00:56,337 - INFO - Extracted: Fiddler AI - 5-Sep-24
2025-05-06 19:00:56,337 - INFO - Found funding amount: 18949994
2025-05-06 19:00:56,374 - INFO - Extracted: Cortex - 4-Sep-24
2025-05-06 19:00:56,374 - INFO - Found funding amount: 60000000
2025-05-06 19:00:56,404 - INFO - Extracted: ArsenalBio - 4-Sep-24
2025-05-06 19:00:56,404 - INFO - Found funding amount: 325000000
2025-05-06 19:00:56,433 - INFO - Extracted: Ceres Imaging - 4-Sep-24
2025-05-06 19:00:56,433 - INFO - Found funding amount: 0
2025-05-06 19:00:56,462 - INFO - Extracted: Venova Medical - 4-Sep-24
2025-05-06 19:00:56,462 - INFO - Found funding amount: 30000000
2025-05-06 19:00:56,490 - INFO - Extracted: Climax Foods - 4-Sep-24
2025-05-06 19:00:56,490 - INFO - Found funding amount: 0
2025-05-06 19:00:56,519 - INFO - Extracted: Flex - 4-Sep-24
2025-05-06 19:00:56,519 - INFO - Found funding amount: 3200000
2025-05-06 19:00:56,548 - INFO - Extracted: Circle Pharma - 3-Sep-24
2025-05-06 19:00:56,548 - INFO - Found funding amount: 90000000
2025-05-06 19:00:56,577 - INFO - Extracted: Segmed - 3-Sep-24
2025-05-06 19:00:56,577 - INFO - Found funding amount: 10400000
2025-05-06 19:00:56,606 - INFO - Extracted: Linea Energy - 3-Sep-24
2025-05-06 19:00:56,606 - INFO - Found funding amount: 145000000
2025-05-06 19:00:56,634 - INFO - Extracted: Gainful - 3-Sep-24
2025-05-06 19:00:56,634 - INFO - Found funding amount: 0
2025-05-06 19:00:56,663 - INFO - Extracted: Mintlify - 3-Sep-24
2025-05-06 19:00:56,663 - INFO - Found funding amount: 18500000
2025-05-06 19:00:56,693 - INFO - Extracted: Magic Lifescience - 3-Sep-24
2025-05-06 19:00:56,693 - INFO - Found funding amount: 163398
2025-05-06 19:00:56,722 - INFO - Extracted: Approveit - 2-Sep-24
2025-05-06 19:00:56,722 - INFO - Found funding amount: 1000000
2025-05-06 19:00:56,751 - INFO - Extracted: Weeknd - 1-Sep-24
2025-05-06 19:00:56,751 - INFO - Found funding amount: 0
2025-05-06 19:00:56,780 - INFO - Extracted: Crafty Apes - 30-Aug-24
2025-05-06 19:00:56,780 - INFO - Found funding amount: 0
2025-05-06 19:00:56,810 - INFO - Extracted: Codeium - 29-Aug-24
2025-05-06 19:00:56,810 - INFO - Found funding amount: 150000000
2025-05-06 19:00:56,839 - INFO - Extracted: MIRIS - 29-Aug-24
2025-05-06 19:00:56,839 - INFO - Found funding amount: 26000000
2025-05-06 19:00:56,839 - INFO - Successfully extracted 20 new companies from page 19
2025-05-06 19:00:56,839 - INFO - Attempting to navigate from page 19
2025-05-06 19:01:02,958 - INFO - JavaScript verification confirmed page changed
2025-05-06 19:01:03,958 - INFO - Extracting data from page 20
2025-05-06 19:01:04,374 - INFO - Trying standard table extraction
2025-05-06 19:01:04,431 - INFO - Found funding amount column at index 6
2025-05-06 19:01:04,436 - INFO - Found headquarters column at index 7
2025-05-06 19:01:04,446 - INFO - Found 22 potential data rows
2025-05-06 19:01:04,494 - INFO - Extracted: nOps - 28-Aug-24
2025-05-06 19:01:04,494 - INFO - Found funding amount: 30000000
2025-05-06 19:01:04,524 - INFO - Extracted: Uplift Labs - 28-Aug-24
2025-05-06 19:01:04,525 - INFO - Found funding amount: 2100000
2025-05-06 19:01:04,553 - INFO - Extracted: Opus Clip - 28-Aug-24
2025-05-06 19:01:04,554 - INFO - Found funding amount: 30000000
2025-05-06 19:01:04,587 - INFO - Extracted: Bland AI - 28-Aug-24
2025-05-06 19:01:04,587 - INFO - Found funding amount: 16000000
2025-05-06 19:01:04,618 - INFO - Extracted: Noetik - 28-Aug-24
2025-05-06 19:01:04,618 - INFO - Found funding amount: 40000000
2025-05-06 19:01:04,677 - INFO - Extracted: Inventive AI - 28-Aug-24
2025-05-06 19:01:04,677 - INFO - Found funding amount: 4000000
2025-05-06 19:01:04,709 - INFO - Extracted: Linker Finance - 27-Aug-24
2025-05-06 19:01:04,709 - INFO - Found funding amount: 3700000
2025-05-06 19:01:04,742 - INFO - Extracted: ProhostAI - 27-Aug-24
2025-05-06 19:01:04,742 - INFO - Found funding amount: 1465000
2025-05-06 19:01:04,771 - INFO - Extracted: Cribl - 27-Aug-24
2025-05-06 19:01:04,771 - INFO - Found funding amount: 200000000
2025-05-06 19:01:04,800 - INFO - Extracted: Gameplay Galaxy - 27-Aug-24
2025-05-06 19:01:04,800 - INFO - Found funding amount: 11170000
2025-05-06 19:01:04,830 - INFO - Extracted: Spire Global - 27-Aug-24
2025-05-06 19:01:04,830 - INFO - Found funding amount: 3500000
2025-05-06 19:01:04,859 - INFO - Extracted: Fleet - 27-Aug-24
2025-05-06 19:01:04,859 - INFO - Found funding amount: 2500000
2025-05-06 19:01:04,888 - INFO - Extracted: just words - 27-Aug-24
2025-05-06 19:01:04,888 - INFO - Found funding amount: 1700000
2025-05-06 19:01:04,917 - INFO - Extracted: Planera - 27-Aug-24
2025-05-06 19:01:04,917 - INFO - Found funding amount: 13500000
2025-05-06 19:01:04,948 - INFO - Extracted: Clearway Energy Group - 26-Aug-24
2025-05-06 19:01:04,948 - INFO - Found funding amount: 550000000
2025-05-06 19:01:04,989 - INFO - Extracted: Tavoro - 26-Aug-24
2025-05-06 19:01:04,989 - INFO - Found funding amount: 2500000
2025-05-06 19:01:05,019 - INFO - Extracted: Accession Risk Management Group - 22-Aug-24
2025-05-06 19:01:05,019 - INFO - Found funding amount: 1000000000
2025-05-06 19:01:05,049 - INFO - Extracted: Openwater - 22-Aug-24
2025-05-06 19:01:05,050 - INFO - Found funding amount: 54000000
2025-05-06 19:01:05,078 - INFO - Extracted: Scale AI - 21-Aug-24
2025-05-06 19:01:05,078 - INFO - Found funding amount: 1000000000
2025-05-06 19:01:05,108 - INFO - Extracted: Kodiak Robotics - 21-Aug-24
2025-05-06 19:01:05,108 - INFO - Found funding amount: 0
2025-05-06 19:01:05,108 - INFO - Successfully extracted 20 new companies from page 20
2025-05-06 19:01:05,108 - INFO - Attempting to navigate from page 20
2025-05-06 19:01:11,227 - INFO - JavaScript verification confirmed page changed
2025-05-06 19:01:12,289 - INFO - Extracting data from page 21
2025-05-06 19:01:13,101 - INFO - Trying standard table extraction
2025-05-06 19:01:13,165 - INFO - Found funding amount column at index 6
2025-05-06 19:01:13,172 - INFO - Found headquarters column at index 7
2025-05-06 19:01:13,182 - INFO - Found 22 potential data rows
2025-05-06 19:01:13,229 - INFO - Extracted: Qualified Digital - 21-Aug-24
2025-05-06 19:01:13,229 - INFO - Found funding amount: 0
2025-05-06 19:01:13,258 - INFO - Extracted: Skyfire Systems - 21-Aug-24
2025-05-06 19:01:13,258 - INFO - Found funding amount: 8500000
2025-05-06 19:01:13,288 - INFO - Extracted: XII Medical - 21-Aug-24
2025-05-06 19:01:13,288 - INFO - Found funding amount: 45000000
2025-05-06 19:01:13,317 - INFO - Extracted: Piramidal - 21-Aug-24
2025-05-06 19:01:13,317 - INFO - Found funding amount: 6000000
2025-05-06 19:01:13,347 - INFO - Extracted: Lettuce Financial - 21-Aug-24
2025-05-06 19:01:13,347 - INFO - Found funding amount: 15000000
2025-05-06 19:01:13,376 - INFO - Extracted: Enteligent - 20-Aug-24
2025-05-06 19:01:13,377 - INFO - Found funding amount: 6000000
2025-05-06 19:01:13,406 - INFO - Extracted: Starpath Robotics - 20-Aug-24
2025-05-06 19:01:13,406 - INFO - Found funding amount: 12000000
2025-05-06 19:01:13,438 - INFO - Extracted: Kubiya.ai - 20-Aug-24
2025-05-06 19:01:13,438 - INFO - Found funding amount: 6000000
2025-05-06 19:01:13,467 - INFO - Extracted: Marathon Fusion - 20-Aug-24
2025-05-06 19:01:13,467 - INFO - Found funding amount: 5900000
2025-05-06 19:01:13,504 - INFO - Extracted: Pangeam Inc. - 20-Aug-24
2025-05-06 19:01:13,504 - INFO - Found funding amount: 2750000
2025-05-06 19:01:13,533 - INFO - Extracted: Eppo - 20-Aug-24
2025-05-06 19:01:13,533 - INFO - Found funding amount: 28000000
2025-05-06 19:01:13,561 - INFO - Extracted: Fortera - 20-Aug-24
2025-05-06 19:01:13,562 - INFO - Found funding amount: 85000000
2025-05-06 19:01:13,591 - INFO - Extracted: Exin Health - 19-Aug-24
2025-05-06 19:01:13,591 - INFO - Found funding amount: 0
2025-05-06 19:01:13,620 - INFO - Extracted: Fabric Cryptography - 19-Aug-24
2025-05-06 19:01:13,620 - INFO - Found funding amount: 33000000
2025-05-06 19:01:13,649 - INFO - Extracted: Ensemble AI - 15-Aug-24
2025-05-06 19:01:13,649 - INFO - Found funding amount: 3300000
2025-05-06 19:01:13,678 - INFO - Extracted: Era Finance - 15-Aug-24
2025-05-06 19:01:13,678 - INFO - Found funding amount: 9362409
2025-05-06 19:01:13,706 - INFO - Extracted: Kiteworks - 14-Aug-24
2025-05-06 19:01:13,707 - INFO - Found funding amount: 456000000
2025-05-06 19:01:13,736 - INFO - Extracted: nunu.ai - 14-Aug-24
2025-05-06 19:01:13,736 - INFO - Found funding amount: 2000000
2025-05-06 19:01:13,764 - INFO - Extracted: Moximed - 13-Aug-24
2025-05-06 19:01:13,764 - INFO - Found funding amount: 61000000
2025-05-06 19:01:13,792 - INFO - Extracted: Guidewheel - 13-Aug-24
2025-05-06 19:01:13,792 - INFO - Found funding amount: 31000000
2025-05-06 19:01:13,793 - INFO - Successfully extracted 20 new companies from page 21
2025-05-06 19:01:13,793 - INFO - Attempting to navigate from page 21
2025-05-06 19:01:19,105 - INFO - JavaScript verification confirmed page changed
2025-05-06 19:01:19,719 - INFO - Extracting data from page 22
2025-05-06 19:01:20,916 - INFO - Trying standard table extraction
2025-05-06 19:01:20,956 - INFO - Found funding amount column at index 6
2025-05-06 19:01:20,960 - INFO - Found headquarters column at index 7
2025-05-06 19:01:20,967 - INFO - Found 22 potential data rows
2025-05-06 19:01:21,009 - INFO - Extracted: Cision Vision - 13-Aug-24
2025-05-06 19:01:21,010 - INFO - Found funding amount: 22300000
2025-05-06 19:01:21,041 - INFO - Extracted: PayZen - 13-Aug-24
2025-05-06 19:01:21,041 - INFO - Found funding amount: 200000000
2025-05-06 19:01:21,077 - INFO - Extracted: Voltera - 13-Aug-24
2025-05-06 19:01:21,077 - INFO - Found funding amount: 100000000
2025-05-06 19:01:21,108 - INFO - Extracted: HeatMap, Inc - 13-Aug-24
2025-05-06 19:01:21,108 - INFO - Found funding amount: 4000000
2025-05-06 19:01:21,136 - INFO - Extracted: Cosine - 12-Aug-24
2025-05-06 19:01:21,136 - INFO - Found funding amount: 2500000
2025-05-06 19:01:21,165 - INFO - Extracted: DevRev - 9-Aug-24
2025-05-06 19:01:21,165 - INFO - Found funding amount: 100825173
2025-05-06 19:01:21,194 - INFO - Extracted: Double - 9-Aug-24
2025-05-06 19:01:21,194 - INFO - Found funding amount: 500000
2025-05-06 19:01:21,223 - INFO - Extracted: Brisk Teaching - 9-Aug-24
2025-05-06 19:01:21,223 - INFO - Found funding amount: 6899995
2025-05-06 19:01:21,252 - INFO - Extracted: Feeling Great - 8-Aug-24
2025-05-06 19:01:21,252 - INFO - Found funding amount: 8000000
2025-05-06 19:01:21,282 - INFO - Extracted: Reforged Labs - 8-Aug-24
2025-05-06 19:01:21,282 - INFO - Found funding amount: 3900000
2025-05-06 19:01:21,311 - INFO - Extracted: Opal - 8-Aug-24
2025-05-06 19:01:21,311 - INFO - Found funding amount: 60000000
2025-05-06 19:01:21,340 - INFO - Extracted: Switchback Systems - 8-Aug-24
2025-05-06 19:01:21,340 - INFO - Found funding amount: 10088281
2025-05-06 19:01:21,369 - INFO - Extracted: Bardeen - 8-Aug-24
2025-05-06 19:01:21,369 - INFO - Found funding amount: 3000000
2025-05-06 19:01:21,398 - INFO - Extracted: Bryte - 8-Aug-24
2025-05-06 19:01:21,398 - INFO - Found funding amount: 1000000
2025-05-06 19:01:21,427 - INFO - Extracted: Ionetix - 7-Aug-24
2025-05-06 19:01:21,427 - INFO - Found funding amount: 0
2025-05-06 19:01:21,456 - INFO - Extracted: Anjuna - 7-Aug-24
2025-05-06 19:01:21,456 - INFO - Found funding amount: 25000000
2025-05-06 19:01:21,485 - INFO - Extracted: Flow - 7-Aug-24
2025-05-06 19:01:21,485 - INFO - Found funding amount: 6000000
2025-05-06 19:01:21,514 - INFO - Extracted: Napkin AI - 7-Aug-24
2025-05-06 19:01:21,514 - INFO - Found funding amount: 10000000
2025-05-06 19:01:21,543 - INFO - Extracted: Datch - 7-Aug-24
2025-05-06 19:01:21,543 - INFO - Found funding amount: 15000000
2025-05-06 19:01:21,571 - INFO - Extracted: Greptime - 7-Aug-24
2025-05-06 19:01:21,572 - INFO - Found funding amount: 0
2025-05-06 19:01:21,572 - INFO - Successfully extracted 20 new companies from page 22
2025-05-06 19:01:21,572 - INFO - Attempting to navigate from page 22
2025-05-06 19:01:27,725 - INFO - JavaScript verification confirmed page changed
2025-05-06 19:01:28,196 - INFO - Extracting data from page 23
2025-05-06 19:01:28,923 - INFO - Trying standard table extraction
2025-05-06 19:01:28,980 - INFO - Found funding amount column at index 6
2025-05-06 19:01:28,985 - INFO - Found headquarters column at index 7
2025-05-06 19:01:28,994 - INFO - Found 22 potential data rows
2025-05-06 19:01:29,040 - INFO - Extracted: Sundial - 6-Aug-24
2025-05-06 19:01:29,040 - INFO - Found funding amount: 23348218
2025-05-06 19:01:29,069 - INFO - Extracted: Mechanical Orchard - 6-Aug-24
2025-05-06 19:01:29,069 - INFO - Found funding amount: 50000000
2025-05-06 19:01:29,098 - INFO - Extracted: MentalHappy - 6-Aug-24
2025-05-06 19:01:29,099 - INFO - Found funding amount: 500000
2025-05-06 19:01:29,128 - INFO - Extracted: Abnormal Security - 6-Aug-24
2025-05-06 19:01:29,128 - INFO - Found funding amount: 250000000
2025-05-06 19:01:29,157 - INFO - Extracted: Climatize - 6-Aug-24
2025-05-06 19:01:29,157 - INFO - Found funding amount: 1750000
2025-05-06 19:01:29,187 - INFO - Extracted: Shinobi Therapeutics - 6-Aug-24
2025-05-06 19:01:29,187 - INFO - Found funding amount: 68000000
2025-05-06 19:01:29,216 - INFO - Extracted: Curio Research - 6-Aug-24
2025-05-06 19:01:29,216 - INFO - Found funding amount: 5700000
2025-05-06 19:01:29,245 - INFO - Extracted: Muon Space - 5-Aug-24
2025-05-06 19:01:29,245 - INFO - Found funding amount: 56703744
2025-05-06 19:01:29,274 - INFO - Extracted: Groq - 5-Aug-24
2025-05-06 19:01:29,274 - INFO - Found funding amount: 640000000
2025-05-06 19:01:29,303 - INFO - Extracted: AutoComplete - 5-Aug-24
2025-05-06 19:01:29,304 - INFO - Found funding amount: 0
2025-05-06 19:01:29,333 - INFO - Extracted: Solarcycle - 1-Aug-24
2025-05-06 19:01:29,333 - INFO - Found funding amount: 31629998
2025-05-06 19:01:29,362 - INFO - Extracted: Hedra - 1-Aug-24
2025-05-06 19:01:29,362 - INFO - Found funding amount: 10000000
2025-05-06 19:01:29,390 - INFO - Extracted: Skillfully - 1-Aug-24
2025-05-06 19:01:29,390 - INFO - Found funding amount: 2500000
2025-05-06 19:01:29,419 - INFO - Extracted: Global Predictions - 1-Aug-24
2025-05-06 19:01:29,419 - INFO - Found funding amount: 2000000
2025-05-06 19:01:29,448 - INFO - Extracted: Tezi - 31-Jul-24
2025-05-06 19:01:29,448 - INFO - Found funding amount: 9000000
2025-05-06 19:01:29,477 - INFO - Extracted: Thumbtack - 31-Jul-24
2025-05-06 19:01:29,477 - INFO - Found funding amount: 75000000
2025-05-06 19:01:29,506 - INFO - Extracted: Swords to Plowshares - 31-Jul-24
2025-05-06 19:01:29,506 - INFO - Found funding amount: 0
2025-05-06 19:01:29,535 - INFO - Extracted: Ema - 31-Jul-24
2025-05-06 19:01:29,535 - INFO - Found funding amount: 36000000
2025-05-06 19:01:29,563 - INFO - Extracted: Endari - 31-Jul-24
2025-05-06 19:01:29,563 - INFO - Found funding amount: 4000000
2025-05-06 19:01:29,595 - INFO - Extracted: Streamkap - 31-Jul-24
2025-05-06 19:01:29,595 - INFO - Found funding amount: 3300000
2025-05-06 19:01:29,595 - INFO - Successfully extracted 20 new companies from page 23
2025-05-06 19:01:29,595 - INFO - Attempting to navigate from page 23
2025-05-06 19:01:35,849 - INFO - JavaScript verification confirmed page changed
2025-05-06 19:01:36,264 - INFO - Extracting data from page 24
2025-05-06 19:01:37,080 - INFO - Trying standard table extraction
2025-05-06 19:01:37,137 - INFO - Found funding amount column at index 6
2025-05-06 19:01:37,143 - INFO - Found headquarters column at index 7
2025-05-06 19:01:37,158 - INFO - Found 22 potential data rows
2025-05-06 19:01:37,203 - INFO - Extracted: Rhombus Systems - 30-Jul-24
2025-05-06 19:01:37,203 - INFO - Found funding amount: 45000000
2025-05-06 19:01:37,233 - INFO - Extracted: Credo AI - 30-Jul-24
2025-05-06 19:01:37,233 - INFO - Found funding amount: 21000000
2025-05-06 19:01:37,262 - INFO - Extracted: Montara Therapeutics - 30-Jul-24
2025-05-06 19:01:37,262 - INFO - Found funding amount: 8000000
2025-05-06 19:01:37,299 - INFO - Extracted: Haus - 30-Jul-24
2025-05-06 19:01:37,299 - INFO - Found funding amount: 20000000
2025-05-06 19:01:37,327 - INFO - Extracted: Sybill AI - 30-Jul-24
2025-05-06 19:01:37,327 - INFO - Found funding amount: 11000000
2025-05-06 19:01:37,356 - INFO - Extracted: Aviato - 30-Jul-24
2025-05-06 19:01:37,356 - INFO - Found funding amount: 0
2025-05-06 19:01:37,386 - INFO - Extracted: LTZ Therapeutics - 30-Jul-24
2025-05-06 19:01:37,386 - INFO - Found funding amount: 20000000
2025-05-06 19:01:37,415 - INFO - Extracted: unspun - 29-Jul-24
2025-05-06 19:01:37,415 - INFO - Found funding amount: 32000000
2025-05-06 19:01:37,444 - INFO - Extracted: OnSight - 29-Jul-24
2025-05-06 19:01:37,444 - INFO - Found funding amount: 0
2025-05-06 19:01:37,474 - INFO - Extracted: Rillet - 29-Jul-24
2025-05-06 19:01:37,474 - INFO - Found funding amount: 13500000
2025-05-06 19:01:37,504 - INFO - Extracted: ReviR Therapeutics - 26-Jul-24
2025-05-06 19:01:37,505 - INFO - Found funding amount: 30000000
2025-05-06 19:01:37,533 - INFO - Extracted: Cowbell - 26-Jul-24
2025-05-06 19:01:37,533 - INFO - Found funding amount: 60000000
2025-05-06 19:01:37,562 - INFO - Extracted: Imperative Care - 25-Jul-24
2025-05-06 19:01:37,562 - INFO - Found funding amount: 150000000
2025-05-06 19:01:37,592 - INFO - Extracted: IntelePeer - 25-Jul-24
2025-05-06 19:01:37,592 - INFO - Found funding amount: 140000000
2025-05-06 19:01:37,623 - INFO - Extracted: EtherWhere - 25-Jul-24
2025-05-06 19:01:37,623 - INFO - Found funding amount: 16300000
2025-05-06 19:01:37,664 - INFO - Extracted: InnerPlant - 25-Jul-24
2025-05-06 19:01:37,664 - INFO - Found funding amount: 30000000
2025-05-06 19:01:37,696 - INFO - Extracted: Vanta - 24-Jul-24
2025-05-06 19:01:37,696 - INFO - Found funding amount: 150000000
2025-05-06 19:01:37,726 - INFO - Extracted: Recurrent Energy - 24-Jul-24
2025-05-06 19:01:37,726 - INFO - Found funding amount: 50000000
2025-05-06 19:01:37,756 - INFO - Extracted: Dazz - 24-Jul-24
2025-05-06 19:01:37,756 - INFO - Found funding amount: 50000000
2025-05-06 19:01:37,784 - INFO - Extracted: Sound Health - 24-Jul-24
2025-05-06 19:01:37,784 - INFO - Found funding amount: 7000000
2025-05-06 19:01:37,784 - INFO - Successfully extracted 20 new companies from page 24
2025-05-06 19:01:37,784 - INFO - Attempting to navigate from page 24
2025-05-06 19:01:43,394 - INFO - JavaScript verification confirmed page changed
2025-05-06 19:01:44,396 - INFO - Extracting data from page 25
2025-05-06 19:01:45,244 - INFO - Trying standard table extraction
2025-05-06 19:01:45,299 - INFO - Found funding amount column at index 6
2025-05-06 19:01:45,303 - INFO - Found headquarters column at index 7
2025-05-06 19:01:45,313 - INFO - Found 22 potential data rows
2025-05-06 19:01:45,356 - INFO - Extracted: Hume Supernatural - 24-Jul-24
2025-05-06 19:01:45,356 - INFO - Found funding amount: 200000
2025-05-06 19:01:45,383 - INFO - Extracted: Blumen Systems - 24-Jul-24
2025-05-06 19:01:45,383 - INFO - Found funding amount: 6385989
2025-05-06 19:01:45,411 - INFO - Extracted: Lakera AI - 24-Jul-24
2025-05-06 19:01:45,411 - INFO - Found funding amount: 20000000
2025-05-06 19:01:45,438 - INFO - Extracted: Astranis - 24-Jul-24
2025-05-06 19:01:45,438 - INFO - Found funding amount: 200000000
2025-05-06 19:01:45,466 - INFO - Extracted: Joy - 24-Jul-24
2025-05-06 19:01:45,466 - INFO - Found funding amount: 10000000
2025-05-06 19:01:45,507 - INFO - Extracted: Caldera - 24-Jul-24
2025-05-06 19:01:45,507 - INFO - Found funding amount: 15000000
2025-05-06 19:01:45,536 - INFO - Extracted: IncellDx - 23-Jul-24
2025-05-06 19:01:45,536 - INFO - Found funding amount: 500000
2025-05-06 19:01:45,573 - INFO - Extracted: Powder - 23-Jul-24
2025-05-06 19:01:45,573 - INFO - Found funding amount: 5000000
2025-05-06 19:01:45,602 - INFO - Extracted: Harvey - 23-Jul-24
2025-05-06 19:01:45,602 - INFO - Found funding amount: 100000000
2025-05-06 19:01:45,630 - INFO - Extracted: Placer.ai - 23-Jul-24
2025-05-06 19:01:45,630 - INFO - Found funding amount: 54500187
2025-05-06 19:01:45,659 - INFO - Extracted: Momentum - 23-Jul-24
2025-05-06 19:01:45,659 - INFO - Found funding amount: 13000000
2025-05-06 19:01:45,688 - INFO - Extracted: SirenOpt - 23-Jul-24
2025-05-06 19:01:45,688 - INFO - Found funding amount: 6600000
2025-05-06 19:01:45,717 - INFO - Extracted: Uplimit - 23-Jul-24
2025-05-06 19:01:45,717 - INFO - Found funding amount: 11000000
2025-05-06 19:01:45,746 - INFO - Extracted: Mytra - 23-Jul-24
2025-05-06 19:01:45,746 - INFO - Found funding amount: 50000000
2025-05-06 19:01:45,775 - INFO - Extracted: Level AI - 23-Jul-24
2025-05-06 19:01:45,775 - INFO - Found funding amount: 39400000
2025-05-06 19:01:45,806 - INFO - Extracted: Alixia - 23-Jul-24
2025-05-06 19:01:45,806 - INFO - Found funding amount: 1825445
2025-05-06 19:01:45,835 - INFO - Extracted: Elly Analytics, Inc. - 22-Jul-24
2025-05-06 19:01:45,835 - INFO - Found funding amount: 1000000
2025-05-06 19:01:45,864 - INFO - Extracted: Noded Ai - 22-Jul-24
2025-05-06 19:01:45,864 - INFO - Found funding amount: 4000000
2025-05-06 19:01:45,894 - INFO - Extracted: EdgeRunner AI - 18-Jul-24
2025-05-06 19:01:45,894 - INFO - Found funding amount: 5500000
2025-05-06 19:01:45,923 - INFO - Extracted: Arrcus - 18-Jul-24
2025-05-06 19:01:45,923 - INFO - Found funding amount: 30000000
2025-05-06 19:01:45,923 - INFO - Successfully extracted 20 new companies from page 25
2025-05-06 19:01:45,923 - INFO - Attempting to navigate from page 25
2025-05-06 19:01:52,166 - INFO - JavaScript verification confirmed page changed
2025-05-06 19:01:53,278 - INFO - Extracting data from page 26
2025-05-06 19:01:53,669 - INFO - Trying standard table extraction
2025-05-06 19:01:53,726 - INFO - Found funding amount column at index 6
2025-05-06 19:01:53,731 - INFO - Found headquarters column at index 7
2025-05-06 19:01:53,741 - INFO - Found 22 potential data rows
2025-05-06 19:01:53,786 - INFO - Extracted: Juno - 18-Jul-24
2025-05-06 19:01:53,786 - INFO - Found funding amount: 8500000
2025-05-06 19:01:53,815 - INFO - Extracted: d.light - 17-Jul-24
2025-05-06 19:01:53,815 - INFO - Found funding amount: 176000000
2025-05-06 19:01:53,844 - INFO - Extracted: Human Interest - 17-Jul-24
2025-05-06 19:01:53,844 - INFO - Found funding amount: 242000000
2025-05-06 19:01:53,872 - INFO - Extracted: Caltech - 17-Jul-24
2025-05-06 19:01:53,873 - INFO - Found funding amount: 10000000
2025-05-06 19:01:53,901 - INFO - Extracted: NGM Biopharmaceuticals - 17-Jul-24
2025-05-06 19:01:53,901 - INFO - Found funding amount: 122000000
2025-05-06 19:01:53,930 - INFO - Extracted: aiXplain - 17-Jul-24
2025-05-06 19:01:53,931 - INFO - Found funding amount: 6500000
2025-05-06 19:01:53,960 - INFO - Extracted: Ohlone College - 17-Jul-24
2025-05-06 19:01:53,960 - INFO - Found funding amount: 50000
2025-05-06 19:01:53,989 - INFO - Extracted: Slope - 17-Jul-24
2025-05-06 19:01:53,989 - INFO - Found funding amount: 50000000
2025-05-06 19:01:54,018 - INFO - Extracted: Matera - 17-Jul-24
2025-05-06 19:01:54,018 - INFO - Found funding amount: 100000000
2025-05-06 19:01:54,048 - INFO - Extracted: Solideon - 17-Jul-24
2025-05-06 19:01:54,048 - INFO - Found funding amount: 5000000
2025-05-06 19:01:54,077 - INFO - Extracted: Vectara - 16-Jul-24
2025-05-06 19:01:54,078 - INFO - Found funding amount: 25000000
2025-05-06 19:01:54,106 - INFO - Extracted: Tekion - 16-Jul-24
2025-05-06 19:01:54,107 - INFO - Found funding amount: 200000000
2025-05-06 19:01:54,147 - INFO - Extracted: The San Francisco Compute Company - 16-Jul-24
2025-05-06 19:01:54,147 - INFO - Found funding amount: 12000000
2025-05-06 19:01:54,176 - INFO - Extracted: DreamBig Semiconductor - 16-Jul-24
2025-05-06 19:01:54,176 - INFO - Found funding amount: 75000000
2025-05-06 19:01:54,205 - INFO - Extracted: Echo Chunk AI - 16-Jul-24
2025-05-06 19:01:54,205 - INFO - Found funding amount: 1400000
2025-05-06 19:01:54,234 - INFO - Extracted: Botrista Technology - 16-Jul-24
2025-05-06 19:01:54,234 - INFO - Found funding amount: 65000000
2025-05-06 19:01:54,263 - INFO - Extracted: Dusk - 16-Jul-24
2025-05-06 19:01:54,263 - INFO - Found funding amount: 8000000
2025-05-06 19:01:54,292 - INFO - Extracted: Sphere Technology Holdings - 15-Jul-24
2025-05-06 19:01:54,292 - INFO - Found funding amount: 9511799
2025-05-06 19:01:54,323 - INFO - Extracted: Halo Industries - 15-Jul-24
2025-05-06 19:01:54,323 - INFO - Found funding amount: 80000000
2025-05-06 19:01:54,356 - INFO - Extracted: NeuSpera Medical - 15-Jul-24
2025-05-06 19:01:54,356 - INFO - Found funding amount: 23000000
2025-05-06 19:01:54,356 - INFO - Successfully extracted 20 new companies from page 26
2025-05-06 19:01:54,356 - INFO - Attempting to navigate from page 26
2025-05-06 19:01:59,867 - INFO - JavaScript verification confirmed page changed
2025-05-06 19:02:01,031 - INFO - Extracting data from page 27
2025-05-06 19:02:01,948 - INFO - Trying standard table extraction
2025-05-06 19:02:01,985 - INFO - Found funding amount column at index 6
2025-05-06 19:02:01,989 - INFO - Found headquarters column at index 7
2025-05-06 19:02:01,996 - INFO - Found 22 potential data rows
2025-05-06 19:02:02,039 - INFO - Extracted: Metabase Q - 15-Jul-24
2025-05-06 19:02:02,039 - INFO - Found funding amount: 5099986
2025-05-06 19:02:02,068 - INFO - Extracted: Vivoo - 15-Jul-24
2025-05-06 19:02:02,069 - INFO - Found funding amount: 0
2025-05-06 19:02:02,098 - INFO - Extracted: SmarterLicense - 15-Jul-24
2025-05-06 19:02:02,098 - INFO - Found funding amount: 1100000
2025-05-06 19:02:02,127 - INFO - Extracted: Digestiva - 15-Jul-24
2025-05-06 19:02:02,127 - INFO - Found funding amount: 18400000
2025-05-06 19:02:02,159 - INFO - Extracted: Odyssey - 12-Jul-24
2025-05-06 19:02:02,159 - INFO - Found funding amount: 9000000
2025-05-06 19:02:02,189 - INFO - Extracted: Armada - 11-Jul-24
2025-05-06 19:02:02,189 - INFO - Found funding amount: 40000000
2025-05-06 19:02:02,229 - INFO - Extracted: Mantle - 10-Jul-24
2025-05-06 19:02:02,230 - INFO - Found funding amount: 20000000
2025-05-06 19:02:02,259 - INFO - Extracted: Lekko - 10-Jul-24
2025-05-06 19:02:02,259 - INFO - Found funding amount: 4500000
2025-05-06 19:02:02,289 - INFO - Extracted: Hayden AI - 10-Jul-24
2025-05-06 19:02:02,289 - INFO - Found funding amount: 90000000
2025-05-06 19:02:02,318 - INFO - Extracted: Adona Medical - 10-Jul-24
2025-05-06 19:02:02,318 - INFO - Found funding amount: 13369997
2025-05-06 19:02:02,347 - INFO - Extracted: Safe Passages - 9-Jul-24
2025-05-06 19:02:02,347 - INFO - Found funding amount: 270000
2025-05-06 19:02:02,377 - INFO - Extracted: Valo.ai - 9-Jul-24
2025-05-06 19:02:02,377 - INFO - Found funding amount: 0
2025-05-06 19:02:02,406 - INFO - Extracted: Volley - 9-Jul-24
2025-05-06 19:02:02,406 - INFO - Found funding amount: 55000000
2025-05-06 19:02:02,436 - INFO - Extracted: Accend - 9-Jul-24
2025-05-06 19:02:02,436 - INFO - Found funding amount: 3200000
2025-05-06 19:02:02,465 - INFO - Extracted: NovoNutrients - 9-Jul-24
2025-05-06 19:02:02,465 - INFO - Found funding amount: 18000000
2025-05-06 19:02:02,495 - INFO - Extracted: Default - 8-Jul-24
2025-05-06 19:02:02,495 - INFO - Found funding amount: 4000000
2025-05-06 19:02:02,524 - INFO - Extracted: Cartken - 3-Jul-24
2025-05-06 19:02:02,524 - INFO - Found funding amount: 10000000
2025-05-06 19:02:02,557 - INFO - Extracted: Granza Bio - 3-Jul-24
2025-05-06 19:02:02,557 - INFO - Found funding amount: 7140000
2025-05-06 19:02:02,586 - INFO - Extracted: Frontier Energy - 2-Jul-24
2025-05-06 19:02:02,586 - INFO - Found funding amount: 0
2025-05-06 19:02:02,615 - INFO - Extracted: BRB APP INC - 1-Jul-24
2025-05-06 19:02:02,615 - INFO - Found funding amount: 0
2025-05-06 19:02:02,615 - INFO - Successfully extracted 20 new companies from page 27
2025-05-06 19:02:02,615 - INFO - Attempting to navigate from page 27
2025-05-06 19:02:08,999 - INFO - JavaScript verification confirmed page changed
2025-05-06 19:02:09,485 - INFO - Extracting data from page 28
2025-05-06 19:02:10,614 - INFO - Trying standard table extraction
2025-05-06 19:02:10,692 - INFO - Found funding amount column at index 6
2025-05-06 19:02:10,702 - INFO - Found headquarters column at index 7
2025-05-06 19:02:10,716 - INFO - Found 22 potential data rows
2025-05-06 19:02:10,760 - INFO - Extracted: UptimeAI - 1-Jul-24
2025-05-06 19:02:10,760 - INFO - Found funding amount: 13999999
2025-05-06 19:02:10,789 - INFO - Extracted: AnswerGrid - 1-Jul-24
2025-05-06 19:02:10,789 - INFO - Found funding amount: 500000
2025-05-06 19:02:10,818 - INFO - Extracted: Senti Biosciences - 1-Jul-24
2025-05-06 19:02:10,818 - INFO - Found funding amount: 8000000
2025-05-06 19:02:10,847 - INFO - Extracted: Pivot Robots - 1-Jul-24
2025-05-06 19:02:10,847 - INFO - Found funding amount: 500000
2025-05-06 19:02:10,876 - INFO - Extracted: Odaseva - 27-Jun-24
2025-05-06 19:02:10,877 - INFO - Found funding amount: 54000000
2025-05-06 19:02:10,905 - INFO - Extracted: Aether Fuels - 27-Jun-24
2025-05-06 19:02:10,905 - INFO - Found funding amount: 34000000
2025-05-06 19:02:10,936 - INFO - Extracted: GetReal Labs - 27-Jun-24
2025-05-06 19:02:10,936 - INFO - Found funding amount: 0
2025-05-06 19:02:10,965 - INFO - Extracted: Fetchflow - 27-Jun-24
2025-05-06 19:02:10,965 - INFO - Found funding amount: 500000
2025-05-06 19:02:10,994 - INFO - Extracted: KarmaCheck - 27-Jun-24
2025-05-06 19:02:10,994 - INFO - Found funding amount: 45000000
2025-05-06 19:02:11,023 - INFO - Extracted: Clearstory.build - 27-Jun-24
2025-05-06 19:02:11,023 - INFO - Found funding amount: 16000000
2025-05-06 19:02:11,052 - INFO - Extracted: Foodsmart - 26-Jun-24
2025-05-06 19:02:11,052 - INFO - Found funding amount: 200000000
2025-05-06 19:02:11,082 - INFO - Extracted: Ario - 26-Jun-24
2025-05-06 19:02:11,082 - INFO - Found funding amount: 16000000
2025-05-06 19:02:11,111 - INFO - Extracted: Rondo Energy - 26-Jun-24
2025-05-06 19:02:11,111 - INFO - Found funding amount: 75000000
2025-05-06 19:02:11,140 - INFO - Extracted: Onehouse - 26-Jun-24
2025-05-06 19:02:11,140 - INFO - Found funding amount: 35000000
2025-05-06 19:02:11,169 - INFO - Extracted: Frontier Medicines - 25-Jun-24
2025-05-06 19:02:11,169 - INFO - Found funding amount: 20000000
2025-05-06 19:02:11,203 - INFO - Extracted: Conduit - 25-Jun-24
2025-05-06 19:02:11,203 - INFO - Found funding amount: 37000000
2025-05-06 19:02:11,232 - INFO - Extracted: Cloudian - 25-Jun-24
2025-05-06 19:02:11,232 - INFO - Found funding amount: 23000000
2025-05-06 19:02:11,263 - INFO - Extracted: Asteri AI - 25-Jun-24
2025-05-06 19:02:11,263 - INFO - Found funding amount: 0
2025-05-06 19:02:11,293 - INFO - Extracted: Antora Energy - 25-Jun-24
2025-05-06 19:02:11,293 - INFO - Found funding amount: 14500000
2025-05-06 19:02:11,328 - INFO - Extracted: VidAU - 25-Jun-24
2025-05-06 19:02:11,328 - INFO - Found funding amount: 0
2025-05-06 19:02:11,328 - INFO - Successfully extracted 20 new companies from page 28
2025-05-06 19:02:11,328 - INFO - Attempting to navigate from page 28
2025-05-06 19:02:17,062 - INFO - JavaScript verification confirmed page changed
2025-05-06 19:02:18,127 - INFO - Extracting data from page 29
2025-05-06 19:02:19,084 - INFO - Trying standard table extraction
2025-05-06 19:02:19,141 - INFO - Found funding amount column at index 6
2025-05-06 19:02:19,146 - INFO - Found headquarters column at index 7
2025-05-06 19:02:19,155 - INFO - Found 22 potential data rows
2025-05-06 19:02:19,200 - INFO - Extracted: Etched.ai - 25-Jun-24
2025-05-06 19:02:19,200 - INFO - Found funding amount: 120000000
2025-05-06 19:02:19,229 - INFO - Extracted: Sift - 25-Jun-24
2025-05-06 19:02:19,229 - INFO - Found funding amount: 17500000
2025-05-06 19:02:19,257 - INFO - Extracted: TwoStep Therapeutics - 25-Jun-24
2025-05-06 19:02:19,257 - INFO - Found funding amount: 6500000
2025-05-06 19:02:19,287 - INFO - Extracted: Opus1.io - 25-Jun-24
2025-05-06 19:02:19,287 - INFO - Found funding amount: 0
2025-05-06 19:02:19,315 - INFO - Extracted: Klarity - 24-Jun-24
2025-05-06 19:02:19,315 - INFO - Found funding amount: 70000000
2025-05-06 19:02:19,346 - INFO - Extracted: Tusk - 21-Jun-24
2025-05-06 19:02:19,346 - INFO - Found funding amount: 500000
2025-05-06 19:02:19,375 - INFO - Extracted: MEandMine - 20-Jun-24
2025-05-06 19:02:19,375 - INFO - Found funding amount: 4500000
2025-05-06 19:02:19,404 - INFO - Extracted: Molten Industries - 20-Jun-24
2025-05-06 19:02:19,404 - INFO - Found funding amount: 25000000
2025-05-06 19:02:19,433 - INFO - Extracted: Aikido Technologies - 20-Jun-24
2025-05-06 19:02:19,433 - INFO - Found funding amount: 4000000
2025-05-06 19:02:19,462 - INFO - Extracted: Submix - 19-Jun-24
2025-05-06 19:02:19,462 - INFO - Found funding amount: 1000000
2025-05-06 19:02:19,491 - INFO - Extracted: Speechlab, Inc. - 19-Jun-24
2025-05-06 19:02:19,491 - INFO - Found funding amount: 2900000
2025-05-06 19:02:19,519 - INFO - Extracted: Specialized Packaging Group - 18-Jun-24
2025-05-06 19:02:19,519 - INFO - Found funding amount: 0
2025-05-06 19:02:19,548 - INFO - Extracted: Planted Solar - 18-Jun-24
2025-05-06 19:02:19,548 - INFO - Found funding amount: 20000000
2025-05-06 19:02:19,577 - INFO - Extracted: Promaxo - 18-Jun-24
2025-05-06 19:02:19,577 - INFO - Found funding amount: 0
2025-05-06 19:02:19,606 - INFO - Extracted: Sewer AI - 18-Jun-24
2025-05-06 19:02:19,606 - INFO - Found funding amount: 15000000
2025-05-06 19:02:19,635 - INFO - Extracted: Scoop Analytics - 18-Jun-24
2025-05-06 19:02:19,636 - INFO - Found funding amount: 3500000
2025-05-06 19:02:19,665 - INFO - Extracted: Loop Golf - 18-Jun-24
2025-05-06 19:02:19,665 - INFO - Found funding amount: 1000000
2025-05-06 19:02:19,694 - INFO - Extracted: Marea Therapeutics - 18-Jun-24
2025-05-06 19:02:19,694 - INFO - Found funding amount: 190000000
2025-05-06 19:02:19,723 - INFO - Extracted: Factory - 18-Jun-24
2025-05-06 19:02:19,723 - INFO - Found funding amount: 15000000
2025-05-06 19:02:19,754 - INFO - Extracted: Maxim - 18-Jun-24
2025-05-06 19:02:19,754 - INFO - Found funding amount: 250000000
2025-05-06 19:02:19,754 - INFO - Successfully extracted 20 new companies from page 29
2025-05-06 19:02:19,754 - INFO - Attempting to navigate from page 29
2025-05-06 19:02:26,498 - INFO - JavaScript verification confirmed page changed
2025-05-06 19:02:27,165 - INFO - Extracting data from page 30
2025-05-06 19:02:28,364 - INFO - Trying standard table extraction
2025-05-06 19:02:28,414 - INFO - Found funding amount column at index 6
2025-05-06 19:02:28,418 - INFO - Found headquarters column at index 7
2025-05-06 19:02:28,426 - INFO - Found 22 potential data rows
2025-05-06 19:02:28,470 - INFO - Extracted: Autify - 17-Jun-24
2025-05-06 19:02:28,470 - INFO - Found funding amount: 13000000
2025-05-06 19:02:28,499 - INFO - Extracted: Constructor - 17-Jun-24
2025-05-06 19:02:28,499 - INFO - Found funding amount: 25000000
2025-05-06 19:02:28,528 - INFO - Extracted: You.com - 17-Jun-24
2025-05-06 19:02:28,529 - INFO - Found funding amount: 50000000
2025-05-06 19:02:28,564 - INFO - Extracted: Take Homes - 17-Jun-24
2025-05-06 19:02:28,564 - INFO - Found funding amount: 150000
2025-05-06 19:02:28,593 - INFO - Extracted: Aepnus Technology - 14-Jun-24
2025-05-06 19:02:28,593 - INFO - Found funding amount: 8000000
2025-05-06 19:02:28,622 - INFO - Extracted: Better Health - 13-Jun-24
2025-05-06 19:02:28,622 - INFO - Found funding amount: 14000000
2025-05-06 19:02:28,651 - INFO - Extracted: Viridian Space - 13-Jun-24
2025-05-06 19:02:28,651 - INFO - Found funding amount: 0
2025-05-06 19:02:28,680 - INFO - Extracted: Remmie - 12-Jun-24
2025-05-06 19:02:28,680 - INFO - Found funding amount: 3000000
2025-05-06 19:02:28,708 - INFO - Extracted: Canary Technologies - 12-Jun-24
2025-05-06 19:02:28,708 - INFO - Found funding amount: 50000000
2025-05-06 19:02:28,737 - INFO - Extracted: Grayce - 12-Jun-24
2025-05-06 19:02:28,737 - INFO - Found funding amount: 10400000
2025-05-06 19:02:28,766 - INFO - Extracted: InScope - 12-Jun-24
2025-05-06 19:02:28,766 - INFO - Found funding amount: 4300000
2025-05-06 19:02:28,794 - INFO - Extracted: Learn to Win - 12-Jun-24
2025-05-06 19:02:28,794 - INFO - Found funding amount: 30000000
2025-05-06 19:02:28,822 - INFO - Extracted: Tesseract Medical Research - 11-Jun-24
2025-05-06 19:02:28,822 - INFO - Found funding amount: 20000000
2025-05-06 19:02:28,851 - INFO - Extracted: Cyberhaven - 11-Jun-24
2025-05-06 19:02:28,851 - INFO - Found funding amount: 88000000
2025-05-06 19:02:28,879 - INFO - Extracted: Found - 11-Jun-24
2025-05-06 19:02:28,879 - INFO - Found funding amount: 45999997
2025-05-06 19:02:28,908 - INFO - Extracted: Youth Speaks - 11-Jun-24
2025-05-06 19:02:28,908 - INFO - Found funding amount: 40000
2025-05-06 19:02:28,939 - INFO - Extracted: Perlumi - 11-Jun-24
2025-05-06 19:02:28,939 - INFO - Found funding amount: 4515899
2025-05-06 19:02:28,967 - INFO - Extracted: Nexus Laboratories - 10-Jun-24
2025-05-06 19:02:28,967 - INFO - Found funding amount: 25000000
2025-05-06 19:02:28,996 - INFO - Extracted: Pair Team - 10-Jun-24
2025-05-06 19:02:28,996 - INFO - Found funding amount: 500000
2025-05-06 19:02:29,024 - INFO - Extracted: Gatik - 10-Jun-24
2025-05-06 19:02:29,024 - INFO - Found funding amount: 0
2025-05-06 19:02:29,024 - INFO - Successfully extracted 20 new companies from page 30
2025-05-06 19:02:29,024 - INFO - Attempting to navigate from page 30
2025-05-06 19:02:35,154 - INFO - JavaScript verification confirmed page changed
2025-05-06 19:02:36,095 - INFO - Extracting data from page 31
2025-05-06 19:02:36,573 - INFO - Trying standard table extraction
2025-05-06 19:02:36,616 - INFO - Found funding amount column at index 6
2025-05-06 19:02:36,620 - INFO - Found headquarters column at index 7
2025-05-06 19:02:36,627 - INFO - Found 22 potential data rows
2025-05-06 19:02:36,667 - INFO - Extracted: InSync - 8-Jun-24
2025-05-06 19:02:36,667 - INFO - Found funding amount: 0
2025-05-06 19:02:36,697 - INFO - Extracted: Prolific Machines - 7-Jun-24
2025-05-06 19:02:36,697 - INFO - Found funding amount: 55000000
2025-05-06 19:02:36,727 - INFO - Extracted: Portal AI - 7-Jun-24
2025-05-06 19:02:36,727 - INFO - Found funding amount: 4500000
2025-05-06 19:02:36,756 - INFO - Extracted: Rising Team - 6-Jun-24
2025-05-06 19:02:36,756 - INFO - Found funding amount: 8000000
2025-05-06 19:02:36,788 - INFO - Extracted: Greptile - 6-Jun-24
2025-05-06 19:02:36,788 - INFO - Found funding amount: 4099999
2025-05-06 19:02:36,819 - INFO - Extracted: bem - 6-Jun-24
2025-05-06 19:02:36,819 - INFO - Found funding amount: 3700000
2025-05-06 19:02:36,848 - INFO - Extracted: Boys & Girls Clubs of Fresno County - 6-Jun-24
2025-05-06 19:02:36,849 - INFO - Found funding amount: 55000
2025-05-06 19:02:36,878 - INFO - Extracted: Cube Dev - 6-Jun-24
2025-05-06 19:02:36,878 - INFO - Found funding amount: 25000000
2025-05-06 19:02:36,907 - INFO - Extracted: Tobiko Data - 5-Jun-24
2025-05-06 19:02:36,908 - INFO - Found funding amount: 17300000
2025-05-06 19:02:36,937 - INFO - Extracted: Zingly - 5-Jun-24
2025-05-06 19:02:36,938 - INFO - Found funding amount: 10000000
2025-05-06 19:02:36,967 - INFO - Extracted: 100% Chiropractic - 5-Jun-24
2025-05-06 19:02:36,967 - INFO - Found funding amount: 0
2025-05-06 19:02:36,996 - INFO - Extracted: Pika - 5-Jun-24
2025-05-06 19:02:36,996 - INFO - Found funding amount: 80000000
2025-05-06 19:02:37,028 - INFO - Extracted: Xcimer Energy - 4-Jun-24
2025-05-06 19:02:37,028 - INFO - Found funding amount: 100000000
2025-05-06 19:02:37,058 - INFO - Extracted: Raydiant Oximetry - 4-Jun-24
2025-05-06 19:02:37,058 - INFO - Found funding amount: 7500000
2025-05-06 19:02:37,087 - INFO - Extracted: Vantage Discovery - 4-Jun-24
2025-05-06 19:02:37,087 - INFO - Found funding amount: 16000000
2025-05-06 19:02:37,121 - INFO - Extracted: Siren Biotechnology - 4-Jun-24
2025-05-06 19:02:37,121 - INFO - Found funding amount: 19611194
2025-05-06 19:02:37,150 - INFO - Extracted: SOFIE - 4-Jun-24
2025-05-06 19:02:37,150 - INFO - Found funding amount: 0
2025-05-06 19:02:37,179 - INFO - Extracted: AirMDR - 4-Jun-24
2025-05-06 19:02:37,179 - INFO - Found funding amount: 5000000
2025-05-06 19:02:37,208 - INFO - Extracted: Zum - 4-Jun-24
2025-05-06 19:02:37,208 - INFO - Found funding amount: 32000000
2025-05-06 19:02:37,237 - INFO - Extracted: Spike Technologies - 4-Jun-24
2025-05-06 19:02:37,237 - INFO - Found funding amount: 3200000
2025-05-06 19:02:37,237 - INFO - Successfully extracted 20 new companies from page 31
2025-05-06 19:02:37,237 - INFO - Attempting to navigate from page 31
2025-05-06 19:02:43,249 - INFO - JavaScript verification confirmed page changed
2025-05-06 19:02:44,101 - INFO - Extracting data from page 32
2025-05-06 19:02:44,487 - INFO - Trying standard table extraction
2025-05-06 19:02:44,536 - INFO - Found funding amount column at index 6
2025-05-06 19:02:44,539 - INFO - Found headquarters column at index 7
2025-05-06 19:02:44,553 - INFO - Found 22 potential data rows
2025-05-06 19:02:44,604 - INFO - Extracted: Pr√≥speros - 4-Jun-24
2025-05-06 19:02:44,604 - INFO - Found funding amount: 3000000
2025-05-06 19:02:44,639 - INFO - Extracted: Field Materials, Inc. - 4-Jun-24
2025-05-06 19:02:44,639 - INFO - Found funding amount: 3500000
2025-05-06 19:02:44,706 - INFO - Extracted: Viaduct - 4-Jun-24
2025-05-06 19:02:44,706 - INFO - Found funding amount: 10000000
2025-05-06 19:02:44,759 - INFO - Extracted: Tandem PV - 3-Jun-24
2025-05-06 19:02:44,759 - INFO - Found funding amount: 4700000
2025-05-06 19:02:44,798 - INFO - Extracted: Vimmerse - 3-Jun-24
2025-05-06 19:02:44,798 - INFO - Found funding amount: 0
2025-05-06 19:02:44,831 - INFO - Extracted: Ashby - 3-Jun-24
2025-05-06 19:02:44,831 - INFO - Found funding amount: 30000000
2025-05-06 19:02:44,865 - INFO - Extracted: Balance - 3-Jun-24
2025-05-06 19:02:44,865 - INFO - Found funding amount: 2500000
2025-05-06 19:02:44,895 - INFO - Extracted: Revi - 1-Jun-24
2025-05-06 19:02:44,895 - INFO - Found funding amount: 10000000
2025-05-06 19:02:44,924 - INFO - Extracted: Sprout HR - 1-Jun-24
2025-05-06 19:02:44,924 - INFO - Found funding amount: 0
2025-05-06 19:02:44,953 - INFO - Extracted: Point - 30-May-24
2025-05-06 19:02:44,953 - INFO - Found funding amount: 141000000
2025-05-06 19:02:44,981 - INFO - Extracted: Portside - 30-May-24
2025-05-06 19:02:44,981 - INFO - Found funding amount: 0
2025-05-06 19:02:45,011 - INFO - Extracted: Forward - 30-May-24
2025-05-06 19:02:45,011 - INFO - Found funding amount: 16000000
2025-05-06 19:02:45,044 - INFO - Extracted: Plural Energy - 30-May-24
2025-05-06 19:02:45,044 - INFO - Found funding amount: 2330000
2025-05-06 19:02:45,085 - INFO - Extracted: ZERO - 30-May-24
2025-05-06 19:02:45,086 - INFO - Found funding amount: 26112523
2025-05-06 19:02:45,115 - INFO - Extracted: Functional Finance - 30-May-24
2025-05-06 19:02:45,115 - INFO - Found funding amount: 16999992
2025-05-06 19:02:45,145 - INFO - Extracted: Valar Labs - 30-May-24
2025-05-06 19:02:45,145 - INFO - Found funding amount: 22000000
2025-05-06 19:02:45,173 - INFO - Extracted: BabylonChain - 30-May-24
2025-05-06 19:02:45,173 - INFO - Found funding amount: 70000000
2025-05-06 19:02:45,202 - INFO - Extracted: Plenful - 30-May-24
2025-05-06 19:02:45,202 - INFO - Found funding amount: 17000000
2025-05-06 19:02:45,232 - INFO - Extracted: TraceAir - 29-May-24
2025-05-06 19:02:45,232 - INFO - Found funding amount: 25000000
2025-05-06 19:02:45,262 - INFO - Extracted: Frore Systems - 29-May-24
2025-05-06 19:02:45,262 - INFO - Found funding amount: 80000000
2025-05-06 19:02:45,262 - INFO - Successfully extracted 20 new companies from page 32
2025-05-06 19:02:45,262 - INFO - Attempting to navigate from page 32
2025-05-06 19:02:50,904 - INFO - JavaScript verification confirmed page changed
2025-05-06 19:02:51,853 - INFO - Extracting data from page 33
2025-05-06 19:02:52,592 - INFO - Trying standard table extraction
2025-05-06 19:02:52,628 - INFO - Found funding amount column at index 6
2025-05-06 19:02:52,631 - INFO - Found headquarters column at index 7
2025-05-06 19:02:52,638 - INFO - Found 22 potential data rows
2025-05-06 19:02:52,680 - INFO - Extracted: Figma - 29-May-24
2025-05-06 19:02:52,680 - INFO - Found funding amount: 415749740
2025-05-06 19:02:52,713 - INFO - Extracted: Kinisi - 29-May-24
2025-05-06 19:02:52,713 - INFO - Found funding amount: 437000
2025-05-06 19:02:52,742 - INFO - Extracted: App Orchid - 28-May-24
2025-05-06 19:02:52,743 - INFO - Found funding amount: 1500000
2025-05-06 19:02:52,772 - INFO - Extracted: OpsMx - 28-May-24
2025-05-06 19:02:52,772 - INFO - Found funding amount: 0
2025-05-06 19:02:52,801 - INFO - Extracted: LiveReach Media - 28-May-24
2025-05-06 19:02:52,802 - INFO - Found funding amount: 6908849
2025-05-06 19:02:52,831 - INFO - Extracted: Transcend - 28-May-24
2025-05-06 19:02:52,831 - INFO - Found funding amount: 40000000
2025-05-06 19:02:52,863 - INFO - Extracted: Aperture Finance - 28-May-24
2025-05-06 19:02:52,863 - INFO - Found funding amount: 6700000
2025-05-06 19:02:52,903 - INFO - Extracted: Felix - 28-May-24
2025-05-06 19:02:52,903 - INFO - Found funding amount: 15500000
2025-05-06 19:02:52,932 - INFO - Extracted: Sempera Organics - 24-May-24
2025-05-06 19:02:52,932 - INFO - Found funding amount: 2612490
2025-05-06 19:02:52,961 - INFO - Extracted: Heyday - 24-May-24
2025-05-06 19:02:52,961 - INFO - Found funding amount: 0
2025-05-06 19:02:52,990 - INFO - Extracted: Killington Technologies - 24-May-24
2025-05-06 19:02:52,990 - INFO - Found funding amount: 400000
2025-05-06 19:02:53,019 - INFO - Extracted: Lumos - 23-May-24
2025-05-06 19:02:53,019 - INFO - Found funding amount: 35000000
2025-05-06 19:02:53,047 - INFO - Extracted: Userfront - 23-May-24
2025-05-06 19:02:53,048 - INFO - Found funding amount: 5300000
2025-05-06 19:02:53,076 - INFO - Extracted: Supermove - 23-May-24
2025-05-06 19:02:53,076 - INFO - Found funding amount: 0
2025-05-06 19:02:53,104 - INFO - Extracted: Aduro Advisors - 23-May-24
2025-05-06 19:02:53,104 - INFO - Found funding amount: 0
2025-05-06 19:02:53,133 - INFO - Extracted: forml - 23-May-24
2025-05-06 19:02:53,133 - INFO - Found funding amount: 546477
2025-05-06 19:02:53,161 - INFO - Extracted: BeeHero - 23-May-24
2025-05-06 19:02:53,161 - INFO - Found funding amount: 500000
2025-05-06 19:02:53,190 - INFO - Extracted: Founder AI - 22-May-24
2025-05-06 19:02:53,190 - INFO - Found funding amount: 3000000
2025-05-06 19:02:53,218 - INFO - Extracted: HoundDog.ai - 22-May-24
2025-05-06 19:02:53,218 - INFO - Found funding amount: 3100000
2025-05-06 19:02:53,248 - INFO - Extracted: Amino - 22-May-24
2025-05-06 19:02:53,248 - INFO - Found funding amount: 10000000
2025-05-06 19:02:53,248 - INFO - Successfully extracted 20 new companies from page 33
2025-05-06 19:02:53,248 - INFO - Attempting to navigate from page 33
2025-05-06 19:02:59,756 - INFO - JavaScript verification confirmed page changed
2025-05-06 19:03:00,724 - INFO - Extracting data from page 34
2025-05-06 19:03:01,097 - INFO - Trying standard table extraction
2025-05-06 19:03:01,154 - INFO - Found funding amount column at index 6
2025-05-06 19:03:01,159 - INFO - Found headquarters column at index 7
2025-05-06 19:03:01,173 - INFO - Found 22 potential data rows
2025-05-06 19:03:01,236 - INFO - Extracted: California Walnuts - 22-May-24
2025-05-06 19:03:01,236 - INFO - Found funding amount: 7000000
2025-05-06 19:03:01,266 - INFO - Extracted: Verse - 22-May-24
2025-05-06 19:03:01,266 - INFO - Found funding amount: 20500000
2025-05-06 19:03:01,295 - INFO - Extracted: KETOS - 21-May-24
2025-05-06 19:03:01,295 - INFO - Found funding amount: 10000000
2025-05-06 19:03:01,324 - INFO - Extracted: XGS Energy - 21-May-24
2025-05-06 19:03:01,325 - INFO - Found funding amount: 20000000
2025-05-06 19:03:01,354 - INFO - Extracted: Materna Medical - 21-May-24
2025-05-06 19:03:01,354 - INFO - Found funding amount: 20000000
2025-05-06 19:03:01,384 - INFO - Extracted: Coactive AI - 21-May-24
2025-05-06 19:03:01,384 - INFO - Found funding amount: 30000000
2025-05-06 19:03:01,413 - INFO - Extracted: AltruBio - 21-May-24
2025-05-06 19:03:01,413 - INFO - Found funding amount: 225000000
2025-05-06 19:03:01,442 - INFO - Extracted: Infinx - 21-May-24
2025-05-06 19:03:01,442 - INFO - Found funding amount: 0
2025-05-06 19:03:01,471 - INFO - Extracted: UberCloud - 21-May-24
2025-05-06 19:03:01,471 - INFO - Found funding amount: 20000000
2025-05-06 19:03:01,500 - INFO - Extracted: daydream Labs - 20-May-24
2025-05-06 19:03:01,500 - INFO - Found funding amount: 6217281
2025-05-06 19:03:01,529 - INFO - Extracted: UTOBO - 20-May-24
2025-05-06 19:03:01,529 - INFO - Found funding amount: 0
2025-05-06 19:03:01,557 - INFO - Extracted: Bedrock Materials - 16-May-24
2025-05-06 19:03:01,557 - INFO - Found funding amount: 9000000
2025-05-06 19:03:01,586 - INFO - Extracted: Tree Line Capital Partners - 16-May-24
2025-05-06 19:03:01,586 - INFO - Found funding amount: 0
2025-05-06 19:03:01,616 - INFO - Extracted: Sigma Computing - 16-May-24
2025-05-06 19:03:01,616 - INFO - Found funding amount: 200000000
2025-05-06 19:03:01,644 - INFO - Extracted: Alkira - 15-May-24
2025-05-06 19:03:01,645 - INFO - Found funding amount: 100000000
2025-05-06 19:03:01,673 - INFO - Extracted: MULTI¬∑ON - 15-May-24
2025-05-06 19:03:01,674 - INFO - Found funding amount: 0
2025-05-06 19:03:01,702 - INFO - Extracted: Recall.ai - 15-May-24
2025-05-06 19:03:01,702 - INFO - Found funding amount: 10000000
2025-05-06 19:03:01,731 - INFO - Extracted: WEKA - 15-May-24
2025-05-06 19:03:01,731 - INFO - Found funding amount: 140000000
2025-05-06 19:03:01,760 - INFO - Extracted: AtlasPro AI - 15-May-24
2025-05-06 19:03:01,760 - INFO - Found funding amount: 0
2025-05-06 19:03:01,789 - INFO - Extracted: LanceDB - 15-May-24
2025-05-06 19:03:01,789 - INFO - Found funding amount: 8000000
2025-05-06 19:03:01,789 - INFO - Successfully extracted 20 new companies from page 34
2025-05-06 19:03:01,789 - INFO - Attempting to navigate from page 34
2025-05-06 19:03:06,885 - INFO - JavaScript verification confirmed page changed
2025-05-06 19:03:07,776 - INFO - Extracting data from page 35
2025-05-06 19:03:08,500 - INFO - Trying standard table extraction
2025-05-06 19:03:08,558 - INFO - Found funding amount column at index 6
2025-05-06 19:03:08,563 - INFO - Found headquarters column at index 7
2025-05-06 19:03:08,572 - INFO - Found 22 potential data rows
2025-05-06 19:03:08,618 - INFO - Extracted: Layer Financial Technologies - 15-May-24
2025-05-06 19:03:08,618 - INFO - Found funding amount: 2700000
2025-05-06 19:03:08,647 - INFO - Extracted: Apriora - 15-May-24
2025-05-06 19:03:08,647 - INFO - Found funding amount: 2800000
2025-05-06 19:03:08,676 - INFO - Extracted: Dosu - 14-May-24
2025-05-06 19:03:08,676 - INFO - Found funding amount: 8524997
2025-05-06 19:03:08,705 - INFO - Extracted: Harness - 14-May-24
2025-05-06 19:03:08,705 - INFO - Found funding amount: 150000000
2025-05-06 19:03:08,734 - INFO - Extracted: Gorgias - 14-May-24
2025-05-06 19:03:08,734 - INFO - Found funding amount: 29000000
2025-05-06 19:03:08,763 - INFO - Extracted: Glydways - 14-May-24
2025-05-06 19:03:08,763 - INFO - Found funding amount: 20000000
2025-05-06 19:03:08,792 - INFO - Extracted: Anthropos - 14-May-24
2025-05-06 19:03:08,792 - INFO - Found funding amount: 2700000
2025-05-06 19:03:08,821 - INFO - Extracted: The Fresno Area Hispanic Foundation - 14-May-24
2025-05-06 19:03:08,821 - INFO - Found funding amount: 1000000
2025-05-06 19:03:08,851 - INFO - Extracted: Orange Charger - 14-May-24
2025-05-06 19:03:08,851 - INFO - Found funding amount: 6500000
2025-05-06 19:03:08,880 - INFO - Extracted: Curve Biosciences - 13-May-24
2025-05-06 19:03:08,880 - INFO - Found funding amount: 17691996
2025-05-06 19:03:08,910 - INFO - Extracted: Mitra Chem - 13-May-24
2025-05-06 19:03:08,910 - INFO - Found funding amount: 40000000
2025-05-06 19:03:08,939 - INFO - Extracted: ChainML - 13-May-24
2025-05-06 19:03:08,939 - INFO - Found funding amount: 6200000
2025-05-06 19:03:08,967 - INFO - Extracted: The Bot Company - 13-May-24
2025-05-06 19:03:08,968 - INFO - Found funding amount: 150000000
2025-05-06 19:03:08,997 - INFO - Extracted: Triomics - 9-May-24
2025-05-06 19:03:08,998 - INFO - Found funding amount: 15000000
2025-05-06 19:03:09,026 - INFO - Extracted: Plenty - 9-May-24
2025-05-06 19:03:09,026 - INFO - Found funding amount: 5000000
2025-05-06 19:03:09,055 - INFO - Extracted: Q'Apel Medical - 9-May-24
2025-05-06 19:03:09,055 - INFO - Found funding amount: 17130411
2025-05-06 19:03:09,083 - INFO - Extracted: Bluejay Therapeutics - 9-May-24
2025-05-06 19:03:09,083 - INFO - Found funding amount: 182000000
2025-05-06 19:03:09,112 - INFO - Extracted: Altera - 8-May-24
2025-05-06 19:03:09,112 - INFO - Found funding amount: 9000000
2025-05-06 19:03:09,141 - INFO - Extracted: DatologyAI - 8-May-24
2025-05-06 19:03:09,141 - INFO - Found funding amount: 46000000
2025-05-06 19:03:09,172 - INFO - Extracted: 4L Data Intelligence - 8-May-24
2025-05-06 19:03:09,172 - INFO - Found funding amount: 1000000
2025-05-06 19:03:09,172 - INFO - Successfully extracted 20 new companies from page 35
2025-05-06 19:03:09,172 - INFO - Attempting to navigate from page 35
2025-05-06 19:03:14,634 - INFO - JavaScript verification confirmed page changed
2025-05-06 19:03:15,688 - INFO - Extracting data from page 36
2025-05-06 19:03:16,798 - INFO - Trying standard table extraction
2025-05-06 19:03:16,854 - INFO - Found funding amount column at index 6
2025-05-06 19:03:16,860 - INFO - Found headquarters column at index 7
2025-05-06 19:03:16,869 - INFO - Found 22 potential data rows
2025-05-06 19:03:16,914 - INFO - Extracted: ChangeEngine - 8-May-24
2025-05-06 19:03:16,914 - INFO - Found funding amount: 10000000
2025-05-06 19:03:16,943 - INFO - Extracted: Voyage Foods - 8-May-24
2025-05-06 19:03:16,944 - INFO - Found funding amount: 52000000
2025-05-06 19:03:16,972 - INFO - Extracted: Rad AI - 7-May-24
2025-05-06 19:03:16,972 - INFO - Found funding amount: 50000000
2025-05-06 19:03:17,002 - INFO - Extracted: Trust for Public Land - 7-May-24
2025-05-06 19:03:17,002 - INFO - Found funding amount: 200000
2025-05-06 19:03:17,031 - INFO - Extracted: Saved By Nature - 7-May-24
2025-05-06 19:03:17,031 - INFO - Found funding amount: 40000
2025-05-06 19:03:17,060 - INFO - Extracted: Composabl - 7-May-24
2025-05-06 19:03:17,060 - INFO - Found funding amount: 4250000
2025-05-06 19:03:17,090 - INFO - Extracted: Plan By - 7-May-24
2025-05-06 19:03:17,090 - INFO - Found funding amount: 0
2025-05-06 19:03:17,119 - INFO - Extracted: iFrameAI Health - 7-May-24
2025-05-06 19:03:17,119 - INFO - Found funding amount: 0
2025-05-06 19:03:17,148 - INFO - Extracted: Justice Outside - 7-May-24
2025-05-06 19:03:17,148 - INFO - Found funding amount: 100000
2025-05-06 19:03:17,176 - INFO - Extracted: Anetac - 6-May-24
2025-05-06 19:03:17,177 - INFO - Found funding amount: 16000000
2025-05-06 19:03:17,205 - INFO - Extracted: Sagetap - 6-May-24
2025-05-06 19:03:17,206 - INFO - Found funding amount: 6800000
2025-05-06 19:03:17,234 - INFO - Extracted: Karius - 2-May-24
2025-05-06 19:03:17,234 - INFO - Found funding amount: 100000000
2025-05-06 19:03:17,263 - INFO - Extracted: Altruist - 2-May-24
2025-05-06 19:03:17,263 - INFO - Found funding amount: 169000000
2025-05-06 19:03:17,292 - INFO - Extracted: Paragraph - 2-May-24
2025-05-06 19:03:17,292 - INFO - Found funding amount: 5000000
2025-05-06 19:03:17,321 - INFO - Extracted: Transcarent - 2-May-24
2025-05-06 19:03:17,321 - INFO - Found funding amount: 126000000
2025-05-06 19:03:17,350 - INFO - Extracted: Mimic - 2-May-24
2025-05-06 19:03:17,350 - INFO - Found funding amount: 27000000
2025-05-06 19:03:17,382 - INFO - Extracted: Boys & Girls Club of Silicon Valley - 2-May-24
2025-05-06 19:03:17,382 - INFO - Found funding amount: 100000
2025-05-06 19:03:17,411 - INFO - Extracted: CellChorus - 2-May-24
2025-05-06 19:03:17,411 - INFO - Found funding amount: 2500000
2025-05-06 19:03:17,440 - INFO - Extracted: Ex-human - 2-May-24
2025-05-06 19:03:17,440 - INFO - Found funding amount: 0
2025-05-06 19:03:17,469 - INFO - Extracted: Securitize - 1-May-24
2025-05-06 19:03:17,469 - INFO - Found funding amount: 47000000
2025-05-06 19:03:17,469 - INFO - Successfully extracted 20 new companies from page 36
2025-05-06 19:03:17,469 - INFO - Attempting to navigate from page 36
2025-05-06 19:03:22,603 - INFO - JavaScript verification confirmed page changed
2025-05-06 19:03:23,286 - INFO - Extracting data from page 37
2025-05-06 19:03:23,961 - INFO - Trying standard table extraction
2025-05-06 19:03:24,117 - INFO - Found funding amount column at index 6
2025-05-06 19:03:24,121 - INFO - Found headquarters column at index 7
2025-05-06 19:03:24,137 - INFO - Found 22 potential data rows
2025-05-06 19:03:24,205 - INFO - Extracted: Peregrine Technologies - 1-May-24
2025-05-06 19:03:24,205 - INFO - Found funding amount: 30000000
2025-05-06 19:03:24,235 - INFO - Extracted: Traceable - 1-May-24
2025-05-06 19:03:24,235 - INFO - Found funding amount: 30000000
2025-05-06 19:03:24,265 - INFO - Extracted: Dodgeball - 1-May-24
2025-05-06 19:03:24,265 - INFO - Found funding amount: 0
2025-05-06 19:03:24,295 - INFO - Extracted: Corelight - 30-Apr-24
2025-05-06 19:03:24,295 - INFO - Found funding amount: 150000000
2025-05-06 19:03:24,325 - INFO - Extracted: Ansa - 30-Apr-24
2025-05-06 19:03:24,325 - INFO - Found funding amount: 14000000
2025-05-06 19:03:24,356 - INFO - Extracted: Pakal Technologies - 30-Apr-24
2025-05-06 19:03:24,356 - INFO - Found funding amount: 1666667
2025-05-06 19:03:24,386 - INFO - Extracted: Inhabitr - 30-Apr-24
2025-05-06 19:03:24,386 - INFO - Found funding amount: 27000000
2025-05-06 19:03:24,415 - INFO - Extracted: SafeBase - 30-Apr-24
2025-05-06 19:03:24,415 - INFO - Found funding amount: 33000000
2025-05-06 19:03:24,445 - INFO - Extracted: PsiQuantum - 30-Apr-24
2025-05-06 19:03:24,445 - INFO - Found funding amount: 0
2025-05-06 19:03:24,474 - INFO - Extracted: Surf Bio - 30-Apr-24
2025-05-06 19:03:24,474 - INFO - Found funding amount: 1600000
2025-05-06 19:03:24,504 - INFO - Extracted: Seam AI - 30-Apr-24
2025-05-06 19:03:24,504 - INFO - Found funding amount: 5000000
2025-05-06 19:03:24,533 - INFO - Extracted: Blend - 29-Apr-24
2025-05-06 19:03:24,533 - INFO - Found funding amount: 150000000
2025-05-06 19:03:24,563 - INFO - Extracted: Taiki - 29-Apr-24
2025-05-06 19:03:24,563 - INFO - Found funding amount: 0
2025-05-06 19:03:24,592 - INFO - Extracted: Elisity - 29-Apr-24
2025-05-06 19:03:24,593 - INFO - Found funding amount: 37000000
2025-05-06 19:03:24,622 - INFO - Extracted: Thintronics - 29-Apr-24
2025-05-06 19:03:24,622 - INFO - Found funding amount: 23000000
2025-05-06 19:03:24,665 - INFO - Extracted: RevenueCat - 25-Apr-24
2025-05-06 19:03:24,665 - INFO - Found funding amount: 12000000
2025-05-06 19:03:24,694 - INFO - Extracted: Movement Labs - 25-Apr-24
2025-05-06 19:03:24,694 - INFO - Found funding amount: 38000000
2025-05-06 19:03:24,723 - INFO - Extracted: Centro Community Partners - 25-Apr-24
2025-05-06 19:03:24,723 - INFO - Found funding amount: 325000
2025-05-06 19:03:24,753 - INFO - Extracted: Log10 - 24-Apr-24
2025-05-06 19:03:24,753 - INFO - Found funding amount: 7200000
2025-05-06 19:03:24,796 - INFO - Extracted: Midi Health - 24-Apr-24
2025-05-06 19:03:24,796 - INFO - Found funding amount: 60000000
2025-05-06 19:03:24,796 - INFO - Successfully extracted 20 new companies from page 37
2025-05-06 19:03:24,796 - INFO - Attempting to navigate from page 37
2025-05-06 19:03:30,906 - INFO - JavaScript verification confirmed page changed
2025-05-06 19:03:31,809 - INFO - Extracting data from page 38
2025-05-06 19:03:32,663 - INFO - Trying standard table extraction
2025-05-06 19:03:32,698 - INFO - Found funding amount column at index 6
2025-05-06 19:03:32,701 - INFO - Found headquarters column at index 7
2025-05-06 19:03:32,708 - INFO - Found 22 potential data rows
2025-05-06 19:03:32,750 - INFO - Extracted: Faura - 24-Apr-24
2025-05-06 19:03:32,750 - INFO - Found funding amount: 500000
2025-05-06 19:03:32,780 - INFO - Extracted: Augment - 24-Apr-24
2025-05-06 19:03:32,781 - INFO - Found funding amount: 227000000
2025-05-06 19:03:32,810 - INFO - Extracted: Anon - 24-Apr-24
2025-05-06 19:03:32,810 - INFO - Found funding amount: 4500000
2025-05-06 19:03:32,839 - INFO - Extracted: Cognition - 24-Apr-24
2025-05-06 19:03:32,839 - INFO - Found funding amount: 175000000
2025-05-06 19:03:32,868 - INFO - Extracted: Amplifier Security - 24-Apr-24
2025-05-06 19:03:32,868 - INFO - Found funding amount: 3300000
2025-05-06 19:03:32,897 - INFO - Extracted: Clueso - 24-Apr-24
2025-05-06 19:03:32,897 - INFO - Found funding amount: 1400000
2025-05-06 19:03:32,927 - INFO - Extracted: Xaira Therapeutics - 23-Apr-24
2025-05-06 19:03:32,927 - INFO - Found funding amount: 1000000000
2025-05-06 19:03:32,960 - INFO - Extracted: Framework - 23-Apr-24
2025-05-06 19:03:32,960 - INFO - Found funding amount: 17000000
2025-05-06 19:03:32,990 - INFO - Extracted: Campus - 23-Apr-24
2025-05-06 19:03:32,990 - INFO - Found funding amount: 23000000
2025-05-06 19:03:33,022 - INFO - Extracted: Prophet Security - 23-Apr-24
2025-05-06 19:03:33,022 - INFO - Found funding amount: 11000000
2025-05-06 19:03:33,051 - INFO - Extracted: Clarity Pediatrics - 22-Apr-24
2025-05-06 19:03:33,051 - INFO - Found funding amount: 10000000
2025-05-06 19:03:33,082 - INFO - Extracted: Pomelo - 22-Apr-24
2025-05-06 19:03:33,082 - INFO - Found funding amount: 75000000
2025-05-06 19:03:33,122 - INFO - Extracted: Superinsight - 22-Apr-24
2025-05-06 19:03:33,123 - INFO - Found funding amount: 200000
2025-05-06 19:03:33,151 - INFO - Extracted: Observe - 22-Apr-24
2025-05-06 19:03:33,151 - INFO - Found funding amount: 124999987
2025-05-06 19:03:33,180 - INFO - Extracted: Rubedo Life Sciences - 22-Apr-24
2025-05-06 19:03:33,180 - INFO - Found funding amount: 40000000
2025-05-06 19:03:33,208 - INFO - Extracted: BuildCasa - 19-Apr-24
2025-05-06 19:03:33,208 - INFO - Found funding amount: 6592979
2025-05-06 19:03:33,237 - INFO - Extracted: XFactor - 18-Apr-24
2025-05-06 19:03:33,237 - INFO - Found funding amount: 16000000
2025-05-06 19:03:33,267 - INFO - Extracted: Clazar - 18-Apr-24
2025-05-06 19:03:33,267 - INFO - Found funding amount: 10000000
2025-05-06 19:03:33,296 - INFO - Extracted: Verne - 18-Apr-24
2025-05-06 19:03:33,296 - INFO - Found funding amount: 450000
2025-05-06 19:03:33,325 - INFO - Extracted: Anvilogic - 17-Apr-24
2025-05-06 19:03:33,325 - INFO - Found funding amount: 45000000
2025-05-06 19:03:33,325 - INFO - Successfully extracted 20 new companies from page 38
2025-05-06 19:03:33,325 - INFO - Attempting to navigate from page 38
2025-05-06 19:03:39,346 - INFO - JavaScript verification confirmed page changed
2025-05-06 19:03:40,110 - INFO - Extracting data from page 39
2025-05-06 19:03:41,348 - INFO - Trying standard table extraction
2025-05-06 19:03:41,407 - INFO - Found funding amount column at index 6
2025-05-06 19:03:41,412 - INFO - Found headquarters column at index 7
2025-05-06 19:03:41,421 - INFO - Found 22 potential data rows
2025-05-06 19:03:41,469 - INFO - Extracted: Vorlon - 17-Apr-24
2025-05-06 19:03:41,469 - INFO - Found funding amount: 15700000
2025-05-06 19:03:41,499 - INFO - Extracted: Quilt - 16-Apr-24
2025-05-06 19:03:41,499 - INFO - Found funding amount: 33000000
2025-05-06 19:03:41,529 - INFO - Extracted: Powerbroker AI - 16-Apr-24
2025-05-06 19:03:41,529 - INFO - Found funding amount: 1500000
2025-05-06 19:03:41,558 - INFO - Extracted: Asher Bio - 16-Apr-24
2025-05-06 19:03:41,558 - INFO - Found funding amount: 55000000
2025-05-06 19:03:41,592 - INFO - Extracted: Rivos - 16-Apr-24
2025-05-06 19:03:41,592 - INFO - Found funding amount: 250000000
2025-05-06 19:03:41,636 - INFO - Extracted: Two Chairs - 16-Apr-24
2025-05-06 19:03:41,636 - INFO - Found funding amount: 72000000
2025-05-06 19:03:41,665 - INFO - Extracted: Ripcord - 16-Apr-24
2025-05-06 19:03:41,665 - INFO - Found funding amount: 32000000
2025-05-06 19:03:41,694 - INFO - Extracted: Loft Labs - 16-Apr-24
2025-05-06 19:03:41,694 - INFO - Found funding amount: 24000000
2025-05-06 19:03:41,723 - INFO - Extracted: Common Sense Privacy - 15-Apr-24
2025-05-06 19:03:41,724 - INFO - Found funding amount: 0
2025-05-06 19:03:41,752 - INFO - Extracted: Paraform - 15-Apr-24
2025-05-06 19:03:41,753 - INFO - Found funding amount: 3600000
2025-05-06 19:03:41,787 - INFO - Extracted: Clientell - 15-Apr-24
2025-05-06 19:03:41,788 - INFO - Found funding amount: 2500000
2025-05-06 19:03:41,817 - INFO - Extracted: Integral Health - 15-Apr-24
2025-05-06 19:03:41,818 - INFO - Found funding amount: 0
2025-05-06 19:03:41,847 - INFO - Extracted: Writ - 11-Apr-24
2025-05-06 19:03:41,847 - INFO - Found funding amount: 3800000
2025-05-06 19:03:41,876 - INFO - Extracted: Simbian - 11-Apr-24
2025-05-06 19:03:41,876 - INFO - Found funding amount: 10000000
2025-05-06 19:03:41,905 - INFO - Extracted: Anrok - 11-Apr-24
2025-05-06 19:03:41,905 - INFO - Found funding amount: 30000000
2025-05-06 19:03:41,935 - INFO - Extracted: Symbolica AI - 9-Apr-24
2025-05-06 19:03:41,935 - INFO - Found funding amount: 33000000
2025-05-06 19:03:41,964 - INFO - Extracted: JARS AI - 8-Apr-24
2025-05-06 19:03:41,964 - INFO - Found funding amount: 3000000
2025-05-06 19:03:41,993 - INFO - Extracted: Windfall Bio - 8-Apr-24
2025-05-06 19:03:41,993 - INFO - Found funding amount: 28000000
2025-05-06 19:03:42,022 - INFO - Extracted: MODE - 8-Apr-24
2025-05-06 19:03:42,022 - INFO - Found funding amount: 8750000
2025-05-06 19:03:42,051 - INFO - Extracted: Varda - 5-Apr-24
2025-05-06 19:03:42,051 - INFO - Found funding amount: 90000000
2025-05-06 19:03:42,051 - INFO - Successfully extracted 20 new companies from page 39
2025-05-06 19:03:42,051 - INFO - Attempting to navigate from page 39
2025-05-06 19:03:47,871 - INFO - JavaScript verification confirmed page changed
2025-05-06 19:03:49,016 - INFO - Extracting data from page 40
2025-05-06 19:03:49,729 - INFO - Trying standard table extraction
2025-05-06 19:03:49,786 - INFO - Found funding amount column at index 6
2025-05-06 19:03:49,791 - INFO - Found headquarters column at index 7
2025-05-06 19:03:49,801 - INFO - Found 22 potential data rows
2025-05-06 19:03:49,846 - INFO - Extracted: Enable Biosciences - 4-Apr-24
2025-05-06 19:03:49,846 - INFO - Found funding amount: 0
2025-05-06 19:03:49,876 - INFO - Extracted: SiMa.ai - 4-Apr-24
2025-05-06 19:03:49,876 - INFO - Found funding amount: 70000000
2025-05-06 19:03:49,905 - INFO - Extracted: Lambda - 4-Apr-24
2025-05-06 19:03:49,906 - INFO - Found funding amount: 500000000
2025-05-06 19:03:49,935 - INFO - Extracted: YonedaLabs - 4-Apr-24
2025-05-06 19:03:49,935 - INFO - Found funding amount: 500000
2025-05-06 19:03:49,965 - INFO - Extracted: Coalesce Automation - 4-Apr-24
2025-05-06 19:03:49,965 - INFO - Found funding amount: 50000000
2025-05-06 19:03:49,997 - INFO - Extracted: Scritch - 3-Apr-24
2025-05-06 19:03:49,997 - INFO - Found funding amount: 500000
2025-05-06 19:03:50,026 - INFO - Extracted: nCompass Technologies - 3-Apr-24
2025-05-06 19:03:50,026 - INFO - Found funding amount: 500000
2025-05-06 19:03:50,055 - INFO - Extracted: Trieve - 3-Apr-24
2025-05-06 19:03:50,055 - INFO - Found funding amount: 500000
2025-05-06 19:03:50,085 - INFO - Extracted: DryMerge - 3-Apr-24
2025-05-06 19:03:50,085 - INFO - Found funding amount: 500000
2025-05-06 19:03:50,113 - INFO - Extracted: Permiso Security - 3-Apr-24
2025-05-06 19:03:50,113 - INFO - Found funding amount: 18500000
2025-05-06 19:03:50,153 - INFO - Extracted: Mango Health - 3-Apr-24
2025-05-06 19:03:50,153 - INFO - Found funding amount: 500000
2025-05-06 19:03:50,182 - INFO - Extracted: ion design - 3-Apr-24
2025-05-06 19:03:50,182 - INFO - Found funding amount: 500000
2025-05-06 19:03:50,211 - INFO - Extracted: Numo - 3-Apr-24
2025-05-06 19:03:50,211 - INFO - Found funding amount: 500000
2025-05-06 19:03:50,241 - INFO - Extracted: Celest - 3-Apr-24
2025-05-06 19:03:50,241 - INFO - Found funding amount: 500000
2025-05-06 19:03:50,270 - INFO - Extracted: Higgsfield - 3-Apr-24
2025-05-06 19:03:50,270 - INFO - Found funding amount: 8000000
2025-05-06 19:03:50,300 - INFO - Extracted: OpenFoundry - 3-Apr-24
2025-05-06 19:03:50,301 - INFO - Found funding amount: 500000
2025-05-06 19:03:50,329 - INFO - Extracted: Arch0 - 3-Apr-24
2025-05-06 19:03:50,330 - INFO - Found funding amount: 1250000
2025-05-06 19:03:50,358 - INFO - Extracted: Trellis - 3-Apr-24
2025-05-06 19:03:50,359 - INFO - Found funding amount: 500000
2025-05-06 19:03:50,387 - INFO - Extracted: PointOne Technologies - 3-Apr-24
2025-05-06 19:03:50,387 - INFO - Found funding amount: 500000
2025-05-06 19:03:50,416 - INFO - Extracted: Attunement - 3-Apr-24
2025-05-06 19:03:50,416 - INFO - Found funding amount: 500000
2025-05-06 19:03:50,416 - INFO - Successfully extracted 20 new companies from page 40
2025-05-06 19:03:50,416 - INFO - Attempting to navigate from page 40
2025-05-06 19:03:55,898 - INFO - JavaScript verification confirmed page changed
2025-05-06 19:03:56,641 - INFO - Extracting data from page 41
2025-05-06 19:03:57,464 - INFO - Trying standard table extraction
2025-05-06 19:03:57,521 - INFO - Found funding amount column at index 6
2025-05-06 19:03:57,526 - INFO - Found headquarters column at index 7
2025-05-06 19:03:57,535 - INFO - Found 22 potential data rows
2025-05-06 19:03:57,580 - INFO - Extracted: ego - 3-Apr-24
2025-05-06 19:03:57,581 - INFO - Found funding amount: 500000
2025-05-06 19:03:57,611 - INFO - Extracted: Retell AI - 3-Apr-24
2025-05-06 19:03:57,611 - INFO - Found funding amount: 4125000
2025-05-06 19:03:57,641 - INFO - Extracted: Paradigm - 3-Apr-24
2025-05-06 19:03:57,641 - INFO - Found funding amount: 500000
2025-05-06 19:03:57,670 - INFO - Extracted: SiftHub - 3-Apr-24
2025-05-06 19:03:57,670 - INFO - Found funding amount: 5500000
2025-05-06 19:03:57,699 - INFO - Extracted: Atopile - 3-Apr-24
2025-05-06 19:03:57,699 - INFO - Found funding amount: 500000
2025-05-06 19:03:57,728 - INFO - Extracted: Hemingway - 3-Apr-24
2025-05-06 19:03:57,728 - INFO - Found funding amount: 500000
2025-05-06 19:03:57,758 - INFO - Extracted: MAIHEM - 3-Apr-24
2025-05-06 19:03:57,758 - INFO - Found funding amount: 500000
2025-05-06 19:03:57,799 - INFO - Extracted: Airfront - 3-Apr-24
2025-05-06 19:03:57,799 - INFO - Found funding amount: 500000
2025-05-06 19:03:57,828 - INFO - Extracted: Maia - 3-Apr-24
2025-05-06 19:03:57,828 - INFO - Found funding amount: 500000
2025-05-06 19:03:57,857 - INFO - Extracted: Nuanced - 3-Apr-24
2025-05-06 19:03:57,857 - INFO - Found funding amount: 500000
2025-05-06 19:03:57,886 - INFO - Extracted: Lantern - 3-Apr-24
2025-05-06 19:03:57,886 - INFO - Found funding amount: 500000
2025-05-06 19:03:57,915 - INFO - Extracted: Patchwork - 3-Apr-24
2025-05-06 19:03:57,915 - INFO - Found funding amount: 500000
2025-05-06 19:03:57,990 - INFO - Extracted: Roe AI - 3-Apr-24
2025-05-06 19:03:57,990 - INFO - Found funding amount: 500000
2025-05-06 19:03:58,026 - INFO - Extracted: Creo - 3-Apr-24
2025-05-06 19:03:58,026 - INFO - Found funding amount: 500000
2025-05-06 19:03:58,055 - INFO - Extracted: Precip - 3-Apr-24
2025-05-06 19:03:58,055 - INFO - Found funding amount: 500000
2025-05-06 19:03:58,086 - INFO - Extracted: CloudCruise - 3-Apr-24
2025-05-06 19:03:58,086 - INFO - Found funding amount: 500000
2025-05-06 19:03:58,116 - INFO - Extracted: Intercept - 3-Apr-24
2025-05-06 19:03:58,116 - INFO - Found funding amount: 500000
2025-05-06 19:03:58,144 - INFO - Extracted: Duckie - 3-Apr-24
2025-05-06 19:03:58,144 - INFO - Found funding amount: 500000
2025-05-06 19:03:58,174 - INFO - Extracted: Swift - 3-Apr-24
2025-05-06 19:03:58,174 - INFO - Found funding amount: 500000
2025-05-06 19:03:58,203 - INFO - Extracted: Resonance - 3-Apr-24
2025-05-06 19:03:58,203 - INFO - Found funding amount: 500000
2025-05-06 19:03:58,203 - INFO - Successfully extracted 20 new companies from page 41
2025-05-06 19:03:58,203 - INFO - Attempting to navigate from page 41
2025-05-06 19:04:04,236 - INFO - JavaScript verification confirmed page changed
2025-05-06 19:04:05,268 - INFO - Extracting data from page 42
2025-05-06 19:04:06,355 - INFO - Trying standard table extraction
2025-05-06 19:04:06,412 - INFO - Found funding amount column at index 6
2025-05-06 19:04:06,417 - INFO - Found headquarters column at index 7
2025-05-06 19:04:06,426 - INFO - Found 22 potential data rows
2025-05-06 19:04:06,471 - INFO - Extracted: Yondu - 3-Apr-24
2025-05-06 19:04:06,471 - INFO - Found funding amount: 500000
2025-05-06 19:04:06,500 - INFO - Extracted: Ecliptor - 3-Apr-24
2025-05-06 19:04:06,501 - INFO - Found funding amount: 500000
2025-05-06 19:04:06,530 - INFO - Extracted: Assembly - 3-Apr-24
2025-05-06 19:04:06,530 - INFO - Found funding amount: 500000
2025-05-06 19:04:06,562 - INFO - Extracted: Parasale - 3-Apr-24
2025-05-06 19:04:06,562 - INFO - Found funding amount: 500000
2025-05-06 19:04:06,592 - INFO - Extracted: PartnerHQ - 3-Apr-24
2025-05-06 19:04:06,592 - INFO - Found funding amount: 500000
2025-05-06 19:04:06,622 - INFO - Extracted: Kabilah - 3-Apr-24
2025-05-06 19:04:06,622 - INFO - Found funding amount: 500000
2025-05-06 19:04:06,651 - INFO - Extracted: Relari - 3-Apr-24
2025-05-06 19:04:06,651 - INFO - Found funding amount: 500000
2025-05-06 19:04:06,680 - INFO - Extracted: Momentic - 3-Apr-24
2025-05-06 19:04:06,680 - INFO - Found funding amount: 500000
2025-05-06 19:04:06,711 - INFO - Extracted: Glimmer - 3-Apr-24
2025-05-06 19:04:06,712 - INFO - Found funding amount: 500000
2025-05-06 19:04:06,740 - INFO - Extracted: Homebase - 3-Apr-24
2025-05-06 19:04:06,740 - INFO - Found funding amount: 60000000
2025-05-06 19:04:06,769 - INFO - Extracted: Centralize - 3-Apr-24
2025-05-06 19:04:06,769 - INFO - Found funding amount: 500000
2025-05-06 19:04:06,798 - INFO - Extracted: Aidy - 3-Apr-24
2025-05-06 19:04:06,798 - INFO - Found funding amount: 500000
2025-05-06 19:04:06,828 - INFO - Extracted: Buster - 3-Apr-24
2025-05-06 19:04:06,828 - INFO - Found funding amount: 500000
2025-05-06 19:04:06,856 - INFO - Extracted: Meticulate - 3-Apr-24
2025-05-06 19:04:06,857 - INFO - Found funding amount: 500000
2025-05-06 19:04:06,885 - INFO - Extracted: RadMate AI - 3-Apr-24
2025-05-06 19:04:06,886 - INFO - Found funding amount: 500000
2025-05-06 19:04:06,915 - INFO - Extracted: Quantic - 3-Apr-24
2025-05-06 19:04:06,915 - INFO - Found funding amount: 500000
2025-05-06 19:04:06,944 - INFO - Extracted: Okapi - 3-Apr-24
2025-05-06 19:04:06,945 - INFO - Found funding amount: 500000
2025-05-06 19:04:06,975 - INFO - Extracted: Aether Energy - 3-Apr-24
2025-05-06 19:04:06,975 - INFO - Found funding amount: 500000
2025-05-06 19:04:07,003 - INFO - Extracted: Decipher AI - 3-Apr-24
2025-05-06 19:04:07,004 - INFO - Found funding amount: 500000
2025-05-06 19:04:07,045 - INFO - Extracted: Modal.io - 2-Apr-24
2025-05-06 19:04:07,045 - INFO - Found funding amount: 25000000
2025-05-06 19:04:07,045 - INFO - Successfully extracted 20 new companies from page 42
2025-05-06 19:04:07,045 - INFO - Attempting to navigate from page 42
2025-05-06 19:04:12,597 - INFO - JavaScript verification confirmed page changed
2025-05-06 19:04:13,255 - INFO - Extracting data from page 43
2025-05-06 19:04:14,377 - INFO - Trying standard table extraction
2025-05-06 19:04:14,433 - INFO - Found funding amount column at index 6
2025-05-06 19:04:14,438 - INFO - Found headquarters column at index 7
2025-05-06 19:04:14,447 - INFO - Found 22 potential data rows
2025-05-06 19:04:14,494 - INFO - Extracted: BurnBot - 2-Apr-24
2025-05-06 19:04:14,494 - INFO - Found funding amount: 20000000
2025-05-06 19:04:14,523 - INFO - Extracted: HelicitySpace - 2-Apr-24
2025-05-06 19:04:14,523 - INFO - Found funding amount: 5000000
2025-05-06 19:04:14,553 - INFO - Extracted: SESO - 2-Apr-24
2025-05-06 19:04:14,553 - INFO - Found funding amount: 26000000
2025-05-06 19:04:14,585 - INFO - Extracted: Lumana - 2-Apr-24
2025-05-06 19:04:14,585 - INFO - Found funding amount: 24000000
2025-05-06 19:04:14,615 - INFO - Extracted: Delivery Collective - 2-Apr-24
2025-05-06 19:04:14,615 - INFO - Found funding amount: 3800000
2025-05-06 19:04:14,644 - INFO - Extracted: Meedan - 2-Apr-24
2025-05-06 19:04:14,644 - INFO - Found funding amount: 2000000
2025-05-06 19:04:14,673 - INFO - Extracted: NobleAI - 2-Apr-24
2025-05-06 19:04:14,673 - INFO - Found funding amount: 10000000
2025-05-06 19:04:14,702 - INFO - Extracted: Allermi - 1-Apr-24
2025-05-06 19:04:14,702 - INFO - Found funding amount: 3500000
2025-05-06 19:04:14,731 - INFO - Extracted: BioConsortia - 1-Apr-24
2025-05-06 19:04:14,732 - INFO - Found funding amount: 15000000
2025-05-06 19:04:14,760 - INFO - Extracted: Skyflow - 28-Mar-24
2025-05-06 19:04:14,760 - INFO - Found funding amount: 30000000
2025-05-06 19:04:14,798 - INFO - Extracted: Vizcom - 28-Mar-24
2025-05-06 19:04:14,798 - INFO - Found funding amount: 20000000
2025-05-06 19:04:14,832 - INFO - Extracted: Float Health - 28-Mar-24
2025-05-06 19:04:14,832 - INFO - Found funding amount: 10000000
2025-05-06 19:04:14,861 - INFO - Extracted: Spintly - 28-Mar-24
2025-05-06 19:04:14,861 - INFO - Found funding amount: 500000
2025-05-06 19:04:14,890 - INFO - Extracted: Aeovian Pharmaceuticals - 28-Mar-24
2025-05-06 19:04:14,890 - INFO - Found funding amount: 50000000
2025-05-06 19:04:14,919 - INFO - Extracted: ValidMind - 27-Mar-24
2025-05-06 19:04:14,919 - INFO - Found funding amount: 8100000
2025-05-06 19:04:14,948 - INFO - Extracted: Ensis - 27-Mar-24
2025-05-06 19:04:14,948 - INFO - Found funding amount: 4000000
2025-05-06 19:04:14,976 - INFO - Extracted: YourChoice Therapeutics - 27-Mar-24
2025-05-06 19:04:14,977 - INFO - Found funding amount: 500000
2025-05-06 19:04:15,005 - INFO - Extracted: TurbineOne - 27-Mar-24
2025-05-06 19:04:15,006 - INFO - Found funding amount: 15000000
2025-05-06 19:04:15,034 - INFO - Extracted: JobPixel - 27-Mar-24
2025-05-06 19:04:15,034 - INFO - Found funding amount: 4700000
2025-05-06 19:04:15,062 - INFO - Extracted: OneNotary - 26-Mar-24
2025-05-06 19:04:15,062 - INFO - Found funding amount: 5000000
2025-05-06 19:04:15,062 - INFO - Successfully extracted 20 new companies from page 43
2025-05-06 19:04:15,062 - INFO - Attempting to navigate from page 43
2025-05-06 19:04:20,942 - INFO - JavaScript verification confirmed page changed
2025-05-06 19:04:21,682 - INFO - Extracting data from page 44
2025-05-06 19:04:22,900 - INFO - Trying standard table extraction
2025-05-06 19:04:22,957 - INFO - Found funding amount column at index 6
2025-05-06 19:04:22,962 - INFO - Found headquarters column at index 7
2025-05-06 19:04:22,971 - INFO - Found 22 potential data rows
2025-05-06 19:04:23,016 - INFO - Extracted: Fieldguide - 26-Mar-24
2025-05-06 19:04:23,016 - INFO - Found funding amount: 30000000
2025-05-06 19:04:23,046 - INFO - Extracted: Brightside Health - 26-Mar-24
2025-05-06 19:04:23,046 - INFO - Found funding amount: 33000000
2025-05-06 19:04:23,076 - INFO - Extracted: Picogrid - 26-Mar-24
2025-05-06 19:04:23,076 - INFO - Found funding amount: 12319995
2025-05-06 19:04:23,119 - INFO - Extracted: OpenPipe - 26-Mar-24
2025-05-06 19:04:23,119 - INFO - Found funding amount: 6700000
2025-05-06 19:04:23,148 - INFO - Extracted: ionobell - 26-Mar-24
2025-05-06 19:04:23,148 - INFO - Found funding amount: 3900000
2025-05-06 19:04:23,176 - INFO - Extracted: Activeloop - 26-Mar-24
2025-05-06 19:04:23,177 - INFO - Found funding amount: 11000000
2025-05-06 19:04:23,205 - INFO - Extracted: Bedrock Security - 26-Mar-24
2025-05-06 19:04:23,206 - INFO - Found funding amount: 10000000
2025-05-06 19:04:23,239 - INFO - Extracted: Charlee.ai - 25-Mar-24
2025-05-06 19:04:23,239 - INFO - Found funding amount: 0
2025-05-06 19:04:23,273 - INFO - Extracted: Propel - 25-Mar-24
2025-05-06 19:04:23,273 - INFO - Found funding amount: 1050000
2025-05-06 19:04:23,308 - INFO - Extracted: Circular.co - 25-Mar-24
2025-05-06 19:04:23,308 - INFO - Found funding amount: 5300000
2025-05-06 19:04:23,346 - INFO - Extracted: Profluent Bio - 21-Mar-24
2025-05-06 19:04:23,346 - INFO - Found funding amount: 35000000
2025-05-06 19:04:23,377 - INFO - Extracted: Espresso Systems - 21-Mar-24
2025-05-06 19:04:23,377 - INFO - Found funding amount: 28000000
2025-05-06 19:04:23,407 - INFO - Extracted: Ediphi - 21-Mar-24
2025-05-06 19:04:23,407 - INFO - Found funding amount: 12000000
2025-05-06 19:04:23,436 - INFO - Extracted: Foundry - 21-Mar-24
2025-05-06 19:04:23,436 - INFO - Found funding amount: 80000000
2025-05-06 19:04:23,466 - INFO - Extracted: Tarsal - 21-Mar-24
2025-05-06 19:04:23,466 - INFO - Found funding amount: 6000000
2025-05-06 19:04:23,495 - INFO - Extracted: Buzz Solutions - 20-Mar-24
2025-05-06 19:04:23,495 - INFO - Found funding amount: 5000000
2025-05-06 19:04:23,524 - INFO - Extracted: Airmyne - 20-Mar-24
2025-05-06 19:04:23,524 - INFO - Found funding amount: 6900000
2025-05-06 19:04:23,553 - INFO - Extracted: Mermaid Chart - 20-Mar-24
2025-05-06 19:04:23,553 - INFO - Found funding amount: 7575000
2025-05-06 19:04:23,581 - INFO - Extracted: Euno - 19-Mar-24
2025-05-06 19:04:23,582 - INFO - Found funding amount: 6250000
2025-05-06 19:04:23,610 - INFO - Extracted: RapidFire AI - 19-Mar-24
2025-05-06 19:04:23,610 - INFO - Found funding amount: 4034999
2025-05-06 19:04:23,610 - INFO - Successfully extracted 20 new companies from page 44
2025-05-06 19:04:23,610 - INFO - Attempting to navigate from page 44
2025-05-06 19:04:29,315 - INFO - JavaScript verification confirmed page changed
2025-05-06 19:04:30,117 - INFO - Extracting data from page 45
2025-05-06 19:04:31,024 - INFO - Trying standard table extraction
2025-05-06 19:04:31,081 - INFO - Found funding amount column at index 6
2025-05-06 19:04:31,086 - INFO - Found headquarters column at index 7
2025-05-06 19:04:31,095 - INFO - Found 22 potential data rows
2025-05-06 19:04:31,139 - INFO - Extracted: EKA Solutions - 19-Mar-24
2025-05-06 19:04:31,139 - INFO - Found funding amount: 150000
2025-05-06 19:04:31,167 - INFO - Extracted: Lumino - 19-Mar-24
2025-05-06 19:04:31,167 - INFO - Found funding amount: 2800000
2025-05-06 19:04:31,196 - INFO - Extracted: Chambr - 18-Mar-24
2025-05-06 19:04:31,196 - INFO - Found funding amount: 20000
2025-05-06 19:04:31,225 - INFO - Extracted: Carbonated - 15-Mar-24
2025-05-06 19:04:31,225 - INFO - Found funding amount: 11000000
2025-05-06 19:04:31,254 - INFO - Extracted: Unstructured Technologies - 14-Mar-24
2025-05-06 19:04:31,254 - INFO - Found funding amount: 40000000
2025-05-06 19:04:31,283 - INFO - Extracted: Omni - 14-Mar-24
2025-05-06 19:04:31,283 - INFO - Found funding amount: 20000000
2025-05-06 19:04:31,312 - INFO - Extracted: inDrive - 14-Mar-24
2025-05-06 19:04:31,313 - INFO - Found funding amount: 150000000
2025-05-06 19:04:31,341 - INFO - Extracted: Lily AI - 14-Mar-24
2025-05-06 19:04:31,342 - INFO - Found funding amount: 20000000
2025-05-06 19:04:31,371 - INFO - Extracted: Horizon Treatment Services - 14-Mar-24
2025-05-06 19:04:31,371 - INFO - Found funding amount: 1000000
2025-05-06 19:04:31,400 - INFO - Extracted: Vertosa - 14-Mar-24
2025-05-06 19:04:31,400 - INFO - Found funding amount: 0
2025-05-06 19:04:31,429 - INFO - Extracted: Clique - 14-Mar-24
2025-05-06 19:04:31,429 - INFO - Found funding amount: 8000000
2025-05-06 19:04:31,458 - INFO - Extracted: Sierra Gold Nurseries - 14-Mar-24
2025-05-06 19:04:31,458 - INFO - Found funding amount: 0
2025-05-06 19:04:31,487 - INFO - Extracted: Orbillion Bio - 14-Mar-24
2025-05-06 19:04:31,487 - INFO - Found funding amount: 0
2025-05-06 19:04:31,515 - INFO - Extracted: Redcoat AI - 14-Mar-24
2025-05-06 19:04:31,515 - INFO - Found funding amount: 4240000
2025-05-06 19:04:31,544 - INFO - Extracted: Assort Health - 14-Mar-24
2025-05-06 19:04:31,544 - INFO - Found funding amount: 3500000
2025-05-06 19:04:31,575 - INFO - Extracted: Deep Origin - 13-Mar-24
2025-05-06 19:04:31,575 - INFO - Found funding amount: 25500000
2025-05-06 19:04:31,606 - INFO - Extracted: LiveKit - 13-Mar-24
2025-05-06 19:04:31,606 - INFO - Found funding amount: 19742076
2025-05-06 19:04:31,635 - INFO - Extracted: Voxeleron - 13-Mar-24
2025-05-06 19:04:31,635 - INFO - Found funding amount: 0
2025-05-06 19:04:31,664 - INFO - Extracted: Nozomi Networks - 13-Mar-24
2025-05-06 19:04:31,664 - INFO - Found funding amount: 100000000
2025-05-06 19:04:31,696 - INFO - Extracted: Fermat Commerce - 13-Mar-24
2025-05-06 19:04:31,697 - INFO - Found funding amount: 17000000
2025-05-06 19:04:31,697 - INFO - Successfully extracted 20 new companies from page 45
2025-05-06 19:04:31,697 - INFO - Attempting to navigate from page 45
2025-05-06 19:04:36,936 - INFO - JavaScript verification confirmed page changed
2025-05-06 19:04:37,563 - INFO - Extracting data from page 46
2025-05-06 19:04:38,269 - INFO - Trying standard table extraction
2025-05-06 19:04:38,326 - INFO - Found funding amount column at index 6
2025-05-06 19:04:38,331 - INFO - Found headquarters column at index 7
2025-05-06 19:04:38,341 - INFO - Found 22 potential data rows
2025-05-06 19:04:38,386 - INFO - Extracted: Astronuts - 13-Mar-24
2025-05-06 19:04:38,386 - INFO - Found funding amount: 0
2025-05-06 19:04:38,415 - INFO - Extracted: eDNA Explorer - 13-Mar-24
2025-05-06 19:04:38,415 - INFO - Found funding amount: 500000
2025-05-06 19:04:38,445 - INFO - Extracted: Big Sur AI - 13-Mar-24
2025-05-06 19:04:38,445 - INFO - Found funding amount: 6900000
2025-05-06 19:04:38,474 - INFO - Extracted: HalseyPoint Asset Management - 13-Mar-24
2025-05-06 19:04:38,474 - INFO - Found funding amount: 0
2025-05-06 19:04:38,503 - INFO - Extracted: Luminary Cloud - 13-Mar-24
2025-05-06 19:04:38,503 - INFO - Found funding amount: 115000000
2025-05-06 19:04:38,532 - INFO - Extracted: Furno - 13-Mar-24
2025-05-06 19:04:38,532 - INFO - Found funding amount: 6500000
2025-05-06 19:04:38,561 - INFO - Extracted: Smartschool - 13-Mar-24
2025-05-06 19:04:38,561 - INFO - Found funding amount: 1500000
2025-05-06 19:04:38,591 - INFO - Extracted: NanoNets - 12-Mar-24
2025-05-06 19:04:38,591 - INFO - Found funding amount: 29000000
2025-05-06 19:04:38,620 - INFO - Extracted: Amara Organic Foods - 12-Mar-24
2025-05-06 19:04:38,620 - INFO - Found funding amount: 20000000
2025-05-06 19:04:38,649 - INFO - Extracted: Vouch - 11-Mar-24
2025-05-06 19:04:38,649 - INFO - Found funding amount: 25000000
2025-05-06 19:04:38,678 - INFO - Extracted: Forest Neurotech - 11-Mar-24
2025-05-06 19:04:38,678 - INFO - Found funding amount: 14000000
2025-05-06 19:04:38,707 - INFO - Extracted: Applied Intuition - 11-Mar-24
2025-05-06 19:04:38,707 - INFO - Found funding amount: 250000000
2025-05-06 19:04:38,736 - INFO - Extracted: Bear Robotics - 11-Mar-24
2025-05-06 19:04:38,736 - INFO - Found funding amount: 60000000
2025-05-06 19:04:38,765 - INFO - Extracted: Key - 11-Mar-24
2025-05-06 19:04:38,765 - INFO - Found funding amount: 4300000
2025-05-06 19:04:38,794 - INFO - Extracted: Eigen Therapeutics - 11-Mar-24
2025-05-06 19:04:38,794 - INFO - Found funding amount: 0
2025-05-06 19:04:38,824 - INFO - Extracted: RealSeq Biosciences - 11-Mar-24
2025-05-06 19:04:38,824 - INFO - Found funding amount: 1500000
2025-05-06 19:04:38,855 - INFO - Extracted: Eclipse - 11-Mar-24
2025-05-06 19:04:38,855 - INFO - Found funding amount: 50000000
2025-05-06 19:04:38,884 - INFO - Extracted: Foundation Health - 11-Mar-24
2025-05-06 19:04:38,884 - INFO - Found funding amount: 6000000
2025-05-06 19:04:38,913 - INFO - Extracted: Huski.ai - 8-Mar-24
2025-05-06 19:04:38,913 - INFO - Found funding amount: 4250010
2025-05-06 19:04:38,942 - INFO - Extracted: Ondas Networks - 8-Mar-24
2025-05-06 19:04:38,942 - INFO - Found funding amount: 4500000
2025-05-06 19:04:38,942 - INFO - Successfully extracted 20 new companies from page 46
2025-05-06 19:04:38,942 - INFO - Attempting to navigate from page 46
2025-05-06 19:04:45,039 - INFO - JavaScript verification confirmed page changed
2025-05-06 19:04:45,421 - INFO - Extracting data from page 47
2025-05-06 19:04:46,258 - INFO - Trying standard table extraction
2025-05-06 19:04:46,316 - INFO - Found funding amount column at index 6
2025-05-06 19:04:46,321 - INFO - Found headquarters column at index 7
2025-05-06 19:04:46,329 - INFO - Found 22 potential data rows
2025-05-06 19:04:46,375 - INFO - Extracted: NeuroAge Therapeutics - 7-Mar-24
2025-05-06 19:04:46,375 - INFO - Found funding amount: 250000
2025-05-06 19:04:46,404 - INFO - Extracted: Neural Propulsion Systems - 7-Mar-24
2025-05-06 19:04:46,404 - INFO - Found funding amount: 17500000
2025-05-06 19:04:46,434 - INFO - Extracted: Best Day Brewing - 7-Mar-24
2025-05-06 19:04:46,434 - INFO - Found funding amount: 10000000
2025-05-06 19:04:46,463 - INFO - Extracted: Reach Security - 7-Mar-24
2025-05-06 19:04:46,463 - INFO - Found funding amount: 20000000
2025-05-06 19:04:46,493 - INFO - Extracted: Brevian - 7-Mar-24
2025-05-06 19:04:46,493 - INFO - Found funding amount: 9000000
2025-05-06 19:04:46,521 - INFO - Extracted: Alumis - 6-Mar-24
2025-05-06 19:04:46,521 - INFO - Found funding amount: 259000000
2025-05-06 19:04:46,550 - INFO - Extracted: Abstract - 6-Mar-24
2025-05-06 19:04:46,550 - INFO - Found funding amount: 4256483
2025-05-06 19:04:46,580 - INFO - Extracted: Altro (fka Perch) - 6-Mar-24
2025-05-06 19:04:46,580 - INFO - Found funding amount: 4000000
2025-05-06 19:04:46,609 - INFO - Extracted: Remofirst - 6-Mar-24
2025-05-06 19:04:46,610 - INFO - Found funding amount: 25000000
2025-05-06 19:04:46,639 - INFO - Extracted: Proof of Impact - 6-Mar-24
2025-05-06 19:04:46,639 - INFO - Found funding amount: 569985
2025-05-06 19:04:46,668 - INFO - Extracted: Firewall - 6-Mar-24
2025-05-06 19:04:46,668 - INFO - Found funding amount: 3700000
2025-05-06 19:04:46,697 - INFO - Extracted: Glacier - 6-Mar-24
2025-05-06 19:04:46,697 - INFO - Found funding amount: 7700000
2025-05-06 19:04:46,726 - INFO - Extracted: Jabali - 6-Mar-24
2025-05-06 19:04:46,726 - INFO - Found funding amount: 5000000
2025-05-06 19:04:46,756 - INFO - Extracted: Dtex Systems - 5-Mar-24
2025-05-06 19:04:46,756 - INFO - Found funding amount: 50000000
2025-05-06 19:04:46,785 - INFO - Extracted: Ubicloud - 5-Mar-24
2025-05-06 19:04:46,785 - INFO - Found funding amount: 16000000
2025-05-06 19:04:46,817 - INFO - Extracted: Openprise - 5-Mar-24
2025-05-06 19:04:46,817 - INFO - Found funding amount: 25000000
2025-05-06 19:04:46,846 - INFO - Extracted: appCD - 5-Mar-24
2025-05-06 19:04:46,846 - INFO - Found funding amount: 6000000
2025-05-06 19:04:46,876 - INFO - Extracted: RIOS - 5-Mar-24
2025-05-06 19:04:46,876 - INFO - Found funding amount: 13000000
2025-05-06 19:04:46,905 - INFO - Extracted: Baseten - 4-Mar-24
2025-05-06 19:04:46,905 - INFO - Found funding amount: 40000000
2025-05-06 19:04:46,950 - INFO - Extracted: GALY - 4-Mar-24
2025-05-06 19:04:46,950 - INFO - Found funding amount: 20149994
2025-05-06 19:04:46,950 - INFO - Successfully extracted 20 new companies from page 47
2025-05-06 19:04:46,950 - INFO - Attempting to navigate from page 47
2025-05-06 19:04:52,555 - INFO - JavaScript verification confirmed page changed
2025-05-06 19:04:53,162 - INFO - Extracting data from page 48
2025-05-06 19:04:53,556 - INFO - Trying standard table extraction
2025-05-06 19:04:53,613 - INFO - Found funding amount column at index 6
2025-05-06 19:04:53,618 - INFO - Found headquarters column at index 7
2025-05-06 19:04:53,628 - INFO - Found 22 potential data rows
2025-05-06 19:04:53,674 - INFO - Extracted: Headlands Research - 4-Mar-24
2025-05-06 19:04:53,674 - INFO - Found funding amount: 249997
2025-05-06 19:04:53,703 - INFO - Extracted: treet - 4-Mar-24
2025-05-06 19:04:53,703 - INFO - Found funding amount: 10000000
2025-05-06 19:04:53,735 - INFO - Extracted: Entrada - 4-Mar-24
2025-05-06 19:04:53,735 - INFO - Found funding amount: 0
2025-05-06 19:04:53,764 - INFO - Extracted: Momentous - 29-Feb-24
2025-05-06 19:04:53,764 - INFO - Found funding amount: 0
2025-05-06 19:04:53,794 - INFO - Extracted: FirstHive - 29-Feb-24
2025-05-06 19:04:53,794 - INFO - Found funding amount: 5089250
2025-05-06 19:04:53,823 - INFO - Extracted: Elemeno Health - 29-Feb-24
2025-05-06 19:04:53,823 - INFO - Found funding amount: 3350344
2025-05-06 19:04:53,940 - INFO - Extracted: PawCo Foods - 29-Feb-24
2025-05-06 19:04:53,941 - INFO - Found funding amount: 2000000
2025-05-06 19:04:54,010 - INFO - Extracted: BioCorRx - 28-Feb-24
2025-05-06 19:04:54,010 - INFO - Found funding amount: 11000000
2025-05-06 19:04:54,059 - INFO - Extracted: Range Energy - 28-Feb-24
2025-05-06 19:04:54,059 - INFO - Found funding amount: 23500000
2025-05-06 19:04:54,097 - INFO - Extracted: BloomTech - 28-Feb-24
2025-05-06 19:04:54,097 - INFO - Found funding amount: 14602342
2025-05-06 19:04:54,138 - INFO - Extracted: Backpack - 28-Feb-24
2025-05-06 19:04:54,138 - INFO - Found funding amount: 17000000
2025-05-06 19:04:54,170 - INFO - Extracted: Mineprism Inc. - 28-Feb-24
2025-05-06 19:04:54,170 - INFO - Found funding amount: 75000
2025-05-06 19:04:54,247 - INFO - Extracted: Parspec - 27-Feb-24
2025-05-06 19:04:54,247 - INFO - Found funding amount: 11500000
2025-05-06 19:04:54,285 - INFO - Extracted: Catch+Release - 27-Feb-24
2025-05-06 19:04:54,285 - INFO - Found funding amount: 8800000
2025-05-06 19:04:54,315 - INFO - Extracted: MoneyHash - 27-Feb-24
2025-05-06 19:04:54,315 - INFO - Found funding amount: 4500000
2025-05-06 19:04:54,345 - INFO - Extracted: Reo.Dev - 27-Feb-24
2025-05-06 19:04:54,345 - INFO - Found funding amount: 1200000
2025-05-06 19:04:54,379 - INFO - Extracted: Campfire - 27-Feb-24
2025-05-06 19:04:54,379 - INFO - Found funding amount: 3500000
2025-05-06 19:04:54,408 - INFO - Extracted: Axiom Cloud - 27-Feb-24
2025-05-06 19:04:54,408 - INFO - Found funding amount: 5000000
2025-05-06 19:04:54,437 - INFO - Extracted: Inkitt - 27-Feb-24
2025-05-06 19:04:54,437 - INFO - Found funding amount: 37000000
2025-05-06 19:04:54,466 - INFO - Extracted: EPRI - 26-Feb-24
2025-05-06 19:04:54,466 - INFO - Found funding amount: 3400000
2025-05-06 19:04:54,466 - INFO - Successfully extracted 20 new companies from page 48
2025-05-06 19:04:54,467 - INFO - Attempting to navigate from page 48
2025-05-06 19:05:00,821 - INFO - JavaScript verification confirmed page changed
2025-05-06 19:05:01,667 - INFO - Extracting data from page 49
2025-05-06 19:05:02,185 - INFO - Trying standard table extraction
2025-05-06 19:05:02,243 - INFO - Found funding amount column at index 6
2025-05-06 19:05:02,248 - INFO - Found headquarters column at index 7
2025-05-06 19:05:02,258 - INFO - Found 22 potential data rows
2025-05-06 19:05:02,304 - INFO - Extracted: Alamar Biosciences - 26-Feb-24
2025-05-06 19:05:02,304 - INFO - Found funding amount: 100000000
2025-05-06 19:05:02,334 - INFO - Extracted: FlowGPT - 26-Feb-24
2025-05-06 19:05:02,334 - INFO - Found funding amount: 10000000
2025-05-06 19:05:02,364 - INFO - Extracted: mTAB - 26-Feb-24
2025-05-06 19:05:02,364 - INFO - Found funding amount: 15000000
2025-05-06 19:05:02,394 - INFO - Extracted: InsightRX - 23-Feb-24
2025-05-06 19:05:02,394 - INFO - Found funding amount: 0
2025-05-06 19:05:02,428 - INFO - Extracted: Elve - 22-Feb-24
2025-05-06 19:05:02,428 - INFO - Found funding amount: 15000000
2025-05-06 19:05:02,492 - INFO - Extracted: PermitFlow - 21-Feb-24
2025-05-06 19:05:02,492 - INFO - Found funding amount: 31000000
2025-05-06 19:05:02,520 - INFO - Extracted: Jamix - 21-Feb-24
2025-05-06 19:05:02,521 - INFO - Found funding amount: 3000000
2025-05-06 19:05:02,550 - INFO - Extracted: Hadrian - 21-Feb-24
2025-05-06 19:05:02,550 - INFO - Found funding amount: 92000000
2025-05-06 19:05:02,580 - INFO - Extracted: Empowerly - 21-Feb-24
2025-05-06 19:05:02,580 - INFO - Found funding amount: 15000000
2025-05-06 19:05:02,609 - INFO - Extracted: Orkes - 21-Feb-24
2025-05-06 19:05:02,609 - INFO - Found funding amount: 20000000
2025-05-06 19:05:02,638 - INFO - Extracted: Power Life Science - 21-Feb-24
2025-05-06 19:05:02,638 - INFO - Found funding amount: 11900000
2025-05-06 19:05:02,669 - INFO - Extracted: ElastiFlow - 21-Feb-24
2025-05-06 19:05:02,670 - INFO - Found funding amount: 5000000
2025-05-06 19:05:02,700 - INFO - Extracted: NodeShift - 21-Feb-24
2025-05-06 19:05:02,700 - INFO - Found funding amount: 3200000
2025-05-06 19:05:02,731 - INFO - Extracted: VectorShift - 21-Feb-24
2025-05-06 19:05:02,731 - INFO - Found funding amount: 3000000
2025-05-06 19:05:02,760 - INFO - Extracted: Blue Wire - 20-Feb-24
2025-05-06 19:05:02,760 - INFO - Found funding amount: 0
2025-05-06 19:05:02,789 - INFO - Extracted: Zonexus - 20-Feb-24
2025-05-06 19:05:02,789 - INFO - Found funding amount: 1149998
2025-05-06 19:05:02,818 - INFO - Extracted: Recogni - 20-Feb-24
2025-05-06 19:05:02,818 - INFO - Found funding amount: 102000000
2025-05-06 19:05:02,847 - INFO - Extracted: HighRI Optics - 20-Feb-24
2025-05-06 19:05:02,847 - INFO - Found funding amount: 1099995
2025-05-06 19:05:02,876 - INFO - Extracted: Arini - 19-Feb-24
2025-05-06 19:05:02,876 - INFO - Found funding amount: 500000
2025-05-06 19:05:02,905 - INFO - Extracted: Alembic - 15-Feb-24
2025-05-06 19:05:02,905 - INFO - Found funding amount: 14000000
2025-05-06 19:05:02,905 - INFO - Successfully extracted 20 new companies from page 49
2025-05-06 19:05:02,905 - INFO - Attempting to navigate from page 49
2025-05-06 19:05:08,657 - INFO - JavaScript verification confirmed page changed
2025-05-06 19:05:09,546 - INFO - Extracting data from page 50
2025-05-06 19:05:10,636 - INFO - Trying standard table extraction
2025-05-06 19:05:10,712 - INFO - Found funding amount column at index 6
2025-05-06 19:05:10,718 - INFO - Found headquarters column at index 7
2025-05-06 19:05:10,730 - INFO - Found 22 potential data rows
2025-05-06 19:05:10,774 - INFO - Extracted: Scribe - 15-Feb-24
2025-05-06 19:05:10,774 - INFO - Found funding amount: 25000000
2025-05-06 19:05:10,804 - INFO - Extracted: Freenome - 15-Feb-24
2025-05-06 19:05:10,804 - INFO - Found funding amount: 254000000
2025-05-06 19:05:10,834 - INFO - Extracted: Guardrails AI - 15-Feb-24
2025-05-06 19:05:10,834 - INFO - Found funding amount: 7500000
2025-05-06 19:05:10,864 - INFO - Extracted: Zocks - 15-Feb-24
2025-05-06 19:05:10,864 - INFO - Found funding amount: 5500000
2025-05-06 19:05:10,894 - INFO - Extracted: LangChain - 15-Feb-24
2025-05-06 19:05:10,894 - INFO - Found funding amount: 25000000
2025-05-06 19:05:10,923 - INFO - Extracted: testRigor - 15-Feb-24
2025-05-06 19:05:10,923 - INFO - Found funding amount: 0
2025-05-06 19:05:10,952 - INFO - Extracted: Kairos Aerospace - 15-Feb-24
2025-05-06 19:05:10,952 - INFO - Found funding amount: 52000000
2025-05-06 19:05:10,981 - INFO - Extracted: Sanitas AI - 15-Feb-24
2025-05-06 19:05:10,981 - INFO - Found funding amount: 0
2025-05-06 19:05:11,010 - INFO - Extracted: cPacket Networks - 14-Feb-24
2025-05-06 19:05:11,010 - INFO - Found funding amount: 67000000
2025-05-06 19:05:11,040 - INFO - Extracted: Artie - 14-Feb-24
2025-05-06 19:05:11,040 - INFO - Found funding amount: 3300000
2025-05-06 19:05:11,069 - INFO - Extracted: SkyOne Federal Credit Union - 14-Feb-24
2025-05-06 19:05:11,069 - INFO - Found funding amount: 2750000
2025-05-06 19:05:11,111 - INFO - Extracted: Hippo Harvest - 14-Feb-24
2025-05-06 19:05:11,112 - INFO - Found funding amount: 21000000
2025-05-06 19:05:11,142 - INFO - Extracted: Planette - 14-Feb-24
2025-05-06 19:05:11,142 - INFO - Found funding amount: 2400000
2025-05-06 19:05:11,170 - INFO - Extracted: Rasa - 14-Feb-24
2025-05-06 19:05:11,170 - INFO - Found funding amount: 30000000
2025-05-06 19:05:11,199 - INFO - Extracted: Meter - 13-Feb-24
2025-05-06 19:05:11,199 - INFO - Found funding amount: 35000000
2025-05-06 19:05:11,228 - INFO - Extracted: Skylo - 13-Feb-24
2025-05-06 19:05:11,228 - INFO - Found funding amount: 37000000
2025-05-06 19:05:11,259 - INFO - Extracted: Mindy - 13-Feb-24
2025-05-06 19:05:11,259 - INFO - Found funding amount: 6000000
2025-05-06 19:05:11,288 - INFO - Extracted: Savor - 13-Feb-24
2025-05-06 19:05:11,288 - INFO - Found funding amount: 23000000
2025-05-06 19:05:11,318 - INFO - Extracted: Camus Energy - 13-Feb-24
2025-05-06 19:05:11,318 - INFO - Found funding amount: 10000000
2025-05-06 19:05:11,346 - INFO - Extracted: Chalk - 13-Feb-24
2025-05-06 19:05:11,346 - INFO - Found funding amount: 338298
2025-05-06 19:05:11,346 - INFO - Successfully extracted 20 new companies from page 50
2025-05-06 19:05:11,346 - INFO - Attempting to navigate from page 50
2025-05-06 19:05:17,235 - INFO - JavaScript verification confirmed page changed
2025-05-06 19:05:17,661 - INFO - Extracting data from page 51
2025-05-06 19:05:18,514 - INFO - Trying standard table extraction
2025-05-06 19:05:18,570 - INFO - Found funding amount column at index 6
2025-05-06 19:05:18,576 - INFO - Found headquarters column at index 7
2025-05-06 19:05:18,585 - INFO - Found 22 potential data rows
2025-05-06 19:05:18,630 - INFO - Extracted: SocialCoach - 13-Feb-24
2025-05-06 19:05:18,630 - INFO - Found funding amount: 1000000
2025-05-06 19:05:18,659 - INFO - Extracted: Motif Analytics - 12-Feb-24
2025-05-06 19:05:18,659 - INFO - Found funding amount: 5700000
2025-05-06 19:05:18,688 - INFO - Extracted: Heliux - 12-Feb-24
2025-05-06 19:05:18,688 - INFO - Found funding amount: 2265000
2025-05-06 19:05:18,717 - INFO - Extracted: Lilac Solutions - 12-Feb-24
2025-05-06 19:05:18,717 - INFO - Found funding amount: 145000000
2025-05-06 19:05:18,746 - INFO - Extracted: Magic - 12-Feb-24
2025-05-06 19:05:18,746 - INFO - Found funding amount: 117332923
2025-05-06 19:05:18,776 - INFO - Extracted: LeoLabs - 12-Feb-24
2025-05-06 19:05:18,776 - INFO - Found funding amount: 29000000
2025-05-06 19:05:18,806 - INFO - Extracted: Modern Treasury - 10-Feb-24
2025-05-06 19:05:18,806 - INFO - Found funding amount: 1000000000
2025-05-06 19:05:18,839 - INFO - Extracted: THINKIN - 9-Feb-24
2025-05-06 19:05:18,839 - INFO - Found funding amount: 0
2025-05-06 19:05:18,869 - INFO - Extracted: Unlearn.AI - 8-Feb-24
2025-05-06 19:05:18,869 - INFO - Found funding amount: 50000000
2025-05-06 19:05:18,898 - INFO - Extracted: Handle - 8-Feb-24
2025-05-06 19:05:18,898 - INFO - Found funding amount: 0
2025-05-06 19:05:18,927 - INFO - Extracted: Partners Capital - 8-Feb-24
2025-05-06 19:05:18,927 - INFO - Found funding amount: 0
2025-05-06 19:05:18,958 - INFO - Extracted: Vocode - 8-Feb-24
2025-05-06 19:05:18,958 - INFO - Found funding amount: 3250000
2025-05-06 19:05:18,987 - INFO - Extracted: brd BOT - 8-Feb-24
2025-05-06 19:05:18,987 - INFO - Found funding amount: 100000
2025-05-06 19:05:19,016 - INFO - Extracted: FuzzLand - 8-Feb-24
2025-05-06 19:05:19,016 - INFO - Found funding amount: 3000000
2025-05-06 19:05:19,045 - INFO - Extracted: Overflow - 7-Feb-24
2025-05-06 19:05:19,045 - INFO - Found funding amount: 20000000
2025-05-06 19:05:19,074 - INFO - Extracted: Polycam - 7-Feb-24
2025-05-06 19:05:19,074 - INFO - Found funding amount: 18000000
2025-05-06 19:05:19,118 - INFO - Extracted: Simplify - 7-Feb-24
2025-05-06 19:05:19,118 - INFO - Found funding amount: 3000000
2025-05-06 19:05:19,146 - INFO - Extracted: OutSail Shipping - 7-Feb-24
2025-05-06 19:05:19,146 - INFO - Found funding amount: 500000
2025-05-06 19:05:19,175 - INFO - Extracted: Upstock - 7-Feb-24
2025-05-06 19:05:19,175 - INFO - Found funding amount: 13000000
2025-05-06 19:05:19,204 - INFO - Extracted: Shepherd - 7-Feb-24
2025-05-06 19:05:19,204 - INFO - Found funding amount: 13500000
2025-05-06 19:05:19,204 - INFO - Successfully extracted 20 new companies from page 51
2025-05-06 19:05:19,204 - INFO - Attempting to navigate from page 51
2025-05-06 19:05:24,890 - INFO - JavaScript verification confirmed page changed
2025-05-06 19:05:26,042 - INFO - Extracting data from page 52
2025-05-06 19:05:27,193 - INFO - Trying standard table extraction
2025-05-06 19:05:27,249 - INFO - Found funding amount column at index 6
2025-05-06 19:05:27,254 - INFO - Found headquarters column at index 7
2025-05-06 19:05:27,264 - INFO - Found 22 potential data rows
2025-05-06 19:05:27,309 - INFO - Extracted: ZEDEDA - 7-Feb-24
2025-05-06 19:05:27,309 - INFO - Found funding amount: 72000000
2025-05-06 19:05:27,338 - INFO - Extracted: Aizon - 7-Feb-24
2025-05-06 19:05:27,339 - INFO - Found funding amount: 20000000
2025-05-06 19:05:27,368 - INFO - Extracted: Attralus - 6-Feb-24
2025-05-06 19:05:27,368 - INFO - Found funding amount: 56000000
2025-05-06 19:05:27,398 - INFO - Extracted: Jam - 6-Feb-24
2025-05-06 19:05:27,398 - INFO - Found funding amount: 8900000
2025-05-06 19:05:27,427 - INFO - Extracted: Ambience Healthcare - 6-Feb-24
2025-05-06 19:05:27,427 - INFO - Found funding amount: 70000000
2025-05-06 19:05:27,456 - INFO - Extracted: Starship Technologies - 5-Feb-24
2025-05-06 19:05:27,456 - INFO - Found funding amount: 90000000
2025-05-06 19:05:27,486 - INFO - Extracted: Rigetti Computing - 5-Feb-24
2025-05-06 19:05:27,486 - INFO - Found funding amount: 0
2025-05-06 19:05:27,529 - INFO - Extracted: LightBeam.ai - 1-Feb-24
2025-05-06 19:05:27,529 - INFO - Found funding amount: 17800000
2025-05-06 19:05:27,559 - INFO - Extracted: Artera - 1-Feb-24
2025-05-06 19:05:27,559 - INFO - Found funding amount: 20000000
2025-05-06 19:05:27,588 - INFO - Extracted: Watershed - 1-Feb-24
2025-05-06 19:05:27,588 - INFO - Found funding amount: 100000000
2025-05-06 19:05:27,617 - INFO - Extracted: CARPL.ai - 1-Feb-24
2025-05-06 19:05:27,617 - INFO - Found funding amount: 6000000
2025-05-06 19:05:27,645 - INFO - Extracted: Coris - 1-Feb-24
2025-05-06 19:05:27,646 - INFO - Found funding amount: 3700000
2025-05-06 19:05:27,675 - INFO - Extracted: Mountaintop Studios - 31-Jan-24
2025-05-06 19:05:27,675 - INFO - Found funding amount: 30000000
2025-05-06 19:05:27,704 - INFO - Extracted: Metronome - 31-Jan-24
2025-05-06 19:05:27,704 - INFO - Found funding amount: 43000000
2025-05-06 19:05:27,733 - INFO - Extracted: Reken - 31-Jan-24
2025-05-06 19:05:27,733 - INFO - Found funding amount: 10000000
2025-05-06 19:05:27,763 - INFO - Extracted: Aiden Automotive Technologies - 31-Jan-24
2025-05-06 19:05:27,763 - INFO - Found funding amount: 0
2025-05-06 19:05:27,792 - INFO - Extracted: Inngest - 30-Jan-24
2025-05-06 19:05:27,792 - INFO - Found funding amount: 6100000
2025-05-06 19:05:27,820 - INFO - Extracted: Nile - 30-Jan-24
2025-05-06 19:05:27,821 - INFO - Found funding amount: 11600000
2025-05-06 19:05:27,850 - INFO - Extracted: Aster - 30-Jan-24
2025-05-06 19:05:27,850 - INFO - Found funding amount: 2400000
2025-05-06 19:05:27,880 - INFO - Extracted: HyperBeeAI - 30-Jan-24
2025-05-06 19:05:27,880 - INFO - Found funding amount: 0
2025-05-06 19:05:27,880 - INFO - Successfully extracted 20 new companies from page 52
2025-05-06 19:05:27,880 - INFO - Attempting to navigate from page 52
2025-05-06 19:05:33,691 - INFO - JavaScript verification confirmed page changed
2025-05-06 19:05:34,188 - INFO - Extracting data from page 53
2025-05-06 19:05:34,718 - INFO - Trying standard table extraction
2025-05-06 19:05:34,777 - INFO - Found funding amount column at index 6
2025-05-06 19:05:34,784 - INFO - Found headquarters column at index 7
2025-05-06 19:05:34,794 - INFO - Found 22 potential data rows
2025-05-06 19:05:34,840 - INFO - Extracted: Plex - 30-Jan-24
2025-05-06 19:05:34,840 - INFO - Found funding amount: 40000000
2025-05-06 19:05:34,869 - INFO - Extracted: Alchemist Accelerator - 30-Jan-24
2025-05-06 19:05:34,869 - INFO - Found funding amount: 2000000
2025-05-06 19:05:34,898 - INFO - Extracted: resistanceBio - 29-Jan-24
2025-05-06 19:05:34,898 - INFO - Found funding amount: 12776288
2025-05-06 19:05:34,927 - INFO - Extracted: Mesh - 29-Jan-24
2025-05-06 19:05:34,927 - INFO - Found funding amount: 6500000
2025-05-06 19:05:34,957 - INFO - Extracted: Chef Robotics - 26-Jan-24
2025-05-06 19:05:34,957 - INFO - Found funding amount: 10500000
2025-05-06 19:05:34,986 - INFO - Extracted: Perfumeo - 26-Jan-24
2025-05-06 19:05:34,986 - INFO - Found funding amount: 1000000
2025-05-06 19:05:35,016 - INFO - Extracted: Bastille Networks Internet Security - 25-Jan-24
2025-05-06 19:05:35,016 - INFO - Found funding amount: 44000000
2025-05-06 19:05:35,046 - INFO - Extracted: ViralMoment - 25-Jan-24
2025-05-06 19:05:35,046 - INFO - Found funding amount: 2500000
2025-05-06 19:05:35,077 - INFO - Extracted: Integral Development Corp - 25-Jan-24
2025-05-06 19:05:35,077 - INFO - Found funding amount: 30000000
2025-05-06 19:05:35,106 - INFO - Extracted: Audioshake - 25-Jan-24
2025-05-06 19:05:35,106 - INFO - Found funding amount: 1400000
2025-05-06 19:05:35,135 - INFO - Extracted: Aniai - 24-Jan-24
2025-05-06 19:05:35,135 - INFO - Found funding amount: 12000000
2025-05-06 19:05:35,165 - INFO - Extracted: unSkript, Inc - 24-Jan-24
2025-05-06 19:05:35,165 - INFO - Found funding amount: 3750000
2025-05-06 19:05:35,194 - INFO - Extracted: Masa - 23-Jan-24
2025-05-06 19:05:35,194 - INFO - Found funding amount: 5400000
2025-05-06 19:05:35,222 - INFO - Extracted: AiDash - 23-Jan-24
2025-05-06 19:05:35,222 - INFO - Found funding amount: 50000000
2025-05-06 19:05:35,252 - INFO - Extracted: SER Capital Partners - 23-Jan-24
2025-05-06 19:05:35,252 - INFO - Found funding amount: 0
2025-05-06 19:05:35,281 - INFO - Extracted: Snorkel AI - 23-Jan-24
2025-05-06 19:05:35,281 - INFO - Found funding amount: 0
2025-05-06 19:05:35,311 - INFO - Extracted: Synthesis AI - 23-Jan-24
2025-05-06 19:05:35,311 - INFO - Found funding amount: 168889
2025-05-06 19:05:35,353 - INFO - Extracted: RagaAI Inc. - 23-Jan-24
2025-05-06 19:05:35,354 - INFO - Found funding amount: 4700000
2025-05-06 19:05:35,383 - INFO - Extracted: SmithRx - 23-Jan-24
2025-05-06 19:05:35,383 - INFO - Found funding amount: 60000000
2025-05-06 19:05:35,413 - INFO - Extracted: GenEdit - 23-Jan-24
2025-05-06 19:05:35,413 - INFO - Found funding amount: 24000000
2025-05-06 19:05:35,413 - INFO - Successfully extracted 20 new companies from page 53
2025-05-06 19:05:35,413 - INFO - Attempting to navigate from page 53
2025-05-06 19:05:41,851 - INFO - JavaScript verification confirmed page changed
2025-05-06 19:05:42,386 - INFO - Extracting data from page 54
2025-05-06 19:05:43,167 - INFO - Trying standard table extraction
2025-05-06 19:05:43,222 - INFO - Found funding amount column at index 6
2025-05-06 19:05:43,227 - INFO - Found headquarters column at index 7
2025-05-06 19:05:43,236 - INFO - Found 22 potential data rows
2025-05-06 19:05:43,281 - INFO - Extracted: Neatleaf - 23-Jan-24
2025-05-06 19:05:43,285 - INFO - Found funding amount: 4000000
2025-05-06 19:05:43,315 - INFO - Extracted: Clerk - 23-Jan-24
2025-05-06 19:05:43,315 - INFO - Found funding amount: 30000000
2025-05-06 19:05:43,345 - INFO - Extracted: Ohana Real Estate Investors - 22-Jan-24
2025-05-06 19:05:43,345 - INFO - Found funding amount: 59000000
2025-05-06 19:05:43,374 - INFO - Extracted: Salas O'Brien - 22-Jan-24
2025-05-06 19:05:43,374 - INFO - Found funding amount: 0
2025-05-06 19:05:43,404 - INFO - Extracted: Captura - 22-Jan-24
2025-05-06 19:05:43,404 - INFO - Found funding amount: 21500000
2025-05-06 19:05:43,433 - INFO - Extracted: Better Stack - 22-Jan-24
2025-05-06 19:05:43,433 - INFO - Found funding amount: 10000000
2025-05-06 19:05:43,462 - INFO - Extracted: Bluedot - 22-Jan-24
2025-05-06 19:05:43,462 - INFO - Found funding amount: 5000000
2025-05-06 19:05:43,492 - INFO - Extracted: BuildClub - 22-Jan-24
2025-05-06 19:05:43,492 - INFO - Found funding amount: 1200000
2025-05-06 19:05:43,520 - INFO - Extracted: Metafoodx - 18-Jan-24
2025-05-06 19:05:43,520 - INFO - Found funding amount: 3000000
2025-05-06 19:05:43,549 - INFO - Extracted: Safary - 18-Jan-24
2025-05-06 19:05:43,549 - INFO - Found funding amount: 2400000
2025-05-06 19:05:43,593 - INFO - Extracted: zbyte - 18-Jan-24
2025-05-06 19:05:43,593 - INFO - Found funding amount: 4000000
2025-05-06 19:05:43,622 - INFO - Extracted: Forta - 17-Jan-24
2025-05-06 19:05:43,623 - INFO - Found funding amount: 55000000
2025-05-06 19:05:43,651 - INFO - Extracted: Incognia - 17-Jan-24
2025-05-06 19:05:43,652 - INFO - Found funding amount: 30999967
2025-05-06 19:05:43,680 - INFO - Extracted: Blueshift - 16-Jan-24
2025-05-06 19:05:43,680 - INFO - Found funding amount: 40000000
2025-05-06 19:05:43,709 - INFO - Extracted: Lutheran Social Services of Southern California - 16-Jan-24
2025-05-06 19:05:43,709 - INFO - Found funding amount: 0
2025-05-06 19:05:43,738 - INFO - Extracted: Blue Planet - 16-Jan-24
2025-05-06 19:05:43,738 - INFO - Found funding amount: 0
2025-05-06 19:05:43,767 - INFO - Extracted: Topia - 16-Jan-24
2025-05-06 19:05:43,767 - INFO - Found funding amount: 24440609
2025-05-06 19:05:43,796 - INFO - Extracted: Noctrix Health - 16-Jan-24
2025-05-06 19:05:43,796 - INFO - Found funding amount: 40000000
2025-05-06 19:05:43,824 - INFO - Extracted: Fonda Technologies - 16-Jan-24
2025-05-06 19:05:43,825 - INFO - Found funding amount: 749998
2025-05-06 19:05:43,853 - INFO - Extracted: Chezuba - 12-Jan-24
2025-05-06 19:05:43,853 - INFO - Found funding amount: 1400000
2025-05-06 19:05:43,853 - INFO - Successfully extracted 20 new companies from page 54
2025-05-06 19:05:43,853 - INFO - Attempting to navigate from page 54
2025-05-06 19:05:50,434 - INFO - JavaScript verification confirmed page changed
2025-05-06 19:05:51,051 - INFO - Extracting data from page 55
2025-05-06 19:05:52,093 - INFO - Trying standard table extraction
2025-05-06 19:05:52,152 - INFO - Found funding amount column at index 6
2025-05-06 19:05:52,160 - INFO - Found headquarters column at index 7
2025-05-06 19:05:52,169 - INFO - Found 22 potential data rows
2025-05-06 19:05:52,215 - INFO - Extracted: Rune Labs - 11-Jan-24
2025-05-06 19:05:52,216 - INFO - Found funding amount: 12000000
2025-05-06 19:05:52,245 - INFO - Extracted: Viavi Solutions - 11-Jan-24
2025-05-06 19:05:52,245 - INFO - Found funding amount: 21700000
2025-05-06 19:05:52,296 - INFO - Extracted: Pier - 11-Jan-24
2025-05-06 19:05:52,296 - INFO - Found funding amount: 2400000
2025-05-06 19:05:52,326 - INFO - Extracted: FlutterFlow - 11-Jan-24
2025-05-06 19:05:52,326 - INFO - Found funding amount: 25500000
2025-05-06 19:05:52,356 - INFO - Extracted: Velou - 11-Jan-24
2025-05-06 19:05:52,356 - INFO - Found funding amount: 4000000
2025-05-06 19:05:52,385 - INFO - Extracted: Echo Labs - 10-Jan-24
2025-05-06 19:05:52,385 - INFO - Found funding amount: 7700000
2025-05-06 19:05:52,415 - INFO - Extracted: Quora - 10-Jan-24
2025-05-06 19:05:52,415 - INFO - Found funding amount: 75000000
2025-05-06 19:05:52,444 - INFO - Extracted: Rainbow - 10-Jan-24
2025-05-06 19:05:52,444 - INFO - Found funding amount: 12000000
2025-05-06 19:05:52,473 - INFO - Extracted: Shimmer - 10-Jan-24
2025-05-06 19:05:52,474 - INFO - Found funding amount: 2200000
2025-05-06 19:05:52,502 - INFO - Extracted: Leap AI - 9-Jan-24
2025-05-06 19:05:52,502 - INFO - Found funding amount: 1400000
2025-05-06 19:05:52,545 - INFO - Extracted: Raising the Future - 9-Jan-24
2025-05-06 19:05:52,545 - INFO - Found funding amount: 10000000
2025-05-06 19:05:52,574 - INFO - Extracted: Feel Therapeutics - 9-Jan-24
2025-05-06 19:05:52,574 - INFO - Found funding amount: 0
2025-05-06 19:05:52,603 - INFO - Extracted: Luma AI - 9-Jan-24
2025-05-06 19:05:52,604 - INFO - Found funding amount: 43000000
2025-05-06 19:05:52,632 - INFO - Extracted: anecdotes - 9-Jan-24
2025-05-06 19:05:52,632 - INFO - Found funding amount: 25000000
2025-05-06 19:05:52,661 - INFO - Extracted: MedaSystems - 9-Jan-24
2025-05-06 19:05:52,661 - INFO - Found funding amount: 0
2025-05-06 19:05:52,690 - INFO - Extracted: Revagenix - 5-Jan-24
2025-05-06 19:05:52,690 - INFO - Found funding amount: 0
2025-05-06 19:05:52,719 - INFO - Extracted: UpDoc - 5-Jan-24
2025-05-06 19:05:52,719 - INFO - Found funding amount: 0
2025-05-06 19:05:52,748 - INFO - Extracted: Department of Behavioral Health - 4-Jan-24
2025-05-06 19:05:52,748 - INFO - Found funding amount: 21800000
2025-05-06 19:05:52,777 - INFO - Extracted: Moonwalk Biosciences - 4-Jan-24
2025-05-06 19:05:52,777 - INFO - Found funding amount: 57000000
2025-05-06 19:05:52,807 - INFO - Extracted: Human Immunology Biosciences - 4-Jan-24
2025-05-06 19:05:52,807 - INFO - Found funding amount: 95000000
2025-05-06 19:05:52,807 - INFO - Successfully extracted 20 new companies from page 55
2025-05-06 19:05:52,807 - INFO - Attempting to navigate from page 55
2025-05-06 19:05:58,380 - INFO - JavaScript verification confirmed page changed
2025-05-06 19:05:59,148 - INFO - Extracting data from page 56
2025-05-06 19:06:00,402 - INFO - Trying standard table extraction
2025-05-06 19:06:00,472 - INFO - Found funding amount column at index 6
2025-05-06 19:06:00,477 - INFO - Found headquarters column at index 7
2025-05-06 19:06:00,485 - INFO - Found 5 potential data rows
2025-05-06 19:06:00,531 - INFO - Extracted: Perplexity AI - 4-Jan-24
2025-05-06 19:06:00,531 - INFO - Found funding amount: 70000000
2025-05-06 19:06:00,561 - INFO - Extracted: GSI Technology - 3-Jan-24
2025-05-06 19:06:00,561 - INFO - Found funding amount: 1100000
2025-05-06 19:06:00,591 - INFO - Extracted: Paceline - 1-Jan-24
2025-05-06 19:06:00,591 - INFO - Found funding amount: 0
2025-05-06 19:06:00,591 - INFO - Successfully extracted 3 new companies from page 56
2025-05-06 19:06:00,591 - INFO - Attempting to navigate from page 56
2025-05-06 19:06:06,483 - INFO - JavaScript verification confirmed page changed
2025-05-06 19:06:06,881 - INFO - Extracting data from page 57
2025-05-06 19:06:08,095 - INFO - Trying standard table extraction
2025-05-06 19:06:08,149 - INFO - Found funding amount column at index 6
2025-05-06 19:06:08,154 - INFO - Found headquarters column at index 7
2025-05-06 19:06:08,163 - INFO - Found 5 potential data rows
2025-05-06 19:06:08,265 - INFO - Retry attempt 1 for data extraction
2025-05-06 19:06:09,905 - INFO - Trying standard table extraction
2025-05-06 19:06:09,963 - INFO - Found funding amount column at index 6
2025-05-06 19:06:09,968 - INFO - Found headquarters column at index 7
2025-05-06 19:06:09,977 - INFO - Found 5 potential data rows
2025-05-06 19:06:10,081 - INFO - Retry attempt 2 for data extraction
2025-05-06 19:06:11,173 - INFO - Refreshing page for final extraction attempt
2025-05-06 19:06:13,681 - INFO - Found overlay using selector: //div[contains(@class, 'conv-wrap')]
2025-05-06 19:06:13,694 - INFO - No close button found, removing overlay with JavaScript
2025-05-06 19:06:14,671 - INFO - Found overlay using selector: //div[contains(@class, 'overlay')]
2025-05-06 19:06:14,677 - INFO - No close button found, removing overlay with JavaScript
2025-05-06 19:06:15,688 - INFO - Trying standard table extraction
2025-05-06 19:06:15,744 - INFO - Found funding amount column at index 6
2025-05-06 19:06:15,749 - INFO - Found headquarters column at index 7
2025-05-06 19:06:15,758 - INFO - Found 22 potential data rows
2025-05-06 19:06:16,366 - WARNING - No new companies found on page 57. Empty page count: 1
2025-05-06 19:06:16,366 - INFO - Attempting to navigate from page 57
2025-05-06 19:06:22,355 - INFO - JavaScript verification confirmed page changed
2025-05-06 19:06:22,907 - INFO - Extracting data from page 58
2025-05-06 19:06:24,073 - INFO - Trying standard table extraction
2025-05-06 19:06:24,131 - INFO - Found funding amount column at index 6
2025-05-06 19:06:24,136 - INFO - Found headquarters column at index 7
2025-05-06 19:06:24,145 - INFO - Found 22 potential data rows
2025-05-06 19:06:24,732 - INFO - Retry attempt 1 for data extraction
2025-05-06 19:06:26,220 - INFO - Trying standard table extraction
2025-05-06 19:06:26,278 - INFO - Found funding amount column at index 6
2025-05-06 19:06:26,283 - INFO - Found headquarters column at index 7
2025-05-06 19:06:26,292 - INFO - Found 22 potential data rows
2025-05-06 19:06:26,880 - INFO - Retry attempt 2 for data extraction
2025-05-06 19:06:28,885 - INFO - Refreshing page for final extraction attempt
2025-05-06 19:06:31,730 - INFO - Found overlay using selector: //div[contains(@class, 'conv-wrap')]
2025-05-06 19:06:31,740 - INFO - No close button found, removing overlay with JavaScript
2025-05-06 19:06:32,244 - INFO - Found overlay using selector: //div[contains(@class, 'overlay')]
2025-05-06 19:06:32,250 - INFO - No close button found, removing overlay with JavaScript
2025-05-06 19:06:34,280 - INFO - Trying standard table extraction
2025-05-06 19:06:34,342 - INFO - Found funding amount column at index 6
2025-05-06 19:06:34,347 - INFO - Found headquarters column at index 7
2025-05-06 19:06:34,357 - INFO - Found 22 potential data rows
2025-05-06 19:06:34,947 - WARNING - No new companies found on page 58. Empty page count: 2
2025-05-06 19:06:34,947 - INFO - Stopping after 2 consecutive empty pages
2025-05-06 19:06:34,954 - INFO - Successfully saved CSV data to /Users/hk/Downloads/DSFinalYearProject/JSONFolder/fundraisestartup50.csv
2025-05-06 19:06:34,961 - INFO - Successfully saved JSON data to /Users/hk/Downloads/DSFinalYearProject/JSONFolder/fundraisestartup50.json
2025-05-06 19:06:34,963 - INFO - Successfully saved historical data copies in /Users/hk/Downloads/DSFinalYearProject/data_archive/2025-05-06
2025-05-06 19:06:34,964 - INFO - Extraction completed in 511.28 seconds
2025-05-06 19:06:34,964 - INFO - Extracted 1103 companies from 58 pages
2025-05-06 19:06:34,964 - INFO - Found 1103 unique companies
2025-05-06 19:06:34,964 - INFO - Most recent funding dates: ['1-Apr-24', '1-Aug-24', '1-Feb-24', '1-Jan-24', '1-Jul-24']
2025-05-06 19:06:35,075 - INFO - WebDriver closed
2025-05-06 19:06:35,075 - INFO - Next extraction scheduled for: 2025-05-07 19:06:35
2025-05-06 20:01:40,073 - INFO - Setting up scheduled extraction (every 24 hours)
2025-05-06 20:01:40,084 - INFO - Starting extraction process
2025-05-06 20:01:40,101 - INFO - Setting up Chrome WebDriver...
2025-05-06 20:01:40,108 - INFO - ====== WebDriver manager ======
2025-05-06 20:01:40,852 - INFO - Get LATEST chromedriver version for google-chrome
2025-05-06 20:01:40,940 - INFO - Get LATEST chromedriver version for google-chrome
2025-05-06 20:01:40,989 - INFO - Driver [/Users/hk/.wdm/drivers/chromedriver/mac64/135.0.7049.114/chromedriver-mac-arm64/chromedriver] found in cache
2025-05-06 20:01:42,819 - INFO - WebDriver setup completed successfully
2025-05-06 20:01:42,820 - INFO - Navigating to https://fundraiseinsider.com/blog/recently-funded-startups-san-francisco/#showform-238066
2025-05-06 20:02:00,041 - INFO - Performing efficient scrolling...
2025-05-06 20:02:03,396 - INFO - Scrolling completed
2025-05-06 20:02:03,411 - INFO - Found overlay using selector: //div[contains(@class, 'conv-wrap')]
2025-05-06 20:02:03,419 - INFO - No close button found, removing overlay with JavaScript
2025-05-06 20:02:04,293 - INFO - Found overlay using selector: //div[contains(@class, 'overlay')]
2025-05-06 20:02:04,300 - INFO - No close button found, removing overlay with JavaScript
2025-05-06 20:02:05,007 - INFO - Extracting data from page 1
2025-05-06 20:02:06,198 - INFO - Trying standard table extraction
2025-05-06 20:02:06,257 - INFO - Found funding amount column at index 6
2025-05-06 20:02:06,262 - INFO - Found headquarters column at index 7
2025-05-06 20:02:06,273 - INFO - Found 22 potential data rows
2025-05-06 20:02:06,323 - INFO - Extracted: Rembrand - 2-Jan-25
2025-05-06 20:02:06,323 - INFO - Found funding amount: 23000000
2025-05-06 20:02:06,353 - INFO - Extracted: Wurthy - 30-Dec-24
2025-05-06 20:02:06,353 - INFO - Found funding amount: 0
2025-05-06 20:02:06,390 - INFO - Extracted: Frontier Bio - 25-Dec-24
2025-05-06 20:02:06,390 - INFO - Found funding amount: 1300000
2025-05-06 20:02:06,422 - INFO - Extracted: Courtyard - 23-Dec-24
2025-05-06 20:02:06,422 - INFO - Found funding amount: 4500000
2025-05-06 20:02:06,461 - INFO - Extracted: Pasadena Private Lending - 19-Dec-24
2025-05-06 20:02:06,461 - INFO - Found funding amount: 50000000
2025-05-06 20:02:06,495 - INFO - Extracted: Tenor - 19-Dec-24
2025-05-06 20:02:06,496 - INFO - Found funding amount: 5400000
2025-05-06 20:02:06,529 - INFO - Extracted: Earli - 19-Dec-24
2025-05-06 20:02:06,529 - INFO - Found funding amount: 60000000
2025-05-06 20:02:06,560 - INFO - Extracted: Child Family Health International - 19-Dec-24
2025-05-06 20:02:06,560 - INFO - Found funding amount: 7500
2025-05-06 20:02:06,590 - INFO - Extracted: SandboxAQ - 18-Dec-24
2025-05-06 20:02:06,591 - INFO - Found funding amount: 300000000
2025-05-06 20:02:06,622 - INFO - Extracted: Plume Network - 18-Dec-24
2025-05-06 20:02:06,622 - INFO - Found funding amount: 20000000
2025-05-06 20:02:06,654 - INFO - Extracted: Hamming AI - 18-Dec-24
2025-05-06 20:02:06,654 - INFO - Found funding amount: 3800000
2025-05-06 20:02:06,685 - INFO - Extracted: CourtScribes - 18-Dec-24
2025-05-06 20:02:06,685 - INFO - Found funding amount: 512474
2025-05-06 20:02:06,716 - INFO - Extracted: Perplexity - 18-Dec-24
2025-05-06 20:02:06,716 - INFO - Found funding amount: 500000000
2025-05-06 20:02:06,747 - INFO - Extracted: Lyten - 18-Dec-24
2025-05-06 20:02:06,747 - INFO - Found funding amount: 650000000
2025-05-06 20:02:06,778 - INFO - Extracted: Fairbanc - 18-Dec-24
2025-05-06 20:02:06,778 - INFO - Found funding amount: 50000000000
2025-05-06 20:02:06,808 - INFO - Extracted: Mojave Energy Systems - 18-Dec-24
2025-05-06 20:02:06,808 - INFO - Found funding amount: 9500000
2025-05-06 20:02:06,839 - INFO - Extracted: Fraction AI - 18-Dec-24
2025-05-06 20:02:06,839 - INFO - Found funding amount: 6000000
2025-05-06 20:02:06,871 - INFO - Extracted: Schwarm Technologies Inc. - 17-Dec-24
2025-05-06 20:02:06,871 - INFO - Found funding amount: 3027055
2025-05-06 20:02:06,902 - INFO - Extracted: Landbase - 17-Dec-24
2025-05-06 20:02:06,902 - INFO - Found funding amount: 12500000
2025-05-06 20:02:06,933 - INFO - Extracted: Acre - 17-Dec-24
2025-05-06 20:02:06,933 - INFO - Found funding amount: 10000000
2025-05-06 20:02:06,933 - INFO - Successfully extracted 20 new companies from page 1
2025-05-06 20:02:06,933 - INFO - Attempting to navigate from page 1
2025-05-06 20:02:12,777 - INFO - JavaScript verification confirmed page changed
2025-05-06 20:02:13,238 - INFO - Extracting data from page 2
2025-05-06 20:02:13,710 - INFO - Trying standard table extraction
2025-05-06 20:02:13,785 - INFO - Found funding amount column at index 6
2025-05-06 20:02:13,789 - INFO - Found headquarters column at index 7
2025-05-06 20:02:13,797 - INFO - Found 22 potential data rows
2025-05-06 20:02:13,848 - INFO - Extracted: Finexio - 17-Dec-24
2025-05-06 20:02:13,848 - INFO - Found funding amount: 10000000
2025-05-06 20:02:13,879 - INFO - Extracted: Anatomy Financial - 17-Dec-24
2025-05-06 20:02:13,879 - INFO - Found funding amount: 19000000
2025-05-06 20:02:13,910 - INFO - Extracted: Serverfarm - 17-Dec-24
2025-05-06 20:02:13,910 - INFO - Found funding amount: 1637000000
2025-05-06 20:02:13,943 - INFO - Extracted: Flair - 17-Dec-24
2025-05-06 20:02:13,943 - INFO - Found funding amount: 0
2025-05-06 20:02:13,999 - INFO - Extracted: Leapfin - 17-Dec-24
2025-05-06 20:02:13,999 - INFO - Found funding amount: 1000000
2025-05-06 20:02:14,034 - INFO - Extracted: Parafin - 17-Dec-24
2025-05-06 20:02:14,034 - INFO - Found funding amount: 100000000
2025-05-06 20:02:14,064 - INFO - Extracted: Indapta Therapeutics - 17-Dec-24
2025-05-06 20:02:14,064 - INFO - Found funding amount: 22500000
2025-05-06 20:02:14,092 - INFO - Extracted: Xcell Biosciences - 17-Dec-24
2025-05-06 20:02:14,092 - INFO - Found funding amount: 1400000
2025-05-06 20:02:14,121 - INFO - Extracted: Jiko - 12-Dec-24
2025-05-06 20:02:14,121 - INFO - Found funding amount: 29000000
2025-05-06 20:02:14,151 - INFO - Extracted: One - 12-Dec-24
2025-05-06 20:02:14,151 - INFO - Found funding amount: 300000000
2025-05-06 20:02:14,180 - INFO - Extracted: Evinced - 12-Dec-24
2025-05-06 20:02:14,180 - INFO - Found funding amount: 55000000
2025-05-06 20:02:14,209 - INFO - Extracted: Twelve Labs - 12-Dec-24
2025-05-06 20:02:14,209 - INFO - Found funding amount: 30000000
2025-05-06 20:02:14,241 - INFO - Extracted: Terradot - 12-Dec-24
2025-05-06 20:02:14,241 - INFO - Found funding amount: 54000000
2025-05-06 20:02:14,271 - INFO - Extracted: Cartesia - 12-Dec-24
2025-05-06 20:02:14,272 - INFO - Found funding amount: 22000000
2025-05-06 20:02:14,302 - INFO - Extracted: Vantis Vascular - 12-Dec-24
2025-05-06 20:02:14,302 - INFO - Found funding amount: 10000000
2025-05-06 20:02:14,332 - INFO - Extracted: Alessa Therapeutics - 12-Dec-24
2025-05-06 20:02:14,332 - INFO - Found funding amount: 15000000
2025-05-06 20:02:14,364 - INFO - Extracted: Gigs - 12-Dec-24
2025-05-06 20:02:14,364 - INFO - Found funding amount: 73000000
2025-05-06 20:02:14,393 - INFO - Extracted: Immi - 12-Dec-24
2025-05-06 20:02:14,393 - INFO - Found funding amount: 3000000
2025-05-06 20:02:14,429 - INFO - Extracted: Albert Invent - 11-Dec-24
2025-05-06 20:02:14,429 - INFO - Found funding amount: 22500000
2025-05-06 20:02:14,474 - INFO - Extracted: Strategic Venue Partners - 11-Dec-24
2025-05-06 20:02:14,474 - INFO - Found funding amount: 0
2025-05-06 20:02:14,475 - INFO - Successfully extracted 20 new companies from page 2
2025-05-06 20:02:14,475 - INFO - Attempting to navigate from page 2
2025-05-06 20:05:36,072 - INFO - Created main data directory at /Users/hk/Downloads/DSFinalYearProject/JSONFolder
2025-05-06 20:05:36,073 - INFO - Setting up scheduled extraction (every 24 hours)
2025-05-06 20:05:36,073 - INFO - Starting extraction process
2025-05-06 20:05:36,073 - INFO - Setting up Chrome WebDriver...
2025-05-06 20:05:36,073 - INFO - ====== WebDriver manager ======
2025-05-06 20:05:36,152 - INFO - Get LATEST chromedriver version for google-chrome
2025-05-06 20:05:36,194 - INFO - Get LATEST chromedriver version for google-chrome
2025-05-06 20:05:36,232 - INFO - Driver [/Users/hk/.wdm/drivers/chromedriver/mac64/135.0.7049.114/chromedriver-mac-arm64/chromedriver] found in cache
2025-05-06 20:05:37,070 - INFO - WebDriver setup completed successfully
2025-05-06 20:05:37,070 - INFO - Navigating to https://fundraiseinsider.com/blog/recently-funded-startups-san-francisco/#showform-238066
2025-05-06 20:05:54,163 - INFO - Performing efficient scrolling...
2025-05-06 20:05:56,273 - INFO - Scrolling completed
2025-05-06 20:05:56,329 - INFO - Found overlay using selector: //div[contains(@class, 'conv-wrap')]
2025-05-06 20:05:56,343 - INFO - No close button found, removing overlay with JavaScript
2025-05-06 20:05:56,965 - INFO - Found overlay using selector: //div[contains(@class, 'overlay')]
2025-05-06 20:05:56,989 - INFO - No close button found, removing overlay with JavaScript
2025-05-06 20:05:58,094 - INFO - Extracting data from page 1
2025-05-06 20:05:59,126 - INFO - Trying standard table extraction
2025-05-06 20:05:59,185 - INFO - Found funding amount column at index 6
2025-05-06 20:05:59,189 - INFO - Found headquarters column at index 7
2025-05-06 20:05:59,200 - INFO - Found 22 potential data rows
2025-05-06 20:05:59,270 - INFO - Extracted: Rembrand - 2-Jan-25
2025-05-06 20:05:59,270 - INFO - Found funding amount: 23000000
2025-05-06 20:05:59,302 - INFO - Extracted: Wurthy - 30-Dec-24
2025-05-06 20:05:59,302 - INFO - Found funding amount: 0
2025-05-06 20:05:59,337 - INFO - Extracted: Frontier Bio - 25-Dec-24
2025-05-06 20:05:59,337 - INFO - Found funding amount: 1300000
2025-05-06 20:05:59,369 - INFO - Extracted: Courtyard - 23-Dec-24
2025-05-06 20:05:59,369 - INFO - Found funding amount: 4500000
2025-05-06 20:05:59,401 - INFO - Extracted: Pasadena Private Lending - 19-Dec-24
2025-05-06 20:05:59,401 - INFO - Found funding amount: 50000000
2025-05-06 20:05:59,446 - INFO - Extracted: Tenor - 19-Dec-24
2025-05-06 20:05:59,446 - INFO - Found funding amount: 5400000
2025-05-06 20:05:59,483 - INFO - Extracted: Earli - 19-Dec-24
2025-05-06 20:05:59,483 - INFO - Found funding amount: 60000000
2025-05-06 20:05:59,513 - INFO - Extracted: Child Family Health International - 19-Dec-24
2025-05-06 20:05:59,513 - INFO - Found funding amount: 7500
2025-05-06 20:05:59,556 - INFO - Extracted: SandboxAQ - 18-Dec-24
2025-05-06 20:05:59,556 - INFO - Found funding amount: 300000000
2025-05-06 20:05:59,677 - INFO - Extracted: Plume Network - 18-Dec-24
2025-05-06 20:05:59,677 - INFO - Found funding amount: 20000000
2025-05-06 20:05:59,770 - INFO - Extracted: Hamming AI - 18-Dec-24
2025-05-06 20:05:59,770 - INFO - Found funding amount: 3800000
2025-05-06 20:05:59,809 - INFO - Extracted: CourtScribes - 18-Dec-24
2025-05-06 20:05:59,809 - INFO - Found funding amount: 512474
2025-05-06 20:05:59,840 - INFO - Extracted: Perplexity - 18-Dec-24
2025-05-06 20:05:59,840 - INFO - Found funding amount: 500000000
2025-05-06 20:05:59,873 - INFO - Extracted: Lyten - 18-Dec-24
2025-05-06 20:05:59,873 - INFO - Found funding amount: 650000000
2025-05-06 20:05:59,904 - INFO - Extracted: Fairbanc - 18-Dec-24
2025-05-06 20:05:59,905 - INFO - Found funding amount: 50000000000
2025-05-06 20:05:59,935 - INFO - Extracted: Mojave Energy Systems - 18-Dec-24
2025-05-06 20:05:59,935 - INFO - Found funding amount: 9500000
2025-05-06 20:05:59,966 - INFO - Extracted: Fraction AI - 18-Dec-24
2025-05-06 20:05:59,966 - INFO - Found funding amount: 6000000
2025-05-06 20:06:00,083 - INFO - Extracted: Schwarm Technologies Inc. - 17-Dec-24
2025-05-06 20:06:00,083 - INFO - Found funding amount: 3027055
2025-05-06 20:06:00,132 - INFO - Extracted: Landbase - 17-Dec-24
2025-05-06 20:06:00,132 - INFO - Found funding amount: 12500000
2025-05-06 20:06:00,206 - INFO - Extracted: Acre - 17-Dec-24
2025-05-06 20:06:00,206 - INFO - Found funding amount: 10000000
2025-05-06 20:06:00,206 - INFO - Successfully extracted 20 new companies from page 1
2025-05-06 20:06:00,206 - INFO - Attempting to navigate from page 1
2025-05-06 20:06:05,354 - INFO - JavaScript verification confirmed page changed
2025-05-06 20:06:06,250 - INFO - Extracting data from page 2
2025-05-06 20:06:06,609 - INFO - Trying standard table extraction
2025-05-06 20:06:06,668 - INFO - Found funding amount column at index 6
2025-05-06 20:06:06,673 - INFO - Found headquarters column at index 7
2025-05-06 20:06:06,681 - INFO - Found 22 potential data rows
2025-05-06 20:06:06,732 - INFO - Extracted: Finexio - 17-Dec-24
2025-05-06 20:06:06,732 - INFO - Found funding amount: 10000000
2025-05-06 20:06:06,762 - INFO - Extracted: Anatomy Financial - 17-Dec-24
2025-05-06 20:06:06,762 - INFO - Found funding amount: 19000000
2025-05-06 20:06:06,791 - INFO - Extracted: Serverfarm - 17-Dec-24
2025-05-06 20:06:06,791 - INFO - Found funding amount: 1637000000
2025-05-06 20:06:06,822 - INFO - Extracted: Flair - 17-Dec-24
2025-05-06 20:06:06,822 - INFO - Found funding amount: 0
2025-05-06 20:06:06,851 - INFO - Extracted: Leapfin - 17-Dec-24
2025-05-06 20:06:06,851 - INFO - Found funding amount: 1000000
2025-05-06 20:06:06,881 - INFO - Extracted: Parafin - 17-Dec-24
2025-05-06 20:06:06,881 - INFO - Found funding amount: 100000000
2025-05-06 20:06:06,910 - INFO - Extracted: Indapta Therapeutics - 17-Dec-24
2025-05-06 20:06:06,910 - INFO - Found funding amount: 22500000
2025-05-06 20:06:06,940 - INFO - Extracted: Xcell Biosciences - 17-Dec-24
2025-05-06 20:06:06,940 - INFO - Found funding amount: 1400000
2025-05-06 20:06:06,967 - INFO - Extracted: Jiko - 12-Dec-24
2025-05-06 20:06:06,967 - INFO - Found funding amount: 29000000
2025-05-06 20:06:07,000 - INFO - Extracted: One - 12-Dec-24
2025-05-06 20:06:07,000 - INFO - Found funding amount: 300000000
2025-05-06 20:06:07,042 - INFO - Extracted: Evinced - 12-Dec-24
2025-05-06 20:06:07,042 - INFO - Found funding amount: 55000000
2025-05-06 20:06:07,076 - INFO - Extracted: Twelve Labs - 12-Dec-24
2025-05-06 20:06:07,076 - INFO - Found funding amount: 30000000
2025-05-06 20:06:07,105 - INFO - Extracted: Terradot - 12-Dec-24
2025-05-06 20:06:07,105 - INFO - Found funding amount: 54000000
2025-05-06 20:06:07,135 - INFO - Extracted: Cartesia - 12-Dec-24
2025-05-06 20:06:07,135 - INFO - Found funding amount: 22000000
2025-05-06 20:06:07,178 - INFO - Extracted: Vantis Vascular - 12-Dec-24
2025-05-06 20:06:07,178 - INFO - Found funding amount: 10000000
2025-05-06 20:06:07,207 - INFO - Extracted: Alessa Therapeutics - 12-Dec-24
2025-05-06 20:06:07,207 - INFO - Found funding amount: 15000000
2025-05-06 20:06:07,236 - INFO - Extracted: Gigs - 12-Dec-24
2025-05-06 20:06:07,236 - INFO - Found funding amount: 73000000
2025-05-06 20:06:07,267 - INFO - Extracted: Immi - 12-Dec-24
2025-05-06 20:06:07,267 - INFO - Found funding amount: 3000000
2025-05-06 20:06:07,298 - INFO - Extracted: Albert Invent - 11-Dec-24
2025-05-06 20:06:07,298 - INFO - Found funding amount: 22500000
2025-05-06 20:06:07,329 - INFO - Extracted: Strategic Venue Partners - 11-Dec-24
2025-05-06 20:06:07,330 - INFO - Found funding amount: 0
2025-05-06 20:06:07,330 - INFO - Successfully extracted 20 new companies from page 2
2025-05-06 20:06:07,330 - INFO - Attempting to navigate from page 2
2025-05-06 20:06:13,418 - INFO - JavaScript verification confirmed page changed
2025-05-06 20:06:14,405 - INFO - Extracting data from page 3
2025-05-06 20:06:15,097 - INFO - Trying standard table extraction
2025-05-06 20:06:15,143 - INFO - Found funding amount column at index 6
2025-05-06 20:06:15,194 - INFO - Found headquarters column at index 7
2025-05-06 20:06:15,328 - INFO - Found 22 potential data rows
2025-05-06 20:06:15,390 - INFO - Extracted: Parsec Education - 11-Dec-24
2025-05-06 20:06:15,391 - INFO - Found funding amount: 8000000
2025-05-06 20:06:15,420 - INFO - Extracted: Saltmine - 11-Dec-24
2025-05-06 20:06:15,420 - INFO - Found funding amount: 0
2025-05-06 20:06:15,455 - INFO - Extracted: NeuBird - 11-Dec-24
2025-05-06 20:06:15,455 - INFO - Found funding amount: 22500000
2025-05-06 20:06:15,486 - INFO - Extracted: Aimon Labs - 11-Dec-24
2025-05-06 20:06:15,486 - INFO - Found funding amount: 2300000
2025-05-06 20:06:15,516 - INFO - Extracted: Ayar Labs - 11-Dec-24
2025-05-06 20:06:15,516 - INFO - Found funding amount: 155000000
2025-05-06 20:06:15,546 - INFO - Extracted: Vapi - 11-Dec-24
2025-05-06 20:06:15,546 - INFO - Found funding amount: 20000000
2025-05-06 20:06:15,581 - INFO - Extracted: EzDubs - 11-Dec-24
2025-05-06 20:06:15,581 - INFO - Found funding amount: 4200000
2025-05-06 20:06:15,625 - INFO - Extracted: Capstan Medical - 11-Dec-24
2025-05-06 20:06:15,625 - INFO - Found funding amount: 110000000
2025-05-06 20:06:15,656 - INFO - Extracted: Reveal Technology - 11-Dec-24
2025-05-06 20:06:15,656 - INFO - Found funding amount: 11200000
2025-05-06 20:06:15,685 - INFO - Extracted: Tosi - 11-Dec-24
2025-05-06 20:06:15,685 - INFO - Found funding amount: 15805308
2025-05-06 20:06:15,720 - INFO - Extracted: Azimuth AI - 11-Dec-24
2025-05-06 20:06:15,720 - INFO - Found funding amount: 11500000
2025-05-06 20:06:15,754 - INFO - Extracted: Cohesity - 10-Dec-24
2025-05-06 20:06:15,754 - INFO - Found funding amount: 0
2025-05-06 20:06:15,784 - INFO - Extracted: Speak - 10-Dec-24
2025-05-06 20:06:15,784 - INFO - Found funding amount: 78000000
2025-05-06 20:06:15,814 - INFO - Extracted: Mainframe - 10-Dec-24
2025-05-06 20:06:15,814 - INFO - Found funding amount: 5500000
2025-05-06 20:06:15,843 - INFO - Extracted: Gyaan - 10-Dec-24
2025-05-06 20:06:15,843 - INFO - Found funding amount: 5000000
2025-05-06 20:06:15,877 - INFO - Extracted: WeaveGrid - 10-Dec-24
2025-05-06 20:06:15,877 - INFO - Found funding amount: 28000000
2025-05-06 20:06:15,913 - INFO - Extracted: WindBorne Systems - 10-Dec-24
2025-05-06 20:06:15,913 - INFO - Found funding amount: 5000000
2025-05-06 20:06:15,944 - INFO - Extracted: Exabits AI - 10-Dec-24
2025-05-06 20:06:15,944 - INFO - Found funding amount: 15000000
2025-05-06 20:06:15,974 - INFO - Extracted: Gentrace - 10-Dec-24
2025-05-06 20:06:15,974 - INFO - Found funding amount: 8000000
2025-05-06 20:06:16,007 - INFO - Extracted: LambdaTest - 10-Dec-24
2025-05-06 20:06:16,007 - INFO - Found funding amount: 38000000
2025-05-06 20:06:16,007 - INFO - Successfully extracted 20 new companies from page 3
2025-05-06 20:06:16,007 - INFO - Attempting to navigate from page 3
2025-05-06 20:06:21,811 - INFO - JavaScript verification confirmed page changed
2025-05-06 20:06:22,643 - INFO - Extracting data from page 4
2025-05-06 20:06:23,120 - INFO - Trying standard table extraction
2025-05-06 20:06:23,164 - INFO - Found funding amount column at index 6
2025-05-06 20:06:23,169 - INFO - Found headquarters column at index 7
2025-05-06 20:06:23,176 - INFO - Found 22 potential data rows
2025-05-06 20:06:23,219 - INFO - Extracted: Aarvik Therapeutics - 10-Dec-24
2025-05-06 20:06:23,219 - INFO - Found funding amount: 1165000
2025-05-06 20:06:23,248 - INFO - Extracted: WaveForms AI - 10-Dec-24
2025-05-06 20:06:23,248 - INFO - Found funding amount: 40000000
2025-05-06 20:06:23,278 - INFO - Extracted: Wald.ai - 10-Dec-24
2025-05-06 20:06:23,278 - INFO - Found funding amount: 4000000
2025-05-06 20:06:23,307 - INFO - Extracted: Wildflower Health - 10-Dec-24
2025-05-06 20:06:23,307 - INFO - Found funding amount: 17939793
2025-05-06 20:06:23,336 - INFO - Extracted: Aampe - 10-Dec-24
2025-05-06 20:06:23,337 - INFO - Found funding amount: 18000000
2025-05-06 20:06:23,366 - INFO - Extracted: Cala Health - 9-Dec-24
2025-05-06 20:06:23,366 - INFO - Found funding amount: 50000000
2025-05-06 20:06:23,404 - INFO - Extracted: Sofar Ocean - 9-Dec-24
2025-05-06 20:06:23,404 - INFO - Found funding amount: 18250002
2025-05-06 20:06:23,439 - INFO - Extracted: Friend - 9-Dec-24
2025-05-06 20:06:23,439 - INFO - Found funding amount: 5400000
2025-05-06 20:06:23,468 - INFO - Extracted: Lava - 9-Dec-24
2025-05-06 20:06:23,468 - INFO - Found funding amount: 10000000
2025-05-06 20:06:23,500 - INFO - Extracted: MiSalud - 9-Dec-24
2025-05-06 20:06:23,500 - INFO - Found funding amount: 8000000
2025-05-06 20:06:23,532 - INFO - Extracted: Lucra Sports - 5-Dec-24
2025-05-06 20:06:23,532 - INFO - Found funding amount: 10000000
2025-05-06 20:06:23,564 - INFO - Extracted: Across AI - 5-Dec-24
2025-05-06 20:06:23,564 - INFO - Found funding amount: 5750000
2025-05-06 20:06:23,596 - INFO - Extracted: BITKRAFT Ventures - 5-Dec-24
2025-05-06 20:06:23,596 - INFO - Found funding amount: 0
2025-05-06 20:06:23,626 - INFO - Extracted: Nuvig Therapeutics - 5-Dec-24
2025-05-06 20:06:23,626 - INFO - Found funding amount: 161000000
2025-05-06 20:06:23,657 - INFO - Extracted: FutureSearch - 5-Dec-24
2025-05-06 20:06:23,657 - INFO - Found funding amount: 5794991
2025-05-06 20:06:23,686 - INFO - Extracted: Solana - 5-Dec-24
2025-05-06 20:06:23,686 - INFO - Found funding amount: 1500000
2025-05-06 20:06:23,716 - INFO - Extracted: Rubi Laboratories - 5-Dec-24
2025-05-06 20:06:23,716 - INFO - Found funding amount: 969961
2025-05-06 20:06:23,745 - INFO - Extracted: East Oakland Youth Development Center - 5-Dec-24
2025-05-06 20:06:23,745 - INFO - Found funding amount: 0
2025-05-06 20:06:23,775 - INFO - Extracted: Axiado Corporation - 4-Dec-24
2025-05-06 20:06:23,775 - INFO - Found funding amount: 60000000
2025-05-06 20:06:23,804 - INFO - Extracted: Enterpret - 4-Dec-24
2025-05-06 20:06:23,804 - INFO - Found funding amount: 20800000
2025-05-06 20:06:23,804 - INFO - Successfully extracted 20 new companies from page 4
2025-05-06 20:06:23,804 - INFO - Attempting to navigate from page 4
2025-05-06 20:06:30,004 - INFO - JavaScript verification confirmed page changed
2025-05-06 20:06:31,075 - INFO - Extracting data from page 5
2025-05-06 20:06:31,783 - INFO - Trying standard table extraction
2025-05-06 20:06:31,853 - INFO - Found funding amount column at index 6
2025-05-06 20:06:31,867 - INFO - Found headquarters column at index 7
2025-05-06 20:06:31,913 - INFO - Found 22 potential data rows
2025-05-06 20:06:31,969 - INFO - Extracted: HappyRobot - 4-Dec-24
2025-05-06 20:06:31,969 - INFO - Found funding amount: 15600000
2025-05-06 20:06:31,998 - INFO - Extracted: Offcall - 4-Dec-24
2025-05-06 20:06:31,998 - INFO - Found funding amount: 2000000
2025-05-06 20:06:32,027 - INFO - Extracted: Etestho - 4-Dec-24
2025-05-06 20:06:32,027 - INFO - Found funding amount: 0
2025-05-06 20:06:32,056 - INFO - Extracted: Antheia - 3-Dec-24
2025-05-06 20:06:32,056 - INFO - Found funding amount: 12000000
2025-05-06 20:06:32,086 - INFO - Extracted: Aerospike - 3-Dec-24
2025-05-06 20:06:32,086 - INFO - Found funding amount: 109000000
2025-05-06 20:06:32,117 - INFO - Extracted: Yurts Technologies Inc - 3-Dec-24
2025-05-06 20:06:32,117 - INFO - Found funding amount: 40000000
2025-05-06 20:06:32,148 - INFO - Extracted: The Tech Interactive - 3-Dec-24
2025-05-06 20:06:32,148 - INFO - Found funding amount: 0
2025-05-06 20:06:32,178 - INFO - Extracted: Maze Therapeutics - 3-Dec-24
2025-05-06 20:06:32,178 - INFO - Found funding amount: 115000000
2025-05-06 20:06:32,210 - INFO - Extracted: MakersHub - 3-Dec-24
2025-05-06 20:06:32,210 - INFO - Found funding amount: 7000000
2025-05-06 20:06:32,239 - INFO - Extracted: Vooma - 2-Dec-24
2025-05-06 20:06:32,240 - INFO - Found funding amount: 13000000
2025-05-06 20:06:32,269 - INFO - Extracted: Lumin Digital - 2-Dec-24
2025-05-06 20:06:32,269 - INFO - Found funding amount: 160000000
2025-05-06 20:06:32,298 - INFO - Extracted: Upwind Security - 2-Dec-24
2025-05-06 20:06:32,298 - INFO - Found funding amount: 100000000
2025-05-06 20:06:32,328 - INFO - Extracted: CSpeed - 2-Dec-24
2025-05-06 20:06:32,328 - INFO - Found funding amount: 28349982
2025-05-06 20:06:32,357 - INFO - Extracted: Cardless - 26-Nov-24
2025-05-06 20:06:32,357 - INFO - Found funding amount: 30000000
2025-05-06 20:06:32,386 - INFO - Extracted: Sirona Medical - 26-Nov-24
2025-05-06 20:06:32,386 - INFO - Found funding amount: 42000000
2025-05-06 20:06:32,416 - INFO - Extracted: Wherobots Inc. - 26-Nov-24
2025-05-06 20:06:32,416 - INFO - Found funding amount: 21500000
2025-05-06 20:06:32,445 - INFO - Extracted: Circleback - 26-Nov-24
2025-05-06 20:06:32,445 - INFO - Found funding amount: 2500000
2025-05-06 20:06:32,476 - INFO - Extracted: Mindstate Design Labs - 26-Nov-24
2025-05-06 20:06:32,476 - INFO - Found funding amount: 12698587
2025-05-06 20:06:32,505 - INFO - Extracted: Femtosense - 26-Nov-24
2025-05-06 20:06:32,505 - INFO - Found funding amount: 4258347
2025-05-06 20:06:32,535 - INFO - Extracted: Play.ht - 25-Nov-24
2025-05-06 20:06:32,535 - INFO - Found funding amount: 21000000
2025-05-06 20:06:32,535 - INFO - Successfully extracted 20 new companies from page 5
2025-05-06 20:06:32,535 - INFO - Attempting to navigate from page 5
2025-05-06 20:06:38,628 - INFO - JavaScript verification confirmed page changed
2025-05-06 20:06:39,135 - INFO - Extracting data from page 6
2025-05-06 20:06:39,992 - INFO - Trying standard table extraction
2025-05-06 20:06:40,026 - INFO - Found funding amount column at index 6
2025-05-06 20:06:40,030 - INFO - Found headquarters column at index 7
2025-05-06 20:06:40,039 - INFO - Found 22 potential data rows
2025-05-06 20:06:40,095 - INFO - Extracted: Tempest DX - 25-Nov-24
2025-05-06 20:06:40,095 - INFO - Found funding amount: 3200000
2025-05-06 20:06:40,124 - INFO - Extracted: Trustero - 21-Nov-24
2025-05-06 20:06:40,124 - INFO - Found funding amount: 10350000
2025-05-06 20:06:40,155 - INFO - Extracted: Epic Cleantec - 21-Nov-24
2025-05-06 20:06:40,155 - INFO - Found funding amount: 12000000
2025-05-06 20:06:40,184 - INFO - Extracted: VISO TRUST - 21-Nov-24
2025-05-06 20:06:40,184 - INFO - Found funding amount: 7000000
2025-05-06 20:06:40,214 - INFO - Extracted: Aviz Networks - 21-Nov-24
2025-05-06 20:06:40,214 - INFO - Found funding amount: 17000000
2025-05-06 20:06:40,244 - INFO - Extracted: Arcade - 21-Nov-24
2025-05-06 20:06:40,245 - INFO - Found funding amount: 14000000
2025-05-06 20:06:40,274 - INFO - Extracted: Anomalo - 21-Nov-24
2025-05-06 20:06:40,274 - INFO - Found funding amount: 10000000
2025-05-06 20:06:40,303 - INFO - Extracted: Teleo - 21-Nov-24
2025-05-06 20:06:40,303 - INFO - Found funding amount: 7000000
2025-05-06 20:06:40,338 - INFO - Extracted: Wordware - 21-Nov-24
2025-05-06 20:06:40,338 - INFO - Found funding amount: 30000000
2025-05-06 20:06:40,367 - INFO - Extracted: Aira Technologies - 20-Nov-24
2025-05-06 20:06:40,367 - INFO - Found funding amount: 14500000
2025-05-06 20:06:40,396 - INFO - Extracted: Generate Capital - 20-Nov-24
2025-05-06 20:06:40,396 - INFO - Found funding amount: 1200000000
2025-05-06 20:06:40,425 - INFO - Extracted: Rox - 20-Nov-24
2025-05-06 20:06:40,425 - INFO - Found funding amount: 50000000
2025-05-06 20:06:40,454 - INFO - Extracted: Aethero - 20-Nov-24
2025-05-06 20:06:40,454 - INFO - Found funding amount: 0
2025-05-06 20:06:40,482 - INFO - Extracted: Federato - 20-Nov-24
2025-05-06 20:06:40,483 - INFO - Found funding amount: 40000000
2025-05-06 20:06:40,512 - INFO - Extracted: Distru - 20-Nov-24
2025-05-06 20:06:40,512 - INFO - Found funding amount: 6000000
2025-05-06 20:06:40,541 - INFO - Extracted: THEO AI - 20-Nov-24
2025-05-06 20:06:40,541 - INFO - Found funding amount: 2200000
2025-05-06 20:06:40,572 - INFO - Extracted: Shinami - 20-Nov-24
2025-05-06 20:06:40,572 - INFO - Found funding amount: 5650000
2025-05-06 20:06:40,603 - INFO - Extracted: PostSig - 20-Nov-24
2025-05-06 20:06:40,603 - INFO - Found funding amount: 1200000
2025-05-06 20:06:40,635 - INFO - Extracted: Flywheel Dynamix - 20-Nov-24
2025-05-06 20:06:40,635 - INFO - Found funding amount: 7000000
2025-05-06 20:06:40,669 - INFO - Extracted: New Lantern - 20-Nov-24
2025-05-06 20:06:40,669 - INFO - Found funding amount: 19000000
2025-05-06 20:06:40,669 - INFO - Successfully extracted 20 new companies from page 6
2025-05-06 20:06:40,669 - INFO - Attempting to navigate from page 6
2025-05-06 20:06:47,057 - INFO - JavaScript verification confirmed page changed
2025-05-06 20:06:47,718 - INFO - Extracting data from page 7
2025-05-06 20:06:48,110 - INFO - Trying standard table extraction
2025-05-06 20:06:48,142 - INFO - Found funding amount column at index 6
2025-05-06 20:06:48,146 - INFO - Found headquarters column at index 7
2025-05-06 20:06:48,154 - INFO - Found 22 potential data rows
2025-05-06 20:06:48,197 - INFO - Extracted: Certinia - 19-Nov-24
2025-05-06 20:06:48,197 - INFO - Found funding amount: 0
2025-05-06 20:06:48,227 - INFO - Extracted: Kong - 19-Nov-24
2025-05-06 20:06:48,227 - INFO - Found funding amount: 175000000
2025-05-06 20:06:48,259 - INFO - Extracted: Kintsugi AI - 19-Nov-24
2025-05-06 20:06:48,259 - INFO - Found funding amount: 4000000
2025-05-06 20:06:48,295 - INFO - Extracted: StoreCash - 19-Nov-24
2025-05-06 20:06:48,295 - INFO - Found funding amount: 3700000
2025-05-06 20:06:48,334 - INFO - Extracted: Spectro Cloud - 19-Nov-24
2025-05-06 20:06:48,334 - INFO - Found funding amount: 75000000
2025-05-06 20:06:48,365 - INFO - Extracted: BrightAI - 19-Nov-24
2025-05-06 20:06:48,365 - INFO - Found funding amount: 15000000
2025-05-06 20:06:48,396 - INFO - Extracted: Open Source Wellness - 19-Nov-24
2025-05-06 20:06:48,396 - INFO - Found funding amount: 0
2025-05-06 20:06:48,438 - INFO - Extracted: Neo4j - 19-Nov-24
2025-05-06 20:06:48,438 - INFO - Found funding amount: 50000000
2025-05-06 20:06:48,476 - INFO - Extracted: Rain AI - 19-Nov-24
2025-05-06 20:06:48,476 - INFO - Found funding amount: 150000000
2025-05-06 20:06:48,514 - INFO - Extracted: JustPaid - 19-Nov-24
2025-05-06 20:06:48,514 - INFO - Found funding amount: 3500000
2025-05-06 20:06:48,543 - INFO - Extracted: Cresta - 19-Nov-24
2025-05-06 20:06:48,543 - INFO - Found funding amount: 125000000
2025-05-06 20:06:48,574 - INFO - Extracted: Enfabrica - 19-Nov-24
2025-05-06 20:06:48,574 - INFO - Found funding amount: 115000000
2025-05-06 20:06:48,605 - INFO - Extracted: ANAFLASH - 19-Nov-24
2025-05-06 20:06:48,606 - INFO - Found funding amount: 0
2025-05-06 20:06:48,635 - INFO - Extracted: Open Philanthropy - 18-Nov-24
2025-05-06 20:06:48,635 - INFO - Found funding amount: 0
2025-05-06 20:06:48,666 - INFO - Extracted: California University of Science and Medicine - 18-Nov-24
2025-05-06 20:06:48,666 - INFO - Found funding amount: 0
2025-05-06 20:06:48,703 - INFO - Extracted: Zenflow - 18-Nov-24
2025-05-06 20:06:48,703 - INFO - Found funding amount: 24000000
2025-05-06 20:06:48,736 - INFO - Extracted: Radiant - 14-Nov-24
2025-05-06 20:06:48,736 - INFO - Found funding amount: 100000000
2025-05-06 20:06:48,767 - INFO - Extracted: Athina AI - 14-Nov-24
2025-05-06 20:06:48,767 - INFO - Found funding amount: 250000000
2025-05-06 20:06:48,798 - INFO - Extracted: Team-GPT - 14-Nov-24
2025-05-06 20:06:48,799 - INFO - Found funding amount: 4500000
2025-05-06 20:06:48,833 - INFO - Extracted: Falkonry - 14-Nov-24
2025-05-06 20:06:48,833 - INFO - Found funding amount: 3387133
2025-05-06 20:06:48,833 - INFO - Successfully extracted 20 new companies from page 7
2025-05-06 20:06:48,833 - INFO - Attempting to navigate from page 7
2025-05-06 20:06:55,281 - INFO - JavaScript verification confirmed page changed
2025-05-06 20:06:56,438 - INFO - Extracting data from page 8
2025-05-06 20:06:57,115 - INFO - Trying standard table extraction
2025-05-06 20:06:57,185 - INFO - Found funding amount column at index 6
2025-05-06 20:06:57,189 - INFO - Found headquarters column at index 7
2025-05-06 20:06:57,198 - INFO - Found 22 potential data rows
2025-05-06 20:06:57,250 - INFO - Extracted: Leland - 13-Nov-24
2025-05-06 20:06:57,250 - INFO - Found funding amount: 12000000
2025-05-06 20:06:57,286 - INFO - Extracted: TRex Bio - 13-Nov-24
2025-05-06 20:06:57,286 - INFO - Found funding amount: 84000000
2025-05-06 20:06:57,322 - INFO - Extracted: Medeloop - 13-Nov-24
2025-05-06 20:06:57,322 - INFO - Found funding amount: 15500000
2025-05-06 20:06:57,356 - INFO - Extracted: OneSkin - 13-Nov-24
2025-05-06 20:06:57,356 - INFO - Found funding amount: 6999929
2025-05-06 20:06:57,395 - INFO - Extracted: The WiTT Group - 13-Nov-24
2025-05-06 20:06:57,395 - INFO - Found funding amount: 0
2025-05-06 20:06:57,431 - INFO - Extracted: Riot - 13-Nov-24
2025-05-06 20:06:57,431 - INFO - Found funding amount: 27597597
2025-05-06 20:06:57,465 - INFO - Extracted: Writer - 12-Nov-24
2025-05-06 20:06:57,465 - INFO - Found funding amount: 200000000
2025-05-06 20:06:57,498 - INFO - Extracted: Trace Neuroscience - 12-Nov-24
2025-05-06 20:06:57,498 - INFO - Found funding amount: 101000000
2025-05-06 20:06:57,532 - INFO - Extracted: Fastino - 12-Nov-24
2025-05-06 20:06:57,532 - INFO - Found funding amount: 7000000
2025-05-06 20:06:57,565 - INFO - Extracted: Shiru - 12-Nov-24
2025-05-06 20:06:57,565 - INFO - Found funding amount: 16000000
2025-05-06 20:06:57,605 - INFO - Extracted: Outbuild - 12-Nov-24
2025-05-06 20:06:57,605 - INFO - Found funding amount: 11000000
2025-05-06 20:06:57,640 - INFO - Extracted: Anthrogen - 12-Nov-24
2025-05-06 20:06:57,640 - INFO - Found funding amount: 4000000
2025-05-06 20:06:57,675 - INFO - Extracted: Connecty AI - 11-Nov-24
2025-05-06 20:06:57,675 - INFO - Found funding amount: 1800000
2025-05-06 20:06:57,706 - INFO - Extracted: AirGarage - 8-Nov-24
2025-05-06 20:06:57,706 - INFO - Found funding amount: 11428497
2025-05-06 20:06:57,737 - INFO - Extracted: Fractional - 7-Nov-24
2025-05-06 20:06:57,737 - INFO - Found funding amount: 15000000
2025-05-06 20:06:57,767 - INFO - Extracted: Orbital Sidekick - 7-Nov-24
2025-05-06 20:06:57,767 - INFO - Found funding amount: 8626740
2025-05-06 20:06:57,798 - INFO - Extracted: Corgea - 6-Nov-24
2025-05-06 20:06:57,798 - INFO - Found funding amount: 2600000
2025-05-06 20:06:57,830 - INFO - Extracted: OptraScan - 6-Nov-24
2025-05-06 20:06:57,830 - INFO - Found funding amount: 30000000
2025-05-06 20:06:57,862 - INFO - Extracted: Workhelix - 5-Nov-24
2025-05-06 20:06:57,862 - INFO - Found funding amount: 15324979
2025-05-06 20:06:57,952 - INFO - Extracted: PrognomiQ - 5-Nov-24
2025-05-06 20:06:57,952 - INFO - Found funding amount: 34000000
2025-05-06 20:06:57,952 - INFO - Successfully extracted 20 new companies from page 8
2025-05-06 20:06:57,952 - INFO - Attempting to navigate from page 8
2025-05-06 20:07:03,868 - INFO - JavaScript verification confirmed page changed
2025-05-06 20:07:04,589 - INFO - Extracting data from page 9
2025-05-06 20:07:05,433 - INFO - Trying standard table extraction
2025-05-06 20:07:05,470 - INFO - Found funding amount column at index 6
2025-05-06 20:07:05,474 - INFO - Found headquarters column at index 7
2025-05-06 20:07:05,481 - INFO - Found 22 potential data rows
2025-05-06 20:07:05,529 - INFO - Extracted: Carvis.AI - 4-Nov-24
2025-05-06 20:07:05,530 - INFO - Found funding amount: 1200000
2025-05-06 20:07:05,567 - INFO - Extracted: Inquis Medical - 4-Nov-24
2025-05-06 20:07:05,567 - INFO - Found funding amount: 40000000
2025-05-06 20:07:05,613 - INFO - Extracted: Augment Code - 4-Nov-24
2025-05-06 20:07:05,613 - INFO - Found funding amount: 227000000
2025-05-06 20:07:05,651 - INFO - Extracted: Primergy Solar - 4-Nov-24
2025-05-06 20:07:05,651 - INFO - Found funding amount: 225000000
2025-05-06 20:07:05,682 - INFO - Extracted: Advex AI - 4-Nov-24
2025-05-06 20:07:05,682 - INFO - Found funding amount: 3500000
2025-05-06 20:07:05,713 - INFO - Extracted: The Nursing Beat - 4-Nov-24
2025-05-06 20:07:05,713 - INFO - Found funding amount: 0
2025-05-06 20:07:05,744 - INFO - Extracted: Cornerstone AI - 31-Oct-24
2025-05-06 20:07:05,744 - INFO - Found funding amount: 5000000
2025-05-06 20:07:05,779 - INFO - Extracted: Spot AI - 31-Oct-24
2025-05-06 20:07:05,779 - INFO - Found funding amount: 31000000
2025-05-06 20:07:05,810 - INFO - Extracted: Buddy.ai - 31-Oct-24
2025-05-06 20:07:05,810 - INFO - Found funding amount: 10200000
2025-05-06 20:07:05,840 - INFO - Extracted: Evommune - 31-Oct-24
2025-05-06 20:07:05,840 - INFO - Found funding amount: 115000000
2025-05-06 20:07:05,884 - INFO - Extracted: Bugcrowd - 31-Oct-24
2025-05-06 20:07:05,884 - INFO - Found funding amount: 50000000
2025-05-06 20:07:05,914 - INFO - Extracted: Decart - 31-Oct-24
2025-05-06 20:07:05,914 - INFO - Found funding amount: 21000000
2025-05-06 20:07:05,943 - INFO - Extracted: Birch Creek Development - 31-Oct-24
2025-05-06 20:07:05,943 - INFO - Found funding amount: 150000000
2025-05-06 20:07:05,973 - INFO - Extracted: Shadowbox - 31-Oct-24
2025-05-06 20:07:05,973 - INFO - Found funding amount: 2000000
2025-05-06 20:07:06,003 - INFO - Extracted: Delos Insurance - 31-Oct-24
2025-05-06 20:07:06,003 - INFO - Found funding amount: 9000000
2025-05-06 20:07:06,037 - INFO - Extracted: Bifrost AI - 30-Oct-24
2025-05-06 20:07:06,037 - INFO - Found funding amount: 8000000
2025-05-06 20:07:06,068 - INFO - Extracted: Third Wave Automation - 30-Oct-24
2025-05-06 20:07:06,068 - INFO - Found funding amount: 27000000
2025-05-06 20:07:06,102 - INFO - Extracted: Sapien - 29-Oct-24
2025-05-06 20:07:06,102 - INFO - Found funding amount: 8700000
2025-05-06 20:07:06,132 - INFO - Extracted: HomeBoost - 29-Oct-24
2025-05-06 20:07:06,133 - INFO - Found funding amount: 4000000
2025-05-06 20:07:06,164 - INFO - Extracted: LifeSaver Mobile - 29-Oct-24
2025-05-06 20:07:06,164 - INFO - Found funding amount: 0
2025-05-06 20:07:06,164 - INFO - Successfully extracted 20 new companies from page 9
2025-05-06 20:07:06,164 - INFO - Attempting to navigate from page 9
2025-05-06 20:07:11,465 - INFO - Setting up scheduled extraction (every 24 hours)
2025-05-06 20:07:11,465 - INFO - Starting extraction process
2025-05-06 20:07:11,465 - INFO - Setting up Chrome WebDriver...
2025-05-06 20:07:11,465 - INFO - ====== WebDriver manager ======
2025-05-06 20:07:11,559 - INFO - Get LATEST chromedriver version for google-chrome
2025-05-06 20:07:11,602 - INFO - Get LATEST chromedriver version for google-chrome
2025-05-06 20:07:11,644 - INFO - Driver [/Users/hk/.wdm/drivers/chromedriver/mac64/135.0.7049.114/chromedriver-mac-arm64/chromedriver] found in cache
2025-05-06 20:07:12,690 - INFO - WebDriver setup completed successfully
2025-05-06 20:07:12,690 - INFO - Navigating to https://fundraiseinsider.com/blog/recently-funded-startups-san-francisco/#showform-238066
2025-05-06 20:07:29,758 - INFO - Performing efficient scrolling...
2025-05-06 20:07:33,325 - INFO - Scrolling completed
2025-05-06 20:07:33,342 - INFO - Found overlay using selector: //div[contains(@class, 'conv-wrap')]
2025-05-06 20:07:33,353 - INFO - No close button found, removing overlay with JavaScript
2025-05-06 20:07:33,731 - INFO - Found overlay using selector: //div[contains(@class, 'overlay')]
2025-05-06 20:07:33,737 - INFO - No close button found, removing overlay with JavaScript
2025-05-06 20:07:34,938 - INFO - Extracting data from page 1
2025-05-06 20:07:35,420 - INFO - Trying standard table extraction
2025-05-06 20:07:35,494 - INFO - Found funding amount column at index 6
2025-05-06 20:07:35,499 - INFO - Found headquarters column at index 7
2025-05-06 20:07:35,512 - INFO - Found 22 potential data rows
2025-05-06 20:07:35,562 - INFO - Extracted: Rembrand - 2-Jan-25
2025-05-06 20:07:35,562 - INFO - Found funding amount: 23000000
2025-05-06 20:07:35,596 - INFO - Extracted: Wurthy - 30-Dec-24
2025-05-06 20:07:35,596 - INFO - Found funding amount: 0
2025-05-06 20:07:35,631 - INFO - Extracted: Frontier Bio - 25-Dec-24
2025-05-06 20:07:35,631 - INFO - Found funding amount: 1300000
2025-05-06 20:07:35,665 - INFO - Extracted: Courtyard - 23-Dec-24
2025-05-06 20:07:35,665 - INFO - Found funding amount: 4500000
2025-05-06 20:07:35,696 - INFO - Extracted: Pasadena Private Lending - 19-Dec-24
2025-05-06 20:07:35,696 - INFO - Found funding amount: 50000000
2025-05-06 20:07:35,734 - INFO - Extracted: Tenor - 19-Dec-24
2025-05-06 20:07:35,735 - INFO - Found funding amount: 5400000
2025-05-06 20:07:35,766 - INFO - Extracted: Earli - 19-Dec-24
2025-05-06 20:07:35,766 - INFO - Found funding amount: 60000000
2025-05-06 20:07:35,800 - INFO - Extracted: Child Family Health International - 19-Dec-24
2025-05-06 20:07:35,800 - INFO - Found funding amount: 7500
2025-05-06 20:07:35,830 - INFO - Extracted: SandboxAQ - 18-Dec-24
2025-05-06 20:07:35,831 - INFO - Found funding amount: 300000000
2025-05-06 20:07:35,863 - INFO - Extracted: Plume Network - 18-Dec-24
2025-05-06 20:07:35,863 - INFO - Found funding amount: 20000000
2025-05-06 20:07:35,893 - INFO - Extracted: Hamming AI - 18-Dec-24
2025-05-06 20:07:35,893 - INFO - Found funding amount: 3800000
2025-05-06 20:07:35,925 - INFO - Extracted: CourtScribes - 18-Dec-24
2025-05-06 20:07:35,925 - INFO - Found funding amount: 512474
2025-05-06 20:07:35,956 - INFO - Extracted: Perplexity - 18-Dec-24
2025-05-06 20:07:35,956 - INFO - Found funding amount: 500000000
2025-05-06 20:07:35,989 - INFO - Extracted: Lyten - 18-Dec-24
2025-05-06 20:07:35,989 - INFO - Found funding amount: 650000000
2025-05-06 20:07:36,020 - INFO - Extracted: Fairbanc - 18-Dec-24
2025-05-06 20:07:36,020 - INFO - Found funding amount: 50000000000
2025-05-06 20:07:36,054 - INFO - Extracted: Mojave Energy Systems - 18-Dec-24
2025-05-06 20:07:36,054 - INFO - Found funding amount: 9500000
2025-05-06 20:07:36,086 - INFO - Extracted: Fraction AI - 18-Dec-24
2025-05-06 20:07:36,087 - INFO - Found funding amount: 6000000
2025-05-06 20:07:36,118 - INFO - Extracted: Schwarm Technologies Inc. - 17-Dec-24
2025-05-06 20:07:36,118 - INFO - Found funding amount: 3027055
2025-05-06 20:07:36,150 - INFO - Extracted: Landbase - 17-Dec-24
2025-05-06 20:07:36,150 - INFO - Found funding amount: 12500000
2025-05-06 20:07:36,182 - INFO - Extracted: Acre - 17-Dec-24
2025-05-06 20:07:36,182 - INFO - Found funding amount: 10000000
2025-05-06 20:07:36,182 - INFO - Successfully extracted 20 new companies from page 1
2025-05-06 20:07:36,182 - INFO - Attempting to navigate from page 1
2025-05-06 20:07:42,688 - INFO - JavaScript verification confirmed page changed
2025-05-06 20:07:43,039 - INFO - Extracting data from page 2
2025-05-06 20:07:44,099 - INFO - Trying standard table extraction
2025-05-06 20:07:44,166 - INFO - Found funding amount column at index 6
2025-05-06 20:07:44,170 - INFO - Found headquarters column at index 7
2025-05-06 20:07:44,180 - INFO - Found 22 potential data rows
2025-05-06 20:07:44,226 - INFO - Extracted: Finexio - 17-Dec-24
2025-05-06 20:07:44,226 - INFO - Found funding amount: 10000000
2025-05-06 20:07:44,263 - INFO - Extracted: Anatomy Financial - 17-Dec-24
2025-05-06 20:07:44,263 - INFO - Found funding amount: 19000000
2025-05-06 20:07:44,297 - INFO - Extracted: Serverfarm - 17-Dec-24
2025-05-06 20:07:44,297 - INFO - Found funding amount: 1637000000
2025-05-06 20:07:44,329 - INFO - Extracted: Flair - 17-Dec-24
2025-05-06 20:07:44,329 - INFO - Found funding amount: 0
2025-05-06 20:07:44,360 - INFO - Extracted: Leapfin - 17-Dec-24
2025-05-06 20:07:44,360 - INFO - Found funding amount: 1000000
2025-05-06 20:07:44,392 - INFO - Extracted: Parafin - 17-Dec-24
2025-05-06 20:07:44,392 - INFO - Found funding amount: 100000000
2025-05-06 20:07:44,423 - INFO - Extracted: Indapta Therapeutics - 17-Dec-24
2025-05-06 20:07:44,424 - INFO - Found funding amount: 22500000
2025-05-06 20:07:44,463 - INFO - Extracted: Xcell Biosciences - 17-Dec-24
2025-05-06 20:07:44,463 - INFO - Found funding amount: 1400000
2025-05-06 20:07:44,513 - INFO - Extracted: Jiko - 12-Dec-24
2025-05-06 20:07:44,514 - INFO - Found funding amount: 29000000
2025-05-06 20:07:44,546 - INFO - Extracted: One - 12-Dec-24
2025-05-06 20:07:44,546 - INFO - Found funding amount: 300000000
2025-05-06 20:07:44,579 - INFO - Extracted: Evinced - 12-Dec-24
2025-05-06 20:07:44,579 - INFO - Found funding amount: 55000000
2025-05-06 20:07:44,621 - INFO - Extracted: Twelve Labs - 12-Dec-24
2025-05-06 20:07:44,621 - INFO - Found funding amount: 30000000
2025-05-06 20:07:44,655 - INFO - Extracted: Terradot - 12-Dec-24
2025-05-06 20:07:44,655 - INFO - Found funding amount: 54000000
2025-05-06 20:07:44,684 - INFO - Extracted: Cartesia - 12-Dec-24
2025-05-06 20:07:44,685 - INFO - Found funding amount: 22000000
2025-05-06 20:07:44,716 - INFO - Extracted: Vantis Vascular - 12-Dec-24
2025-05-06 20:07:44,716 - INFO - Found funding amount: 10000000
2025-05-06 20:07:44,749 - INFO - Extracted: Alessa Therapeutics - 12-Dec-24
2025-05-06 20:07:44,749 - INFO - Found funding amount: 15000000
2025-05-06 20:07:44,782 - INFO - Extracted: Gigs - 12-Dec-24
2025-05-06 20:07:44,782 - INFO - Found funding amount: 73000000
2025-05-06 20:07:44,817 - INFO - Extracted: Immi - 12-Dec-24
2025-05-06 20:07:44,817 - INFO - Found funding amount: 3000000
2025-05-06 20:07:44,855 - INFO - Extracted: Albert Invent - 11-Dec-24
2025-05-06 20:07:44,855 - INFO - Found funding amount: 22500000
2025-05-06 20:07:44,887 - INFO - Extracted: Strategic Venue Partners - 11-Dec-24
2025-05-06 20:07:44,887 - INFO - Found funding amount: 0
2025-05-06 20:07:44,887 - INFO - Successfully extracted 20 new companies from page 2
2025-05-06 20:07:44,887 - INFO - Attempting to navigate from page 2
2025-05-06 20:07:51,121 - INFO - JavaScript verification confirmed page changed
2025-05-06 20:07:52,246 - INFO - Extracting data from page 3
2025-05-06 20:07:53,136 - INFO - Trying standard table extraction
2025-05-06 20:07:53,209 - INFO - Found funding amount column at index 6
2025-05-06 20:07:53,214 - INFO - Found headquarters column at index 7
2025-05-06 20:07:53,223 - INFO - Found 22 potential data rows
2025-05-06 20:07:53,268 - INFO - Extracted: Parsec Education - 11-Dec-24
2025-05-06 20:07:53,268 - INFO - Found funding amount: 8000000
2025-05-06 20:07:53,309 - INFO - Extracted: Saltmine - 11-Dec-24
2025-05-06 20:07:53,309 - INFO - Found funding amount: 0
2025-05-06 20:07:53,340 - INFO - Extracted: NeuBird - 11-Dec-24
2025-05-06 20:07:53,340 - INFO - Found funding amount: 22500000
2025-05-06 20:07:53,370 - INFO - Extracted: Aimon Labs - 11-Dec-24
2025-05-06 20:07:53,370 - INFO - Found funding amount: 2300000
2025-05-06 20:07:53,401 - INFO - Extracted: Ayar Labs - 11-Dec-24
2025-05-06 20:07:53,402 - INFO - Found funding amount: 155000000
2025-05-06 20:07:53,431 - INFO - Extracted: Vapi - 11-Dec-24
2025-05-06 20:07:53,431 - INFO - Found funding amount: 20000000
2025-05-06 20:07:53,462 - INFO - Extracted: EzDubs - 11-Dec-24
2025-05-06 20:07:53,462 - INFO - Found funding amount: 4200000
2025-05-06 20:07:53,492 - INFO - Extracted: Capstan Medical - 11-Dec-24
2025-05-06 20:07:53,492 - INFO - Found funding amount: 110000000
2025-05-06 20:07:53,523 - INFO - Extracted: Reveal Technology - 11-Dec-24
2025-05-06 20:07:53,523 - INFO - Found funding amount: 11200000
2025-05-06 20:07:53,554 - INFO - Extracted: Tosi - 11-Dec-24
2025-05-06 20:07:53,554 - INFO - Found funding amount: 15805308
2025-05-06 20:07:53,590 - INFO - Extracted: Azimuth AI - 11-Dec-24
2025-05-06 20:07:53,590 - INFO - Found funding amount: 11500000
2025-05-06 20:07:53,620 - INFO - Extracted: Cohesity - 10-Dec-24
2025-05-06 20:07:53,620 - INFO - Found funding amount: 0
2025-05-06 20:07:53,652 - INFO - Extracted: Speak - 10-Dec-24
2025-05-06 20:07:53,652 - INFO - Found funding amount: 78000000
2025-05-06 20:07:53,682 - INFO - Extracted: Mainframe - 10-Dec-24
2025-05-06 20:07:53,682 - INFO - Found funding amount: 5500000
2025-05-06 20:07:53,712 - INFO - Extracted: Gyaan - 10-Dec-24
2025-05-06 20:07:53,712 - INFO - Found funding amount: 5000000
2025-05-06 20:07:53,742 - INFO - Extracted: WeaveGrid - 10-Dec-24
2025-05-06 20:07:53,742 - INFO - Found funding amount: 28000000
2025-05-06 20:07:53,772 - INFO - Extracted: WindBorne Systems - 10-Dec-24
2025-05-06 20:07:53,773 - INFO - Found funding amount: 5000000
2025-05-06 20:07:53,803 - INFO - Extracted: Exabits AI - 10-Dec-24
2025-05-06 20:07:53,803 - INFO - Found funding amount: 15000000
2025-05-06 20:07:53,834 - INFO - Extracted: Gentrace - 10-Dec-24
2025-05-06 20:07:53,834 - INFO - Found funding amount: 8000000
2025-05-06 20:07:53,864 - INFO - Extracted: LambdaTest - 10-Dec-24
2025-05-06 20:07:53,865 - INFO - Found funding amount: 38000000
2025-05-06 20:07:53,865 - INFO - Successfully extracted 20 new companies from page 3
2025-05-06 20:07:53,865 - INFO - Attempting to navigate from page 3
2025-05-06 20:08:00,096 - INFO - JavaScript verification confirmed page changed
2025-05-06 20:08:01,176 - INFO - Extracting data from page 4
2025-05-06 20:08:02,182 - INFO - Trying standard table extraction
2025-05-06 20:08:02,251 - INFO - Found funding amount column at index 6
2025-05-06 20:08:02,256 - INFO - Found headquarters column at index 7
2025-05-06 20:08:02,266 - INFO - Found 22 potential data rows
2025-05-06 20:08:02,325 - INFO - Extracted: Aarvik Therapeutics - 10-Dec-24
2025-05-06 20:08:02,325 - INFO - Found funding amount: 1165000
2025-05-06 20:08:02,355 - INFO - Extracted: WaveForms AI - 10-Dec-24
2025-05-06 20:08:02,355 - INFO - Found funding amount: 40000000
2025-05-06 20:08:02,387 - INFO - Extracted: Wald.ai - 10-Dec-24
2025-05-06 20:08:02,387 - INFO - Found funding amount: 4000000
2025-05-06 20:08:02,418 - INFO - Extracted: Wildflower Health - 10-Dec-24
2025-05-06 20:08:02,418 - INFO - Found funding amount: 17939793
2025-05-06 20:08:02,451 - INFO - Extracted: Aampe - 10-Dec-24
2025-05-06 20:08:02,451 - INFO - Found funding amount: 18000000
2025-05-06 20:08:02,481 - INFO - Extracted: Cala Health - 9-Dec-24
2025-05-06 20:08:02,482 - INFO - Found funding amount: 50000000
2025-05-06 20:08:02,512 - INFO - Extracted: Sofar Ocean - 9-Dec-24
2025-05-06 20:08:02,512 - INFO - Found funding amount: 18250002
2025-05-06 20:08:02,546 - INFO - Extracted: Friend - 9-Dec-24
2025-05-06 20:08:02,546 - INFO - Found funding amount: 5400000
2025-05-06 20:08:02,576 - INFO - Extracted: Lava - 9-Dec-24
2025-05-06 20:08:02,576 - INFO - Found funding amount: 10000000
2025-05-06 20:08:02,605 - INFO - Extracted: MiSalud - 9-Dec-24
2025-05-06 20:08:02,605 - INFO - Found funding amount: 8000000
2025-05-06 20:08:02,636 - INFO - Extracted: Lucra Sports - 5-Dec-24
2025-05-06 20:08:02,636 - INFO - Found funding amount: 10000000
2025-05-06 20:08:02,668 - INFO - Extracted: Across AI - 5-Dec-24
2025-05-06 20:08:02,669 - INFO - Found funding amount: 5750000
2025-05-06 20:08:02,699 - INFO - Extracted: BITKRAFT Ventures - 5-Dec-24
2025-05-06 20:08:02,699 - INFO - Found funding amount: 0
2025-05-06 20:08:02,729 - INFO - Extracted: Nuvig Therapeutics - 5-Dec-24
2025-05-06 20:08:02,729 - INFO - Found funding amount: 161000000
2025-05-06 20:08:02,760 - INFO - Extracted: FutureSearch - 5-Dec-24
2025-05-06 20:08:02,760 - INFO - Found funding amount: 5794991
2025-05-06 20:08:02,793 - INFO - Extracted: Solana - 5-Dec-24
2025-05-06 20:08:02,793 - INFO - Found funding amount: 1500000
2025-05-06 20:08:02,832 - INFO - Extracted: Rubi Laboratories - 5-Dec-24
2025-05-06 20:08:02,832 - INFO - Found funding amount: 969961
2025-05-06 20:08:02,862 - INFO - Extracted: East Oakland Youth Development Center - 5-Dec-24
2025-05-06 20:08:02,862 - INFO - Found funding amount: 0
2025-05-06 20:08:02,892 - INFO - Extracted: Axiado Corporation - 4-Dec-24
2025-05-06 20:08:02,892 - INFO - Found funding amount: 60000000
2025-05-06 20:08:02,922 - INFO - Extracted: Enterpret - 4-Dec-24
2025-05-06 20:08:02,922 - INFO - Found funding amount: 20800000
2025-05-06 20:08:02,922 - INFO - Successfully extracted 20 new companies from page 4
2025-05-06 20:08:02,922 - INFO - Attempting to navigate from page 4
2025-05-06 20:08:08,976 - INFO - JavaScript verification confirmed page changed
2025-05-06 20:08:09,748 - INFO - Extracting data from page 5
2025-05-06 20:08:10,253 - INFO - Trying standard table extraction
2025-05-06 20:08:10,301 - INFO - Found funding amount column at index 6
2025-05-06 20:08:10,305 - INFO - Found headquarters column at index 7
2025-05-06 20:08:10,314 - INFO - Found 22 potential data rows
2025-05-06 20:08:10,359 - INFO - Extracted: HappyRobot - 4-Dec-24
2025-05-06 20:08:10,359 - INFO - Found funding amount: 15600000
2025-05-06 20:08:10,392 - INFO - Extracted: Offcall - 4-Dec-24
2025-05-06 20:08:10,392 - INFO - Found funding amount: 2000000
2025-05-06 20:08:10,434 - INFO - Extracted: Etestho - 4-Dec-24
2025-05-06 20:08:10,434 - INFO - Found funding amount: 0
2025-05-06 20:08:10,473 - INFO - Extracted: Antheia - 3-Dec-24
2025-05-06 20:08:10,473 - INFO - Found funding amount: 12000000
2025-05-06 20:08:10,504 - INFO - Extracted: Aerospike - 3-Dec-24
2025-05-06 20:08:10,504 - INFO - Found funding amount: 109000000
2025-05-06 20:08:10,545 - INFO - Extracted: Yurts Technologies Inc - 3-Dec-24
2025-05-06 20:08:10,545 - INFO - Found funding amount: 40000000
2025-05-06 20:08:10,583 - INFO - Extracted: The Tech Interactive - 3-Dec-24
2025-05-06 20:08:10,583 - INFO - Found funding amount: 0
2025-05-06 20:08:10,639 - INFO - Extracted: Maze Therapeutics - 3-Dec-24
2025-05-06 20:08:10,639 - INFO - Found funding amount: 115000000
2025-05-06 20:08:10,674 - INFO - Extracted: MakersHub - 3-Dec-24
2025-05-06 20:08:10,674 - INFO - Found funding amount: 7000000
2025-05-06 20:08:10,704 - INFO - Extracted: Vooma - 2-Dec-24
2025-05-06 20:08:10,705 - INFO - Found funding amount: 13000000
2025-05-06 20:08:10,735 - INFO - Extracted: Lumin Digital - 2-Dec-24
2025-05-06 20:08:10,735 - INFO - Found funding amount: 160000000
2025-05-06 20:08:10,765 - INFO - Extracted: Upwind Security - 2-Dec-24
2025-05-06 20:08:10,765 - INFO - Found funding amount: 100000000
2025-05-06 20:08:10,797 - INFO - Extracted: CSpeed - 2-Dec-24
2025-05-06 20:08:10,797 - INFO - Found funding amount: 28349982
2025-05-06 20:08:10,827 - INFO - Extracted: Cardless - 26-Nov-24
2025-05-06 20:08:10,828 - INFO - Found funding amount: 30000000
2025-05-06 20:08:10,857 - INFO - Extracted: Sirona Medical - 26-Nov-24
2025-05-06 20:08:10,857 - INFO - Found funding amount: 42000000
2025-05-06 20:08:10,887 - INFO - Extracted: Wherobots Inc. - 26-Nov-24
2025-05-06 20:08:10,887 - INFO - Found funding amount: 21500000
2025-05-06 20:08:10,920 - INFO - Extracted: Circleback - 26-Nov-24
2025-05-06 20:08:10,920 - INFO - Found funding amount: 2500000
2025-05-06 20:08:10,950 - INFO - Extracted: Mindstate Design Labs - 26-Nov-24
2025-05-06 20:08:10,950 - INFO - Found funding amount: 12698587
2025-05-06 20:08:10,998 - INFO - Extracted: Femtosense - 26-Nov-24
2025-05-06 20:08:10,998 - INFO - Found funding amount: 4258347
2025-05-06 20:08:11,034 - INFO - Extracted: Play.ht - 25-Nov-24
2025-05-06 20:08:11,034 - INFO - Found funding amount: 21000000
2025-05-06 20:08:11,034 - INFO - Successfully extracted 20 new companies from page 5
2025-05-06 20:08:11,034 - INFO - Attempting to navigate from page 5
2025-05-06 20:08:17,077 - INFO - JavaScript verification confirmed page changed
2025-05-06 20:08:17,784 - INFO - Extracting data from page 6
2025-05-06 20:08:18,719 - INFO - Trying standard table extraction
2025-05-06 20:08:18,771 - INFO - Found funding amount column at index 6
2025-05-06 20:08:18,776 - INFO - Found headquarters column at index 7
2025-05-06 20:08:18,784 - INFO - Found 22 potential data rows
2025-05-06 20:08:18,828 - INFO - Extracted: Tempest DX - 25-Nov-24
2025-05-06 20:08:18,829 - INFO - Found funding amount: 3200000
2025-05-06 20:08:18,858 - INFO - Extracted: Trustero - 21-Nov-24
2025-05-06 20:08:18,858 - INFO - Found funding amount: 10350000
2025-05-06 20:08:18,895 - INFO - Extracted: Epic Cleantec - 21-Nov-24
2025-05-06 20:08:18,895 - INFO - Found funding amount: 12000000
2025-05-06 20:08:18,936 - INFO - Extracted: VISO TRUST - 21-Nov-24
2025-05-06 20:08:18,936 - INFO - Found funding amount: 7000000
2025-05-06 20:08:18,967 - INFO - Extracted: Aviz Networks - 21-Nov-24
2025-05-06 20:08:18,967 - INFO - Found funding amount: 17000000
2025-05-06 20:08:19,002 - INFO - Extracted: Arcade - 21-Nov-24
2025-05-06 20:08:19,002 - INFO - Found funding amount: 14000000
2025-05-06 20:08:19,033 - INFO - Extracted: Anomalo - 21-Nov-24
2025-05-06 20:08:19,033 - INFO - Found funding amount: 10000000
2025-05-06 20:08:19,066 - INFO - Extracted: Teleo - 21-Nov-24
2025-05-06 20:08:19,066 - INFO - Found funding amount: 7000000
2025-05-06 20:08:19,099 - INFO - Extracted: Wordware - 21-Nov-24
2025-05-06 20:08:19,099 - INFO - Found funding amount: 30000000
2025-05-06 20:08:19,129 - INFO - Extracted: Aira Technologies - 20-Nov-24
2025-05-06 20:08:19,129 - INFO - Found funding amount: 14500000
2025-05-06 20:08:19,162 - INFO - Extracted: Generate Capital - 20-Nov-24
2025-05-06 20:08:19,162 - INFO - Found funding amount: 1200000000
2025-05-06 20:08:19,199 - INFO - Extracted: Rox - 20-Nov-24
2025-05-06 20:08:19,199 - INFO - Found funding amount: 50000000
2025-05-06 20:08:19,230 - INFO - Extracted: Aethero - 20-Nov-24
2025-05-06 20:08:19,230 - INFO - Found funding amount: 0
2025-05-06 20:08:19,260 - INFO - Extracted: Federato - 20-Nov-24
2025-05-06 20:08:19,260 - INFO - Found funding amount: 40000000
2025-05-06 20:08:19,291 - INFO - Extracted: Distru - 20-Nov-24
2025-05-06 20:08:19,291 - INFO - Found funding amount: 6000000
2025-05-06 20:08:19,321 - INFO - Extracted: THEO AI - 20-Nov-24
2025-05-06 20:08:19,321 - INFO - Found funding amount: 2200000
2025-05-06 20:08:19,352 - INFO - Extracted: Shinami - 20-Nov-24
2025-05-06 20:08:19,353 - INFO - Found funding amount: 5650000
2025-05-06 20:08:19,386 - INFO - Extracted: PostSig - 20-Nov-24
2025-05-06 20:08:19,387 - INFO - Found funding amount: 1200000
2025-05-06 20:08:19,417 - INFO - Extracted: Flywheel Dynamix - 20-Nov-24
2025-05-06 20:08:19,417 - INFO - Found funding amount: 7000000
2025-05-06 20:08:19,447 - INFO - Extracted: New Lantern - 20-Nov-24
2025-05-06 20:08:19,448 - INFO - Found funding amount: 19000000
2025-05-06 20:08:19,448 - INFO - Successfully extracted 20 new companies from page 6
2025-05-06 20:08:19,448 - INFO - Attempting to navigate from page 6
2025-05-06 20:08:25,389 - INFO - JavaScript verification confirmed page changed
2025-05-06 20:08:26,216 - INFO - Extracting data from page 7
2025-05-06 20:08:27,441 - INFO - Trying standard table extraction
2025-05-06 20:08:27,510 - INFO - Found funding amount column at index 6
2025-05-06 20:08:27,514 - INFO - Found headquarters column at index 7
2025-05-06 20:08:27,523 - INFO - Found 22 potential data rows
2025-05-06 20:08:27,570 - INFO - Extracted: Certinia - 19-Nov-24
2025-05-06 20:08:27,570 - INFO - Found funding amount: 0
2025-05-06 20:08:27,602 - INFO - Extracted: Kong - 19-Nov-24
2025-05-06 20:08:27,602 - INFO - Found funding amount: 175000000
2025-05-06 20:08:27,638 - INFO - Extracted: Kintsugi AI - 19-Nov-24
2025-05-06 20:08:27,638 - INFO - Found funding amount: 4000000
2025-05-06 20:08:27,715 - INFO - Extracted: StoreCash - 19-Nov-24
2025-05-06 20:08:27,715 - INFO - Found funding amount: 3700000
2025-05-06 20:08:27,744 - INFO - Extracted: Spectro Cloud - 19-Nov-24
2025-05-06 20:08:27,744 - INFO - Found funding amount: 75000000
2025-05-06 20:08:27,783 - INFO - Extracted: BrightAI - 19-Nov-24
2025-05-06 20:08:27,783 - INFO - Found funding amount: 15000000
2025-05-06 20:08:27,813 - INFO - Extracted: Open Source Wellness - 19-Nov-24
2025-05-06 20:08:27,813 - INFO - Found funding amount: 0
2025-05-06 20:08:27,843 - INFO - Extracted: Neo4j - 19-Nov-24
2025-05-06 20:08:27,843 - INFO - Found funding amount: 50000000
2025-05-06 20:08:27,873 - INFO - Extracted: Rain AI - 19-Nov-24
2025-05-06 20:08:27,873 - INFO - Found funding amount: 150000000
2025-05-06 20:08:27,903 - INFO - Extracted: JustPaid - 19-Nov-24
2025-05-06 20:08:27,903 - INFO - Found funding amount: 3500000
2025-05-06 20:08:27,937 - INFO - Extracted: Cresta - 19-Nov-24
2025-05-06 20:08:27,937 - INFO - Found funding amount: 125000000
2025-05-06 20:08:27,968 - INFO - Extracted: Enfabrica - 19-Nov-24
2025-05-06 20:08:27,969 - INFO - Found funding amount: 115000000
2025-05-06 20:08:27,999 - INFO - Extracted: ANAFLASH - 19-Nov-24
2025-05-06 20:08:27,999 - INFO - Found funding amount: 0
2025-05-06 20:08:28,029 - INFO - Extracted: Open Philanthropy - 18-Nov-24
2025-05-06 20:08:28,029 - INFO - Found funding amount: 0
2025-05-06 20:08:28,059 - INFO - Extracted: California University of Science and Medicine - 18-Nov-24
2025-05-06 20:08:28,059 - INFO - Found funding amount: 0
2025-05-06 20:08:28,089 - INFO - Extracted: Zenflow - 18-Nov-24
2025-05-06 20:08:28,090 - INFO - Found funding amount: 24000000
2025-05-06 20:08:28,120 - INFO - Extracted: Radiant - 14-Nov-24
2025-05-06 20:08:28,120 - INFO - Found funding amount: 100000000
2025-05-06 20:08:28,157 - INFO - Extracted: Athina AI - 14-Nov-24
2025-05-06 20:08:28,158 - INFO - Found funding amount: 250000000
2025-05-06 20:08:28,189 - INFO - Extracted: Team-GPT - 14-Nov-24
2025-05-06 20:08:28,189 - INFO - Found funding amount: 4500000
2025-05-06 20:08:28,220 - INFO - Extracted: Falkonry - 14-Nov-24
2025-05-06 20:08:28,221 - INFO - Found funding amount: 3387133
2025-05-06 20:08:28,221 - INFO - Successfully extracted 20 new companies from page 7
2025-05-06 20:08:28,221 - INFO - Attempting to navigate from page 7
2025-05-06 20:08:34,229 - INFO - JavaScript verification confirmed page changed
2025-05-06 20:08:34,963 - INFO - Extracting data from page 8
2025-05-06 20:08:35,908 - INFO - Trying standard table extraction
2025-05-06 20:08:35,969 - INFO - Found funding amount column at index 6
2025-05-06 20:08:35,974 - INFO - Found headquarters column at index 7
2025-05-06 20:08:35,983 - INFO - Found 22 potential data rows
2025-05-06 20:08:36,029 - INFO - Extracted: Leland - 13-Nov-24
2025-05-06 20:08:36,029 - INFO - Found funding amount: 12000000
2025-05-06 20:08:36,068 - INFO - Extracted: TRex Bio - 13-Nov-24
2025-05-06 20:08:36,068 - INFO - Found funding amount: 84000000
2025-05-06 20:08:36,099 - INFO - Extracted: Medeloop - 13-Nov-24
2025-05-06 20:08:36,099 - INFO - Found funding amount: 15500000
2025-05-06 20:08:36,130 - INFO - Extracted: OneSkin - 13-Nov-24
2025-05-06 20:08:36,130 - INFO - Found funding amount: 6999929
2025-05-06 20:08:36,164 - INFO - Extracted: The WiTT Group - 13-Nov-24
2025-05-06 20:08:36,164 - INFO - Found funding amount: 0
2025-05-06 20:08:36,196 - INFO - Extracted: Riot - 13-Nov-24
2025-05-06 20:08:36,196 - INFO - Found funding amount: 27597597
2025-05-06 20:08:36,226 - INFO - Extracted: Writer - 12-Nov-24
2025-05-06 20:08:36,226 - INFO - Found funding amount: 200000000
2025-05-06 20:08:36,256 - INFO - Extracted: Trace Neuroscience - 12-Nov-24
2025-05-06 20:08:36,256 - INFO - Found funding amount: 101000000
2025-05-06 20:08:36,287 - INFO - Extracted: Fastino - 12-Nov-24
2025-05-06 20:08:36,287 - INFO - Found funding amount: 7000000
2025-05-06 20:08:36,320 - INFO - Extracted: Shiru - 12-Nov-24
2025-05-06 20:08:36,320 - INFO - Found funding amount: 16000000
2025-05-06 20:08:36,351 - INFO - Extracted: Outbuild - 12-Nov-24
2025-05-06 20:08:36,351 - INFO - Found funding amount: 11000000
2025-05-06 20:08:36,382 - INFO - Extracted: Anthrogen - 12-Nov-24
2025-05-06 20:08:36,382 - INFO - Found funding amount: 4000000
2025-05-06 20:08:36,415 - INFO - Extracted: Connecty AI - 11-Nov-24
2025-05-06 20:08:36,415 - INFO - Found funding amount: 1800000
2025-05-06 20:08:36,446 - INFO - Extracted: AirGarage - 8-Nov-24
2025-05-06 20:08:36,446 - INFO - Found funding amount: 11428497
2025-05-06 20:08:36,476 - INFO - Extracted: Fractional - 7-Nov-24
2025-05-06 20:08:36,476 - INFO - Found funding amount: 15000000
2025-05-06 20:08:36,506 - INFO - Extracted: Orbital Sidekick - 7-Nov-24
2025-05-06 20:08:36,506 - INFO - Found funding amount: 8626740
2025-05-06 20:08:36,546 - INFO - Extracted: Corgea - 6-Nov-24
2025-05-06 20:08:36,546 - INFO - Found funding amount: 2600000
2025-05-06 20:08:36,584 - INFO - Extracted: OptraScan - 6-Nov-24
2025-05-06 20:08:36,584 - INFO - Found funding amount: 30000000
2025-05-06 20:08:36,613 - INFO - Extracted: Workhelix - 5-Nov-24
2025-05-06 20:08:36,614 - INFO - Found funding amount: 15324979
2025-05-06 20:08:36,645 - INFO - Extracted: PrognomiQ - 5-Nov-24
2025-05-06 20:08:36,645 - INFO - Found funding amount: 34000000
2025-05-06 20:08:36,645 - INFO - Successfully extracted 20 new companies from page 8
2025-05-06 20:08:36,645 - INFO - Attempting to navigate from page 8
2025-05-06 20:08:42,530 - INFO - JavaScript verification confirmed page changed
2025-05-06 20:08:43,497 - INFO - Extracting data from page 9
2025-05-06 20:08:43,972 - INFO - Trying standard table extraction
2025-05-06 20:08:44,006 - INFO - Found funding amount column at index 6
2025-05-06 20:08:44,010 - INFO - Found headquarters column at index 7
2025-05-06 20:08:44,017 - INFO - Found 22 potential data rows
2025-05-06 20:08:44,068 - INFO - Extracted: Carvis.AI - 4-Nov-24
2025-05-06 20:08:44,068 - INFO - Found funding amount: 1200000
2025-05-06 20:08:44,113 - INFO - Extracted: Inquis Medical - 4-Nov-24
2025-05-06 20:08:44,113 - INFO - Found funding amount: 40000000
2025-05-06 20:08:44,149 - INFO - Extracted: Augment Code - 4-Nov-24
2025-05-06 20:08:44,149 - INFO - Found funding amount: 227000000
2025-05-06 20:08:44,184 - INFO - Extracted: Primergy Solar - 4-Nov-24
2025-05-06 20:08:44,184 - INFO - Found funding amount: 225000000
2025-05-06 20:08:44,227 - INFO - Extracted: Advex AI - 4-Nov-24
2025-05-06 20:08:44,227 - INFO - Found funding amount: 3500000
2025-05-06 20:08:44,284 - INFO - Extracted: The Nursing Beat - 4-Nov-24
2025-05-06 20:08:44,285 - INFO - Found funding amount: 0
2025-05-06 20:08:44,321 - INFO - Extracted: Cornerstone AI - 31-Oct-24
2025-05-06 20:08:44,321 - INFO - Found funding amount: 5000000
2025-05-06 20:08:44,356 - INFO - Extracted: Spot AI - 31-Oct-24
2025-05-06 20:08:44,357 - INFO - Found funding amount: 31000000
2025-05-06 20:08:44,394 - INFO - Extracted: Buddy.ai - 31-Oct-24
2025-05-06 20:08:44,394 - INFO - Found funding amount: 10200000
2025-05-06 20:08:44,434 - INFO - Extracted: Evommune - 31-Oct-24
2025-05-06 20:08:44,434 - INFO - Found funding amount: 115000000
2025-05-06 20:08:44,471 - INFO - Extracted: Bugcrowd - 31-Oct-24
2025-05-06 20:08:44,471 - INFO - Found funding amount: 50000000
2025-05-06 20:08:44,510 - INFO - Extracted: Decart - 31-Oct-24
2025-05-06 20:08:44,510 - INFO - Found funding amount: 21000000
2025-05-06 20:08:44,545 - INFO - Extracted: Birch Creek Development - 31-Oct-24
2025-05-06 20:08:44,545 - INFO - Found funding amount: 150000000
2025-05-06 20:08:44,580 - INFO - Extracted: Shadowbox - 31-Oct-24
2025-05-06 20:08:44,580 - INFO - Found funding amount: 2000000
2025-05-06 20:08:44,614 - INFO - Extracted: Delos Insurance - 31-Oct-24
2025-05-06 20:08:44,614 - INFO - Found funding amount: 9000000
2025-05-06 20:08:44,655 - INFO - Extracted: Bifrost AI - 30-Oct-24
2025-05-06 20:08:44,655 - INFO - Found funding amount: 8000000
2025-05-06 20:08:44,689 - INFO - Extracted: Third Wave Automation - 30-Oct-24
2025-05-06 20:08:44,689 - INFO - Found funding amount: 27000000
2025-05-06 20:08:44,732 - INFO - Extracted: Sapien - 29-Oct-24
2025-05-06 20:08:44,732 - INFO - Found funding amount: 8700000
2025-05-06 20:08:44,766 - INFO - Extracted: HomeBoost - 29-Oct-24
2025-05-06 20:08:44,766 - INFO - Found funding amount: 4000000
2025-05-06 20:08:44,800 - INFO - Extracted: LifeSaver Mobile - 29-Oct-24
2025-05-06 20:08:44,800 - INFO - Found funding amount: 0
2025-05-06 20:08:44,800 - INFO - Successfully extracted 20 new companies from page 9
2025-05-06 20:08:44,801 - INFO - Attempting to navigate from page 9
2025-05-06 20:08:50,987 - INFO - JavaScript verification confirmed page changed
2025-05-06 20:08:51,406 - INFO - Extracting data from page 10
2025-05-06 20:08:52,155 - INFO - Trying standard table extraction
2025-05-06 20:08:52,190 - INFO - Found funding amount column at index 6
2025-05-06 20:08:52,194 - INFO - Found headquarters column at index 7
2025-05-06 20:08:52,201 - INFO - Found 22 potential data rows
2025-05-06 20:08:52,249 - INFO - Extracted: CredibleMind - 29-Oct-24
2025-05-06 20:08:52,249 - INFO - Found funding amount: 7500000
2025-05-06 20:08:52,283 - INFO - Extracted: Opus Guard - 29-Oct-24
2025-05-06 20:08:52,284 - INFO - Found funding amount: 0
2025-05-06 20:08:52,317 - INFO - Extracted: GMI Cloud - 29-Oct-24
2025-05-06 20:08:52,317 - INFO - Found funding amount: 67000000
2025-05-06 20:08:52,348 - INFO - Extracted: Browserbase - 29-Oct-24
2025-05-06 20:08:52,348 - INFO - Found funding amount: 21000000
2025-05-06 20:08:52,379 - INFO - Extracted: Armis Security - 28-Oct-24
2025-05-06 20:08:52,379 - INFO - Found funding amount: 200000000
2025-05-06 20:08:52,412 - INFO - Extracted: Kivu Bioscience - 28-Oct-24
2025-05-06 20:08:52,412 - INFO - Found funding amount: 92000000
2025-05-06 20:08:52,443 - INFO - Extracted: Sierra - 28-Oct-24
2025-05-06 20:08:52,443 - INFO - Found funding amount: 175000000
2025-05-06 20:08:52,474 - INFO - Extracted: Fondo - 28-Oct-24
2025-05-06 20:08:52,474 - INFO - Found funding amount: 7000000
2025-05-06 20:08:52,506 - INFO - Extracted: Abstract Security - 28-Oct-24
2025-05-06 20:08:52,506 - INFO - Found funding amount: 15000000
2025-05-06 20:08:52,537 - INFO - Extracted: Revyl - 28-Oct-24
2025-05-06 20:08:52,537 - INFO - Found funding amount: 1100000
2025-05-06 20:08:52,584 - INFO - Extracted: Pharos - 25-Oct-24
2025-05-06 20:08:52,584 - INFO - Found funding amount: 5000000
2025-05-06 20:08:52,616 - INFO - Extracted: Connect The Dots - 24-Oct-24
2025-05-06 20:08:52,616 - INFO - Found funding amount: 0
2025-05-06 20:08:52,649 - INFO - Extracted: Sociaaal - 24-Oct-24
2025-05-06 20:08:52,649 - INFO - Found funding amount: 4000000
2025-05-06 20:08:52,682 - INFO - Extracted: AnyLog - 24-Oct-24
2025-05-06 20:08:52,682 - INFO - Found funding amount: 3789997
2025-05-06 20:08:52,713 - INFO - Extracted: Concentric AI - 24-Oct-24
2025-05-06 20:08:52,713 - INFO - Found funding amount: 45000000
2025-05-06 20:08:52,743 - INFO - Extracted: PayToMe.co - 24-Oct-24
2025-05-06 20:08:52,744 - INFO - Found funding amount: 0
2025-05-06 20:08:52,775 - INFO - Extracted: Finix - 24-Oct-24
2025-05-06 20:08:52,775 - INFO - Found funding amount: 75000000
2025-05-06 20:08:52,807 - INFO - Extracted: Simbe Robotics - 24-Oct-24
2025-05-06 20:08:52,807 - INFO - Found funding amount: 50000000
2025-05-06 20:08:52,839 - INFO - Extracted: Oloid - 24-Oct-24
2025-05-06 20:08:52,839 - INFO - Found funding amount: 6000000
2025-05-06 20:08:52,869 - INFO - Extracted: Nimble Robotics - 23-Oct-24
2025-05-06 20:08:52,869 - INFO - Found funding amount: 106000000
2025-05-06 20:08:52,869 - INFO - Successfully extracted 20 new companies from page 10
2025-05-06 20:08:52,869 - INFO - Attempting to navigate from page 10
2025-05-06 20:08:58,501 - INFO - JavaScript verification confirmed page changed
2025-05-06 20:08:59,224 - INFO - Extracting data from page 11
2025-05-06 20:09:00,208 - INFO - Trying standard table extraction
2025-05-06 20:09:00,257 - INFO - Found funding amount column at index 6
2025-05-06 20:09:00,261 - INFO - Found headquarters column at index 7
2025-05-06 20:09:00,270 - INFO - Found 22 potential data rows
2025-05-06 20:09:00,318 - INFO - Extracted: Archy - 23-Oct-24
2025-05-06 20:09:00,318 - INFO - Found funding amount: 15000000
2025-05-06 20:09:00,356 - INFO - Extracted: Infinitus Systems - 23-Oct-24
2025-05-06 20:09:00,356 - INFO - Found funding amount: 51500000
2025-05-06 20:09:00,388 - INFO - Extracted: Courie - 23-Oct-24
2025-05-06 20:09:00,388 - INFO - Found funding amount: 3825000
2025-05-06 20:09:00,420 - INFO - Extracted: Anthro Energy - 23-Oct-24
2025-05-06 20:09:00,420 - INFO - Found funding amount: 24900000
2025-05-06 20:09:00,459 - INFO - Extracted: LAWFTY - 23-Oct-24
2025-05-06 20:09:00,459 - INFO - Found funding amount: 40000000
2025-05-06 20:09:00,494 - INFO - Extracted: BodySpec - 22-Oct-24
2025-05-06 20:09:00,494 - INFO - Found funding amount: 3999998
2025-05-06 20:09:00,535 - INFO - Extracted: Nooks - 22-Oct-24
2025-05-06 20:09:00,535 - INFO - Found funding amount: 43000000
2025-05-06 20:09:00,566 - INFO - Extracted: CrewAI - 22-Oct-24
2025-05-06 20:09:00,566 - INFO - Found funding amount: 12000000
2025-05-06 20:09:00,597 - INFO - Extracted: Qpoint - 22-Oct-24
2025-05-06 20:09:00,597 - INFO - Found funding amount: 4000000
2025-05-06 20:09:00,628 - INFO - Extracted: Globality - 22-Oct-24
2025-05-06 20:09:00,629 - INFO - Found funding amount: 47000000
2025-05-06 20:09:00,660 - INFO - Extracted: Socket - 22-Oct-24
2025-05-06 20:09:00,660 - INFO - Found funding amount: 40000000
2025-05-06 20:09:00,694 - INFO - Extracted: Mainspring Energy - 22-Oct-24
2025-05-06 20:09:00,694 - INFO - Found funding amount: 87000000
2025-05-06 20:09:00,726 - INFO - Extracted: interface.ai - 22-Oct-24
2025-05-06 20:09:00,726 - INFO - Found funding amount: 20000000
2025-05-06 20:09:00,757 - INFO - Extracted: Trellis Bioscience - 22-Oct-24
2025-05-06 20:09:00,757 - INFO - Found funding amount: 0
2025-05-06 20:09:00,791 - INFO - Extracted: Revelation Partners - 22-Oct-24
2025-05-06 20:09:00,791 - INFO - Found funding amount: 0
2025-05-06 20:09:00,835 - INFO - Extracted: Genmo - 22-Oct-24
2025-05-06 20:09:00,835 - INFO - Found funding amount: 28400000
2025-05-06 20:09:00,867 - INFO - Extracted: ItsWare - 22-Oct-24
2025-05-06 20:09:00,867 - INFO - Found funding amount: 856464
2025-05-06 20:09:00,899 - INFO - Extracted: Avenue Biosciences - 22-Oct-24
2025-05-06 20:09:00,899 - INFO - Found funding amount: 2500000
2025-05-06 20:09:00,930 - INFO - Extracted: Zip - 21-Oct-24
2025-05-06 20:09:00,930 - INFO - Found funding amount: 190000000
2025-05-06 20:09:00,960 - INFO - Extracted: HealthEx - 21-Oct-24
2025-05-06 20:09:00,960 - INFO - Found funding amount: 14000000
2025-05-06 20:09:00,960 - INFO - Successfully extracted 20 new companies from page 11
2025-05-06 20:09:00,960 - INFO - Attempting to navigate from page 11
2025-05-06 20:09:06,882 - INFO - JavaScript verification confirmed page changed
2025-05-06 20:09:07,262 - INFO - Extracting data from page 12
2025-05-06 20:09:08,061 - INFO - Trying standard table extraction
2025-05-06 20:09:08,098 - INFO - Found funding amount column at index 6
2025-05-06 20:09:08,101 - INFO - Found headquarters column at index 7
2025-05-06 20:09:08,116 - INFO - Found 22 potential data rows
2025-05-06 20:09:08,163 - INFO - Extracted: Uprise - 21-Oct-24
2025-05-06 20:09:08,163 - INFO - Found funding amount: 3300000
2025-05-06 20:09:08,194 - INFO - Extracted: Voxela - 21-Oct-24
2025-05-06 20:09:08,194 - INFO - Found funding amount: 0
2025-05-06 20:09:08,226 - INFO - Extracted: Kick - 17-Oct-24
2025-05-06 20:09:08,226 - INFO - Found funding amount: 9000000
2025-05-06 20:09:08,258 - INFO - Extracted: AN2 Therapeutics - 17-Oct-24
2025-05-06 20:09:08,258 - INFO - Found funding amount: 0
2025-05-06 20:09:08,288 - INFO - Extracted: Terray Therapeutics - 17-Oct-24
2025-05-06 20:09:08,288 - INFO - Found funding amount: 120000000
2025-05-06 20:09:08,320 - INFO - Extracted: Abel Police - 17-Oct-24
2025-05-06 20:09:08,320 - INFO - Found funding amount: 5000000
2025-05-06 20:09:08,351 - INFO - Extracted: Edgee - 17-Oct-24
2025-05-06 20:09:08,351 - INFO - Found funding amount: 2900000
2025-05-06 20:09:08,382 - INFO - Extracted: GetSetUp - 16-Oct-24
2025-05-06 20:09:08,382 - INFO - Found funding amount: 50000
2025-05-06 20:09:08,415 - INFO - Extracted: Samay - 16-Oct-24
2025-05-06 20:09:08,415 - INFO - Found funding amount: 350000
2025-05-06 20:09:08,446 - INFO - Extracted: Kiavi - 16-Oct-24
2025-05-06 20:09:08,446 - INFO - Found funding amount: 400000000
2025-05-06 20:09:08,476 - INFO - Extracted: Tako - 16-Oct-24
2025-05-06 20:09:08,476 - INFO - Found funding amount: 5750000
2025-05-06 20:09:08,508 - INFO - Extracted: Lightmatter - 16-Oct-24
2025-05-06 20:09:08,508 - INFO - Found funding amount: 400000000
2025-05-06 20:09:08,538 - INFO - Extracted: Agtonomy - 16-Oct-24
2025-05-06 20:09:08,538 - INFO - Found funding amount: 10000000
2025-05-06 20:09:08,580 - INFO - Extracted: PyrAmes, Inc. - 15-Oct-24
2025-05-06 20:09:08,580 - INFO - Found funding amount: 50000
2025-05-06 20:09:08,612 - INFO - Extracted: Alchemy - 15-Oct-24
2025-05-06 20:09:08,612 - INFO - Found funding amount: 31000000
2025-05-06 20:09:08,643 - INFO - Extracted: MDisrupt - 15-Oct-24
2025-05-06 20:09:08,643 - INFO - Found funding amount: 1000000
2025-05-06 20:09:08,677 - INFO - Extracted: Galileo - 15-Oct-24
2025-05-06 20:09:08,677 - INFO - Found funding amount: 45000000
2025-05-06 20:09:08,707 - INFO - Extracted: Azra Games - 15-Oct-24
2025-05-06 20:09:08,707 - INFO - Found funding amount: 42700000
2025-05-06 20:09:08,739 - INFO - Extracted: Chargie - 15-Oct-24
2025-05-06 20:09:08,739 - INFO - Found funding amount: 9300000
2025-05-06 20:09:08,771 - INFO - Extracted: Decagon - 15-Oct-24
2025-05-06 20:09:08,771 - INFO - Found funding amount: 65000000
2025-05-06 20:09:08,771 - INFO - Successfully extracted 20 new companies from page 12
2025-05-06 20:09:08,771 - INFO - Attempting to navigate from page 12
2025-05-06 20:09:14,447 - INFO - JavaScript verification confirmed page changed
2025-05-06 20:09:15,204 - INFO - Extracting data from page 13
2025-05-06 20:09:15,748 - INFO - Trying standard table extraction
2025-05-06 20:09:15,783 - INFO - Found funding amount column at index 6
2025-05-06 20:09:15,786 - INFO - Found headquarters column at index 7
2025-05-06 20:09:15,794 - INFO - Found 22 potential data rows
2025-05-06 20:09:15,838 - INFO - Extracted: Concourse - 15-Oct-24
2025-05-06 20:09:15,838 - INFO - Found funding amount: 4700000
2025-05-06 20:09:15,870 - INFO - Extracted: Stockguard - 15-Oct-24
2025-05-06 20:09:15,870 - INFO - Found funding amount: 5999999
2025-05-06 20:09:15,902 - INFO - Extracted: Neuron7.ai - 15-Oct-24
2025-05-06 20:09:15,902 - INFO - Found funding amount: 44000000
2025-05-06 20:09:15,934 - INFO - Extracted: Parakeet Health - 15-Oct-24
2025-05-06 20:09:15,934 - INFO - Found funding amount: 3000000
2025-05-06 20:09:15,964 - INFO - Extracted: Dryvebox - 14-Oct-24
2025-05-06 20:09:15,964 - INFO - Found funding amount: 0
2025-05-06 20:09:15,995 - INFO - Extracted: Blockcast - 14-Oct-24
2025-05-06 20:09:15,995 - INFO - Found funding amount: 2850000
2025-05-06 20:09:16,029 - INFO - Extracted: Cavecrack - 13-Oct-24
2025-05-06 20:09:16,029 - INFO - Found funding amount: 0
2025-05-06 20:09:16,059 - INFO - Extracted: Cerebelly - 10-Oct-24
2025-05-06 20:09:16,059 - INFO - Found funding amount: 3000000
2025-05-06 20:09:16,092 - INFO - Extracted: Suki - 10-Oct-24
2025-05-06 20:09:16,092 - INFO - Found funding amount: 70000000
2025-05-06 20:09:16,123 - INFO - Extracted: CytoVale - 10-Oct-24
2025-05-06 20:09:16,124 - INFO - Found funding amount: 100000000
2025-05-06 20:09:16,155 - INFO - Extracted: Zeal - 10-Oct-24
2025-05-06 20:09:16,155 - INFO - Found funding amount: 15000000
2025-05-06 20:09:16,185 - INFO - Extracted: Vidoc Security Lab - 10-Oct-24
2025-05-06 20:09:16,186 - INFO - Found funding amount: 0
2025-05-06 20:09:16,218 - INFO - Extracted: Relyance AI - 10-Oct-24
2025-05-06 20:09:16,218 - INFO - Found funding amount: 32000000
2025-05-06 20:09:16,253 - INFO - Extracted: Numeric - 10-Oct-24
2025-05-06 20:09:16,253 - INFO - Found funding amount: 28000000
2025-05-06 20:09:16,285 - INFO - Extracted: COVU - 10-Oct-24
2025-05-06 20:09:16,286 - INFO - Found funding amount: 12500000
2025-05-06 20:09:16,316 - INFO - Extracted: ApertureData - 10-Oct-24
2025-05-06 20:09:16,316 - INFO - Found funding amount: 5250000
2025-05-06 20:09:16,347 - INFO - Extracted: MiLaboratories - 10-Oct-24
2025-05-06 20:09:16,347 - INFO - Found funding amount: 10000000
2025-05-06 20:09:16,380 - INFO - Extracted: Glooko - 10-Oct-24
2025-05-06 20:09:16,380 - INFO - Found funding amount: 100000000
2025-05-06 20:09:16,410 - INFO - Extracted: IncumbentFI - 10-Oct-24
2025-05-06 20:09:16,410 - INFO - Found funding amount: 5639687
2025-05-06 20:09:16,443 - INFO - Extracted: Prophecy.io - 10-Oct-24
2025-05-06 20:09:16,443 - INFO - Found funding amount: 38799983
2025-05-06 20:09:16,443 - INFO - Successfully extracted 20 new companies from page 13
2025-05-06 20:09:16,443 - INFO - Attempting to navigate from page 13
2025-05-06 20:09:22,622 - INFO - JavaScript verification confirmed page changed
2025-05-06 20:09:23,589 - INFO - Extracting data from page 14
2025-05-06 20:09:24,008 - INFO - Trying standard table extraction
2025-05-06 20:09:24,056 - INFO - Found funding amount column at index 6
2025-05-06 20:09:24,061 - INFO - Found headquarters column at index 7
2025-05-06 20:09:24,073 - INFO - Found 22 potential data rows
2025-05-06 20:09:24,121 - INFO - Extracted: Sidepit - 10-Oct-24
2025-05-06 20:09:24,121 - INFO - Found funding amount: 0
2025-05-06 20:09:24,154 - INFO - Extracted: Astrix Health - 10-Oct-24
2025-05-06 20:09:24,154 - INFO - Found funding amount: 500000
2025-05-06 20:09:24,185 - INFO - Extracted: CEQAbase - 9-Oct-24
2025-05-06 20:09:24,185 - INFO - Found funding amount: 200000
2025-05-06 20:09:24,216 - INFO - Extracted: SimX - 9-Oct-24
2025-05-06 20:09:24,216 - INFO - Found funding amount: 1250000
2025-05-06 20:09:24,248 - INFO - Extracted: Bigeye - 9-Oct-24
2025-05-06 20:09:24,248 - INFO - Found funding amount: 5000000
2025-05-06 20:09:24,279 - INFO - Extracted: Drawer AI - 9-Oct-24
2025-05-06 20:09:24,279 - INFO - Found funding amount: 5000000
2025-05-06 20:09:24,310 - INFO - Extracted: Vultron - 9-Oct-24
2025-05-06 20:09:24,310 - INFO - Found funding amount: 4850000
2025-05-06 20:09:24,343 - INFO - Extracted: AppShip - 9-Oct-24
2025-05-06 20:09:24,343 - INFO - Found funding amount: 200000
2025-05-06 20:09:24,373 - INFO - Extracted: EvenUp - 8-Oct-24
2025-05-06 20:09:24,373 - INFO - Found funding amount: 135000000
2025-05-06 20:09:24,404 - INFO - Extracted: Tele911 - 8-Oct-24
2025-05-06 20:09:24,404 - INFO - Found funding amount: 6756624
2025-05-06 20:09:24,435 - INFO - Extracted: Kiva AI - 8-Oct-24
2025-05-06 20:09:24,436 - INFO - Found funding amount: 7000000
2025-05-06 20:09:24,468 - INFO - Extracted: Selonterra - 8-Oct-24
2025-05-06 20:09:24,468 - INFO - Found funding amount: 2500000
2025-05-06 20:09:24,500 - INFO - Extracted: Unify - 8-Oct-24
2025-05-06 20:09:24,500 - INFO - Found funding amount: 12000000
2025-05-06 20:09:24,532 - INFO - Extracted: Third Dimension AI - 8-Oct-24
2025-05-06 20:09:24,532 - INFO - Found funding amount: 7000000
2025-05-06 20:09:24,562 - INFO - Extracted: Distributional - 8-Oct-24
2025-05-06 20:09:24,563 - INFO - Found funding amount: 19000000
2025-05-06 20:09:24,595 - INFO - Extracted: Truthset - 8-Oct-24
2025-05-06 20:09:24,595 - INFO - Found funding amount: 5000000
2025-05-06 20:09:24,626 - INFO - Extracted: Stream - 8-Oct-24
2025-05-06 20:09:24,626 - INFO - Found funding amount: 5300000
2025-05-06 20:09:24,658 - INFO - Extracted: InterVene - 7-Oct-24
2025-05-06 20:09:24,658 - INFO - Found funding amount: 13000000
2025-05-06 20:09:24,690 - INFO - Extracted: Treya Partners - 7-Oct-24
2025-05-06 20:09:24,692 - INFO - Found funding amount: 0
2025-05-06 20:09:24,722 - INFO - Extracted: VESSL AI - 7-Oct-24
2025-05-06 20:09:24,722 - INFO - Found funding amount: 12200000
2025-05-06 20:09:24,722 - INFO - Successfully extracted 20 new companies from page 14
2025-05-06 20:09:24,722 - INFO - Attempting to navigate from page 14
2025-05-06 20:09:31,215 - INFO - JavaScript verification confirmed page changed
2025-05-06 20:09:31,762 - INFO - Extracting data from page 15
2025-05-06 20:09:32,730 - INFO - Trying standard table extraction
2025-05-06 20:09:32,760 - INFO - Found funding amount column at index 6
2025-05-06 20:09:32,764 - INFO - Found headquarters column at index 7
2025-05-06 20:09:32,772 - INFO - Found 22 potential data rows
2025-05-06 20:09:32,825 - INFO - Extracted: IOMETE - 7-Oct-24
2025-05-06 20:09:32,826 - INFO - Found funding amount: 0
2025-05-06 20:09:32,854 - INFO - Extracted: Kavia AI - 3-Oct-24
2025-05-06 20:09:32,854 - INFO - Found funding amount: 1000000
2025-05-06 20:09:32,886 - INFO - Extracted: OpenAI - 3-Oct-24
2025-05-06 20:09:32,886 - INFO - Found funding amount: 4000000000
2025-05-06 20:09:32,922 - INFO - Extracted: Paren - 3-Oct-24
2025-05-06 20:09:32,922 - INFO - Found funding amount: 3000000
2025-05-06 20:09:32,959 - INFO - Extracted: Integrated Biosciences - 3-Oct-24
2025-05-06 20:09:32,959 - INFO - Found funding amount: 17200000
2025-05-06 20:09:33,013 - INFO - Extracted: Booksy - 3-Oct-24
2025-05-06 20:09:33,013 - INFO - Found funding amount: 0
2025-05-06 20:09:33,048 - INFO - Extracted: Voyage AI - 3-Oct-24
2025-05-06 20:09:33,049 - INFO - Found funding amount: 20000000
2025-05-06 20:09:33,089 - INFO - Extracted: Valdera - 3-Oct-24
2025-05-06 20:09:33,089 - INFO - Found funding amount: 15000000
2025-05-06 20:09:33,126 - INFO - Extracted: Visolis - 3-Oct-24
2025-05-06 20:09:33,126 - INFO - Found funding amount: 2250000
2025-05-06 20:09:33,251 - INFO - Extracted: GuRu - 2-Oct-24
2025-05-06 20:09:33,251 - INFO - Found funding amount: 0
2025-05-06 20:09:33,410 - INFO - Extracted: Permanent - 2-Oct-24
2025-05-06 20:09:33,411 - INFO - Found funding amount: 3700000
2025-05-06 20:09:33,518 - INFO - Extracted: Poolside - 2-Oct-24
2025-05-06 20:09:33,519 - INFO - Found funding amount: 500000000
2025-05-06 20:09:33,640 - INFO - Extracted: Pallet - 2-Oct-24
2025-05-06 20:09:33,641 - INFO - Found funding amount: 18000000
2025-05-06 20:09:33,773 - INFO - Extracted: Billables AI - 2-Oct-24
2025-05-06 20:09:33,774 - INFO - Found funding amount: 3900000
2025-05-06 20:09:33,812 - INFO - Extracted: Reducto - 2-Oct-24
2025-05-06 20:09:33,813 - INFO - Found funding amount: 8400000
2025-05-06 20:09:33,856 - INFO - Extracted: Arda Therapeutics - 1-Oct-24
2025-05-06 20:09:33,856 - INFO - Found funding amount: 43303366
2025-05-06 20:09:33,921 - INFO - Extracted: Aspect Build - 1-Oct-24
2025-05-06 20:09:33,921 - INFO - Found funding amount: 3000000
2025-05-06 20:09:33,955 - INFO - Extracted: Synedgen - 1-Oct-24
2025-05-06 20:09:33,955 - INFO - Found funding amount: 1750000
2025-05-06 20:09:33,998 - INFO - Extracted: DataPelago - 1-Oct-24
2025-05-06 20:09:33,998 - INFO - Found funding amount: 47000000
2025-05-06 20:09:34,028 - INFO - Extracted: Neeve - 30-Sep-24
2025-05-06 20:09:34,028 - INFO - Found funding amount: 15000000
2025-05-06 20:09:34,028 - INFO - Successfully extracted 20 new companies from page 15
2025-05-06 20:09:34,028 - INFO - Attempting to navigate from page 15
2025-05-06 20:09:39,696 - INFO - JavaScript verification confirmed page changed
2025-05-06 20:09:40,790 - INFO - Extracting data from page 16
2025-05-06 20:09:41,242 - INFO - Trying standard table extraction
2025-05-06 20:09:41,295 - INFO - Found funding amount column at index 6
2025-05-06 20:09:41,299 - INFO - Found headquarters column at index 7
2025-05-06 20:09:41,309 - INFO - Found 22 potential data rows
2025-05-06 20:09:41,352 - INFO - Extracted: Artisan AI - 30-Sep-24
2025-05-06 20:09:41,352 - INFO - Found funding amount: 11500000
2025-05-06 20:09:41,388 - INFO - Extracted: Gladly - 26-Sep-24
2025-05-06 20:09:41,388 - INFO - Found funding amount: 40000000
2025-05-06 20:09:41,420 - INFO - Extracted: PlayWorks - 26-Sep-24
2025-05-06 20:09:41,420 - INFO - Found funding amount: 25000
2025-05-06 20:09:41,462 - INFO - Extracted: Bemi - 26-Sep-24
2025-05-06 20:09:41,462 - INFO - Found funding amount: 309000
2025-05-06 20:09:41,493 - INFO - Extracted: Superb AI - 26-Sep-24
2025-05-06 20:09:41,493 - INFO - Found funding amount: 10200000
2025-05-06 20:09:41,526 - INFO - Extracted: SKY Leasing - 26-Sep-24
2025-05-06 20:09:41,527 - INFO - Found funding amount: 569540000
2025-05-06 20:09:41,557 - INFO - Extracted: AssetHub - 25-Sep-24
2025-05-06 20:09:41,557 - INFO - Found funding amount: 100000000
2025-05-06 20:09:41,588 - INFO - Extracted: Feno - 25-Sep-24
2025-05-06 20:09:41,589 - INFO - Found funding amount: 6000000
2025-05-06 20:09:41,619 - INFO - Extracted: Supabase - 25-Sep-24
2025-05-06 20:09:41,619 - INFO - Found funding amount: 80000000
2025-05-06 20:09:41,652 - INFO - Extracted: Whatfix - 25-Sep-24
2025-05-06 20:09:41,652 - INFO - Found funding amount: 125000000
2025-05-06 20:09:41,685 - INFO - Extracted: SnippetSentry - 25-Sep-24
2025-05-06 20:09:41,685 - INFO - Found funding amount: 500000
2025-05-06 20:09:41,715 - INFO - Extracted: FluidLogic - 24-Sep-24
2025-05-06 20:09:41,715 - INFO - Found funding amount: 15000000
2025-05-06 20:09:41,747 - INFO - Extracted: Distyl AI - 24-Sep-24
2025-05-06 20:09:41,747 - INFO - Found funding amount: 20000000
2025-05-06 20:09:41,778 - INFO - Extracted: Icon Savings Plan - 24-Sep-24
2025-05-06 20:09:41,778 - INFO - Found funding amount: 9200000
2025-05-06 20:09:41,811 - INFO - Extracted: UJET - 24-Sep-24
2025-05-06 20:09:41,811 - INFO - Found funding amount: 76000000
2025-05-06 20:09:41,844 - INFO - Extracted: Anadro - 24-Sep-24
2025-05-06 20:09:41,844 - INFO - Found funding amount: 2516495
2025-05-06 20:09:41,874 - INFO - Extracted: Atlys - 24-Sep-24
2025-05-06 20:09:41,874 - INFO - Found funding amount: 20000000
2025-05-06 20:09:41,906 - INFO - Extracted: Datapad - 24-Sep-24
2025-05-06 20:09:41,906 - INFO - Found funding amount: 0
2025-05-06 20:09:41,941 - INFO - Extracted: Altimate AI - 23-Sep-24
2025-05-06 20:09:41,941 - INFO - Found funding amount: 0
2025-05-06 20:09:41,974 - INFO - Extracted: Harmonic - 23-Sep-24
2025-05-06 20:09:41,974 - INFO - Found funding amount: 75000000
2025-05-06 20:09:41,974 - INFO - Successfully extracted 20 new companies from page 16
2025-05-06 20:09:41,974 - INFO - Attempting to navigate from page 16
2025-05-06 20:09:47,037 - INFO - JavaScript verification confirmed page changed
2025-05-06 20:09:48,223 - INFO - Extracting data from page 17
2025-05-06 20:09:49,317 - INFO - Trying standard table extraction
2025-05-06 20:09:49,369 - INFO - Found funding amount column at index 6
2025-05-06 20:09:49,373 - INFO - Found headquarters column at index 7
2025-05-06 20:09:49,381 - INFO - Found 22 potential data rows
2025-05-06 20:09:49,425 - INFO - Extracted: Genome Medical - 23-Sep-24
2025-05-06 20:09:49,425 - INFO - Found funding amount: 75344304
2025-05-06 20:09:49,458 - INFO - Extracted: Hippocratic AI - 19-Sep-24
2025-05-06 20:09:49,458 - INFO - Found funding amount: 53000000
2025-05-06 20:09:49,489 - INFO - Extracted: Akia - 19-Sep-24
2025-05-06 20:09:49,489 - INFO - Found funding amount: 4999998
2025-05-06 20:09:49,521 - INFO - Extracted: Ferrum Health - 19-Sep-24
2025-05-06 20:09:49,521 - INFO - Found funding amount: 16000000
2025-05-06 20:09:49,553 - INFO - Extracted: Twelve - 19-Sep-24
2025-05-06 20:09:49,553 - INFO - Found funding amount: 400000000
2025-05-06 20:09:49,584 - INFO - Extracted: Aclima - 19-Sep-24
2025-05-06 20:09:49,584 - INFO - Found funding amount: 13000000
2025-05-06 20:09:49,617 - INFO - Extracted: AtoB - 19-Sep-24
2025-05-06 20:09:49,618 - INFO - Found funding amount: 130000000
2025-05-06 20:09:49,650 - INFO - Extracted: Picus Security - 19-Sep-24
2025-05-06 20:09:49,650 - INFO - Found funding amount: 45000000
2025-05-06 20:09:49,683 - INFO - Extracted: Oro Labs - 18-Sep-24
2025-05-06 20:09:49,683 - INFO - Found funding amount: 34000000
2025-05-06 20:09:49,802 - INFO - Extracted: Fal - 18-Sep-24
2025-05-06 20:09:49,802 - INFO - Found funding amount: 14000000
2025-05-06 20:09:49,833 - INFO - Extracted: Mercor - 18-Sep-24
2025-05-06 20:09:49,833 - INFO - Found funding amount: 30000000
2025-05-06 20:09:49,873 - INFO - Extracted: Harvest Thermal - 18-Sep-24
2025-05-06 20:09:49,873 - INFO - Found funding amount: 2000000
2025-05-06 20:09:49,912 - INFO - Extracted: CodePath - 18-Sep-24
2025-05-06 20:09:49,912 - INFO - Found funding amount: 50000000
2025-05-06 20:09:49,942 - INFO - Extracted: Hgen - 17-Sep-24
2025-05-06 20:09:49,942 - INFO - Found funding amount: 5000000
2025-05-06 20:09:49,974 - INFO - Extracted: Orb - 17-Sep-24
2025-05-06 20:09:49,974 - INFO - Found funding amount: 25000000
2025-05-06 20:09:50,004 - INFO - Extracted: Mindtrip - 17-Sep-24
2025-05-06 20:09:50,004 - INFO - Found funding amount: 12000000
2025-05-06 20:09:50,036 - INFO - Extracted: Futuro Health - 17-Sep-24
2025-05-06 20:09:50,036 - INFO - Found funding amount: 10200000
2025-05-06 20:09:50,068 - INFO - Extracted: Prof Jim - 17-Sep-24
2025-05-06 20:09:50,068 - INFO - Found funding amount: 1500000
2025-05-06 20:09:50,099 - INFO - Extracted: TeamBridge - 16-Sep-24
2025-05-06 20:09:50,099 - INFO - Found funding amount: 28000000
2025-05-06 20:09:50,131 - INFO - Extracted: World Labs - 13-Sep-24
2025-05-06 20:09:50,131 - INFO - Found funding amount: 230000000
2025-05-06 20:09:50,131 - INFO - Successfully extracted 20 new companies from page 17
2025-05-06 20:09:50,131 - INFO - Attempting to navigate from page 17
2025-05-06 20:09:56,407 - INFO - JavaScript verification confirmed page changed
2025-05-06 20:09:56,834 - INFO - Extracting data from page 18
2025-05-06 20:09:57,984 - INFO - Trying standard table extraction
2025-05-06 20:09:58,023 - INFO - Found funding amount column at index 6
2025-05-06 20:09:58,027 - INFO - Found headquarters column at index 7
2025-05-06 20:09:58,040 - INFO - Found 22 potential data rows
2025-05-06 20:09:58,104 - INFO - Extracted: Operant - 12-Sep-24
2025-05-06 20:09:58,104 - INFO - Found funding amount: 10000000
2025-05-06 20:09:58,148 - INFO - Extracted: Bounti.ai - 12-Sep-24
2025-05-06 20:09:58,148 - INFO - Found funding amount: 16000000
2025-05-06 20:09:58,188 - INFO - Extracted: Connectly.ai - 11-Sep-24
2025-05-06 20:09:58,188 - INFO - Found funding amount: 20000000
2025-05-06 20:09:58,226 - INFO - Extracted: Nostra AI - 11-Sep-24
2025-05-06 20:09:58,226 - INFO - Found funding amount: 8900000
2025-05-06 20:09:58,263 - INFO - Extracted: Candid Health - 11-Sep-24
2025-05-06 20:09:58,263 - INFO - Found funding amount: 29000000
2025-05-06 20:09:58,299 - INFO - Extracted: Polly - 10-Sep-24
2025-05-06 20:09:58,299 - INFO - Found funding amount: 25000000
2025-05-06 20:09:58,334 - INFO - Extracted: Glean - 10-Sep-24
2025-05-06 20:09:58,334 - INFO - Found funding amount: 260000000
2025-05-06 20:09:58,369 - INFO - Extracted: Reshape Automation - 10-Sep-24
2025-05-06 20:09:58,369 - INFO - Found funding amount: 5000000
2025-05-06 20:09:58,405 - INFO - Extracted: Infinium - 10-Sep-24
2025-05-06 20:09:58,405 - INFO - Found funding amount: 0
2025-05-06 20:09:58,441 - INFO - Extracted: Blended Technologies - 10-Sep-24
2025-05-06 20:09:58,441 - INFO - Found funding amount: 2500000
2025-05-06 20:09:58,476 - INFO - Extracted: AttoTude - 10-Sep-24
2025-05-06 20:09:58,476 - INFO - Found funding amount: 29000000
2025-05-06 20:09:58,510 - INFO - Extracted: Neurona Therapeutics - 10-Sep-24
2025-05-06 20:09:58,510 - INFO - Found funding amount: 3800000
2025-05-06 20:09:58,556 - INFO - Extracted: P0 Security - 10-Sep-24
2025-05-06 20:09:58,556 - INFO - Found funding amount: 15000000
2025-05-06 20:09:58,602 - INFO - Extracted: PIN AI - 9-Sep-24
2025-05-06 20:09:58,602 - INFO - Found funding amount: 10000000
2025-05-06 20:09:58,635 - INFO - Extracted: Race - 9-Sep-24
2025-05-06 20:09:58,635 - INFO - Found funding amount: 375000000
2025-05-06 20:09:58,668 - INFO - Extracted: OrsoBio - 6-Sep-24
2025-05-06 20:09:58,668 - INFO - Found funding amount: 67000000
2025-05-06 20:09:58,700 - INFO - Extracted: DubClub - 5-Sep-24
2025-05-06 20:09:58,700 - INFO - Found funding amount: 7500000
2025-05-06 20:09:58,732 - INFO - Extracted: Thatch - 5-Sep-24
2025-05-06 20:09:58,732 - INFO - Found funding amount: 38000000
2025-05-06 20:09:58,763 - INFO - Extracted: Drip Capital - 5-Sep-24
2025-05-06 20:09:58,763 - INFO - Found funding amount: 90000000
2025-05-06 20:09:58,795 - INFO - Extracted: Acuvity - 5-Sep-24
2025-05-06 20:09:58,795 - INFO - Found funding amount: 9000000
2025-05-06 20:09:58,795 - INFO - Successfully extracted 20 new companies from page 18
2025-05-06 20:09:58,795 - INFO - Attempting to navigate from page 18
2025-05-06 20:10:04,933 - INFO - JavaScript verification confirmed page changed
2025-05-06 20:10:05,612 - INFO - Extracting data from page 19
2025-05-06 20:10:05,992 - INFO - Trying standard table extraction
2025-05-06 20:10:06,028 - INFO - Found funding amount column at index 6
2025-05-06 20:10:06,034 - INFO - Found headquarters column at index 7
2025-05-06 20:10:06,045 - INFO - Found 22 potential data rows
2025-05-06 20:10:06,098 - INFO - Extracted: Portex - 5-Sep-24
2025-05-06 20:10:06,098 - INFO - Found funding amount: 6250000
2025-05-06 20:10:06,136 - INFO - Extracted: Agree.com - 5-Sep-24
2025-05-06 20:10:06,136 - INFO - Found funding amount: 3000000
2025-05-06 20:10:06,171 - INFO - Extracted: Fiddler AI - 5-Sep-24
2025-05-06 20:10:06,171 - INFO - Found funding amount: 18949994
2025-05-06 20:10:06,212 - INFO - Extracted: Cortex - 4-Sep-24
2025-05-06 20:10:06,212 - INFO - Found funding amount: 60000000
2025-05-06 20:10:06,252 - INFO - Extracted: ArsenalBio - 4-Sep-24
2025-05-06 20:10:06,252 - INFO - Found funding amount: 325000000
2025-05-06 20:10:06,282 - INFO - Extracted: Ceres Imaging - 4-Sep-24
2025-05-06 20:10:06,283 - INFO - Found funding amount: 0
2025-05-06 20:10:06,315 - INFO - Extracted: Venova Medical - 4-Sep-24
2025-05-06 20:10:06,315 - INFO - Found funding amount: 30000000
2025-05-06 20:10:06,347 - INFO - Extracted: Climax Foods - 4-Sep-24
2025-05-06 20:10:06,347 - INFO - Found funding amount: 0
2025-05-06 20:10:06,378 - INFO - Extracted: Flex - 4-Sep-24
2025-05-06 20:10:06,378 - INFO - Found funding amount: 3200000
2025-05-06 20:10:06,408 - INFO - Extracted: Circle Pharma - 3-Sep-24
2025-05-06 20:10:06,408 - INFO - Found funding amount: 90000000
2025-05-06 20:10:06,442 - INFO - Extracted: Segmed - 3-Sep-24
2025-05-06 20:10:06,442 - INFO - Found funding amount: 10400000
2025-05-06 20:10:06,477 - INFO - Extracted: Linea Energy - 3-Sep-24
2025-05-06 20:10:06,477 - INFO - Found funding amount: 145000000
2025-05-06 20:10:06,512 - INFO - Extracted: Gainful - 3-Sep-24
2025-05-06 20:10:06,513 - INFO - Found funding amount: 0
2025-05-06 20:10:06,547 - INFO - Extracted: Mintlify - 3-Sep-24
2025-05-06 20:10:06,548 - INFO - Found funding amount: 18500000
2025-05-06 20:10:06,584 - INFO - Extracted: Magic Lifescience - 3-Sep-24
2025-05-06 20:10:06,585 - INFO - Found funding amount: 163398
2025-05-06 20:10:06,622 - INFO - Extracted: Approveit - 2-Sep-24
2025-05-06 20:10:06,622 - INFO - Found funding amount: 1000000
2025-05-06 20:10:06,658 - INFO - Extracted: Weeknd - 1-Sep-24
2025-05-06 20:10:06,658 - INFO - Found funding amount: 0
2025-05-06 20:10:06,694 - INFO - Extracted: Crafty Apes - 30-Aug-24
2025-05-06 20:10:06,694 - INFO - Found funding amount: 0
2025-05-06 20:10:06,731 - INFO - Extracted: Codeium - 29-Aug-24
2025-05-06 20:10:06,731 - INFO - Found funding amount: 150000000
2025-05-06 20:10:06,765 - INFO - Extracted: MIRIS - 29-Aug-24
2025-05-06 20:10:06,765 - INFO - Found funding amount: 26000000
2025-05-06 20:10:06,765 - INFO - Successfully extracted 20 new companies from page 19
2025-05-06 20:10:06,765 - INFO - Attempting to navigate from page 19
2025-05-06 20:10:12,297 - INFO - JavaScript verification confirmed page changed
2025-05-06 20:10:12,891 - INFO - Extracting data from page 20
2025-05-06 20:10:13,588 - INFO - Trying standard table extraction
2025-05-06 20:10:13,626 - INFO - Found funding amount column at index 6
2025-05-06 20:10:13,630 - INFO - Found headquarters column at index 7
2025-05-06 20:10:13,637 - INFO - Found 22 potential data rows
2025-05-06 20:10:13,686 - INFO - Extracted: nOps - 28-Aug-24
2025-05-06 20:10:13,686 - INFO - Found funding amount: 30000000
2025-05-06 20:10:13,718 - INFO - Extracted: Uplift Labs - 28-Aug-24
2025-05-06 20:10:13,718 - INFO - Found funding amount: 2100000
2025-05-06 20:10:13,749 - INFO - Extracted: Opus Clip - 28-Aug-24
2025-05-06 20:10:13,749 - INFO - Found funding amount: 30000000
2025-05-06 20:10:13,782 - INFO - Extracted: Bland AI - 28-Aug-24
2025-05-06 20:10:13,782 - INFO - Found funding amount: 16000000
2025-05-06 20:10:13,812 - INFO - Extracted: Noetik - 28-Aug-24
2025-05-06 20:10:13,812 - INFO - Found funding amount: 40000000
2025-05-06 20:10:13,845 - INFO - Extracted: Inventive AI - 28-Aug-24
2025-05-06 20:10:13,845 - INFO - Found funding amount: 4000000
2025-05-06 20:10:13,878 - INFO - Extracted: Linker Finance - 27-Aug-24
2025-05-06 20:10:13,878 - INFO - Found funding amount: 3700000
2025-05-06 20:10:13,908 - INFO - Extracted: ProhostAI - 27-Aug-24
2025-05-06 20:10:13,908 - INFO - Found funding amount: 1465000
2025-05-06 20:10:13,938 - INFO - Extracted: Cribl - 27-Aug-24
2025-05-06 20:10:13,938 - INFO - Found funding amount: 200000000
2025-05-06 20:10:13,973 - INFO - Extracted: Gameplay Galaxy - 27-Aug-24
2025-05-06 20:10:13,973 - INFO - Found funding amount: 11170000
2025-05-06 20:10:14,008 - INFO - Extracted: Spire Global - 27-Aug-24
2025-05-06 20:10:14,008 - INFO - Found funding amount: 3500000
2025-05-06 20:10:14,040 - INFO - Extracted: Fleet - 27-Aug-24
2025-05-06 20:10:14,040 - INFO - Found funding amount: 2500000
2025-05-06 20:10:14,071 - INFO - Extracted: just words - 27-Aug-24
2025-05-06 20:10:14,071 - INFO - Found funding amount: 1700000
2025-05-06 20:10:14,105 - INFO - Extracted: Planera - 27-Aug-24
2025-05-06 20:10:14,105 - INFO - Found funding amount: 13500000
2025-05-06 20:10:14,155 - INFO - Extracted: Clearway Energy Group - 26-Aug-24
2025-05-06 20:10:14,155 - INFO - Found funding amount: 550000000
2025-05-06 20:10:14,200 - INFO - Extracted: Tavoro - 26-Aug-24
2025-05-06 20:10:14,200 - INFO - Found funding amount: 2500000
2025-05-06 20:10:14,240 - INFO - Extracted: Accession Risk Management Group - 22-Aug-24
2025-05-06 20:10:14,240 - INFO - Found funding amount: 1000000000
2025-05-06 20:10:14,278 - INFO - Extracted: Openwater - 22-Aug-24
2025-05-06 20:10:14,278 - INFO - Found funding amount: 54000000
2025-05-06 20:10:14,315 - INFO - Extracted: Scale AI - 21-Aug-24
2025-05-06 20:10:14,315 - INFO - Found funding amount: 1000000000
2025-05-06 20:10:14,350 - INFO - Extracted: Kodiak Robotics - 21-Aug-24
2025-05-06 20:10:14,350 - INFO - Found funding amount: 0
2025-05-06 20:10:14,350 - INFO - Successfully extracted 20 new companies from page 20
2025-05-06 20:10:14,350 - INFO - Attempting to navigate from page 20
2025-05-06 20:10:21,006 - INFO - JavaScript verification confirmed page changed
2025-05-06 20:10:22,187 - INFO - Extracting data from page 21
2025-05-06 20:10:23,236 - INFO - Trying standard table extraction
2025-05-06 20:10:23,294 - INFO - Found funding amount column at index 6
2025-05-06 20:10:23,298 - INFO - Found headquarters column at index 7
2025-05-06 20:10:23,306 - INFO - Found 22 potential data rows
2025-05-06 20:10:23,354 - INFO - Extracted: Qualified Digital - 21-Aug-24
2025-05-06 20:10:23,354 - INFO - Found funding amount: 0
2025-05-06 20:10:23,387 - INFO - Extracted: Skyfire Systems - 21-Aug-24
2025-05-06 20:10:23,387 - INFO - Found funding amount: 8500000
2025-05-06 20:10:23,420 - INFO - Extracted: XII Medical - 21-Aug-24
2025-05-06 20:10:23,420 - INFO - Found funding amount: 45000000
2025-05-06 20:10:23,453 - INFO - Extracted: Piramidal - 21-Aug-24
2025-05-06 20:10:23,453 - INFO - Found funding amount: 6000000
2025-05-06 20:10:23,488 - INFO - Extracted: Lettuce Financial - 21-Aug-24
2025-05-06 20:10:23,488 - INFO - Found funding amount: 15000000
2025-05-06 20:10:23,526 - INFO - Extracted: Enteligent - 20-Aug-24
2025-05-06 20:10:23,526 - INFO - Found funding amount: 6000000
2025-05-06 20:10:23,569 - INFO - Extracted: Starpath Robotics - 20-Aug-24
2025-05-06 20:10:23,569 - INFO - Found funding amount: 12000000
2025-05-06 20:10:23,607 - INFO - Extracted: Kubiya.ai - 20-Aug-24
2025-05-06 20:10:23,607 - INFO - Found funding amount: 6000000
2025-05-06 20:10:23,654 - INFO - Extracted: Marathon Fusion - 20-Aug-24
2025-05-06 20:10:23,654 - INFO - Found funding amount: 5900000
2025-05-06 20:10:23,707 - INFO - Extracted: Pangeam Inc. - 20-Aug-24
2025-05-06 20:10:23,707 - INFO - Found funding amount: 2750000
2025-05-06 20:10:23,740 - INFO - Extracted: Eppo - 20-Aug-24
2025-05-06 20:10:23,740 - INFO - Found funding amount: 28000000
2025-05-06 20:10:23,772 - INFO - Extracted: Fortera - 20-Aug-24
2025-05-06 20:10:23,772 - INFO - Found funding amount: 85000000
2025-05-06 20:10:23,805 - INFO - Extracted: Exin Health - 19-Aug-24
2025-05-06 20:10:23,805 - INFO - Found funding amount: 0
2025-05-06 20:10:23,839 - INFO - Extracted: Fabric Cryptography - 19-Aug-24
2025-05-06 20:10:23,839 - INFO - Found funding amount: 33000000
2025-05-06 20:10:23,871 - INFO - Extracted: Ensemble AI - 15-Aug-24
2025-05-06 20:10:23,871 - INFO - Found funding amount: 3300000
2025-05-06 20:10:23,904 - INFO - Extracted: Era Finance - 15-Aug-24
2025-05-06 20:10:23,904 - INFO - Found funding amount: 9362409
2025-05-06 20:10:23,939 - INFO - Extracted: Kiteworks - 14-Aug-24
2025-05-06 20:10:23,939 - INFO - Found funding amount: 456000000
2025-05-06 20:10:23,971 - INFO - Extracted: nunu.ai - 14-Aug-24
2025-05-06 20:10:23,971 - INFO - Found funding amount: 2000000
2025-05-06 20:10:24,004 - INFO - Extracted: Moximed - 13-Aug-24
2025-05-06 20:10:24,004 - INFO - Found funding amount: 61000000
2025-05-06 20:10:24,036 - INFO - Extracted: Guidewheel - 13-Aug-24
2025-05-06 20:10:24,037 - INFO - Found funding amount: 31000000
2025-05-06 20:10:24,037 - INFO - Successfully extracted 20 new companies from page 21
2025-05-06 20:10:24,037 - INFO - Attempting to navigate from page 21
2025-05-06 20:10:30,223 - INFO - JavaScript verification confirmed page changed
2025-05-06 20:10:30,928 - INFO - Extracting data from page 22
2025-05-06 20:10:31,422 - INFO - Trying standard table extraction
2025-05-06 20:10:31,465 - INFO - Found funding amount column at index 6
2025-05-06 20:10:31,469 - INFO - Found headquarters column at index 7
2025-05-06 20:10:31,477 - INFO - Found 22 potential data rows
2025-05-06 20:10:31,530 - INFO - Extracted: Cision Vision - 13-Aug-24
2025-05-06 20:10:31,530 - INFO - Found funding amount: 22300000
2025-05-06 20:10:31,566 - INFO - Extracted: PayZen - 13-Aug-24
2025-05-06 20:10:31,566 - INFO - Found funding amount: 200000000
2025-05-06 20:10:31,597 - INFO - Extracted: Voltera - 13-Aug-24
2025-05-06 20:10:31,597 - INFO - Found funding amount: 100000000
2025-05-06 20:10:31,635 - INFO - Extracted: HeatMap, Inc - 13-Aug-24
2025-05-06 20:10:31,635 - INFO - Found funding amount: 4000000
2025-05-06 20:10:31,713 - INFO - Extracted: Cosine - 12-Aug-24
2025-05-06 20:10:31,713 - INFO - Found funding amount: 2500000
2025-05-06 20:10:31,751 - INFO - Extracted: DevRev - 9-Aug-24
2025-05-06 20:10:31,751 - INFO - Found funding amount: 100825173
2025-05-06 20:10:31,784 - INFO - Extracted: Double - 9-Aug-24
2025-05-06 20:10:31,784 - INFO - Found funding amount: 500000
2025-05-06 20:10:31,815 - INFO - Extracted: Brisk Teaching - 9-Aug-24
2025-05-06 20:10:31,815 - INFO - Found funding amount: 6899995
2025-05-06 20:10:31,846 - INFO - Extracted: Feeling Great - 8-Aug-24
2025-05-06 20:10:31,846 - INFO - Found funding amount: 8000000
2025-05-06 20:10:31,877 - INFO - Extracted: Reforged Labs - 8-Aug-24
2025-05-06 20:10:31,877 - INFO - Found funding amount: 3900000
2025-05-06 20:10:31,908 - INFO - Extracted: Opal - 8-Aug-24
2025-05-06 20:10:31,908 - INFO - Found funding amount: 60000000
2025-05-06 20:10:31,938 - INFO - Extracted: Switchback Systems - 8-Aug-24
2025-05-06 20:10:31,938 - INFO - Found funding amount: 10088281
2025-05-06 20:10:31,968 - INFO - Extracted: Bardeen - 8-Aug-24
2025-05-06 20:10:31,968 - INFO - Found funding amount: 3000000
2025-05-06 20:10:32,000 - INFO - Extracted: Bryte - 8-Aug-24
2025-05-06 20:10:32,000 - INFO - Found funding amount: 1000000
2025-05-06 20:10:32,032 - INFO - Extracted: Ionetix - 7-Aug-24
2025-05-06 20:10:32,032 - INFO - Found funding amount: 0
2025-05-06 20:10:32,066 - INFO - Extracted: Anjuna - 7-Aug-24
2025-05-06 20:10:32,066 - INFO - Found funding amount: 25000000
2025-05-06 20:10:32,103 - INFO - Extracted: Flow - 7-Aug-24
2025-05-06 20:10:32,103 - INFO - Found funding amount: 6000000
2025-05-06 20:10:32,137 - INFO - Extracted: Napkin AI - 7-Aug-24
2025-05-06 20:10:32,137 - INFO - Found funding amount: 10000000
2025-05-06 20:10:32,169 - INFO - Extracted: Datch - 7-Aug-24
2025-05-06 20:10:32,169 - INFO - Found funding amount: 15000000
2025-05-06 20:10:32,203 - INFO - Extracted: Greptime - 7-Aug-24
2025-05-06 20:10:32,203 - INFO - Found funding amount: 0
2025-05-06 20:10:32,203 - INFO - Successfully extracted 20 new companies from page 22
2025-05-06 20:10:32,203 - INFO - Attempting to navigate from page 22
2025-05-06 20:10:38,430 - INFO - JavaScript verification confirmed page changed
2025-05-06 20:10:39,371 - INFO - Extracting data from page 23
2025-05-06 20:10:39,954 - INFO - Trying standard table extraction
2025-05-06 20:10:40,007 - INFO - Found funding amount column at index 6
2025-05-06 20:10:40,012 - INFO - Found headquarters column at index 7
2025-05-06 20:10:40,021 - INFO - Found 22 potential data rows
2025-05-06 20:10:40,067 - INFO - Extracted: Sundial - 6-Aug-24
2025-05-06 20:10:40,067 - INFO - Found funding amount: 23348218
2025-05-06 20:10:40,099 - INFO - Extracted: Mechanical Orchard - 6-Aug-24
2025-05-06 20:10:40,099 - INFO - Found funding amount: 50000000
2025-05-06 20:10:40,131 - INFO - Extracted: MentalHappy - 6-Aug-24
2025-05-06 20:10:40,131 - INFO - Found funding amount: 500000
2025-05-06 20:10:40,163 - INFO - Extracted: Abnormal Security - 6-Aug-24
2025-05-06 20:10:40,163 - INFO - Found funding amount: 250000000
2025-05-06 20:10:40,196 - INFO - Extracted: Climatize - 6-Aug-24
2025-05-06 20:10:40,196 - INFO - Found funding amount: 1750000
2025-05-06 20:10:40,230 - INFO - Extracted: Shinobi Therapeutics - 6-Aug-24
2025-05-06 20:10:40,230 - INFO - Found funding amount: 68000000
2025-05-06 20:10:40,262 - INFO - Extracted: Curio Research - 6-Aug-24
2025-05-06 20:10:40,262 - INFO - Found funding amount: 5700000
2025-05-06 20:10:40,294 - INFO - Extracted: Muon Space - 5-Aug-24
2025-05-06 20:10:40,294 - INFO - Found funding amount: 56703744
2025-05-06 20:10:40,326 - INFO - Extracted: Groq - 5-Aug-24
2025-05-06 20:10:40,326 - INFO - Found funding amount: 640000000
2025-05-06 20:10:40,356 - INFO - Extracted: AutoComplete - 5-Aug-24
2025-05-06 20:10:40,356 - INFO - Found funding amount: 0
2025-05-06 20:10:40,404 - INFO - Extracted: Solarcycle - 1-Aug-24
2025-05-06 20:10:40,404 - INFO - Found funding amount: 31629998
2025-05-06 20:10:40,447 - INFO - Extracted: Hedra - 1-Aug-24
2025-05-06 20:10:40,447 - INFO - Found funding amount: 10000000
2025-05-06 20:10:40,481 - INFO - Extracted: Skillfully - 1-Aug-24
2025-05-06 20:10:40,481 - INFO - Found funding amount: 2500000
2025-05-06 20:10:40,516 - INFO - Extracted: Global Predictions - 1-Aug-24
2025-05-06 20:10:40,516 - INFO - Found funding amount: 2000000
2025-05-06 20:10:40,550 - INFO - Extracted: Tezi - 31-Jul-24
2025-05-06 20:10:40,550 - INFO - Found funding amount: 9000000
2025-05-06 20:10:40,585 - INFO - Extracted: Thumbtack - 31-Jul-24
2025-05-06 20:10:40,585 - INFO - Found funding amount: 75000000
2025-05-06 20:10:40,626 - INFO - Extracted: Swords to Plowshares - 31-Jul-24
2025-05-06 20:10:40,626 - INFO - Found funding amount: 0
2025-05-06 20:10:40,666 - INFO - Extracted: Ema - 31-Jul-24
2025-05-06 20:10:40,666 - INFO - Found funding amount: 36000000
2025-05-06 20:10:40,700 - INFO - Extracted: Endari - 31-Jul-24
2025-05-06 20:10:40,700 - INFO - Found funding amount: 4000000
2025-05-06 20:10:40,732 - INFO - Extracted: Streamkap - 31-Jul-24
2025-05-06 20:10:40,732 - INFO - Found funding amount: 3300000
2025-05-06 20:10:40,732 - INFO - Successfully extracted 20 new companies from page 23
2025-05-06 20:10:40,732 - INFO - Attempting to navigate from page 23
2025-05-06 20:10:46,284 - INFO - JavaScript verification confirmed page changed
2025-05-06 20:10:46,892 - INFO - Extracting data from page 24
2025-05-06 20:10:47,674 - INFO - Trying standard table extraction
2025-05-06 20:10:47,719 - INFO - Found funding amount column at index 6
2025-05-06 20:10:47,723 - INFO - Found headquarters column at index 7
2025-05-06 20:10:47,731 - INFO - Found 22 potential data rows
2025-05-06 20:10:47,784 - INFO - Extracted: Rhombus Systems - 30-Jul-24
2025-05-06 20:10:47,784 - INFO - Found funding amount: 45000000
2025-05-06 20:10:47,818 - INFO - Extracted: Credo AI - 30-Jul-24
2025-05-06 20:10:47,818 - INFO - Found funding amount: 21000000
2025-05-06 20:10:47,849 - INFO - Extracted: Montara Therapeutics - 30-Jul-24
2025-05-06 20:10:47,849 - INFO - Found funding amount: 8000000
2025-05-06 20:10:47,883 - INFO - Extracted: Haus - 30-Jul-24
2025-05-06 20:10:47,883 - INFO - Found funding amount: 20000000
2025-05-06 20:10:47,916 - INFO - Extracted: Sybill AI - 30-Jul-24
2025-05-06 20:10:47,916 - INFO - Found funding amount: 11000000
2025-05-06 20:10:47,950 - INFO - Extracted: Aviato - 30-Jul-24
2025-05-06 20:10:47,950 - INFO - Found funding amount: 0
2025-05-06 20:10:47,986 - INFO - Extracted: LTZ Therapeutics - 30-Jul-24
2025-05-06 20:10:47,986 - INFO - Found funding amount: 20000000
2025-05-06 20:10:48,019 - INFO - Extracted: unspun - 29-Jul-24
2025-05-06 20:10:48,019 - INFO - Found funding amount: 32000000
2025-05-06 20:10:48,054 - INFO - Extracted: OnSight - 29-Jul-24
2025-05-06 20:10:48,054 - INFO - Found funding amount: 0
2025-05-06 20:10:48,088 - INFO - Extracted: Rillet - 29-Jul-24
2025-05-06 20:10:48,089 - INFO - Found funding amount: 13500000
2025-05-06 20:10:48,123 - INFO - Extracted: ReviR Therapeutics - 26-Jul-24
2025-05-06 20:10:48,123 - INFO - Found funding amount: 30000000
2025-05-06 20:10:48,160 - INFO - Extracted: Cowbell - 26-Jul-24
2025-05-06 20:10:48,161 - INFO - Found funding amount: 60000000
2025-05-06 20:10:48,194 - INFO - Extracted: Imperative Care - 25-Jul-24
2025-05-06 20:10:48,194 - INFO - Found funding amount: 150000000
2025-05-06 20:10:48,235 - INFO - Extracted: IntelePeer - 25-Jul-24
2025-05-06 20:10:48,235 - INFO - Found funding amount: 140000000
2025-05-06 20:10:48,267 - INFO - Extracted: EtherWhere - 25-Jul-24
2025-05-06 20:10:48,267 - INFO - Found funding amount: 16300000
2025-05-06 20:10:48,300 - INFO - Extracted: InnerPlant - 25-Jul-24
2025-05-06 20:10:48,300 - INFO - Found funding amount: 30000000
2025-05-06 20:10:48,332 - INFO - Extracted: Vanta - 24-Jul-24
2025-05-06 20:10:48,332 - INFO - Found funding amount: 150000000
2025-05-06 20:10:48,365 - INFO - Extracted: Recurrent Energy - 24-Jul-24
2025-05-06 20:10:48,365 - INFO - Found funding amount: 50000000
2025-05-06 20:10:48,409 - INFO - Extracted: Dazz - 24-Jul-24
2025-05-06 20:10:48,409 - INFO - Found funding amount: 50000000
2025-05-06 20:10:48,453 - INFO - Extracted: Sound Health - 24-Jul-24
2025-05-06 20:10:48,453 - INFO - Found funding amount: 7000000
2025-05-06 20:10:48,453 - INFO - Successfully extracted 20 new companies from page 24
2025-05-06 20:10:48,453 - INFO - Attempting to navigate from page 24
2025-05-06 20:10:54,519 - INFO - JavaScript verification confirmed page changed
2025-05-06 20:10:55,049 - INFO - Extracting data from page 25
2025-05-06 20:10:55,826 - INFO - Trying standard table extraction
2025-05-06 20:10:55,869 - INFO - Found funding amount column at index 6
2025-05-06 20:10:55,873 - INFO - Found headquarters column at index 7
2025-05-06 20:10:55,881 - INFO - Found 22 potential data rows
2025-05-06 20:10:55,927 - INFO - Extracted: Hume Supernatural - 24-Jul-24
2025-05-06 20:10:55,927 - INFO - Found funding amount: 200000
2025-05-06 20:10:55,957 - INFO - Extracted: Blumen Systems - 24-Jul-24
2025-05-06 20:10:55,957 - INFO - Found funding amount: 6385989
2025-05-06 20:10:55,987 - INFO - Extracted: Lakera AI - 24-Jul-24
2025-05-06 20:10:55,987 - INFO - Found funding amount: 20000000
2025-05-06 20:10:56,020 - INFO - Extracted: Astranis - 24-Jul-24
2025-05-06 20:10:56,020 - INFO - Found funding amount: 200000000
2025-05-06 20:10:56,052 - INFO - Extracted: Joy - 24-Jul-24
2025-05-06 20:10:56,052 - INFO - Found funding amount: 10000000
2025-05-06 20:10:56,083 - INFO - Extracted: Caldera - 24-Jul-24
2025-05-06 20:10:56,083 - INFO - Found funding amount: 15000000
2025-05-06 20:10:56,114 - INFO - Extracted: IncellDx - 23-Jul-24
2025-05-06 20:10:56,115 - INFO - Found funding amount: 500000
2025-05-06 20:10:56,147 - INFO - Extracted: Powder - 23-Jul-24
2025-05-06 20:10:56,147 - INFO - Found funding amount: 5000000
2025-05-06 20:10:56,178 - INFO - Extracted: Harvey - 23-Jul-24
2025-05-06 20:10:56,178 - INFO - Found funding amount: 100000000
2025-05-06 20:10:56,224 - INFO - Extracted: Placer.ai - 23-Jul-24
2025-05-06 20:10:56,224 - INFO - Found funding amount: 54500187
2025-05-06 20:10:56,254 - INFO - Extracted: Momentum - 23-Jul-24
2025-05-06 20:10:56,254 - INFO - Found funding amount: 13000000
2025-05-06 20:10:56,284 - INFO - Extracted: SirenOpt - 23-Jul-24
2025-05-06 20:10:56,285 - INFO - Found funding amount: 6600000
2025-05-06 20:10:56,315 - INFO - Extracted: Uplimit - 23-Jul-24
2025-05-06 20:10:56,315 - INFO - Found funding amount: 11000000
2025-05-06 20:10:56,346 - INFO - Extracted: Mytra - 23-Jul-24
2025-05-06 20:10:56,346 - INFO - Found funding amount: 50000000
2025-05-06 20:10:56,377 - INFO - Extracted: Level AI - 23-Jul-24
2025-05-06 20:10:56,378 - INFO - Found funding amount: 39400000
2025-05-06 20:10:56,409 - INFO - Extracted: Alixia - 23-Jul-24
2025-05-06 20:10:56,409 - INFO - Found funding amount: 1825445
2025-05-06 20:10:56,439 - INFO - Extracted: Elly Analytics, Inc. - 22-Jul-24
2025-05-06 20:10:56,439 - INFO - Found funding amount: 1000000
2025-05-06 20:10:56,470 - INFO - Extracted: Noded Ai - 22-Jul-24
2025-05-06 20:10:56,470 - INFO - Found funding amount: 4000000
2025-05-06 20:10:56,500 - INFO - Extracted: EdgeRunner AI - 18-Jul-24
2025-05-06 20:10:56,500 - INFO - Found funding amount: 5500000
2025-05-06 20:10:56,531 - INFO - Extracted: Arrcus - 18-Jul-24
2025-05-06 20:10:56,531 - INFO - Found funding amount: 30000000
2025-05-06 20:10:56,531 - INFO - Successfully extracted 20 new companies from page 25
2025-05-06 20:10:56,531 - INFO - Attempting to navigate from page 25
2025-05-06 20:11:02,211 - INFO - JavaScript verification confirmed page changed
2025-05-06 20:11:02,731 - INFO - Extracting data from page 26
2025-05-06 20:11:03,463 - INFO - Trying standard table extraction
2025-05-06 20:11:03,529 - INFO - Found funding amount column at index 6
2025-05-06 20:11:03,533 - INFO - Found headquarters column at index 7
2025-05-06 20:11:03,542 - INFO - Found 22 potential data rows
2025-05-06 20:11:03,588 - INFO - Extracted: Juno - 18-Jul-24
2025-05-06 20:11:03,589 - INFO - Found funding amount: 8500000
2025-05-06 20:11:03,635 - INFO - Extracted: d.light - 17-Jul-24
2025-05-06 20:11:03,635 - INFO - Found funding amount: 176000000
2025-05-06 20:11:03,672 - INFO - Extracted: Human Interest - 17-Jul-24
2025-05-06 20:11:03,672 - INFO - Found funding amount: 242000000
2025-05-06 20:11:03,702 - INFO - Extracted: Caltech - 17-Jul-24
2025-05-06 20:11:03,702 - INFO - Found funding amount: 10000000
2025-05-06 20:11:03,733 - INFO - Extracted: NGM Biopharmaceuticals - 17-Jul-24
2025-05-06 20:11:03,733 - INFO - Found funding amount: 122000000
2025-05-06 20:11:03,763 - INFO - Extracted: aiXplain - 17-Jul-24
2025-05-06 20:11:03,763 - INFO - Found funding amount: 6500000
2025-05-06 20:11:03,794 - INFO - Extracted: Ohlone College - 17-Jul-24
2025-05-06 20:11:03,794 - INFO - Found funding amount: 50000
2025-05-06 20:11:03,826 - INFO - Extracted: Slope - 17-Jul-24
2025-05-06 20:11:03,827 - INFO - Found funding amount: 50000000
2025-05-06 20:11:03,857 - INFO - Extracted: Matera - 17-Jul-24
2025-05-06 20:11:03,857 - INFO - Found funding amount: 100000000
2025-05-06 20:11:03,889 - INFO - Extracted: Solideon - 17-Jul-24
2025-05-06 20:11:03,889 - INFO - Found funding amount: 5000000
2025-05-06 20:11:03,919 - INFO - Extracted: Vectara - 16-Jul-24
2025-05-06 20:11:03,919 - INFO - Found funding amount: 25000000
2025-05-06 20:11:03,952 - INFO - Extracted: Tekion - 16-Jul-24
2025-05-06 20:11:03,952 - INFO - Found funding amount: 200000000
2025-05-06 20:11:03,982 - INFO - Extracted: The San Francisco Compute Company - 16-Jul-24
2025-05-06 20:11:03,982 - INFO - Found funding amount: 12000000
2025-05-06 20:11:04,015 - INFO - Extracted: DreamBig Semiconductor - 16-Jul-24
2025-05-06 20:11:04,015 - INFO - Found funding amount: 75000000
2025-05-06 20:11:04,045 - INFO - Extracted: Echo Chunk AI - 16-Jul-24
2025-05-06 20:11:04,045 - INFO - Found funding amount: 1400000
2025-05-06 20:11:04,081 - INFO - Extracted: Botrista Technology - 16-Jul-24
2025-05-06 20:11:04,081 - INFO - Found funding amount: 65000000
2025-05-06 20:11:04,112 - INFO - Extracted: Dusk - 16-Jul-24
2025-05-06 20:11:04,112 - INFO - Found funding amount: 8000000
2025-05-06 20:11:04,142 - INFO - Extracted: Sphere Technology Holdings - 15-Jul-24
2025-05-06 20:11:04,142 - INFO - Found funding amount: 9511799
2025-05-06 20:11:04,175 - INFO - Extracted: Halo Industries - 15-Jul-24
2025-05-06 20:11:04,175 - INFO - Found funding amount: 80000000
2025-05-06 20:11:04,206 - INFO - Extracted: NeuSpera Medical - 15-Jul-24
2025-05-06 20:11:04,206 - INFO - Found funding amount: 23000000
2025-05-06 20:11:04,206 - INFO - Successfully extracted 20 new companies from page 26
2025-05-06 20:11:04,206 - INFO - Attempting to navigate from page 26
2025-05-06 20:11:09,693 - INFO - JavaScript verification confirmed page changed
2025-05-06 20:11:10,671 - INFO - Extracting data from page 27
2025-05-06 20:11:11,884 - INFO - Trying standard table extraction
2025-05-06 20:11:11,917 - INFO - Found funding amount column at index 6
2025-05-06 20:11:11,922 - INFO - Found headquarters column at index 7
2025-05-06 20:11:11,930 - INFO - Found 22 potential data rows
2025-05-06 20:11:11,976 - INFO - Extracted: Metabase Q - 15-Jul-24
2025-05-06 20:11:11,976 - INFO - Found funding amount: 5099986
2025-05-06 20:11:12,006 - INFO - Extracted: Vivoo - 15-Jul-24
2025-05-06 20:11:12,006 - INFO - Found funding amount: 0
2025-05-06 20:11:12,037 - INFO - Extracted: SmarterLicense - 15-Jul-24
2025-05-06 20:11:12,037 - INFO - Found funding amount: 1100000
2025-05-06 20:11:12,072 - INFO - Extracted: Digestiva - 15-Jul-24
2025-05-06 20:11:12,072 - INFO - Found funding amount: 18400000
2025-05-06 20:11:12,105 - INFO - Extracted: Odyssey - 12-Jul-24
2025-05-06 20:11:12,105 - INFO - Found funding amount: 9000000
2025-05-06 20:11:12,140 - INFO - Extracted: Armada - 11-Jul-24
2025-05-06 20:11:12,140 - INFO - Found funding amount: 40000000
2025-05-06 20:11:12,174 - INFO - Extracted: Mantle - 10-Jul-24
2025-05-06 20:11:12,174 - INFO - Found funding amount: 20000000
2025-05-06 20:11:12,206 - INFO - Extracted: Lekko - 10-Jul-24
2025-05-06 20:11:12,206 - INFO - Found funding amount: 4500000
2025-05-06 20:11:12,245 - INFO - Extracted: Hayden AI - 10-Jul-24
2025-05-06 20:11:12,245 - INFO - Found funding amount: 90000000
2025-05-06 20:11:12,279 - INFO - Extracted: Adona Medical - 10-Jul-24
2025-05-06 20:11:12,279 - INFO - Found funding amount: 13369997
2025-05-06 20:11:12,319 - INFO - Extracted: Safe Passages - 9-Jul-24
2025-05-06 20:11:12,319 - INFO - Found funding amount: 270000
2025-05-06 20:11:12,356 - INFO - Extracted: Valo.ai - 9-Jul-24
2025-05-06 20:11:12,356 - INFO - Found funding amount: 0
2025-05-06 20:11:12,407 - INFO - Extracted: Volley - 9-Jul-24
2025-05-06 20:11:12,407 - INFO - Found funding amount: 55000000
2025-05-06 20:11:12,440 - INFO - Extracted: Accend - 9-Jul-24
2025-05-06 20:11:12,440 - INFO - Found funding amount: 3200000
2025-05-06 20:11:12,474 - INFO - Extracted: NovoNutrients - 9-Jul-24
2025-05-06 20:11:12,474 - INFO - Found funding amount: 18000000
2025-05-06 20:11:12,515 - INFO - Extracted: Default - 8-Jul-24
2025-05-06 20:11:12,515 - INFO - Found funding amount: 4000000
2025-05-06 20:11:12,549 - INFO - Extracted: Cartken - 3-Jul-24
2025-05-06 20:11:12,549 - INFO - Found funding amount: 10000000
2025-05-06 20:11:12,588 - INFO - Extracted: Granza Bio - 3-Jul-24
2025-05-06 20:11:12,588 - INFO - Found funding amount: 7140000
2025-05-06 20:11:12,622 - INFO - Extracted: Frontier Energy - 2-Jul-24
2025-05-06 20:11:12,622 - INFO - Found funding amount: 0
2025-05-06 20:11:12,666 - INFO - Extracted: BRB APP INC - 1-Jul-24
2025-05-06 20:11:12,666 - INFO - Found funding amount: 0
2025-05-06 20:11:12,666 - INFO - Successfully extracted 20 new companies from page 27
2025-05-06 20:11:12,666 - INFO - Attempting to navigate from page 27
2025-05-06 20:11:18,880 - INFO - JavaScript verification confirmed page changed
2025-05-06 20:11:20,000 - INFO - Extracting data from page 28
2025-05-06 20:11:21,090 - INFO - Trying standard table extraction
2025-05-06 20:11:21,190 - INFO - Found funding amount column at index 6
2025-05-06 20:11:21,196 - INFO - Found headquarters column at index 7
2025-05-06 20:11:21,205 - INFO - Found 22 potential data rows
2025-05-06 20:11:21,271 - INFO - Extracted: UptimeAI - 1-Jul-24
2025-05-06 20:11:21,271 - INFO - Found funding amount: 13999999
2025-05-06 20:11:21,305 - INFO - Extracted: AnswerGrid - 1-Jul-24
2025-05-06 20:11:21,305 - INFO - Found funding amount: 500000
2025-05-06 20:11:21,334 - INFO - Extracted: Senti Biosciences - 1-Jul-24
2025-05-06 20:11:21,335 - INFO - Found funding amount: 8000000
2025-05-06 20:11:21,364 - INFO - Extracted: Pivot Robots - 1-Jul-24
2025-05-06 20:11:21,364 - INFO - Found funding amount: 500000
2025-05-06 20:11:21,396 - INFO - Extracted: Odaseva - 27-Jun-24
2025-05-06 20:11:21,396 - INFO - Found funding amount: 54000000
2025-05-06 20:11:21,429 - INFO - Extracted: Aether Fuels - 27-Jun-24
2025-05-06 20:11:21,429 - INFO - Found funding amount: 34000000
2025-05-06 20:11:21,459 - INFO - Extracted: GetReal Labs - 27-Jun-24
2025-05-06 20:11:21,459 - INFO - Found funding amount: 0
2025-05-06 20:11:21,489 - INFO - Extracted: Fetchflow - 27-Jun-24
2025-05-06 20:11:21,489 - INFO - Found funding amount: 500000
2025-05-06 20:11:21,520 - INFO - Extracted: KarmaCheck - 27-Jun-24
2025-05-06 20:11:21,520 - INFO - Found funding amount: 45000000
2025-05-06 20:11:21,550 - INFO - Extracted: Clearstory.build - 27-Jun-24
2025-05-06 20:11:21,550 - INFO - Found funding amount: 16000000
2025-05-06 20:11:21,580 - INFO - Extracted: Foodsmart - 26-Jun-24
2025-05-06 20:11:21,580 - INFO - Found funding amount: 200000000
2025-05-06 20:11:21,622 - INFO - Extracted: Ario - 26-Jun-24
2025-05-06 20:11:21,622 - INFO - Found funding amount: 16000000
2025-05-06 20:11:21,661 - INFO - Extracted: Rondo Energy - 26-Jun-24
2025-05-06 20:11:21,662 - INFO - Found funding amount: 75000000
2025-05-06 20:11:21,715 - INFO - Extracted: Onehouse - 26-Jun-24
2025-05-06 20:11:21,715 - INFO - Found funding amount: 35000000
2025-05-06 20:11:21,747 - INFO - Extracted: Frontier Medicines - 25-Jun-24
2025-05-06 20:11:21,747 - INFO - Found funding amount: 20000000
2025-05-06 20:11:21,779 - INFO - Extracted: Conduit - 25-Jun-24
2025-05-06 20:11:21,779 - INFO - Found funding amount: 37000000
2025-05-06 20:11:21,824 - INFO - Extracted: Cloudian - 25-Jun-24
2025-05-06 20:11:21,824 - INFO - Found funding amount: 23000000
2025-05-06 20:11:21,855 - INFO - Extracted: Asteri AI - 25-Jun-24
2025-05-06 20:11:21,855 - INFO - Found funding amount: 0
2025-05-06 20:11:21,885 - INFO - Extracted: Antora Energy - 25-Jun-24
2025-05-06 20:11:21,885 - INFO - Found funding amount: 14500000
2025-05-06 20:11:21,933 - INFO - Extracted: VidAU - 25-Jun-24
2025-05-06 20:11:21,933 - INFO - Found funding amount: 0
2025-05-06 20:11:21,933 - INFO - Successfully extracted 20 new companies from page 28
2025-05-06 20:11:21,933 - INFO - Attempting to navigate from page 28
2025-05-06 20:11:27,003 - INFO - JavaScript verification confirmed page changed
2025-05-06 20:11:28,105 - INFO - Extracting data from page 29
2025-05-06 20:11:28,734 - INFO - Trying standard table extraction
2025-05-06 20:11:28,866 - INFO - Found funding amount column at index 6
2025-05-06 20:11:28,872 - INFO - Found headquarters column at index 7
2025-05-06 20:11:28,891 - INFO - Found 22 potential data rows
2025-05-06 20:11:28,963 - INFO - Extracted: Etched.ai - 25-Jun-24
2025-05-06 20:11:28,964 - INFO - Found funding amount: 120000000
2025-05-06 20:11:29,015 - INFO - Extracted: Sift - 25-Jun-24
2025-05-06 20:11:29,016 - INFO - Found funding amount: 17500000
2025-05-06 20:11:29,060 - INFO - Extracted: TwoStep Therapeutics - 25-Jun-24
2025-05-06 20:11:29,060 - INFO - Found funding amount: 6500000
2025-05-06 20:11:29,102 - INFO - Extracted: Opus1.io - 25-Jun-24
2025-05-06 20:11:29,102 - INFO - Found funding amount: 0
2025-05-06 20:11:29,140 - INFO - Extracted: Klarity - 24-Jun-24
2025-05-06 20:11:29,140 - INFO - Found funding amount: 70000000
2025-05-06 20:11:29,224 - INFO - Extracted: Tusk - 21-Jun-24
2025-05-06 20:11:29,224 - INFO - Found funding amount: 500000
2025-05-06 20:11:29,268 - INFO - Extracted: MEandMine - 20-Jun-24
2025-05-06 20:11:29,268 - INFO - Found funding amount: 4500000
2025-05-06 20:11:29,324 - INFO - Extracted: Molten Industries - 20-Jun-24
2025-05-06 20:11:29,324 - INFO - Found funding amount: 25000000
2025-05-06 20:11:29,362 - INFO - Extracted: Aikido Technologies - 20-Jun-24
2025-05-06 20:11:29,362 - INFO - Found funding amount: 4000000
2025-05-06 20:11:29,397 - INFO - Extracted: Submix - 19-Jun-24
2025-05-06 20:11:29,397 - INFO - Found funding amount: 1000000
2025-05-06 20:11:29,435 - INFO - Extracted: Speechlab, Inc. - 19-Jun-24
2025-05-06 20:11:29,435 - INFO - Found funding amount: 2900000
2025-05-06 20:11:29,473 - INFO - Extracted: Specialized Packaging Group - 18-Jun-24
2025-05-06 20:11:29,473 - INFO - Found funding amount: 0
2025-05-06 20:11:29,513 - INFO - Extracted: Planted Solar - 18-Jun-24
2025-05-06 20:11:29,513 - INFO - Found funding amount: 20000000
2025-05-06 20:11:29,546 - INFO - Extracted: Promaxo - 18-Jun-24
2025-05-06 20:11:29,546 - INFO - Found funding amount: 0
2025-05-06 20:11:29,579 - INFO - Extracted: Sewer AI - 18-Jun-24
2025-05-06 20:11:29,579 - INFO - Found funding amount: 15000000
2025-05-06 20:11:29,613 - INFO - Extracted: Scoop Analytics - 18-Jun-24
2025-05-06 20:11:29,613 - INFO - Found funding amount: 3500000
2025-05-06 20:11:29,648 - INFO - Extracted: Loop Golf - 18-Jun-24
2025-05-06 20:11:29,648 - INFO - Found funding amount: 1000000
2025-05-06 20:11:29,688 - INFO - Extracted: Marea Therapeutics - 18-Jun-24
2025-05-06 20:11:29,688 - INFO - Found funding amount: 190000000
2025-05-06 20:11:29,724 - INFO - Extracted: Factory - 18-Jun-24
2025-05-06 20:11:29,724 - INFO - Found funding amount: 15000000
2025-05-06 20:11:29,761 - INFO - Extracted: Maxim - 18-Jun-24
2025-05-06 20:11:29,761 - INFO - Found funding amount: 250000000
2025-05-06 20:11:29,761 - INFO - Successfully extracted 20 new companies from page 29
2025-05-06 20:11:29,762 - INFO - Attempting to navigate from page 29
2025-05-06 20:11:36,610 - INFO - JavaScript verification confirmed page changed
2025-05-06 20:11:37,398 - INFO - Extracting data from page 30
2025-05-06 20:11:37,876 - INFO - Trying standard table extraction
2025-05-06 20:11:37,908 - INFO - Found funding amount column at index 6
2025-05-06 20:11:37,912 - INFO - Found headquarters column at index 7
2025-05-06 20:11:37,924 - INFO - Found 22 potential data rows
2025-05-06 20:11:38,000 - INFO - Extracted: Autify - 17-Jun-24
2025-05-06 20:11:38,000 - INFO - Found funding amount: 13000000
2025-05-06 20:11:38,040 - INFO - Extracted: Constructor - 17-Jun-24
2025-05-06 20:11:38,040 - INFO - Found funding amount: 25000000
2025-05-06 20:11:38,083 - INFO - Extracted: You.com - 17-Jun-24
2025-05-06 20:11:38,083 - INFO - Found funding amount: 50000000
2025-05-06 20:11:38,123 - INFO - Extracted: Take Homes - 17-Jun-24
2025-05-06 20:11:38,124 - INFO - Found funding amount: 150000
2025-05-06 20:11:38,163 - INFO - Extracted: Aepnus Technology - 14-Jun-24
2025-05-06 20:11:38,163 - INFO - Found funding amount: 8000000
2025-05-06 20:11:38,199 - INFO - Extracted: Better Health - 13-Jun-24
2025-05-06 20:11:38,199 - INFO - Found funding amount: 14000000
2025-05-06 20:11:38,233 - INFO - Extracted: Viridian Space - 13-Jun-24
2025-05-06 20:11:38,233 - INFO - Found funding amount: 0
2025-05-06 20:11:38,269 - INFO - Extracted: Remmie - 12-Jun-24
2025-05-06 20:11:38,269 - INFO - Found funding amount: 3000000
2025-05-06 20:11:38,305 - INFO - Extracted: Canary Technologies - 12-Jun-24
2025-05-06 20:11:38,305 - INFO - Found funding amount: 50000000
2025-05-06 20:11:38,346 - INFO - Extracted: Grayce - 12-Jun-24
2025-05-06 20:11:38,346 - INFO - Found funding amount: 10400000
2025-05-06 20:11:38,381 - INFO - Extracted: InScope - 12-Jun-24
2025-05-06 20:11:38,381 - INFO - Found funding amount: 4300000
2025-05-06 20:11:38,416 - INFO - Extracted: Learn to Win - 12-Jun-24
2025-05-06 20:11:38,416 - INFO - Found funding amount: 30000000
2025-05-06 20:11:38,451 - INFO - Extracted: Tesseract Medical Research - 11-Jun-24
2025-05-06 20:11:38,451 - INFO - Found funding amount: 20000000
2025-05-06 20:11:38,485 - INFO - Extracted: Cyberhaven - 11-Jun-24
2025-05-06 20:11:38,485 - INFO - Found funding amount: 88000000
2025-05-06 20:11:38,519 - INFO - Extracted: Found - 11-Jun-24
2025-05-06 20:11:38,519 - INFO - Found funding amount: 45999997
2025-05-06 20:11:38,552 - INFO - Extracted: Youth Speaks - 11-Jun-24
2025-05-06 20:11:38,552 - INFO - Found funding amount: 40000
2025-05-06 20:11:38,587 - INFO - Extracted: Perlumi - 11-Jun-24
2025-05-06 20:11:38,587 - INFO - Found funding amount: 4515899
2025-05-06 20:11:38,622 - INFO - Extracted: Nexus Laboratories - 10-Jun-24
2025-05-06 20:11:38,623 - INFO - Found funding amount: 25000000
2025-05-06 20:11:38,657 - INFO - Extracted: Pair Team - 10-Jun-24
2025-05-06 20:11:38,657 - INFO - Found funding amount: 500000
2025-05-06 20:11:38,690 - INFO - Extracted: Gatik - 10-Jun-24
2025-05-06 20:11:38,690 - INFO - Found funding amount: 0
2025-05-06 20:11:38,690 - INFO - Successfully extracted 20 new companies from page 30
2025-05-06 20:11:38,690 - INFO - Attempting to navigate from page 30
2025-05-06 20:11:44,484 - INFO - JavaScript verification confirmed page changed
2025-05-06 20:11:45,460 - INFO - Extracting data from page 31
2025-05-06 20:11:46,557 - INFO - Trying standard table extraction
2025-05-06 20:11:46,585 - INFO - Found funding amount column at index 6
2025-05-06 20:11:46,589 - INFO - Found headquarters column at index 7
2025-05-06 20:11:46,596 - INFO - Found 22 potential data rows
2025-05-06 20:11:46,637 - INFO - Extracted: InSync - 8-Jun-24
2025-05-06 20:11:46,637 - INFO - Found funding amount: 0
2025-05-06 20:11:46,667 - INFO - Extracted: Prolific Machines - 7-Jun-24
2025-05-06 20:11:46,667 - INFO - Found funding amount: 55000000
2025-05-06 20:11:46,695 - INFO - Extracted: Portal AI - 7-Jun-24
2025-05-06 20:11:46,695 - INFO - Found funding amount: 4500000
2025-05-06 20:11:46,726 - INFO - Extracted: Rising Team - 6-Jun-24
2025-05-06 20:11:46,726 - INFO - Found funding amount: 8000000
2025-05-06 20:11:46,762 - INFO - Extracted: Greptile - 6-Jun-24
2025-05-06 20:11:46,762 - INFO - Found funding amount: 4099999
2025-05-06 20:11:46,796 - INFO - Extracted: bem - 6-Jun-24
2025-05-06 20:11:46,796 - INFO - Found funding amount: 3700000
2025-05-06 20:11:46,831 - INFO - Extracted: Boys & Girls Clubs of Fresno County - 6-Jun-24
2025-05-06 20:11:46,831 - INFO - Found funding amount: 55000
2025-05-06 20:11:46,870 - INFO - Extracted: Cube Dev - 6-Jun-24
2025-05-06 20:11:46,870 - INFO - Found funding amount: 25000000
2025-05-06 20:11:46,908 - INFO - Extracted: Tobiko Data - 5-Jun-24
2025-05-06 20:11:46,908 - INFO - Found funding amount: 17300000
2025-05-06 20:11:46,948 - INFO - Extracted: Zingly - 5-Jun-24
2025-05-06 20:11:46,948 - INFO - Found funding amount: 10000000
2025-05-06 20:11:46,988 - INFO - Extracted: 100% Chiropractic - 5-Jun-24
2025-05-06 20:11:46,989 - INFO - Found funding amount: 0
2025-05-06 20:11:47,024 - INFO - Extracted: Pika - 5-Jun-24
2025-05-06 20:11:47,024 - INFO - Found funding amount: 80000000
2025-05-06 20:11:47,058 - INFO - Extracted: Xcimer Energy - 4-Jun-24
2025-05-06 20:11:47,058 - INFO - Found funding amount: 100000000
2025-05-06 20:11:47,090 - INFO - Extracted: Raydiant Oximetry - 4-Jun-24
2025-05-06 20:11:47,090 - INFO - Found funding amount: 7500000
2025-05-06 20:11:47,121 - INFO - Extracted: Vantage Discovery - 4-Jun-24
2025-05-06 20:11:47,121 - INFO - Found funding amount: 16000000
2025-05-06 20:11:47,154 - INFO - Extracted: Siren Biotechnology - 4-Jun-24
2025-05-06 20:11:47,154 - INFO - Found funding amount: 19611194
2025-05-06 20:11:47,186 - INFO - Extracted: SOFIE - 4-Jun-24
2025-05-06 20:11:47,186 - INFO - Found funding amount: 0
2025-05-06 20:11:47,219 - INFO - Extracted: AirMDR - 4-Jun-24
2025-05-06 20:11:47,219 - INFO - Found funding amount: 5000000
2025-05-06 20:11:47,250 - INFO - Extracted: Zum - 4-Jun-24
2025-05-06 20:11:47,250 - INFO - Found funding amount: 32000000
2025-05-06 20:11:47,289 - INFO - Extracted: Spike Technologies - 4-Jun-24
2025-05-06 20:11:47,289 - INFO - Found funding amount: 3200000
2025-05-06 20:11:47,289 - INFO - Successfully extracted 20 new companies from page 31
2025-05-06 20:11:47,289 - INFO - Attempting to navigate from page 31
2025-05-06 20:11:52,619 - INFO - JavaScript verification confirmed page changed
2025-05-06 20:11:53,839 - INFO - Extracting data from page 32
2025-05-06 20:11:54,558 - INFO - Trying standard table extraction
2025-05-06 20:11:54,591 - INFO - Found funding amount column at index 6
2025-05-06 20:11:54,594 - INFO - Found headquarters column at index 7
2025-05-06 20:11:54,601 - INFO - Found 22 potential data rows
2025-05-06 20:11:54,646 - INFO - Extracted: Pr√≥speros - 4-Jun-24
2025-05-06 20:11:54,646 - INFO - Found funding amount: 3000000
2025-05-06 20:11:54,682 - INFO - Extracted: Field Materials, Inc. - 4-Jun-24
2025-05-06 20:11:54,682 - INFO - Found funding amount: 3500000
2025-05-06 20:11:54,714 - INFO - Extracted: Viaduct - 4-Jun-24
2025-05-06 20:11:54,714 - INFO - Found funding amount: 10000000
2025-05-06 20:11:54,746 - INFO - Extracted: Tandem PV - 3-Jun-24
2025-05-06 20:11:54,746 - INFO - Found funding amount: 4700000
2025-05-06 20:11:54,777 - INFO - Extracted: Vimmerse - 3-Jun-24
2025-05-06 20:11:54,777 - INFO - Found funding amount: 0
2025-05-06 20:11:54,808 - INFO - Extracted: Ashby - 3-Jun-24
2025-05-06 20:11:54,808 - INFO - Found funding amount: 30000000
2025-05-06 20:11:54,838 - INFO - Extracted: Balance - 3-Jun-24
2025-05-06 20:11:54,838 - INFO - Found funding amount: 2500000
2025-05-06 20:11:54,868 - INFO - Extracted: Revi - 1-Jun-24
2025-05-06 20:11:54,868 - INFO - Found funding amount: 10000000
2025-05-06 20:11:54,898 - INFO - Extracted: Sprout HR - 1-Jun-24
2025-05-06 20:11:54,898 - INFO - Found funding amount: 0
2025-05-06 20:11:54,928 - INFO - Extracted: Point - 30-May-24
2025-05-06 20:11:54,928 - INFO - Found funding amount: 141000000
2025-05-06 20:11:54,959 - INFO - Extracted: Portside - 30-May-24
2025-05-06 20:11:54,959 - INFO - Found funding amount: 0
2025-05-06 20:11:54,989 - INFO - Extracted: Forward - 30-May-24
2025-05-06 20:11:54,989 - INFO - Found funding amount: 16000000
2025-05-06 20:11:55,019 - INFO - Extracted: Plural Energy - 30-May-24
2025-05-06 20:11:55,019 - INFO - Found funding amount: 2330000
2025-05-06 20:11:55,048 - INFO - Extracted: ZERO - 30-May-24
2025-05-06 20:11:55,048 - INFO - Found funding amount: 26112523
2025-05-06 20:11:55,078 - INFO - Extracted: Functional Finance - 30-May-24
2025-05-06 20:11:55,078 - INFO - Found funding amount: 16999992
2025-05-06 20:11:55,109 - INFO - Extracted: Valar Labs - 30-May-24
2025-05-06 20:11:55,109 - INFO - Found funding amount: 22000000
2025-05-06 20:11:55,146 - INFO - Extracted: BabylonChain - 30-May-24
2025-05-06 20:11:55,146 - INFO - Found funding amount: 70000000
2025-05-06 20:11:55,181 - INFO - Extracted: Plenful - 30-May-24
2025-05-06 20:11:55,181 - INFO - Found funding amount: 17000000
2025-05-06 20:11:55,212 - INFO - Extracted: TraceAir - 29-May-24
2025-05-06 20:11:55,212 - INFO - Found funding amount: 25000000
2025-05-06 20:11:55,242 - INFO - Extracted: Frore Systems - 29-May-24
2025-05-06 20:11:55,242 - INFO - Found funding amount: 80000000
2025-05-06 20:11:55,242 - INFO - Successfully extracted 20 new companies from page 32
2025-05-06 20:11:55,242 - INFO - Attempting to navigate from page 32
2025-05-06 20:12:01,134 - INFO - JavaScript verification confirmed page changed
2025-05-06 20:12:01,663 - INFO - Extracting data from page 33
2025-05-06 20:12:02,646 - INFO - Trying standard table extraction
2025-05-06 20:12:02,694 - INFO - Found funding amount column at index 6
2025-05-06 20:12:02,698 - INFO - Found headquarters column at index 7
2025-05-06 20:12:02,705 - INFO - Found 22 potential data rows
2025-05-06 20:12:02,748 - INFO - Extracted: Figma - 29-May-24
2025-05-06 20:12:02,748 - INFO - Found funding amount: 415749740
2025-05-06 20:12:02,778 - INFO - Extracted: Kinisi - 29-May-24
2025-05-06 20:12:02,778 - INFO - Found funding amount: 437000
2025-05-06 20:12:02,810 - INFO - Extracted: App Orchid - 28-May-24
2025-05-06 20:12:02,810 - INFO - Found funding amount: 1500000
2025-05-06 20:12:02,840 - INFO - Extracted: OpsMx - 28-May-24
2025-05-06 20:12:02,841 - INFO - Found funding amount: 0
2025-05-06 20:12:02,871 - INFO - Extracted: LiveReach Media - 28-May-24
2025-05-06 20:12:02,871 - INFO - Found funding amount: 6908849
2025-05-06 20:12:02,907 - INFO - Extracted: Transcend - 28-May-24
2025-05-06 20:12:02,907 - INFO - Found funding amount: 40000000
2025-05-06 20:12:02,937 - INFO - Extracted: Aperture Finance - 28-May-24
2025-05-06 20:12:02,938 - INFO - Found funding amount: 6700000
2025-05-06 20:12:02,968 - INFO - Extracted: Felix - 28-May-24
2025-05-06 20:12:02,968 - INFO - Found funding amount: 15500000
2025-05-06 20:12:02,999 - INFO - Extracted: Sempera Organics - 24-May-24
2025-05-06 20:12:02,999 - INFO - Found funding amount: 2612490
2025-05-06 20:12:03,029 - INFO - Extracted: Heyday - 24-May-24
2025-05-06 20:12:03,030 - INFO - Found funding amount: 0
2025-05-06 20:12:03,062 - INFO - Extracted: Killington Technologies - 24-May-24
2025-05-06 20:12:03,062 - INFO - Found funding amount: 400000
2025-05-06 20:12:03,092 - INFO - Extracted: Lumos - 23-May-24
2025-05-06 20:12:03,092 - INFO - Found funding amount: 35000000
2025-05-06 20:12:03,121 - INFO - Extracted: Userfront - 23-May-24
2025-05-06 20:12:03,121 - INFO - Found funding amount: 5300000
2025-05-06 20:12:03,153 - INFO - Extracted: Supermove - 23-May-24
2025-05-06 20:12:03,153 - INFO - Found funding amount: 0
2025-05-06 20:12:03,183 - INFO - Extracted: Aduro Advisors - 23-May-24
2025-05-06 20:12:03,183 - INFO - Found funding amount: 0
2025-05-06 20:12:03,222 - INFO - Extracted: forml - 23-May-24
2025-05-06 20:12:03,222 - INFO - Found funding amount: 546477
2025-05-06 20:12:03,252 - INFO - Extracted: BeeHero - 23-May-24
2025-05-06 20:12:03,252 - INFO - Found funding amount: 500000
2025-05-06 20:12:03,281 - INFO - Extracted: Founder AI - 22-May-24
2025-05-06 20:12:03,281 - INFO - Found funding amount: 3000000
2025-05-06 20:12:03,311 - INFO - Extracted: HoundDog.ai - 22-May-24
2025-05-06 20:12:03,311 - INFO - Found funding amount: 3100000
2025-05-06 20:12:03,343 - INFO - Extracted: Amino - 22-May-24
2025-05-06 20:12:03,343 - INFO - Found funding amount: 10000000
2025-05-06 20:12:03,343 - INFO - Successfully extracted 20 new companies from page 33
2025-05-06 20:12:03,343 - INFO - Attempting to navigate from page 33
2025-05-06 20:12:09,174 - INFO - JavaScript verification confirmed page changed
2025-05-06 20:12:10,329 - INFO - Extracting data from page 34
2025-05-06 20:12:10,923 - INFO - Trying standard table extraction
2025-05-06 20:12:10,968 - INFO - Found funding amount column at index 6
2025-05-06 20:12:10,972 - INFO - Found headquarters column at index 7
2025-05-06 20:12:10,980 - INFO - Found 22 potential data rows
2025-05-06 20:12:11,023 - INFO - Extracted: California Walnuts - 22-May-24
2025-05-06 20:12:11,024 - INFO - Found funding amount: 7000000
2025-05-06 20:12:11,054 - INFO - Extracted: Verse - 22-May-24
2025-05-06 20:12:11,054 - INFO - Found funding amount: 20500000
2025-05-06 20:12:11,085 - INFO - Extracted: KETOS - 21-May-24
2025-05-06 20:12:11,085 - INFO - Found funding amount: 10000000
2025-05-06 20:12:11,115 - INFO - Extracted: XGS Energy - 21-May-24
2025-05-06 20:12:11,115 - INFO - Found funding amount: 20000000
2025-05-06 20:12:11,153 - INFO - Extracted: Materna Medical - 21-May-24
2025-05-06 20:12:11,153 - INFO - Found funding amount: 20000000
2025-05-06 20:12:11,185 - INFO - Extracted: Coactive AI - 21-May-24
2025-05-06 20:12:11,185 - INFO - Found funding amount: 30000000
2025-05-06 20:12:11,217 - INFO - Extracted: AltruBio - 21-May-24
2025-05-06 20:12:11,217 - INFO - Found funding amount: 225000000
2025-05-06 20:12:11,248 - INFO - Extracted: Infinx - 21-May-24
2025-05-06 20:12:11,248 - INFO - Found funding amount: 0
2025-05-06 20:12:11,278 - INFO - Extracted: UberCloud - 21-May-24
2025-05-06 20:12:11,278 - INFO - Found funding amount: 20000000
2025-05-06 20:12:11,307 - INFO - Extracted: daydream Labs - 20-May-24
2025-05-06 20:12:11,307 - INFO - Found funding amount: 6217281
2025-05-06 20:12:11,336 - INFO - Extracted: UTOBO - 20-May-24
2025-05-06 20:12:11,336 - INFO - Found funding amount: 0
2025-05-06 20:12:11,368 - INFO - Extracted: Bedrock Materials - 16-May-24
2025-05-06 20:12:11,368 - INFO - Found funding amount: 9000000
2025-05-06 20:12:11,402 - INFO - Extracted: Tree Line Capital Partners - 16-May-24
2025-05-06 20:12:11,402 - INFO - Found funding amount: 0
2025-05-06 20:12:11,434 - INFO - Extracted: Sigma Computing - 16-May-24
2025-05-06 20:12:11,434 - INFO - Found funding amount: 200000000
2025-05-06 20:12:11,475 - INFO - Extracted: Alkira - 15-May-24
2025-05-06 20:12:11,475 - INFO - Found funding amount: 100000000
2025-05-06 20:12:11,504 - INFO - Extracted: MULTI¬∑ON - 15-May-24
2025-05-06 20:12:11,504 - INFO - Found funding amount: 0
2025-05-06 20:12:11,533 - INFO - Extracted: Recall.ai - 15-May-24
2025-05-06 20:12:11,533 - INFO - Found funding amount: 10000000
2025-05-06 20:12:11,564 - INFO - Extracted: WEKA - 15-May-24
2025-05-06 20:12:11,564 - INFO - Found funding amount: 140000000
2025-05-06 20:12:11,595 - INFO - Extracted: AtlasPro AI - 15-May-24
2025-05-06 20:12:11,595 - INFO - Found funding amount: 0
2025-05-06 20:12:11,624 - INFO - Extracted: LanceDB - 15-May-24
2025-05-06 20:12:11,624 - INFO - Found funding amount: 8000000
2025-05-06 20:12:11,625 - INFO - Successfully extracted 20 new companies from page 34
2025-05-06 20:12:11,625 - INFO - Attempting to navigate from page 34
2025-05-06 20:12:17,249 - INFO - JavaScript verification confirmed page changed
2025-05-06 20:12:17,744 - INFO - Extracting data from page 35
2025-05-06 20:12:18,706 - INFO - Trying standard table extraction
2025-05-06 20:12:18,741 - INFO - Found funding amount column at index 6
2025-05-06 20:12:18,746 - INFO - Found headquarters column at index 7
2025-05-06 20:12:18,754 - INFO - Found 22 potential data rows
2025-05-06 20:12:18,806 - INFO - Extracted: Layer Financial Technologies - 15-May-24
2025-05-06 20:12:18,806 - INFO - Found funding amount: 2700000
2025-05-06 20:12:18,842 - INFO - Extracted: Apriora - 15-May-24
2025-05-06 20:12:18,842 - INFO - Found funding amount: 2800000
2025-05-06 20:12:18,880 - INFO - Extracted: Dosu - 14-May-24
2025-05-06 20:12:18,880 - INFO - Found funding amount: 8524997
2025-05-06 20:12:18,918 - INFO - Extracted: Harness - 14-May-24
2025-05-06 20:12:18,918 - INFO - Found funding amount: 150000000
2025-05-06 20:12:18,955 - INFO - Extracted: Gorgias - 14-May-24
2025-05-06 20:12:18,955 - INFO - Found funding amount: 29000000
2025-05-06 20:12:18,998 - INFO - Extracted: Glydways - 14-May-24
2025-05-06 20:12:18,998 - INFO - Found funding amount: 20000000
2025-05-06 20:12:19,037 - INFO - Extracted: Anthropos - 14-May-24
2025-05-06 20:12:19,038 - INFO - Found funding amount: 2700000
2025-05-06 20:12:19,086 - INFO - Extracted: The Fresno Area Hispanic Foundation - 14-May-24
2025-05-06 20:12:19,086 - INFO - Found funding amount: 1000000
2025-05-06 20:12:19,120 - INFO - Extracted: Orange Charger - 14-May-24
2025-05-06 20:12:19,121 - INFO - Found funding amount: 6500000
2025-05-06 20:12:19,155 - INFO - Extracted: Curve Biosciences - 13-May-24
2025-05-06 20:12:19,155 - INFO - Found funding amount: 17691996
2025-05-06 20:12:19,189 - INFO - Extracted: Mitra Chem - 13-May-24
2025-05-06 20:12:19,189 - INFO - Found funding amount: 40000000
2025-05-06 20:12:19,221 - INFO - Extracted: ChainML - 13-May-24
2025-05-06 20:12:19,222 - INFO - Found funding amount: 6200000
2025-05-06 20:12:19,253 - INFO - Extracted: The Bot Company - 13-May-24
2025-05-06 20:12:19,253 - INFO - Found funding amount: 150000000
2025-05-06 20:12:19,283 - INFO - Extracted: Triomics - 9-May-24
2025-05-06 20:12:19,283 - INFO - Found funding amount: 15000000
2025-05-06 20:12:19,314 - INFO - Extracted: Plenty - 9-May-24
2025-05-06 20:12:19,314 - INFO - Found funding amount: 5000000
2025-05-06 20:12:19,343 - INFO - Extracted: Q'Apel Medical - 9-May-24
2025-05-06 20:12:19,343 - INFO - Found funding amount: 17130411
2025-05-06 20:12:19,373 - INFO - Extracted: Bluejay Therapeutics - 9-May-24
2025-05-06 20:12:19,373 - INFO - Found funding amount: 182000000
2025-05-06 20:12:19,404 - INFO - Extracted: Altera - 8-May-24
2025-05-06 20:12:19,404 - INFO - Found funding amount: 9000000
2025-05-06 20:12:19,435 - INFO - Extracted: DatologyAI - 8-May-24
2025-05-06 20:12:19,435 - INFO - Found funding amount: 46000000
2025-05-06 20:12:19,469 - INFO - Extracted: 4L Data Intelligence - 8-May-24
2025-05-06 20:12:19,469 - INFO - Found funding amount: 1000000
2025-05-06 20:12:19,469 - INFO - Successfully extracted 20 new companies from page 35
2025-05-06 20:12:19,469 - INFO - Attempting to navigate from page 35
2025-05-06 20:12:25,230 - INFO - JavaScript verification confirmed page changed
2025-05-06 20:12:25,830 - INFO - Extracting data from page 36
2025-05-06 20:12:26,313 - INFO - Trying standard table extraction
2025-05-06 20:12:26,349 - INFO - Found funding amount column at index 6
2025-05-06 20:12:26,353 - INFO - Found headquarters column at index 7
2025-05-06 20:12:26,362 - INFO - Found 22 potential data rows
2025-05-06 20:12:26,421 - INFO - Extracted: ChangeEngine - 8-May-24
2025-05-06 20:12:26,421 - INFO - Found funding amount: 10000000
2025-05-06 20:12:26,468 - INFO - Extracted: Voyage Foods - 8-May-24
2025-05-06 20:12:26,469 - INFO - Found funding amount: 52000000
2025-05-06 20:12:26,526 - INFO - Extracted: Rad AI - 7-May-24
2025-05-06 20:12:26,526 - INFO - Found funding amount: 50000000
2025-05-06 20:12:26,570 - INFO - Extracted: Trust for Public Land - 7-May-24
2025-05-06 20:12:26,570 - INFO - Found funding amount: 200000
2025-05-06 20:12:26,602 - INFO - Extracted: Saved By Nature - 7-May-24
2025-05-06 20:12:26,602 - INFO - Found funding amount: 40000
2025-05-06 20:12:26,739 - INFO - Extracted: Composabl - 7-May-24
2025-05-06 20:12:26,739 - INFO - Found funding amount: 4250000
2025-05-06 20:12:26,790 - INFO - Extracted: Plan By - 7-May-24
2025-05-06 20:12:26,790 - INFO - Found funding amount: 0
2025-05-06 20:12:26,829 - INFO - Extracted: iFrameAI Health - 7-May-24
2025-05-06 20:12:26,829 - INFO - Found funding amount: 0
2025-05-06 20:12:26,875 - INFO - Extracted: Justice Outside - 7-May-24
2025-05-06 20:12:26,875 - INFO - Found funding amount: 100000
2025-05-06 20:12:26,910 - INFO - Extracted: Anetac - 6-May-24
2025-05-06 20:12:26,910 - INFO - Found funding amount: 16000000
2025-05-06 20:12:26,942 - INFO - Extracted: Sagetap - 6-May-24
2025-05-06 20:12:26,942 - INFO - Found funding amount: 6800000
2025-05-06 20:12:26,977 - INFO - Extracted: Karius - 2-May-24
2025-05-06 20:12:26,978 - INFO - Found funding amount: 100000000
2025-05-06 20:12:27,015 - INFO - Extracted: Altruist - 2-May-24
2025-05-06 20:12:27,015 - INFO - Found funding amount: 169000000
2025-05-06 20:12:27,053 - INFO - Extracted: Paragraph - 2-May-24
2025-05-06 20:12:27,053 - INFO - Found funding amount: 5000000
2025-05-06 20:12:27,090 - INFO - Extracted: Transcarent - 2-May-24
2025-05-06 20:12:27,091 - INFO - Found funding amount: 126000000
2025-05-06 20:12:27,207 - INFO - Extracted: Mimic - 2-May-24
2025-05-06 20:12:27,207 - INFO - Found funding amount: 27000000
2025-05-06 20:12:27,264 - INFO - Extracted: Boys & Girls Club of Silicon Valley - 2-May-24
2025-05-06 20:12:27,264 - INFO - Found funding amount: 100000
2025-05-06 20:12:27,304 - INFO - Extracted: CellChorus - 2-May-24
2025-05-06 20:12:27,304 - INFO - Found funding amount: 2500000
2025-05-06 20:12:27,343 - INFO - Extracted: Ex-human - 2-May-24
2025-05-06 20:12:27,343 - INFO - Found funding amount: 0
2025-05-06 20:12:27,383 - INFO - Extracted: Securitize - 1-May-24
2025-05-06 20:12:27,383 - INFO - Found funding amount: 47000000
2025-05-06 20:12:27,383 - INFO - Successfully extracted 20 new companies from page 36
2025-05-06 20:12:27,383 - INFO - Attempting to navigate from page 36
2025-05-06 20:12:33,536 - INFO - JavaScript verification confirmed page changed
2025-05-06 20:12:34,289 - INFO - Extracting data from page 37
2025-05-06 20:12:35,374 - INFO - Trying standard table extraction
2025-05-06 20:12:35,410 - INFO - Found funding amount column at index 6
2025-05-06 20:12:35,415 - INFO - Found headquarters column at index 7
2025-05-06 20:12:35,423 - INFO - Found 22 potential data rows
2025-05-06 20:12:35,477 - INFO - Extracted: Peregrine Technologies - 1-May-24
2025-05-06 20:12:35,477 - INFO - Found funding amount: 30000000
2025-05-06 20:12:35,516 - INFO - Extracted: Traceable - 1-May-24
2025-05-06 20:12:35,516 - INFO - Found funding amount: 30000000
2025-05-06 20:12:35,552 - INFO - Extracted: Dodgeball - 1-May-24
2025-05-06 20:12:35,552 - INFO - Found funding amount: 0
2025-05-06 20:12:35,587 - INFO - Extracted: Corelight - 30-Apr-24
2025-05-06 20:12:35,587 - INFO - Found funding amount: 150000000
2025-05-06 20:12:35,617 - INFO - Extracted: Ansa - 30-Apr-24
2025-05-06 20:12:35,617 - INFO - Found funding amount: 14000000
2025-05-06 20:12:35,648 - INFO - Extracted: Pakal Technologies - 30-Apr-24
2025-05-06 20:12:35,648 - INFO - Found funding amount: 1666667
2025-05-06 20:12:35,678 - INFO - Extracted: Inhabitr - 30-Apr-24
2025-05-06 20:12:35,678 - INFO - Found funding amount: 27000000
2025-05-06 20:12:35,708 - INFO - Extracted: SafeBase - 30-Apr-24
2025-05-06 20:12:35,708 - INFO - Found funding amount: 33000000
2025-05-06 20:12:35,738 - INFO - Extracted: PsiQuantum - 30-Apr-24
2025-05-06 20:12:35,738 - INFO - Found funding amount: 0
2025-05-06 20:12:35,768 - INFO - Extracted: Surf Bio - 30-Apr-24
2025-05-06 20:12:35,768 - INFO - Found funding amount: 1600000
2025-05-06 20:12:35,799 - INFO - Extracted: Seam AI - 30-Apr-24
2025-05-06 20:12:35,799 - INFO - Found funding amount: 5000000
2025-05-06 20:12:35,832 - INFO - Extracted: Blend - 29-Apr-24
2025-05-06 20:12:35,832 - INFO - Found funding amount: 150000000
2025-05-06 20:12:35,865 - INFO - Extracted: Taiki - 29-Apr-24
2025-05-06 20:12:35,865 - INFO - Found funding amount: 0
2025-05-06 20:12:35,899 - INFO - Extracted: Elisity - 29-Apr-24
2025-05-06 20:12:35,899 - INFO - Found funding amount: 37000000
2025-05-06 20:12:35,932 - INFO - Extracted: Thintronics - 29-Apr-24
2025-05-06 20:12:35,932 - INFO - Found funding amount: 23000000
2025-05-06 20:12:35,966 - INFO - Extracted: RevenueCat - 25-Apr-24
2025-05-06 20:12:35,966 - INFO - Found funding amount: 12000000
2025-05-06 20:12:35,999 - INFO - Extracted: Movement Labs - 25-Apr-24
2025-05-06 20:12:35,999 - INFO - Found funding amount: 38000000
2025-05-06 20:12:36,032 - INFO - Extracted: Centro Community Partners - 25-Apr-24
2025-05-06 20:12:36,032 - INFO - Found funding amount: 325000
2025-05-06 20:12:36,067 - INFO - Extracted: Log10 - 24-Apr-24
2025-05-06 20:12:36,067 - INFO - Found funding amount: 7200000
2025-05-06 20:12:36,104 - INFO - Extracted: Midi Health - 24-Apr-24
2025-05-06 20:12:36,104 - INFO - Found funding amount: 60000000
2025-05-06 20:12:36,104 - INFO - Successfully extracted 20 new companies from page 37
2025-05-06 20:12:36,104 - INFO - Attempting to navigate from page 37
2025-05-06 20:12:42,329 - INFO - JavaScript verification confirmed page changed
2025-05-06 20:12:43,345 - INFO - Extracting data from page 38
2025-05-06 20:12:43,875 - INFO - Trying standard table extraction
2025-05-06 20:12:43,936 - INFO - Found funding amount column at index 6
2025-05-06 20:12:43,941 - INFO - Found headquarters column at index 7
2025-05-06 20:12:43,951 - INFO - Found 22 potential data rows
2025-05-06 20:12:44,004 - INFO - Extracted: Faura - 24-Apr-24
2025-05-06 20:12:44,004 - INFO - Found funding amount: 500000
2025-05-06 20:12:44,039 - INFO - Extracted: Augment - 24-Apr-24
2025-05-06 20:12:44,039 - INFO - Found funding amount: 227000000
2025-05-06 20:12:44,074 - INFO - Extracted: Anon - 24-Apr-24
2025-05-06 20:12:44,074 - INFO - Found funding amount: 4500000
2025-05-06 20:12:44,108 - INFO - Extracted: Cognition - 24-Apr-24
2025-05-06 20:12:44,108 - INFO - Found funding amount: 175000000
2025-05-06 20:12:44,144 - INFO - Extracted: Amplifier Security - 24-Apr-24
2025-05-06 20:12:44,144 - INFO - Found funding amount: 3300000
2025-05-06 20:12:44,177 - INFO - Extracted: Clueso - 24-Apr-24
2025-05-06 20:12:44,177 - INFO - Found funding amount: 1400000
2025-05-06 20:12:44,210 - INFO - Extracted: Xaira Therapeutics - 23-Apr-24
2025-05-06 20:12:44,210 - INFO - Found funding amount: 1000000000
2025-05-06 20:12:44,242 - INFO - Extracted: Framework - 23-Apr-24
2025-05-06 20:12:44,242 - INFO - Found funding amount: 17000000
2025-05-06 20:12:44,273 - INFO - Extracted: Campus - 23-Apr-24
2025-05-06 20:12:44,273 - INFO - Found funding amount: 23000000
2025-05-06 20:12:44,305 - INFO - Extracted: Prophet Security - 23-Apr-24
2025-05-06 20:12:44,305 - INFO - Found funding amount: 11000000
2025-05-06 20:12:44,340 - INFO - Extracted: Clarity Pediatrics - 22-Apr-24
2025-05-06 20:12:44,340 - INFO - Found funding amount: 10000000
2025-05-06 20:12:44,376 - INFO - Extracted: Pomelo - 22-Apr-24
2025-05-06 20:12:44,376 - INFO - Found funding amount: 75000000
2025-05-06 20:12:44,470 - INFO - Extracted: Superinsight - 22-Apr-24
2025-05-06 20:12:44,470 - INFO - Found funding amount: 200000
2025-05-06 20:12:44,505 - INFO - Extracted: Observe - 22-Apr-24
2025-05-06 20:12:44,505 - INFO - Found funding amount: 124999987
2025-05-06 20:12:44,539 - INFO - Extracted: Rubedo Life Sciences - 22-Apr-24
2025-05-06 20:12:44,539 - INFO - Found funding amount: 40000000
2025-05-06 20:12:44,576 - INFO - Extracted: BuildCasa - 19-Apr-24
2025-05-06 20:12:44,576 - INFO - Found funding amount: 6592979
2025-05-06 20:12:44,611 - INFO - Extracted: XFactor - 18-Apr-24
2025-05-06 20:12:44,611 - INFO - Found funding amount: 16000000
2025-05-06 20:12:44,642 - INFO - Extracted: Clazar - 18-Apr-24
2025-05-06 20:12:44,643 - INFO - Found funding amount: 10000000
2025-05-06 20:12:44,673 - INFO - Extracted: Verne - 18-Apr-24
2025-05-06 20:12:44,673 - INFO - Found funding amount: 450000
2025-05-06 20:12:44,704 - INFO - Extracted: Anvilogic - 17-Apr-24
2025-05-06 20:12:44,704 - INFO - Found funding amount: 45000000
2025-05-06 20:12:44,704 - INFO - Successfully extracted 20 new companies from page 38
2025-05-06 20:12:44,704 - INFO - Attempting to navigate from page 38
2025-05-06 20:12:50,073 - INFO - JavaScript verification confirmed page changed
2025-05-06 20:12:51,015 - INFO - Extracting data from page 39
2025-05-06 20:12:51,824 - INFO - Trying standard table extraction
2025-05-06 20:12:51,859 - INFO - Found funding amount column at index 6
2025-05-06 20:12:51,863 - INFO - Found headquarters column at index 7
2025-05-06 20:12:51,872 - INFO - Found 22 potential data rows
2025-05-06 20:12:51,930 - INFO - Extracted: Vorlon - 17-Apr-24
2025-05-06 20:12:51,930 - INFO - Found funding amount: 15700000
2025-05-06 20:12:51,963 - INFO - Extracted: Quilt - 16-Apr-24
2025-05-06 20:12:51,963 - INFO - Found funding amount: 33000000
2025-05-06 20:12:51,994 - INFO - Extracted: Powerbroker AI - 16-Apr-24
2025-05-06 20:12:51,994 - INFO - Found funding amount: 1500000
2025-05-06 20:12:52,025 - INFO - Extracted: Asher Bio - 16-Apr-24
2025-05-06 20:12:52,025 - INFO - Found funding amount: 55000000
2025-05-06 20:12:52,057 - INFO - Extracted: Rivos - 16-Apr-24
2025-05-06 20:12:52,057 - INFO - Found funding amount: 250000000
2025-05-06 20:12:52,088 - INFO - Extracted: Two Chairs - 16-Apr-24
2025-05-06 20:12:52,088 - INFO - Found funding amount: 72000000
2025-05-06 20:12:52,120 - INFO - Extracted: Ripcord - 16-Apr-24
2025-05-06 20:12:52,120 - INFO - Found funding amount: 32000000
2025-05-06 20:12:52,153 - INFO - Extracted: Loft Labs - 16-Apr-24
2025-05-06 20:12:52,153 - INFO - Found funding amount: 24000000
2025-05-06 20:12:52,196 - INFO - Extracted: Common Sense Privacy - 15-Apr-24
2025-05-06 20:12:52,196 - INFO - Found funding amount: 0
2025-05-06 20:12:52,242 - INFO - Extracted: Paraform - 15-Apr-24
2025-05-06 20:12:52,242 - INFO - Found funding amount: 3600000
2025-05-06 20:12:52,277 - INFO - Extracted: Clientell - 15-Apr-24
2025-05-06 20:12:52,277 - INFO - Found funding amount: 2500000
2025-05-06 20:12:52,311 - INFO - Extracted: Integral Health - 15-Apr-24
2025-05-06 20:12:52,311 - INFO - Found funding amount: 0
2025-05-06 20:12:52,341 - INFO - Extracted: Writ - 11-Apr-24
2025-05-06 20:12:52,341 - INFO - Found funding amount: 3800000
2025-05-06 20:12:52,371 - INFO - Extracted: Simbian - 11-Apr-24
2025-05-06 20:12:52,371 - INFO - Found funding amount: 10000000
2025-05-06 20:12:52,401 - INFO - Extracted: Anrok - 11-Apr-24
2025-05-06 20:12:52,401 - INFO - Found funding amount: 30000000
2025-05-06 20:12:52,437 - INFO - Extracted: Symbolica AI - 9-Apr-24
2025-05-06 20:12:52,437 - INFO - Found funding amount: 33000000
2025-05-06 20:12:52,468 - INFO - Extracted: JARS AI - 8-Apr-24
2025-05-06 20:12:52,468 - INFO - Found funding amount: 3000000
2025-05-06 20:12:52,498 - INFO - Extracted: Windfall Bio - 8-Apr-24
2025-05-06 20:12:52,498 - INFO - Found funding amount: 28000000
2025-05-06 20:12:52,572 - INFO - Extracted: MODE - 8-Apr-24
2025-05-06 20:12:52,573 - INFO - Found funding amount: 8750000
2025-05-06 20:12:52,727 - INFO - Extracted: Varda - 5-Apr-24
2025-05-06 20:12:52,727 - INFO - Found funding amount: 90000000
2025-05-06 20:12:52,727 - INFO - Successfully extracted 20 new companies from page 39
2025-05-06 20:12:52,727 - INFO - Attempting to navigate from page 39
2025-05-06 20:12:58,420 - INFO - JavaScript verification confirmed page changed
2025-05-06 20:12:59,277 - INFO - Extracting data from page 40
2025-05-06 20:12:59,708 - INFO - Trying standard table extraction
2025-05-06 20:12:59,781 - INFO - Found funding amount column at index 6
2025-05-06 20:12:59,786 - INFO - Found headquarters column at index 7
2025-05-06 20:12:59,893 - INFO - Found 22 potential data rows
2025-05-06 20:12:59,969 - INFO - Extracted: Enable Biosciences - 4-Apr-24
2025-05-06 20:12:59,969 - INFO - Found funding amount: 0
2025-05-06 20:13:00,019 - INFO - Extracted: SiMa.ai - 4-Apr-24
2025-05-06 20:13:00,019 - INFO - Found funding amount: 70000000
2025-05-06 20:13:00,069 - INFO - Extracted: Lambda - 4-Apr-24
2025-05-06 20:13:00,069 - INFO - Found funding amount: 500000000
2025-05-06 20:13:00,113 - INFO - Extracted: YonedaLabs - 4-Apr-24
2025-05-06 20:13:00,113 - INFO - Found funding amount: 500000
2025-05-06 20:13:00,144 - INFO - Extracted: Coalesce Automation - 4-Apr-24
2025-05-06 20:13:00,144 - INFO - Found funding amount: 50000000
2025-05-06 20:13:00,183 - INFO - Extracted: Scritch - 3-Apr-24
2025-05-06 20:13:00,183 - INFO - Found funding amount: 500000
2025-05-06 20:13:00,213 - INFO - Extracted: nCompass Technologies - 3-Apr-24
2025-05-06 20:13:00,213 - INFO - Found funding amount: 500000
2025-05-06 20:13:00,243 - INFO - Extracted: Trieve - 3-Apr-24
2025-05-06 20:13:00,243 - INFO - Found funding amount: 500000
2025-05-06 20:13:00,293 - INFO - Extracted: DryMerge - 3-Apr-24
2025-05-06 20:13:00,294 - INFO - Found funding amount: 500000
2025-05-06 20:13:00,340 - INFO - Extracted: Permiso Security - 3-Apr-24
2025-05-06 20:13:00,340 - INFO - Found funding amount: 18500000
2025-05-06 20:13:00,375 - INFO - Extracted: Mango Health - 3-Apr-24
2025-05-06 20:13:00,375 - INFO - Found funding amount: 500000
2025-05-06 20:13:00,431 - INFO - Extracted: ion design - 3-Apr-24
2025-05-06 20:13:00,431 - INFO - Found funding amount: 500000
2025-05-06 20:13:00,543 - INFO - Extracted: Numo - 3-Apr-24
2025-05-06 20:13:00,543 - INFO - Found funding amount: 500000
2025-05-06 20:13:00,582 - INFO - Extracted: Celest - 3-Apr-24
2025-05-06 20:13:00,582 - INFO - Found funding amount: 500000
2025-05-06 20:13:00,659 - INFO - Extracted: Higgsfield - 3-Apr-24
2025-05-06 20:13:00,659 - INFO - Found funding amount: 8000000
2025-05-06 20:13:00,715 - INFO - Extracted: OpenFoundry - 3-Apr-24
2025-05-06 20:13:00,715 - INFO - Found funding amount: 500000
2025-05-06 20:13:00,756 - INFO - Extracted: Arch0 - 3-Apr-24
2025-05-06 20:13:00,756 - INFO - Found funding amount: 1250000
2025-05-06 20:13:00,789 - INFO - Extracted: Trellis - 3-Apr-24
2025-05-06 20:13:00,789 - INFO - Found funding amount: 500000
2025-05-06 20:13:00,821 - INFO - Extracted: PointOne Technologies - 3-Apr-24
2025-05-06 20:13:00,821 - INFO - Found funding amount: 500000
2025-05-06 20:13:00,859 - INFO - Extracted: Attunement - 3-Apr-24
2025-05-06 20:13:00,859 - INFO - Found funding amount: 500000
2025-05-06 20:13:00,859 - INFO - Successfully extracted 20 new companies from page 40
2025-05-06 20:13:00,859 - INFO - Attempting to navigate from page 40
2025-05-06 20:13:06,793 - INFO - JavaScript verification confirmed page changed
2025-05-06 20:13:07,897 - INFO - Extracting data from page 41
2025-05-06 20:13:08,805 - INFO - Trying standard table extraction
2025-05-06 20:13:08,861 - INFO - Found funding amount column at index 6
2025-05-06 20:13:08,866 - INFO - Found headquarters column at index 7
2025-05-06 20:13:08,874 - INFO - Found 22 potential data rows
2025-05-06 20:13:08,918 - INFO - Extracted: ego - 3-Apr-24
2025-05-06 20:13:08,918 - INFO - Found funding amount: 500000
2025-05-06 20:13:08,948 - INFO - Extracted: Retell AI - 3-Apr-24
2025-05-06 20:13:08,948 - INFO - Found funding amount: 4125000
2025-05-06 20:13:08,978 - INFO - Extracted: Paradigm - 3-Apr-24
2025-05-06 20:13:08,978 - INFO - Found funding amount: 500000
2025-05-06 20:13:09,007 - INFO - Extracted: SiftHub - 3-Apr-24
2025-05-06 20:13:09,008 - INFO - Found funding amount: 5500000
2025-05-06 20:13:09,043 - INFO - Extracted: Atopile - 3-Apr-24
2025-05-06 20:13:09,043 - INFO - Found funding amount: 500000
2025-05-06 20:13:09,089 - INFO - Extracted: Hemingway - 3-Apr-24
2025-05-06 20:13:09,090 - INFO - Found funding amount: 500000
2025-05-06 20:13:09,119 - INFO - Extracted: MAIHEM - 3-Apr-24
2025-05-06 20:13:09,119 - INFO - Found funding amount: 500000
2025-05-06 20:13:09,149 - INFO - Extracted: Airfront - 3-Apr-24
2025-05-06 20:13:09,150 - INFO - Found funding amount: 500000
2025-05-06 20:13:09,248 - INFO - Extracted: Maia - 3-Apr-24
2025-05-06 20:13:09,248 - INFO - Found funding amount: 500000
2025-05-06 20:13:09,286 - INFO - Extracted: Nuanced - 3-Apr-24
2025-05-06 20:13:09,286 - INFO - Found funding amount: 500000
2025-05-06 20:13:09,316 - INFO - Extracted: Lantern - 3-Apr-24
2025-05-06 20:13:09,316 - INFO - Found funding amount: 500000
2025-05-06 20:13:09,345 - INFO - Extracted: Patchwork - 3-Apr-24
2025-05-06 20:13:09,345 - INFO - Found funding amount: 500000
2025-05-06 20:13:09,375 - INFO - Extracted: Roe AI - 3-Apr-24
2025-05-06 20:13:09,375 - INFO - Found funding amount: 500000
2025-05-06 20:13:09,405 - INFO - Extracted: Creo - 3-Apr-24
2025-05-06 20:13:09,405 - INFO - Found funding amount: 500000
2025-05-06 20:13:09,435 - INFO - Extracted: Precip - 3-Apr-24
2025-05-06 20:13:09,435 - INFO - Found funding amount: 500000
2025-05-06 20:13:09,464 - INFO - Extracted: CloudCruise - 3-Apr-24
2025-05-06 20:13:09,464 - INFO - Found funding amount: 500000
2025-05-06 20:13:09,496 - INFO - Extracted: Intercept - 3-Apr-24
2025-05-06 20:13:09,496 - INFO - Found funding amount: 500000
2025-05-06 20:13:09,525 - INFO - Extracted: Duckie - 3-Apr-24
2025-05-06 20:13:09,526 - INFO - Found funding amount: 500000
2025-05-06 20:13:09,555 - INFO - Extracted: Swift - 3-Apr-24
2025-05-06 20:13:09,555 - INFO - Found funding amount: 500000
2025-05-06 20:13:09,585 - INFO - Extracted: Resonance - 3-Apr-24
2025-05-06 20:13:09,585 - INFO - Found funding amount: 500000
2025-05-06 20:13:09,585 - INFO - Successfully extracted 20 new companies from page 41
2025-05-06 20:13:09,585 - INFO - Attempting to navigate from page 41
2025-05-06 20:13:15,109 - INFO - JavaScript verification confirmed page changed
2025-05-06 20:13:16,032 - INFO - Extracting data from page 42
2025-05-06 20:13:16,457 - INFO - Trying standard table extraction
2025-05-06 20:13:16,516 - INFO - Found funding amount column at index 6
2025-05-06 20:13:16,520 - INFO - Found headquarters column at index 7
2025-05-06 20:13:16,527 - INFO - Found 22 potential data rows
2025-05-06 20:13:16,569 - INFO - Extracted: Yondu - 3-Apr-24
2025-05-06 20:13:16,570 - INFO - Found funding amount: 500000
2025-05-06 20:13:16,599 - INFO - Extracted: Ecliptor - 3-Apr-24
2025-05-06 20:13:16,599 - INFO - Found funding amount: 500000
2025-05-06 20:13:16,629 - INFO - Extracted: Assembly - 3-Apr-24
2025-05-06 20:13:16,629 - INFO - Found funding amount: 500000
2025-05-06 20:13:16,660 - INFO - Extracted: Parasale - 3-Apr-24
2025-05-06 20:13:16,660 - INFO - Found funding amount: 500000
2025-05-06 20:13:16,690 - INFO - Extracted: PartnerHQ - 3-Apr-24
2025-05-06 20:13:16,690 - INFO - Found funding amount: 500000
2025-05-06 20:13:16,719 - INFO - Extracted: Kabilah - 3-Apr-24
2025-05-06 20:13:16,719 - INFO - Found funding amount: 500000
2025-05-06 20:13:16,749 - INFO - Extracted: Relari - 3-Apr-24
2025-05-06 20:13:16,749 - INFO - Found funding amount: 500000
2025-05-06 20:13:16,779 - INFO - Extracted: Momentic - 3-Apr-24
2025-05-06 20:13:16,779 - INFO - Found funding amount: 500000
2025-05-06 20:13:16,809 - INFO - Extracted: Glimmer - 3-Apr-24
2025-05-06 20:13:16,809 - INFO - Found funding amount: 500000
2025-05-06 20:13:16,838 - INFO - Extracted: Homebase - 3-Apr-24
2025-05-06 20:13:16,838 - INFO - Found funding amount: 60000000
2025-05-06 20:13:16,868 - INFO - Extracted: Centralize - 3-Apr-24
2025-05-06 20:13:16,868 - INFO - Found funding amount: 500000
2025-05-06 20:13:16,904 - INFO - Extracted: Aidy - 3-Apr-24
2025-05-06 20:13:16,904 - INFO - Found funding amount: 500000
2025-05-06 20:13:16,933 - INFO - Extracted: Buster - 3-Apr-24
2025-05-06 20:13:16,933 - INFO - Found funding amount: 500000
2025-05-06 20:13:16,963 - INFO - Extracted: Meticulate - 3-Apr-24
2025-05-06 20:13:16,963 - INFO - Found funding amount: 500000
2025-05-06 20:13:16,992 - INFO - Extracted: RadMate AI - 3-Apr-24
2025-05-06 20:13:16,992 - INFO - Found funding amount: 500000
2025-05-06 20:13:17,023 - INFO - Extracted: Quantic - 3-Apr-24
2025-05-06 20:13:17,023 - INFO - Found funding amount: 500000
2025-05-06 20:13:17,052 - INFO - Extracted: Okapi - 3-Apr-24
2025-05-06 20:13:17,052 - INFO - Found funding amount: 500000
2025-05-06 20:13:17,083 - INFO - Extracted: Aether Energy - 3-Apr-24
2025-05-06 20:13:17,083 - INFO - Found funding amount: 500000
2025-05-06 20:13:17,112 - INFO - Extracted: Decipher AI - 3-Apr-24
2025-05-06 20:13:17,112 - INFO - Found funding amount: 500000
2025-05-06 20:13:17,143 - INFO - Extracted: Modal.io - 2-Apr-24
2025-05-06 20:13:17,143 - INFO - Found funding amount: 25000000
2025-05-06 20:13:17,143 - INFO - Successfully extracted 20 new companies from page 42
2025-05-06 20:13:17,143 - INFO - Attempting to navigate from page 42
2025-05-06 20:13:22,990 - INFO - JavaScript verification confirmed page changed
2025-05-06 20:13:23,829 - INFO - Extracting data from page 43
2025-05-06 20:13:24,510 - INFO - Trying standard table extraction
2025-05-06 20:13:24,568 - INFO - Found funding amount column at index 6
2025-05-06 20:13:24,572 - INFO - Found headquarters column at index 7
2025-05-06 20:13:24,581 - INFO - Found 22 potential data rows
2025-05-06 20:13:24,625 - INFO - Extracted: BurnBot - 2-Apr-24
2025-05-06 20:13:24,625 - INFO - Found funding amount: 20000000
2025-05-06 20:13:24,656 - INFO - Extracted: HelicitySpace - 2-Apr-24
2025-05-06 20:13:24,656 - INFO - Found funding amount: 5000000
2025-05-06 20:13:24,685 - INFO - Extracted: SESO - 2-Apr-24
2025-05-06 20:13:24,685 - INFO - Found funding amount: 26000000
2025-05-06 20:13:24,714 - INFO - Extracted: Lumana - 2-Apr-24
2025-05-06 20:13:24,714 - INFO - Found funding amount: 24000000
2025-05-06 20:13:24,745 - INFO - Extracted: Delivery Collective - 2-Apr-24
2025-05-06 20:13:24,745 - INFO - Found funding amount: 3800000
2025-05-06 20:13:24,775 - INFO - Extracted: Meedan - 2-Apr-24
2025-05-06 20:13:24,775 - INFO - Found funding amount: 2000000
2025-05-06 20:13:24,806 - INFO - Extracted: NobleAI - 2-Apr-24
2025-05-06 20:13:24,806 - INFO - Found funding amount: 10000000
2025-05-06 20:13:24,836 - INFO - Extracted: Allermi - 1-Apr-24
2025-05-06 20:13:24,836 - INFO - Found funding amount: 3500000
2025-05-06 20:13:24,872 - INFO - Extracted: BioConsortia - 1-Apr-24
2025-05-06 20:13:24,872 - INFO - Found funding amount: 15000000
2025-05-06 20:13:24,904 - INFO - Extracted: Skyflow - 28-Mar-24
2025-05-06 20:13:24,904 - INFO - Found funding amount: 30000000
2025-05-06 20:13:24,936 - INFO - Extracted: Vizcom - 28-Mar-24
2025-05-06 20:13:24,936 - INFO - Found funding amount: 20000000
2025-05-06 20:13:24,966 - INFO - Extracted: Float Health - 28-Mar-24
2025-05-06 20:13:24,967 - INFO - Found funding amount: 10000000
2025-05-06 20:13:24,996 - INFO - Extracted: Spintly - 28-Mar-24
2025-05-06 20:13:24,997 - INFO - Found funding amount: 500000
2025-05-06 20:13:25,026 - INFO - Extracted: Aeovian Pharmaceuticals - 28-Mar-24
2025-05-06 20:13:25,026 - INFO - Found funding amount: 50000000
2025-05-06 20:13:25,055 - INFO - Extracted: ValidMind - 27-Mar-24
2025-05-06 20:13:25,055 - INFO - Found funding amount: 8100000
2025-05-06 20:13:25,086 - INFO - Extracted: Ensis - 27-Mar-24
2025-05-06 20:13:25,086 - INFO - Found funding amount: 4000000
2025-05-06 20:13:25,116 - INFO - Extracted: YourChoice Therapeutics - 27-Mar-24
2025-05-06 20:13:25,116 - INFO - Found funding amount: 500000
2025-05-06 20:13:25,147 - INFO - Extracted: TurbineOne - 27-Mar-24
2025-05-06 20:13:25,147 - INFO - Found funding amount: 15000000
2025-05-06 20:13:25,179 - INFO - Extracted: JobPixel - 27-Mar-24
2025-05-06 20:13:25,179 - INFO - Found funding amount: 4700000
2025-05-06 20:13:25,211 - INFO - Extracted: OneNotary - 26-Mar-24
2025-05-06 20:13:25,211 - INFO - Found funding amount: 5000000
2025-05-06 20:13:25,211 - INFO - Successfully extracted 20 new companies from page 43
2025-05-06 20:13:25,211 - INFO - Attempting to navigate from page 43
2025-05-06 20:13:30,834 - INFO - JavaScript verification confirmed page changed
2025-05-06 20:13:31,569 - INFO - Extracting data from page 44
2025-05-06 20:13:32,500 - INFO - Trying standard table extraction
2025-05-06 20:13:32,562 - INFO - Found funding amount column at index 6
2025-05-06 20:13:32,566 - INFO - Found headquarters column at index 7
2025-05-06 20:13:32,575 - INFO - Found 22 potential data rows
2025-05-06 20:13:32,620 - INFO - Extracted: Fieldguide - 26-Mar-24
2025-05-06 20:13:32,620 - INFO - Found funding amount: 30000000
2025-05-06 20:13:32,656 - INFO - Extracted: Brightside Health - 26-Mar-24
2025-05-06 20:13:32,656 - INFO - Found funding amount: 33000000
2025-05-06 20:13:32,701 - INFO - Extracted: Picogrid - 26-Mar-24
2025-05-06 20:13:32,701 - INFO - Found funding amount: 12319995
2025-05-06 20:13:32,734 - INFO - Extracted: OpenPipe - 26-Mar-24
2025-05-06 20:13:32,734 - INFO - Found funding amount: 6700000
2025-05-06 20:13:32,764 - INFO - Extracted: ionobell - 26-Mar-24
2025-05-06 20:13:32,764 - INFO - Found funding amount: 3900000
2025-05-06 20:13:32,793 - INFO - Extracted: Activeloop - 26-Mar-24
2025-05-06 20:13:32,794 - INFO - Found funding amount: 11000000
2025-05-06 20:13:32,823 - INFO - Extracted: Bedrock Security - 26-Mar-24
2025-05-06 20:13:32,823 - INFO - Found funding amount: 10000000
2025-05-06 20:13:32,853 - INFO - Extracted: Charlee.ai - 25-Mar-24
2025-05-06 20:13:32,853 - INFO - Found funding amount: 0
2025-05-06 20:13:32,884 - INFO - Extracted: Propel - 25-Mar-24
2025-05-06 20:13:32,884 - INFO - Found funding amount: 1050000
2025-05-06 20:13:32,913 - INFO - Extracted: Circular.co - 25-Mar-24
2025-05-06 20:13:32,913 - INFO - Found funding amount: 5300000
2025-05-06 20:13:32,942 - INFO - Extracted: Profluent Bio - 21-Mar-24
2025-05-06 20:13:32,942 - INFO - Found funding amount: 35000000
2025-05-06 20:13:32,971 - INFO - Extracted: Espresso Systems - 21-Mar-24
2025-05-06 20:13:32,971 - INFO - Found funding amount: 28000000
2025-05-06 20:13:33,001 - INFO - Extracted: Ediphi - 21-Mar-24
2025-05-06 20:13:33,002 - INFO - Found funding amount: 12000000
2025-05-06 20:13:33,030 - INFO - Extracted: Foundry - 21-Mar-24
2025-05-06 20:13:33,030 - INFO - Found funding amount: 80000000
2025-05-06 20:13:33,060 - INFO - Extracted: Tarsal - 21-Mar-24
2025-05-06 20:13:33,060 - INFO - Found funding amount: 6000000
2025-05-06 20:13:33,154 - INFO - Extracted: Buzz Solutions - 20-Mar-24
2025-05-06 20:13:33,154 - INFO - Found funding amount: 5000000
2025-05-06 20:13:33,185 - INFO - Extracted: Airmyne - 20-Mar-24
2025-05-06 20:13:33,185 - INFO - Found funding amount: 6900000
2025-05-06 20:13:33,219 - INFO - Extracted: Mermaid Chart - 20-Mar-24
2025-05-06 20:13:33,219 - INFO - Found funding amount: 7575000
2025-05-06 20:13:33,251 - INFO - Extracted: Euno - 19-Mar-24
2025-05-06 20:13:33,251 - INFO - Found funding amount: 6250000
2025-05-06 20:13:33,281 - INFO - Extracted: RapidFire AI - 19-Mar-24
2025-05-06 20:13:33,281 - INFO - Found funding amount: 4034999
2025-05-06 20:13:33,281 - INFO - Successfully extracted 20 new companies from page 44
2025-05-06 20:13:33,281 - INFO - Attempting to navigate from page 44
2025-05-06 20:13:38,975 - INFO - JavaScript verification confirmed page changed
2025-05-06 20:13:39,897 - INFO - Extracting data from page 45
2025-05-06 20:13:40,983 - INFO - Trying standard table extraction
2025-05-06 20:13:41,048 - INFO - Found funding amount column at index 6
2025-05-06 20:13:41,053 - INFO - Found headquarters column at index 7
2025-05-06 20:13:41,063 - INFO - Found 22 potential data rows
2025-05-06 20:13:41,109 - INFO - Extracted: EKA Solutions - 19-Mar-24
2025-05-06 20:13:41,109 - INFO - Found funding amount: 150000
2025-05-06 20:13:41,148 - INFO - Extracted: Lumino - 19-Mar-24
2025-05-06 20:13:41,148 - INFO - Found funding amount: 2800000
2025-05-06 20:13:41,185 - INFO - Extracted: Chambr - 18-Mar-24
2025-05-06 20:13:41,185 - INFO - Found funding amount: 20000
2025-05-06 20:13:41,219 - INFO - Extracted: Carbonated - 15-Mar-24
2025-05-06 20:13:41,219 - INFO - Found funding amount: 11000000
2025-05-06 20:13:41,254 - INFO - Extracted: Unstructured Technologies - 14-Mar-24
2025-05-06 20:13:41,254 - INFO - Found funding amount: 40000000
2025-05-06 20:13:41,288 - INFO - Extracted: Omni - 14-Mar-24
2025-05-06 20:13:41,289 - INFO - Found funding amount: 20000000
2025-05-06 20:13:41,322 - INFO - Extracted: inDrive - 14-Mar-24
2025-05-06 20:13:41,322 - INFO - Found funding amount: 150000000
2025-05-06 20:13:41,354 - INFO - Extracted: Lily AI - 14-Mar-24
2025-05-06 20:13:41,355 - INFO - Found funding amount: 20000000
2025-05-06 20:13:41,388 - INFO - Extracted: Horizon Treatment Services - 14-Mar-24
2025-05-06 20:13:41,388 - INFO - Found funding amount: 1000000
2025-05-06 20:13:41,421 - INFO - Extracted: Vertosa - 14-Mar-24
2025-05-06 20:13:41,421 - INFO - Found funding amount: 0
2025-05-06 20:13:41,454 - INFO - Extracted: Clique - 14-Mar-24
2025-05-06 20:13:41,454 - INFO - Found funding amount: 8000000
2025-05-06 20:13:41,487 - INFO - Extracted: Sierra Gold Nurseries - 14-Mar-24
2025-05-06 20:13:41,487 - INFO - Found funding amount: 0
2025-05-06 20:13:41,517 - INFO - Extracted: Orbillion Bio - 14-Mar-24
2025-05-06 20:13:41,518 - INFO - Found funding amount: 0
2025-05-06 20:13:41,548 - INFO - Extracted: Redcoat AI - 14-Mar-24
2025-05-06 20:13:41,548 - INFO - Found funding amount: 4240000
2025-05-06 20:13:41,579 - INFO - Extracted: Assort Health - 14-Mar-24
2025-05-06 20:13:41,580 - INFO - Found funding amount: 3500000
2025-05-06 20:13:41,612 - INFO - Extracted: Deep Origin - 13-Mar-24
2025-05-06 20:13:41,612 - INFO - Found funding amount: 25500000
2025-05-06 20:13:41,643 - INFO - Extracted: LiveKit - 13-Mar-24
2025-05-06 20:13:41,644 - INFO - Found funding amount: 19742076
2025-05-06 20:13:41,673 - INFO - Extracted: Voxeleron - 13-Mar-24
2025-05-06 20:13:41,673 - INFO - Found funding amount: 0
2025-05-06 20:13:41,702 - INFO - Extracted: Nozomi Networks - 13-Mar-24
2025-05-06 20:13:41,702 - INFO - Found funding amount: 100000000
2025-05-06 20:13:41,732 - INFO - Extracted: Fermat Commerce - 13-Mar-24
2025-05-06 20:13:41,732 - INFO - Found funding amount: 17000000
2025-05-06 20:13:41,732 - INFO - Successfully extracted 20 new companies from page 45
2025-05-06 20:13:41,732 - INFO - Attempting to navigate from page 45
2025-05-06 20:13:47,908 - INFO - JavaScript verification confirmed page changed
2025-05-06 20:13:48,984 - INFO - Extracting data from page 46
2025-05-06 20:13:49,389 - INFO - Trying standard table extraction
2025-05-06 20:13:49,456 - INFO - Found funding amount column at index 6
2025-05-06 20:13:49,460 - INFO - Found headquarters column at index 7
2025-05-06 20:13:49,469 - INFO - Found 22 potential data rows
2025-05-06 20:13:49,513 - INFO - Extracted: Astronuts - 13-Mar-24
2025-05-06 20:13:49,513 - INFO - Found funding amount: 0
2025-05-06 20:13:49,543 - INFO - Extracted: eDNA Explorer - 13-Mar-24
2025-05-06 20:13:49,543 - INFO - Found funding amount: 500000
2025-05-06 20:13:49,573 - INFO - Extracted: Big Sur AI - 13-Mar-24
2025-05-06 20:13:49,573 - INFO - Found funding amount: 6900000
2025-05-06 20:13:49,603 - INFO - Extracted: HalseyPoint Asset Management - 13-Mar-24
2025-05-06 20:13:49,603 - INFO - Found funding amount: 0
2025-05-06 20:13:49,633 - INFO - Extracted: Luminary Cloud - 13-Mar-24
2025-05-06 20:13:49,633 - INFO - Found funding amount: 115000000
2025-05-06 20:13:49,664 - INFO - Extracted: Furno - 13-Mar-24
2025-05-06 20:13:49,664 - INFO - Found funding amount: 6500000
2025-05-06 20:13:49,696 - INFO - Extracted: Smartschool - 13-Mar-24
2025-05-06 20:13:49,696 - INFO - Found funding amount: 1500000
2025-05-06 20:13:49,725 - INFO - Extracted: NanoNets - 12-Mar-24
2025-05-06 20:13:49,725 - INFO - Found funding amount: 29000000
2025-05-06 20:13:49,755 - INFO - Extracted: Amara Organic Foods - 12-Mar-24
2025-05-06 20:13:49,755 - INFO - Found funding amount: 20000000
2025-05-06 20:13:49,784 - INFO - Extracted: Vouch - 11-Mar-24
2025-05-06 20:13:49,784 - INFO - Found funding amount: 25000000
2025-05-06 20:13:49,814 - INFO - Extracted: Forest Neurotech - 11-Mar-24
2025-05-06 20:13:49,815 - INFO - Found funding amount: 14000000
2025-05-06 20:13:49,844 - INFO - Extracted: Applied Intuition - 11-Mar-24
2025-05-06 20:13:49,844 - INFO - Found funding amount: 250000000
2025-05-06 20:13:49,891 - INFO - Extracted: Bear Robotics - 11-Mar-24
2025-05-06 20:13:49,891 - INFO - Found funding amount: 60000000
2025-05-06 20:13:49,920 - INFO - Extracted: Key - 11-Mar-24
2025-05-06 20:13:49,920 - INFO - Found funding amount: 4300000
2025-05-06 20:13:49,951 - INFO - Extracted: Eigen Therapeutics - 11-Mar-24
2025-05-06 20:13:49,951 - INFO - Found funding amount: 0
2025-05-06 20:13:49,982 - INFO - Extracted: RealSeq Biosciences - 11-Mar-24
2025-05-06 20:13:49,982 - INFO - Found funding amount: 1500000
2025-05-06 20:13:50,050 - INFO - Extracted: Eclipse - 11-Mar-24
2025-05-06 20:13:50,050 - INFO - Found funding amount: 50000000
2025-05-06 20:13:50,080 - INFO - Extracted: Foundation Health - 11-Mar-24
2025-05-06 20:13:50,080 - INFO - Found funding amount: 6000000
2025-05-06 20:13:50,109 - INFO - Extracted: Huski.ai - 8-Mar-24
2025-05-06 20:13:50,109 - INFO - Found funding amount: 4250010
2025-05-06 20:13:50,138 - INFO - Extracted: Ondas Networks - 8-Mar-24
2025-05-06 20:13:50,138 - INFO - Found funding amount: 4500000
2025-05-06 20:13:50,139 - INFO - Successfully extracted 20 new companies from page 46
2025-05-06 20:13:50,139 - INFO - Attempting to navigate from page 46
2025-05-06 20:13:55,952 - INFO - JavaScript verification confirmed page changed
2025-05-06 20:13:56,538 - INFO - Extracting data from page 47
2025-05-06 20:13:57,665 - INFO - Trying standard table extraction
2025-05-06 20:13:57,717 - INFO - Found funding amount column at index 6
2025-05-06 20:13:57,722 - INFO - Found headquarters column at index 7
2025-05-06 20:13:57,731 - INFO - Found 22 potential data rows
2025-05-06 20:13:57,775 - INFO - Extracted: NeuroAge Therapeutics - 7-Mar-24
2025-05-06 20:13:57,775 - INFO - Found funding amount: 250000
2025-05-06 20:13:57,805 - INFO - Extracted: Neural Propulsion Systems - 7-Mar-24
2025-05-06 20:13:57,805 - INFO - Found funding amount: 17500000
2025-05-06 20:13:57,835 - INFO - Extracted: Best Day Brewing - 7-Mar-24
2025-05-06 20:13:57,836 - INFO - Found funding amount: 10000000
2025-05-06 20:13:57,866 - INFO - Extracted: Reach Security - 7-Mar-24
2025-05-06 20:13:57,866 - INFO - Found funding amount: 20000000
2025-05-06 20:13:57,966 - INFO - Extracted: Brevian - 7-Mar-24
2025-05-06 20:13:57,966 - INFO - Found funding amount: 9000000
2025-05-06 20:13:58,045 - INFO - Extracted: Alumis - 6-Mar-24
2025-05-06 20:13:58,045 - INFO - Found funding amount: 259000000
2025-05-06 20:13:58,076 - INFO - Extracted: Abstract - 6-Mar-24
2025-05-06 20:13:58,076 - INFO - Found funding amount: 4256483
2025-05-06 20:13:58,106 - INFO - Extracted: Altro (fka Perch) - 6-Mar-24
2025-05-06 20:13:58,106 - INFO - Found funding amount: 4000000
2025-05-06 20:13:58,137 - INFO - Extracted: Remofirst - 6-Mar-24
2025-05-06 20:13:58,137 - INFO - Found funding amount: 25000000
2025-05-06 20:13:58,182 - INFO - Extracted: Proof of Impact - 6-Mar-24
2025-05-06 20:13:58,182 - INFO - Found funding amount: 569985
2025-05-06 20:13:58,215 - INFO - Extracted: Firewall - 6-Mar-24
2025-05-06 20:13:58,215 - INFO - Found funding amount: 3700000
2025-05-06 20:13:58,244 - INFO - Extracted: Glacier - 6-Mar-24
2025-05-06 20:13:58,244 - INFO - Found funding amount: 7700000
2025-05-06 20:13:58,275 - INFO - Extracted: Jabali - 6-Mar-24
2025-05-06 20:13:58,275 - INFO - Found funding amount: 5000000
2025-05-06 20:13:58,308 - INFO - Extracted: Dtex Systems - 5-Mar-24
2025-05-06 20:13:58,308 - INFO - Found funding amount: 50000000
2025-05-06 20:13:58,339 - INFO - Extracted: Ubicloud - 5-Mar-24
2025-05-06 20:13:58,339 - INFO - Found funding amount: 16000000
2025-05-06 20:13:58,369 - INFO - Extracted: Openprise - 5-Mar-24
2025-05-06 20:13:58,369 - INFO - Found funding amount: 25000000
2025-05-06 20:13:58,399 - INFO - Extracted: appCD - 5-Mar-24
2025-05-06 20:13:58,399 - INFO - Found funding amount: 6000000
2025-05-06 20:13:58,429 - INFO - Extracted: RIOS - 5-Mar-24
2025-05-06 20:13:58,429 - INFO - Found funding amount: 13000000
2025-05-06 20:13:58,458 - INFO - Extracted: Baseten - 4-Mar-24
2025-05-06 20:13:58,458 - INFO - Found funding amount: 40000000
2025-05-06 20:13:58,487 - INFO - Extracted: GALY - 4-Mar-24
2025-05-06 20:13:58,487 - INFO - Found funding amount: 20149994
2025-05-06 20:13:58,487 - INFO - Successfully extracted 20 new companies from page 47
2025-05-06 20:13:58,487 - INFO - Attempting to navigate from page 47
2025-05-06 20:14:04,445 - INFO - JavaScript verification confirmed page changed
2025-05-06 20:14:05,009 - INFO - Extracting data from page 48
2025-05-06 20:14:06,202 - INFO - Trying standard table extraction
2025-05-06 20:14:06,258 - INFO - Found funding amount column at index 6
2025-05-06 20:14:06,263 - INFO - Found headquarters column at index 7
2025-05-06 20:14:06,271 - INFO - Found 22 potential data rows
2025-05-06 20:14:06,315 - INFO - Extracted: Headlands Research - 4-Mar-24
2025-05-06 20:14:06,315 - INFO - Found funding amount: 249997
2025-05-06 20:14:06,346 - INFO - Extracted: treet - 4-Mar-24
2025-05-06 20:14:06,346 - INFO - Found funding amount: 10000000
2025-05-06 20:14:06,378 - INFO - Extracted: Entrada - 4-Mar-24
2025-05-06 20:14:06,378 - INFO - Found funding amount: 0
2025-05-06 20:14:06,415 - INFO - Extracted: Momentous - 29-Feb-24
2025-05-06 20:14:06,415 - INFO - Found funding amount: 0
2025-05-06 20:14:06,446 - INFO - Extracted: FirstHive - 29-Feb-24
2025-05-06 20:14:06,446 - INFO - Found funding amount: 5089250
2025-05-06 20:14:06,477 - INFO - Extracted: Elemeno Health - 29-Feb-24
2025-05-06 20:14:06,477 - INFO - Found funding amount: 3350344
2025-05-06 20:14:06,509 - INFO - Extracted: PawCo Foods - 29-Feb-24
2025-05-06 20:14:06,509 - INFO - Found funding amount: 2000000
2025-05-06 20:14:06,539 - INFO - Extracted: BioCorRx - 28-Feb-24
2025-05-06 20:14:06,539 - INFO - Found funding amount: 11000000
2025-05-06 20:14:06,572 - INFO - Extracted: Range Energy - 28-Feb-24
2025-05-06 20:14:06,572 - INFO - Found funding amount: 23500000
2025-05-06 20:14:06,601 - INFO - Extracted: BloomTech - 28-Feb-24
2025-05-06 20:14:06,601 - INFO - Found funding amount: 14602342
2025-05-06 20:14:06,633 - INFO - Extracted: Backpack - 28-Feb-24
2025-05-06 20:14:06,633 - INFO - Found funding amount: 17000000
2025-05-06 20:14:06,679 - INFO - Extracted: Mineprism Inc. - 28-Feb-24
2025-05-06 20:14:06,679 - INFO - Found funding amount: 75000
2025-05-06 20:14:06,709 - INFO - Extracted: Parspec - 27-Feb-24
2025-05-06 20:14:06,709 - INFO - Found funding amount: 11500000
2025-05-06 20:14:06,740 - INFO - Extracted: Catch+Release - 27-Feb-24
2025-05-06 20:14:06,740 - INFO - Found funding amount: 8800000
2025-05-06 20:14:06,770 - INFO - Extracted: MoneyHash - 27-Feb-24
2025-05-06 20:14:06,770 - INFO - Found funding amount: 4500000
2025-05-06 20:14:06,801 - INFO - Extracted: Reo.Dev - 27-Feb-24
2025-05-06 20:14:06,801 - INFO - Found funding amount: 1200000
2025-05-06 20:14:06,833 - INFO - Extracted: Campfire - 27-Feb-24
2025-05-06 20:14:06,833 - INFO - Found funding amount: 3500000
2025-05-06 20:14:06,863 - INFO - Extracted: Axiom Cloud - 27-Feb-24
2025-05-06 20:14:06,864 - INFO - Found funding amount: 5000000
2025-05-06 20:14:06,894 - INFO - Extracted: Inkitt - 27-Feb-24
2025-05-06 20:14:06,894 - INFO - Found funding amount: 37000000
2025-05-06 20:14:06,925 - INFO - Extracted: EPRI - 26-Feb-24
2025-05-06 20:14:06,925 - INFO - Found funding amount: 3400000
2025-05-06 20:14:06,925 - INFO - Successfully extracted 20 new companies from page 48
2025-05-06 20:14:06,925 - INFO - Attempting to navigate from page 48
2025-05-06 20:14:12,702 - INFO - JavaScript verification confirmed page changed
2025-05-06 20:14:13,606 - INFO - Extracting data from page 49
2025-05-06 20:14:14,193 - INFO - Trying standard table extraction
2025-05-06 20:14:14,251 - INFO - Found funding amount column at index 6
2025-05-06 20:14:14,255 - INFO - Found headquarters column at index 7
2025-05-06 20:14:14,264 - INFO - Found 22 potential data rows
2025-05-06 20:14:14,310 - INFO - Extracted: Alamar Biosciences - 26-Feb-24
2025-05-06 20:14:14,310 - INFO - Found funding amount: 100000000
2025-05-06 20:14:14,344 - INFO - Extracted: FlowGPT - 26-Feb-24
2025-05-06 20:14:14,344 - INFO - Found funding amount: 10000000
2025-05-06 20:14:14,378 - INFO - Extracted: mTAB - 26-Feb-24
2025-05-06 20:14:14,378 - INFO - Found funding amount: 15000000
2025-05-06 20:14:14,411 - INFO - Extracted: InsightRX - 23-Feb-24
2025-05-06 20:14:14,411 - INFO - Found funding amount: 0
2025-05-06 20:14:14,443 - INFO - Extracted: Elve - 22-Feb-24
2025-05-06 20:14:14,443 - INFO - Found funding amount: 15000000
2025-05-06 20:14:14,477 - INFO - Extracted: PermitFlow - 21-Feb-24
2025-05-06 20:14:14,477 - INFO - Found funding amount: 31000000
2025-05-06 20:14:14,508 - INFO - Extracted: Jamix - 21-Feb-24
2025-05-06 20:14:14,508 - INFO - Found funding amount: 3000000
2025-05-06 20:14:14,538 - INFO - Extracted: Hadrian - 21-Feb-24
2025-05-06 20:14:14,539 - INFO - Found funding amount: 92000000
2025-05-06 20:14:14,568 - INFO - Extracted: Empowerly - 21-Feb-24
2025-05-06 20:14:14,569 - INFO - Found funding amount: 15000000
2025-05-06 20:14:14,599 - INFO - Extracted: Orkes - 21-Feb-24
2025-05-06 20:14:14,599 - INFO - Found funding amount: 20000000
2025-05-06 20:14:14,630 - INFO - Extracted: Power Life Science - 21-Feb-24
2025-05-06 20:14:14,630 - INFO - Found funding amount: 11900000
2025-05-06 20:14:14,666 - INFO - Extracted: ElastiFlow - 21-Feb-24
2025-05-06 20:14:14,666 - INFO - Found funding amount: 5000000
2025-05-06 20:14:14,698 - INFO - Extracted: NodeShift - 21-Feb-24
2025-05-06 20:14:14,698 - INFO - Found funding amount: 3200000
2025-05-06 20:14:14,738 - INFO - Extracted: VectorShift - 21-Feb-24
2025-05-06 20:14:14,738 - INFO - Found funding amount: 3000000
2025-05-06 20:14:14,770 - INFO - Extracted: Blue Wire - 20-Feb-24
2025-05-06 20:14:14,770 - INFO - Found funding amount: 0
2025-05-06 20:14:14,800 - INFO - Extracted: Zonexus - 20-Feb-24
2025-05-06 20:14:14,801 - INFO - Found funding amount: 1149998
2025-05-06 20:14:14,851 - INFO - Extracted: Recogni - 20-Feb-24
2025-05-06 20:14:14,851 - INFO - Found funding amount: 102000000
2025-05-06 20:14:14,882 - INFO - Extracted: HighRI Optics - 20-Feb-24
2025-05-06 20:14:14,882 - INFO - Found funding amount: 1099995
2025-05-06 20:14:14,912 - INFO - Extracted: Arini - 19-Feb-24
2025-05-06 20:14:14,912 - INFO - Found funding amount: 500000
2025-05-06 20:14:14,942 - INFO - Extracted: Alembic - 15-Feb-24
2025-05-06 20:14:14,942 - INFO - Found funding amount: 14000000
2025-05-06 20:14:14,942 - INFO - Successfully extracted 20 new companies from page 49
2025-05-06 20:14:14,942 - INFO - Attempting to navigate from page 49
2025-05-06 20:14:20,752 - INFO - JavaScript verification confirmed page changed
2025-05-06 20:14:21,494 - INFO - Extracting data from page 50
2025-05-06 20:14:21,928 - INFO - Trying standard table extraction
2025-05-06 20:14:21,989 - INFO - Found funding amount column at index 6
2025-05-06 20:14:21,993 - INFO - Found headquarters column at index 7
2025-05-06 20:14:22,002 - INFO - Found 22 potential data rows
2025-05-06 20:14:22,048 - INFO - Extracted: Scribe - 15-Feb-24
2025-05-06 20:14:22,048 - INFO - Found funding amount: 25000000
2025-05-06 20:14:22,079 - INFO - Extracted: Freenome - 15-Feb-24
2025-05-06 20:14:22,079 - INFO - Found funding amount: 254000000
2025-05-06 20:14:22,110 - INFO - Extracted: Guardrails AI - 15-Feb-24
2025-05-06 20:14:22,110 - INFO - Found funding amount: 7500000
2025-05-06 20:14:22,144 - INFO - Extracted: Zocks - 15-Feb-24
2025-05-06 20:14:22,144 - INFO - Found funding amount: 5500000
2025-05-06 20:14:22,177 - INFO - Extracted: LangChain - 15-Feb-24
2025-05-06 20:14:22,177 - INFO - Found funding amount: 25000000
2025-05-06 20:14:22,208 - INFO - Extracted: testRigor - 15-Feb-24
2025-05-06 20:14:22,208 - INFO - Found funding amount: 0
2025-05-06 20:14:22,240 - INFO - Extracted: Kairos Aerospace - 15-Feb-24
2025-05-06 20:14:22,240 - INFO - Found funding amount: 52000000
2025-05-06 20:14:22,287 - INFO - Extracted: Sanitas AI - 15-Feb-24
2025-05-06 20:14:22,287 - INFO - Found funding amount: 0
2025-05-06 20:14:22,319 - INFO - Extracted: cPacket Networks - 14-Feb-24
2025-05-06 20:14:22,319 - INFO - Found funding amount: 67000000
2025-05-06 20:14:22,350 - INFO - Extracted: Artie - 14-Feb-24
2025-05-06 20:14:22,350 - INFO - Found funding amount: 3300000
2025-05-06 20:14:22,383 - INFO - Extracted: SkyOne Federal Credit Union - 14-Feb-24
2025-05-06 20:14:22,383 - INFO - Found funding amount: 2750000
2025-05-06 20:14:22,414 - INFO - Extracted: Hippo Harvest - 14-Feb-24
2025-05-06 20:14:22,414 - INFO - Found funding amount: 21000000
2025-05-06 20:14:22,444 - INFO - Extracted: Planette - 14-Feb-24
2025-05-06 20:14:22,444 - INFO - Found funding amount: 2400000
2025-05-06 20:14:22,473 - INFO - Extracted: Rasa - 14-Feb-24
2025-05-06 20:14:22,473 - INFO - Found funding amount: 30000000
2025-05-06 20:14:22,504 - INFO - Extracted: Meter - 13-Feb-24
2025-05-06 20:14:22,504 - INFO - Found funding amount: 35000000
2025-05-06 20:14:22,534 - INFO - Extracted: Skylo - 13-Feb-24
2025-05-06 20:14:22,535 - INFO - Found funding amount: 37000000
2025-05-06 20:14:22,565 - INFO - Extracted: Mindy - 13-Feb-24
2025-05-06 20:14:22,565 - INFO - Found funding amount: 6000000
2025-05-06 20:14:22,595 - INFO - Extracted: Savor - 13-Feb-24
2025-05-06 20:14:22,596 - INFO - Found funding amount: 23000000
2025-05-06 20:14:22,627 - INFO - Extracted: Camus Energy - 13-Feb-24
2025-05-06 20:14:22,627 - INFO - Found funding amount: 10000000
2025-05-06 20:14:22,658 - INFO - Extracted: Chalk - 13-Feb-24
2025-05-06 20:14:22,658 - INFO - Found funding amount: 338298
2025-05-06 20:14:22,658 - INFO - Successfully extracted 20 new companies from page 50
2025-05-06 20:14:22,658 - INFO - Attempting to navigate from page 50
2025-05-06 20:14:27,651 - INFO - JavaScript verification confirmed page changed
2025-05-06 20:14:28,747 - INFO - Extracting data from page 51
2025-05-06 20:14:29,491 - INFO - Trying standard table extraction
2025-05-06 20:14:29,543 - INFO - Found funding amount column at index 6
2025-05-06 20:14:29,547 - INFO - Found headquarters column at index 7
2025-05-06 20:14:29,555 - INFO - Found 22 potential data rows
2025-05-06 20:14:29,602 - INFO - Extracted: SocialCoach - 13-Feb-24
2025-05-06 20:14:29,602 - INFO - Found funding amount: 1000000
2025-05-06 20:14:29,632 - INFO - Extracted: Motif Analytics - 12-Feb-24
2025-05-06 20:14:29,632 - INFO - Found funding amount: 5700000
2025-05-06 20:14:29,664 - INFO - Extracted: Heliux - 12-Feb-24
2025-05-06 20:14:29,664 - INFO - Found funding amount: 2265000
2025-05-06 20:14:29,694 - INFO - Extracted: Lilac Solutions - 12-Feb-24
2025-05-06 20:14:29,694 - INFO - Found funding amount: 145000000
2025-05-06 20:14:29,726 - INFO - Extracted: Magic - 12-Feb-24
2025-05-06 20:14:29,726 - INFO - Found funding amount: 117332923
2025-05-06 20:14:29,756 - INFO - Extracted: LeoLabs - 12-Feb-24
2025-05-06 20:14:29,756 - INFO - Found funding amount: 29000000
2025-05-06 20:14:29,788 - INFO - Extracted: Modern Treasury - 10-Feb-24
2025-05-06 20:14:29,789 - INFO - Found funding amount: 1000000000
2025-05-06 20:14:29,819 - INFO - Extracted: THINKIN - 9-Feb-24
2025-05-06 20:14:29,819 - INFO - Found funding amount: 0
2025-05-06 20:14:29,852 - INFO - Extracted: Unlearn.AI - 8-Feb-24
2025-05-06 20:14:29,852 - INFO - Found funding amount: 50000000
2025-05-06 20:14:29,885 - INFO - Extracted: Handle - 8-Feb-24
2025-05-06 20:14:29,885 - INFO - Found funding amount: 0
2025-05-06 20:14:29,921 - INFO - Extracted: Partners Capital - 8-Feb-24
2025-05-06 20:14:29,921 - INFO - Found funding amount: 0
2025-05-06 20:14:29,953 - INFO - Extracted: Vocode - 8-Feb-24
2025-05-06 20:14:29,953 - INFO - Found funding amount: 3250000
2025-05-06 20:14:29,984 - INFO - Extracted: brd BOT - 8-Feb-24
2025-05-06 20:14:29,984 - INFO - Found funding amount: 100000
2025-05-06 20:14:30,015 - INFO - Extracted: FuzzLand - 8-Feb-24
2025-05-06 20:14:30,015 - INFO - Found funding amount: 3000000
2025-05-06 20:14:30,046 - INFO - Extracted: Overflow - 7-Feb-24
2025-05-06 20:14:30,046 - INFO - Found funding amount: 20000000
2025-05-06 20:14:30,079 - INFO - Extracted: Polycam - 7-Feb-24
2025-05-06 20:14:30,079 - INFO - Found funding amount: 18000000
2025-05-06 20:14:30,117 - INFO - Extracted: Simplify - 7-Feb-24
2025-05-06 20:14:30,117 - INFO - Found funding amount: 3000000
2025-05-06 20:14:30,167 - INFO - Extracted: OutSail Shipping - 7-Feb-24
2025-05-06 20:14:30,167 - INFO - Found funding amount: 500000
2025-05-06 20:14:30,197 - INFO - Extracted: Upstock - 7-Feb-24
2025-05-06 20:14:30,197 - INFO - Found funding amount: 13000000
2025-05-06 20:14:30,227 - INFO - Extracted: Shepherd - 7-Feb-24
2025-05-06 20:14:30,228 - INFO - Found funding amount: 13500000
2025-05-06 20:14:30,228 - INFO - Successfully extracted 20 new companies from page 51
2025-05-06 20:14:30,228 - INFO - Attempting to navigate from page 51
2025-05-06 20:14:36,219 - INFO - JavaScript verification confirmed page changed
2025-05-06 20:14:36,993 - INFO - Extracting data from page 52
2025-05-06 20:14:37,694 - INFO - Trying standard table extraction
2025-05-06 20:14:37,753 - INFO - Found funding amount column at index 6
2025-05-06 20:14:37,758 - INFO - Found headquarters column at index 7
2025-05-06 20:14:37,766 - INFO - Found 22 potential data rows
2025-05-06 20:14:37,811 - INFO - Extracted: ZEDEDA - 7-Feb-24
2025-05-06 20:14:37,811 - INFO - Found funding amount: 72000000
2025-05-06 20:14:37,842 - INFO - Extracted: Aizon - 7-Feb-24
2025-05-06 20:14:37,842 - INFO - Found funding amount: 20000000
2025-05-06 20:14:37,872 - INFO - Extracted: Attralus - 6-Feb-24
2025-05-06 20:14:37,872 - INFO - Found funding amount: 56000000
2025-05-06 20:14:37,905 - INFO - Extracted: Jam - 6-Feb-24
2025-05-06 20:14:37,905 - INFO - Found funding amount: 8900000
2025-05-06 20:14:37,936 - INFO - Extracted: Ambience Healthcare - 6-Feb-24
2025-05-06 20:14:37,936 - INFO - Found funding amount: 70000000
2025-05-06 20:14:37,967 - INFO - Extracted: Starship Technologies - 5-Feb-24
2025-05-06 20:14:37,967 - INFO - Found funding amount: 90000000
2025-05-06 20:14:37,998 - INFO - Extracted: Rigetti Computing - 5-Feb-24
2025-05-06 20:14:37,998 - INFO - Found funding amount: 0
2025-05-06 20:14:38,029 - INFO - Extracted: LightBeam.ai - 1-Feb-24
2025-05-06 20:14:38,029 - INFO - Found funding amount: 17800000
2025-05-06 20:14:38,060 - INFO - Extracted: Artera - 1-Feb-24
2025-05-06 20:14:38,060 - INFO - Found funding amount: 20000000
2025-05-06 20:14:38,093 - INFO - Extracted: Watershed - 1-Feb-24
2025-05-06 20:14:38,093 - INFO - Found funding amount: 100000000
2025-05-06 20:14:38,137 - INFO - Extracted: CARPL.ai - 1-Feb-24
2025-05-06 20:14:38,137 - INFO - Found funding amount: 6000000
2025-05-06 20:14:38,173 - INFO - Extracted: Coris - 1-Feb-24
2025-05-06 20:14:38,173 - INFO - Found funding amount: 3700000
2025-05-06 20:14:38,208 - INFO - Extracted: Mountaintop Studios - 31-Jan-24
2025-05-06 20:14:38,208 - INFO - Found funding amount: 30000000
2025-05-06 20:14:38,237 - INFO - Extracted: Metronome - 31-Jan-24
2025-05-06 20:14:38,237 - INFO - Found funding amount: 43000000
2025-05-06 20:14:38,267 - INFO - Extracted: Reken - 31-Jan-24
2025-05-06 20:14:38,268 - INFO - Found funding amount: 10000000
2025-05-06 20:14:38,299 - INFO - Extracted: Aiden Automotive Technologies - 31-Jan-24
2025-05-06 20:14:38,299 - INFO - Found funding amount: 0
2025-05-06 20:14:38,331 - INFO - Extracted: Inngest - 30-Jan-24
2025-05-06 20:14:38,331 - INFO - Found funding amount: 6100000
2025-05-06 20:14:38,362 - INFO - Extracted: Nile - 30-Jan-24
2025-05-06 20:14:38,362 - INFO - Found funding amount: 11600000
2025-05-06 20:14:38,392 - INFO - Extracted: Aster - 30-Jan-24
2025-05-06 20:14:38,392 - INFO - Found funding amount: 2400000
2025-05-06 20:14:38,422 - INFO - Extracted: HyperBeeAI - 30-Jan-24
2025-05-06 20:14:38,422 - INFO - Found funding amount: 0
2025-05-06 20:14:38,422 - INFO - Successfully extracted 20 new companies from page 52
2025-05-06 20:14:38,422 - INFO - Attempting to navigate from page 52
2025-05-06 20:14:43,789 - INFO - JavaScript verification confirmed page changed
2025-05-06 20:14:44,972 - INFO - Extracting data from page 53
2025-05-06 20:14:45,356 - INFO - Trying standard table extraction
2025-05-06 20:14:45,384 - INFO - Found funding amount column at index 6
2025-05-06 20:14:45,387 - INFO - Found headquarters column at index 7
2025-05-06 20:14:45,395 - INFO - Found 22 potential data rows
2025-05-06 20:14:45,438 - INFO - Extracted: Plex - 30-Jan-24
2025-05-06 20:14:45,438 - INFO - Found funding amount: 40000000
2025-05-06 20:14:45,476 - INFO - Extracted: Alchemist Accelerator - 30-Jan-24
2025-05-06 20:14:45,476 - INFO - Found funding amount: 2000000
2025-05-06 20:14:45,518 - INFO - Extracted: resistanceBio - 29-Jan-24
2025-05-06 20:14:45,518 - INFO - Found funding amount: 12776288
2025-05-06 20:14:45,569 - INFO - Extracted: Mesh - 29-Jan-24
2025-05-06 20:14:45,569 - INFO - Found funding amount: 6500000
2025-05-06 20:14:45,607 - INFO - Extracted: Chef Robotics - 26-Jan-24
2025-05-06 20:14:45,607 - INFO - Found funding amount: 10500000
2025-05-06 20:14:45,638 - INFO - Extracted: Perfumeo - 26-Jan-24
2025-05-06 20:14:45,638 - INFO - Found funding amount: 1000000
2025-05-06 20:14:45,670 - INFO - Extracted: Bastille Networks Internet Security - 25-Jan-24
2025-05-06 20:14:45,670 - INFO - Found funding amount: 44000000
2025-05-06 20:14:45,703 - INFO - Extracted: ViralMoment - 25-Jan-24
2025-05-06 20:14:45,703 - INFO - Found funding amount: 2500000
2025-05-06 20:14:45,734 - INFO - Extracted: Integral Development Corp - 25-Jan-24
2025-05-06 20:14:45,734 - INFO - Found funding amount: 30000000
2025-05-06 20:14:45,764 - INFO - Extracted: Audioshake - 25-Jan-24
2025-05-06 20:14:45,765 - INFO - Found funding amount: 1400000
2025-05-06 20:14:45,795 - INFO - Extracted: Aniai - 24-Jan-24
2025-05-06 20:14:45,795 - INFO - Found funding amount: 12000000
2025-05-06 20:14:45,826 - INFO - Extracted: unSkript, Inc - 24-Jan-24
2025-05-06 20:14:45,826 - INFO - Found funding amount: 3750000
2025-05-06 20:14:45,856 - INFO - Extracted: Masa - 23-Jan-24
2025-05-06 20:14:45,856 - INFO - Found funding amount: 5400000
2025-05-06 20:14:45,888 - INFO - Extracted: AiDash - 23-Jan-24
2025-05-06 20:14:45,888 - INFO - Found funding amount: 50000000
2025-05-06 20:14:45,918 - INFO - Extracted: SER Capital Partners - 23-Jan-24
2025-05-06 20:14:45,918 - INFO - Found funding amount: 0
2025-05-06 20:14:45,948 - INFO - Extracted: Snorkel AI - 23-Jan-24
2025-05-06 20:14:45,948 - INFO - Found funding amount: 0
2025-05-06 20:14:45,978 - INFO - Extracted: Synthesis AI - 23-Jan-24
2025-05-06 20:14:45,978 - INFO - Found funding amount: 168889
2025-05-06 20:14:46,009 - INFO - Extracted: RagaAI Inc. - 23-Jan-24
2025-05-06 20:14:46,009 - INFO - Found funding amount: 4700000
2025-05-06 20:14:46,040 - INFO - Extracted: SmithRx - 23-Jan-24
2025-05-06 20:14:46,040 - INFO - Found funding amount: 60000000
2025-05-06 20:14:46,075 - INFO - Extracted: GenEdit - 23-Jan-24
2025-05-06 20:14:46,075 - INFO - Found funding amount: 24000000
2025-05-06 20:14:46,075 - INFO - Successfully extracted 20 new companies from page 53
2025-05-06 20:14:46,075 - INFO - Attempting to navigate from page 53
2025-05-06 20:14:51,364 - INFO - JavaScript verification confirmed page changed
2025-05-06 20:14:52,012 - INFO - Extracting data from page 54
2025-05-06 20:14:53,207 - INFO - Trying standard table extraction
2025-05-06 20:14:53,245 - INFO - Found funding amount column at index 6
2025-05-06 20:14:53,249 - INFO - Found headquarters column at index 7
2025-05-06 20:14:53,264 - INFO - Found 22 potential data rows
2025-05-06 20:14:53,312 - INFO - Extracted: Neatleaf - 23-Jan-24
2025-05-06 20:14:53,312 - INFO - Found funding amount: 4000000
2025-05-06 20:14:53,345 - INFO - Extracted: Clerk - 23-Jan-24
2025-05-06 20:14:53,345 - INFO - Found funding amount: 30000000
2025-05-06 20:14:53,379 - INFO - Extracted: Ohana Real Estate Investors - 22-Jan-24
2025-05-06 20:14:53,379 - INFO - Found funding amount: 59000000
2025-05-06 20:14:53,413 - INFO - Extracted: Salas O'Brien - 22-Jan-24
2025-05-06 20:14:53,413 - INFO - Found funding amount: 0
2025-05-06 20:14:53,446 - INFO - Extracted: Captura - 22-Jan-24
2025-05-06 20:14:53,446 - INFO - Found funding amount: 21500000
2025-05-06 20:14:53,478 - INFO - Extracted: Better Stack - 22-Jan-24
2025-05-06 20:14:53,478 - INFO - Found funding amount: 10000000
2025-05-06 20:14:53,510 - INFO - Extracted: Bluedot - 22-Jan-24
2025-05-06 20:14:53,510 - INFO - Found funding amount: 5000000
2025-05-06 20:14:53,542 - INFO - Extracted: BuildClub - 22-Jan-24
2025-05-06 20:14:53,543 - INFO - Found funding amount: 1200000
2025-05-06 20:14:53,576 - INFO - Extracted: Metafoodx - 18-Jan-24
2025-05-06 20:14:53,576 - INFO - Found funding amount: 3000000
2025-05-06 20:14:53,610 - INFO - Extracted: Safary - 18-Jan-24
2025-05-06 20:14:53,611 - INFO - Found funding amount: 2400000
2025-05-06 20:14:53,652 - INFO - Extracted: zbyte - 18-Jan-24
2025-05-06 20:14:53,653 - INFO - Found funding amount: 4000000
2025-05-06 20:14:53,692 - INFO - Extracted: Forta - 17-Jan-24
2025-05-06 20:14:53,692 - INFO - Found funding amount: 55000000
2025-05-06 20:14:53,724 - INFO - Extracted: Incognia - 17-Jan-24
2025-05-06 20:14:53,724 - INFO - Found funding amount: 30999967
2025-05-06 20:14:53,758 - INFO - Extracted: Blueshift - 16-Jan-24
2025-05-06 20:14:53,758 - INFO - Found funding amount: 40000000
2025-05-06 20:14:53,790 - INFO - Extracted: Lutheran Social Services of Southern California - 16-Jan-24
2025-05-06 20:14:53,790 - INFO - Found funding amount: 0
2025-05-06 20:14:53,821 - INFO - Extracted: Blue Planet - 16-Jan-24
2025-05-06 20:14:53,821 - INFO - Found funding amount: 0
2025-05-06 20:14:53,852 - INFO - Extracted: Topia - 16-Jan-24
2025-05-06 20:14:53,852 - INFO - Found funding amount: 24440609
2025-05-06 20:14:53,884 - INFO - Extracted: Noctrix Health - 16-Jan-24
2025-05-06 20:14:53,884 - INFO - Found funding amount: 40000000
2025-05-06 20:14:53,917 - INFO - Extracted: Fonda Technologies - 16-Jan-24
2025-05-06 20:14:53,918 - INFO - Found funding amount: 749998
2025-05-06 20:14:53,954 - INFO - Extracted: Chezuba - 12-Jan-24
2025-05-06 20:14:53,954 - INFO - Found funding amount: 1400000
2025-05-06 20:14:53,954 - INFO - Successfully extracted 20 new companies from page 54
2025-05-06 20:14:53,954 - INFO - Attempting to navigate from page 54
2025-05-06 20:15:00,587 - INFO - JavaScript verification confirmed page changed
2025-05-06 20:15:01,765 - INFO - Extracting data from page 55
2025-05-06 20:15:02,576 - INFO - Trying standard table extraction
2025-05-06 20:15:02,704 - INFO - Found funding amount column at index 6
2025-05-06 20:15:02,710 - INFO - Found headquarters column at index 7
2025-05-06 20:15:02,722 - INFO - Found 22 potential data rows
2025-05-06 20:15:02,765 - INFO - Extracted: Rune Labs - 11-Jan-24
2025-05-06 20:15:02,765 - INFO - Found funding amount: 12000000
2025-05-06 20:15:02,794 - INFO - Extracted: Viavi Solutions - 11-Jan-24
2025-05-06 20:15:02,794 - INFO - Found funding amount: 21700000
2025-05-06 20:15:02,843 - INFO - Extracted: Pier - 11-Jan-24
2025-05-06 20:15:02,844 - INFO - Found funding amount: 2400000
2025-05-06 20:15:02,894 - INFO - Extracted: FlutterFlow - 11-Jan-24
2025-05-06 20:15:02,894 - INFO - Found funding amount: 25500000
2025-05-06 20:15:02,928 - INFO - Extracted: Velou - 11-Jan-24
2025-05-06 20:15:02,928 - INFO - Found funding amount: 4000000
2025-05-06 20:15:02,960 - INFO - Extracted: Echo Labs - 10-Jan-24
2025-05-06 20:15:02,960 - INFO - Found funding amount: 7700000
2025-05-06 20:15:03,009 - INFO - Extracted: Quora - 10-Jan-24
2025-05-06 20:15:03,009 - INFO - Found funding amount: 75000000
2025-05-06 20:15:03,069 - INFO - Extracted: Rainbow - 10-Jan-24
2025-05-06 20:15:03,069 - INFO - Found funding amount: 12000000
2025-05-06 20:15:03,110 - INFO - Extracted: Shimmer - 10-Jan-24
2025-05-06 20:15:03,110 - INFO - Found funding amount: 2200000
2025-05-06 20:15:03,140 - INFO - Extracted: Leap AI - 9-Jan-24
2025-05-06 20:15:03,140 - INFO - Found funding amount: 1400000
2025-05-06 20:15:03,171 - INFO - Extracted: Raising the Future - 9-Jan-24
2025-05-06 20:15:03,171 - INFO - Found funding amount: 10000000
2025-05-06 20:15:03,204 - INFO - Extracted: Feel Therapeutics - 9-Jan-24
2025-05-06 20:15:03,204 - INFO - Found funding amount: 0
2025-05-06 20:15:03,235 - INFO - Extracted: Luma AI - 9-Jan-24
2025-05-06 20:15:03,235 - INFO - Found funding amount: 43000000
2025-05-06 20:15:03,270 - INFO - Extracted: anecdotes - 9-Jan-24
2025-05-06 20:15:03,270 - INFO - Found funding amount: 25000000
2025-05-06 20:15:03,302 - INFO - Extracted: MedaSystems - 9-Jan-24
2025-05-06 20:15:03,302 - INFO - Found funding amount: 0
2025-05-06 20:15:03,333 - INFO - Extracted: Revagenix - 5-Jan-24
2025-05-06 20:15:03,333 - INFO - Found funding amount: 0
2025-05-06 20:15:03,403 - INFO - Extracted: UpDoc - 5-Jan-24
2025-05-06 20:15:03,403 - INFO - Found funding amount: 0
2025-05-06 20:15:03,438 - INFO - Extracted: Department of Behavioral Health - 4-Jan-24
2025-05-06 20:15:03,438 - INFO - Found funding amount: 21800000
2025-05-06 20:15:03,470 - INFO - Extracted: Moonwalk Biosciences - 4-Jan-24
2025-05-06 20:15:03,471 - INFO - Found funding amount: 57000000
2025-05-06 20:15:03,505 - INFO - Extracted: Human Immunology Biosciences - 4-Jan-24
2025-05-06 20:15:03,505 - INFO - Found funding amount: 95000000
2025-05-06 20:15:03,505 - INFO - Successfully extracted 20 new companies from page 55
2025-05-06 20:15:03,505 - INFO - Attempting to navigate from page 55
2025-05-06 20:15:09,187 - INFO - JavaScript verification confirmed page changed
2025-05-06 20:15:10,342 - INFO - Extracting data from page 56
2025-05-06 20:15:10,847 - INFO - Trying standard table extraction
2025-05-06 20:15:10,959 - INFO - Found funding amount column at index 6
2025-05-06 20:15:10,963 - INFO - Found headquarters column at index 7
2025-05-06 20:15:10,970 - INFO - Found 5 potential data rows
2025-05-06 20:15:11,020 - INFO - Extracted: Perplexity AI - 4-Jan-24
2025-05-06 20:15:11,020 - INFO - Found funding amount: 70000000
2025-05-06 20:15:11,058 - INFO - Extracted: GSI Technology - 3-Jan-24
2025-05-06 20:15:11,058 - INFO - Found funding amount: 1100000
2025-05-06 20:15:11,094 - INFO - Extracted: Paceline - 1-Jan-24
2025-05-06 20:15:11,094 - INFO - Found funding amount: 0
2025-05-06 20:15:11,094 - INFO - Successfully extracted 3 new companies from page 56
2025-05-06 20:15:11,094 - INFO - Attempting to navigate from page 56
2025-05-06 20:15:16,671 - INFO - JavaScript verification confirmed page changed
2025-05-06 20:15:17,068 - INFO - Extracting data from page 57
2025-05-06 20:15:17,674 - INFO - Trying standard table extraction
2025-05-06 20:15:17,706 - INFO - Found funding amount column at index 6
2025-05-06 20:15:17,711 - INFO - Found headquarters column at index 7
2025-05-06 20:15:17,720 - INFO - Found 5 potential data rows
2025-05-06 20:15:17,831 - INFO - Retry attempt 1 for data extraction
2025-05-06 20:15:19,429 - INFO - Trying standard table extraction
2025-05-06 20:15:19,492 - INFO - Found funding amount column at index 6
2025-05-06 20:15:19,497 - INFO - Found headquarters column at index 7
2025-05-06 20:15:19,505 - INFO - Found 5 potential data rows
2025-05-06 20:15:19,608 - INFO - Retry attempt 2 for data extraction
2025-05-06 20:15:21,063 - INFO - Refreshing page for final extraction attempt
2025-05-06 20:15:24,259 - INFO - Found overlay using selector: //div[contains(@class, 'conv-wrap')]
2025-05-06 20:15:24,272 - INFO - No close button found, removing overlay with JavaScript
2025-05-06 20:15:25,263 - INFO - Found overlay using selector: //div[contains(@class, 'overlay')]
2025-05-06 20:15:25,268 - INFO - No close button found, removing overlay with JavaScript
2025-05-06 20:15:27,134 - INFO - Trying standard table extraction
2025-05-06 20:15:27,185 - INFO - Found funding amount column at index 6
2025-05-06 20:15:27,189 - INFO - Found headquarters column at index 7
2025-05-06 20:15:27,197 - INFO - Found 22 potential data rows
2025-05-06 20:15:27,793 - WARNING - No new companies found on page 57. Empty page count: 1
2025-05-06 20:15:27,793 - INFO - Attempting to navigate from page 57
2025-05-06 20:15:33,893 - INFO - JavaScript verification confirmed page changed
2025-05-06 20:15:34,785 - INFO - Extracting data from page 58
2025-05-06 20:15:35,229 - INFO - Trying standard table extraction
2025-05-06 20:15:35,296 - INFO - Found funding amount column at index 6
2025-05-06 20:15:35,301 - INFO - Found headquarters column at index 7
2025-05-06 20:15:35,310 - INFO - Found 22 potential data rows
2025-05-06 20:15:35,908 - INFO - Retry attempt 1 for data extraction
2025-05-06 20:15:37,005 - INFO - Trying standard table extraction
2025-05-06 20:15:37,072 - INFO - Found funding amount column at index 6
2025-05-06 20:15:37,077 - INFO - Found headquarters column at index 7
2025-05-06 20:15:37,086 - INFO - Found 22 potential data rows
2025-05-06 20:15:37,699 - INFO - Retry attempt 2 for data extraction
2025-05-06 20:15:39,255 - INFO - Refreshing page for final extraction attempt
2025-05-06 20:15:41,868 - INFO - Found overlay using selector: //div[contains(@class, 'conv-wrap')]
2025-05-06 20:15:41,875 - INFO - No close button found, removing overlay with JavaScript
2025-05-06 20:15:42,495 - INFO - Found overlay using selector: //div[contains(@class, 'overlay')]
2025-05-06 20:15:42,503 - INFO - No close button found, removing overlay with JavaScript
2025-05-06 20:15:44,668 - INFO - Trying standard table extraction
2025-05-06 20:15:44,730 - INFO - Found funding amount column at index 6
2025-05-06 20:15:44,736 - INFO - Found headquarters column at index 7
2025-05-06 20:15:44,746 - INFO - Found 22 potential data rows
2025-05-06 20:15:45,349 - WARNING - No new companies found on page 58. Empty page count: 2
2025-05-06 20:15:45,349 - INFO - Stopping after 2 consecutive empty pages
2025-05-06 20:15:45,358 - INFO - Successfully saved CSV data to /Users/hk/Downloads/DSFinalYearProject/JSONFolder/fundraisestartup50.csv
2025-05-06 20:15:45,365 - INFO - Successfully saved JSON data to /Users/hk/Downloads/DSFinalYearProject/JSONFolder/fundraisestartup50.json
2025-05-06 20:15:45,368 - INFO - Successfully saved historical data copies in /Users/hk/Downloads/DSFinalYearProject/data_archive/2025-05-06
2025-05-06 20:15:45,368 - INFO - Extraction completed in 513.90 seconds
2025-05-06 20:15:45,368 - INFO - Extracted 1103 companies from 58 pages
2025-05-06 20:15:45,368 - INFO - Found 1103 unique companies
2025-05-06 20:15:45,368 - INFO - Most recent funding dates: ['1-Apr-24', '1-Aug-24', '1-Feb-24', '1-Jan-24', '1-Jul-24']
2025-05-06 20:15:45,450 - INFO - WebDriver closed
2025-05-06 20:15:45,450 - INFO - Next extraction scheduled for: 2025-05-07 20:15:45
2025-05-06 20:18:21,562 - INFO - Setting up scheduled extraction (every 24 hours)
2025-05-06 20:18:21,562 - INFO - Starting extraction process
2025-05-06 20:18:21,562 - INFO - Setting up Chrome WebDriver...
2025-05-06 20:18:21,563 - INFO - ====== WebDriver manager ======
2025-05-06 20:18:21,658 - INFO - Get LATEST chromedriver version for google-chrome
2025-05-06 20:18:21,716 - INFO - Get LATEST chromedriver version for google-chrome
2025-05-06 20:18:21,768 - INFO - Driver [/Users/hk/.wdm/drivers/chromedriver/mac64/135.0.7049.114/chromedriver-mac-arm64/chromedriver] found in cache
2025-05-06 20:18:24,310 - INFO - WebDriver setup completed successfully
2025-05-06 20:18:24,311 - INFO - Navigating to https://fundraiseinsider.com/blog/recently-funded-startups-san-francisco/#showform-238066
2025-05-06 20:18:26,450 - INFO - Found overlay using selector: //div[contains(@class, 'conv-wrap')]
2025-05-06 20:18:26,458 - INFO - No close button found, removing overlay with JavaScript
2025-05-06 20:18:27,098 - INFO - Found overlay using selector: //div[contains(@class, 'overlay')]
2025-05-06 20:18:27,102 - INFO - No close button found, removing overlay with JavaScript
2025-05-06 20:18:44,359 - INFO - Performing efficient scrolling...
2025-05-06 20:18:46,088 - INFO - Scrolling completed
2025-05-06 20:18:46,531 - INFO - Extracting data from page 1
2025-05-06 20:18:47,644 - INFO - Trying standard table extraction
2025-05-06 20:18:47,707 - INFO - Found funding amount column at index 6
2025-05-06 20:18:47,711 - INFO - Found headquarters column at index 7
2025-05-06 20:18:47,723 - INFO - Found 22 potential data rows
2025-05-06 20:18:47,781 - INFO - Extracted: Rembrand - 2-Jan-25
2025-05-06 20:18:47,781 - INFO - Found funding amount: 23000000
2025-05-06 20:18:47,817 - INFO - Extracted: Wurthy - 30-Dec-24
2025-05-06 20:18:47,817 - INFO - Found funding amount: 0
2025-05-06 20:18:47,878 - INFO - Extracted: Frontier Bio - 25-Dec-24
2025-05-06 20:18:47,878 - INFO - Found funding amount: 1300000
2025-05-06 20:18:47,936 - INFO - Extracted: Courtyard - 23-Dec-24
2025-05-06 20:18:47,936 - INFO - Found funding amount: 4500000
2025-05-06 20:18:48,019 - INFO - Extracted: Pasadena Private Lending - 19-Dec-24
2025-05-06 20:18:48,019 - INFO - Found funding amount: 50000000
2025-05-06 20:18:48,066 - INFO - Extracted: Tenor - 19-Dec-24
2025-05-06 20:18:48,066 - INFO - Found funding amount: 5400000
2025-05-06 20:18:48,102 - INFO - Extracted: Earli - 19-Dec-24
2025-05-06 20:18:48,102 - INFO - Found funding amount: 60000000
2025-05-06 20:18:48,147 - INFO - Extracted: Child Family Health International - 19-Dec-24
2025-05-06 20:18:48,147 - INFO - Found funding amount: 7500
2025-05-06 20:18:48,183 - INFO - Extracted: SandboxAQ - 18-Dec-24
2025-05-06 20:18:48,183 - INFO - Found funding amount: 300000000
2025-05-06 20:18:48,223 - INFO - Extracted: Plume Network - 18-Dec-24
2025-05-06 20:18:48,223 - INFO - Found funding amount: 20000000
2025-05-06 20:18:48,259 - INFO - Extracted: Hamming AI - 18-Dec-24
2025-05-06 20:18:48,259 - INFO - Found funding amount: 3800000
2025-05-06 20:18:48,291 - INFO - Extracted: CourtScribes - 18-Dec-24
2025-05-06 20:18:48,291 - INFO - Found funding amount: 512474
2025-05-06 20:18:48,323 - INFO - Extracted: Perplexity - 18-Dec-24
2025-05-06 20:18:48,323 - INFO - Found funding amount: 500000000
2025-05-06 20:18:48,355 - INFO - Extracted: Lyten - 18-Dec-24
2025-05-06 20:18:48,355 - INFO - Found funding amount: 650000000
2025-05-06 20:18:48,386 - INFO - Extracted: Fairbanc - 18-Dec-24
2025-05-06 20:18:48,386 - INFO - Found funding amount: 50000000000
2025-05-06 20:18:48,419 - INFO - Extracted: Mojave Energy Systems - 18-Dec-24
2025-05-06 20:18:48,419 - INFO - Found funding amount: 9500000
2025-05-06 20:18:48,458 - INFO - Extracted: Fraction AI - 18-Dec-24
2025-05-06 20:18:48,459 - INFO - Found funding amount: 6000000
2025-05-06 20:18:48,499 - INFO - Extracted: Schwarm Technologies Inc. - 17-Dec-24
2025-05-06 20:18:48,499 - INFO - Found funding amount: 3027055
2025-05-06 20:18:48,538 - INFO - Extracted: Landbase - 17-Dec-24
2025-05-06 20:18:48,538 - INFO - Found funding amount: 12500000
2025-05-06 20:18:48,570 - INFO - Extracted: Acre - 17-Dec-24
2025-05-06 20:18:48,571 - INFO - Found funding amount: 10000000
2025-05-06 20:18:48,571 - INFO - Successfully extracted 20 new companies from page 1
2025-05-06 20:18:48,571 - INFO - Attempting to navigate from page 1
2025-05-06 20:18:55,392 - INFO - JavaScript verification confirmed page changed
2025-05-06 20:18:56,149 - INFO - Extracting data from page 2
2025-05-06 20:18:56,894 - INFO - Trying standard table extraction
2025-05-06 20:18:56,961 - INFO - Found funding amount column at index 6
2025-05-06 20:18:56,966 - INFO - Found headquarters column at index 7
2025-05-06 20:18:56,981 - INFO - Found 22 potential data rows
2025-05-06 20:18:57,029 - INFO - Extracted: Finexio - 17-Dec-24
2025-05-06 20:18:57,029 - INFO - Found funding amount: 10000000
2025-05-06 20:18:57,059 - INFO - Extracted: Anatomy Financial - 17-Dec-24
2025-05-06 20:18:57,059 - INFO - Found funding amount: 19000000
2025-05-06 20:18:57,088 - INFO - Extracted: Serverfarm - 17-Dec-24
2025-05-06 20:18:57,088 - INFO - Found funding amount: 1637000000
2025-05-06 20:18:57,117 - INFO - Extracted: Flair - 17-Dec-24
2025-05-06 20:18:57,117 - INFO - Found funding amount: 0
2025-05-06 20:18:57,147 - INFO - Extracted: Leapfin - 17-Dec-24
2025-05-06 20:18:57,147 - INFO - Found funding amount: 1000000
2025-05-06 20:18:57,177 - INFO - Extracted: Parafin - 17-Dec-24
2025-05-06 20:18:57,177 - INFO - Found funding amount: 100000000
2025-05-06 20:18:57,207 - INFO - Extracted: Indapta Therapeutics - 17-Dec-24
2025-05-06 20:18:57,207 - INFO - Found funding amount: 22500000
2025-05-06 20:18:57,237 - INFO - Extracted: Xcell Biosciences - 17-Dec-24
2025-05-06 20:18:57,237 - INFO - Found funding amount: 1400000
2025-05-06 20:18:57,266 - INFO - Extracted: Jiko - 12-Dec-24
2025-05-06 20:18:57,266 - INFO - Found funding amount: 29000000
2025-05-06 20:18:57,295 - INFO - Extracted: One - 12-Dec-24
2025-05-06 20:18:57,295 - INFO - Found funding amount: 300000000
2025-05-06 20:18:57,324 - INFO - Extracted: Evinced - 12-Dec-24
2025-05-06 20:18:57,324 - INFO - Found funding amount: 55000000
2025-05-06 20:18:57,358 - INFO - Extracted: Twelve Labs - 12-Dec-24
2025-05-06 20:18:57,358 - INFO - Found funding amount: 30000000
2025-05-06 20:18:57,387 - INFO - Extracted: Terradot - 12-Dec-24
2025-05-06 20:18:57,388 - INFO - Found funding amount: 54000000
2025-05-06 20:18:57,416 - INFO - Extracted: Cartesia - 12-Dec-24
2025-05-06 20:18:57,416 - INFO - Found funding amount: 22000000
2025-05-06 20:18:57,445 - INFO - Extracted: Vantis Vascular - 12-Dec-24
2025-05-06 20:18:57,445 - INFO - Found funding amount: 10000000
2025-05-06 20:18:57,474 - INFO - Extracted: Alessa Therapeutics - 12-Dec-24
2025-05-06 20:18:57,474 - INFO - Found funding amount: 15000000
2025-05-06 20:18:57,504 - INFO - Extracted: Gigs - 12-Dec-24
2025-05-06 20:18:57,504 - INFO - Found funding amount: 73000000
2025-05-06 20:18:57,532 - INFO - Extracted: Immi - 12-Dec-24
2025-05-06 20:18:57,533 - INFO - Found funding amount: 3000000
2025-05-06 20:18:57,562 - INFO - Extracted: Albert Invent - 11-Dec-24
2025-05-06 20:18:57,562 - INFO - Found funding amount: 22500000
2025-05-06 20:18:57,591 - INFO - Extracted: Strategic Venue Partners - 11-Dec-24
2025-05-06 20:18:57,591 - INFO - Found funding amount: 0
2025-05-06 20:18:57,591 - INFO - Successfully extracted 20 new companies from page 2
2025-05-06 20:18:57,591 - INFO - Attempting to navigate from page 2
2025-05-06 20:18:59,919 - INFO - Scheduled extraction terminated by user
2025-05-06 20:19:03,329 - INFO - JavaScript verification confirmed page changed
2025-05-06 20:19:04,055 - INFO - Extracting data from page 3
2025-05-06 20:19:04,591 - INFO - Trying standard table extraction
2025-05-06 20:19:04,653 - INFO - Found funding amount column at index 6
2025-05-06 20:19:04,658 - INFO - Found headquarters column at index 7
2025-05-06 20:19:04,666 - INFO - Found 22 potential data rows
2025-05-06 20:19:04,711 - INFO - Extracted: Parsec Education - 11-Dec-24
2025-05-06 20:19:04,711 - INFO - Found funding amount: 8000000
2025-05-06 20:19:04,741 - INFO - Extracted: Saltmine - 11-Dec-24
2025-05-06 20:19:04,741 - INFO - Found funding amount: 0
2025-05-06 20:19:04,771 - INFO - Extracted: NeuBird - 11-Dec-24
2025-05-06 20:19:04,771 - INFO - Found funding amount: 22500000
2025-05-06 20:19:04,802 - INFO - Extracted: Aimon Labs - 11-Dec-24
2025-05-06 20:19:04,802 - INFO - Found funding amount: 2300000
2025-05-06 20:19:04,831 - INFO - Extracted: Ayar Labs - 11-Dec-24
2025-05-06 20:19:04,831 - INFO - Found funding amount: 155000000
2025-05-06 20:19:04,861 - INFO - Extracted: Vapi - 11-Dec-24
2025-05-06 20:19:04,861 - INFO - Found funding amount: 20000000
2025-05-06 20:19:04,898 - INFO - Extracted: EzDubs - 11-Dec-24
2025-05-06 20:19:04,898 - INFO - Found funding amount: 4200000
2025-05-06 20:19:04,932 - INFO - Extracted: Capstan Medical - 11-Dec-24
2025-05-06 20:19:04,932 - INFO - Found funding amount: 110000000
2025-05-06 20:19:04,964 - INFO - Extracted: Reveal Technology - 11-Dec-24
2025-05-06 20:19:04,964 - INFO - Found funding amount: 11200000
2025-05-06 20:19:04,996 - INFO - Extracted: Tosi - 11-Dec-24
2025-05-06 20:19:04,996 - INFO - Found funding amount: 15805308
2025-05-06 20:19:05,026 - INFO - Extracted: Azimuth AI - 11-Dec-24
2025-05-06 20:19:05,026 - INFO - Found funding amount: 11500000
2025-05-06 20:19:05,062 - INFO - Extracted: Cohesity - 10-Dec-24
2025-05-06 20:19:05,062 - INFO - Found funding amount: 0
2025-05-06 20:19:05,095 - INFO - Extracted: Speak - 10-Dec-24
2025-05-06 20:19:05,095 - INFO - Found funding amount: 78000000
2025-05-06 20:19:05,126 - INFO - Extracted: Mainframe - 10-Dec-24
2025-05-06 20:19:05,126 - INFO - Found funding amount: 5500000
2025-05-06 20:19:05,161 - INFO - Extracted: Gyaan - 10-Dec-24
2025-05-06 20:19:05,161 - INFO - Found funding amount: 5000000
2025-05-06 20:19:05,190 - INFO - Extracted: WeaveGrid - 10-Dec-24
2025-05-06 20:19:05,190 - INFO - Found funding amount: 28000000
2025-05-06 20:19:05,219 - INFO - Extracted: WindBorne Systems - 10-Dec-24
2025-05-06 20:19:05,220 - INFO - Found funding amount: 5000000
2025-05-06 20:19:05,309 - INFO - Extracted: Exabits AI - 10-Dec-24
2025-05-06 20:19:05,309 - INFO - Found funding amount: 15000000
2025-05-06 20:19:05,352 - INFO - Extracted: Gentrace - 10-Dec-24
2025-05-06 20:19:05,352 - INFO - Found funding amount: 8000000
2025-05-06 20:19:05,382 - INFO - Extracted: LambdaTest - 10-Dec-24
2025-05-06 20:19:05,382 - INFO - Found funding amount: 38000000
2025-05-06 20:19:05,382 - INFO - Successfully extracted 20 new companies from page 3
2025-05-06 20:19:05,382 - INFO - Attempting to navigate from page 3
2025-05-06 20:19:11,156 - INFO - JavaScript verification confirmed page changed
2025-05-06 20:19:12,119 - INFO - Extracting data from page 4
2025-05-06 20:19:12,822 - INFO - Trying standard table extraction
2025-05-06 20:19:12,891 - INFO - Found funding amount column at index 6
2025-05-06 20:19:12,896 - INFO - Found headquarters column at index 7
2025-05-06 20:19:12,905 - INFO - Found 22 potential data rows
2025-05-06 20:19:12,948 - INFO - Extracted: Aarvik Therapeutics - 10-Dec-24
2025-05-06 20:19:12,949 - INFO - Found funding amount: 1165000
2025-05-06 20:19:12,978 - INFO - Extracted: WaveForms AI - 10-Dec-24
2025-05-06 20:19:12,979 - INFO - Found funding amount: 40000000
2025-05-06 20:19:13,008 - INFO - Extracted: Wald.ai - 10-Dec-24
2025-05-06 20:19:13,008 - INFO - Found funding amount: 4000000
2025-05-06 20:19:13,038 - INFO - Extracted: Wildflower Health - 10-Dec-24
2025-05-06 20:19:13,038 - INFO - Found funding amount: 17939793
2025-05-06 20:19:13,069 - INFO - Extracted: Aampe - 10-Dec-24
2025-05-06 20:19:13,069 - INFO - Found funding amount: 18000000
2025-05-06 20:19:13,098 - INFO - Extracted: Cala Health - 9-Dec-24
2025-05-06 20:19:13,098 - INFO - Found funding amount: 50000000
2025-05-06 20:19:13,128 - INFO - Extracted: Sofar Ocean - 9-Dec-24
2025-05-06 20:19:13,128 - INFO - Found funding amount: 18250002
2025-05-06 20:19:13,158 - INFO - Extracted: Friend - 9-Dec-24
2025-05-06 20:19:13,158 - INFO - Found funding amount: 5400000
2025-05-06 20:19:13,188 - INFO - Extracted: Lava - 9-Dec-24
2025-05-06 20:19:13,188 - INFO - Found funding amount: 10000000
2025-05-06 20:19:13,218 - INFO - Extracted: MiSalud - 9-Dec-24
2025-05-06 20:19:13,218 - INFO - Found funding amount: 8000000
2025-05-06 20:19:13,255 - INFO - Extracted: Lucra Sports - 5-Dec-24
2025-05-06 20:19:13,255 - INFO - Found funding amount: 10000000
2025-05-06 20:19:13,286 - INFO - Extracted: Across AI - 5-Dec-24
2025-05-06 20:19:13,286 - INFO - Found funding amount: 5750000
2025-05-06 20:19:13,317 - INFO - Extracted: BITKRAFT Ventures - 5-Dec-24
2025-05-06 20:19:13,317 - INFO - Found funding amount: 0
2025-05-06 20:19:13,346 - INFO - Extracted: Nuvig Therapeutics - 5-Dec-24
2025-05-06 20:19:13,346 - INFO - Found funding amount: 161000000
2025-05-06 20:19:13,376 - INFO - Extracted: FutureSearch - 5-Dec-24
2025-05-06 20:19:13,376 - INFO - Found funding amount: 5794991
2025-05-06 20:19:13,405 - INFO - Extracted: Solana - 5-Dec-24
2025-05-06 20:19:13,406 - INFO - Found funding amount: 1500000
2025-05-06 20:19:13,434 - INFO - Extracted: Rubi Laboratories - 5-Dec-24
2025-05-06 20:19:13,434 - INFO - Found funding amount: 969961
2025-05-06 20:19:13,462 - INFO - Extracted: East Oakland Youth Development Center - 5-Dec-24
2025-05-06 20:19:13,463 - INFO - Found funding amount: 0
2025-05-06 20:19:13,491 - INFO - Extracted: Axiado Corporation - 4-Dec-24
2025-05-06 20:19:13,491 - INFO - Found funding amount: 60000000
2025-05-06 20:19:13,520 - INFO - Extracted: Enterpret - 4-Dec-24
2025-05-06 20:19:13,520 - INFO - Found funding amount: 20800000
2025-05-06 20:19:13,520 - INFO - Successfully extracted 20 new companies from page 4
2025-05-06 20:19:13,520 - INFO - Attempting to navigate from page 4
2025-05-06 20:19:18,777 - INFO - JavaScript verification confirmed page changed
2025-05-06 20:19:19,840 - INFO - Extracting data from page 5
2025-05-06 20:19:20,660 - INFO - Trying standard table extraction
2025-05-06 20:19:20,712 - INFO - Found funding amount column at index 6
2025-05-06 20:19:20,716 - INFO - Found headquarters column at index 7
2025-05-06 20:19:20,724 - INFO - Found 22 potential data rows
2025-05-06 20:19:20,768 - INFO - Extracted: HappyRobot - 4-Dec-24
2025-05-06 20:19:20,768 - INFO - Found funding amount: 15600000
2025-05-06 20:19:20,798 - INFO - Extracted: Offcall - 4-Dec-24
2025-05-06 20:19:20,798 - INFO - Found funding amount: 2000000
2025-05-06 20:19:20,828 - INFO - Extracted: Etestho - 4-Dec-24
2025-05-06 20:19:20,829 - INFO - Found funding amount: 0
2025-05-06 20:19:20,858 - INFO - Extracted: Antheia - 3-Dec-24
2025-05-06 20:19:20,859 - INFO - Found funding amount: 12000000
2025-05-06 20:19:20,888 - INFO - Extracted: Aerospike - 3-Dec-24
2025-05-06 20:19:20,888 - INFO - Found funding amount: 109000000
2025-05-06 20:19:20,924 - INFO - Extracted: Yurts Technologies Inc - 3-Dec-24
2025-05-06 20:19:20,924 - INFO - Found funding amount: 40000000
2025-05-06 20:19:20,960 - INFO - Extracted: The Tech Interactive - 3-Dec-24
2025-05-06 20:19:20,960 - INFO - Found funding amount: 0
2025-05-06 20:19:20,992 - INFO - Extracted: Maze Therapeutics - 3-Dec-24
2025-05-06 20:19:20,992 - INFO - Found funding amount: 115000000
2025-05-06 20:19:21,021 - INFO - Extracted: MakersHub - 3-Dec-24
2025-05-06 20:19:21,021 - INFO - Found funding amount: 7000000
2025-05-06 20:19:21,051 - INFO - Extracted: Vooma - 2-Dec-24
2025-05-06 20:19:21,051 - INFO - Found funding amount: 13000000
2025-05-06 20:19:21,080 - INFO - Extracted: Lumin Digital - 2-Dec-24
2025-05-06 20:19:21,080 - INFO - Found funding amount: 160000000
2025-05-06 20:19:21,110 - INFO - Extracted: Upwind Security - 2-Dec-24
2025-05-06 20:19:21,110 - INFO - Found funding amount: 100000000
2025-05-06 20:19:21,140 - INFO - Extracted: CSpeed - 2-Dec-24
2025-05-06 20:19:21,140 - INFO - Found funding amount: 28349982
2025-05-06 20:19:21,172 - INFO - Extracted: Cardless - 26-Nov-24
2025-05-06 20:19:21,172 - INFO - Found funding amount: 30000000
2025-05-06 20:19:21,202 - INFO - Extracted: Sirona Medical - 26-Nov-24
2025-05-06 20:19:21,202 - INFO - Found funding amount: 42000000
2025-05-06 20:19:21,231 - INFO - Extracted: Wherobots Inc. - 26-Nov-24
2025-05-06 20:19:21,231 - INFO - Found funding amount: 21500000
2025-05-06 20:19:21,261 - INFO - Extracted: Circleback - 26-Nov-24
2025-05-06 20:19:21,261 - INFO - Found funding amount: 2500000
2025-05-06 20:19:21,290 - INFO - Extracted: Mindstate Design Labs - 26-Nov-24
2025-05-06 20:19:21,290 - INFO - Found funding amount: 12698587
2025-05-06 20:19:21,318 - INFO - Extracted: Femtosense - 26-Nov-24
2025-05-06 20:19:21,318 - INFO - Found funding amount: 4258347
2025-05-06 20:19:21,350 - INFO - Extracted: Play.ht - 25-Nov-24
2025-05-06 20:19:21,350 - INFO - Found funding amount: 21000000
2025-05-06 20:19:21,350 - INFO - Successfully extracted 20 new companies from page 5
2025-05-06 20:19:21,350 - INFO - Attempting to navigate from page 5
2025-05-06 20:19:27,462 - INFO - JavaScript verification confirmed page changed
2025-05-06 20:19:28,467 - INFO - Extracting data from page 6
2025-05-06 20:19:28,946 - INFO - Trying standard table extraction
2025-05-06 20:19:29,011 - INFO - Found funding amount column at index 6
2025-05-06 20:19:29,014 - INFO - Found headquarters column at index 7
2025-05-06 20:19:29,021 - INFO - Found 22 potential data rows
2025-05-06 20:19:29,063 - INFO - Extracted: Tempest DX - 25-Nov-24
2025-05-06 20:19:29,063 - INFO - Found funding amount: 3200000
2025-05-06 20:19:29,092 - INFO - Extracted: Trustero - 21-Nov-24
2025-05-06 20:19:29,092 - INFO - Found funding amount: 10350000
2025-05-06 20:19:29,122 - INFO - Extracted: Epic Cleantec - 21-Nov-24
2025-05-06 20:19:29,122 - INFO - Found funding amount: 12000000
2025-05-06 20:19:29,152 - INFO - Extracted: VISO TRUST - 21-Nov-24
2025-05-06 20:19:29,152 - INFO - Found funding amount: 7000000
2025-05-06 20:19:29,181 - INFO - Extracted: Aviz Networks - 21-Nov-24
2025-05-06 20:19:29,181 - INFO - Found funding amount: 17000000
2025-05-06 20:19:29,217 - INFO - Extracted: Arcade - 21-Nov-24
2025-05-06 20:19:29,218 - INFO - Found funding amount: 14000000
2025-05-06 20:19:29,254 - INFO - Extracted: Anomalo - 21-Nov-24
2025-05-06 20:19:29,254 - INFO - Found funding amount: 10000000
2025-05-06 20:19:29,283 - INFO - Extracted: Teleo - 21-Nov-24
2025-05-06 20:19:29,283 - INFO - Found funding amount: 7000000
2025-05-06 20:19:29,313 - INFO - Extracted: Wordware - 21-Nov-24
2025-05-06 20:19:29,313 - INFO - Found funding amount: 30000000
2025-05-06 20:19:29,342 - INFO - Extracted: Aira Technologies - 20-Nov-24
2025-05-06 20:19:29,343 - INFO - Found funding amount: 14500000
2025-05-06 20:19:29,372 - INFO - Extracted: Generate Capital - 20-Nov-24
2025-05-06 20:19:29,372 - INFO - Found funding amount: 1200000000
2025-05-06 20:19:29,402 - INFO - Extracted: Rox - 20-Nov-24
2025-05-06 20:19:29,402 - INFO - Found funding amount: 50000000
2025-05-06 20:19:29,431 - INFO - Extracted: Aethero - 20-Nov-24
2025-05-06 20:19:29,431 - INFO - Found funding amount: 0
2025-05-06 20:19:29,464 - INFO - Extracted: Federato - 20-Nov-24
2025-05-06 20:19:29,464 - INFO - Found funding amount: 40000000
2025-05-06 20:19:29,500 - INFO - Extracted: Distru - 20-Nov-24
2025-05-06 20:19:29,501 - INFO - Found funding amount: 6000000
2025-05-06 20:19:29,529 - INFO - Extracted: THEO AI - 20-Nov-24
2025-05-06 20:19:29,529 - INFO - Found funding amount: 2200000
2025-05-06 20:19:29,559 - INFO - Extracted: Shinami - 20-Nov-24
2025-05-06 20:19:29,559 - INFO - Found funding amount: 5650000
2025-05-06 20:19:29,588 - INFO - Extracted: PostSig - 20-Nov-24
2025-05-06 20:19:29,588 - INFO - Found funding amount: 1200000
2025-05-06 20:19:29,617 - INFO - Extracted: Flywheel Dynamix - 20-Nov-24
2025-05-06 20:19:29,617 - INFO - Found funding amount: 7000000
2025-05-06 20:19:29,648 - INFO - Extracted: New Lantern - 20-Nov-24
2025-05-06 20:19:29,648 - INFO - Found funding amount: 19000000
2025-05-06 20:19:29,648 - INFO - Successfully extracted 20 new companies from page 6
2025-05-06 20:19:29,648 - INFO - Attempting to navigate from page 6
2025-05-06 20:19:35,347 - INFO - JavaScript verification confirmed page changed
2025-05-06 20:19:36,117 - INFO - Extracting data from page 7
2025-05-06 20:19:36,533 - INFO - Trying standard table extraction
2025-05-06 20:19:36,599 - INFO - Found funding amount column at index 6
2025-05-06 20:19:36,604 - INFO - Found headquarters column at index 7
2025-05-06 20:19:36,613 - INFO - Found 22 potential data rows
2025-05-06 20:19:36,658 - INFO - Extracted: Certinia - 19-Nov-24
2025-05-06 20:19:36,658 - INFO - Found funding amount: 0
2025-05-06 20:19:36,688 - INFO - Extracted: Kong - 19-Nov-24
2025-05-06 20:19:36,688 - INFO - Found funding amount: 175000000
2025-05-06 20:19:36,795 - INFO - Extracted: Kintsugi AI - 19-Nov-24
2025-05-06 20:19:36,795 - INFO - Found funding amount: 4000000
2025-05-06 20:19:36,838 - INFO - Extracted: StoreCash - 19-Nov-24
2025-05-06 20:19:36,838 - INFO - Found funding amount: 3700000
2025-05-06 20:19:36,867 - INFO - Extracted: Spectro Cloud - 19-Nov-24
2025-05-06 20:19:36,868 - INFO - Found funding amount: 75000000
2025-05-06 20:19:36,897 - INFO - Extracted: BrightAI - 19-Nov-24
2025-05-06 20:19:36,897 - INFO - Found funding amount: 15000000
2025-05-06 20:19:36,926 - INFO - Extracted: Open Source Wellness - 19-Nov-24
2025-05-06 20:19:36,926 - INFO - Found funding amount: 0
2025-05-06 20:19:36,955 - INFO - Extracted: Neo4j - 19-Nov-24
2025-05-06 20:19:36,955 - INFO - Found funding amount: 50000000
2025-05-06 20:19:36,985 - INFO - Extracted: Rain AI - 19-Nov-24
2025-05-06 20:19:36,985 - INFO - Found funding amount: 150000000
2025-05-06 20:19:37,013 - INFO - Extracted: JustPaid - 19-Nov-24
2025-05-06 20:19:37,013 - INFO - Found funding amount: 3500000
2025-05-06 20:19:37,042 - INFO - Extracted: Cresta - 19-Nov-24
2025-05-06 20:19:37,042 - INFO - Found funding amount: 125000000
2025-05-06 20:19:37,073 - INFO - Extracted: Enfabrica - 19-Nov-24
2025-05-06 20:19:37,073 - INFO - Found funding amount: 115000000
2025-05-06 20:19:37,103 - INFO - Extracted: ANAFLASH - 19-Nov-24
2025-05-06 20:19:37,103 - INFO - Found funding amount: 0
2025-05-06 20:19:37,132 - INFO - Extracted: Open Philanthropy - 18-Nov-24
2025-05-06 20:19:37,132 - INFO - Found funding amount: 0
2025-05-06 20:19:37,161 - INFO - Extracted: California University of Science and Medicine - 18-Nov-24
2025-05-06 20:19:37,161 - INFO - Found funding amount: 0
2025-05-06 20:19:37,191 - INFO - Extracted: Zenflow - 18-Nov-24
2025-05-06 20:19:37,191 - INFO - Found funding amount: 24000000
2025-05-06 20:19:37,221 - INFO - Extracted: Radiant - 14-Nov-24
2025-05-06 20:19:37,221 - INFO - Found funding amount: 100000000
2025-05-06 20:19:37,252 - INFO - Extracted: Athina AI - 14-Nov-24
2025-05-06 20:19:37,252 - INFO - Found funding amount: 250000000
2025-05-06 20:19:37,292 - INFO - Extracted: Team-GPT - 14-Nov-24
2025-05-06 20:19:37,292 - INFO - Found funding amount: 4500000
2025-05-06 20:19:37,321 - INFO - Extracted: Falkonry - 14-Nov-24
2025-05-06 20:19:37,321 - INFO - Found funding amount: 3387133
2025-05-06 20:19:37,321 - INFO - Successfully extracted 20 new companies from page 7
2025-05-06 20:19:37,321 - INFO - Attempting to navigate from page 7
2025-05-06 20:19:43,719 - INFO - JavaScript verification confirmed page changed
2025-05-06 20:19:44,512 - INFO - Extracting data from page 8
2025-05-06 20:19:45,173 - INFO - Trying standard table extraction
2025-05-06 20:19:45,240 - INFO - Found funding amount column at index 6
2025-05-06 20:19:45,246 - INFO - Found headquarters column at index 7
2025-05-06 20:19:45,255 - INFO - Found 22 potential data rows
2025-05-06 20:19:45,298 - INFO - Extracted: Leland - 13-Nov-24
2025-05-06 20:19:45,298 - INFO - Found funding amount: 12000000
2025-05-06 20:19:45,328 - INFO - Extracted: TRex Bio - 13-Nov-24
2025-05-06 20:19:45,328 - INFO - Found funding amount: 84000000
2025-05-06 20:19:45,358 - INFO - Extracted: Medeloop - 13-Nov-24
2025-05-06 20:19:45,358 - INFO - Found funding amount: 15500000
2025-05-06 20:19:45,388 - INFO - Extracted: OneSkin - 13-Nov-24
2025-05-06 20:19:45,388 - INFO - Found funding amount: 6999929
2025-05-06 20:19:45,418 - INFO - Extracted: The WiTT Group - 13-Nov-24
2025-05-06 20:19:45,418 - INFO - Found funding amount: 0
2025-05-06 20:19:45,453 - INFO - Extracted: Riot - 13-Nov-24
2025-05-06 20:19:45,454 - INFO - Found funding amount: 27597597
2025-05-06 20:19:45,484 - INFO - Extracted: Writer - 12-Nov-24
2025-05-06 20:19:45,484 - INFO - Found funding amount: 200000000
2025-05-06 20:19:45,514 - INFO - Extracted: Trace Neuroscience - 12-Nov-24
2025-05-06 20:19:45,514 - INFO - Found funding amount: 101000000
2025-05-06 20:19:45,549 - INFO - Extracted: Fastino - 12-Nov-24
2025-05-06 20:19:45,549 - INFO - Found funding amount: 7000000
2025-05-06 20:19:45,580 - INFO - Extracted: Shiru - 12-Nov-24
2025-05-06 20:19:45,581 - INFO - Found funding amount: 16000000
2025-05-06 20:19:45,610 - INFO - Extracted: Outbuild - 12-Nov-24
2025-05-06 20:19:45,610 - INFO - Found funding amount: 11000000
2025-05-06 20:19:45,641 - INFO - Extracted: Anthrogen - 12-Nov-24
2025-05-06 20:19:45,641 - INFO - Found funding amount: 4000000
2025-05-06 20:19:45,671 - INFO - Extracted: Connecty AI - 11-Nov-24
2025-05-06 20:19:45,671 - INFO - Found funding amount: 1800000
2025-05-06 20:19:45,700 - INFO - Extracted: AirGarage - 8-Nov-24
2025-05-06 20:19:45,700 - INFO - Found funding amount: 11428497
2025-05-06 20:19:45,733 - INFO - Extracted: Fractional - 7-Nov-24
2025-05-06 20:19:45,734 - INFO - Found funding amount: 15000000
2025-05-06 20:19:45,768 - INFO - Extracted: Orbital Sidekick - 7-Nov-24
2025-05-06 20:19:45,768 - INFO - Found funding amount: 8626740
2025-05-06 20:19:45,806 - INFO - Extracted: Corgea - 6-Nov-24
2025-05-06 20:19:45,806 - INFO - Found funding amount: 2600000
2025-05-06 20:19:45,842 - INFO - Extracted: OptraScan - 6-Nov-24
2025-05-06 20:19:45,842 - INFO - Found funding amount: 30000000
2025-05-06 20:19:45,871 - INFO - Extracted: Workhelix - 5-Nov-24
2025-05-06 20:19:45,871 - INFO - Found funding amount: 15324979
2025-05-06 20:19:45,900 - INFO - Extracted: PrognomiQ - 5-Nov-24
2025-05-06 20:19:45,900 - INFO - Found funding amount: 34000000
2025-05-06 20:19:45,900 - INFO - Successfully extracted 20 new companies from page 8
2025-05-06 20:19:45,900 - INFO - Attempting to navigate from page 8
2025-05-06 20:19:51,150 - INFO - JavaScript verification confirmed page changed
2025-05-06 20:19:52,104 - INFO - Extracting data from page 9
2025-05-06 20:19:53,095 - INFO - Trying standard table extraction
2025-05-06 20:19:53,164 - INFO - Found funding amount column at index 6
2025-05-06 20:19:53,169 - INFO - Found headquarters column at index 7
2025-05-06 20:19:53,178 - INFO - Found 22 potential data rows
2025-05-06 20:19:53,221 - INFO - Extracted: Carvis.AI - 4-Nov-24
2025-05-06 20:19:53,221 - INFO - Found funding amount: 1200000
2025-05-06 20:19:53,251 - INFO - Extracted: Inquis Medical - 4-Nov-24
2025-05-06 20:19:53,251 - INFO - Found funding amount: 40000000
2025-05-06 20:19:53,281 - INFO - Extracted: Augment Code - 4-Nov-24
2025-05-06 20:19:53,281 - INFO - Found funding amount: 227000000
2025-05-06 20:19:53,313 - INFO - Extracted: Primergy Solar - 4-Nov-24
2025-05-06 20:19:53,313 - INFO - Found funding amount: 225000000
2025-05-06 20:19:53,345 - INFO - Extracted: Advex AI - 4-Nov-24
2025-05-06 20:19:53,345 - INFO - Found funding amount: 3500000
2025-05-06 20:19:53,375 - INFO - Extracted: The Nursing Beat - 4-Nov-24
2025-05-06 20:19:53,375 - INFO - Found funding amount: 0
2025-05-06 20:19:53,404 - INFO - Extracted: Cornerstone AI - 31-Oct-24
2025-05-06 20:19:53,404 - INFO - Found funding amount: 5000000
2025-05-06 20:19:53,433 - INFO - Extracted: Spot AI - 31-Oct-24
2025-05-06 20:19:53,433 - INFO - Found funding amount: 31000000
2025-05-06 20:19:53,463 - INFO - Extracted: Buddy.ai - 31-Oct-24
2025-05-06 20:19:53,463 - INFO - Found funding amount: 10200000
2025-05-06 20:19:53,492 - INFO - Extracted: Evommune - 31-Oct-24
2025-05-06 20:19:53,492 - INFO - Found funding amount: 115000000
2025-05-06 20:19:53,522 - INFO - Extracted: Bugcrowd - 31-Oct-24
2025-05-06 20:19:53,522 - INFO - Found funding amount: 50000000
2025-05-06 20:19:53,581 - INFO - Extracted: Decart - 31-Oct-24
2025-05-06 20:19:53,581 - INFO - Found funding amount: 21000000
2025-05-06 20:19:53,613 - INFO - Extracted: Birch Creek Development - 31-Oct-24
2025-05-06 20:19:53,614 - INFO - Found funding amount: 150000000
2025-05-06 20:19:53,644 - INFO - Extracted: Shadowbox - 31-Oct-24
2025-05-06 20:19:53,644 - INFO - Found funding amount: 2000000
2025-05-06 20:19:53,674 - INFO - Extracted: Delos Insurance - 31-Oct-24
2025-05-06 20:19:53,674 - INFO - Found funding amount: 9000000
2025-05-06 20:19:53,713 - INFO - Extracted: Bifrost AI - 30-Oct-24
2025-05-06 20:19:53,713 - INFO - Found funding amount: 8000000
2025-05-06 20:19:53,757 - INFO - Extracted: Third Wave Automation - 30-Oct-24
2025-05-06 20:19:53,757 - INFO - Found funding amount: 27000000
2025-05-06 20:19:53,787 - INFO - Extracted: Sapien - 29-Oct-24
2025-05-06 20:19:53,787 - INFO - Found funding amount: 8700000
2025-05-06 20:19:53,816 - INFO - Extracted: HomeBoost - 29-Oct-24
2025-05-06 20:19:53,817 - INFO - Found funding amount: 4000000
2025-05-06 20:19:53,853 - INFO - Extracted: LifeSaver Mobile - 29-Oct-24
2025-05-06 20:19:53,853 - INFO - Found funding amount: 0
2025-05-06 20:19:53,853 - INFO - Successfully extracted 20 new companies from page 9
2025-05-06 20:19:53,853 - INFO - Attempting to navigate from page 9
2025-05-06 20:19:59,269 - INFO - JavaScript verification confirmed page changed
2025-05-06 20:20:00,436 - INFO - Extracting data from page 10
2025-05-06 20:20:01,266 - INFO - Trying standard table extraction
2025-05-06 20:20:01,410 - INFO - Found funding amount column at index 6
2025-05-06 20:20:01,415 - INFO - Found headquarters column at index 7
2025-05-06 20:20:01,422 - INFO - Found 22 potential data rows
2025-05-06 20:20:01,498 - INFO - Extracted: CredibleMind - 29-Oct-24
2025-05-06 20:20:01,498 - INFO - Found funding amount: 7500000
2025-05-06 20:20:01,535 - INFO - Extracted: Opus Guard - 29-Oct-24
2025-05-06 20:20:01,535 - INFO - Found funding amount: 0
2025-05-06 20:20:01,569 - INFO - Extracted: GMI Cloud - 29-Oct-24
2025-05-06 20:20:01,570 - INFO - Found funding amount: 67000000
2025-05-06 20:20:01,609 - INFO - Extracted: Browserbase - 29-Oct-24
2025-05-06 20:20:01,609 - INFO - Found funding amount: 21000000
2025-05-06 20:20:01,646 - INFO - Extracted: Armis Security - 28-Oct-24
2025-05-06 20:20:01,647 - INFO - Found funding amount: 200000000
2025-05-06 20:20:01,687 - INFO - Extracted: Kivu Bioscience - 28-Oct-24
2025-05-06 20:20:01,687 - INFO - Found funding amount: 92000000
2025-05-06 20:20:01,726 - INFO - Extracted: Sierra - 28-Oct-24
2025-05-06 20:20:01,726 - INFO - Found funding amount: 175000000
2025-05-06 20:20:01,769 - INFO - Extracted: Fondo - 28-Oct-24
2025-05-06 20:20:01,769 - INFO - Found funding amount: 7000000
2025-05-06 20:20:01,811 - INFO - Extracted: Abstract Security - 28-Oct-24
2025-05-06 20:20:01,811 - INFO - Found funding amount: 15000000
2025-05-06 20:20:01,856 - INFO - Extracted: Revyl - 28-Oct-24
2025-05-06 20:20:01,856 - INFO - Found funding amount: 1100000
2025-05-06 20:20:01,889 - INFO - Extracted: Pharos - 25-Oct-24
2025-05-06 20:20:01,889 - INFO - Found funding amount: 5000000
2025-05-06 20:20:01,920 - INFO - Extracted: Connect The Dots - 24-Oct-24
2025-05-06 20:20:01,920 - INFO - Found funding amount: 0
2025-05-06 20:20:01,957 - INFO - Extracted: Sociaaal - 24-Oct-24
2025-05-06 20:20:01,957 - INFO - Found funding amount: 4000000
2025-05-06 20:20:02,040 - INFO - Extracted: AnyLog - 24-Oct-24
2025-05-06 20:20:02,041 - INFO - Found funding amount: 3789997
2025-05-06 20:20:02,202 - INFO - Extracted: Concentric AI - 24-Oct-24
2025-05-06 20:20:02,203 - INFO - Found funding amount: 45000000
2025-05-06 20:20:02,397 - INFO - Extracted: PayToMe.co - 24-Oct-24
2025-05-06 20:20:02,397 - INFO - Found funding amount: 0
2025-05-06 20:20:02,528 - INFO - Extracted: Finix - 24-Oct-24
2025-05-06 20:20:02,528 - INFO - Found funding amount: 75000000
2025-05-06 20:20:02,635 - INFO - Extracted: Simbe Robotics - 24-Oct-24
2025-05-06 20:20:02,635 - INFO - Found funding amount: 50000000
2025-05-06 20:20:02,702 - INFO - Extracted: Oloid - 24-Oct-24
2025-05-06 20:20:02,702 - INFO - Found funding amount: 6000000
2025-05-06 20:20:02,736 - INFO - Extracted: Nimble Robotics - 23-Oct-24
2025-05-06 20:20:02,736 - INFO - Found funding amount: 106000000
2025-05-06 20:20:02,736 - INFO - Successfully extracted 20 new companies from page 10
2025-05-06 20:20:02,736 - INFO - Attempting to navigate from page 10
2025-05-06 20:20:08,348 - INFO - JavaScript verification confirmed page changed
2025-05-06 20:20:09,293 - INFO - Extracting data from page 11
2025-05-06 20:20:09,676 - INFO - Trying standard table extraction
2025-05-06 20:20:09,745 - INFO - Found funding amount column at index 6
2025-05-06 20:20:09,750 - INFO - Found headquarters column at index 7
2025-05-06 20:20:09,759 - INFO - Found 22 potential data rows
2025-05-06 20:20:09,808 - INFO - Extracted: Archy - 23-Oct-24
2025-05-06 20:20:09,808 - INFO - Found funding amount: 15000000
2025-05-06 20:20:09,838 - INFO - Extracted: Infinitus Systems - 23-Oct-24
2025-05-06 20:20:09,838 - INFO - Found funding amount: 51500000
2025-05-06 20:20:09,867 - INFO - Extracted: Courie - 23-Oct-24
2025-05-06 20:20:09,867 - INFO - Found funding amount: 3825000
2025-05-06 20:20:09,915 - INFO - Extracted: Anthro Energy - 23-Oct-24
2025-05-06 20:20:09,915 - INFO - Found funding amount: 24900000
2025-05-06 20:20:09,946 - INFO - Extracted: LAWFTY - 23-Oct-24
2025-05-06 20:20:09,946 - INFO - Found funding amount: 40000000
2025-05-06 20:20:09,976 - INFO - Extracted: BodySpec - 22-Oct-24
2025-05-06 20:20:09,976 - INFO - Found funding amount: 3999998
2025-05-06 20:20:10,005 - INFO - Extracted: Nooks - 22-Oct-24
2025-05-06 20:20:10,005 - INFO - Found funding amount: 43000000
2025-05-06 20:20:10,034 - INFO - Extracted: CrewAI - 22-Oct-24
2025-05-06 20:20:10,034 - INFO - Found funding amount: 12000000
2025-05-06 20:20:10,063 - INFO - Extracted: Qpoint - 22-Oct-24
2025-05-06 20:20:10,063 - INFO - Found funding amount: 4000000
2025-05-06 20:20:10,092 - INFO - Extracted: Globality - 22-Oct-24
2025-05-06 20:20:10,092 - INFO - Found funding amount: 47000000
2025-05-06 20:20:10,122 - INFO - Extracted: Socket - 22-Oct-24
2025-05-06 20:20:10,122 - INFO - Found funding amount: 40000000
2025-05-06 20:20:10,152 - INFO - Extracted: Mainspring Energy - 22-Oct-24
2025-05-06 20:20:10,152 - INFO - Found funding amount: 87000000
2025-05-06 20:20:10,181 - INFO - Extracted: interface.ai - 22-Oct-24
2025-05-06 20:20:10,181 - INFO - Found funding amount: 20000000
2025-05-06 20:20:10,210 - INFO - Extracted: Trellis Bioscience - 22-Oct-24
2025-05-06 20:20:10,210 - INFO - Found funding amount: 0
2025-05-06 20:20:10,239 - INFO - Extracted: Revelation Partners - 22-Oct-24
2025-05-06 20:20:10,239 - INFO - Found funding amount: 0
2025-05-06 20:20:10,268 - INFO - Extracted: Genmo - 22-Oct-24
2025-05-06 20:20:10,269 - INFO - Found funding amount: 28400000
2025-05-06 20:20:10,299 - INFO - Extracted: ItsWare - 22-Oct-24
2025-05-06 20:20:10,299 - INFO - Found funding amount: 856464
2025-05-06 20:20:10,327 - INFO - Extracted: Avenue Biosciences - 22-Oct-24
2025-05-06 20:20:10,328 - INFO - Found funding amount: 2500000
2025-05-06 20:20:10,362 - INFO - Extracted: Zip - 21-Oct-24
2025-05-06 20:20:10,362 - INFO - Found funding amount: 190000000
2025-05-06 20:20:10,395 - INFO - Extracted: HealthEx - 21-Oct-24
2025-05-06 20:20:10,396 - INFO - Found funding amount: 14000000
2025-05-06 20:20:10,396 - INFO - Successfully extracted 20 new companies from page 11
2025-05-06 20:20:10,396 - INFO - Attempting to navigate from page 11
2025-05-06 20:20:16,778 - INFO - JavaScript verification confirmed page changed
2025-05-06 20:20:17,312 - INFO - Extracting data from page 12
2025-05-06 20:20:17,778 - INFO - Trying standard table extraction
2025-05-06 20:20:17,845 - INFO - Found funding amount column at index 6
2025-05-06 20:20:17,851 - INFO - Found headquarters column at index 7
2025-05-06 20:20:17,860 - INFO - Found 22 potential data rows
2025-05-06 20:20:17,904 - INFO - Extracted: Uprise - 21-Oct-24
2025-05-06 20:20:17,904 - INFO - Found funding amount: 3300000
2025-05-06 20:20:17,933 - INFO - Extracted: Voxela - 21-Oct-24
2025-05-06 20:20:17,933 - INFO - Found funding amount: 0
2025-05-06 20:20:17,962 - INFO - Extracted: Kick - 17-Oct-24
2025-05-06 20:20:17,962 - INFO - Found funding amount: 9000000
2025-05-06 20:20:17,992 - INFO - Extracted: AN2 Therapeutics - 17-Oct-24
2025-05-06 20:20:17,992 - INFO - Found funding amount: 0
2025-05-06 20:20:18,021 - INFO - Extracted: Terray Therapeutics - 17-Oct-24
2025-05-06 20:20:18,022 - INFO - Found funding amount: 120000000
2025-05-06 20:20:18,051 - INFO - Extracted: Abel Police - 17-Oct-24
2025-05-06 20:20:18,051 - INFO - Found funding amount: 5000000
2025-05-06 20:20:18,080 - INFO - Extracted: Edgee - 17-Oct-24
2025-05-06 20:20:18,081 - INFO - Found funding amount: 2900000
2025-05-06 20:20:18,110 - INFO - Extracted: GetSetUp - 16-Oct-24
2025-05-06 20:20:18,110 - INFO - Found funding amount: 50000
2025-05-06 20:20:18,141 - INFO - Extracted: Samay - 16-Oct-24
2025-05-06 20:20:18,141 - INFO - Found funding amount: 350000
2025-05-06 20:20:18,171 - INFO - Extracted: Kiavi - 16-Oct-24
2025-05-06 20:20:18,171 - INFO - Found funding amount: 400000000
2025-05-06 20:20:18,201 - INFO - Extracted: Tako - 16-Oct-24
2025-05-06 20:20:18,201 - INFO - Found funding amount: 5750000
2025-05-06 20:20:18,231 - INFO - Extracted: Lightmatter - 16-Oct-24
2025-05-06 20:20:18,231 - INFO - Found funding amount: 400000000
2025-05-06 20:20:18,260 - INFO - Extracted: Agtonomy - 16-Oct-24
2025-05-06 20:20:18,260 - INFO - Found funding amount: 10000000
2025-05-06 20:20:18,290 - INFO - Extracted: PyrAmes, Inc. - 15-Oct-24
2025-05-06 20:20:18,290 - INFO - Found funding amount: 50000
2025-05-06 20:20:18,319 - INFO - Extracted: Alchemy - 15-Oct-24
2025-05-06 20:20:18,319 - INFO - Found funding amount: 31000000
2025-05-06 20:20:18,349 - INFO - Extracted: MDisrupt - 15-Oct-24
2025-05-06 20:20:18,349 - INFO - Found funding amount: 1000000
2025-05-06 20:20:18,378 - INFO - Extracted: Galileo - 15-Oct-24
2025-05-06 20:20:18,378 - INFO - Found funding amount: 45000000
2025-05-06 20:20:18,410 - INFO - Extracted: Azra Games - 15-Oct-24
2025-05-06 20:20:18,410 - INFO - Found funding amount: 42700000
2025-05-06 20:20:18,440 - INFO - Extracted: Chargie - 15-Oct-24
2025-05-06 20:20:18,440 - INFO - Found funding amount: 9300000
2025-05-06 20:20:18,473 - INFO - Extracted: Decagon - 15-Oct-24
2025-05-06 20:20:18,473 - INFO - Found funding amount: 65000000
2025-05-06 20:20:18,473 - INFO - Successfully extracted 20 new companies from page 12
2025-05-06 20:20:18,473 - INFO - Attempting to navigate from page 12
2025-05-06 20:20:24,078 - INFO - JavaScript verification confirmed page changed
2025-05-06 20:20:24,436 - INFO - Extracting data from page 13
2025-05-06 20:20:25,039 - INFO - Trying standard table extraction
2025-05-06 20:20:25,108 - INFO - Found funding amount column at index 6
2025-05-06 20:20:25,113 - INFO - Found headquarters column at index 7
2025-05-06 20:20:25,122 - INFO - Found 22 potential data rows
2025-05-06 20:20:25,166 - INFO - Extracted: Concourse - 15-Oct-24
2025-05-06 20:20:25,166 - INFO - Found funding amount: 4700000
2025-05-06 20:20:25,202 - INFO - Extracted: Stockguard - 15-Oct-24
2025-05-06 20:20:25,202 - INFO - Found funding amount: 5999999
2025-05-06 20:20:25,235 - INFO - Extracted: Neuron7.ai - 15-Oct-24
2025-05-06 20:20:25,235 - INFO - Found funding amount: 44000000
2025-05-06 20:20:25,264 - INFO - Extracted: Parakeet Health - 15-Oct-24
2025-05-06 20:20:25,264 - INFO - Found funding amount: 3000000
2025-05-06 20:20:25,295 - INFO - Extracted: Dryvebox - 14-Oct-24
2025-05-06 20:20:25,295 - INFO - Found funding amount: 0
2025-05-06 20:20:25,324 - INFO - Extracted: Blockcast - 14-Oct-24
2025-05-06 20:20:25,324 - INFO - Found funding amount: 2850000
2025-05-06 20:20:25,355 - INFO - Extracted: Cavecrack - 13-Oct-24
2025-05-06 20:20:25,355 - INFO - Found funding amount: 0
2025-05-06 20:20:25,386 - INFO - Extracted: Cerebelly - 10-Oct-24
2025-05-06 20:20:25,386 - INFO - Found funding amount: 3000000
2025-05-06 20:20:25,416 - INFO - Extracted: Suki - 10-Oct-24
2025-05-06 20:20:25,416 - INFO - Found funding amount: 70000000
2025-05-06 20:20:25,450 - INFO - Extracted: CytoVale - 10-Oct-24
2025-05-06 20:20:25,450 - INFO - Found funding amount: 100000000
2025-05-06 20:20:25,484 - INFO - Extracted: Zeal - 10-Oct-24
2025-05-06 20:20:25,484 - INFO - Found funding amount: 15000000
2025-05-06 20:20:25,533 - INFO - Extracted: Vidoc Security Lab - 10-Oct-24
2025-05-06 20:20:25,533 - INFO - Found funding amount: 0
2025-05-06 20:20:25,566 - INFO - Extracted: Relyance AI - 10-Oct-24
2025-05-06 20:20:25,566 - INFO - Found funding amount: 32000000
2025-05-06 20:20:25,600 - INFO - Extracted: Numeric - 10-Oct-24
2025-05-06 20:20:25,600 - INFO - Found funding amount: 28000000
2025-05-06 20:20:25,633 - INFO - Extracted: COVU - 10-Oct-24
2025-05-06 20:20:25,633 - INFO - Found funding amount: 12500000
2025-05-06 20:20:25,665 - INFO - Extracted: ApertureData - 10-Oct-24
2025-05-06 20:20:25,665 - INFO - Found funding amount: 5250000
2025-05-06 20:20:25,702 - INFO - Extracted: MiLaboratories - 10-Oct-24
2025-05-06 20:20:25,702 - INFO - Found funding amount: 10000000
2025-05-06 20:20:25,732 - INFO - Extracted: Glooko - 10-Oct-24
2025-05-06 20:20:25,732 - INFO - Found funding amount: 100000000
2025-05-06 20:20:25,762 - INFO - Extracted: IncumbentFI - 10-Oct-24
2025-05-06 20:20:25,762 - INFO - Found funding amount: 5639687
2025-05-06 20:20:25,797 - INFO - Extracted: Prophecy.io - 10-Oct-24
2025-05-06 20:20:25,797 - INFO - Found funding amount: 38799983
2025-05-06 20:20:25,797 - INFO - Successfully extracted 20 new companies from page 13
2025-05-06 20:20:25,797 - INFO - Attempting to navigate from page 13
2025-05-06 20:20:31,467 - INFO - JavaScript verification confirmed page changed
2025-05-06 20:20:31,660 - INFO - Setting up scheduled extraction (every 24 hours)
2025-05-06 20:20:31,660 - INFO - Starting extraction process
2025-05-06 20:20:31,660 - INFO - Setting up Chrome WebDriver...
2025-05-06 20:20:31,660 - INFO - ====== WebDriver manager ======
2025-05-06 20:20:31,737 - INFO - Get LATEST chromedriver version for google-chrome
2025-05-06 20:20:31,800 - INFO - Get LATEST chromedriver version for google-chrome
2025-05-06 20:20:31,837 - INFO - Driver [/Users/hk/.wdm/drivers/chromedriver/mac64/135.0.7049.114/chromedriver-mac-arm64/chromedriver] found in cache
2025-05-06 20:20:32,641 - INFO - Extracting data from page 14
2025-05-06 20:20:33,698 - INFO - Trying standard table extraction
2025-05-06 20:20:33,758 - INFO - Found funding amount column at index 6
2025-05-06 20:20:33,763 - INFO - Found headquarters column at index 7
2025-05-06 20:20:33,771 - INFO - Found 22 potential data rows
2025-05-06 20:20:33,815 - INFO - Extracted: Sidepit - 10-Oct-24
2025-05-06 20:20:33,815 - INFO - Found funding amount: 0
2025-05-06 20:20:33,848 - INFO - Extracted: Astrix Health - 10-Oct-24
2025-05-06 20:20:33,848 - INFO - Found funding amount: 500000
2025-05-06 20:20:33,886 - INFO - Extracted: CEQAbase - 9-Oct-24
2025-05-06 20:20:33,886 - INFO - Found funding amount: 200000
2025-05-06 20:20:33,916 - INFO - Extracted: SimX - 9-Oct-24
2025-05-06 20:20:33,916 - INFO - Found funding amount: 1250000
2025-05-06 20:20:33,945 - INFO - Extracted: Bigeye - 9-Oct-24
2025-05-06 20:20:33,945 - INFO - Found funding amount: 5000000
2025-05-06 20:20:33,975 - INFO - Extracted: Drawer AI - 9-Oct-24
2025-05-06 20:20:33,975 - INFO - Found funding amount: 5000000
2025-05-06 20:20:33,989 - INFO - WebDriver setup completed successfully
2025-05-06 20:20:33,989 - INFO - Navigating to https://fundraiseinsider.com/blog/recently-funded-startups-san-francisco/#showform-238066
2025-05-06 20:20:34,010 - INFO - Extracted: Vultron - 9-Oct-24
2025-05-06 20:20:34,010 - INFO - Found funding amount: 4850000
2025-05-06 20:20:34,053 - INFO - Extracted: AppShip - 9-Oct-24
2025-05-06 20:20:34,053 - INFO - Found funding amount: 200000
2025-05-06 20:20:34,085 - INFO - Extracted: EvenUp - 8-Oct-24
2025-05-06 20:20:34,086 - INFO - Found funding amount: 135000000
2025-05-06 20:20:34,118 - INFO - Extracted: Tele911 - 8-Oct-24
2025-05-06 20:20:34,118 - INFO - Found funding amount: 6756624
2025-05-06 20:20:34,159 - INFO - Extracted: Kiva AI - 8-Oct-24
2025-05-06 20:20:34,159 - INFO - Found funding amount: 7000000
2025-05-06 20:20:34,192 - INFO - Extracted: Selonterra - 8-Oct-24
2025-05-06 20:20:34,192 - INFO - Found funding amount: 2500000
2025-05-06 20:20:34,226 - INFO - Extracted: Unify - 8-Oct-24
2025-05-06 20:20:34,226 - INFO - Found funding amount: 12000000
2025-05-06 20:20:34,257 - INFO - Extracted: Third Dimension AI - 8-Oct-24
2025-05-06 20:20:34,257 - INFO - Found funding amount: 7000000
2025-05-06 20:20:34,308 - INFO - Extracted: Distributional - 8-Oct-24
2025-05-06 20:20:34,308 - INFO - Found funding amount: 19000000
2025-05-06 20:20:34,366 - INFO - Extracted: Truthset - 8-Oct-24
2025-05-06 20:20:34,367 - INFO - Found funding amount: 5000000
2025-05-06 20:20:34,403 - INFO - Extracted: Stream - 8-Oct-24
2025-05-06 20:20:34,403 - INFO - Found funding amount: 5300000
2025-05-06 20:20:34,434 - INFO - Extracted: InterVene - 7-Oct-24
2025-05-06 20:20:34,434 - INFO - Found funding amount: 13000000
2025-05-06 20:20:34,467 - INFO - Extracted: Treya Partners - 7-Oct-24
2025-05-06 20:20:34,467 - INFO - Found funding amount: 0
2025-05-06 20:20:34,497 - INFO - Extracted: VESSL AI - 7-Oct-24
2025-05-06 20:20:34,497 - INFO - Found funding amount: 12200000
2025-05-06 20:20:34,497 - INFO - Successfully extracted 20 new companies from page 14
2025-05-06 20:20:34,497 - INFO - Attempting to navigate from page 14
2025-05-06 20:20:36,122 - INFO - Found overlay using selector: //div[contains(@class, 'conv-wrap')]
2025-05-06 20:20:36,130 - INFO - No close button found, removing overlay with JavaScript
2025-05-06 20:20:37,326 - INFO - Found overlay using selector: //div[contains(@class, 'overlay')]
2025-05-06 20:20:37,331 - INFO - No close button found, removing overlay with JavaScript
2025-05-06 20:20:40,712 - INFO - JavaScript verification confirmed page changed
2025-05-06 20:20:41,896 - INFO - Extracting data from page 15
2025-05-06 20:20:43,088 - INFO - Trying standard table extraction
2025-05-06 20:20:43,120 - INFO - Found funding amount column at index 6
2025-05-06 20:20:43,124 - INFO - Found headquarters column at index 7
2025-05-06 20:20:43,131 - INFO - Found 22 potential data rows
2025-05-06 20:20:43,175 - INFO - Extracted: IOMETE - 7-Oct-24
2025-05-06 20:20:43,175 - INFO - Found funding amount: 0
2025-05-06 20:20:43,207 - INFO - Extracted: Kavia AI - 3-Oct-24
2025-05-06 20:20:43,207 - INFO - Found funding amount: 1000000
2025-05-06 20:20:43,236 - INFO - Extracted: OpenAI - 3-Oct-24
2025-05-06 20:20:43,237 - INFO - Found funding amount: 4000000000
2025-05-06 20:20:43,267 - INFO - Extracted: Paren - 3-Oct-24
2025-05-06 20:20:43,267 - INFO - Found funding amount: 3000000
2025-05-06 20:20:43,301 - INFO - Extracted: Integrated Biosciences - 3-Oct-24
2025-05-06 20:20:43,301 - INFO - Found funding amount: 17200000
2025-05-06 20:20:43,330 - INFO - Extracted: Booksy - 3-Oct-24
2025-05-06 20:20:43,330 - INFO - Found funding amount: 0
2025-05-06 20:20:43,360 - INFO - Extracted: Voyage AI - 3-Oct-24
2025-05-06 20:20:43,360 - INFO - Found funding amount: 20000000
2025-05-06 20:20:43,397 - INFO - Extracted: Valdera - 3-Oct-24
2025-05-06 20:20:43,397 - INFO - Found funding amount: 15000000
2025-05-06 20:20:43,426 - INFO - Extracted: Visolis - 3-Oct-24
2025-05-06 20:20:43,426 - INFO - Found funding amount: 2250000
2025-05-06 20:20:43,455 - INFO - Extracted: GuRu - 2-Oct-24
2025-05-06 20:20:43,455 - INFO - Found funding amount: 0
2025-05-06 20:20:43,484 - INFO - Extracted: Permanent - 2-Oct-24
2025-05-06 20:20:43,484 - INFO - Found funding amount: 3700000
2025-05-06 20:20:43,513 - INFO - Extracted: Poolside - 2-Oct-24
2025-05-06 20:20:43,513 - INFO - Found funding amount: 500000000
2025-05-06 20:20:43,542 - INFO - Extracted: Pallet - 2-Oct-24
2025-05-06 20:20:43,542 - INFO - Found funding amount: 18000000
2025-05-06 20:20:43,571 - INFO - Extracted: Billables AI - 2-Oct-24
2025-05-06 20:20:43,571 - INFO - Found funding amount: 3900000
2025-05-06 20:20:43,600 - INFO - Extracted: Reducto - 2-Oct-24
2025-05-06 20:20:43,600 - INFO - Found funding amount: 8400000
2025-05-06 20:20:43,630 - INFO - Extracted: Arda Therapeutics - 1-Oct-24
2025-05-06 20:20:43,630 - INFO - Found funding amount: 43303366
2025-05-06 20:20:43,660 - INFO - Extracted: Aspect Build - 1-Oct-24
2025-05-06 20:20:43,660 - INFO - Found funding amount: 3000000
2025-05-06 20:20:43,689 - INFO - Extracted: Synedgen - 1-Oct-24
2025-05-06 20:20:43,689 - INFO - Found funding amount: 1750000
2025-05-06 20:20:43,719 - INFO - Extracted: DataPelago - 1-Oct-24
2025-05-06 20:20:43,719 - INFO - Found funding amount: 47000000
2025-05-06 20:20:43,748 - INFO - Extracted: Neeve - 30-Sep-24
2025-05-06 20:20:43,748 - INFO - Found funding amount: 15000000
2025-05-06 20:20:43,748 - INFO - Successfully extracted 20 new companies from page 15
2025-05-06 20:20:43,748 - INFO - Attempting to navigate from page 15
2025-05-06 20:20:49,171 - INFO - JavaScript verification confirmed page changed
2025-05-06 20:20:49,681 - INFO - Extracting data from page 16
2025-05-06 20:20:50,637 - INFO - Trying standard table extraction
2025-05-06 20:20:50,677 - INFO - Found funding amount column at index 6
2025-05-06 20:20:50,690 - INFO - Found headquarters column at index 7
2025-05-06 20:20:50,700 - INFO - Found 22 potential data rows
2025-05-06 20:20:50,753 - INFO - Extracted: Artisan AI - 30-Sep-24
2025-05-06 20:20:50,753 - INFO - Found funding amount: 11500000
2025-05-06 20:20:50,801 - INFO - Extracted: Gladly - 26-Sep-24
2025-05-06 20:20:50,801 - INFO - Found funding amount: 40000000
2025-05-06 20:20:50,839 - INFO - Extracted: PlayWorks - 26-Sep-24
2025-05-06 20:20:50,839 - INFO - Found funding amount: 25000
2025-05-06 20:20:50,869 - INFO - Extracted: Bemi - 26-Sep-24
2025-05-06 20:20:50,869 - INFO - Found funding amount: 309000
2025-05-06 20:20:50,899 - INFO - Extracted: Superb AI - 26-Sep-24
2025-05-06 20:20:50,899 - INFO - Found funding amount: 10200000
2025-05-06 20:20:50,927 - INFO - Extracted: SKY Leasing - 26-Sep-24
2025-05-06 20:20:50,927 - INFO - Found funding amount: 569540000
2025-05-06 20:20:50,961 - INFO - Extracted: AssetHub - 25-Sep-24
2025-05-06 20:20:50,962 - INFO - Found funding amount: 100000000
2025-05-06 20:20:50,996 - INFO - Extracted: Feno - 25-Sep-24
2025-05-06 20:20:50,996 - INFO - Found funding amount: 6000000
2025-05-06 20:20:51,030 - INFO - Extracted: Supabase - 25-Sep-24
2025-05-06 20:20:51,030 - INFO - Found funding amount: 80000000
2025-05-06 20:20:51,070 - INFO - Extracted: Whatfix - 25-Sep-24
2025-05-06 20:20:51,070 - INFO - Found funding amount: 125000000
2025-05-06 20:20:51,128 - INFO - Extracted: SnippetSentry - 25-Sep-24
2025-05-06 20:20:51,128 - INFO - Found funding amount: 500000
2025-05-06 20:20:51,167 - INFO - Extracted: FluidLogic - 24-Sep-24
2025-05-06 20:20:51,167 - INFO - Found funding amount: 15000000
2025-05-06 20:20:51,218 - INFO - Extracted: Distyl AI - 24-Sep-24
2025-05-06 20:20:51,219 - INFO - Found funding amount: 20000000
2025-05-06 20:20:51,292 - INFO - Extracted: Icon Savings Plan - 24-Sep-24
2025-05-06 20:20:51,292 - INFO - Found funding amount: 9200000
2025-05-06 20:20:51,339 - INFO - Extracted: UJET - 24-Sep-24
2025-05-06 20:20:51,339 - INFO - Found funding amount: 76000000
2025-05-06 20:20:51,377 - INFO - Extracted: Anadro - 24-Sep-24
2025-05-06 20:20:51,377 - INFO - Found funding amount: 2516495
2025-05-06 20:20:51,452 - INFO - Extracted: Atlys - 24-Sep-24
2025-05-06 20:20:51,452 - INFO - Found funding amount: 20000000
2025-05-06 20:20:51,493 - INFO - Extracted: Datapad - 24-Sep-24
2025-05-06 20:20:51,493 - INFO - Found funding amount: 0
2025-05-06 20:20:51,529 - INFO - Extracted: Altimate AI - 23-Sep-24
2025-05-06 20:20:51,529 - INFO - Found funding amount: 0
2025-05-06 20:20:51,562 - INFO - Extracted: Harmonic - 23-Sep-24
2025-05-06 20:20:51,562 - INFO - Found funding amount: 75000000
2025-05-06 20:20:51,562 - INFO - Successfully extracted 20 new companies from page 16
2025-05-06 20:20:51,562 - INFO - Attempting to navigate from page 16
2025-05-06 20:20:54,132 - INFO - Performing efficient scrolling...
2025-05-06 20:20:57,460 - INFO - JavaScript verification confirmed page changed
2025-05-06 20:20:57,649 - INFO - Scrolling completed
2025-05-06 20:20:58,171 - INFO - Extracting data from page 1
2025-05-06 20:20:58,450 - INFO - Extracting data from page 17
2025-05-06 20:20:58,660 - INFO - Trying standard table extraction
2025-05-06 20:20:58,712 - INFO - Found funding amount column at index 6
2025-05-06 20:20:58,716 - INFO - Found headquarters column at index 7
2025-05-06 20:20:58,728 - INFO - Found 22 potential data rows
2025-05-06 20:20:58,786 - INFO - Extracted: Rembrand - 2-Jan-25
2025-05-06 20:20:58,786 - INFO - Found funding amount: 23000000
2025-05-06 20:20:58,821 - INFO - Extracted: Wurthy - 30-Dec-24
2025-05-06 20:20:58,821 - INFO - Found funding amount: 0
2025-05-06 20:20:58,857 - INFO - Extracted: Frontier Bio - 25-Dec-24
2025-05-06 20:20:58,857 - INFO - Found funding amount: 1300000
2025-05-06 20:20:58,894 - INFO - Extracted: Courtyard - 23-Dec-24
2025-05-06 20:20:58,894 - INFO - Found funding amount: 4500000
2025-05-06 20:20:58,952 - INFO - Extracted: Pasadena Private Lending - 19-Dec-24
2025-05-06 20:20:58,953 - INFO - Found funding amount: 50000000
2025-05-06 20:20:58,988 - INFO - Extracted: Tenor - 19-Dec-24
2025-05-06 20:20:58,988 - INFO - Found funding amount: 5400000
2025-05-06 20:20:59,025 - INFO - Extracted: Earli - 19-Dec-24
2025-05-06 20:20:59,025 - INFO - Found funding amount: 60000000
2025-05-06 20:20:59,059 - INFO - Extracted: Child Family Health International - 19-Dec-24
2025-05-06 20:20:59,059 - INFO - Found funding amount: 7500
2025-05-06 20:20:59,102 - INFO - Extracted: SandboxAQ - 18-Dec-24
2025-05-06 20:20:59,102 - INFO - Found funding amount: 300000000
2025-05-06 20:20:59,147 - INFO - Extracted: Plume Network - 18-Dec-24
2025-05-06 20:20:59,147 - INFO - Found funding amount: 20000000
2025-05-06 20:20:59,184 - INFO - Extracted: Hamming AI - 18-Dec-24
2025-05-06 20:20:59,184 - INFO - Found funding amount: 3800000
2025-05-06 20:20:59,220 - INFO - Extracted: CourtScribes - 18-Dec-24
2025-05-06 20:20:59,220 - INFO - Found funding amount: 512474
2025-05-06 20:20:59,253 - INFO - Extracted: Perplexity - 18-Dec-24
2025-05-06 20:20:59,253 - INFO - Found funding amount: 500000000
2025-05-06 20:20:59,290 - INFO - Trying standard table extraction
2025-05-06 20:20:59,296 - INFO - Extracted: Lyten - 18-Dec-24
2025-05-06 20:20:59,296 - INFO - Found funding amount: 650000000
2025-05-06 20:20:59,326 - INFO - Found funding amount column at index 6
2025-05-06 20:20:59,330 - INFO - Found headquarters column at index 7
2025-05-06 20:20:59,333 - INFO - Extracted: Fairbanc - 18-Dec-24
2025-05-06 20:20:59,334 - INFO - Found funding amount: 50000000000
2025-05-06 20:20:59,338 - INFO - Found 22 potential data rows
2025-05-06 20:20:59,373 - INFO - Extracted: Mojave Energy Systems - 18-Dec-24
2025-05-06 20:20:59,373 - INFO - Found funding amount: 9500000
2025-05-06 20:20:59,399 - INFO - Extracted: Genome Medical - 23-Sep-24
2025-05-06 20:20:59,399 - INFO - Found funding amount: 75344304
2025-05-06 20:20:59,417 - INFO - Extracted: Fraction AI - 18-Dec-24
2025-05-06 20:20:59,417 - INFO - Found funding amount: 6000000
2025-05-06 20:20:59,438 - INFO - Extracted: Hippocratic AI - 19-Sep-24
2025-05-06 20:20:59,438 - INFO - Found funding amount: 53000000
2025-05-06 20:20:59,456 - INFO - Extracted: Schwarm Technologies Inc. - 17-Dec-24
2025-05-06 20:20:59,456 - INFO - Found funding amount: 3027055
2025-05-06 20:20:59,476 - INFO - Extracted: Akia - 19-Sep-24
2025-05-06 20:20:59,476 - INFO - Found funding amount: 4999998
2025-05-06 20:20:59,493 - INFO - Extracted: Landbase - 17-Dec-24
2025-05-06 20:20:59,493 - INFO - Found funding amount: 12500000
2025-05-06 20:20:59,513 - INFO - Extracted: Ferrum Health - 19-Sep-24
2025-05-06 20:20:59,513 - INFO - Found funding amount: 16000000
2025-05-06 20:20:59,531 - INFO - Extracted: Acre - 17-Dec-24
2025-05-06 20:20:59,531 - INFO - Found funding amount: 10000000
2025-05-06 20:20:59,531 - INFO - Successfully extracted 20 new companies from page 1
2025-05-06 20:20:59,531 - INFO - Attempting to navigate from page 1
2025-05-06 20:20:59,577 - INFO - Extracted: Twelve - 19-Sep-24
2025-05-06 20:20:59,578 - INFO - Found funding amount: 400000000
2025-05-06 20:20:59,632 - INFO - Extracted: Aclima - 19-Sep-24
2025-05-06 20:20:59,632 - INFO - Found funding amount: 13000000
2025-05-06 20:20:59,666 - INFO - Extracted: AtoB - 19-Sep-24
2025-05-06 20:20:59,666 - INFO - Found funding amount: 130000000
2025-05-06 20:20:59,699 - INFO - Extracted: Picus Security - 19-Sep-24
2025-05-06 20:20:59,699 - INFO - Found funding amount: 45000000
2025-05-06 20:20:59,743 - INFO - Extracted: Oro Labs - 18-Sep-24
2025-05-06 20:20:59,743 - INFO - Found funding amount: 34000000
2025-05-06 20:20:59,777 - INFO - Extracted: Fal - 18-Sep-24
2025-05-06 20:20:59,777 - INFO - Found funding amount: 14000000
2025-05-06 20:20:59,808 - INFO - Extracted: Mercor - 18-Sep-24
2025-05-06 20:20:59,808 - INFO - Found funding amount: 30000000
2025-05-06 20:20:59,840 - INFO - Extracted: Harvest Thermal - 18-Sep-24
2025-05-06 20:20:59,840 - INFO - Found funding amount: 2000000
2025-05-06 20:20:59,871 - INFO - Extracted: CodePath - 18-Sep-24
2025-05-06 20:20:59,872 - INFO - Found funding amount: 50000000
2025-05-06 20:20:59,911 - INFO - Extracted: Hgen - 17-Sep-24
2025-05-06 20:20:59,911 - INFO - Found funding amount: 5000000
2025-05-06 20:20:59,942 - INFO - Extracted: Orb - 17-Sep-24
2025-05-06 20:20:59,943 - INFO - Found funding amount: 25000000
2025-05-06 20:20:59,973 - INFO - Extracted: Mindtrip - 17-Sep-24
2025-05-06 20:20:59,973 - INFO - Found funding amount: 12000000
2025-05-06 20:21:00,010 - INFO - Extracted: Futuro Health - 17-Sep-24
2025-05-06 20:21:00,011 - INFO - Found funding amount: 10200000
2025-05-06 20:21:00,044 - INFO - Extracted: Prof Jim - 17-Sep-24
2025-05-06 20:21:00,044 - INFO - Found funding amount: 1500000
2025-05-06 20:21:00,086 - INFO - Extracted: TeamBridge - 16-Sep-24
2025-05-06 20:21:00,086 - INFO - Found funding amount: 28000000
2025-05-06 20:21:00,121 - INFO - Extracted: World Labs - 13-Sep-24
2025-05-06 20:21:00,121 - INFO - Found funding amount: 230000000
2025-05-06 20:21:00,121 - INFO - Successfully extracted 20 new companies from page 17
2025-05-06 20:21:00,121 - INFO - Attempting to navigate from page 17
2025-05-06 20:21:05,100 - INFO - JavaScript verification confirmed page changed
2025-05-06 20:21:05,453 - INFO - Extracting data from page 2
2025-05-06 20:21:06,325 - INFO - JavaScript verification confirmed page changed
2025-05-06 20:21:06,515 - INFO - Trying standard table extraction
2025-05-06 20:21:06,548 - INFO - Found funding amount column at index 6
2025-05-06 20:21:06,551 - INFO - Found headquarters column at index 7
2025-05-06 20:21:06,560 - INFO - Found 22 potential data rows
2025-05-06 20:21:06,607 - INFO - Extracted: Finexio - 17-Dec-24
2025-05-06 20:21:06,607 - INFO - Found funding amount: 10000000
2025-05-06 20:21:06,641 - INFO - Extracted: Anatomy Financial - 17-Dec-24
2025-05-06 20:21:06,641 - INFO - Found funding amount: 19000000
2025-05-06 20:21:06,675 - INFO - Extracted: Serverfarm - 17-Dec-24
2025-05-06 20:21:06,675 - INFO - Found funding amount: 1637000000
2025-05-06 20:21:06,709 - INFO - Extracted: Flair - 17-Dec-24
2025-05-06 20:21:06,709 - INFO - Found funding amount: 0
2025-05-06 20:21:06,742 - INFO - Extracted: Leapfin - 17-Dec-24
2025-05-06 20:21:06,742 - INFO - Found funding amount: 1000000
2025-05-06 20:21:06,795 - INFO - Extracted: Parafin - 17-Dec-24
2025-05-06 20:21:06,795 - INFO - Found funding amount: 100000000
2025-05-06 20:21:06,830 - INFO - Extracted: Indapta Therapeutics - 17-Dec-24
2025-05-06 20:21:06,830 - INFO - Found funding amount: 22500000
2025-05-06 20:21:06,862 - INFO - Extracting data from page 18
2025-05-06 20:21:06,863 - INFO - Extracted: Xcell Biosciences - 17-Dec-24
2025-05-06 20:21:06,863 - INFO - Found funding amount: 1400000
2025-05-06 20:21:06,898 - INFO - Extracted: Jiko - 12-Dec-24
2025-05-06 20:21:06,898 - INFO - Found funding amount: 29000000
2025-05-06 20:21:06,932 - INFO - Extracted: One - 12-Dec-24
2025-05-06 20:21:06,932 - INFO - Found funding amount: 300000000
2025-05-06 20:21:06,964 - INFO - Extracted: Evinced - 12-Dec-24
2025-05-06 20:21:06,965 - INFO - Found funding amount: 55000000
2025-05-06 20:21:06,997 - INFO - Extracted: Twelve Labs - 12-Dec-24
2025-05-06 20:21:06,997 - INFO - Found funding amount: 30000000
2025-05-06 20:21:07,030 - INFO - Extracted: Terradot - 12-Dec-24
2025-05-06 20:21:07,030 - INFO - Found funding amount: 54000000
2025-05-06 20:21:07,064 - INFO - Extracted: Cartesia - 12-Dec-24
2025-05-06 20:21:07,064 - INFO - Found funding amount: 22000000
2025-05-06 20:21:07,095 - INFO - Extracted: Vantis Vascular - 12-Dec-24
2025-05-06 20:21:07,095 - INFO - Found funding amount: 10000000
2025-05-06 20:21:07,128 - INFO - Extracted: Alessa Therapeutics - 12-Dec-24
2025-05-06 20:21:07,128 - INFO - Found funding amount: 15000000
2025-05-06 20:21:07,163 - INFO - Extracted: Gigs - 12-Dec-24
2025-05-06 20:21:07,163 - INFO - Found funding amount: 73000000
2025-05-06 20:21:07,196 - INFO - Extracted: Immi - 12-Dec-24
2025-05-06 20:21:07,196 - INFO - Found funding amount: 3000000
2025-05-06 20:21:07,229 - INFO - Extracted: Albert Invent - 11-Dec-24
2025-05-06 20:21:07,229 - INFO - Found funding amount: 22500000
2025-05-06 20:21:07,261 - INFO - Extracted: Strategic Venue Partners - 11-Dec-24
2025-05-06 20:21:07,261 - INFO - Found funding amount: 0
2025-05-06 20:21:07,261 - INFO - Successfully extracted 20 new companies from page 2
2025-05-06 20:21:07,262 - INFO - Attempting to navigate from page 2
2025-05-06 20:21:07,941 - INFO - Trying standard table extraction
2025-05-06 20:21:08,006 - INFO - Found funding amount column at index 6
2025-05-06 20:21:08,011 - INFO - Found headquarters column at index 7
2025-05-06 20:21:08,020 - INFO - Found 22 potential data rows
2025-05-06 20:21:08,064 - INFO - Extracted: Operant - 12-Sep-24
2025-05-06 20:21:08,064 - INFO - Found funding amount: 10000000
2025-05-06 20:21:08,094 - INFO - Extracted: Bounti.ai - 12-Sep-24
2025-05-06 20:21:08,094 - INFO - Found funding amount: 16000000
2025-05-06 20:21:08,132 - INFO - Extracted: Connectly.ai - 11-Sep-24
2025-05-06 20:21:08,132 - INFO - Found funding amount: 20000000
2025-05-06 20:21:08,163 - INFO - Extracted: Nostra AI - 11-Sep-24
2025-05-06 20:21:08,163 - INFO - Found funding amount: 8900000
2025-05-06 20:21:08,193 - INFO - Extracted: Candid Health - 11-Sep-24
2025-05-06 20:21:08,193 - INFO - Found funding amount: 29000000
2025-05-06 20:21:08,222 - INFO - Extracted: Polly - 10-Sep-24
2025-05-06 20:21:08,222 - INFO - Found funding amount: 25000000
2025-05-06 20:21:08,251 - INFO - Extracted: Glean - 10-Sep-24
2025-05-06 20:21:08,251 - INFO - Found funding amount: 260000000
2025-05-06 20:21:08,282 - INFO - Extracted: Reshape Automation - 10-Sep-24
2025-05-06 20:21:08,282 - INFO - Found funding amount: 5000000
2025-05-06 20:21:08,311 - INFO - Extracted: Infinium - 10-Sep-24
2025-05-06 20:21:08,311 - INFO - Found funding amount: 0
2025-05-06 20:21:08,343 - INFO - Extracted: Blended Technologies - 10-Sep-24
2025-05-06 20:21:08,343 - INFO - Found funding amount: 2500000
2025-05-06 20:21:08,377 - INFO - Extracted: AttoTude - 10-Sep-24
2025-05-06 20:21:08,377 - INFO - Found funding amount: 29000000
2025-05-06 20:21:08,417 - INFO - Extracted: Neurona Therapeutics - 10-Sep-24
2025-05-06 20:21:08,417 - INFO - Found funding amount: 3800000
2025-05-06 20:21:08,452 - INFO - Extracted: P0 Security - 10-Sep-24
2025-05-06 20:21:08,452 - INFO - Found funding amount: 15000000
2025-05-06 20:21:08,486 - INFO - Extracted: PIN AI - 9-Sep-24
2025-05-06 20:21:08,486 - INFO - Found funding amount: 10000000
2025-05-06 20:21:08,522 - INFO - Extracted: Race - 9-Sep-24
2025-05-06 20:21:08,522 - INFO - Found funding amount: 375000000
2025-05-06 20:21:08,555 - INFO - Extracted: OrsoBio - 6-Sep-24
2025-05-06 20:21:08,555 - INFO - Found funding amount: 67000000
2025-05-06 20:21:08,588 - INFO - Extracted: DubClub - 5-Sep-24
2025-05-06 20:21:08,588 - INFO - Found funding amount: 7500000
2025-05-06 20:21:08,619 - INFO - Extracted: Thatch - 5-Sep-24
2025-05-06 20:21:08,619 - INFO - Found funding amount: 38000000
2025-05-06 20:21:08,650 - INFO - Extracted: Drip Capital - 5-Sep-24
2025-05-06 20:21:08,650 - INFO - Found funding amount: 90000000
2025-05-06 20:21:08,685 - INFO - Extracted: Acuvity - 5-Sep-24
2025-05-06 20:21:08,685 - INFO - Found funding amount: 9000000
2025-05-06 20:21:08,685 - INFO - Successfully extracted 20 new companies from page 18
2025-05-06 20:21:08,685 - INFO - Attempting to navigate from page 18
2025-05-06 20:21:12,990 - INFO - JavaScript verification confirmed page changed
2025-05-06 20:21:13,671 - INFO - Extracting data from page 3
2025-05-06 20:21:14,273 - INFO - Trying standard table extraction
2025-05-06 20:21:14,310 - INFO - Found funding amount column at index 6
2025-05-06 20:21:14,314 - INFO - Found headquarters column at index 7
2025-05-06 20:21:14,321 - INFO - Found 22 potential data rows
2025-05-06 20:21:14,364 - INFO - Extracted: Parsec Education - 11-Dec-24
2025-05-06 20:21:14,364 - INFO - Found funding amount: 8000000
2025-05-06 20:21:14,394 - INFO - Extracted: Saltmine - 11-Dec-24
2025-05-06 20:21:14,394 - INFO - Found funding amount: 0
2025-05-06 20:21:14,423 - INFO - Extracted: NeuBird - 11-Dec-24
2025-05-06 20:21:14,423 - INFO - Found funding amount: 22500000
2025-05-06 20:21:14,453 - INFO - Extracted: Aimon Labs - 11-Dec-24
2025-05-06 20:21:14,453 - INFO - Found funding amount: 2300000
2025-05-06 20:21:14,488 - INFO - Extracted: Ayar Labs - 11-Dec-24
2025-05-06 20:21:14,488 - INFO - Found funding amount: 155000000
2025-05-06 20:21:14,630 - INFO - Extracted: Vapi - 11-Dec-24
2025-05-06 20:21:14,630 - INFO - Found funding amount: 20000000
2025-05-06 20:21:14,630 - INFO - JavaScript verification confirmed page changed
2025-05-06 20:21:14,675 - INFO - Extracted: EzDubs - 11-Dec-24
2025-05-06 20:21:14,675 - INFO - Found funding amount: 4200000
2025-05-06 20:21:14,707 - INFO - Extracted: Capstan Medical - 11-Dec-24
2025-05-06 20:21:14,707 - INFO - Found funding amount: 110000000
2025-05-06 20:21:14,736 - INFO - Extracted: Reveal Technology - 11-Dec-24
2025-05-06 20:21:14,736 - INFO - Found funding amount: 11200000
2025-05-06 20:21:14,769 - INFO - Extracted: Tosi - 11-Dec-24
2025-05-06 20:21:14,770 - INFO - Found funding amount: 15805308
2025-05-06 20:21:14,803 - INFO - Extracted: Azimuth AI - 11-Dec-24
2025-05-06 20:21:14,803 - INFO - Found funding amount: 11500000
2025-05-06 20:21:14,835 - INFO - Extracted: Cohesity - 10-Dec-24
2025-05-06 20:21:14,835 - INFO - Found funding amount: 0
2025-05-06 20:21:14,867 - INFO - Extracted: Speak - 10-Dec-24
2025-05-06 20:21:14,867 - INFO - Found funding amount: 78000000
2025-05-06 20:21:14,896 - INFO - Extracted: Mainframe - 10-Dec-24
2025-05-06 20:21:14,896 - INFO - Found funding amount: 5500000
2025-05-06 20:21:14,930 - INFO - Extracted: Gyaan - 10-Dec-24
2025-05-06 20:21:14,930 - INFO - Found funding amount: 5000000
2025-05-06 20:21:14,959 - INFO - Extracted: WeaveGrid - 10-Dec-24
2025-05-06 20:21:14,959 - INFO - Found funding amount: 28000000
2025-05-06 20:21:14,990 - INFO - Extracted: WindBorne Systems - 10-Dec-24
2025-05-06 20:21:14,990 - INFO - Found funding amount: 5000000
2025-05-06 20:21:15,021 - INFO - Extracted: Exabits AI - 10-Dec-24
2025-05-06 20:21:15,022 - INFO - Found funding amount: 15000000
2025-05-06 20:21:15,063 - INFO - Extracted: Gentrace - 10-Dec-24
2025-05-06 20:21:15,063 - INFO - Found funding amount: 8000000
2025-05-06 20:21:15,102 - INFO - Extracted: LambdaTest - 10-Dec-24
2025-05-06 20:21:15,102 - INFO - Found funding amount: 38000000
2025-05-06 20:21:15,102 - INFO - Successfully extracted 20 new companies from page 3
2025-05-06 20:21:15,102 - INFO - Attempting to navigate from page 3
2025-05-06 20:21:15,511 - INFO - Extracting data from page 19
2025-05-06 20:21:16,233 - INFO - Trying standard table extraction
2025-05-06 20:21:16,263 - INFO - Found funding amount column at index 6
2025-05-06 20:21:16,266 - INFO - Found headquarters column at index 7
2025-05-06 20:21:16,274 - INFO - Found 22 potential data rows
2025-05-06 20:21:16,316 - INFO - Extracted: Portex - 5-Sep-24
2025-05-06 20:21:16,316 - INFO - Found funding amount: 6250000
2025-05-06 20:21:16,347 - INFO - Extracted: Agree.com - 5-Sep-24
2025-05-06 20:21:16,347 - INFO - Found funding amount: 3000000
2025-05-06 20:21:16,385 - INFO - Extracted: Fiddler AI - 5-Sep-24
2025-05-06 20:21:16,385 - INFO - Found funding amount: 18949994
2025-05-06 20:21:16,423 - INFO - Extracted: Cortex - 4-Sep-24
2025-05-06 20:21:16,423 - INFO - Found funding amount: 60000000
2025-05-06 20:21:16,524 - INFO - Extracted: ArsenalBio - 4-Sep-24
2025-05-06 20:21:16,524 - INFO - Found funding amount: 325000000
2025-05-06 20:21:16,556 - INFO - Extracted: Ceres Imaging - 4-Sep-24
2025-05-06 20:21:16,556 - INFO - Found funding amount: 0
2025-05-06 20:21:16,589 - INFO - Extracted: Venova Medical - 4-Sep-24
2025-05-06 20:21:16,589 - INFO - Found funding amount: 30000000
2025-05-06 20:21:16,621 - INFO - Extracted: Climax Foods - 4-Sep-24
2025-05-06 20:21:16,622 - INFO - Found funding amount: 0
2025-05-06 20:21:16,658 - INFO - Extracted: Flex - 4-Sep-24
2025-05-06 20:21:16,658 - INFO - Found funding amount: 3200000
2025-05-06 20:21:16,691 - INFO - Extracted: Circle Pharma - 3-Sep-24
2025-05-06 20:21:16,691 - INFO - Found funding amount: 90000000
2025-05-06 20:21:16,724 - INFO - Extracted: Segmed - 3-Sep-24
2025-05-06 20:21:16,724 - INFO - Found funding amount: 10400000
2025-05-06 20:21:16,758 - INFO - Extracted: Linea Energy - 3-Sep-24
2025-05-06 20:21:16,758 - INFO - Found funding amount: 145000000
2025-05-06 20:21:16,791 - INFO - Extracted: Gainful - 3-Sep-24
2025-05-06 20:21:16,791 - INFO - Found funding amount: 0
2025-05-06 20:21:16,831 - INFO - Extracted: Mintlify - 3-Sep-24
2025-05-06 20:21:16,831 - INFO - Found funding amount: 18500000
2025-05-06 20:21:16,872 - INFO - Extracted: Magic Lifescience - 3-Sep-24
2025-05-06 20:21:16,872 - INFO - Found funding amount: 163398
2025-05-06 20:21:16,905 - INFO - Extracted: Approveit - 2-Sep-24
2025-05-06 20:21:16,905 - INFO - Found funding amount: 1000000
2025-05-06 20:21:16,938 - INFO - Extracted: Weeknd - 1-Sep-24
2025-05-06 20:21:16,938 - INFO - Found funding amount: 0
2025-05-06 20:21:16,971 - INFO - Extracted: Crafty Apes - 30-Aug-24
2025-05-06 20:21:16,971 - INFO - Found funding amount: 0
2025-05-06 20:21:17,002 - INFO - Extracted: Codeium - 29-Aug-24
2025-05-06 20:21:17,002 - INFO - Found funding amount: 150000000
2025-05-06 20:21:17,033 - INFO - Extracted: MIRIS - 29-Aug-24
2025-05-06 20:21:17,033 - INFO - Found funding amount: 26000000
2025-05-06 20:21:17,033 - INFO - Successfully extracted 20 new companies from page 19
2025-05-06 20:21:17,033 - INFO - Attempting to navigate from page 19
2025-05-06 20:21:21,088 - INFO - JavaScript verification confirmed page changed
2025-05-06 20:21:22,062 - INFO - Extracting data from page 4
2025-05-06 20:21:23,251 - INFO - Trying standard table extraction
2025-05-06 20:21:23,263 - INFO - JavaScript verification confirmed page changed
2025-05-06 20:21:23,302 - INFO - Found funding amount column at index 6
2025-05-06 20:21:23,307 - INFO - Found headquarters column at index 7
2025-05-06 20:21:23,315 - INFO - Found 22 potential data rows
2025-05-06 20:21:23,358 - INFO - Extracted: Aarvik Therapeutics - 10-Dec-24
2025-05-06 20:21:23,358 - INFO - Found funding amount: 1165000
2025-05-06 20:21:23,388 - INFO - Extracted: WaveForms AI - 10-Dec-24
2025-05-06 20:21:23,389 - INFO - Found funding amount: 40000000
2025-05-06 20:21:23,421 - INFO - Extracted: Wald.ai - 10-Dec-24
2025-05-06 20:21:23,421 - INFO - Found funding amount: 4000000
2025-05-06 20:21:23,450 - INFO - Extracted: Wildflower Health - 10-Dec-24
2025-05-06 20:21:23,450 - INFO - Found funding amount: 17939793
2025-05-06 20:21:23,480 - INFO - Extracted: Aampe - 10-Dec-24
2025-05-06 20:21:23,480 - INFO - Found funding amount: 18000000
2025-05-06 20:21:23,509 - INFO - Extracted: Cala Health - 9-Dec-24
2025-05-06 20:21:23,509 - INFO - Found funding amount: 50000000
2025-05-06 20:21:23,539 - INFO - Extracted: Sofar Ocean - 9-Dec-24
2025-05-06 20:21:23,539 - INFO - Found funding amount: 18250002
2025-05-06 20:21:23,568 - INFO - Extracted: Friend - 9-Dec-24
2025-05-06 20:21:23,568 - INFO - Found funding amount: 5400000
2025-05-06 20:21:23,597 - INFO - Extracted: Lava - 9-Dec-24
2025-05-06 20:21:23,597 - INFO - Found funding amount: 10000000
2025-05-06 20:21:23,626 - INFO - Extracted: MiSalud - 9-Dec-24
2025-05-06 20:21:23,626 - INFO - Found funding amount: 8000000
2025-05-06 20:21:23,657 - INFO - Extracted: Lucra Sports - 5-Dec-24
2025-05-06 20:21:23,657 - INFO - Found funding amount: 10000000
2025-05-06 20:21:23,692 - INFO - Extracted: Across AI - 5-Dec-24
2025-05-06 20:21:23,692 - INFO - Found funding amount: 5750000
2025-05-06 20:21:23,692 - INFO - Extracting data from page 20
2025-05-06 20:21:23,724 - INFO - Extracted: BITKRAFT Ventures - 5-Dec-24
2025-05-06 20:21:23,724 - INFO - Found funding amount: 0
2025-05-06 20:21:23,754 - INFO - Extracted: Nuvig Therapeutics - 5-Dec-24
2025-05-06 20:21:23,754 - INFO - Found funding amount: 161000000
2025-05-06 20:21:23,783 - INFO - Extracted: FutureSearch - 5-Dec-24
2025-05-06 20:21:23,783 - INFO - Found funding amount: 5794991
2025-05-06 20:21:23,813 - INFO - Extracted: Solana - 5-Dec-24
2025-05-06 20:21:23,813 - INFO - Found funding amount: 1500000
2025-05-06 20:21:23,843 - INFO - Extracted: Rubi Laboratories - 5-Dec-24
2025-05-06 20:21:23,843 - INFO - Found funding amount: 969961
2025-05-06 20:21:23,873 - INFO - Extracted: East Oakland Youth Development Center - 5-Dec-24
2025-05-06 20:21:23,874 - INFO - Found funding amount: 0
2025-05-06 20:21:23,905 - INFO - Extracted: Axiado Corporation - 4-Dec-24
2025-05-06 20:21:23,905 - INFO - Found funding amount: 60000000
2025-05-06 20:21:23,935 - INFO - Extracted: Enterpret - 4-Dec-24
2025-05-06 20:21:23,935 - INFO - Found funding amount: 20800000
2025-05-06 20:21:23,935 - INFO - Successfully extracted 20 new companies from page 4
2025-05-06 20:21:23,935 - INFO - Attempting to navigate from page 4
2025-05-06 20:21:24,121 - INFO - Trying standard table extraction
2025-05-06 20:21:24,190 - INFO - Found funding amount column at index 6
2025-05-06 20:21:24,193 - INFO - Found headquarters column at index 7
2025-05-06 20:21:24,200 - INFO - Found 22 potential data rows
2025-05-06 20:21:24,244 - INFO - Extracted: nOps - 28-Aug-24
2025-05-06 20:21:24,244 - INFO - Found funding amount: 30000000
2025-05-06 20:21:24,278 - INFO - Extracted: Uplift Labs - 28-Aug-24
2025-05-06 20:21:24,278 - INFO - Found funding amount: 2100000
2025-05-06 20:21:24,318 - INFO - Extracted: Opus Clip - 28-Aug-24
2025-05-06 20:21:24,318 - INFO - Found funding amount: 30000000
2025-05-06 20:21:24,350 - INFO - Extracted: Bland AI - 28-Aug-24
2025-05-06 20:21:24,350 - INFO - Found funding amount: 16000000
2025-05-06 20:21:24,382 - INFO - Extracted: Noetik - 28-Aug-24
2025-05-06 20:21:24,382 - INFO - Found funding amount: 40000000
2025-05-06 20:21:24,419 - INFO - Extracted: Inventive AI - 28-Aug-24
2025-05-06 20:21:24,419 - INFO - Found funding amount: 4000000
2025-05-06 20:21:24,450 - INFO - Extracted: Linker Finance - 27-Aug-24
2025-05-06 20:21:24,450 - INFO - Found funding amount: 3700000
2025-05-06 20:21:24,481 - INFO - Extracted: ProhostAI - 27-Aug-24
2025-05-06 20:21:24,481 - INFO - Found funding amount: 1465000
2025-05-06 20:21:24,511 - INFO - Extracted: Cribl - 27-Aug-24
2025-05-06 20:21:24,512 - INFO - Found funding amount: 200000000
2025-05-06 20:21:24,544 - INFO - Extracted: Gameplay Galaxy - 27-Aug-24
2025-05-06 20:21:24,544 - INFO - Found funding amount: 11170000
2025-05-06 20:21:24,576 - INFO - Extracted: Spire Global - 27-Aug-24
2025-05-06 20:21:24,576 - INFO - Found funding amount: 3500000
2025-05-06 20:21:24,612 - INFO - Extracted: Fleet - 27-Aug-24
2025-05-06 20:21:24,612 - INFO - Found funding amount: 2500000
2025-05-06 20:21:24,646 - INFO - Extracted: just words - 27-Aug-24
2025-05-06 20:21:24,646 - INFO - Found funding amount: 1700000
2025-05-06 20:21:24,678 - INFO - Extracted: Planera - 27-Aug-24
2025-05-06 20:21:24,678 - INFO - Found funding amount: 13500000
2025-05-06 20:21:24,710 - INFO - Extracted: Clearway Energy Group - 26-Aug-24
2025-05-06 20:21:24,710 - INFO - Found funding amount: 550000000
2025-05-06 20:21:24,743 - INFO - Extracted: Tavoro - 26-Aug-24
2025-05-06 20:21:24,743 - INFO - Found funding amount: 2500000
2025-05-06 20:21:24,774 - INFO - Extracted: Accession Risk Management Group - 22-Aug-24
2025-05-06 20:21:24,774 - INFO - Found funding amount: 1000000000
2025-05-06 20:21:24,805 - INFO - Extracted: Openwater - 22-Aug-24
2025-05-06 20:21:24,805 - INFO - Found funding amount: 54000000
2025-05-06 20:21:24,836 - INFO - Extracted: Scale AI - 21-Aug-24
2025-05-06 20:21:24,836 - INFO - Found funding amount: 1000000000
2025-05-06 20:21:24,868 - INFO - Extracted: Kodiak Robotics - 21-Aug-24
2025-05-06 20:21:24,868 - INFO - Found funding amount: 0
2025-05-06 20:21:24,868 - INFO - Successfully extracted 20 new companies from page 20
2025-05-06 20:21:24,868 - INFO - Attempting to navigate from page 20
2025-05-06 20:21:29,668 - INFO - JavaScript verification confirmed page changed
2025-05-06 20:21:30,398 - INFO - JavaScript verification confirmed page changed
2025-05-06 20:21:30,820 - INFO - Extracting data from page 5
2025-05-06 20:21:31,378 - INFO - Extracting data from page 21
2025-05-06 20:21:31,496 - INFO - Trying standard table extraction
2025-05-06 20:21:31,539 - INFO - Found funding amount column at index 6
2025-05-06 20:21:31,543 - INFO - Found headquarters column at index 7
2025-05-06 20:21:31,550 - INFO - Found 22 potential data rows
2025-05-06 20:21:31,592 - INFO - Extracted: HappyRobot - 4-Dec-24
2025-05-06 20:21:31,592 - INFO - Found funding amount: 15600000
2025-05-06 20:21:31,621 - INFO - Extracted: Offcall - 4-Dec-24
2025-05-06 20:21:31,621 - INFO - Found funding amount: 2000000
2025-05-06 20:21:31,651 - INFO - Extracted: Etestho - 4-Dec-24
2025-05-06 20:21:31,651 - INFO - Found funding amount: 0
2025-05-06 20:21:31,681 - INFO - Extracted: Antheia - 3-Dec-24
2025-05-06 20:21:31,681 - INFO - Found funding amount: 12000000
2025-05-06 20:21:31,713 - INFO - Extracted: Aerospike - 3-Dec-24
2025-05-06 20:21:31,713 - INFO - Found funding amount: 109000000
2025-05-06 20:21:31,742 - INFO - Extracted: Yurts Technologies Inc - 3-Dec-24
2025-05-06 20:21:31,742 - INFO - Found funding amount: 40000000
2025-05-06 20:21:31,770 - INFO - Extracted: The Tech Interactive - 3-Dec-24
2025-05-06 20:21:31,770 - INFO - Found funding amount: 0
2025-05-06 20:21:31,799 - INFO - Extracted: Maze Therapeutics - 3-Dec-24
2025-05-06 20:21:31,799 - INFO - Found funding amount: 115000000
2025-05-06 20:21:31,805 - INFO - Trying standard table extraction
2025-05-06 20:21:31,834 - INFO - Extracted: MakersHub - 3-Dec-24
2025-05-06 20:21:31,834 - INFO - Found funding amount: 7000000
2025-05-06 20:21:31,837 - INFO - Found funding amount column at index 6
2025-05-06 20:21:31,842 - INFO - Found headquarters column at index 7
2025-05-06 20:21:31,849 - INFO - Found 22 potential data rows
2025-05-06 20:21:31,868 - INFO - Extracted: Vooma - 2-Dec-24
2025-05-06 20:21:31,868 - INFO - Found funding amount: 13000000
2025-05-06 20:21:31,898 - INFO - Extracted: Qualified Digital - 21-Aug-24
2025-05-06 20:21:31,898 - INFO - Found funding amount: 0
2025-05-06 20:21:31,901 - INFO - Extracted: Lumin Digital - 2-Dec-24
2025-05-06 20:21:31,901 - INFO - Found funding amount: 160000000
2025-05-06 20:21:31,933 - INFO - Extracted: Skyfire Systems - 21-Aug-24
2025-05-06 20:21:31,933 - INFO - Found funding amount: 8500000
2025-05-06 20:21:31,936 - INFO - Extracted: Upwind Security - 2-Dec-24
2025-05-06 20:21:31,936 - INFO - Found funding amount: 100000000
2025-05-06 20:21:31,966 - INFO - Extracted: XII Medical - 21-Aug-24
2025-05-06 20:21:31,966 - INFO - Found funding amount: 45000000
2025-05-06 20:21:31,969 - INFO - Extracted: CSpeed - 2-Dec-24
2025-05-06 20:21:31,969 - INFO - Found funding amount: 28349982
2025-05-06 20:21:31,999 - INFO - Extracted: Piramidal - 21-Aug-24
2025-05-06 20:21:31,999 - INFO - Found funding amount: 6000000
2025-05-06 20:21:32,002 - INFO - Extracted: Cardless - 26-Nov-24
2025-05-06 20:21:32,002 - INFO - Found funding amount: 30000000
2025-05-06 20:21:32,031 - INFO - Extracted: Lettuce Financial - 21-Aug-24
2025-05-06 20:21:32,031 - INFO - Found funding amount: 15000000
2025-05-06 20:21:32,035 - INFO - Extracted: Sirona Medical - 26-Nov-24
2025-05-06 20:21:32,035 - INFO - Found funding amount: 42000000
2025-05-06 20:21:32,064 - INFO - Extracted: Enteligent - 20-Aug-24
2025-05-06 20:21:32,065 - INFO - Found funding amount: 6000000
2025-05-06 20:21:32,068 - INFO - Extracted: Wherobots Inc. - 26-Nov-24
2025-05-06 20:21:32,068 - INFO - Found funding amount: 21500000
2025-05-06 20:21:32,099 - INFO - Extracted: Starpath Robotics - 20-Aug-24
2025-05-06 20:21:32,099 - INFO - Found funding amount: 12000000
2025-05-06 20:21:32,103 - INFO - Extracted: Circleback - 26-Nov-24
2025-05-06 20:21:32,103 - INFO - Found funding amount: 2500000
2025-05-06 20:21:32,137 - INFO - Extracted: Kubiya.ai - 20-Aug-24
2025-05-06 20:21:32,137 - INFO - Found funding amount: 6000000
2025-05-06 20:21:32,143 - INFO - Extracted: Mindstate Design Labs - 26-Nov-24
2025-05-06 20:21:32,143 - INFO - Found funding amount: 12698587
2025-05-06 20:21:32,171 - INFO - Extracted: Marathon Fusion - 20-Aug-24
2025-05-06 20:21:32,171 - INFO - Found funding amount: 5900000
2025-05-06 20:21:32,176 - INFO - Extracted: Femtosense - 26-Nov-24
2025-05-06 20:21:32,176 - INFO - Found funding amount: 4258347
2025-05-06 20:21:32,206 - INFO - Extracted: Pangeam Inc. - 20-Aug-24
2025-05-06 20:21:32,206 - INFO - Found funding amount: 2750000
2025-05-06 20:21:32,210 - INFO - Extracted: Play.ht - 25-Nov-24
2025-05-06 20:21:32,210 - INFO - Found funding amount: 21000000
2025-05-06 20:21:32,210 - INFO - Successfully extracted 20 new companies from page 5
2025-05-06 20:21:32,210 - INFO - Attempting to navigate from page 5
2025-05-06 20:21:32,247 - INFO - Extracted: Eppo - 20-Aug-24
2025-05-06 20:21:32,247 - INFO - Found funding amount: 28000000
2025-05-06 20:21:32,279 - INFO - Extracted: Fortera - 20-Aug-24
2025-05-06 20:21:32,279 - INFO - Found funding amount: 85000000
2025-05-06 20:21:32,308 - INFO - Extracted: Exin Health - 19-Aug-24
2025-05-06 20:21:32,308 - INFO - Found funding amount: 0
2025-05-06 20:21:32,337 - INFO - Extracted: Fabric Cryptography - 19-Aug-24
2025-05-06 20:21:32,337 - INFO - Found funding amount: 33000000
2025-05-06 20:21:32,367 - INFO - Extracted: Ensemble AI - 15-Aug-24
2025-05-06 20:21:32,367 - INFO - Found funding amount: 3300000
2025-05-06 20:21:32,396 - INFO - Extracted: Era Finance - 15-Aug-24
2025-05-06 20:21:32,396 - INFO - Found funding amount: 9362409
2025-05-06 20:21:32,430 - INFO - Extracted: Kiteworks - 14-Aug-24
2025-05-06 20:21:32,430 - INFO - Found funding amount: 456000000
2025-05-06 20:21:32,458 - INFO - Extracted: nunu.ai - 14-Aug-24
2025-05-06 20:21:32,458 - INFO - Found funding amount: 2000000
2025-05-06 20:21:32,488 - INFO - Extracted: Moximed - 13-Aug-24
2025-05-06 20:21:32,488 - INFO - Found funding amount: 61000000
2025-05-06 20:21:32,518 - INFO - Extracted: Guidewheel - 13-Aug-24
2025-05-06 20:21:32,518 - INFO - Found funding amount: 31000000
2025-05-06 20:21:32,518 - INFO - Successfully extracted 20 new companies from page 21
2025-05-06 20:21:32,518 - INFO - Attempting to navigate from page 21
2025-05-06 20:21:38,081 - INFO - JavaScript verification confirmed page changed
2025-05-06 20:21:38,180 - INFO - JavaScript verification confirmed page changed
2025-05-06 20:21:38,454 - INFO - Extracting data from page 6
2025-05-06 20:21:39,400 - INFO - Extracting data from page 22
2025-05-06 20:21:39,461 - INFO - Trying standard table extraction
2025-05-06 20:21:39,490 - INFO - Found funding amount column at index 6
2025-05-06 20:21:39,493 - INFO - Found headquarters column at index 7
2025-05-06 20:21:39,500 - INFO - Found 22 potential data rows
2025-05-06 20:21:39,542 - INFO - Extracted: Tempest DX - 25-Nov-24
2025-05-06 20:21:39,542 - INFO - Found funding amount: 3200000
2025-05-06 20:21:39,572 - INFO - Extracted: Trustero - 21-Nov-24
2025-05-06 20:21:39,572 - INFO - Found funding amount: 10350000
2025-05-06 20:21:39,602 - INFO - Extracted: Epic Cleantec - 21-Nov-24
2025-05-06 20:21:39,602 - INFO - Found funding amount: 12000000
2025-05-06 20:21:39,636 - INFO - Extracted: VISO TRUST - 21-Nov-24
2025-05-06 20:21:39,636 - INFO - Found funding amount: 7000000
2025-05-06 20:21:39,667 - INFO - Extracted: Aviz Networks - 21-Nov-24
2025-05-06 20:21:39,667 - INFO - Found funding amount: 17000000
2025-05-06 20:21:39,697 - INFO - Extracted: Arcade - 21-Nov-24
2025-05-06 20:21:39,697 - INFO - Found funding amount: 14000000
2025-05-06 20:21:39,727 - INFO - Extracted: Anomalo - 21-Nov-24
2025-05-06 20:21:39,727 - INFO - Found funding amount: 10000000
2025-05-06 20:21:39,760 - INFO - Extracted: Teleo - 21-Nov-24
2025-05-06 20:21:39,760 - INFO - Found funding amount: 7000000
2025-05-06 20:21:39,799 - INFO - Extracted: Wordware - 21-Nov-24
2025-05-06 20:21:39,799 - INFO - Found funding amount: 30000000
2025-05-06 20:21:39,828 - INFO - Extracted: Aira Technologies - 20-Nov-24
2025-05-06 20:21:39,828 - INFO - Found funding amount: 14500000
2025-05-06 20:21:39,858 - INFO - Extracted: Generate Capital - 20-Nov-24
2025-05-06 20:21:39,858 - INFO - Found funding amount: 1200000000
2025-05-06 20:21:39,888 - INFO - Extracted: Rox - 20-Nov-24
2025-05-06 20:21:39,888 - INFO - Found funding amount: 50000000
2025-05-06 20:21:39,919 - INFO - Extracted: Aethero - 20-Nov-24
2025-05-06 20:21:39,919 - INFO - Found funding amount: 0
2025-05-06 20:21:39,948 - INFO - Extracted: Federato - 20-Nov-24
2025-05-06 20:21:39,948 - INFO - Found funding amount: 40000000
2025-05-06 20:21:39,948 - INFO - Trying standard table extraction
2025-05-06 20:21:39,978 - INFO - Found funding amount column at index 6
2025-05-06 20:21:39,981 - INFO - Extracted: Distru - 20-Nov-24
2025-05-06 20:21:39,981 - INFO - Found funding amount: 6000000
2025-05-06 20:21:39,981 - INFO - Found headquarters column at index 7
2025-05-06 20:21:39,989 - INFO - Found 22 potential data rows
2025-05-06 20:21:40,014 - INFO - Extracted: THEO AI - 20-Nov-24
2025-05-06 20:21:40,014 - INFO - Found funding amount: 2200000
2025-05-06 20:21:40,035 - INFO - Extracted: Cision Vision - 13-Aug-24
2025-05-06 20:21:40,035 - INFO - Found funding amount: 22300000
2025-05-06 20:21:40,045 - INFO - Extracted: Shinami - 20-Nov-24
2025-05-06 20:21:40,045 - INFO - Found funding amount: 5650000
2025-05-06 20:21:40,067 - INFO - Extracted: PayZen - 13-Aug-24
2025-05-06 20:21:40,067 - INFO - Found funding amount: 200000000
2025-05-06 20:21:40,078 - INFO - Extracted: PostSig - 20-Nov-24
2025-05-06 20:21:40,078 - INFO - Found funding amount: 1200000
2025-05-06 20:21:40,100 - INFO - Extracted: Voltera - 13-Aug-24
2025-05-06 20:21:40,100 - INFO - Found funding amount: 100000000
2025-05-06 20:21:40,111 - INFO - Extracted: Flywheel Dynamix - 20-Nov-24
2025-05-06 20:21:40,111 - INFO - Found funding amount: 7000000
2025-05-06 20:21:40,134 - INFO - Extracted: HeatMap, Inc - 13-Aug-24
2025-05-06 20:21:40,134 - INFO - Found funding amount: 4000000
2025-05-06 20:21:40,145 - INFO - Extracted: New Lantern - 20-Nov-24
2025-05-06 20:21:40,145 - INFO - Found funding amount: 19000000
2025-05-06 20:21:40,145 - INFO - Successfully extracted 20 new companies from page 6
2025-05-06 20:21:40,145 - INFO - Attempting to navigate from page 6
2025-05-06 20:21:40,172 - INFO - Extracted: Cosine - 12-Aug-24
2025-05-06 20:21:40,172 - INFO - Found funding amount: 2500000
2025-05-06 20:21:40,209 - INFO - Extracted: DevRev - 9-Aug-24
2025-05-06 20:21:40,209 - INFO - Found funding amount: 100825173
2025-05-06 20:21:40,243 - INFO - Extracted: Double - 9-Aug-24
2025-05-06 20:21:40,243 - INFO - Found funding amount: 500000
2025-05-06 20:21:40,272 - INFO - Extracted: Brisk Teaching - 9-Aug-24
2025-05-06 20:21:40,272 - INFO - Found funding amount: 6899995
2025-05-06 20:21:40,304 - INFO - Extracted: Feeling Great - 8-Aug-24
2025-05-06 20:21:40,304 - INFO - Found funding amount: 8000000
2025-05-06 20:21:40,339 - INFO - Extracted: Reforged Labs - 8-Aug-24
2025-05-06 20:21:40,339 - INFO - Found funding amount: 3900000
2025-05-06 20:21:40,371 - INFO - Extracted: Opal - 8-Aug-24
2025-05-06 20:21:40,371 - INFO - Found funding amount: 60000000
2025-05-06 20:21:40,401 - INFO - Extracted: Switchback Systems - 8-Aug-24
2025-05-06 20:21:40,401 - INFO - Found funding amount: 10088281
2025-05-06 20:21:40,433 - INFO - Extracted: Bardeen - 8-Aug-24
2025-05-06 20:21:40,433 - INFO - Found funding amount: 3000000
2025-05-06 20:21:40,462 - INFO - Extracted: Bryte - 8-Aug-24
2025-05-06 20:21:40,462 - INFO - Found funding amount: 1000000
2025-05-06 20:21:40,500 - INFO - Extracted: Ionetix - 7-Aug-24
2025-05-06 20:21:40,500 - INFO - Found funding amount: 0
2025-05-06 20:21:40,530 - INFO - Extracted: Anjuna - 7-Aug-24
2025-05-06 20:21:40,530 - INFO - Found funding amount: 25000000
2025-05-06 20:21:40,559 - INFO - Extracted: Flow - 7-Aug-24
2025-05-06 20:21:40,560 - INFO - Found funding amount: 6000000
2025-05-06 20:21:40,588 - INFO - Extracted: Napkin AI - 7-Aug-24
2025-05-06 20:21:40,588 - INFO - Found funding amount: 10000000
2025-05-06 20:21:40,618 - INFO - Extracted: Datch - 7-Aug-24
2025-05-06 20:21:40,618 - INFO - Found funding amount: 15000000
2025-05-06 20:21:40,649 - INFO - Extracted: Greptime - 7-Aug-24
2025-05-06 20:21:40,649 - INFO - Found funding amount: 0
2025-05-06 20:21:40,649 - INFO - Successfully extracted 20 new companies from page 22
2025-05-06 20:21:40,649 - INFO - Attempting to navigate from page 22
2025-05-06 20:21:46,053 - INFO - JavaScript verification confirmed page changed
2025-05-06 20:21:46,079 - INFO - JavaScript verification confirmed page changed
2025-05-06 20:21:46,646 - INFO - Extracting data from page 23
2025-05-06 20:21:47,282 - INFO - Extracting data from page 7
2025-05-06 20:21:47,484 - INFO - Trying standard table extraction
2025-05-06 20:21:47,552 - INFO - Found funding amount column at index 6
2025-05-06 20:21:47,556 - INFO - Found headquarters column at index 7
2025-05-06 20:21:47,565 - INFO - Found 22 potential data rows
2025-05-06 20:21:47,610 - INFO - Extracted: Sundial - 6-Aug-24
2025-05-06 20:21:47,610 - INFO - Found funding amount: 23348218
2025-05-06 20:21:47,642 - INFO - Extracted: Mechanical Orchard - 6-Aug-24
2025-05-06 20:21:47,642 - INFO - Found funding amount: 50000000
2025-05-06 20:21:47,672 - INFO - Extracted: MentalHappy - 6-Aug-24
2025-05-06 20:21:47,673 - INFO - Found funding amount: 500000
2025-05-06 20:21:47,702 - INFO - Extracted: Abnormal Security - 6-Aug-24
2025-05-06 20:21:47,702 - INFO - Found funding amount: 250000000
2025-05-06 20:21:47,732 - INFO - Extracted: Climatize - 6-Aug-24
2025-05-06 20:21:47,732 - INFO - Found funding amount: 1750000
2025-05-06 20:21:47,761 - INFO - Extracted: Shinobi Therapeutics - 6-Aug-24
2025-05-06 20:21:47,761 - INFO - Found funding amount: 68000000
2025-05-06 20:21:47,792 - INFO - Extracted: Curio Research - 6-Aug-24
2025-05-06 20:21:47,792 - INFO - Found funding amount: 5700000
2025-05-06 20:21:47,822 - INFO - Extracted: Muon Space - 5-Aug-24
2025-05-06 20:21:47,822 - INFO - Found funding amount: 56703744
2025-05-06 20:21:47,860 - INFO - Extracted: Groq - 5-Aug-24
2025-05-06 20:21:47,860 - INFO - Found funding amount: 640000000
2025-05-06 20:21:47,892 - INFO - Extracted: AutoComplete - 5-Aug-24
2025-05-06 20:21:47,892 - INFO - Found funding amount: 0
2025-05-06 20:21:47,921 - INFO - Extracted: Solarcycle - 1-Aug-24
2025-05-06 20:21:47,922 - INFO - Found funding amount: 31629998
2025-05-06 20:21:47,951 - INFO - Extracted: Hedra - 1-Aug-24
2025-05-06 20:21:47,951 - INFO - Found funding amount: 10000000
2025-05-06 20:21:47,979 - INFO - Extracted: Skillfully - 1-Aug-24
2025-05-06 20:21:47,979 - INFO - Found funding amount: 2500000
2025-05-06 20:21:48,011 - INFO - Extracted: Global Predictions - 1-Aug-24
2025-05-06 20:21:48,012 - INFO - Found funding amount: 2000000
2025-05-06 20:21:48,043 - INFO - Extracted: Tezi - 31-Jul-24
2025-05-06 20:21:48,044 - INFO - Found funding amount: 9000000
2025-05-06 20:21:48,074 - INFO - Extracted: Thumbtack - 31-Jul-24
2025-05-06 20:21:48,074 - INFO - Found funding amount: 75000000
2025-05-06 20:21:48,104 - INFO - Extracted: Swords to Plowshares - 31-Jul-24
2025-05-06 20:21:48,104 - INFO - Found funding amount: 0
2025-05-06 20:21:48,133 - INFO - Extracted: Ema - 31-Jul-24
2025-05-06 20:21:48,133 - INFO - Found funding amount: 36000000
2025-05-06 20:21:48,164 - INFO - Extracted: Endari - 31-Jul-24
2025-05-06 20:21:48,164 - INFO - Found funding amount: 4000000
2025-05-06 20:21:48,195 - INFO - Extracted: Streamkap - 31-Jul-24
2025-05-06 20:21:48,195 - INFO - Found funding amount: 3300000
2025-05-06 20:21:48,195 - INFO - Successfully extracted 20 new companies from page 23
2025-05-06 20:21:48,195 - INFO - Attempting to navigate from page 23
2025-05-06 20:21:48,203 - INFO - Trying standard table extraction
2025-05-06 20:21:48,234 - INFO - Found funding amount column at index 6
2025-05-06 20:21:48,238 - INFO - Found headquarters column at index 7
2025-05-06 20:21:48,244 - INFO - Found 22 potential data rows
2025-05-06 20:21:48,285 - INFO - Extracted: Certinia - 19-Nov-24
2025-05-06 20:21:48,285 - INFO - Found funding amount: 0
2025-05-06 20:21:48,315 - INFO - Extracted: Kong - 19-Nov-24
2025-05-06 20:21:48,315 - INFO - Found funding amount: 175000000
2025-05-06 20:21:48,345 - INFO - Extracted: Kintsugi AI - 19-Nov-24
2025-05-06 20:21:48,345 - INFO - Found funding amount: 4000000
2025-05-06 20:21:48,375 - INFO - Extracted: StoreCash - 19-Nov-24
2025-05-06 20:21:48,375 - INFO - Found funding amount: 3700000
2025-05-06 20:21:48,406 - INFO - Extracted: Spectro Cloud - 19-Nov-24
2025-05-06 20:21:48,406 - INFO - Found funding amount: 75000000
2025-05-06 20:21:48,436 - INFO - Extracted: BrightAI - 19-Nov-24
2025-05-06 20:21:48,436 - INFO - Found funding amount: 15000000
2025-05-06 20:21:48,465 - INFO - Extracted: Open Source Wellness - 19-Nov-24
2025-05-06 20:21:48,465 - INFO - Found funding amount: 0
2025-05-06 20:21:48,496 - INFO - Extracted: Neo4j - 19-Nov-24
2025-05-06 20:21:48,496 - INFO - Found funding amount: 50000000
2025-05-06 20:21:48,526 - INFO - Extracted: Rain AI - 19-Nov-24
2025-05-06 20:21:48,527 - INFO - Found funding amount: 150000000
2025-05-06 20:21:48,556 - INFO - Extracted: JustPaid - 19-Nov-24
2025-05-06 20:21:48,556 - INFO - Found funding amount: 3500000
2025-05-06 20:21:48,585 - INFO - Extracted: Cresta - 19-Nov-24
2025-05-06 20:21:48,585 - INFO - Found funding amount: 125000000
2025-05-06 20:21:48,614 - INFO - Extracted: Enfabrica - 19-Nov-24
2025-05-06 20:21:48,614 - INFO - Found funding amount: 115000000
2025-05-06 20:21:48,644 - INFO - Extracted: ANAFLASH - 19-Nov-24
2025-05-06 20:21:48,644 - INFO - Found funding amount: 0
2025-05-06 20:21:48,673 - INFO - Extracted: Open Philanthropy - 18-Nov-24
2025-05-06 20:21:48,673 - INFO - Found funding amount: 0
2025-05-06 20:21:48,703 - INFO - Extracted: California University of Science and Medicine - 18-Nov-24
2025-05-06 20:21:48,703 - INFO - Found funding amount: 0
2025-05-06 20:21:48,732 - INFO - Extracted: Zenflow - 18-Nov-24
2025-05-06 20:21:48,732 - INFO - Found funding amount: 24000000
2025-05-06 20:21:48,762 - INFO - Extracted: Radiant - 14-Nov-24
2025-05-06 20:21:48,762 - INFO - Found funding amount: 100000000
2025-05-06 20:21:48,794 - INFO - Extracted: Athina AI - 14-Nov-24
2025-05-06 20:21:48,794 - INFO - Found funding amount: 250000000
2025-05-06 20:21:48,822 - INFO - Extracted: Team-GPT - 14-Nov-24
2025-05-06 20:21:48,822 - INFO - Found funding amount: 4500000
2025-05-06 20:21:48,851 - INFO - Extracted: Falkonry - 14-Nov-24
2025-05-06 20:21:48,851 - INFO - Found funding amount: 3387133
2025-05-06 20:21:48,851 - INFO - Successfully extracted 20 new companies from page 7
2025-05-06 20:21:48,851 - INFO - Attempting to navigate from page 7
2025-05-06 20:21:53,772 - INFO - JavaScript verification confirmed page changed
2025-05-06 20:21:54,326 - INFO - JavaScript verification confirmed page changed
2025-05-06 20:21:54,745 - INFO - Extracting data from page 24
2025-05-06 20:21:54,745 - INFO - Extracting data from page 8
2025-05-06 20:21:55,461 - INFO - Trying standard table extraction
2025-05-06 20:21:55,530 - INFO - Found funding amount column at index 6
2025-05-06 20:21:55,534 - INFO - Found headquarters column at index 7
2025-05-06 20:21:55,544 - INFO - Found 22 potential data rows
2025-05-06 20:21:55,587 - INFO - Extracted: Rhombus Systems - 30-Jul-24
2025-05-06 20:21:55,587 - INFO - Found funding amount: 45000000
2025-05-06 20:21:55,616 - INFO - Extracted: Credo AI - 30-Jul-24
2025-05-06 20:21:55,616 - INFO - Found funding amount: 21000000
2025-05-06 20:21:55,647 - INFO - Extracted: Montara Therapeutics - 30-Jul-24
2025-05-06 20:21:55,647 - INFO - Found funding amount: 8000000
2025-05-06 20:21:55,676 - INFO - Extracted: Haus - 30-Jul-24
2025-05-06 20:21:55,676 - INFO - Found funding amount: 20000000
2025-05-06 20:21:55,708 - INFO - Extracted: Sybill AI - 30-Jul-24
2025-05-06 20:21:55,708 - INFO - Found funding amount: 11000000
2025-05-06 20:21:55,742 - INFO - Extracted: Aviato - 30-Jul-24
2025-05-06 20:21:55,742 - INFO - Found funding amount: 0
2025-05-06 20:21:55,772 - INFO - Extracted: LTZ Therapeutics - 30-Jul-24
2025-05-06 20:21:55,772 - INFO - Found funding amount: 20000000
2025-05-06 20:21:55,802 - INFO - Extracted: unspun - 29-Jul-24
2025-05-06 20:21:55,802 - INFO - Found funding amount: 32000000
2025-05-06 20:21:55,832 - INFO - Extracted: OnSight - 29-Jul-24
2025-05-06 20:21:55,832 - INFO - Found funding amount: 0
2025-05-06 20:21:55,862 - INFO - Extracted: Rillet - 29-Jul-24
2025-05-06 20:21:55,862 - INFO - Found funding amount: 13500000
2025-05-06 20:21:55,893 - INFO - Extracted: ReviR Therapeutics - 26-Jul-24
2025-05-06 20:21:55,893 - INFO - Found funding amount: 30000000
2025-05-06 20:21:55,923 - INFO - Extracted: Cowbell - 26-Jul-24
2025-05-06 20:21:55,923 - INFO - Found funding amount: 60000000
2025-05-06 20:21:55,943 - INFO - Trying standard table extraction
2025-05-06 20:21:55,954 - INFO - Extracted: Imperative Care - 25-Jul-24
2025-05-06 20:21:55,954 - INFO - Found funding amount: 150000000
2025-05-06 20:21:55,973 - INFO - Found funding amount column at index 6
2025-05-06 20:21:55,977 - INFO - Found headquarters column at index 7
2025-05-06 20:21:55,985 - INFO - Found 22 potential data rows
2025-05-06 20:21:55,989 - INFO - Extracted: IntelePeer - 25-Jul-24
2025-05-06 20:21:55,989 - INFO - Found funding amount: 140000000
2025-05-06 20:21:56,023 - INFO - Extracted: EtherWhere - 25-Jul-24
2025-05-06 20:21:56,023 - INFO - Found funding amount: 16300000
2025-05-06 20:21:56,034 - INFO - Extracted: Leland - 13-Nov-24
2025-05-06 20:21:56,034 - INFO - Found funding amount: 12000000
2025-05-06 20:21:56,056 - INFO - Extracted: InnerPlant - 25-Jul-24
2025-05-06 20:21:56,056 - INFO - Found funding amount: 30000000
2025-05-06 20:21:56,068 - INFO - Extracted: TRex Bio - 13-Nov-24
2025-05-06 20:21:56,068 - INFO - Found funding amount: 84000000
2025-05-06 20:21:56,090 - INFO - Extracted: Vanta - 24-Jul-24
2025-05-06 20:21:56,090 - INFO - Found funding amount: 150000000
2025-05-06 20:21:56,101 - INFO - Extracted: Medeloop - 13-Nov-24
2025-05-06 20:21:56,101 - INFO - Found funding amount: 15500000
2025-05-06 20:21:56,126 - INFO - Extracted: Recurrent Energy - 24-Jul-24
2025-05-06 20:21:56,126 - INFO - Found funding amount: 50000000
2025-05-06 20:21:56,139 - INFO - Extracted: OneSkin - 13-Nov-24
2025-05-06 20:21:56,139 - INFO - Found funding amount: 6999929
2025-05-06 20:21:56,161 - INFO - Extracted: Dazz - 24-Jul-24
2025-05-06 20:21:56,161 - INFO - Found funding amount: 50000000
2025-05-06 20:21:56,173 - INFO - Extracted: The WiTT Group - 13-Nov-24
2025-05-06 20:21:56,173 - INFO - Found funding amount: 0
2025-05-06 20:21:56,197 - INFO - Extracted: Sound Health - 24-Jul-24
2025-05-06 20:21:56,197 - INFO - Found funding amount: 7000000
2025-05-06 20:21:56,197 - INFO - Successfully extracted 20 new companies from page 24
2025-05-06 20:21:56,197 - INFO - Attempting to navigate from page 24
2025-05-06 20:21:56,209 - INFO - Extracted: Riot - 13-Nov-24
2025-05-06 20:21:56,209 - INFO - Found funding amount: 27597597
2025-05-06 20:21:56,242 - INFO - Extracted: Writer - 12-Nov-24
2025-05-06 20:21:56,242 - INFO - Found funding amount: 200000000
2025-05-06 20:21:56,272 - INFO - Extracted: Trace Neuroscience - 12-Nov-24
2025-05-06 20:21:56,272 - INFO - Found funding amount: 101000000
2025-05-06 20:21:56,302 - INFO - Extracted: Fastino - 12-Nov-24
2025-05-06 20:21:56,302 - INFO - Found funding amount: 7000000
2025-05-06 20:21:56,337 - INFO - Extracted: Shiru - 12-Nov-24
2025-05-06 20:21:56,337 - INFO - Found funding amount: 16000000
2025-05-06 20:21:56,367 - INFO - Extracted: Outbuild - 12-Nov-24
2025-05-06 20:21:56,367 - INFO - Found funding amount: 11000000
2025-05-06 20:21:56,397 - INFO - Extracted: Anthrogen - 12-Nov-24
2025-05-06 20:21:56,398 - INFO - Found funding amount: 4000000
2025-05-06 20:21:56,428 - INFO - Extracted: Connecty AI - 11-Nov-24
2025-05-06 20:21:56,428 - INFO - Found funding amount: 1800000
2025-05-06 20:21:56,457 - INFO - Extracted: AirGarage - 8-Nov-24
2025-05-06 20:21:56,457 - INFO - Found funding amount: 11428497
2025-05-06 20:21:56,487 - INFO - Extracted: Fractional - 7-Nov-24
2025-05-06 20:21:56,487 - INFO - Found funding amount: 15000000
2025-05-06 20:21:56,516 - INFO - Extracted: Orbital Sidekick - 7-Nov-24
2025-05-06 20:21:56,516 - INFO - Found funding amount: 8626740
2025-05-06 20:21:56,548 - INFO - Extracted: Corgea - 6-Nov-24
2025-05-06 20:21:56,548 - INFO - Found funding amount: 2600000
2025-05-06 20:21:56,576 - INFO - Extracted: OptraScan - 6-Nov-24
2025-05-06 20:21:56,576 - INFO - Found funding amount: 30000000
2025-05-06 20:21:56,613 - INFO - Extracted: Workhelix - 5-Nov-24
2025-05-06 20:21:56,613 - INFO - Found funding amount: 15324979
2025-05-06 20:21:56,645 - INFO - Extracted: PrognomiQ - 5-Nov-24
2025-05-06 20:21:56,645 - INFO - Found funding amount: 34000000
2025-05-06 20:21:56,645 - INFO - Successfully extracted 20 new companies from page 8
2025-05-06 20:21:56,645 - INFO - Attempting to navigate from page 8
2025-05-06 20:22:02,170 - INFO - JavaScript verification confirmed page changed
2025-05-06 20:22:02,173 - INFO - JavaScript verification confirmed page changed
2025-05-06 20:22:02,692 - INFO - Extracting data from page 25
2025-05-06 20:22:03,136 - INFO - Extracting data from page 9
2025-05-06 20:22:03,313 - INFO - Trying standard table extraction
2025-05-06 20:22:03,363 - INFO - Found funding amount column at index 6
2025-05-06 20:22:03,368 - INFO - Found headquarters column at index 7
2025-05-06 20:22:03,376 - INFO - Found 22 potential data rows
2025-05-06 20:22:03,420 - INFO - Extracted: Hume Supernatural - 24-Jul-24
2025-05-06 20:22:03,420 - INFO - Found funding amount: 200000
2025-05-06 20:22:03,449 - INFO - Extracted: Blumen Systems - 24-Jul-24
2025-05-06 20:22:03,449 - INFO - Found funding amount: 6385989
2025-05-06 20:22:03,478 - INFO - Extracted: Lakera AI - 24-Jul-24
2025-05-06 20:22:03,478 - INFO - Found funding amount: 20000000
2025-05-06 20:22:03,509 - INFO - Extracted: Astranis - 24-Jul-24
2025-05-06 20:22:03,509 - INFO - Found funding amount: 200000000
2025-05-06 20:22:03,538 - INFO - Extracted: Joy - 24-Jul-24
2025-05-06 20:22:03,538 - INFO - Found funding amount: 10000000
2025-05-06 20:22:03,568 - INFO - Extracted: Caldera - 24-Jul-24
2025-05-06 20:22:03,568 - INFO - Found funding amount: 15000000
2025-05-06 20:22:03,597 - INFO - Extracted: IncellDx - 23-Jul-24
2025-05-06 20:22:03,597 - INFO - Found funding amount: 500000
2025-05-06 20:22:03,600 - INFO - Trying standard table extraction
2025-05-06 20:22:03,629 - INFO - Extracted: Powder - 23-Jul-24
2025-05-06 20:22:03,630 - INFO - Found funding amount: 5000000
2025-05-06 20:22:03,629 - INFO - Found funding amount column at index 6
2025-05-06 20:22:03,633 - INFO - Found headquarters column at index 7
2025-05-06 20:22:03,642 - INFO - Found 22 potential data rows
2025-05-06 20:22:03,664 - INFO - Extracted: Harvey - 23-Jul-24
2025-05-06 20:22:03,664 - INFO - Found funding amount: 100000000
2025-05-06 20:22:03,689 - INFO - Extracted: Carvis.AI - 4-Nov-24
2025-05-06 20:22:03,689 - INFO - Found funding amount: 1200000
2025-05-06 20:22:03,697 - INFO - Extracted: Placer.ai - 23-Jul-24
2025-05-06 20:22:03,697 - INFO - Found funding amount: 54500187
2025-05-06 20:22:03,730 - INFO - Extracted: Inquis Medical - 4-Nov-24
2025-05-06 20:22:03,730 - INFO - Found funding amount: 40000000
2025-05-06 20:22:03,737 - INFO - Extracted: Momentum - 23-Jul-24
2025-05-06 20:22:03,737 - INFO - Found funding amount: 13000000
2025-05-06 20:22:03,763 - INFO - Extracted: Augment Code - 4-Nov-24
2025-05-06 20:22:03,763 - INFO - Found funding amount: 227000000
2025-05-06 20:22:03,770 - INFO - Extracted: SirenOpt - 23-Jul-24
2025-05-06 20:22:03,770 - INFO - Found funding amount: 6600000
2025-05-06 20:22:03,798 - INFO - Extracted: Primergy Solar - 4-Nov-24
2025-05-06 20:22:03,798 - INFO - Found funding amount: 225000000
2025-05-06 20:22:03,805 - INFO - Extracted: Uplimit - 23-Jul-24
2025-05-06 20:22:03,805 - INFO - Found funding amount: 11000000
2025-05-06 20:22:03,830 - INFO - Extracted: Advex AI - 4-Nov-24
2025-05-06 20:22:03,831 - INFO - Found funding amount: 3500000
2025-05-06 20:22:03,838 - INFO - Extracted: Mytra - 23-Jul-24
2025-05-06 20:22:03,838 - INFO - Found funding amount: 50000000
2025-05-06 20:22:03,864 - INFO - Extracted: The Nursing Beat - 4-Nov-24
2025-05-06 20:22:03,864 - INFO - Found funding amount: 0
2025-05-06 20:22:03,871 - INFO - Extracted: Level AI - 23-Jul-24
2025-05-06 20:22:03,871 - INFO - Found funding amount: 39400000
2025-05-06 20:22:03,897 - INFO - Extracted: Cornerstone AI - 31-Oct-24
2025-05-06 20:22:03,897 - INFO - Found funding amount: 5000000
2025-05-06 20:22:03,904 - INFO - Extracted: Alixia - 23-Jul-24
2025-05-06 20:22:03,904 - INFO - Found funding amount: 1825445
2025-05-06 20:22:03,930 - INFO - Extracted: Spot AI - 31-Oct-24
2025-05-06 20:22:03,930 - INFO - Found funding amount: 31000000
2025-05-06 20:22:03,939 - INFO - Extracted: Elly Analytics, Inc. - 22-Jul-24
2025-05-06 20:22:03,939 - INFO - Found funding amount: 1000000
2025-05-06 20:22:03,965 - INFO - Extracted: Buddy.ai - 31-Oct-24
2025-05-06 20:22:03,966 - INFO - Found funding amount: 10200000
2025-05-06 20:22:03,973 - INFO - Extracted: Noded Ai - 22-Jul-24
2025-05-06 20:22:03,973 - INFO - Found funding amount: 4000000
2025-05-06 20:22:03,998 - INFO - Extracted: Evommune - 31-Oct-24
2025-05-06 20:22:03,998 - INFO - Found funding amount: 115000000
2025-05-06 20:22:04,005 - INFO - Extracted: EdgeRunner AI - 18-Jul-24
2025-05-06 20:22:04,005 - INFO - Found funding amount: 5500000
2025-05-06 20:22:04,030 - INFO - Extracted: Bugcrowd - 31-Oct-24
2025-05-06 20:22:04,030 - INFO - Found funding amount: 50000000
2025-05-06 20:22:04,037 - INFO - Extracted: Arrcus - 18-Jul-24
2025-05-06 20:22:04,037 - INFO - Found funding amount: 30000000
2025-05-06 20:22:04,037 - INFO - Successfully extracted 20 new companies from page 25
2025-05-06 20:22:04,037 - INFO - Attempting to navigate from page 25
2025-05-06 20:22:04,069 - INFO - Extracted: Decart - 31-Oct-24
2025-05-06 20:22:04,069 - INFO - Found funding amount: 21000000
2025-05-06 20:22:04,118 - INFO - Extracted: Birch Creek Development - 31-Oct-24
2025-05-06 20:22:04,118 - INFO - Found funding amount: 150000000
2025-05-06 20:22:04,151 - INFO - Extracted: Shadowbox - 31-Oct-24
2025-05-06 20:22:04,151 - INFO - Found funding amount: 2000000
2025-05-06 20:22:04,185 - INFO - Extracted: Delos Insurance - 31-Oct-24
2025-05-06 20:22:04,185 - INFO - Found funding amount: 9000000
2025-05-06 20:22:04,216 - INFO - Extracted: Bifrost AI - 30-Oct-24
2025-05-06 20:22:04,216 - INFO - Found funding amount: 8000000
2025-05-06 20:22:04,245 - INFO - Extracted: Third Wave Automation - 30-Oct-24
2025-05-06 20:22:04,245 - INFO - Found funding amount: 27000000
2025-05-06 20:22:04,275 - INFO - Extracted: Sapien - 29-Oct-24
2025-05-06 20:22:04,275 - INFO - Found funding amount: 8700000
2025-05-06 20:22:04,305 - INFO - Extracted: HomeBoost - 29-Oct-24
2025-05-06 20:22:04,305 - INFO - Found funding amount: 4000000
2025-05-06 20:22:04,333 - INFO - Extracted: LifeSaver Mobile - 29-Oct-24
2025-05-06 20:22:04,333 - INFO - Found funding amount: 0
2025-05-06 20:22:04,333 - INFO - Successfully extracted 20 new companies from page 9
2025-05-06 20:22:04,333 - INFO - Attempting to navigate from page 9
2025-05-06 20:22:09,899 - INFO - JavaScript verification confirmed page changed
2025-05-06 20:22:10,401 - INFO - JavaScript verification confirmed page changed
2025-05-06 20:22:10,443 - INFO - Extracting data from page 26
2025-05-06 20:22:11,181 - INFO - Extracting data from page 10
2025-05-06 20:22:11,278 - INFO - Trying standard table extraction
2025-05-06 20:22:11,307 - INFO - Found funding amount column at index 6
2025-05-06 20:22:11,310 - INFO - Found headquarters column at index 7
2025-05-06 20:22:11,318 - INFO - Found 22 potential data rows
2025-05-06 20:22:11,378 - INFO - Extracted: Juno - 18-Jul-24
2025-05-06 20:22:11,378 - INFO - Found funding amount: 8500000
2025-05-06 20:22:11,414 - INFO - Extracted: d.light - 17-Jul-24
2025-05-06 20:22:11,415 - INFO - Found funding amount: 176000000
2025-05-06 20:22:11,488 - INFO - Extracted: Human Interest - 17-Jul-24
2025-05-06 20:22:11,488 - INFO - Found funding amount: 242000000
2025-05-06 20:22:11,536 - INFO - Extracted: Caltech - 17-Jul-24
2025-05-06 20:22:11,536 - INFO - Found funding amount: 10000000
2025-05-06 20:22:11,586 - INFO - Extracted: NGM Biopharmaceuticals - 17-Jul-24
2025-05-06 20:22:11,586 - INFO - Found funding amount: 122000000
2025-05-06 20:22:11,632 - INFO - Extracted: aiXplain - 17-Jul-24
2025-05-06 20:22:11,632 - INFO - Found funding amount: 6500000
2025-05-06 20:22:11,684 - INFO - Extracted: Ohlone College - 17-Jul-24
2025-05-06 20:22:11,684 - INFO - Found funding amount: 50000
2025-05-06 20:22:11,723 - INFO - Extracted: Slope - 17-Jul-24
2025-05-06 20:22:11,723 - INFO - Found funding amount: 50000000
2025-05-06 20:22:11,762 - INFO - Extracted: Matera - 17-Jul-24
2025-05-06 20:22:11,762 - INFO - Found funding amount: 100000000
2025-05-06 20:22:11,801 - INFO - Extracted: Solideon - 17-Jul-24
2025-05-06 20:22:11,801 - INFO - Found funding amount: 5000000
2025-05-06 20:22:11,831 - INFO - Extracted: Vectara - 16-Jul-24
2025-05-06 20:22:11,831 - INFO - Found funding amount: 25000000
2025-05-06 20:22:11,918 - INFO - Extracted: Tekion - 16-Jul-24
2025-05-06 20:22:11,918 - INFO - Found funding amount: 200000000
2025-05-06 20:22:11,957 - INFO - Extracted: The San Francisco Compute Company - 16-Jul-24
2025-05-06 20:22:11,957 - INFO - Found funding amount: 12000000
2025-05-06 20:22:11,998 - INFO - Extracted: DreamBig Semiconductor - 16-Jul-24
2025-05-06 20:22:11,998 - INFO - Found funding amount: 75000000
2025-05-06 20:22:12,033 - INFO - Extracted: Echo Chunk AI - 16-Jul-24
2025-05-06 20:22:12,034 - INFO - Found funding amount: 1400000
2025-05-06 20:22:12,089 - INFO - Extracted: Botrista Technology - 16-Jul-24
2025-05-06 20:22:12,089 - INFO - Found funding amount: 65000000
2025-05-06 20:22:12,110 - INFO - Trying standard table extraction
2025-05-06 20:22:12,131 - INFO - Extracted: Dusk - 16-Jul-24
2025-05-06 20:22:12,132 - INFO - Found funding amount: 8000000
2025-05-06 20:22:12,167 - INFO - Found funding amount column at index 6
2025-05-06 20:22:12,172 - INFO - Found headquarters column at index 7
2025-05-06 20:22:12,180 - INFO - Extracted: Sphere Technology Holdings - 15-Jul-24
2025-05-06 20:22:12,180 - INFO - Found funding amount: 9511799
2025-05-06 20:22:12,180 - INFO - Found 22 potential data rows
2025-05-06 20:22:12,216 - INFO - Extracted: Halo Industries - 15-Jul-24
2025-05-06 20:22:12,216 - INFO - Found funding amount: 80000000
2025-05-06 20:22:12,242 - INFO - Extracted: CredibleMind - 29-Oct-24
2025-05-06 20:22:12,242 - INFO - Found funding amount: 7500000
2025-05-06 20:22:12,263 - INFO - Extracted: NeuSpera Medical - 15-Jul-24
2025-05-06 20:22:12,263 - INFO - Found funding amount: 23000000
2025-05-06 20:22:12,263 - INFO - Successfully extracted 20 new companies from page 26
2025-05-06 20:22:12,263 - INFO - Attempting to navigate from page 26
2025-05-06 20:22:12,302 - INFO - Extracted: Opus Guard - 29-Oct-24
2025-05-06 20:22:12,303 - INFO - Found funding amount: 0
2025-05-06 20:22:12,344 - INFO - Extracted: GMI Cloud - 29-Oct-24
2025-05-06 20:22:12,344 - INFO - Found funding amount: 67000000
2025-05-06 20:22:12,373 - INFO - Extracted: Browserbase - 29-Oct-24
2025-05-06 20:22:12,373 - INFO - Found funding amount: 21000000
2025-05-06 20:22:12,404 - INFO - Extracted: Armis Security - 28-Oct-24
2025-05-06 20:22:12,404 - INFO - Found funding amount: 200000000
2025-05-06 20:22:12,435 - INFO - Extracted: Kivu Bioscience - 28-Oct-24
2025-05-06 20:22:12,435 - INFO - Found funding amount: 92000000
2025-05-06 20:22:12,479 - INFO - Extracted: Sierra - 28-Oct-24
2025-05-06 20:22:12,479 - INFO - Found funding amount: 175000000
2025-05-06 20:22:12,508 - INFO - Extracted: Fondo - 28-Oct-24
2025-05-06 20:22:12,508 - INFO - Found funding amount: 7000000
2025-05-06 20:22:12,537 - INFO - Extracted: Abstract Security - 28-Oct-24
2025-05-06 20:22:12,537 - INFO - Found funding amount: 15000000
2025-05-06 20:22:12,566 - INFO - Extracted: Revyl - 28-Oct-24
2025-05-06 20:22:12,566 - INFO - Found funding amount: 1100000
2025-05-06 20:22:12,597 - INFO - Extracted: Pharos - 25-Oct-24
2025-05-06 20:22:12,597 - INFO - Found funding amount: 5000000
2025-05-06 20:22:12,627 - INFO - Extracted: Connect The Dots - 24-Oct-24
2025-05-06 20:22:12,627 - INFO - Found funding amount: 0
2025-05-06 20:22:12,657 - INFO - Extracted: Sociaaal - 24-Oct-24
2025-05-06 20:22:12,657 - INFO - Found funding amount: 4000000
2025-05-06 20:22:12,686 - INFO - Extracted: AnyLog - 24-Oct-24
2025-05-06 20:22:12,686 - INFO - Found funding amount: 3789997
2025-05-06 20:22:12,717 - INFO - Extracted: Concentric AI - 24-Oct-24
2025-05-06 20:22:12,717 - INFO - Found funding amount: 45000000
2025-05-06 20:22:12,747 - INFO - Extracted: PayToMe.co - 24-Oct-24
2025-05-06 20:22:12,747 - INFO - Found funding amount: 0
2025-05-06 20:22:12,778 - INFO - Extracted: Finix - 24-Oct-24
2025-05-06 20:22:12,778 - INFO - Found funding amount: 75000000
2025-05-06 20:22:12,819 - INFO - Extracted: Simbe Robotics - 24-Oct-24
2025-05-06 20:22:12,819 - INFO - Found funding amount: 50000000
2025-05-06 20:22:12,849 - INFO - Extracted: Oloid - 24-Oct-24
2025-05-06 20:22:12,849 - INFO - Found funding amount: 6000000
2025-05-06 20:22:12,878 - INFO - Extracted: Nimble Robotics - 23-Oct-24
2025-05-06 20:22:12,879 - INFO - Found funding amount: 106000000
2025-05-06 20:22:12,879 - INFO - Successfully extracted 20 new companies from page 10
2025-05-06 20:22:12,879 - INFO - Attempting to navigate from page 10
2025-05-06 20:22:18,355 - INFO - JavaScript verification confirmed page changed
2025-05-06 20:22:18,690 - INFO - JavaScript verification confirmed page changed
2025-05-06 20:22:19,454 - INFO - Extracting data from page 27
2025-05-06 20:22:19,560 - INFO - Extracting data from page 11
2025-05-06 20:22:20,422 - INFO - Trying standard table extraction
2025-05-06 20:22:20,446 - INFO - Trying standard table extraction
2025-05-06 20:22:20,485 - INFO - Found funding amount column at index 6
2025-05-06 20:22:20,490 - INFO - Found headquarters column at index 7
2025-05-06 20:22:20,494 - INFO - Found funding amount column at index 6
2025-05-06 20:22:20,498 - INFO - Found headquarters column at index 7
2025-05-06 20:22:20,498 - INFO - Found 22 potential data rows
2025-05-06 20:22:20,506 - INFO - Found 22 potential data rows
2025-05-06 20:22:20,551 - INFO - Extracted: Metabase Q - 15-Jul-24
2025-05-06 20:22:20,551 - INFO - Found funding amount: 5099986
2025-05-06 20:22:20,560 - INFO - Extracted: Archy - 23-Oct-24
2025-05-06 20:22:20,560 - INFO - Found funding amount: 15000000
2025-05-06 20:22:20,584 - INFO - Extracted: Vivoo - 15-Jul-24
2025-05-06 20:22:20,584 - INFO - Found funding amount: 0
2025-05-06 20:22:20,594 - INFO - Extracted: Infinitus Systems - 23-Oct-24
2025-05-06 20:22:20,594 - INFO - Found funding amount: 51500000
2025-05-06 20:22:20,620 - INFO - Extracted: SmarterLicense - 15-Jul-24
2025-05-06 20:22:20,620 - INFO - Found funding amount: 1100000
2025-05-06 20:22:20,628 - INFO - Extracted: Courie - 23-Oct-24
2025-05-06 20:22:20,628 - INFO - Found funding amount: 3825000
2025-05-06 20:22:20,656 - INFO - Extracted: Digestiva - 15-Jul-24
2025-05-06 20:22:20,656 - INFO - Found funding amount: 18400000
2025-05-06 20:22:20,664 - INFO - Extracted: Anthro Energy - 23-Oct-24
2025-05-06 20:22:20,664 - INFO - Found funding amount: 24900000
2025-05-06 20:22:20,689 - INFO - Extracted: Odyssey - 12-Jul-24
2025-05-06 20:22:20,689 - INFO - Found funding amount: 9000000
2025-05-06 20:22:20,697 - INFO - Extracted: LAWFTY - 23-Oct-24
2025-05-06 20:22:20,697 - INFO - Found funding amount: 40000000
2025-05-06 20:22:20,722 - INFO - Extracted: Armada - 11-Jul-24
2025-05-06 20:22:20,722 - INFO - Found funding amount: 40000000
2025-05-06 20:22:20,730 - INFO - Extracted: BodySpec - 22-Oct-24
2025-05-06 20:22:20,730 - INFO - Found funding amount: 3999998
2025-05-06 20:22:20,755 - INFO - Extracted: Mantle - 10-Jul-24
2025-05-06 20:22:20,755 - INFO - Found funding amount: 20000000
2025-05-06 20:22:20,762 - INFO - Extracted: Nooks - 22-Oct-24
2025-05-06 20:22:20,762 - INFO - Found funding amount: 43000000
2025-05-06 20:22:20,789 - INFO - Extracted: Lekko - 10-Jul-24
2025-05-06 20:22:20,789 - INFO - Found funding amount: 4500000
2025-05-06 20:22:20,797 - INFO - Extracted: CrewAI - 22-Oct-24
2025-05-06 20:22:20,797 - INFO - Found funding amount: 12000000
2025-05-06 20:22:20,824 - INFO - Extracted: Hayden AI - 10-Jul-24
2025-05-06 20:22:20,824 - INFO - Found funding amount: 90000000
2025-05-06 20:22:20,832 - INFO - Extracted: Qpoint - 22-Oct-24
2025-05-06 20:22:20,832 - INFO - Found funding amount: 4000000
2025-05-06 20:22:20,858 - INFO - Extracted: Adona Medical - 10-Jul-24
2025-05-06 20:22:20,858 - INFO - Found funding amount: 13369997
2025-05-06 20:22:20,865 - INFO - Extracted: Globality - 22-Oct-24
2025-05-06 20:22:20,865 - INFO - Found funding amount: 47000000
2025-05-06 20:22:20,893 - INFO - Extracted: Safe Passages - 9-Jul-24
2025-05-06 20:22:20,893 - INFO - Found funding amount: 270000
2025-05-06 20:22:20,900 - INFO - Extracted: Socket - 22-Oct-24
2025-05-06 20:22:20,901 - INFO - Found funding amount: 40000000
2025-05-06 20:22:20,926 - INFO - Extracted: Valo.ai - 9-Jul-24
2025-05-06 20:22:20,926 - INFO - Found funding amount: 0
2025-05-06 20:22:20,933 - INFO - Extracted: Mainspring Energy - 22-Oct-24
2025-05-06 20:22:20,933 - INFO - Found funding amount: 87000000
2025-05-06 20:22:20,963 - INFO - Extracted: Volley - 9-Jul-24
2025-05-06 20:22:20,963 - INFO - Found funding amount: 55000000
2025-05-06 20:22:20,968 - INFO - Extracted: interface.ai - 22-Oct-24
2025-05-06 20:22:20,968 - INFO - Found funding amount: 20000000
2025-05-06 20:22:21,006 - INFO - Extracted: Accend - 9-Jul-24
2025-05-06 20:22:21,006 - INFO - Found funding amount: 3200000
2025-05-06 20:22:21,012 - INFO - Extracted: Trellis Bioscience - 22-Oct-24
2025-05-06 20:22:21,012 - INFO - Found funding amount: 0
2025-05-06 20:22:21,042 - INFO - Extracted: NovoNutrients - 9-Jul-24
2025-05-06 20:22:21,042 - INFO - Found funding amount: 18000000
2025-05-06 20:22:21,046 - INFO - Extracted: Revelation Partners - 22-Oct-24
2025-05-06 20:22:21,046 - INFO - Found funding amount: 0
2025-05-06 20:22:21,077 - INFO - Extracted: Default - 8-Jul-24
2025-05-06 20:22:21,077 - INFO - Found funding amount: 4000000
2025-05-06 20:22:21,080 - INFO - Extracted: Genmo - 22-Oct-24
2025-05-06 20:22:21,080 - INFO - Found funding amount: 28400000
2025-05-06 20:22:21,109 - INFO - Extracted: Cartken - 3-Jul-24
2025-05-06 20:22:21,109 - INFO - Found funding amount: 10000000
2025-05-06 20:22:21,112 - INFO - Extracted: ItsWare - 22-Oct-24
2025-05-06 20:22:21,112 - INFO - Found funding amount: 856464
2025-05-06 20:22:21,147 - INFO - Extracted: Granza Bio - 3-Jul-24
2025-05-06 20:22:21,147 - INFO - Found funding amount: 7140000
2025-05-06 20:22:21,151 - INFO - Extracted: Avenue Biosciences - 22-Oct-24
2025-05-06 20:22:21,151 - INFO - Found funding amount: 2500000
2025-05-06 20:22:21,183 - INFO - Extracted: Frontier Energy - 2-Jul-24
2025-05-06 20:22:21,183 - INFO - Found funding amount: 0
2025-05-06 20:22:21,186 - INFO - Extracted: Zip - 21-Oct-24
2025-05-06 20:22:21,186 - INFO - Found funding amount: 190000000
2025-05-06 20:22:21,216 - INFO - Extracted: BRB APP INC - 1-Jul-24
2025-05-06 20:22:21,217 - INFO - Found funding amount: 0
2025-05-06 20:22:21,217 - INFO - Successfully extracted 20 new companies from page 27
2025-05-06 20:22:21,217 - INFO - Attempting to navigate from page 27
2025-05-06 20:22:21,220 - INFO - Extracted: HealthEx - 21-Oct-24
2025-05-06 20:22:21,220 - INFO - Found funding amount: 14000000
2025-05-06 20:22:21,221 - INFO - Successfully extracted 20 new companies from page 11
2025-05-06 20:22:21,221 - INFO - Attempting to navigate from page 11
2025-05-06 20:22:27,144 - INFO - JavaScript verification confirmed page changed
2025-05-06 20:22:27,151 - INFO - JavaScript verification confirmed page changed
2025-05-06 20:22:28,165 - INFO - Extracting data from page 12
2025-05-06 20:22:28,305 - INFO - Extracting data from page 28
2025-05-06 20:22:28,532 - INFO - Trying standard table extraction
2025-05-06 20:22:28,577 - INFO - Found funding amount column at index 6
2025-05-06 20:22:28,581 - INFO - Found headquarters column at index 7
2025-05-06 20:22:28,588 - INFO - Found 22 potential data rows
2025-05-06 20:22:28,630 - INFO - Extracted: Uprise - 21-Oct-24
2025-05-06 20:22:28,630 - INFO - Found funding amount: 3300000
2025-05-06 20:22:28,662 - INFO - Extracted: Voxela - 21-Oct-24
2025-05-06 20:22:28,662 - INFO - Found funding amount: 0
2025-05-06 20:22:28,671 - INFO - Trying standard table extraction
2025-05-06 20:22:28,695 - INFO - Extracted: Kick - 17-Oct-24
2025-05-06 20:22:28,695 - INFO - Found funding amount: 9000000
2025-05-06 20:22:28,702 - INFO - Found funding amount column at index 6
2025-05-06 20:22:28,706 - INFO - Found headquarters column at index 7
2025-05-06 20:22:28,715 - INFO - Found 22 potential data rows
2025-05-06 20:22:28,729 - INFO - Extracted: AN2 Therapeutics - 17-Oct-24
2025-05-06 20:22:28,730 - INFO - Found funding amount: 0
2025-05-06 20:22:28,762 - INFO - Extracted: UptimeAI - 1-Jul-24
2025-05-06 20:22:28,762 - INFO - Extracted: Terray Therapeutics - 17-Oct-24
2025-05-06 20:22:28,762 - INFO - Found funding amount: 13999999
2025-05-06 20:22:28,762 - INFO - Found funding amount: 120000000
2025-05-06 20:22:28,796 - INFO - Extracted: Abel Police - 17-Oct-24
2025-05-06 20:22:28,796 - INFO - Found funding amount: 5000000
2025-05-06 20:22:28,796 - INFO - Extracted: AnswerGrid - 1-Jul-24
2025-05-06 20:22:28,796 - INFO - Found funding amount: 500000
2025-05-06 20:22:28,830 - INFO - Extracted: Senti Biosciences - 1-Jul-24
2025-05-06 20:22:28,830 - INFO - Found funding amount: 8000000
2025-05-06 20:22:28,830 - INFO - Extracted: Edgee - 17-Oct-24
2025-05-06 20:22:28,830 - INFO - Found funding amount: 2900000
2025-05-06 20:22:28,864 - INFO - Extracted: Pivot Robots - 1-Jul-24
2025-05-06 20:22:28,864 - INFO - Found funding amount: 500000
2025-05-06 20:22:28,864 - INFO - Extracted: GetSetUp - 16-Oct-24
2025-05-06 20:22:28,864 - INFO - Found funding amount: 50000
2025-05-06 20:22:28,897 - INFO - Extracted: Odaseva - 27-Jun-24
2025-05-06 20:22:28,897 - INFO - Extracted: Samay - 16-Oct-24
2025-05-06 20:22:28,897 - INFO - Found funding amount: 54000000
2025-05-06 20:22:28,897 - INFO - Found funding amount: 350000
2025-05-06 20:22:28,931 - INFO - Extracted: Kiavi - 16-Oct-24
2025-05-06 20:22:28,931 - INFO - Found funding amount: 400000000
2025-05-06 20:22:28,931 - INFO - Extracted: Aether Fuels - 27-Jun-24
2025-05-06 20:22:28,931 - INFO - Found funding amount: 34000000
2025-05-06 20:22:28,965 - INFO - Extracted: Tako - 16-Oct-24
2025-05-06 20:22:28,965 - INFO - Found funding amount: 5750000
2025-05-06 20:22:28,966 - INFO - Extracted: GetReal Labs - 27-Jun-24
2025-05-06 20:22:28,966 - INFO - Found funding amount: 0
2025-05-06 20:22:29,007 - INFO - Extracted: Lightmatter - 16-Oct-24
2025-05-06 20:22:29,007 - INFO - Found funding amount: 400000000
2025-05-06 20:22:29,009 - INFO - Extracted: Fetchflow - 27-Jun-24
2025-05-06 20:22:29,009 - INFO - Found funding amount: 500000
2025-05-06 20:22:29,040 - INFO - Extracted: Agtonomy - 16-Oct-24
2025-05-06 20:22:29,041 - INFO - Found funding amount: 10000000
2025-05-06 20:22:29,042 - INFO - Extracted: KarmaCheck - 27-Jun-24
2025-05-06 20:22:29,042 - INFO - Found funding amount: 45000000
2025-05-06 20:22:29,076 - INFO - Extracted: PyrAmes, Inc. - 15-Oct-24
2025-05-06 20:22:29,076 - INFO - Found funding amount: 50000
2025-05-06 20:22:29,076 - INFO - Extracted: Clearstory.build - 27-Jun-24
2025-05-06 20:22:29,076 - INFO - Found funding amount: 16000000
2025-05-06 20:22:29,109 - INFO - Extracted: Foodsmart - 26-Jun-24
2025-05-06 20:22:29,109 - INFO - Extracted: Alchemy - 15-Oct-24
2025-05-06 20:22:29,109 - INFO - Found funding amount: 200000000
2025-05-06 20:22:29,109 - INFO - Found funding amount: 31000000
2025-05-06 20:22:29,143 - INFO - Extracted: MDisrupt - 15-Oct-24
2025-05-06 20:22:29,143 - INFO - Extracted: Ario - 26-Jun-24
2025-05-06 20:22:29,143 - INFO - Found funding amount: 1000000
2025-05-06 20:22:29,143 - INFO - Found funding amount: 16000000
2025-05-06 20:22:29,177 - INFO - Extracted: Rondo Energy - 26-Jun-24
2025-05-06 20:22:29,177 - INFO - Extracted: Galileo - 15-Oct-24
2025-05-06 20:22:29,177 - INFO - Found funding amount: 75000000
2025-05-06 20:22:29,177 - INFO - Found funding amount: 45000000
2025-05-06 20:22:29,211 - INFO - Extracted: Onehouse - 26-Jun-24
2025-05-06 20:22:29,211 - INFO - Found funding amount: 35000000
2025-05-06 20:22:29,211 - INFO - Extracted: Azra Games - 15-Oct-24
2025-05-06 20:22:29,211 - INFO - Found funding amount: 42700000
2025-05-06 20:22:29,245 - INFO - Extracted: Frontier Medicines - 25-Jun-24
2025-05-06 20:22:29,245 - INFO - Found funding amount: 20000000
2025-05-06 20:22:29,245 - INFO - Extracted: Chargie - 15-Oct-24
2025-05-06 20:22:29,245 - INFO - Found funding amount: 9300000
2025-05-06 20:22:29,278 - INFO - Extracted: Conduit - 25-Jun-24
2025-05-06 20:22:29,278 - INFO - Extracted: Decagon - 15-Oct-24
2025-05-06 20:22:29,278 - INFO - Found funding amount: 37000000
2025-05-06 20:22:29,278 - INFO - Found funding amount: 65000000
2025-05-06 20:22:29,278 - INFO - Successfully extracted 20 new companies from page 12
2025-05-06 20:22:29,278 - INFO - Attempting to navigate from page 12
2025-05-06 20:22:29,313 - INFO - Extracted: Cloudian - 25-Jun-24
2025-05-06 20:22:29,313 - INFO - Found funding amount: 23000000
2025-05-06 20:22:29,345 - INFO - Extracted: Asteri AI - 25-Jun-24
2025-05-06 20:22:29,345 - INFO - Found funding amount: 0
2025-05-06 20:22:29,375 - INFO - Extracted: Antora Energy - 25-Jun-24
2025-05-06 20:22:29,375 - INFO - Found funding amount: 14500000
2025-05-06 20:22:29,405 - INFO - Extracted: VidAU - 25-Jun-24
2025-05-06 20:22:29,405 - INFO - Found funding amount: 0
2025-05-06 20:22:29,405 - INFO - Successfully extracted 20 new companies from page 28
2025-05-06 20:22:29,405 - INFO - Attempting to navigate from page 28
2025-05-06 20:22:34,833 - INFO - JavaScript verification confirmed page changed
2025-05-06 20:22:35,220 - INFO - Extracting data from page 13
2025-05-06 20:22:35,915 - INFO - JavaScript verification confirmed page changed
2025-05-06 20:22:36,190 - INFO - Trying standard table extraction
2025-05-06 20:22:36,247 - INFO - Found funding amount column at index 6
2025-05-06 20:22:36,251 - INFO - Found headquarters column at index 7
2025-05-06 20:22:36,259 - INFO - Found 22 potential data rows
2025-05-06 20:22:36,302 - INFO - Extracted: Concourse - 15-Oct-24
2025-05-06 20:22:36,302 - INFO - Found funding amount: 4700000
2025-05-06 20:22:36,331 - INFO - Extracted: Stockguard - 15-Oct-24
2025-05-06 20:22:36,331 - INFO - Found funding amount: 5999999
2025-05-06 20:22:36,376 - INFO - Extracting data from page 29
2025-05-06 20:22:36,449 - INFO - Extracted: Neuron7.ai - 15-Oct-24
2025-05-06 20:22:36,449 - INFO - Found funding amount: 44000000
2025-05-06 20:22:36,511 - INFO - Extracted: Parakeet Health - 15-Oct-24
2025-05-06 20:22:36,511 - INFO - Found funding amount: 3000000
2025-05-06 20:22:36,542 - INFO - Extracted: Dryvebox - 14-Oct-24
2025-05-06 20:22:36,542 - INFO - Found funding amount: 0
2025-05-06 20:22:36,573 - INFO - Extracted: Blockcast - 14-Oct-24
2025-05-06 20:22:36,573 - INFO - Found funding amount: 2850000
2025-05-06 20:22:36,603 - INFO - Extracted: Cavecrack - 13-Oct-24
2025-05-06 20:22:36,603 - INFO - Found funding amount: 0
2025-05-06 20:22:36,633 - INFO - Extracted: Cerebelly - 10-Oct-24
2025-05-06 20:22:36,633 - INFO - Found funding amount: 3000000
2025-05-06 20:22:36,663 - INFO - Extracted: Suki - 10-Oct-24
2025-05-06 20:22:36,664 - INFO - Found funding amount: 70000000
2025-05-06 20:22:36,694 - INFO - Extracted: CytoVale - 10-Oct-24
2025-05-06 20:22:36,694 - INFO - Found funding amount: 100000000
2025-05-06 20:22:36,725 - INFO - Extracted: Zeal - 10-Oct-24
2025-05-06 20:22:36,725 - INFO - Found funding amount: 15000000
2025-05-06 20:22:36,755 - INFO - Extracted: Vidoc Security Lab - 10-Oct-24
2025-05-06 20:22:36,756 - INFO - Found funding amount: 0
2025-05-06 20:22:36,786 - INFO - Extracted: Relyance AI - 10-Oct-24
2025-05-06 20:22:36,786 - INFO - Found funding amount: 32000000
2025-05-06 20:22:36,815 - INFO - Extracted: Numeric - 10-Oct-24
2025-05-06 20:22:36,815 - INFO - Found funding amount: 28000000
2025-05-06 20:22:36,844 - INFO - Extracted: COVU - 10-Oct-24
2025-05-06 20:22:36,844 - INFO - Found funding amount: 12500000
2025-05-06 20:22:36,873 - INFO - Extracted: ApertureData - 10-Oct-24
2025-05-06 20:22:36,873 - INFO - Found funding amount: 5250000
2025-05-06 20:22:36,879 - INFO - Trying standard table extraction
2025-05-06 20:22:36,908 - INFO - Extracted: MiLaboratories - 10-Oct-24
2025-05-06 20:22:36,908 - INFO - Found funding amount: 10000000
2025-05-06 20:22:36,912 - INFO - Found funding amount column at index 6
2025-05-06 20:22:36,916 - INFO - Found headquarters column at index 7
2025-05-06 20:22:36,925 - INFO - Found 22 potential data rows
2025-05-06 20:22:36,944 - INFO - Extracted: Glooko - 10-Oct-24
2025-05-06 20:22:36,944 - INFO - Found funding amount: 100000000
2025-05-06 20:22:36,983 - INFO - Extracted: Etched.ai - 25-Jun-24
2025-05-06 20:22:36,983 - INFO - Found funding amount: 120000000
2025-05-06 20:22:36,984 - INFO - Extracted: IncumbentFI - 10-Oct-24
2025-05-06 20:22:36,984 - INFO - Found funding amount: 5639687
2025-05-06 20:22:37,017 - INFO - Extracted: Sift - 25-Jun-24
2025-05-06 20:22:37,017 - INFO - Found funding amount: 17500000
2025-05-06 20:22:37,017 - INFO - Extracted: Prophecy.io - 10-Oct-24
2025-05-06 20:22:37,017 - INFO - Found funding amount: 38799983
2025-05-06 20:22:37,017 - INFO - Successfully extracted 20 new companies from page 13
2025-05-06 20:22:37,017 - INFO - Attempting to navigate from page 13
2025-05-06 20:22:37,060 - INFO - Extracted: TwoStep Therapeutics - 25-Jun-24
2025-05-06 20:22:37,060 - INFO - Found funding amount: 6500000
2025-05-06 20:22:37,091 - INFO - Extracted: Opus1.io - 25-Jun-24
2025-05-06 20:22:37,091 - INFO - Found funding amount: 0
2025-05-06 20:22:37,121 - INFO - Extracted: Klarity - 24-Jun-24
2025-05-06 20:22:37,121 - INFO - Found funding amount: 70000000
2025-05-06 20:22:37,152 - INFO - Extracted: Tusk - 21-Jun-24
2025-05-06 20:22:37,152 - INFO - Found funding amount: 500000
2025-05-06 20:22:37,182 - INFO - Extracted: MEandMine - 20-Jun-24
2025-05-06 20:22:37,182 - INFO - Found funding amount: 4500000
2025-05-06 20:22:37,211 - INFO - Extracted: Molten Industries - 20-Jun-24
2025-05-06 20:22:37,211 - INFO - Found funding amount: 25000000
2025-05-06 20:22:37,241 - INFO - Extracted: Aikido Technologies - 20-Jun-24
2025-05-06 20:22:37,241 - INFO - Found funding amount: 4000000
2025-05-06 20:22:37,271 - INFO - Extracted: Submix - 19-Jun-24
2025-05-06 20:22:37,271 - INFO - Found funding amount: 1000000
2025-05-06 20:22:37,301 - INFO - Extracted: Speechlab, Inc. - 19-Jun-24
2025-05-06 20:22:37,301 - INFO - Found funding amount: 2900000
2025-05-06 20:22:37,330 - INFO - Extracted: Specialized Packaging Group - 18-Jun-24
2025-05-06 20:22:37,330 - INFO - Found funding amount: 0
2025-05-06 20:22:37,359 - INFO - Extracted: Planted Solar - 18-Jun-24
2025-05-06 20:22:37,359 - INFO - Found funding amount: 20000000
2025-05-06 20:22:37,388 - INFO - Extracted: Promaxo - 18-Jun-24
2025-05-06 20:22:37,388 - INFO - Found funding amount: 0
2025-05-06 20:22:37,419 - INFO - Extracted: Sewer AI - 18-Jun-24
2025-05-06 20:22:37,419 - INFO - Found funding amount: 15000000
2025-05-06 20:22:37,449 - INFO - Extracted: Scoop Analytics - 18-Jun-24
2025-05-06 20:22:37,449 - INFO - Found funding amount: 3500000
2025-05-06 20:22:37,482 - INFO - Extracted: Loop Golf - 18-Jun-24
2025-05-06 20:22:37,482 - INFO - Found funding amount: 1000000
2025-05-06 20:22:37,512 - INFO - Extracted: Marea Therapeutics - 18-Jun-24
2025-05-06 20:22:37,512 - INFO - Found funding amount: 190000000
2025-05-06 20:22:37,541 - INFO - Extracted: Factory - 18-Jun-24
2025-05-06 20:22:37,541 - INFO - Found funding amount: 15000000
2025-05-06 20:22:37,570 - INFO - Extracted: Maxim - 18-Jun-24
2025-05-06 20:22:37,570 - INFO - Found funding amount: 250000000
2025-05-06 20:22:37,570 - INFO - Successfully extracted 20 new companies from page 29
2025-05-06 20:22:37,570 - INFO - Attempting to navigate from page 29
2025-05-06 20:22:42,685 - INFO - JavaScript verification confirmed page changed
2025-05-06 20:22:43,326 - INFO - JavaScript verification confirmed page changed
2025-05-06 20:22:43,419 - INFO - Extracting data from page 30
2025-05-06 20:22:44,359 - INFO - Extracting data from page 14
2025-05-06 20:22:44,579 - INFO - Trying standard table extraction
2025-05-06 20:22:44,625 - INFO - Found funding amount column at index 6
2025-05-06 20:22:44,629 - INFO - Found headquarters column at index 7
2025-05-06 20:22:44,638 - INFO - Found 22 potential data rows
2025-05-06 20:22:44,682 - INFO - Extracted: Autify - 17-Jun-24
2025-05-06 20:22:44,683 - INFO - Found funding amount: 13000000
2025-05-06 20:22:44,713 - INFO - Extracted: Constructor - 17-Jun-24
2025-05-06 20:22:44,713 - INFO - Found funding amount: 25000000
2025-05-06 20:22:44,744 - INFO - Extracted: You.com - 17-Jun-24
2025-05-06 20:22:44,744 - INFO - Found funding amount: 50000000
2025-05-06 20:22:44,775 - INFO - Extracted: Take Homes - 17-Jun-24
2025-05-06 20:22:44,775 - INFO - Found funding amount: 150000
2025-05-06 20:22:44,806 - INFO - Extracted: Aepnus Technology - 14-Jun-24
2025-05-06 20:22:44,806 - INFO - Found funding amount: 8000000
2025-05-06 20:22:44,841 - INFO - Extracted: Better Health - 13-Jun-24
2025-05-06 20:22:44,841 - INFO - Found funding amount: 14000000
2025-05-06 20:22:44,871 - INFO - Extracted: Viridian Space - 13-Jun-24
2025-05-06 20:22:44,871 - INFO - Found funding amount: 0
2025-05-06 20:22:44,903 - INFO - Extracted: Remmie - 12-Jun-24
2025-05-06 20:22:44,903 - INFO - Found funding amount: 3000000
2025-05-06 20:22:44,933 - INFO - Extracted: Canary Technologies - 12-Jun-24
2025-05-06 20:22:44,934 - INFO - Found funding amount: 50000000
2025-05-06 20:22:44,964 - INFO - Extracted: Grayce - 12-Jun-24
2025-05-06 20:22:44,964 - INFO - Found funding amount: 10400000
2025-05-06 20:22:44,996 - INFO - Extracted: InScope - 12-Jun-24
2025-05-06 20:22:44,996 - INFO - Found funding amount: 4300000
2025-05-06 20:22:45,026 - INFO - Extracted: Learn to Win - 12-Jun-24
2025-05-06 20:22:45,026 - INFO - Found funding amount: 30000000
2025-05-06 20:22:45,056 - INFO - Extracted: Tesseract Medical Research - 11-Jun-24
2025-05-06 20:22:45,056 - INFO - Found funding amount: 20000000
2025-05-06 20:22:45,085 - INFO - Extracted: Cyberhaven - 11-Jun-24
2025-05-06 20:22:45,085 - INFO - Found funding amount: 88000000
2025-05-06 20:22:45,116 - INFO - Extracted: Found - 11-Jun-24
2025-05-06 20:22:45,116 - INFO - Found funding amount: 45999997
2025-05-06 20:22:45,176 - INFO - Extracted: Youth Speaks - 11-Jun-24
2025-05-06 20:22:45,176 - INFO - Found funding amount: 40000
2025-05-06 20:22:45,215 - INFO - Extracted: Perlumi - 11-Jun-24
2025-05-06 20:22:45,215 - INFO - Found funding amount: 4515899
2025-05-06 20:22:45,247 - INFO - Extracted: Nexus Laboratories - 10-Jun-24
2025-05-06 20:22:45,247 - INFO - Found funding amount: 25000000
2025-05-06 20:22:45,280 - INFO - Extracted: Pair Team - 10-Jun-24
2025-05-06 20:22:45,280 - INFO - Found funding amount: 500000
2025-05-06 20:22:45,317 - INFO - Extracted: Gatik - 10-Jun-24
2025-05-06 20:22:45,317 - INFO - Found funding amount: 0
2025-05-06 20:22:45,317 - INFO - Successfully extracted 20 new companies from page 30
2025-05-06 20:22:45,317 - INFO - Attempting to navigate from page 30
2025-05-06 20:22:45,553 - INFO - Trying standard table extraction
2025-05-06 20:22:45,593 - INFO - Found funding amount column at index 6
2025-05-06 20:22:45,598 - INFO - Found headquarters column at index 7
2025-05-06 20:22:45,606 - INFO - Found 22 potential data rows
2025-05-06 20:22:45,659 - INFO - Extracted: Sidepit - 10-Oct-24
2025-05-06 20:22:45,659 - INFO - Found funding amount: 0
2025-05-06 20:22:45,695 - INFO - Extracted: Astrix Health - 10-Oct-24
2025-05-06 20:22:45,695 - INFO - Found funding amount: 500000
2025-05-06 20:22:45,743 - INFO - Extracted: CEQAbase - 9-Oct-24
2025-05-06 20:22:45,744 - INFO - Found funding amount: 200000
2025-05-06 20:22:45,778 - INFO - Extracted: SimX - 9-Oct-24
2025-05-06 20:22:45,778 - INFO - Found funding amount: 1250000
2025-05-06 20:22:45,811 - INFO - Extracted: Bigeye - 9-Oct-24
2025-05-06 20:22:45,811 - INFO - Found funding amount: 5000000
2025-05-06 20:22:45,845 - INFO - Extracted: Drawer AI - 9-Oct-24
2025-05-06 20:22:45,845 - INFO - Found funding amount: 5000000
2025-05-06 20:22:45,876 - INFO - Extracted: Vultron - 9-Oct-24
2025-05-06 20:22:45,876 - INFO - Found funding amount: 4850000
2025-05-06 20:22:45,907 - INFO - Extracted: AppShip - 9-Oct-24
2025-05-06 20:22:45,907 - INFO - Found funding amount: 200000
2025-05-06 20:22:45,936 - INFO - Extracted: EvenUp - 8-Oct-24
2025-05-06 20:22:45,936 - INFO - Found funding amount: 135000000
2025-05-06 20:22:45,966 - INFO - Extracted: Tele911 - 8-Oct-24
2025-05-06 20:22:45,966 - INFO - Found funding amount: 6756624
2025-05-06 20:22:45,997 - INFO - Extracted: Kiva AI - 8-Oct-24
2025-05-06 20:22:45,997 - INFO - Found funding amount: 7000000
2025-05-06 20:22:46,030 - INFO - Extracted: Selonterra - 8-Oct-24
2025-05-06 20:22:46,030 - INFO - Found funding amount: 2500000
2025-05-06 20:22:46,061 - INFO - Extracted: Unify - 8-Oct-24
2025-05-06 20:22:46,061 - INFO - Found funding amount: 12000000
2025-05-06 20:22:46,091 - INFO - Extracted: Third Dimension AI - 8-Oct-24
2025-05-06 20:22:46,091 - INFO - Found funding amount: 7000000
2025-05-06 20:22:46,121 - INFO - Extracted: Distributional - 8-Oct-24
2025-05-06 20:22:46,121 - INFO - Found funding amount: 19000000
2025-05-06 20:22:46,156 - INFO - Extracted: Truthset - 8-Oct-24
2025-05-06 20:22:46,156 - INFO - Found funding amount: 5000000
2025-05-06 20:22:46,186 - INFO - Extracted: Stream - 8-Oct-24
2025-05-06 20:22:46,187 - INFO - Found funding amount: 5300000
2025-05-06 20:22:46,218 - INFO - Extracted: InterVene - 7-Oct-24
2025-05-06 20:22:46,218 - INFO - Found funding amount: 13000000
2025-05-06 20:22:46,249 - INFO - Extracted: Treya Partners - 7-Oct-24
2025-05-06 20:22:46,249 - INFO - Found funding amount: 0
2025-05-06 20:22:46,281 - INFO - Extracted: VESSL AI - 7-Oct-24
2025-05-06 20:22:46,281 - INFO - Found funding amount: 12200000
2025-05-06 20:22:46,281 - INFO - Successfully extracted 20 new companies from page 14
2025-05-06 20:22:46,281 - INFO - Attempting to navigate from page 14
2025-05-06 20:22:51,849 - INFO - JavaScript verification confirmed page changed
2025-05-06 20:22:51,973 - INFO - JavaScript verification confirmed page changed
2025-05-06 20:22:52,700 - INFO - Extracting data from page 15
2025-05-06 20:22:53,084 - INFO - Extracting data from page 31
2025-05-06 20:22:53,886 - INFO - Trying standard table extraction
2025-05-06 20:22:53,945 - INFO - Found funding amount column at index 6
2025-05-06 20:22:53,950 - INFO - Found headquarters column at index 7
2025-05-06 20:22:53,959 - INFO - Found 22 potential data rows
2025-05-06 20:22:54,003 - INFO - Extracted: IOMETE - 7-Oct-24
2025-05-06 20:22:54,003 - INFO - Found funding amount: 0
2025-05-06 20:22:54,033 - INFO - Extracted: Kavia AI - 3-Oct-24
2025-05-06 20:22:54,033 - INFO - Found funding amount: 1000000
2025-05-06 20:22:54,064 - INFO - Extracted: OpenAI - 3-Oct-24
2025-05-06 20:22:54,064 - INFO - Found funding amount: 4000000000
2025-05-06 20:22:54,094 - INFO - Extracted: Paren - 3-Oct-24
2025-05-06 20:22:54,094 - INFO - Found funding amount: 3000000
2025-05-06 20:22:54,123 - INFO - Extracted: Integrated Biosciences - 3-Oct-24
2025-05-06 20:22:54,123 - INFO - Found funding amount: 17200000
2025-05-06 20:22:54,154 - INFO - Extracted: Booksy - 3-Oct-24
2025-05-06 20:22:54,154 - INFO - Found funding amount: 0
2025-05-06 20:22:54,162 - INFO - Trying standard table extraction
2025-05-06 20:22:54,186 - INFO - Extracted: Voyage AI - 3-Oct-24
2025-05-06 20:22:54,186 - INFO - Found funding amount: 20000000
2025-05-06 20:22:54,193 - INFO - Found funding amount column at index 6
2025-05-06 20:22:54,197 - INFO - Found headquarters column at index 7
2025-05-06 20:22:54,205 - INFO - Found 22 potential data rows
2025-05-06 20:22:54,219 - INFO - Extracted: Valdera - 3-Oct-24
2025-05-06 20:22:54,219 - INFO - Found funding amount: 15000000
2025-05-06 20:22:54,253 - INFO - Extracted: Visolis - 3-Oct-24
2025-05-06 20:22:54,253 - INFO - Found funding amount: 2250000
2025-05-06 20:22:54,253 - INFO - Extracted: InSync - 8-Jun-24
2025-05-06 20:22:54,253 - INFO - Found funding amount: 0
2025-05-06 20:22:54,287 - INFO - Extracted: Prolific Machines - 7-Jun-24
2025-05-06 20:22:54,287 - INFO - Found funding amount: 55000000
2025-05-06 20:22:54,287 - INFO - Extracted: GuRu - 2-Oct-24
2025-05-06 20:22:54,287 - INFO - Found funding amount: 0
2025-05-06 20:22:54,321 - INFO - Extracted: Permanent - 2-Oct-24
2025-05-06 20:22:54,321 - INFO - Extracted: Portal AI - 7-Jun-24
2025-05-06 20:22:54,321 - INFO - Found funding amount: 3700000
2025-05-06 20:22:54,321 - INFO - Found funding amount: 4500000
2025-05-06 20:22:54,353 - INFO - Extracted: Rising Team - 6-Jun-24
2025-05-06 20:22:54,353 - INFO - Found funding amount: 8000000
2025-05-06 20:22:54,353 - INFO - Extracted: Poolside - 2-Oct-24
2025-05-06 20:22:54,353 - INFO - Found funding amount: 500000000
2025-05-06 20:22:54,386 - INFO - Extracted: Greptile - 6-Jun-24
2025-05-06 20:22:54,386 - INFO - Found funding amount: 4099999
2025-05-06 20:22:54,386 - INFO - Extracted: Pallet - 2-Oct-24
2025-05-06 20:22:54,386 - INFO - Found funding amount: 18000000
2025-05-06 20:22:54,426 - INFO - Extracted: Billables AI - 2-Oct-24
2025-05-06 20:22:54,426 - INFO - Extracted: bem - 6-Jun-24
2025-05-06 20:22:54,427 - INFO - Found funding amount: 3900000
2025-05-06 20:22:54,427 - INFO - Found funding amount: 3700000
2025-05-06 20:22:54,461 - INFO - Extracted: Reducto - 2-Oct-24
2025-05-06 20:22:54,461 - INFO - Found funding amount: 8400000
2025-05-06 20:22:54,461 - INFO - Extracted: Boys & Girls Clubs of Fresno County - 6-Jun-24
2025-05-06 20:22:54,461 - INFO - Found funding amount: 55000
2025-05-06 20:22:54,496 - INFO - Extracted: Cube Dev - 6-Jun-24
2025-05-06 20:22:54,496 - INFO - Found funding amount: 25000000
2025-05-06 20:22:54,498 - INFO - Extracted: Arda Therapeutics - 1-Oct-24
2025-05-06 20:22:54,498 - INFO - Found funding amount: 43303366
2025-05-06 20:22:54,529 - INFO - Extracted: Tobiko Data - 5-Jun-24
2025-05-06 20:22:54,529 - INFO - Found funding amount: 17300000
2025-05-06 20:22:54,531 - INFO - Extracted: Aspect Build - 1-Oct-24
2025-05-06 20:22:54,531 - INFO - Found funding amount: 3000000
2025-05-06 20:22:54,563 - INFO - Extracted: Zingly - 5-Jun-24
2025-05-06 20:22:54,563 - INFO - Found funding amount: 10000000
2025-05-06 20:22:54,565 - INFO - Extracted: Synedgen - 1-Oct-24
2025-05-06 20:22:54,565 - INFO - Found funding amount: 1750000
2025-05-06 20:22:54,598 - INFO - Extracted: 100% Chiropractic - 5-Jun-24
2025-05-06 20:22:54,598 - INFO - Found funding amount: 0
2025-05-06 20:22:54,600 - INFO - Extracted: DataPelago - 1-Oct-24
2025-05-06 20:22:54,600 - INFO - Found funding amount: 47000000
2025-05-06 20:22:54,631 - INFO - Extracted: Pika - 5-Jun-24
2025-05-06 20:22:54,631 - INFO - Found funding amount: 80000000
2025-05-06 20:22:54,632 - INFO - Extracted: Neeve - 30-Sep-24
2025-05-06 20:22:54,633 - INFO - Found funding amount: 15000000
2025-05-06 20:22:54,633 - INFO - Successfully extracted 20 new companies from page 15
2025-05-06 20:22:54,633 - INFO - Attempting to navigate from page 15
2025-05-06 20:22:54,683 - INFO - Extracted: Xcimer Energy - 4-Jun-24
2025-05-06 20:22:54,683 - INFO - Found funding amount: 100000000
2025-05-06 20:22:54,713 - INFO - Extracted: Raydiant Oximetry - 4-Jun-24
2025-05-06 20:22:54,713 - INFO - Found funding amount: 7500000
2025-05-06 20:22:54,743 - INFO - Extracted: Vantage Discovery - 4-Jun-24
2025-05-06 20:22:54,743 - INFO - Found funding amount: 16000000
2025-05-06 20:22:54,774 - INFO - Extracted: Siren Biotechnology - 4-Jun-24
2025-05-06 20:22:54,774 - INFO - Found funding amount: 19611194
2025-05-06 20:22:54,808 - INFO - Extracted: SOFIE - 4-Jun-24
2025-05-06 20:22:54,808 - INFO - Found funding amount: 0
2025-05-06 20:22:54,839 - INFO - Extracted: AirMDR - 4-Jun-24
2025-05-06 20:22:54,839 - INFO - Found funding amount: 5000000
2025-05-06 20:22:54,869 - INFO - Extracted: Zum - 4-Jun-24
2025-05-06 20:22:54,869 - INFO - Found funding amount: 32000000
2025-05-06 20:22:54,899 - INFO - Extracted: Spike Technologies - 4-Jun-24
2025-05-06 20:22:54,899 - INFO - Found funding amount: 3200000
2025-05-06 20:22:54,899 - INFO - Successfully extracted 20 new companies from page 31
2025-05-06 20:22:54,899 - INFO - Attempting to navigate from page 31
2025-05-06 20:22:59,917 - INFO - JavaScript verification confirmed page changed
2025-05-06 20:23:00,455 - INFO - Extracting data from page 16
2025-05-06 20:23:00,874 - INFO - Trying standard table extraction
2025-05-06 20:23:00,932 - INFO - Found funding amount column at index 6
2025-05-06 20:23:00,936 - INFO - Found headquarters column at index 7
2025-05-06 20:23:00,944 - INFO - Found 22 potential data rows
2025-05-06 20:23:00,987 - INFO - Extracted: Artisan AI - 30-Sep-24
2025-05-06 20:23:00,987 - INFO - Found funding amount: 11500000
2025-05-06 20:23:01,017 - INFO - Extracted: Gladly - 26-Sep-24
2025-05-06 20:23:01,017 - INFO - Found funding amount: 40000000
2025-05-06 20:23:01,043 - INFO - JavaScript verification confirmed page changed
2025-05-06 20:23:01,048 - INFO - Extracted: PlayWorks - 26-Sep-24
2025-05-06 20:23:01,049 - INFO - Found funding amount: 25000
2025-05-06 20:23:01,083 - INFO - Extracted: Bemi - 26-Sep-24
2025-05-06 20:23:01,084 - INFO - Found funding amount: 309000
2025-05-06 20:23:01,113 - INFO - Extracted: Superb AI - 26-Sep-24
2025-05-06 20:23:01,113 - INFO - Found funding amount: 10200000
2025-05-06 20:23:01,161 - INFO - Extracted: SKY Leasing - 26-Sep-24
2025-05-06 20:23:01,161 - INFO - Found funding amount: 569540000
2025-05-06 20:23:01,222 - INFO - Extracted: AssetHub - 25-Sep-24
2025-05-06 20:23:01,222 - INFO - Found funding amount: 100000000
2025-05-06 20:23:01,252 - INFO - Extracted: Feno - 25-Sep-24
2025-05-06 20:23:01,252 - INFO - Found funding amount: 6000000
2025-05-06 20:23:01,283 - INFO - Extracted: Supabase - 25-Sep-24
2025-05-06 20:23:01,283 - INFO - Found funding amount: 80000000
2025-05-06 20:23:01,312 - INFO - Extracted: Whatfix - 25-Sep-24
2025-05-06 20:23:01,312 - INFO - Found funding amount: 125000000
2025-05-06 20:23:01,348 - INFO - Extracted: SnippetSentry - 25-Sep-24
2025-05-06 20:23:01,348 - INFO - Found funding amount: 500000
2025-05-06 20:23:01,378 - INFO - Extracted: FluidLogic - 24-Sep-24
2025-05-06 20:23:01,378 - INFO - Found funding amount: 15000000
2025-05-06 20:23:01,409 - INFO - Extracted: Distyl AI - 24-Sep-24
2025-05-06 20:23:01,409 - INFO - Found funding amount: 20000000
2025-05-06 20:23:01,440 - INFO - Extracted: Icon Savings Plan - 24-Sep-24
2025-05-06 20:23:01,440 - INFO - Found funding amount: 9200000
2025-05-06 20:23:01,472 - INFO - Extracted: UJET - 24-Sep-24
2025-05-06 20:23:01,472 - INFO - Found funding amount: 76000000
2025-05-06 20:23:01,506 - INFO - Extracted: Anadro - 24-Sep-24
2025-05-06 20:23:01,506 - INFO - Found funding amount: 2516495
2025-05-06 20:23:01,535 - INFO - Extracted: Atlys - 24-Sep-24
2025-05-06 20:23:01,535 - INFO - Found funding amount: 20000000
2025-05-06 20:23:01,566 - INFO - Extracted: Datapad - 24-Sep-24
2025-05-06 20:23:01,566 - INFO - Found funding amount: 0
2025-05-06 20:23:01,596 - INFO - Extracted: Altimate AI - 23-Sep-24
2025-05-06 20:23:01,596 - INFO - Found funding amount: 0
2025-05-06 20:23:01,627 - INFO - Extracted: Harmonic - 23-Sep-24
2025-05-06 20:23:01,627 - INFO - Found funding amount: 75000000
2025-05-06 20:23:01,627 - INFO - Successfully extracted 20 new companies from page 16
2025-05-06 20:23:01,627 - INFO - Attempting to navigate from page 16
2025-05-06 20:23:02,086 - INFO - Extracting data from page 32
2025-05-06 20:23:02,504 - INFO - Trying standard table extraction
2025-05-06 20:23:02,537 - INFO - Found funding amount column at index 6
2025-05-06 20:23:02,542 - INFO - Found headquarters column at index 7
2025-05-06 20:23:02,549 - INFO - Found 22 potential data rows
2025-05-06 20:23:02,598 - INFO - Extracted: Pr√≥speros - 4-Jun-24
2025-05-06 20:23:02,599 - INFO - Found funding amount: 3000000
2025-05-06 20:23:02,632 - INFO - Extracted: Field Materials, Inc. - 4-Jun-24
2025-05-06 20:23:02,632 - INFO - Found funding amount: 3500000
2025-05-06 20:23:02,666 - INFO - Extracted: Viaduct - 4-Jun-24
2025-05-06 20:23:02,666 - INFO - Found funding amount: 10000000
2025-05-06 20:23:02,698 - INFO - Extracted: Tandem PV - 3-Jun-24
2025-05-06 20:23:02,698 - INFO - Found funding amount: 4700000
2025-05-06 20:23:02,728 - INFO - Extracted: Vimmerse - 3-Jun-24
2025-05-06 20:23:02,728 - INFO - Found funding amount: 0
2025-05-06 20:23:02,760 - INFO - Extracted: Ashby - 3-Jun-24
2025-05-06 20:23:02,760 - INFO - Found funding amount: 30000000
2025-05-06 20:23:02,793 - INFO - Extracted: Balance - 3-Jun-24
2025-05-06 20:23:02,793 - INFO - Found funding amount: 2500000
2025-05-06 20:23:02,825 - INFO - Extracted: Revi - 1-Jun-24
2025-05-06 20:23:02,826 - INFO - Found funding amount: 10000000
2025-05-06 20:23:02,856 - INFO - Extracted: Sprout HR - 1-Jun-24
2025-05-06 20:23:02,856 - INFO - Found funding amount: 0
2025-05-06 20:23:02,898 - INFO - Extracted: Point - 30-May-24
2025-05-06 20:23:02,898 - INFO - Found funding amount: 141000000
2025-05-06 20:23:02,928 - INFO - Extracted: Portside - 30-May-24
2025-05-06 20:23:02,928 - INFO - Found funding amount: 0
2025-05-06 20:23:02,959 - INFO - Extracted: Forward - 30-May-24
2025-05-06 20:23:02,959 - INFO - Found funding amount: 16000000
2025-05-06 20:23:02,989 - INFO - Extracted: Plural Energy - 30-May-24
2025-05-06 20:23:02,989 - INFO - Found funding amount: 2330000
2025-05-06 20:23:03,020 - INFO - Extracted: ZERO - 30-May-24
2025-05-06 20:23:03,020 - INFO - Found funding amount: 26112523
2025-05-06 20:23:03,050 - INFO - Extracted: Functional Finance - 30-May-24
2025-05-06 20:23:03,050 - INFO - Found funding amount: 16999992
2025-05-06 20:23:03,084 - INFO - Extracted: Valar Labs - 30-May-24
2025-05-06 20:23:03,084 - INFO - Found funding amount: 22000000
2025-05-06 20:23:03,113 - INFO - Extracted: BabylonChain - 30-May-24
2025-05-06 20:23:03,113 - INFO - Found funding amount: 70000000
2025-05-06 20:23:03,144 - INFO - Extracted: Plenful - 30-May-24
2025-05-06 20:23:03,144 - INFO - Found funding amount: 17000000
2025-05-06 20:23:03,177 - INFO - Extracted: TraceAir - 29-May-24
2025-05-06 20:23:03,177 - INFO - Found funding amount: 25000000
2025-05-06 20:23:03,217 - INFO - Extracted: Frore Systems - 29-May-24
2025-05-06 20:23:03,217 - INFO - Found funding amount: 80000000
2025-05-06 20:23:03,217 - INFO - Successfully extracted 20 new companies from page 32
2025-05-06 20:23:03,217 - INFO - Attempting to navigate from page 32
2025-05-06 20:23:07,489 - INFO - JavaScript verification confirmed page changed
2025-05-06 20:23:08,595 - INFO - Extracting data from page 17
2025-05-06 20:23:09,025 - INFO - JavaScript verification confirmed page changed
2025-05-06 20:23:09,156 - INFO - Trying standard table extraction
2025-05-06 20:23:09,194 - INFO - Found funding amount column at index 6
2025-05-06 20:23:09,197 - INFO - Found headquarters column at index 7
2025-05-06 20:23:09,205 - INFO - Found 22 potential data rows
2025-05-06 20:23:09,247 - INFO - Extracted: Genome Medical - 23-Sep-24
2025-05-06 20:23:09,247 - INFO - Found funding amount: 75344304
2025-05-06 20:23:09,278 - INFO - Extracted: Hippocratic AI - 19-Sep-24
2025-05-06 20:23:09,278 - INFO - Found funding amount: 53000000
2025-05-06 20:23:09,309 - INFO - Extracted: Akia - 19-Sep-24
2025-05-06 20:23:09,309 - INFO - Found funding amount: 4999998
2025-05-06 20:23:09,339 - INFO - Extracted: Ferrum Health - 19-Sep-24
2025-05-06 20:23:09,339 - INFO - Found funding amount: 16000000
2025-05-06 20:23:09,370 - INFO - Extracted: Twelve - 19-Sep-24
2025-05-06 20:23:09,370 - INFO - Found funding amount: 400000000
2025-05-06 20:23:09,400 - INFO - Extracted: Aclima - 19-Sep-24
2025-05-06 20:23:09,400 - INFO - Found funding amount: 13000000
2025-05-06 20:23:09,431 - INFO - Extracted: AtoB - 19-Sep-24
2025-05-06 20:23:09,431 - INFO - Found funding amount: 130000000
2025-05-06 20:23:09,465 - INFO - Extracted: Picus Security - 19-Sep-24
2025-05-06 20:23:09,465 - INFO - Found funding amount: 45000000
2025-05-06 20:23:09,497 - INFO - Extracted: Oro Labs - 18-Sep-24
2025-05-06 20:23:09,497 - INFO - Found funding amount: 34000000
2025-05-06 20:23:09,527 - INFO - Extracted: Fal - 18-Sep-24
2025-05-06 20:23:09,527 - INFO - Found funding amount: 14000000
2025-05-06 20:23:09,556 - INFO - Extracted: Mercor - 18-Sep-24
2025-05-06 20:23:09,557 - INFO - Found funding amount: 30000000
2025-05-06 20:23:09,587 - INFO - Extracted: Harvest Thermal - 18-Sep-24
2025-05-06 20:23:09,587 - INFO - Found funding amount: 2000000
2025-05-06 20:23:09,618 - INFO - Extracted: CodePath - 18-Sep-24
2025-05-06 20:23:09,618 - INFO - Found funding amount: 50000000
2025-05-06 20:23:09,650 - INFO - Extracted: Hgen - 17-Sep-24
2025-05-06 20:23:09,650 - INFO - Found funding amount: 5000000
2025-05-06 20:23:09,681 - INFO - Extracted: Orb - 17-Sep-24
2025-05-06 20:23:09,681 - INFO - Found funding amount: 25000000
2025-05-06 20:23:09,716 - INFO - Extracted: Mindtrip - 17-Sep-24
2025-05-06 20:23:09,716 - INFO - Found funding amount: 12000000
2025-05-06 20:23:09,745 - INFO - Extracted: Futuro Health - 17-Sep-24
2025-05-06 20:23:09,745 - INFO - Found funding amount: 10200000
2025-05-06 20:23:09,776 - INFO - Extracted: Prof Jim - 17-Sep-24
2025-05-06 20:23:09,776 - INFO - Found funding amount: 1500000
2025-05-06 20:23:09,807 - INFO - Extracted: TeamBridge - 16-Sep-24
2025-05-06 20:23:09,807 - INFO - Found funding amount: 28000000
2025-05-06 20:23:09,838 - INFO - Extracted: World Labs - 13-Sep-24
2025-05-06 20:23:09,838 - INFO - Found funding amount: 230000000
2025-05-06 20:23:09,838 - INFO - Successfully extracted 20 new companies from page 17
2025-05-06 20:23:09,838 - INFO - Attempting to navigate from page 17
2025-05-06 20:23:10,223 - INFO - Extracting data from page 33
2025-05-06 20:23:11,109 - INFO - Trying standard table extraction
2025-05-06 20:23:11,170 - INFO - Found funding amount column at index 6
2025-05-06 20:23:11,174 - INFO - Found headquarters column at index 7
2025-05-06 20:23:11,183 - INFO - Found 22 potential data rows
2025-05-06 20:23:11,229 - INFO - Extracted: Figma - 29-May-24
2025-05-06 20:23:11,229 - INFO - Found funding amount: 415749740
2025-05-06 20:23:11,259 - INFO - Extracted: Kinisi - 29-May-24
2025-05-06 20:23:11,259 - INFO - Found funding amount: 437000
2025-05-06 20:23:11,289 - INFO - Extracted: App Orchid - 28-May-24
2025-05-06 20:23:11,290 - INFO - Found funding amount: 1500000
2025-05-06 20:23:11,319 - INFO - Extracted: OpsMx - 28-May-24
2025-05-06 20:23:11,319 - INFO - Found funding amount: 0
2025-05-06 20:23:11,350 - INFO - Extracted: LiveReach Media - 28-May-24
2025-05-06 20:23:11,350 - INFO - Found funding amount: 6908849
2025-05-06 20:23:11,381 - INFO - Extracted: Transcend - 28-May-24
2025-05-06 20:23:11,381 - INFO - Found funding amount: 40000000
2025-05-06 20:23:11,413 - INFO - Extracted: Aperture Finance - 28-May-24
2025-05-06 20:23:11,413 - INFO - Found funding amount: 6700000
2025-05-06 20:23:11,443 - INFO - Extracted: Felix - 28-May-24
2025-05-06 20:23:11,443 - INFO - Found funding amount: 15500000
2025-05-06 20:23:11,478 - INFO - Extracted: Sempera Organics - 24-May-24
2025-05-06 20:23:11,479 - INFO - Found funding amount: 2612490
2025-05-06 20:23:11,522 - INFO - Extracted: Heyday - 24-May-24
2025-05-06 20:23:11,522 - INFO - Found funding amount: 0
2025-05-06 20:23:11,555 - INFO - Extracted: Killington Technologies - 24-May-24
2025-05-06 20:23:11,555 - INFO - Found funding amount: 400000
2025-05-06 20:23:11,587 - INFO - Extracted: Lumos - 23-May-24
2025-05-06 20:23:11,587 - INFO - Found funding amount: 35000000
2025-05-06 20:23:11,632 - INFO - Extracted: Userfront - 23-May-24
2025-05-06 20:23:11,632 - INFO - Found funding amount: 5300000
2025-05-06 20:23:11,663 - INFO - Extracted: Supermove - 23-May-24
2025-05-06 20:23:11,663 - INFO - Found funding amount: 0
2025-05-06 20:23:11,699 - INFO - Extracted: Aduro Advisors - 23-May-24
2025-05-06 20:23:11,699 - INFO - Found funding amount: 0
2025-05-06 20:23:11,732 - INFO - Extracted: forml - 23-May-24
2025-05-06 20:23:11,732 - INFO - Found funding amount: 546477
2025-05-06 20:23:11,762 - INFO - Extracted: BeeHero - 23-May-24
2025-05-06 20:23:11,762 - INFO - Found funding amount: 500000
2025-05-06 20:23:11,792 - INFO - Extracted: Founder AI - 22-May-24
2025-05-06 20:23:11,792 - INFO - Found funding amount: 3000000
2025-05-06 20:23:11,821 - INFO - Extracted: HoundDog.ai - 22-May-24
2025-05-06 20:23:11,821 - INFO - Found funding amount: 3100000
2025-05-06 20:23:11,851 - INFO - Extracted: Amino - 22-May-24
2025-05-06 20:23:11,851 - INFO - Found funding amount: 10000000
2025-05-06 20:23:11,851 - INFO - Successfully extracted 20 new companies from page 33
2025-05-06 20:23:11,851 - INFO - Attempting to navigate from page 33
2025-05-06 20:23:16,154 - INFO - JavaScript verification confirmed page changed
2025-05-06 20:23:16,962 - INFO - Extracting data from page 18
2025-05-06 20:23:17,576 - INFO - Trying standard table extraction
2025-05-06 20:23:17,638 - INFO - Found funding amount column at index 6
2025-05-06 20:23:17,643 - INFO - Found headquarters column at index 7
2025-05-06 20:23:17,652 - INFO - Found 22 potential data rows
2025-05-06 20:23:17,696 - INFO - Extracted: Operant - 12-Sep-24
2025-05-06 20:23:17,696 - INFO - Found funding amount: 10000000
2025-05-06 20:23:17,731 - INFO - Extracted: Bounti.ai - 12-Sep-24
2025-05-06 20:23:17,731 - INFO - Found funding amount: 16000000
2025-05-06 20:23:17,762 - INFO - Extracted: Connectly.ai - 11-Sep-24
2025-05-06 20:23:17,762 - INFO - Found funding amount: 20000000
2025-05-06 20:23:17,777 - INFO - JavaScript verification confirmed page changed
2025-05-06 20:23:17,794 - INFO - Extracted: Nostra AI - 11-Sep-24
2025-05-06 20:23:17,794 - INFO - Found funding amount: 8900000
2025-05-06 20:23:17,826 - INFO - Extracted: Candid Health - 11-Sep-24
2025-05-06 20:23:17,826 - INFO - Found funding amount: 29000000
2025-05-06 20:23:17,856 - INFO - Extracted: Polly - 10-Sep-24
2025-05-06 20:23:17,856 - INFO - Found funding amount: 25000000
2025-05-06 20:23:17,888 - INFO - Extracted: Glean - 10-Sep-24
2025-05-06 20:23:17,888 - INFO - Found funding amount: 260000000
2025-05-06 20:23:17,918 - INFO - Extracted: Reshape Automation - 10-Sep-24
2025-05-06 20:23:17,918 - INFO - Found funding amount: 5000000
2025-05-06 20:23:17,947 - INFO - Extracted: Infinium - 10-Sep-24
2025-05-06 20:23:17,947 - INFO - Found funding amount: 0
2025-05-06 20:23:17,976 - INFO - Extracted: Blended Technologies - 10-Sep-24
2025-05-06 20:23:17,976 - INFO - Found funding amount: 2500000
2025-05-06 20:23:18,006 - INFO - Extracted: AttoTude - 10-Sep-24
2025-05-06 20:23:18,006 - INFO - Found funding amount: 29000000
2025-05-06 20:23:18,037 - INFO - Extracted: Neurona Therapeutics - 10-Sep-24
2025-05-06 20:23:18,037 - INFO - Found funding amount: 3800000
2025-05-06 20:23:18,068 - INFO - Extracted: P0 Security - 10-Sep-24
2025-05-06 20:23:18,068 - INFO - Found funding amount: 15000000
2025-05-06 20:23:18,098 - INFO - Extracted: PIN AI - 9-Sep-24
2025-05-06 20:23:18,098 - INFO - Found funding amount: 10000000
2025-05-06 20:23:18,127 - INFO - Extracted: Race - 9-Sep-24
2025-05-06 20:23:18,127 - INFO - Found funding amount: 375000000
2025-05-06 20:23:18,167 - INFO - Extracted: OrsoBio - 6-Sep-24
2025-05-06 20:23:18,167 - INFO - Found funding amount: 67000000
2025-05-06 20:23:18,197 - INFO - Extracted: DubClub - 5-Sep-24
2025-05-06 20:23:18,197 - INFO - Found funding amount: 7500000
2025-05-06 20:23:18,229 - INFO - Extracted: Thatch - 5-Sep-24
2025-05-06 20:23:18,229 - INFO - Found funding amount: 38000000
2025-05-06 20:23:18,259 - INFO - Extracted: Drip Capital - 5-Sep-24
2025-05-06 20:23:18,259 - INFO - Found funding amount: 90000000
2025-05-06 20:23:18,265 - INFO - Extracting data from page 34
2025-05-06 20:23:18,290 - INFO - Extracted: Acuvity - 5-Sep-24
2025-05-06 20:23:18,290 - INFO - Found funding amount: 9000000
2025-05-06 20:23:18,290 - INFO - Successfully extracted 20 new companies from page 18
2025-05-06 20:23:18,290 - INFO - Attempting to navigate from page 18
2025-05-06 20:23:19,423 - INFO - Trying standard table extraction
2025-05-06 20:23:19,478 - INFO - Found funding amount column at index 6
2025-05-06 20:23:19,483 - INFO - Found headquarters column at index 7
2025-05-06 20:23:19,491 - INFO - Found 22 potential data rows
2025-05-06 20:23:19,534 - INFO - Extracted: California Walnuts - 22-May-24
2025-05-06 20:23:19,534 - INFO - Found funding amount: 7000000
2025-05-06 20:23:19,564 - INFO - Extracted: Verse - 22-May-24
2025-05-06 20:23:19,565 - INFO - Found funding amount: 20500000
2025-05-06 20:23:19,595 - INFO - Extracted: KETOS - 21-May-24
2025-05-06 20:23:19,595 - INFO - Found funding amount: 10000000
2025-05-06 20:23:19,626 - INFO - Extracted: XGS Energy - 21-May-24
2025-05-06 20:23:19,626 - INFO - Found funding amount: 20000000
2025-05-06 20:23:19,657 - INFO - Extracted: Materna Medical - 21-May-24
2025-05-06 20:23:19,657 - INFO - Found funding amount: 20000000
2025-05-06 20:23:19,695 - INFO - Extracted: Coactive AI - 21-May-24
2025-05-06 20:23:19,696 - INFO - Found funding amount: 30000000
2025-05-06 20:23:19,742 - INFO - Extracted: AltruBio - 21-May-24
2025-05-06 20:23:19,742 - INFO - Found funding amount: 225000000
2025-05-06 20:23:19,773 - INFO - Extracted: Infinx - 21-May-24
2025-05-06 20:23:19,773 - INFO - Found funding amount: 0
2025-05-06 20:23:19,802 - INFO - Extracted: UberCloud - 21-May-24
2025-05-06 20:23:19,802 - INFO - Found funding amount: 20000000
2025-05-06 20:23:19,833 - INFO - Extracted: daydream Labs - 20-May-24
2025-05-06 20:23:19,833 - INFO - Found funding amount: 6217281
2025-05-06 20:23:19,863 - INFO - Extracted: UTOBO - 20-May-24
2025-05-06 20:23:19,863 - INFO - Found funding amount: 0
2025-05-06 20:23:19,892 - INFO - Extracted: Bedrock Materials - 16-May-24
2025-05-06 20:23:19,892 - INFO - Found funding amount: 9000000
2025-05-06 20:23:19,921 - INFO - Extracted: Tree Line Capital Partners - 16-May-24
2025-05-06 20:23:19,922 - INFO - Found funding amount: 0
2025-05-06 20:23:19,951 - INFO - Extracted: Sigma Computing - 16-May-24
2025-05-06 20:23:19,951 - INFO - Found funding amount: 200000000
2025-05-06 20:23:19,983 - INFO - Extracted: Alkira - 15-May-24
2025-05-06 20:23:19,983 - INFO - Found funding amount: 100000000
2025-05-06 20:23:20,012 - INFO - Extracted: MULTI¬∑ON - 15-May-24
2025-05-06 20:23:20,012 - INFO - Found funding amount: 0
2025-05-06 20:23:20,042 - INFO - Extracted: Recall.ai - 15-May-24
2025-05-06 20:23:20,043 - INFO - Found funding amount: 10000000
2025-05-06 20:23:20,075 - INFO - Extracted: WEKA - 15-May-24
2025-05-06 20:23:20,075 - INFO - Found funding amount: 140000000
2025-05-06 20:23:20,106 - INFO - Extracted: AtlasPro AI - 15-May-24
2025-05-06 20:23:20,106 - INFO - Found funding amount: 0
2025-05-06 20:23:20,137 - INFO - Extracted: LanceDB - 15-May-24
2025-05-06 20:23:20,137 - INFO - Found funding amount: 8000000
2025-05-06 20:23:20,137 - INFO - Successfully extracted 20 new companies from page 34
2025-05-06 20:23:20,137 - INFO - Attempting to navigate from page 34
2025-05-06 20:23:23,882 - INFO - JavaScript verification confirmed page changed
2025-05-06 20:23:24,968 - INFO - Extracting data from page 19
2025-05-06 20:23:25,420 - INFO - Trying standard table extraction
2025-05-06 20:23:25,473 - INFO - Found funding amount column at index 6
2025-05-06 20:23:25,477 - INFO - Found headquarters column at index 7
2025-05-06 20:23:25,486 - INFO - Found 22 potential data rows
2025-05-06 20:23:25,530 - INFO - Extracted: Portex - 5-Sep-24
2025-05-06 20:23:25,530 - INFO - Found funding amount: 6250000
2025-05-06 20:23:25,560 - INFO - Extracted: Agree.com - 5-Sep-24
2025-05-06 20:23:25,560 - INFO - Found funding amount: 3000000
2025-05-06 20:23:25,596 - INFO - Extracted: Fiddler AI - 5-Sep-24
2025-05-06 20:23:25,596 - INFO - Found funding amount: 18949994
2025-05-06 20:23:25,627 - INFO - Extracted: Cortex - 4-Sep-24
2025-05-06 20:23:25,627 - INFO - Found funding amount: 60000000
2025-05-06 20:23:25,658 - INFO - Extracted: ArsenalBio - 4-Sep-24
2025-05-06 20:23:25,658 - INFO - Found funding amount: 325000000
2025-05-06 20:23:25,687 - INFO - Extracted: Ceres Imaging - 4-Sep-24
2025-05-06 20:23:25,688 - INFO - Found funding amount: 0
2025-05-06 20:23:25,718 - INFO - Extracted: Venova Medical - 4-Sep-24
2025-05-06 20:23:25,718 - INFO - Found funding amount: 30000000
2025-05-06 20:23:25,749 - INFO - Extracted: Climax Foods - 4-Sep-24
2025-05-06 20:23:25,749 - INFO - Found funding amount: 0
2025-05-06 20:23:25,780 - INFO - Extracted: Flex - 4-Sep-24
2025-05-06 20:23:25,780 - INFO - Found funding amount: 3200000
2025-05-06 20:23:25,810 - INFO - Extracted: Circle Pharma - 3-Sep-24
2025-05-06 20:23:25,810 - INFO - Found funding amount: 90000000
2025-05-06 20:23:25,840 - INFO - Extracted: Segmed - 3-Sep-24
2025-05-06 20:23:25,840 - INFO - Found funding amount: 10400000
2025-05-06 20:23:25,869 - INFO - Extracted: Linea Energy - 3-Sep-24
2025-05-06 20:23:25,869 - INFO - Found funding amount: 145000000
2025-05-06 20:23:25,907 - INFO - Extracted: Gainful - 3-Sep-24
2025-05-06 20:23:25,907 - INFO - Found funding amount: 0
2025-05-06 20:23:25,939 - INFO - Extracted: Mintlify - 3-Sep-24
2025-05-06 20:23:25,939 - INFO - Found funding amount: 18500000
2025-05-06 20:23:25,970 - INFO - Extracted: Magic Lifescience - 3-Sep-24
2025-05-06 20:23:25,970 - INFO - Found funding amount: 163398
2025-05-06 20:23:26,003 - INFO - Extracted: Approveit - 2-Sep-24
2025-05-06 20:23:26,003 - INFO - Found funding amount: 1000000
2025-05-06 20:23:26,033 - INFO - Extracted: Weeknd - 1-Sep-24
2025-05-06 20:23:26,033 - INFO - Found funding amount: 0
2025-05-06 20:23:26,063 - INFO - Extracted: Crafty Apes - 30-Aug-24
2025-05-06 20:23:26,063 - INFO - Found funding amount: 0
2025-05-06 20:23:26,094 - INFO - Extracted: Codeium - 29-Aug-24
2025-05-06 20:23:26,094 - INFO - Found funding amount: 150000000
2025-05-06 20:23:26,124 - INFO - Extracted: MIRIS - 29-Aug-24
2025-05-06 20:23:26,125 - INFO - Found funding amount: 26000000
2025-05-06 20:23:26,125 - INFO - Successfully extracted 20 new companies from page 19
2025-05-06 20:23:26,125 - INFO - Attempting to navigate from page 19
2025-05-06 20:23:26,288 - INFO - JavaScript verification confirmed page changed
2025-05-06 20:23:27,213 - INFO - Extracting data from page 35
2025-05-06 20:23:27,987 - INFO - Trying standard table extraction
2025-05-06 20:23:28,058 - INFO - Found funding amount column at index 6
2025-05-06 20:23:28,062 - INFO - Found headquarters column at index 7
2025-05-06 20:23:28,069 - INFO - Found 22 potential data rows
2025-05-06 20:23:28,111 - INFO - Extracted: Layer Financial Technologies - 15-May-24
2025-05-06 20:23:28,111 - INFO - Found funding amount: 2700000
2025-05-06 20:23:28,143 - INFO - Extracted: Apriora - 15-May-24
2025-05-06 20:23:28,143 - INFO - Found funding amount: 2800000
2025-05-06 20:23:28,173 - INFO - Extracted: Dosu - 14-May-24
2025-05-06 20:23:28,173 - INFO - Found funding amount: 8524997
2025-05-06 20:23:28,203 - INFO - Extracted: Harness - 14-May-24
2025-05-06 20:23:28,203 - INFO - Found funding amount: 150000000
2025-05-06 20:23:28,233 - INFO - Extracted: Gorgias - 14-May-24
2025-05-06 20:23:28,233 - INFO - Found funding amount: 29000000
2025-05-06 20:23:28,263 - INFO - Extracted: Glydways - 14-May-24
2025-05-06 20:23:28,263 - INFO - Found funding amount: 20000000
2025-05-06 20:23:28,293 - INFO - Extracted: Anthropos - 14-May-24
2025-05-06 20:23:28,293 - INFO - Found funding amount: 2700000
2025-05-06 20:23:28,322 - INFO - Extracted: The Fresno Area Hispanic Foundation - 14-May-24
2025-05-06 20:23:28,322 - INFO - Found funding amount: 1000000
2025-05-06 20:23:28,369 - INFO - Extracted: Orange Charger - 14-May-24
2025-05-06 20:23:28,369 - INFO - Found funding amount: 6500000
2025-05-06 20:23:28,399 - INFO - Extracted: Curve Biosciences - 13-May-24
2025-05-06 20:23:28,399 - INFO - Found funding amount: 17691996
2025-05-06 20:23:28,430 - INFO - Extracted: Mitra Chem - 13-May-24
2025-05-06 20:23:28,430 - INFO - Found funding amount: 40000000
2025-05-06 20:23:28,458 - INFO - Extracted: ChainML - 13-May-24
2025-05-06 20:23:28,459 - INFO - Found funding amount: 6200000
2025-05-06 20:23:28,488 - INFO - Extracted: The Bot Company - 13-May-24
2025-05-06 20:23:28,488 - INFO - Found funding amount: 150000000
2025-05-06 20:23:28,519 - INFO - Extracted: Triomics - 9-May-24
2025-05-06 20:23:28,519 - INFO - Found funding amount: 15000000
2025-05-06 20:23:28,550 - INFO - Extracted: Plenty - 9-May-24
2025-05-06 20:23:28,550 - INFO - Found funding amount: 5000000
2025-05-06 20:23:28,587 - INFO - Extracted: Q'Apel Medical - 9-May-24
2025-05-06 20:23:28,587 - INFO - Found funding amount: 17130411
2025-05-06 20:23:28,617 - INFO - Extracted: Bluejay Therapeutics - 9-May-24
2025-05-06 20:23:28,617 - INFO - Found funding amount: 182000000
2025-05-06 20:23:28,650 - INFO - Extracted: Altera - 8-May-24
2025-05-06 20:23:28,650 - INFO - Found funding amount: 9000000
2025-05-06 20:23:28,680 - INFO - Extracted: DatologyAI - 8-May-24
2025-05-06 20:23:28,680 - INFO - Found funding amount: 46000000
2025-05-06 20:23:28,710 - INFO - Extracted: 4L Data Intelligence - 8-May-24
2025-05-06 20:23:28,710 - INFO - Found funding amount: 1000000
2025-05-06 20:23:28,710 - INFO - Successfully extracted 20 new companies from page 35
2025-05-06 20:23:28,710 - INFO - Attempting to navigate from page 35
2025-05-06 20:23:31,366 - INFO - JavaScript verification confirmed page changed
2025-05-06 20:23:32,363 - INFO - Extracting data from page 20
2025-05-06 20:23:33,351 - INFO - Trying standard table extraction
2025-05-06 20:23:33,419 - INFO - Found funding amount column at index 6
2025-05-06 20:23:33,424 - INFO - Found headquarters column at index 7
2025-05-06 20:23:33,433 - INFO - Found 22 potential data rows
2025-05-06 20:23:33,478 - INFO - Extracted: nOps - 28-Aug-24
2025-05-06 20:23:33,478 - INFO - Found funding amount: 30000000
2025-05-06 20:23:33,507 - INFO - Extracted: Uplift Labs - 28-Aug-24
2025-05-06 20:23:33,507 - INFO - Found funding amount: 2100000
2025-05-06 20:23:33,537 - INFO - Extracted: Opus Clip - 28-Aug-24
2025-05-06 20:23:33,537 - INFO - Found funding amount: 30000000
2025-05-06 20:23:33,567 - INFO - Extracted: Bland AI - 28-Aug-24
2025-05-06 20:23:33,567 - INFO - Found funding amount: 16000000
2025-05-06 20:23:33,598 - INFO - Extracted: Noetik - 28-Aug-24
2025-05-06 20:23:33,598 - INFO - Found funding amount: 40000000
2025-05-06 20:23:33,630 - INFO - Extracted: Inventive AI - 28-Aug-24
2025-05-06 20:23:33,630 - INFO - Found funding amount: 4000000
2025-05-06 20:23:33,661 - INFO - Extracted: Linker Finance - 27-Aug-24
2025-05-06 20:23:33,661 - INFO - Found funding amount: 3700000
2025-05-06 20:23:33,691 - INFO - Extracted: ProhostAI - 27-Aug-24
2025-05-06 20:23:33,691 - INFO - Found funding amount: 1465000
2025-05-06 20:23:33,721 - INFO - Extracted: Cribl - 27-Aug-24
2025-05-06 20:23:33,721 - INFO - Found funding amount: 200000000
2025-05-06 20:23:33,750 - INFO - Extracted: Gameplay Galaxy - 27-Aug-24
2025-05-06 20:23:33,750 - INFO - Found funding amount: 11170000
2025-05-06 20:23:33,782 - INFO - Extracted: Spire Global - 27-Aug-24
2025-05-06 20:23:33,782 - INFO - Found funding amount: 3500000
2025-05-06 20:23:33,814 - INFO - Extracted: Fleet - 27-Aug-24
2025-05-06 20:23:33,814 - INFO - Found funding amount: 2500000
2025-05-06 20:23:33,844 - INFO - Extracted: just words - 27-Aug-24
2025-05-06 20:23:33,844 - INFO - Found funding amount: 1700000
2025-05-06 20:23:33,873 - INFO - Extracted: Planera - 27-Aug-24
2025-05-06 20:23:33,873 - INFO - Found funding amount: 13500000
2025-05-06 20:23:33,903 - INFO - Extracted: Clearway Energy Group - 26-Aug-24
2025-05-06 20:23:33,903 - INFO - Found funding amount: 550000000
2025-05-06 20:23:33,937 - INFO - Extracted: Tavoro - 26-Aug-24
2025-05-06 20:23:33,938 - INFO - Found funding amount: 2500000
2025-05-06 20:23:33,968 - INFO - Extracted: Accession Risk Management Group - 22-Aug-24
2025-05-06 20:23:33,968 - INFO - Found funding amount: 1000000000
2025-05-06 20:23:33,999 - INFO - Extracted: Openwater - 22-Aug-24
2025-05-06 20:23:33,999 - INFO - Found funding amount: 54000000
2025-05-06 20:23:34,029 - INFO - Extracted: Scale AI - 21-Aug-24
2025-05-06 20:23:34,029 - INFO - Found funding amount: 1000000000
2025-05-06 20:23:34,059 - INFO - Extracted: Kodiak Robotics - 21-Aug-24
2025-05-06 20:23:34,059 - INFO - Found funding amount: 0
2025-05-06 20:23:34,059 - INFO - Successfully extracted 20 new companies from page 20
2025-05-06 20:23:34,059 - INFO - Attempting to navigate from page 20
2025-05-06 20:23:34,522 - INFO - JavaScript verification confirmed page changed
2025-05-06 20:23:35,579 - INFO - Extracting data from page 36
2025-05-06 20:23:36,511 - INFO - Trying standard table extraction
2025-05-06 20:23:36,579 - INFO - Found funding amount column at index 6
2025-05-06 20:23:36,584 - INFO - Found headquarters column at index 7
2025-05-06 20:23:36,593 - INFO - Found 22 potential data rows
2025-05-06 20:23:36,638 - INFO - Extracted: ChangeEngine - 8-May-24
2025-05-06 20:23:36,638 - INFO - Found funding amount: 10000000
2025-05-06 20:23:36,669 - INFO - Extracted: Voyage Foods - 8-May-24
2025-05-06 20:23:36,669 - INFO - Found funding amount: 52000000
2025-05-06 20:23:36,698 - INFO - Extracted: Rad AI - 7-May-24
2025-05-06 20:23:36,698 - INFO - Found funding amount: 50000000
2025-05-06 20:23:36,729 - INFO - Extracted: Trust for Public Land - 7-May-24
2025-05-06 20:23:36,729 - INFO - Found funding amount: 200000
2025-05-06 20:23:36,759 - INFO - Extracted: Saved By Nature - 7-May-24
2025-05-06 20:23:36,759 - INFO - Found funding amount: 40000
2025-05-06 20:23:36,789 - INFO - Extracted: Composabl - 7-May-24
2025-05-06 20:23:36,789 - INFO - Found funding amount: 4250000
2025-05-06 20:23:36,820 - INFO - Extracted: Plan By - 7-May-24
2025-05-06 20:23:36,820 - INFO - Found funding amount: 0
2025-05-06 20:23:36,849 - INFO - Extracted: iFrameAI Health - 7-May-24
2025-05-06 20:23:36,850 - INFO - Found funding amount: 0
2025-05-06 20:23:36,879 - INFO - Extracted: Justice Outside - 7-May-24
2025-05-06 20:23:36,879 - INFO - Found funding amount: 100000
2025-05-06 20:23:36,910 - INFO - Extracted: Anetac - 6-May-24
2025-05-06 20:23:36,910 - INFO - Found funding amount: 16000000
2025-05-06 20:23:36,940 - INFO - Extracted: Sagetap - 6-May-24
2025-05-06 20:23:36,940 - INFO - Found funding amount: 6800000
2025-05-06 20:23:36,971 - INFO - Extracted: Karius - 2-May-24
2025-05-06 20:23:36,971 - INFO - Found funding amount: 100000000
2025-05-06 20:23:37,000 - INFO - Extracted: Altruist - 2-May-24
2025-05-06 20:23:37,000 - INFO - Found funding amount: 169000000
2025-05-06 20:23:37,030 - INFO - Extracted: Paragraph - 2-May-24
2025-05-06 20:23:37,030 - INFO - Found funding amount: 5000000
2025-05-06 20:23:37,060 - INFO - Extracted: Transcarent - 2-May-24
2025-05-06 20:23:37,060 - INFO - Found funding amount: 126000000
2025-05-06 20:23:37,090 - INFO - Extracted: Mimic - 2-May-24
2025-05-06 20:23:37,090 - INFO - Found funding amount: 27000000
2025-05-06 20:23:37,120 - INFO - Extracted: Boys & Girls Club of Silicon Valley - 2-May-24
2025-05-06 20:23:37,120 - INFO - Found funding amount: 100000
2025-05-06 20:23:37,151 - INFO - Extracted: CellChorus - 2-May-24
2025-05-06 20:23:37,152 - INFO - Found funding amount: 2500000
2025-05-06 20:23:37,181 - INFO - Extracted: Ex-human - 2-May-24
2025-05-06 20:23:37,181 - INFO - Found funding amount: 0
2025-05-06 20:23:37,213 - INFO - Extracted: Securitize - 1-May-24
2025-05-06 20:23:37,213 - INFO - Found funding amount: 47000000
2025-05-06 20:23:37,213 - INFO - Successfully extracted 20 new companies from page 36
2025-05-06 20:23:37,213 - INFO - Attempting to navigate from page 36
2025-05-06 20:23:40,452 - INFO - JavaScript verification confirmed page changed
2025-05-06 20:23:41,508 - INFO - Extracting data from page 21
2025-05-06 20:23:42,329 - INFO - Trying standard table extraction
2025-05-06 20:23:42,389 - INFO - Found funding amount column at index 6
2025-05-06 20:23:42,394 - INFO - Found headquarters column at index 7
2025-05-06 20:23:42,402 - INFO - Found 22 potential data rows
2025-05-06 20:23:42,446 - INFO - Extracted: Qualified Digital - 21-Aug-24
2025-05-06 20:23:42,446 - INFO - Found funding amount: 0
2025-05-06 20:23:42,475 - INFO - Extracted: Skyfire Systems - 21-Aug-24
2025-05-06 20:23:42,475 - INFO - Found funding amount: 8500000
2025-05-06 20:23:42,505 - INFO - Extracted: XII Medical - 21-Aug-24
2025-05-06 20:23:42,505 - INFO - Found funding amount: 45000000
2025-05-06 20:23:42,536 - INFO - Extracted: Piramidal - 21-Aug-24
2025-05-06 20:23:42,536 - INFO - Found funding amount: 6000000
2025-05-06 20:23:42,566 - INFO - Extracted: Lettuce Financial - 21-Aug-24
2025-05-06 20:23:42,566 - INFO - Found funding amount: 15000000
2025-05-06 20:23:42,595 - INFO - Extracted: Enteligent - 20-Aug-24
2025-05-06 20:23:42,595 - INFO - Found funding amount: 6000000
2025-05-06 20:23:42,624 - INFO - Extracted: Starpath Robotics - 20-Aug-24
2025-05-06 20:23:42,624 - INFO - Found funding amount: 12000000
2025-05-06 20:23:42,660 - INFO - Extracted: Kubiya.ai - 20-Aug-24
2025-05-06 20:23:42,661 - INFO - Found funding amount: 6000000
2025-05-06 20:23:42,690 - INFO - Extracted: Marathon Fusion - 20-Aug-24
2025-05-06 20:23:42,691 - INFO - Found funding amount: 5900000
2025-05-06 20:23:42,720 - INFO - Extracted: Pangeam Inc. - 20-Aug-24
2025-05-06 20:23:42,720 - INFO - Found funding amount: 2750000
2025-05-06 20:23:42,750 - INFO - Extracted: Eppo - 20-Aug-24
2025-05-06 20:23:42,750 - INFO - Found funding amount: 28000000
2025-05-06 20:23:42,779 - INFO - Extracted: Fortera - 20-Aug-24
2025-05-06 20:23:42,779 - INFO - Found funding amount: 85000000
2025-05-06 20:23:42,780 - INFO - JavaScript verification confirmed page changed
2025-05-06 20:23:42,814 - INFO - Extracted: Exin Health - 19-Aug-24
2025-05-06 20:23:42,814 - INFO - Found funding amount: 0
2025-05-06 20:23:42,845 - INFO - Extracted: Fabric Cryptography - 19-Aug-24
2025-05-06 20:23:42,845 - INFO - Found funding amount: 33000000
2025-05-06 20:23:42,883 - INFO - Extracted: Ensemble AI - 15-Aug-24
2025-05-06 20:23:42,883 - INFO - Found funding amount: 3300000
2025-05-06 20:23:42,913 - INFO - Extracted: Era Finance - 15-Aug-24
2025-05-06 20:23:42,913 - INFO - Found funding amount: 9362409
2025-05-06 20:23:42,942 - INFO - Extracted: Kiteworks - 14-Aug-24
2025-05-06 20:23:42,942 - INFO - Found funding amount: 456000000
2025-05-06 20:23:42,970 - INFO - Extracted: nunu.ai - 14-Aug-24
2025-05-06 20:23:42,970 - INFO - Found funding amount: 2000000
2025-05-06 20:23:42,999 - INFO - Extracted: Moximed - 13-Aug-24
2025-05-06 20:23:42,999 - INFO - Found funding amount: 61000000
2025-05-06 20:23:43,029 - INFO - Extracted: Guidewheel - 13-Aug-24
2025-05-06 20:23:43,029 - INFO - Found funding amount: 31000000
2025-05-06 20:23:43,029 - INFO - Successfully extracted 20 new companies from page 21
2025-05-06 20:23:43,029 - INFO - Attempting to navigate from page 21
2025-05-06 20:23:43,447 - INFO - Extracting data from page 37
2025-05-06 20:23:43,955 - INFO - Trying standard table extraction
2025-05-06 20:23:44,003 - INFO - Found funding amount column at index 6
2025-05-06 20:23:44,007 - INFO - Found headquarters column at index 7
2025-05-06 20:23:44,015 - INFO - Found 22 potential data rows
2025-05-06 20:23:44,058 - INFO - Extracted: Peregrine Technologies - 1-May-24
2025-05-06 20:23:44,058 - INFO - Found funding amount: 30000000
2025-05-06 20:23:44,087 - INFO - Extracted: Traceable - 1-May-24
2025-05-06 20:23:44,087 - INFO - Found funding amount: 30000000
2025-05-06 20:23:44,117 - INFO - Extracted: Dodgeball - 1-May-24
2025-05-06 20:23:44,118 - INFO - Found funding amount: 0
2025-05-06 20:23:44,149 - INFO - Extracted: Corelight - 30-Apr-24
2025-05-06 20:23:44,149 - INFO - Found funding amount: 150000000
2025-05-06 20:23:44,180 - INFO - Extracted: Ansa - 30-Apr-24
2025-05-06 20:23:44,180 - INFO - Found funding amount: 14000000
2025-05-06 20:23:44,209 - INFO - Extracted: Pakal Technologies - 30-Apr-24
2025-05-06 20:23:44,210 - INFO - Found funding amount: 1666667
2025-05-06 20:23:44,239 - INFO - Extracted: Inhabitr - 30-Apr-24
2025-05-06 20:23:44,239 - INFO - Found funding amount: 27000000
2025-05-06 20:23:44,269 - INFO - Extracted: SafeBase - 30-Apr-24
2025-05-06 20:23:44,270 - INFO - Found funding amount: 33000000
2025-05-06 20:23:44,300 - INFO - Extracted: PsiQuantum - 30-Apr-24
2025-05-06 20:23:44,300 - INFO - Found funding amount: 0
2025-05-06 20:23:44,330 - INFO - Extracted: Surf Bio - 30-Apr-24
2025-05-06 20:23:44,330 - INFO - Found funding amount: 1600000
2025-05-06 20:23:44,360 - INFO - Extracted: Seam AI - 30-Apr-24
2025-05-06 20:23:44,360 - INFO - Found funding amount: 5000000
2025-05-06 20:23:44,390 - INFO - Extracted: Blend - 29-Apr-24
2025-05-06 20:23:44,390 - INFO - Found funding amount: 150000000
2025-05-06 20:23:44,419 - INFO - Extracted: Taiki - 29-Apr-24
2025-05-06 20:23:44,419 - INFO - Found funding amount: 0
2025-05-06 20:23:44,449 - INFO - Extracted: Elisity - 29-Apr-24
2025-05-06 20:23:44,449 - INFO - Found funding amount: 37000000
2025-05-06 20:23:44,481 - INFO - Extracted: Thintronics - 29-Apr-24
2025-05-06 20:23:44,481 - INFO - Found funding amount: 23000000
2025-05-06 20:23:44,510 - INFO - Extracted: RevenueCat - 25-Apr-24
2025-05-06 20:23:44,510 - INFO - Found funding amount: 12000000
2025-05-06 20:23:44,541 - INFO - Extracted: Movement Labs - 25-Apr-24
2025-05-06 20:23:44,541 - INFO - Found funding amount: 38000000
2025-05-06 20:23:44,571 - INFO - Extracted: Centro Community Partners - 25-Apr-24
2025-05-06 20:23:44,571 - INFO - Found funding amount: 325000
2025-05-06 20:23:44,601 - INFO - Extracted: Log10 - 24-Apr-24
2025-05-06 20:23:44,601 - INFO - Found funding amount: 7200000
2025-05-06 20:23:44,633 - INFO - Extracted: Midi Health - 24-Apr-24
2025-05-06 20:23:44,633 - INFO - Found funding amount: 60000000
2025-05-06 20:23:44,633 - INFO - Successfully extracted 20 new companies from page 37
2025-05-06 20:23:44,633 - INFO - Attempting to navigate from page 37
2025-05-06 20:23:48,531 - INFO - JavaScript verification confirmed page changed
2025-05-06 20:23:49,580 - INFO - Extracting data from page 22
2025-05-06 20:23:50,239 - INFO - Trying standard table extraction
2025-05-06 20:23:50,289 - INFO - Found funding amount column at index 6
2025-05-06 20:23:50,294 - INFO - Found headquarters column at index 7
2025-05-06 20:23:50,302 - INFO - Found 22 potential data rows
2025-05-06 20:23:50,346 - INFO - Extracted: Cision Vision - 13-Aug-24
2025-05-06 20:23:50,346 - INFO - Found funding amount: 22300000
2025-05-06 20:23:50,378 - INFO - Extracted: PayZen - 13-Aug-24
2025-05-06 20:23:50,379 - INFO - Found funding amount: 200000000
2025-05-06 20:23:50,411 - INFO - Extracted: Voltera - 13-Aug-24
2025-05-06 20:23:50,411 - INFO - Found funding amount: 100000000
2025-05-06 20:23:50,444 - INFO - Extracted: HeatMap, Inc - 13-Aug-24
2025-05-06 20:23:50,444 - INFO - Found funding amount: 4000000
2025-05-06 20:23:50,475 - INFO - Extracted: Cosine - 12-Aug-24
2025-05-06 20:23:50,475 - INFO - Found funding amount: 2500000
2025-05-06 20:23:50,504 - INFO - Extracted: DevRev - 9-Aug-24
2025-05-06 20:23:50,504 - INFO - Found funding amount: 100825173
2025-05-06 20:23:50,537 - INFO - Extracted: Double - 9-Aug-24
2025-05-06 20:23:50,537 - INFO - Found funding amount: 500000
2025-05-06 20:23:50,569 - INFO - Extracted: Brisk Teaching - 9-Aug-24
2025-05-06 20:23:50,569 - INFO - Found funding amount: 6899995
2025-05-06 20:23:50,576 - INFO - JavaScript verification confirmed page changed
2025-05-06 20:23:50,614 - INFO - Extracted: Feeling Great - 8-Aug-24
2025-05-06 20:23:50,615 - INFO - Found funding amount: 8000000
2025-05-06 20:23:50,645 - INFO - Extracted: Reforged Labs - 8-Aug-24
2025-05-06 20:23:50,645 - INFO - Found funding amount: 3900000
2025-05-06 20:23:50,678 - INFO - Extracted: Opal - 8-Aug-24
2025-05-06 20:23:50,678 - INFO - Found funding amount: 60000000
2025-05-06 20:23:50,707 - INFO - Extracted: Switchback Systems - 8-Aug-24
2025-05-06 20:23:50,707 - INFO - Found funding amount: 10088281
2025-05-06 20:23:50,736 - INFO - Extracted: Bardeen - 8-Aug-24
2025-05-06 20:23:50,736 - INFO - Found funding amount: 3000000
2025-05-06 20:23:50,766 - INFO - Extracted: Bryte - 8-Aug-24
2025-05-06 20:23:50,766 - INFO - Found funding amount: 1000000
2025-05-06 20:23:50,798 - INFO - Extracted: Ionetix - 7-Aug-24
2025-05-06 20:23:50,799 - INFO - Found funding amount: 0
2025-05-06 20:23:50,830 - INFO - Extracted: Anjuna - 7-Aug-24
2025-05-06 20:23:50,830 - INFO - Found funding amount: 25000000
2025-05-06 20:23:50,861 - INFO - Extracted: Flow - 7-Aug-24
2025-05-06 20:23:50,861 - INFO - Found funding amount: 6000000
2025-05-06 20:23:50,892 - INFO - Extracted: Napkin AI - 7-Aug-24
2025-05-06 20:23:50,892 - INFO - Found funding amount: 10000000
2025-05-06 20:23:50,922 - INFO - Extracted: Datch - 7-Aug-24
2025-05-06 20:23:50,922 - INFO - Found funding amount: 15000000
2025-05-06 20:23:50,952 - INFO - Extracted: Greptime - 7-Aug-24
2025-05-06 20:23:50,952 - INFO - Found funding amount: 0
2025-05-06 20:23:50,952 - INFO - Successfully extracted 20 new companies from page 22
2025-05-06 20:23:50,952 - INFO - Attempting to navigate from page 22
2025-05-06 20:23:51,416 - INFO - Extracting data from page 38
2025-05-06 20:23:51,994 - INFO - Trying standard table extraction
2025-05-06 20:23:52,050 - INFO - Found funding amount column at index 6
2025-05-06 20:23:52,054 - INFO - Found headquarters column at index 7
2025-05-06 20:23:52,063 - INFO - Found 22 potential data rows
2025-05-06 20:23:52,106 - INFO - Extracted: Faura - 24-Apr-24
2025-05-06 20:23:52,106 - INFO - Found funding amount: 500000
2025-05-06 20:23:52,136 - INFO - Extracted: Augment - 24-Apr-24
2025-05-06 20:23:52,136 - INFO - Found funding amount: 227000000
2025-05-06 20:23:52,168 - INFO - Extracted: Anon - 24-Apr-24
2025-05-06 20:23:52,168 - INFO - Found funding amount: 4500000
2025-05-06 20:23:52,198 - INFO - Extracted: Cognition - 24-Apr-24
2025-05-06 20:23:52,198 - INFO - Found funding amount: 175000000
2025-05-06 20:23:52,230 - INFO - Extracted: Amplifier Security - 24-Apr-24
2025-05-06 20:23:52,230 - INFO - Found funding amount: 3300000
2025-05-06 20:23:52,260 - INFO - Extracted: Clueso - 24-Apr-24
2025-05-06 20:23:52,260 - INFO - Found funding amount: 1400000
2025-05-06 20:23:52,290 - INFO - Extracted: Xaira Therapeutics - 23-Apr-24
2025-05-06 20:23:52,290 - INFO - Found funding amount: 1000000000
2025-05-06 20:23:52,320 - INFO - Extracted: Framework - 23-Apr-24
2025-05-06 20:23:52,320 - INFO - Found funding amount: 17000000
2025-05-06 20:23:52,351 - INFO - Extracted: Campus - 23-Apr-24
2025-05-06 20:23:52,351 - INFO - Found funding amount: 23000000
2025-05-06 20:23:52,381 - INFO - Extracted: Prophet Security - 23-Apr-24
2025-05-06 20:23:52,381 - INFO - Found funding amount: 11000000
2025-05-06 20:23:52,415 - INFO - Extracted: Clarity Pediatrics - 22-Apr-24
2025-05-06 20:23:52,415 - INFO - Found funding amount: 10000000
2025-05-06 20:23:52,446 - INFO - Extracted: Pomelo - 22-Apr-24
2025-05-06 20:23:52,446 - INFO - Found funding amount: 75000000
2025-05-06 20:23:52,475 - INFO - Extracted: Superinsight - 22-Apr-24
2025-05-06 20:23:52,475 - INFO - Found funding amount: 200000
2025-05-06 20:23:52,506 - INFO - Extracted: Observe - 22-Apr-24
2025-05-06 20:23:52,506 - INFO - Found funding amount: 124999987
2025-05-06 20:23:52,537 - INFO - Extracted: Rubedo Life Sciences - 22-Apr-24
2025-05-06 20:23:52,537 - INFO - Found funding amount: 40000000
2025-05-06 20:23:52,572 - INFO - Extracted: BuildCasa - 19-Apr-24
2025-05-06 20:23:52,572 - INFO - Found funding amount: 6592979
2025-05-06 20:23:52,602 - INFO - Extracted: XFactor - 18-Apr-24
2025-05-06 20:23:52,602 - INFO - Found funding amount: 16000000
2025-05-06 20:23:52,631 - INFO - Extracted: Clazar - 18-Apr-24
2025-05-06 20:23:52,632 - INFO - Found funding amount: 10000000
2025-05-06 20:23:52,663 - INFO - Extracted: Verne - 18-Apr-24
2025-05-06 20:23:52,663 - INFO - Found funding amount: 450000
2025-05-06 20:23:52,708 - INFO - Extracted: Anvilogic - 17-Apr-24
2025-05-06 20:23:52,708 - INFO - Found funding amount: 45000000
2025-05-06 20:23:52,708 - INFO - Successfully extracted 20 new companies from page 38
2025-05-06 20:23:52,708 - INFO - Attempting to navigate from page 38
2025-05-06 20:23:56,716 - INFO - JavaScript verification confirmed page changed
2025-05-06 20:23:57,762 - INFO - Extracting data from page 23
2025-05-06 20:23:57,964 - INFO - JavaScript verification confirmed page changed
2025-05-06 20:23:58,665 - INFO - Trying standard table extraction
2025-05-06 20:23:58,709 - INFO - Found funding amount column at index 6
2025-05-06 20:23:58,713 - INFO - Found headquarters column at index 7
2025-05-06 20:23:58,720 - INFO - Found 22 potential data rows
2025-05-06 20:23:58,785 - INFO - Extracted: Sundial - 6-Aug-24
2025-05-06 20:23:58,785 - INFO - Found funding amount: 23348218
2025-05-06 20:23:58,816 - INFO - Extracted: Mechanical Orchard - 6-Aug-24
2025-05-06 20:23:58,816 - INFO - Found funding amount: 50000000
2025-05-06 20:23:58,836 - INFO - Extracting data from page 39
2025-05-06 20:23:58,859 - INFO - Extracted: MentalHappy - 6-Aug-24
2025-05-06 20:23:58,859 - INFO - Found funding amount: 500000
2025-05-06 20:23:58,890 - INFO - Extracted: Abnormal Security - 6-Aug-24
2025-05-06 20:23:58,890 - INFO - Found funding amount: 250000000
2025-05-06 20:23:58,920 - INFO - Extracted: Climatize - 6-Aug-24
2025-05-06 20:23:58,920 - INFO - Found funding amount: 1750000
2025-05-06 20:23:58,949 - INFO - Extracted: Shinobi Therapeutics - 6-Aug-24
2025-05-06 20:23:58,949 - INFO - Found funding amount: 68000000
2025-05-06 20:23:58,980 - INFO - Extracted: Curio Research - 6-Aug-24
2025-05-06 20:23:58,980 - INFO - Found funding amount: 5700000
2025-05-06 20:23:59,010 - INFO - Extracted: Muon Space - 5-Aug-24
2025-05-06 20:23:59,010 - INFO - Found funding amount: 56703744
2025-05-06 20:23:59,039 - INFO - Extracted: Groq - 5-Aug-24
2025-05-06 20:23:59,039 - INFO - Found funding amount: 640000000
2025-05-06 20:23:59,069 - INFO - Extracted: AutoComplete - 5-Aug-24
2025-05-06 20:23:59,069 - INFO - Found funding amount: 0
2025-05-06 20:23:59,098 - INFO - Extracted: Solarcycle - 1-Aug-24
2025-05-06 20:23:59,098 - INFO - Found funding amount: 31629998
2025-05-06 20:23:59,137 - INFO - Extracted: Hedra - 1-Aug-24
2025-05-06 20:23:59,137 - INFO - Found funding amount: 10000000
2025-05-06 20:23:59,168 - INFO - Extracted: Skillfully - 1-Aug-24
2025-05-06 20:23:59,168 - INFO - Found funding amount: 2500000
2025-05-06 20:23:59,199 - INFO - Extracted: Global Predictions - 1-Aug-24
2025-05-06 20:23:59,199 - INFO - Found funding amount: 2000000
2025-05-06 20:23:59,229 - INFO - Extracted: Tezi - 31-Jul-24
2025-05-06 20:23:59,229 - INFO - Found funding amount: 9000000
2025-05-06 20:23:59,259 - INFO - Extracted: Thumbtack - 31-Jul-24
2025-05-06 20:23:59,259 - INFO - Found funding amount: 75000000
2025-05-06 20:23:59,288 - INFO - Extracted: Swords to Plowshares - 31-Jul-24
2025-05-06 20:23:59,288 - INFO - Found funding amount: 0
2025-05-06 20:23:59,318 - INFO - Extracted: Ema - 31-Jul-24
2025-05-06 20:23:59,318 - INFO - Found funding amount: 36000000
2025-05-06 20:23:59,349 - INFO - Extracted: Endari - 31-Jul-24
2025-05-06 20:23:59,349 - INFO - Found funding amount: 4000000
2025-05-06 20:23:59,379 - INFO - Extracted: Streamkap - 31-Jul-24
2025-05-06 20:23:59,379 - INFO - Found funding amount: 3300000
2025-05-06 20:23:59,379 - INFO - Successfully extracted 20 new companies from page 23
2025-05-06 20:23:59,379 - INFO - Attempting to navigate from page 23
2025-05-06 20:23:59,539 - INFO - Trying standard table extraction
2025-05-06 20:23:59,572 - INFO - Found funding amount column at index 6
2025-05-06 20:23:59,575 - INFO - Found headquarters column at index 7
2025-05-06 20:23:59,583 - INFO - Found 22 potential data rows
2025-05-06 20:23:59,641 - INFO - Extracted: Vorlon - 17-Apr-24
2025-05-06 20:23:59,641 - INFO - Found funding amount: 15700000
2025-05-06 20:23:59,676 - INFO - Extracted: Quilt - 16-Apr-24
2025-05-06 20:23:59,676 - INFO - Found funding amount: 33000000
2025-05-06 20:23:59,706 - INFO - Extracted: Powerbroker AI - 16-Apr-24
2025-05-06 20:23:59,706 - INFO - Found funding amount: 1500000
2025-05-06 20:23:59,736 - INFO - Extracted: Asher Bio - 16-Apr-24
2025-05-06 20:23:59,736 - INFO - Found funding amount: 55000000
2025-05-06 20:23:59,765 - INFO - Extracted: Rivos - 16-Apr-24
2025-05-06 20:23:59,766 - INFO - Found funding amount: 250000000
2025-05-06 20:23:59,796 - INFO - Extracted: Two Chairs - 16-Apr-24
2025-05-06 20:23:59,796 - INFO - Found funding amount: 72000000
2025-05-06 20:23:59,827 - INFO - Extracted: Ripcord - 16-Apr-24
2025-05-06 20:23:59,827 - INFO - Found funding amount: 32000000
2025-05-06 20:23:59,876 - INFO - Extracted: Loft Labs - 16-Apr-24
2025-05-06 20:23:59,876 - INFO - Found funding amount: 24000000
2025-05-06 20:23:59,907 - INFO - Extracted: Common Sense Privacy - 15-Apr-24
2025-05-06 20:23:59,908 - INFO - Found funding amount: 0
2025-05-06 20:23:59,937 - INFO - Extracted: Paraform - 15-Apr-24
2025-05-06 20:23:59,937 - INFO - Found funding amount: 3600000
2025-05-06 20:23:59,969 - INFO - Extracted: Clientell - 15-Apr-24
2025-05-06 20:23:59,969 - INFO - Found funding amount: 2500000
2025-05-06 20:24:00,003 - INFO - Extracted: Integral Health - 15-Apr-24
2025-05-06 20:24:00,004 - INFO - Found funding amount: 0
2025-05-06 20:24:00,057 - INFO - Extracted: Writ - 11-Apr-24
2025-05-06 20:24:00,057 - INFO - Found funding amount: 3800000
2025-05-06 20:24:00,092 - INFO - Extracted: Simbian - 11-Apr-24
2025-05-06 20:24:00,092 - INFO - Found funding amount: 10000000
2025-05-06 20:24:00,122 - INFO - Extracted: Anrok - 11-Apr-24
2025-05-06 20:24:00,122 - INFO - Found funding amount: 30000000
2025-05-06 20:24:00,159 - INFO - Extracted: Symbolica AI - 9-Apr-24
2025-05-06 20:24:00,159 - INFO - Found funding amount: 33000000
2025-05-06 20:24:00,189 - INFO - Extracted: JARS AI - 8-Apr-24
2025-05-06 20:24:00,189 - INFO - Found funding amount: 3000000
2025-05-06 20:24:00,220 - INFO - Extracted: Windfall Bio - 8-Apr-24
2025-05-06 20:24:00,220 - INFO - Found funding amount: 28000000
2025-05-06 20:24:00,252 - INFO - Extracted: MODE - 8-Apr-24
2025-05-06 20:24:00,252 - INFO - Found funding amount: 8750000
2025-05-06 20:24:00,284 - INFO - Extracted: Varda - 5-Apr-24
2025-05-06 20:24:00,284 - INFO - Found funding amount: 90000000
2025-05-06 20:24:00,284 - INFO - Successfully extracted 20 new companies from page 39
2025-05-06 20:24:00,284 - INFO - Attempting to navigate from page 39
2025-05-06 20:24:05,240 - INFO - JavaScript verification confirmed page changed
2025-05-06 20:24:05,963 - INFO - Extracting data from page 24
2025-05-06 20:24:06,410 - INFO - Trying standard table extraction
2025-05-06 20:24:06,437 - INFO - Found funding amount column at index 6
2025-05-06 20:24:06,440 - INFO - Found headquarters column at index 7
2025-05-06 20:24:06,447 - INFO - Found 22 potential data rows
2025-05-06 20:24:06,489 - INFO - Extracted: Rhombus Systems - 30-Jul-24
2025-05-06 20:24:06,489 - INFO - Found funding amount: 45000000
2025-05-06 20:24:06,523 - INFO - Extracted: Credo AI - 30-Jul-24
2025-05-06 20:24:06,523 - INFO - Found funding amount: 21000000
2025-05-06 20:24:06,552 - INFO - Extracted: Montara Therapeutics - 30-Jul-24
2025-05-06 20:24:06,552 - INFO - Found funding amount: 8000000
2025-05-06 20:24:06,581 - INFO - Extracted: Haus - 30-Jul-24
2025-05-06 20:24:06,581 - INFO - Found funding amount: 20000000
2025-05-06 20:24:06,612 - INFO - Extracted: Sybill AI - 30-Jul-24
2025-05-06 20:24:06,612 - INFO - Found funding amount: 11000000
2025-05-06 20:24:06,641 - INFO - Extracted: Aviato - 30-Jul-24
2025-05-06 20:24:06,641 - INFO - Found funding amount: 0
2025-05-06 20:24:06,670 - INFO - Extracted: LTZ Therapeutics - 30-Jul-24
2025-05-06 20:24:06,670 - INFO - Found funding amount: 20000000
2025-05-06 20:24:06,699 - INFO - Extracted: unspun - 29-Jul-24
2025-05-06 20:24:06,699 - INFO - Found funding amount: 32000000
2025-05-06 20:24:06,727 - INFO - Extracted: OnSight - 29-Jul-24
2025-05-06 20:24:06,727 - INFO - Found funding amount: 0
2025-05-06 20:24:06,755 - INFO - Extracted: Rillet - 29-Jul-24
2025-05-06 20:24:06,756 - INFO - Found funding amount: 13500000
2025-05-06 20:24:06,792 - INFO - Extracted: ReviR Therapeutics - 26-Jul-24
2025-05-06 20:24:06,792 - INFO - Found funding amount: 30000000
2025-05-06 20:24:06,824 - INFO - Extracted: Cowbell - 26-Jul-24
2025-05-06 20:24:06,824 - INFO - Found funding amount: 60000000
2025-05-06 20:24:06,831 - INFO - JavaScript verification confirmed page changed
2025-05-06 20:24:06,854 - INFO - Extracted: Imperative Care - 25-Jul-24
2025-05-06 20:24:06,854 - INFO - Found funding amount: 150000000
2025-05-06 20:24:06,884 - INFO - Extracted: IntelePeer - 25-Jul-24
2025-05-06 20:24:06,884 - INFO - Found funding amount: 140000000
2025-05-06 20:24:06,923 - INFO - Extracted: EtherWhere - 25-Jul-24
2025-05-06 20:24:06,923 - INFO - Found funding amount: 16300000
2025-05-06 20:24:07,064 - INFO - Extracted: InnerPlant - 25-Jul-24
2025-05-06 20:24:07,064 - INFO - Found funding amount: 30000000
2025-05-06 20:24:07,099 - INFO - Extracted: Vanta - 24-Jul-24
2025-05-06 20:24:07,099 - INFO - Found funding amount: 150000000
2025-05-06 20:24:07,138 - INFO - Extracted: Recurrent Energy - 24-Jul-24
2025-05-06 20:24:07,138 - INFO - Found funding amount: 50000000
2025-05-06 20:24:07,171 - INFO - Extracted: Dazz - 24-Jul-24
2025-05-06 20:24:07,171 - INFO - Found funding amount: 50000000
2025-05-06 20:24:07,206 - INFO - Extracted: Sound Health - 24-Jul-24
2025-05-06 20:24:07,206 - INFO - Found funding amount: 7000000
2025-05-06 20:24:07,206 - INFO - Successfully extracted 20 new companies from page 24
2025-05-06 20:24:07,206 - INFO - Attempting to navigate from page 24
2025-05-06 20:24:07,681 - INFO - Extracting data from page 40
2025-05-06 20:24:08,360 - INFO - Trying standard table extraction
2025-05-06 20:24:08,419 - INFO - Found funding amount column at index 6
2025-05-06 20:24:08,424 - INFO - Found headquarters column at index 7
2025-05-06 20:24:08,433 - INFO - Found 22 potential data rows
2025-05-06 20:24:08,477 - INFO - Extracted: Enable Biosciences - 4-Apr-24
2025-05-06 20:24:08,477 - INFO - Found funding amount: 0
2025-05-06 20:24:08,507 - INFO - Extracted: SiMa.ai - 4-Apr-24
2025-05-06 20:24:08,507 - INFO - Found funding amount: 70000000
2025-05-06 20:24:08,538 - INFO - Extracted: Lambda - 4-Apr-24
2025-05-06 20:24:08,538 - INFO - Found funding amount: 500000000
2025-05-06 20:24:08,569 - INFO - Extracted: YonedaLabs - 4-Apr-24
2025-05-06 20:24:08,569 - INFO - Found funding amount: 500000
2025-05-06 20:24:08,599 - INFO - Extracted: Coalesce Automation - 4-Apr-24
2025-05-06 20:24:08,599 - INFO - Found funding amount: 50000000
2025-05-06 20:24:08,644 - INFO - Extracted: Scritch - 3-Apr-24
2025-05-06 20:24:08,649 - INFO - Found funding amount: 500000
2025-05-06 20:24:08,693 - INFO - Extracted: nCompass Technologies - 3-Apr-24
2025-05-06 20:24:08,693 - INFO - Found funding amount: 500000
2025-05-06 20:24:08,724 - INFO - Extracted: Trieve - 3-Apr-24
2025-05-06 20:24:08,724 - INFO - Found funding amount: 500000
2025-05-06 20:24:08,754 - INFO - Extracted: DryMerge - 3-Apr-24
2025-05-06 20:24:08,754 - INFO - Found funding amount: 500000
2025-05-06 20:24:08,783 - INFO - Extracted: Permiso Security - 3-Apr-24
2025-05-06 20:24:08,784 - INFO - Found funding amount: 18500000
2025-05-06 20:24:08,814 - INFO - Extracted: Mango Health - 3-Apr-24
2025-05-06 20:24:08,814 - INFO - Found funding amount: 500000
2025-05-06 20:24:08,843 - INFO - Extracted: ion design - 3-Apr-24
2025-05-06 20:24:08,843 - INFO - Found funding amount: 500000
2025-05-06 20:24:08,872 - INFO - Extracted: Numo - 3-Apr-24
2025-05-06 20:24:08,873 - INFO - Found funding amount: 500000
2025-05-06 20:24:08,903 - INFO - Extracted: Celest - 3-Apr-24
2025-05-06 20:24:08,903 - INFO - Found funding amount: 500000
2025-05-06 20:24:08,933 - INFO - Extracted: Higgsfield - 3-Apr-24
2025-05-06 20:24:08,933 - INFO - Found funding amount: 8000000
2025-05-06 20:24:08,962 - INFO - Extracted: OpenFoundry - 3-Apr-24
2025-05-06 20:24:08,962 - INFO - Found funding amount: 500000
2025-05-06 20:24:08,991 - INFO - Extracted: Arch0 - 3-Apr-24
2025-05-06 20:24:08,991 - INFO - Found funding amount: 1250000
2025-05-06 20:24:09,020 - INFO - Extracted: Trellis - 3-Apr-24
2025-05-06 20:24:09,020 - INFO - Found funding amount: 500000
2025-05-06 20:24:09,050 - INFO - Extracted: PointOne Technologies - 3-Apr-24
2025-05-06 20:24:09,050 - INFO - Found funding amount: 500000
2025-05-06 20:24:09,082 - INFO - Extracted: Attunement - 3-Apr-24
2025-05-06 20:24:09,083 - INFO - Found funding amount: 500000
2025-05-06 20:24:09,083 - INFO - Successfully extracted 20 new companies from page 40
2025-05-06 20:24:09,083 - INFO - Attempting to navigate from page 40
2025-05-06 20:24:13,171 - INFO - JavaScript verification confirmed page changed
2025-05-06 20:24:14,121 - INFO - Extracting data from page 25
2025-05-06 20:24:14,604 - INFO - Trying standard table extraction
2025-05-06 20:24:14,651 - INFO - Found funding amount column at index 6
2025-05-06 20:24:14,656 - INFO - Found headquarters column at index 7
2025-05-06 20:24:14,664 - INFO - Found 22 potential data rows
2025-05-06 20:24:14,711 - INFO - Extracted: Hume Supernatural - 24-Jul-24
2025-05-06 20:24:14,711 - INFO - Found funding amount: 200000
2025-05-06 20:24:14,742 - INFO - Extracted: Blumen Systems - 24-Jul-24
2025-05-06 20:24:14,742 - INFO - Found funding amount: 6385989
2025-05-06 20:24:14,774 - INFO - Extracted: Lakera AI - 24-Jul-24
2025-05-06 20:24:14,774 - INFO - Found funding amount: 20000000
2025-05-06 20:24:14,805 - INFO - Extracted: Astranis - 24-Jul-24
2025-05-06 20:24:14,805 - INFO - Found funding amount: 200000000
2025-05-06 20:24:14,835 - INFO - Extracted: Joy - 24-Jul-24
2025-05-06 20:24:14,835 - INFO - Found funding amount: 10000000
2025-05-06 20:24:14,867 - INFO - Extracted: Caldera - 24-Jul-24
2025-05-06 20:24:14,867 - INFO - Found funding amount: 15000000
2025-05-06 20:24:14,898 - INFO - Extracted: IncellDx - 23-Jul-24
2025-05-06 20:24:14,898 - INFO - Found funding amount: 500000
2025-05-06 20:24:14,930 - INFO - Extracted: Powder - 23-Jul-24
2025-05-06 20:24:14,930 - INFO - Found funding amount: 5000000
2025-05-06 20:24:14,962 - INFO - Extracted: Harvey - 23-Jul-24
2025-05-06 20:24:14,962 - INFO - Found funding amount: 100000000
2025-05-06 20:24:14,996 - INFO - Extracted: Placer.ai - 23-Jul-24
2025-05-06 20:24:14,996 - INFO - Found funding amount: 54500187
2025-05-06 20:24:15,028 - INFO - Extracted: Momentum - 23-Jul-24
2025-05-06 20:24:15,028 - INFO - Found funding amount: 13000000
2025-05-06 20:24:15,039 - INFO - JavaScript verification confirmed page changed
2025-05-06 20:24:15,077 - INFO - Extracted: SirenOpt - 23-Jul-24
2025-05-06 20:24:15,077 - INFO - Found funding amount: 6600000
2025-05-06 20:24:15,111 - INFO - Extracted: Uplimit - 23-Jul-24
2025-05-06 20:24:15,111 - INFO - Found funding amount: 11000000
2025-05-06 20:24:15,144 - INFO - Extracted: Mytra - 23-Jul-24
2025-05-06 20:24:15,144 - INFO - Found funding amount: 50000000
2025-05-06 20:24:15,176 - INFO - Extracted: Level AI - 23-Jul-24
2025-05-06 20:24:15,176 - INFO - Found funding amount: 39400000
2025-05-06 20:24:15,209 - INFO - Extracted: Alixia - 23-Jul-24
2025-05-06 20:24:15,209 - INFO - Found funding amount: 1825445
2025-05-06 20:24:15,244 - INFO - Extracted: Elly Analytics, Inc. - 22-Jul-24
2025-05-06 20:24:15,244 - INFO - Found funding amount: 1000000
2025-05-06 20:24:15,285 - INFO - Extracted: Noded Ai - 22-Jul-24
2025-05-06 20:24:15,285 - INFO - Found funding amount: 4000000
2025-05-06 20:24:15,327 - INFO - Extracted: EdgeRunner AI - 18-Jul-24
2025-05-06 20:24:15,327 - INFO - Found funding amount: 5500000
2025-05-06 20:24:15,357 - INFO - Extracted: Arrcus - 18-Jul-24
2025-05-06 20:24:15,357 - INFO - Found funding amount: 30000000
2025-05-06 20:24:15,357 - INFO - Successfully extracted 20 new companies from page 25
2025-05-06 20:24:15,357 - INFO - Attempting to navigate from page 25
2025-05-06 20:24:15,813 - INFO - Extracting data from page 41
2025-05-06 20:24:16,752 - INFO - Trying standard table extraction
2025-05-06 20:24:16,823 - INFO - Found funding amount column at index 6
2025-05-06 20:24:16,826 - INFO - Found headquarters column at index 7
2025-05-06 20:24:16,833 - INFO - Found 22 potential data rows
2025-05-06 20:24:16,879 - INFO - Extracted: ego - 3-Apr-24
2025-05-06 20:24:16,879 - INFO - Found funding amount: 500000
2025-05-06 20:24:16,908 - INFO - Extracted: Retell AI - 3-Apr-24
2025-05-06 20:24:16,908 - INFO - Found funding amount: 4125000
2025-05-06 20:24:16,936 - INFO - Extracted: Paradigm - 3-Apr-24
2025-05-06 20:24:16,937 - INFO - Found funding amount: 500000
2025-05-06 20:24:16,971 - INFO - Extracted: SiftHub - 3-Apr-24
2025-05-06 20:24:16,971 - INFO - Found funding amount: 5500000
2025-05-06 20:24:17,020 - INFO - Extracted: Atopile - 3-Apr-24
2025-05-06 20:24:17,020 - INFO - Found funding amount: 500000
2025-05-06 20:24:17,115 - INFO - Extracted: Hemingway - 3-Apr-24
2025-05-06 20:24:17,115 - INFO - Found funding amount: 500000
2025-05-06 20:24:17,235 - INFO - Extracted: MAIHEM - 3-Apr-24
2025-05-06 20:24:17,235 - INFO - Found funding amount: 500000
2025-05-06 20:24:17,284 - INFO - Extracted: Airfront - 3-Apr-24
2025-05-06 20:24:17,285 - INFO - Found funding amount: 500000
2025-05-06 20:24:17,318 - INFO - Extracted: Maia - 3-Apr-24
2025-05-06 20:24:17,318 - INFO - Found funding amount: 500000
2025-05-06 20:24:17,349 - INFO - Extracted: Nuanced - 3-Apr-24
2025-05-06 20:24:17,349 - INFO - Found funding amount: 500000
2025-05-06 20:24:17,380 - INFO - Extracted: Lantern - 3-Apr-24
2025-05-06 20:24:17,380 - INFO - Found funding amount: 500000
2025-05-06 20:24:17,424 - INFO - Extracted: Patchwork - 3-Apr-24
2025-05-06 20:24:17,424 - INFO - Found funding amount: 500000
2025-05-06 20:24:17,454 - INFO - Extracted: Roe AI - 3-Apr-24
2025-05-06 20:24:17,454 - INFO - Found funding amount: 500000
2025-05-06 20:24:17,487 - INFO - Extracted: Creo - 3-Apr-24
2025-05-06 20:24:17,487 - INFO - Found funding amount: 500000
2025-05-06 20:24:17,536 - INFO - Extracted: Precip - 3-Apr-24
2025-05-06 20:24:17,536 - INFO - Found funding amount: 500000
2025-05-06 20:24:17,570 - INFO - Extracted: CloudCruise - 3-Apr-24
2025-05-06 20:24:17,570 - INFO - Found funding amount: 500000
2025-05-06 20:24:17,602 - INFO - Extracted: Intercept - 3-Apr-24
2025-05-06 20:24:17,602 - INFO - Found funding amount: 500000
2025-05-06 20:24:17,634 - INFO - Extracted: Duckie - 3-Apr-24
2025-05-06 20:24:17,634 - INFO - Found funding amount: 500000
2025-05-06 20:24:17,667 - INFO - Extracted: Swift - 3-Apr-24
2025-05-06 20:24:17,667 - INFO - Found funding amount: 500000
2025-05-06 20:24:17,697 - INFO - Extracted: Resonance - 3-Apr-24
2025-05-06 20:24:17,698 - INFO - Found funding amount: 500000
2025-05-06 20:24:17,698 - INFO - Successfully extracted 20 new companies from page 41
2025-05-06 20:24:17,698 - INFO - Attempting to navigate from page 41
2025-05-06 20:24:21,024 - INFO - JavaScript verification confirmed page changed
2025-05-06 20:24:21,903 - INFO - Extracting data from page 26
2025-05-06 20:24:22,563 - INFO - Trying standard table extraction
2025-05-06 20:24:22,767 - INFO - Found funding amount column at index 6
2025-05-06 20:24:22,782 - INFO - Found headquarters column at index 7
2025-05-06 20:24:22,810 - INFO - Found 22 potential data rows
2025-05-06 20:24:23,117 - INFO - Extracted: Juno - 18-Jul-24
2025-05-06 20:24:23,117 - INFO - Found funding amount: 8500000
2025-05-06 20:24:23,317 - INFO - Extracted: d.light - 17-Jul-24
2025-05-06 20:24:23,320 - INFO - Found funding amount: 176000000
2025-05-06 20:24:23,478 - INFO - JavaScript verification confirmed page changed
2025-05-06 20:24:23,783 - INFO - Extracted: Human Interest - 17-Jul-24
2025-05-06 20:24:23,788 - INFO - Found funding amount: 242000000
2025-05-06 20:24:24,048 - INFO - Extracted: Caltech - 17-Jul-24
2025-05-06 20:24:24,048 - INFO - Found funding amount: 10000000
2025-05-06 20:24:24,144 - INFO - Extracted: NGM Biopharmaceuticals - 17-Jul-24
2025-05-06 20:24:24,145 - INFO - Found funding amount: 122000000
2025-05-06 20:24:24,224 - INFO - Extracted: aiXplain - 17-Jul-24
2025-05-06 20:24:24,225 - INFO - Found funding amount: 6500000
2025-05-06 20:24:24,288 - INFO - Extracted: Ohlone College - 17-Jul-24
2025-05-06 20:24:24,288 - INFO - Found funding amount: 50000
2025-05-06 20:24:24,324 - INFO - Extracted: Slope - 17-Jul-24
2025-05-06 20:24:24,324 - INFO - Found funding amount: 50000000
2025-05-06 20:24:24,433 - INFO - Extracted: Matera - 17-Jul-24
2025-05-06 20:24:24,433 - INFO - Found funding amount: 100000000
2025-05-06 20:24:24,472 - INFO - Extracted: Solideon - 17-Jul-24
2025-05-06 20:24:24,472 - INFO - Found funding amount: 5000000
2025-05-06 20:24:24,509 - INFO - Extracted: Vectara - 16-Jul-24
2025-05-06 20:24:24,509 - INFO - Found funding amount: 25000000
2025-05-06 20:24:24,570 - INFO - Extracted: Tekion - 16-Jul-24
2025-05-06 20:24:24,570 - INFO - Found funding amount: 200000000
2025-05-06 20:24:24,622 - INFO - Extracted: The San Francisco Compute Company - 16-Jul-24
2025-05-06 20:24:24,622 - INFO - Found funding amount: 12000000
2025-05-06 20:24:24,683 - INFO - Extracted: DreamBig Semiconductor - 16-Jul-24
2025-05-06 20:24:24,683 - INFO - Found funding amount: 75000000
2025-05-06 20:24:24,733 - INFO - Extracted: Echo Chunk AI - 16-Jul-24
2025-05-06 20:24:24,733 - INFO - Found funding amount: 1400000
2025-05-06 20:24:24,741 - INFO - Extracting data from page 42
2025-05-06 20:24:24,801 - INFO - Extracted: Botrista Technology - 16-Jul-24
2025-05-06 20:24:24,802 - INFO - Found funding amount: 65000000
2025-05-06 20:24:24,839 - INFO - Extracted: Dusk - 16-Jul-24
2025-05-06 20:24:24,839 - INFO - Found funding amount: 8000000
2025-05-06 20:24:24,899 - INFO - Extracted: Sphere Technology Holdings - 15-Jul-24
2025-05-06 20:24:24,899 - INFO - Found funding amount: 9511799
2025-05-06 20:24:25,021 - INFO - Extracted: Halo Industries - 15-Jul-24
2025-05-06 20:24:25,021 - INFO - Found funding amount: 80000000
2025-05-06 20:24:25,655 - INFO - Extracted: NeuSpera Medical - 15-Jul-24
2025-05-06 20:24:25,655 - INFO - Found funding amount: 23000000
2025-05-06 20:24:25,656 - INFO - Successfully extracted 20 new companies from page 26
2025-05-06 20:24:25,656 - INFO - Attempting to navigate from page 26
2025-05-06 20:24:25,683 - INFO - Trying standard table extraction
2025-05-06 20:24:25,790 - INFO - Found funding amount column at index 6
2025-05-06 20:24:25,806 - INFO - Found headquarters column at index 7
2025-05-06 20:24:25,824 - INFO - Found 22 potential data rows
2025-05-06 20:24:25,936 - INFO - Extracted: Yondu - 3-Apr-24
2025-05-06 20:24:25,936 - INFO - Found funding amount: 500000
2025-05-06 20:24:26,006 - INFO - Extracted: Ecliptor - 3-Apr-24
2025-05-06 20:24:26,006 - INFO - Found funding amount: 500000
2025-05-06 20:24:26,105 - INFO - Extracted: Assembly - 3-Apr-24
2025-05-06 20:24:26,105 - INFO - Found funding amount: 500000
2025-05-06 20:24:26,180 - INFO - Extracted: Parasale - 3-Apr-24
2025-05-06 20:24:26,180 - INFO - Found funding amount: 500000
2025-05-06 20:24:26,227 - INFO - Extracted: PartnerHQ - 3-Apr-24
2025-05-06 20:24:26,227 - INFO - Found funding amount: 500000
2025-05-06 20:24:26,272 - INFO - Extracted: Kabilah - 3-Apr-24
2025-05-06 20:24:26,272 - INFO - Found funding amount: 500000
2025-05-06 20:24:26,307 - INFO - Extracted: Relari - 3-Apr-24
2025-05-06 20:24:26,307 - INFO - Found funding amount: 500000
2025-05-06 20:24:26,340 - INFO - Extracted: Momentic - 3-Apr-24
2025-05-06 20:24:26,340 - INFO - Found funding amount: 500000
2025-05-06 20:24:26,403 - INFO - Extracted: Glimmer - 3-Apr-24
2025-05-06 20:24:26,403 - INFO - Found funding amount: 500000
2025-05-06 20:24:26,438 - INFO - Extracted: Homebase - 3-Apr-24
2025-05-06 20:24:26,438 - INFO - Found funding amount: 60000000
2025-05-06 20:24:26,471 - INFO - Extracted: Centralize - 3-Apr-24
2025-05-06 20:24:26,471 - INFO - Found funding amount: 500000
2025-05-06 20:24:26,505 - INFO - Extracted: Aidy - 3-Apr-24
2025-05-06 20:24:26,505 - INFO - Found funding amount: 500000
2025-05-06 20:24:26,544 - INFO - Extracted: Buster - 3-Apr-24
2025-05-06 20:24:26,544 - INFO - Found funding amount: 500000
2025-05-06 20:24:26,597 - INFO - Extracted: Meticulate - 3-Apr-24
2025-05-06 20:24:26,597 - INFO - Found funding amount: 500000
2025-05-06 20:24:26,644 - INFO - Extracted: RadMate AI - 3-Apr-24
2025-05-06 20:24:26,644 - INFO - Found funding amount: 500000
2025-05-06 20:24:26,709 - INFO - Extracted: Quantic - 3-Apr-24
2025-05-06 20:24:26,710 - INFO - Found funding amount: 500000
2025-05-06 20:24:26,744 - INFO - Extracted: Okapi - 3-Apr-24
2025-05-06 20:24:26,745 - INFO - Found funding amount: 500000
2025-05-06 20:24:26,783 - INFO - Extracted: Aether Energy - 3-Apr-24
2025-05-06 20:24:26,783 - INFO - Found funding amount: 500000
2025-05-06 20:24:26,830 - INFO - Extracted: Decipher AI - 3-Apr-24
2025-05-06 20:24:26,831 - INFO - Found funding amount: 500000
2025-05-06 20:24:26,883 - INFO - Extracted: Modal.io - 2-Apr-24
2025-05-06 20:24:26,883 - INFO - Found funding amount: 25000000
2025-05-06 20:24:26,883 - INFO - Successfully extracted 20 new companies from page 42
2025-05-06 20:24:26,883 - INFO - Attempting to navigate from page 42
2025-05-06 20:24:32,365 - INFO - JavaScript verification confirmed page changed
2025-05-06 20:24:32,746 - INFO - JavaScript verification confirmed page changed
2025-05-06 20:24:32,944 - INFO - Extracting data from page 27
2025-05-06 20:24:33,703 - INFO - Extracting data from page 43
2025-05-06 20:24:33,928 - INFO - Trying standard table extraction
2025-05-06 20:24:33,987 - INFO - Found funding amount column at index 6
2025-05-06 20:24:33,991 - INFO - Found headquarters column at index 7
2025-05-06 20:24:34,001 - INFO - Found 22 potential data rows
2025-05-06 20:24:34,167 - INFO - Extracted: Metabase Q - 15-Jul-24
2025-05-06 20:24:34,167 - INFO - Found funding amount: 5099986
2025-05-06 20:24:34,307 - INFO - Extracted: Vivoo - 15-Jul-24
2025-05-06 20:24:34,309 - INFO - Found funding amount: 0
2025-05-06 20:24:34,400 - INFO - Extracted: SmarterLicense - 15-Jul-24
2025-05-06 20:24:34,401 - INFO - Found funding amount: 1100000
2025-05-06 20:24:34,472 - INFO - Extracted: Digestiva - 15-Jul-24
2025-05-06 20:24:34,472 - INFO - Found funding amount: 18400000
2025-05-06 20:24:34,522 - INFO - Extracted: Odyssey - 12-Jul-24
2025-05-06 20:24:34,522 - INFO - Found funding amount: 9000000
2025-05-06 20:24:34,586 - INFO - Extracted: Armada - 11-Jul-24
2025-05-06 20:24:34,587 - INFO - Found funding amount: 40000000
2025-05-06 20:24:34,672 - INFO - Extracted: Mantle - 10-Jul-24
2025-05-06 20:24:34,673 - INFO - Found funding amount: 20000000
2025-05-06 20:24:34,720 - INFO - Extracted: Lekko - 10-Jul-24
2025-05-06 20:24:34,720 - INFO - Found funding amount: 4500000
2025-05-06 20:24:34,738 - INFO - Trying standard table extraction
2025-05-06 20:24:34,779 - INFO - Extracted: Hayden AI - 10-Jul-24
2025-05-06 20:24:34,779 - INFO - Found funding amount: 90000000
2025-05-06 20:24:34,803 - INFO - Found funding amount column at index 6
2025-05-06 20:24:34,808 - INFO - Found headquarters column at index 7
2025-05-06 20:24:34,820 - INFO - Found 22 potential data rows
2025-05-06 20:24:34,832 - INFO - Extracted: Adona Medical - 10-Jul-24
2025-05-06 20:24:34,832 - INFO - Found funding amount: 13369997
2025-05-06 20:24:34,899 - INFO - Extracted: Safe Passages - 9-Jul-24
2025-05-06 20:24:34,899 - INFO - Found funding amount: 270000
2025-05-06 20:24:34,912 - INFO - Extracted: BurnBot - 2-Apr-24
2025-05-06 20:24:34,912 - INFO - Found funding amount: 20000000
2025-05-06 20:24:34,947 - INFO - Extracted: Valo.ai - 9-Jul-24
2025-05-06 20:24:34,947 - INFO - Found funding amount: 0
2025-05-06 20:24:34,959 - INFO - Extracted: HelicitySpace - 2-Apr-24
2025-05-06 20:24:34,959 - INFO - Found funding amount: 5000000
2025-05-06 20:24:35,014 - INFO - Extracted: Volley - 9-Jul-24
2025-05-06 20:24:35,015 - INFO - Found funding amount: 55000000
2025-05-06 20:24:35,039 - INFO - Extracted: SESO - 2-Apr-24
2025-05-06 20:24:35,039 - INFO - Found funding amount: 26000000
2025-05-06 20:24:35,096 - INFO - Extracted: Accend - 9-Jul-24
2025-05-06 20:24:35,097 - INFO - Found funding amount: 3200000
2025-05-06 20:24:35,108 - INFO - Extracted: Lumana - 2-Apr-24
2025-05-06 20:24:35,109 - INFO - Found funding amount: 24000000
2025-05-06 20:24:35,160 - INFO - Extracted: NovoNutrients - 9-Jul-24
2025-05-06 20:24:35,160 - INFO - Found funding amount: 18000000
2025-05-06 20:24:35,172 - INFO - Extracted: Delivery Collective - 2-Apr-24
2025-05-06 20:24:35,172 - INFO - Found funding amount: 3800000
2025-05-06 20:24:35,214 - INFO - Extracted: Default - 8-Jul-24
2025-05-06 20:24:35,214 - INFO - Found funding amount: 4000000
2025-05-06 20:24:35,219 - INFO - Extracted: Meedan - 2-Apr-24
2025-05-06 20:24:35,219 - INFO - Found funding amount: 2000000
2025-05-06 20:24:35,254 - INFO - Extracted: Cartken - 3-Jul-24
2025-05-06 20:24:35,254 - INFO - Found funding amount: 10000000
2025-05-06 20:24:35,259 - INFO - Extracted: NobleAI - 2-Apr-24
2025-05-06 20:24:35,259 - INFO - Found funding amount: 10000000
2025-05-06 20:24:35,313 - INFO - Extracted: Granza Bio - 3-Jul-24
2025-05-06 20:24:35,313 - INFO - Found funding amount: 7140000
2025-05-06 20:24:35,315 - INFO - Extracted: Allermi - 1-Apr-24
2025-05-06 20:24:35,315 - INFO - Found funding amount: 3500000
2025-05-06 20:24:35,393 - INFO - Extracted: BioConsortia - 1-Apr-24
2025-05-06 20:24:35,393 - INFO - Found funding amount: 15000000
2025-05-06 20:24:35,393 - INFO - Extracted: Frontier Energy - 2-Jul-24
2025-05-06 20:24:35,394 - INFO - Found funding amount: 0
2025-05-06 20:24:35,465 - INFO - Extracted: Skyflow - 28-Mar-24
2025-05-06 20:24:35,465 - INFO - Found funding amount: 30000000
2025-05-06 20:24:35,466 - INFO - Extracted: BRB APP INC - 1-Jul-24
2025-05-06 20:24:35,466 - INFO - Found funding amount: 0
2025-05-06 20:24:35,466 - INFO - Successfully extracted 20 new companies from page 27
2025-05-06 20:24:35,466 - INFO - Attempting to navigate from page 27
2025-05-06 20:24:35,659 - INFO - Extracted: Vizcom - 28-Mar-24
2025-05-06 20:24:35,660 - INFO - Found funding amount: 20000000
2025-05-06 20:24:35,720 - INFO - Extracted: Float Health - 28-Mar-24
2025-05-06 20:24:35,721 - INFO - Found funding amount: 10000000
2025-05-06 20:24:35,848 - INFO - Extracted: Spintly - 28-Mar-24
2025-05-06 20:24:35,848 - INFO - Found funding amount: 500000
2025-05-06 20:24:35,926 - INFO - Extracted: Aeovian Pharmaceuticals - 28-Mar-24
2025-05-06 20:24:35,926 - INFO - Found funding amount: 50000000
2025-05-06 20:24:35,973 - INFO - Extracted: ValidMind - 27-Mar-24
2025-05-06 20:24:35,973 - INFO - Found funding amount: 8100000
2025-05-06 20:24:36,014 - INFO - Extracted: Ensis - 27-Mar-24
2025-05-06 20:24:36,014 - INFO - Found funding amount: 4000000
2025-05-06 20:24:36,072 - INFO - Extracted: YourChoice Therapeutics - 27-Mar-24
2025-05-06 20:24:36,072 - INFO - Found funding amount: 500000
2025-05-06 20:24:36,134 - INFO - Extracted: TurbineOne - 27-Mar-24
2025-05-06 20:24:36,134 - INFO - Found funding amount: 15000000
2025-05-06 20:24:36,212 - INFO - Extracted: JobPixel - 27-Mar-24
2025-05-06 20:24:36,212 - INFO - Found funding amount: 4700000
2025-05-06 20:24:36,362 - INFO - Extracted: OneNotary - 26-Mar-24
2025-05-06 20:24:36,362 - INFO - Found funding amount: 5000000
2025-05-06 20:24:36,363 - INFO - Successfully extracted 20 new companies from page 43
2025-05-06 20:24:36,363 - INFO - Attempting to navigate from page 43
2025-05-06 20:24:41,903 - INFO - JavaScript verification confirmed page changed
2025-05-06 20:24:42,707 - INFO - Extracting data from page 28
2025-05-06 20:24:42,781 - INFO - JavaScript verification confirmed page changed
2025-05-06 20:24:43,453 - INFO - Trying standard table extraction
2025-05-06 20:24:43,488 - INFO - Found funding amount column at index 6
2025-05-06 20:24:43,492 - INFO - Found headquarters column at index 7
2025-05-06 20:24:43,501 - INFO - Found 22 potential data rows
2025-05-06 20:24:43,559 - INFO - Extracted: UptimeAI - 1-Jul-24
2025-05-06 20:24:43,559 - INFO - Found funding amount: 13999999
2025-05-06 20:24:43,596 - INFO - Extracted: AnswerGrid - 1-Jul-24
2025-05-06 20:24:43,596 - INFO - Found funding amount: 500000
2025-05-06 20:24:43,632 - INFO - Extracted: Senti Biosciences - 1-Jul-24
2025-05-06 20:24:43,632 - INFO - Found funding amount: 8000000
2025-05-06 20:24:43,670 - INFO - Extracted: Pivot Robots - 1-Jul-24
2025-05-06 20:24:43,670 - INFO - Found funding amount: 500000
2025-05-06 20:24:43,709 - INFO - Extracted: Odaseva - 27-Jun-24
2025-05-06 20:24:43,709 - INFO - Found funding amount: 54000000
2025-05-06 20:24:43,709 - INFO - Extracting data from page 44
2025-05-06 20:24:43,746 - INFO - Extracted: Aether Fuels - 27-Jun-24
2025-05-06 20:24:43,746 - INFO - Found funding amount: 34000000
2025-05-06 20:24:43,785 - INFO - Extracted: GetReal Labs - 27-Jun-24
2025-05-06 20:24:43,785 - INFO - Found funding amount: 0
2025-05-06 20:24:43,836 - INFO - Extracted: Fetchflow - 27-Jun-24
2025-05-06 20:24:43,836 - INFO - Found funding amount: 500000
2025-05-06 20:24:43,871 - INFO - Extracted: KarmaCheck - 27-Jun-24
2025-05-06 20:24:43,871 - INFO - Found funding amount: 45000000
2025-05-06 20:24:43,904 - INFO - Extracted: Clearstory.build - 27-Jun-24
2025-05-06 20:24:43,905 - INFO - Found funding amount: 16000000
2025-05-06 20:24:43,940 - INFO - Extracted: Foodsmart - 26-Jun-24
2025-05-06 20:24:43,940 - INFO - Found funding amount: 200000000
2025-05-06 20:24:43,974 - INFO - Extracted: Ario - 26-Jun-24
2025-05-06 20:24:43,974 - INFO - Found funding amount: 16000000
2025-05-06 20:24:44,009 - INFO - Extracted: Rondo Energy - 26-Jun-24
2025-05-06 20:24:44,009 - INFO - Found funding amount: 75000000
2025-05-06 20:24:44,047 - INFO - Extracted: Onehouse - 26-Jun-24
2025-05-06 20:24:44,047 - INFO - Found funding amount: 35000000
2025-05-06 20:24:44,085 - INFO - Extracted: Frontier Medicines - 25-Jun-24
2025-05-06 20:24:44,085 - INFO - Found funding amount: 20000000
2025-05-06 20:24:44,127 - INFO - Extracted: Conduit - 25-Jun-24
2025-05-06 20:24:44,127 - INFO - Found funding amount: 37000000
2025-05-06 20:24:44,166 - INFO - Extracted: Cloudian - 25-Jun-24
2025-05-06 20:24:44,166 - INFO - Found funding amount: 23000000
2025-05-06 20:24:44,202 - INFO - Extracted: Asteri AI - 25-Jun-24
2025-05-06 20:24:44,202 - INFO - Found funding amount: 0
2025-05-06 20:24:44,235 - INFO - Extracted: Antora Energy - 25-Jun-24
2025-05-06 20:24:44,235 - INFO - Found funding amount: 14500000
2025-05-06 20:24:44,269 - INFO - Extracted: VidAU - 25-Jun-24
2025-05-06 20:24:44,270 - INFO - Found funding amount: 0
2025-05-06 20:24:44,270 - INFO - Successfully extracted 20 new companies from page 28
2025-05-06 20:24:44,270 - INFO - Attempting to navigate from page 28
2025-05-06 20:24:44,904 - INFO - Trying standard table extraction
2025-05-06 20:24:44,937 - INFO - Found funding amount column at index 6
2025-05-06 20:24:44,941 - INFO - Found headquarters column at index 7
2025-05-06 20:24:44,949 - INFO - Found 22 potential data rows
2025-05-06 20:24:45,018 - INFO - Extracted: Fieldguide - 26-Mar-24
2025-05-06 20:24:45,018 - INFO - Found funding amount: 30000000
2025-05-06 20:24:45,073 - INFO - Extracted: Brightside Health - 26-Mar-24
2025-05-06 20:24:45,073 - INFO - Found funding amount: 33000000
2025-05-06 20:24:45,147 - INFO - Extracted: Picogrid - 26-Mar-24
2025-05-06 20:24:45,147 - INFO - Found funding amount: 12319995
2025-05-06 20:24:45,235 - INFO - Extracted: OpenPipe - 26-Mar-24
2025-05-06 20:24:45,235 - INFO - Found funding amount: 6700000
2025-05-06 20:24:45,274 - INFO - Extracted: ionobell - 26-Mar-24
2025-05-06 20:24:45,274 - INFO - Found funding amount: 3900000
2025-05-06 20:24:45,307 - INFO - Extracted: Activeloop - 26-Mar-24
2025-05-06 20:24:45,307 - INFO - Found funding amount: 11000000
2025-05-06 20:24:45,338 - INFO - Extracted: Bedrock Security - 26-Mar-24
2025-05-06 20:24:45,338 - INFO - Found funding amount: 10000000
2025-05-06 20:24:45,373 - INFO - Extracted: Charlee.ai - 25-Mar-24
2025-05-06 20:24:45,373 - INFO - Found funding amount: 0
2025-05-06 20:24:45,408 - INFO - Extracted: Propel - 25-Mar-24
2025-05-06 20:24:45,408 - INFO - Found funding amount: 1050000
2025-05-06 20:24:45,447 - INFO - Extracted: Circular.co - 25-Mar-24
2025-05-06 20:24:45,447 - INFO - Found funding amount: 5300000
2025-05-06 20:24:45,487 - INFO - Extracted: Profluent Bio - 21-Mar-24
2025-05-06 20:24:45,487 - INFO - Found funding amount: 35000000
2025-05-06 20:24:45,521 - INFO - Extracted: Espresso Systems - 21-Mar-24
2025-05-06 20:24:45,521 - INFO - Found funding amount: 28000000
2025-05-06 20:24:45,557 - INFO - Extracted: Ediphi - 21-Mar-24
2025-05-06 20:24:45,557 - INFO - Found funding amount: 12000000
2025-05-06 20:24:45,589 - INFO - Extracted: Foundry - 21-Mar-24
2025-05-06 20:24:45,589 - INFO - Found funding amount: 80000000
2025-05-06 20:24:45,620 - INFO - Extracted: Tarsal - 21-Mar-24
2025-05-06 20:24:45,620 - INFO - Found funding amount: 6000000
2025-05-06 20:24:45,707 - INFO - Extracted: Buzz Solutions - 20-Mar-24
2025-05-06 20:24:45,707 - INFO - Found funding amount: 5000000
2025-05-06 20:24:45,830 - INFO - Extracted: Airmyne - 20-Mar-24
2025-05-06 20:24:45,830 - INFO - Found funding amount: 6900000
2025-05-06 20:24:45,861 - INFO - Extracted: Mermaid Chart - 20-Mar-24
2025-05-06 20:24:45,862 - INFO - Found funding amount: 7575000
2025-05-06 20:24:45,891 - INFO - Extracted: Euno - 19-Mar-24
2025-05-06 20:24:45,891 - INFO - Found funding amount: 6250000
2025-05-06 20:24:45,919 - INFO - Extracted: RapidFire AI - 19-Mar-24
2025-05-06 20:24:45,919 - INFO - Found funding amount: 4034999
2025-05-06 20:24:45,920 - INFO - Successfully extracted 20 new companies from page 44
2025-05-06 20:24:45,920 - INFO - Attempting to navigate from page 44
2025-05-06 20:24:49,687 - INFO - JavaScript verification confirmed page changed
2025-05-06 20:24:50,874 - INFO - Extracting data from page 29
2025-05-06 20:24:51,679 - INFO - Trying standard table extraction
2025-05-06 20:24:51,714 - INFO - Found funding amount column at index 6
2025-05-06 20:24:51,717 - INFO - Found headquarters column at index 7
2025-05-06 20:24:51,724 - INFO - Found 22 potential data rows
2025-05-06 20:24:51,769 - INFO - Extracted: Etched.ai - 25-Jun-24
2025-05-06 20:24:51,769 - INFO - Found funding amount: 120000000
2025-05-06 20:24:51,797 - INFO - Extracted: Sift - 25-Jun-24
2025-05-06 20:24:51,798 - INFO - Found funding amount: 17500000
2025-05-06 20:24:51,827 - INFO - Extracted: TwoStep Therapeutics - 25-Jun-24
2025-05-06 20:24:51,827 - INFO - Found funding amount: 6500000
2025-05-06 20:24:51,856 - INFO - Extracted: Opus1.io - 25-Jun-24
2025-05-06 20:24:51,856 - INFO - Found funding amount: 0
2025-05-06 20:24:51,885 - INFO - Extracted: Klarity - 24-Jun-24
2025-05-06 20:24:51,885 - INFO - Found funding amount: 70000000
2025-05-06 20:24:51,915 - INFO - Extracted: Tusk - 21-Jun-24
2025-05-06 20:24:51,915 - INFO - Found funding amount: 500000
2025-05-06 20:24:51,945 - INFO - Extracted: MEandMine - 20-Jun-24
2025-05-06 20:24:51,945 - INFO - Found funding amount: 4500000
2025-05-06 20:24:51,975 - INFO - Extracted: Molten Industries - 20-Jun-24
2025-05-06 20:24:51,975 - INFO - Found funding amount: 25000000
2025-05-06 20:24:52,004 - INFO - Extracted: Aikido Technologies - 20-Jun-24
2025-05-06 20:24:52,004 - INFO - Found funding amount: 4000000
2025-05-06 20:24:52,034 - INFO - Extracted: Submix - 19-Jun-24
2025-05-06 20:24:52,034 - INFO - Found funding amount: 1000000
2025-05-06 20:24:52,042 - INFO - JavaScript verification confirmed page changed
2025-05-06 20:24:52,067 - INFO - Extracted: Speechlab, Inc. - 19-Jun-24
2025-05-06 20:24:52,067 - INFO - Found funding amount: 2900000
2025-05-06 20:24:52,104 - INFO - Extracted: Specialized Packaging Group - 18-Jun-24
2025-05-06 20:24:52,106 - INFO - Found funding amount: 0
2025-05-06 20:24:52,135 - INFO - Extracted: Planted Solar - 18-Jun-24
2025-05-06 20:24:52,136 - INFO - Found funding amount: 20000000
2025-05-06 20:24:52,166 - INFO - Extracted: Promaxo - 18-Jun-24
2025-05-06 20:24:52,166 - INFO - Found funding amount: 0
2025-05-06 20:24:52,197 - INFO - Extracted: Sewer AI - 18-Jun-24
2025-05-06 20:24:52,197 - INFO - Found funding amount: 15000000
2025-05-06 20:24:52,247 - INFO - Extracted: Scoop Analytics - 18-Jun-24
2025-05-06 20:24:52,247 - INFO - Found funding amount: 3500000
2025-05-06 20:24:52,283 - INFO - Extracted: Loop Golf - 18-Jun-24
2025-05-06 20:24:52,283 - INFO - Found funding amount: 1000000
2025-05-06 20:24:52,322 - INFO - Extracted: Marea Therapeutics - 18-Jun-24
2025-05-06 20:24:52,322 - INFO - Found funding amount: 190000000
2025-05-06 20:24:52,351 - INFO - Extracted: Factory - 18-Jun-24
2025-05-06 20:24:52,351 - INFO - Found funding amount: 15000000
2025-05-06 20:24:52,382 - INFO - Extracted: Maxim - 18-Jun-24
2025-05-06 20:24:52,382 - INFO - Found funding amount: 250000000
2025-05-06 20:24:52,382 - INFO - Successfully extracted 20 new companies from page 29
2025-05-06 20:24:52,382 - INFO - Attempting to navigate from page 29
2025-05-06 20:24:53,202 - INFO - Extracting data from page 45
2025-05-06 20:24:54,232 - INFO - Trying standard table extraction
2025-05-06 20:24:54,265 - INFO - Found funding amount column at index 6
2025-05-06 20:24:54,268 - INFO - Found headquarters column at index 7
2025-05-06 20:24:54,275 - INFO - Found 22 potential data rows
2025-05-06 20:24:54,320 - INFO - Extracted: EKA Solutions - 19-Mar-24
2025-05-06 20:24:54,320 - INFO - Found funding amount: 150000
2025-05-06 20:24:54,362 - INFO - Extracted: Lumino - 19-Mar-24
2025-05-06 20:24:54,362 - INFO - Found funding amount: 2800000
2025-05-06 20:24:54,392 - INFO - Extracted: Chambr - 18-Mar-24
2025-05-06 20:24:54,393 - INFO - Found funding amount: 20000
2025-05-06 20:24:54,429 - INFO - Extracted: Carbonated - 15-Mar-24
2025-05-06 20:24:54,429 - INFO - Found funding amount: 11000000
2025-05-06 20:24:54,459 - INFO - Extracted: Unstructured Technologies - 14-Mar-24
2025-05-06 20:24:54,459 - INFO - Found funding amount: 40000000
2025-05-06 20:24:54,490 - INFO - Extracted: Omni - 14-Mar-24
2025-05-06 20:24:54,490 - INFO - Found funding amount: 20000000
2025-05-06 20:24:54,520 - INFO - Extracted: inDrive - 14-Mar-24
2025-05-06 20:24:54,520 - INFO - Found funding amount: 150000000
2025-05-06 20:24:54,554 - INFO - Extracted: Lily AI - 14-Mar-24
2025-05-06 20:24:54,554 - INFO - Found funding amount: 20000000
2025-05-06 20:24:54,585 - INFO - Extracted: Horizon Treatment Services - 14-Mar-24
2025-05-06 20:24:54,585 - INFO - Found funding amount: 1000000
2025-05-06 20:24:54,625 - INFO - Extracted: Vertosa - 14-Mar-24
2025-05-06 20:24:54,625 - INFO - Found funding amount: 0
2025-05-06 20:24:54,657 - INFO - Extracted: Clique - 14-Mar-24
2025-05-06 20:24:54,657 - INFO - Found funding amount: 8000000
2025-05-06 20:24:54,686 - INFO - Extracted: Sierra Gold Nurseries - 14-Mar-24
2025-05-06 20:24:54,686 - INFO - Found funding amount: 0
2025-05-06 20:24:54,716 - INFO - Extracted: Orbillion Bio - 14-Mar-24
2025-05-06 20:24:54,716 - INFO - Found funding amount: 0
2025-05-06 20:24:54,746 - INFO - Extracted: Redcoat AI - 14-Mar-24
2025-05-06 20:24:54,746 - INFO - Found funding amount: 4240000
2025-05-06 20:24:54,776 - INFO - Extracted: Assort Health - 14-Mar-24
2025-05-06 20:24:54,776 - INFO - Found funding amount: 3500000
2025-05-06 20:24:54,807 - INFO - Extracted: Deep Origin - 13-Mar-24
2025-05-06 20:24:54,807 - INFO - Found funding amount: 25500000
2025-05-06 20:24:54,836 - INFO - Extracted: LiveKit - 13-Mar-24
2025-05-06 20:24:54,836 - INFO - Found funding amount: 19742076
2025-05-06 20:24:54,895 - INFO - Extracted: Voxeleron - 13-Mar-24
2025-05-06 20:24:54,895 - INFO - Found funding amount: 0
2025-05-06 20:24:54,925 - INFO - Extracted: Nozomi Networks - 13-Mar-24
2025-05-06 20:24:54,925 - INFO - Found funding amount: 100000000
2025-05-06 20:24:54,954 - INFO - Extracted: Fermat Commerce - 13-Mar-24
2025-05-06 20:24:54,954 - INFO - Found funding amount: 17000000
2025-05-06 20:24:54,954 - INFO - Successfully extracted 20 new companies from page 45
2025-05-06 20:24:54,954 - INFO - Attempting to navigate from page 45
2025-05-06 20:24:58,760 - INFO - JavaScript verification confirmed page changed
2025-05-06 20:24:59,802 - INFO - Extracting data from page 30
2025-05-06 20:25:00,313 - INFO - Trying standard table extraction
2025-05-06 20:25:00,378 - INFO - Found funding amount column at index 6
2025-05-06 20:25:00,383 - INFO - Found headquarters column at index 7
2025-05-06 20:25:00,392 - INFO - Found 22 potential data rows
2025-05-06 20:25:00,438 - INFO - Extracted: Autify - 17-Jun-24
2025-05-06 20:25:00,439 - INFO - Found funding amount: 13000000
2025-05-06 20:25:00,470 - INFO - Extracted: Constructor - 17-Jun-24
2025-05-06 20:25:00,470 - INFO - Found funding amount: 25000000
2025-05-06 20:25:00,501 - INFO - Extracted: You.com - 17-Jun-24
2025-05-06 20:25:00,501 - INFO - Found funding amount: 50000000
2025-05-06 20:25:00,532 - INFO - Extracted: Take Homes - 17-Jun-24
2025-05-06 20:25:00,532 - INFO - Found funding amount: 150000
2025-05-06 20:25:00,564 - INFO - Extracted: Aepnus Technology - 14-Jun-24
2025-05-06 20:25:00,564 - INFO - Found funding amount: 8000000
2025-05-06 20:25:00,596 - INFO - Extracted: Better Health - 13-Jun-24
2025-05-06 20:25:00,596 - INFO - Found funding amount: 14000000
2025-05-06 20:25:00,627 - INFO - Extracted: Viridian Space - 13-Jun-24
2025-05-06 20:25:00,627 - INFO - Found funding amount: 0
2025-05-06 20:25:00,662 - INFO - Extracted: Remmie - 12-Jun-24
2025-05-06 20:25:00,662 - INFO - Found funding amount: 3000000
2025-05-06 20:25:00,687 - INFO - JavaScript verification confirmed page changed
2025-05-06 20:25:00,698 - INFO - Extracted: Canary Technologies - 12-Jun-24
2025-05-06 20:25:00,698 - INFO - Found funding amount: 50000000
2025-05-06 20:25:00,736 - INFO - Extracted: Grayce - 12-Jun-24
2025-05-06 20:25:00,736 - INFO - Found funding amount: 10400000
2025-05-06 20:25:00,766 - INFO - Extracted: InScope - 12-Jun-24
2025-05-06 20:25:00,766 - INFO - Found funding amount: 4300000
2025-05-06 20:25:00,797 - INFO - Extracted: Learn to Win - 12-Jun-24
2025-05-06 20:25:00,797 - INFO - Found funding amount: 30000000
2025-05-06 20:25:00,826 - INFO - Extracted: Tesseract Medical Research - 11-Jun-24
2025-05-06 20:25:00,826 - INFO - Found funding amount: 20000000
2025-05-06 20:25:00,855 - INFO - Extracted: Cyberhaven - 11-Jun-24
2025-05-06 20:25:00,855 - INFO - Found funding amount: 88000000
2025-05-06 20:25:00,885 - INFO - Extracted: Found - 11-Jun-24
2025-05-06 20:25:00,885 - INFO - Found funding amount: 45999997
2025-05-06 20:25:00,924 - INFO - Extracted: Youth Speaks - 11-Jun-24
2025-05-06 20:25:00,924 - INFO - Found funding amount: 40000
2025-05-06 20:25:00,956 - INFO - Extracted: Perlumi - 11-Jun-24
2025-05-06 20:25:00,956 - INFO - Found funding amount: 4515899
2025-05-06 20:25:00,986 - INFO - Extracted: Nexus Laboratories - 10-Jun-24
2025-05-06 20:25:00,986 - INFO - Found funding amount: 25000000
2025-05-06 20:25:01,017 - INFO - Extracted: Pair Team - 10-Jun-24
2025-05-06 20:25:01,017 - INFO - Found funding amount: 500000
2025-05-06 20:25:01,049 - INFO - Extracted: Gatik - 10-Jun-24
2025-05-06 20:25:01,049 - INFO - Found funding amount: 0
2025-05-06 20:25:01,049 - INFO - Successfully extracted 20 new companies from page 30
2025-05-06 20:25:01,049 - INFO - Attempting to navigate from page 30
2025-05-06 20:25:01,595 - INFO - Extracting data from page 46
2025-05-06 20:25:02,204 - INFO - Trying standard table extraction
2025-05-06 20:25:02,273 - INFO - Found funding amount column at index 6
2025-05-06 20:25:02,278 - INFO - Found headquarters column at index 7
2025-05-06 20:25:02,287 - INFO - Found 22 potential data rows
2025-05-06 20:25:02,352 - INFO - Extracted: Astronuts - 13-Mar-24
2025-05-06 20:25:02,352 - INFO - Found funding amount: 0
2025-05-06 20:25:02,396 - INFO - Extracted: eDNA Explorer - 13-Mar-24
2025-05-06 20:25:02,396 - INFO - Found funding amount: 500000
2025-05-06 20:25:02,442 - INFO - Extracted: Big Sur AI - 13-Mar-24
2025-05-06 20:25:02,442 - INFO - Found funding amount: 6900000
2025-05-06 20:25:02,486 - INFO - Extracted: HalseyPoint Asset Management - 13-Mar-24
2025-05-06 20:25:02,487 - INFO - Found funding amount: 0
2025-05-06 20:25:02,544 - INFO - Extracted: Luminary Cloud - 13-Mar-24
2025-05-06 20:25:02,544 - INFO - Found funding amount: 115000000
2025-05-06 20:25:02,675 - INFO - Extracted: Furno - 13-Mar-24
2025-05-06 20:25:02,676 - INFO - Found funding amount: 6500000
2025-05-06 20:25:02,722 - INFO - Extracted: Smartschool - 13-Mar-24
2025-05-06 20:25:02,722 - INFO - Found funding amount: 1500000
2025-05-06 20:25:02,758 - INFO - Extracted: NanoNets - 12-Mar-24
2025-05-06 20:25:02,759 - INFO - Found funding amount: 29000000
2025-05-06 20:25:02,788 - INFO - Extracted: Amara Organic Foods - 12-Mar-24
2025-05-06 20:25:02,788 - INFO - Found funding amount: 20000000
2025-05-06 20:25:02,836 - INFO - Extracted: Vouch - 11-Mar-24
2025-05-06 20:25:02,836 - INFO - Found funding amount: 25000000
2025-05-06 20:25:02,892 - INFO - Extracted: Forest Neurotech - 11-Mar-24
2025-05-06 20:25:02,892 - INFO - Found funding amount: 14000000
2025-05-06 20:25:02,937 - INFO - Extracted: Applied Intuition - 11-Mar-24
2025-05-06 20:25:02,937 - INFO - Found funding amount: 250000000
2025-05-06 20:25:02,972 - INFO - Extracted: Bear Robotics - 11-Mar-24
2025-05-06 20:25:02,972 - INFO - Found funding amount: 60000000
2025-05-06 20:25:03,008 - INFO - Extracted: Key - 11-Mar-24
2025-05-06 20:25:03,008 - INFO - Found funding amount: 4300000
2025-05-06 20:25:03,044 - INFO - Extracted: Eigen Therapeutics - 11-Mar-24
2025-05-06 20:25:03,044 - INFO - Found funding amount: 0
2025-05-06 20:25:03,094 - INFO - Extracted: RealSeq Biosciences - 11-Mar-24
2025-05-06 20:25:03,094 - INFO - Found funding amount: 1500000
2025-05-06 20:25:03,133 - INFO - Extracted: Eclipse - 11-Mar-24
2025-05-06 20:25:03,133 - INFO - Found funding amount: 50000000
2025-05-06 20:25:03,170 - INFO - Extracted: Foundation Health - 11-Mar-24
2025-05-06 20:25:03,170 - INFO - Found funding amount: 6000000
2025-05-06 20:25:03,199 - INFO - Extracted: Huski.ai - 8-Mar-24
2025-05-06 20:25:03,199 - INFO - Found funding amount: 4250010
2025-05-06 20:25:03,229 - INFO - Extracted: Ondas Networks - 8-Mar-24
2025-05-06 20:25:03,229 - INFO - Found funding amount: 4500000
2025-05-06 20:25:03,229 - INFO - Successfully extracted 20 new companies from page 46
2025-05-06 20:25:03,229 - INFO - Attempting to navigate from page 46
2025-05-06 20:25:07,255 - INFO - JavaScript verification confirmed page changed
2025-05-06 20:25:08,398 - INFO - Extracting data from page 31
2025-05-06 20:25:09,616 - INFO - Trying standard table extraction
2025-05-06 20:25:09,752 - INFO - Found funding amount column at index 6
2025-05-06 20:25:09,761 - INFO - Found headquarters column at index 7
2025-05-06 20:25:09,778 - INFO - Found 22 potential data rows
2025-05-06 20:25:09,831 - INFO - Extracted: InSync - 8-Jun-24
2025-05-06 20:25:09,831 - INFO - Found funding amount: 0
2025-05-06 20:25:09,837 - INFO - JavaScript verification confirmed page changed
2025-05-06 20:25:09,902 - INFO - Extracted: Prolific Machines - 7-Jun-24
2025-05-06 20:25:09,902 - INFO - Found funding amount: 55000000
2025-05-06 20:25:09,933 - INFO - Extracted: Portal AI - 7-Jun-24
2025-05-06 20:25:09,933 - INFO - Found funding amount: 4500000
2025-05-06 20:25:09,964 - INFO - Extracted: Rising Team - 6-Jun-24
2025-05-06 20:25:09,964 - INFO - Found funding amount: 8000000
2025-05-06 20:25:10,001 - INFO - Extracted: Greptile - 6-Jun-24
2025-05-06 20:25:10,001 - INFO - Found funding amount: 4099999
2025-05-06 20:25:10,035 - INFO - Extracted: bem - 6-Jun-24
2025-05-06 20:25:10,035 - INFO - Found funding amount: 3700000
2025-05-06 20:25:10,074 - INFO - Extracted: Boys & Girls Clubs of Fresno County - 6-Jun-24
2025-05-06 20:25:10,074 - INFO - Found funding amount: 55000
2025-05-06 20:25:10,114 - INFO - Extracted: Cube Dev - 6-Jun-24
2025-05-06 20:25:10,114 - INFO - Found funding amount: 25000000
2025-05-06 20:25:10,145 - INFO - Extracted: Tobiko Data - 5-Jun-24
2025-05-06 20:25:10,145 - INFO - Found funding amount: 17300000
2025-05-06 20:25:10,176 - INFO - Extracted: Zingly - 5-Jun-24
2025-05-06 20:25:10,176 - INFO - Found funding amount: 10000000
2025-05-06 20:25:10,207 - INFO - Extracted: 100% Chiropractic - 5-Jun-24
2025-05-06 20:25:10,207 - INFO - Found funding amount: 0
2025-05-06 20:25:10,237 - INFO - Extracted: Pika - 5-Jun-24
2025-05-06 20:25:10,237 - INFO - Found funding amount: 80000000
2025-05-06 20:25:10,301 - INFO - Extracted: Xcimer Energy - 4-Jun-24
2025-05-06 20:25:10,302 - INFO - Found funding amount: 100000000
2025-05-06 20:25:10,335 - INFO - Extracted: Raydiant Oximetry - 4-Jun-24
2025-05-06 20:25:10,335 - INFO - Found funding amount: 7500000
2025-05-06 20:25:10,424 - INFO - Extracted: Vantage Discovery - 4-Jun-24
2025-05-06 20:25:10,425 - INFO - Found funding amount: 16000000
2025-05-06 20:25:10,466 - INFO - Extracted: Siren Biotechnology - 4-Jun-24
2025-05-06 20:25:10,466 - INFO - Found funding amount: 19611194
2025-05-06 20:25:10,515 - INFO - Extracted: SOFIE - 4-Jun-24
2025-05-06 20:25:10,515 - INFO - Found funding amount: 0
2025-05-06 20:25:10,554 - INFO - Extracted: AirMDR - 4-Jun-24
2025-05-06 20:25:10,555 - INFO - Found funding amount: 5000000
2025-05-06 20:25:10,604 - INFO - Extracted: Zum - 4-Jun-24
2025-05-06 20:25:10,604 - INFO - Found funding amount: 32000000
2025-05-06 20:25:10,643 - INFO - Extracted: Spike Technologies - 4-Jun-24
2025-05-06 20:25:10,643 - INFO - Found funding amount: 3200000
2025-05-06 20:25:10,643 - INFO - Successfully extracted 20 new companies from page 31
2025-05-06 20:25:10,643 - INFO - Attempting to navigate from page 31
2025-05-06 20:25:10,720 - INFO - Extracting data from page 47
2025-05-06 20:25:11,632 - INFO - Trying standard table extraction
2025-05-06 20:25:11,707 - INFO - Found funding amount column at index 6
2025-05-06 20:25:11,711 - INFO - Found headquarters column at index 7
2025-05-06 20:25:11,720 - INFO - Found 22 potential data rows
2025-05-06 20:25:11,765 - INFO - Extracted: NeuroAge Therapeutics - 7-Mar-24
2025-05-06 20:25:11,765 - INFO - Found funding amount: 250000
2025-05-06 20:25:11,793 - INFO - Extracted: Neural Propulsion Systems - 7-Mar-24
2025-05-06 20:25:11,793 - INFO - Found funding amount: 17500000
2025-05-06 20:25:11,825 - INFO - Extracted: Best Day Brewing - 7-Mar-24
2025-05-06 20:25:11,825 - INFO - Found funding amount: 10000000
2025-05-06 20:25:11,860 - INFO - Extracted: Reach Security - 7-Mar-24
2025-05-06 20:25:11,860 - INFO - Found funding amount: 20000000
2025-05-06 20:25:11,895 - INFO - Extracted: Brevian - 7-Mar-24
2025-05-06 20:25:11,895 - INFO - Found funding amount: 9000000
2025-05-06 20:25:11,930 - INFO - Extracted: Alumis - 6-Mar-24
2025-05-06 20:25:11,930 - INFO - Found funding amount: 259000000
2025-05-06 20:25:11,959 - INFO - Extracted: Abstract - 6-Mar-24
2025-05-06 20:25:11,959 - INFO - Found funding amount: 4256483
2025-05-06 20:25:11,989 - INFO - Extracted: Altro (fka Perch) - 6-Mar-24
2025-05-06 20:25:11,989 - INFO - Found funding amount: 4000000
2025-05-06 20:25:12,022 - INFO - Extracted: Remofirst - 6-Mar-24
2025-05-06 20:25:12,022 - INFO - Found funding amount: 25000000
2025-05-06 20:25:12,054 - INFO - Extracted: Proof of Impact - 6-Mar-24
2025-05-06 20:25:12,054 - INFO - Found funding amount: 569985
2025-05-06 20:25:12,085 - INFO - Extracted: Firewall - 6-Mar-24
2025-05-06 20:25:12,085 - INFO - Found funding amount: 3700000
2025-05-06 20:25:12,113 - INFO - Extracted: Glacier - 6-Mar-24
2025-05-06 20:25:12,113 - INFO - Found funding amount: 7700000
2025-05-06 20:25:12,144 - INFO - Extracted: Jabali - 6-Mar-24
2025-05-06 20:25:12,144 - INFO - Found funding amount: 5000000
2025-05-06 20:25:12,172 - INFO - Extracted: Dtex Systems - 5-Mar-24
2025-05-06 20:25:12,172 - INFO - Found funding amount: 50000000
2025-05-06 20:25:12,202 - INFO - Extracted: Ubicloud - 5-Mar-24
2025-05-06 20:25:12,202 - INFO - Found funding amount: 16000000
2025-05-06 20:25:12,232 - INFO - Extracted: Openprise - 5-Mar-24
2025-05-06 20:25:12,232 - INFO - Found funding amount: 25000000
2025-05-06 20:25:12,262 - INFO - Extracted: appCD - 5-Mar-24
2025-05-06 20:25:12,262 - INFO - Found funding amount: 6000000
2025-05-06 20:25:12,291 - INFO - Extracted: RIOS - 5-Mar-24
2025-05-06 20:25:12,291 - INFO - Found funding amount: 13000000
2025-05-06 20:25:12,332 - INFO - Extracted: Baseten - 4-Mar-24
2025-05-06 20:25:12,332 - INFO - Found funding amount: 40000000
2025-05-06 20:25:12,370 - INFO - Extracted: GALY - 4-Mar-24
2025-05-06 20:25:12,370 - INFO - Found funding amount: 20149994
2025-05-06 20:25:12,370 - INFO - Successfully extracted 20 new companies from page 47
2025-05-06 20:25:12,370 - INFO - Attempting to navigate from page 47
2025-05-06 20:25:16,354 - INFO - JavaScript verification confirmed page changed
2025-05-06 20:25:16,751 - INFO - Extracting data from page 32
2025-05-06 20:25:17,671 - INFO - Trying standard table extraction
2025-05-06 20:25:17,734 - INFO - Found funding amount column at index 6
2025-05-06 20:25:17,739 - INFO - Found headquarters column at index 7
2025-05-06 20:25:17,748 - INFO - Found 22 potential data rows
2025-05-06 20:25:17,793 - INFO - Extracted: Pr√≥speros - 4-Jun-24
2025-05-06 20:25:17,793 - INFO - Found funding amount: 3000000
2025-05-06 20:25:17,827 - INFO - Extracted: Field Materials, Inc. - 4-Jun-24
2025-05-06 20:25:17,827 - INFO - Found funding amount: 3500000
2025-05-06 20:25:17,859 - INFO - Extracted: Viaduct - 4-Jun-24
2025-05-06 20:25:17,859 - INFO - Found funding amount: 10000000
2025-05-06 20:25:17,890 - INFO - Extracted: Tandem PV - 3-Jun-24
2025-05-06 20:25:17,890 - INFO - Found funding amount: 4700000
2025-05-06 20:25:17,919 - INFO - Extracted: Vimmerse - 3-Jun-24
2025-05-06 20:25:17,920 - INFO - Found funding amount: 0
2025-05-06 20:25:17,954 - INFO - Extracted: Ashby - 3-Jun-24
2025-05-06 20:25:17,954 - INFO - Found funding amount: 30000000
2025-05-06 20:25:17,992 - INFO - Extracted: Balance - 3-Jun-24
2025-05-06 20:25:17,992 - INFO - Found funding amount: 2500000
2025-05-06 20:25:18,022 - INFO - Extracted: Revi - 1-Jun-24
2025-05-06 20:25:18,022 - INFO - Found funding amount: 10000000
2025-05-06 20:25:18,041 - INFO - JavaScript verification confirmed page changed
2025-05-06 20:25:18,072 - INFO - Extracted: Sprout HR - 1-Jun-24
2025-05-06 20:25:18,072 - INFO - Found funding amount: 0
2025-05-06 20:25:18,102 - INFO - Extracted: Point - 30-May-24
2025-05-06 20:25:18,102 - INFO - Found funding amount: 141000000
2025-05-06 20:25:18,131 - INFO - Extracted: Portside - 30-May-24
2025-05-06 20:25:18,131 - INFO - Found funding amount: 0
2025-05-06 20:25:18,163 - INFO - Extracted: Forward - 30-May-24
2025-05-06 20:25:18,163 - INFO - Found funding amount: 16000000
2025-05-06 20:25:18,202 - INFO - Extracted: Plural Energy - 30-May-24
2025-05-06 20:25:18,202 - INFO - Found funding amount: 2330000
2025-05-06 20:25:18,235 - INFO - Extracted: ZERO - 30-May-24
2025-05-06 20:25:18,235 - INFO - Found funding amount: 26112523
2025-05-06 20:25:18,264 - INFO - Extracted: Functional Finance - 30-May-24
2025-05-06 20:25:18,264 - INFO - Found funding amount: 16999992
2025-05-06 20:25:18,294 - INFO - Extracted: Valar Labs - 30-May-24
2025-05-06 20:25:18,294 - INFO - Found funding amount: 22000000
2025-05-06 20:25:18,327 - INFO - Extracted: BabylonChain - 30-May-24
2025-05-06 20:25:18,327 - INFO - Found funding amount: 70000000
2025-05-06 20:25:18,355 - INFO - Extracted: Plenful - 30-May-24
2025-05-06 20:25:18,356 - INFO - Found funding amount: 17000000
2025-05-06 20:25:18,383 - INFO - Extracted: TraceAir - 29-May-24
2025-05-06 20:25:18,384 - INFO - Found funding amount: 25000000
2025-05-06 20:25:18,414 - INFO - Extracted: Frore Systems - 29-May-24
2025-05-06 20:25:18,414 - INFO - Found funding amount: 80000000
2025-05-06 20:25:18,414 - INFO - Successfully extracted 20 new companies from page 32
2025-05-06 20:25:18,414 - INFO - Attempting to navigate from page 32
2025-05-06 20:25:19,122 - INFO - Extracting data from page 48
2025-05-06 20:25:19,728 - INFO - Trying standard table extraction
2025-05-06 20:25:19,772 - INFO - Found funding amount column at index 6
2025-05-06 20:25:19,776 - INFO - Found headquarters column at index 7
2025-05-06 20:25:19,785 - INFO - Found 22 potential data rows
2025-05-06 20:25:19,834 - INFO - Extracted: Headlands Research - 4-Mar-24
2025-05-06 20:25:19,834 - INFO - Found funding amount: 249997
2025-05-06 20:25:19,865 - INFO - Extracted: treet - 4-Mar-24
2025-05-06 20:25:19,865 - INFO - Found funding amount: 10000000
2025-05-06 20:25:19,900 - INFO - Extracted: Entrada - 4-Mar-24
2025-05-06 20:25:19,900 - INFO - Found funding amount: 0
2025-05-06 20:25:19,934 - INFO - Extracted: Momentous - 29-Feb-24
2025-05-06 20:25:19,934 - INFO - Found funding amount: 0
2025-05-06 20:25:19,973 - INFO - Extracted: FirstHive - 29-Feb-24
2025-05-06 20:25:19,973 - INFO - Found funding amount: 5089250
2025-05-06 20:25:20,013 - INFO - Extracted: Elemeno Health - 29-Feb-24
2025-05-06 20:25:20,013 - INFO - Found funding amount: 3350344
2025-05-06 20:25:20,044 - INFO - Extracted: PawCo Foods - 29-Feb-24
2025-05-06 20:25:20,044 - INFO - Found funding amount: 2000000
2025-05-06 20:25:20,112 - INFO - Extracted: BioCorRx - 28-Feb-24
2025-05-06 20:25:20,113 - INFO - Found funding amount: 11000000
2025-05-06 20:25:20,154 - INFO - Extracted: Range Energy - 28-Feb-24
2025-05-06 20:25:20,154 - INFO - Found funding amount: 23500000
2025-05-06 20:25:20,189 - INFO - Extracted: BloomTech - 28-Feb-24
2025-05-06 20:25:20,189 - INFO - Found funding amount: 14602342
2025-05-06 20:25:20,225 - INFO - Extracted: Backpack - 28-Feb-24
2025-05-06 20:25:20,225 - INFO - Found funding amount: 17000000
2025-05-06 20:25:20,256 - INFO - Extracted: Mineprism Inc. - 28-Feb-24
2025-05-06 20:25:20,256 - INFO - Found funding amount: 75000
2025-05-06 20:25:20,286 - INFO - Extracted: Parspec - 27-Feb-24
2025-05-06 20:25:20,286 - INFO - Found funding amount: 11500000
2025-05-06 20:25:20,316 - INFO - Extracted: Catch+Release - 27-Feb-24
2025-05-06 20:25:20,316 - INFO - Found funding amount: 8800000
2025-05-06 20:25:20,347 - INFO - Extracted: MoneyHash - 27-Feb-24
2025-05-06 20:25:20,347 - INFO - Found funding amount: 4500000
2025-05-06 20:25:20,376 - INFO - Extracted: Reo.Dev - 27-Feb-24
2025-05-06 20:25:20,376 - INFO - Found funding amount: 1200000
2025-05-06 20:25:20,404 - INFO - Extracted: Campfire - 27-Feb-24
2025-05-06 20:25:20,404 - INFO - Found funding amount: 3500000
2025-05-06 20:25:20,434 - INFO - Extracted: Axiom Cloud - 27-Feb-24
2025-05-06 20:25:20,434 - INFO - Found funding amount: 5000000
2025-05-06 20:25:20,471 - INFO - Extracted: Inkitt - 27-Feb-24
2025-05-06 20:25:20,471 - INFO - Found funding amount: 37000000
2025-05-06 20:25:20,507 - INFO - Extracted: EPRI - 26-Feb-24
2025-05-06 20:25:20,507 - INFO - Found funding amount: 3400000
2025-05-06 20:25:20,507 - INFO - Successfully extracted 20 new companies from page 48
2025-05-06 20:25:20,507 - INFO - Attempting to navigate from page 48
2025-05-06 20:25:24,538 - INFO - JavaScript verification confirmed page changed
2025-05-06 20:25:24,886 - INFO - Extracting data from page 33
2025-05-06 20:25:25,356 - INFO - Trying standard table extraction
2025-05-06 20:25:25,415 - INFO - Found funding amount column at index 6
2025-05-06 20:25:25,420 - INFO - Found headquarters column at index 7
2025-05-06 20:25:25,431 - INFO - Found 22 potential data rows
2025-05-06 20:25:25,488 - INFO - Extracted: Figma - 29-May-24
2025-05-06 20:25:25,489 - INFO - Found funding amount: 415749740
2025-05-06 20:25:25,523 - INFO - Extracted: Kinisi - 29-May-24
2025-05-06 20:25:25,523 - INFO - Found funding amount: 437000
2025-05-06 20:25:25,553 - INFO - Extracted: App Orchid - 28-May-24
2025-05-06 20:25:25,553 - INFO - Found funding amount: 1500000
2025-05-06 20:25:25,596 - INFO - Extracted: OpsMx - 28-May-24
2025-05-06 20:25:25,596 - INFO - Found funding amount: 0
2025-05-06 20:25:25,628 - INFO - Extracted: LiveReach Media - 28-May-24
2025-05-06 20:25:25,628 - INFO - Found funding amount: 6908849
2025-05-06 20:25:25,663 - INFO - Extracted: Transcend - 28-May-24
2025-05-06 20:25:25,663 - INFO - Found funding amount: 40000000
2025-05-06 20:25:25,693 - INFO - Extracted: Aperture Finance - 28-May-24
2025-05-06 20:25:25,693 - INFO - Found funding amount: 6700000
2025-05-06 20:25:25,729 - INFO - Extracted: Felix - 28-May-24
2025-05-06 20:25:25,729 - INFO - Found funding amount: 15500000
2025-05-06 20:25:25,761 - INFO - Extracted: Sempera Organics - 24-May-24
2025-05-06 20:25:25,761 - INFO - Found funding amount: 2612490
2025-05-06 20:25:25,791 - INFO - Extracted: Heyday - 24-May-24
2025-05-06 20:25:25,791 - INFO - Found funding amount: 0
2025-05-06 20:25:25,821 - INFO - Extracted: Killington Technologies - 24-May-24
2025-05-06 20:25:25,821 - INFO - Found funding amount: 400000
2025-05-06 20:25:25,853 - INFO - Extracted: Lumos - 23-May-24
2025-05-06 20:25:25,854 - INFO - Found funding amount: 35000000
2025-05-06 20:25:25,891 - INFO - Extracted: Userfront - 23-May-24
2025-05-06 20:25:25,891 - INFO - Found funding amount: 5300000
2025-05-06 20:25:25,920 - INFO - Extracted: Supermove - 23-May-24
2025-05-06 20:25:25,920 - INFO - Found funding amount: 0
2025-05-06 20:25:25,949 - INFO - Extracted: Aduro Advisors - 23-May-24
2025-05-06 20:25:25,949 - INFO - Found funding amount: 0
2025-05-06 20:25:25,983 - INFO - Extracted: forml - 23-May-24
2025-05-06 20:25:25,983 - INFO - Found funding amount: 546477
2025-05-06 20:25:26,016 - INFO - Extracted: BeeHero - 23-May-24
2025-05-06 20:25:26,016 - INFO - Found funding amount: 500000
2025-05-06 20:25:26,047 - INFO - Extracted: Founder AI - 22-May-24
2025-05-06 20:25:26,047 - INFO - Found funding amount: 3000000
2025-05-06 20:25:26,077 - INFO - Extracted: HoundDog.ai - 22-May-24
2025-05-06 20:25:26,077 - INFO - Found funding amount: 3100000
2025-05-06 20:25:26,107 - INFO - Extracted: Amino - 22-May-24
2025-05-06 20:25:26,107 - INFO - Found funding amount: 10000000
2025-05-06 20:25:26,107 - INFO - Successfully extracted 20 new companies from page 33
2025-05-06 20:25:26,107 - INFO - Attempting to navigate from page 33
2025-05-06 20:25:26,627 - INFO - JavaScript verification confirmed page changed
2025-05-06 20:25:27,645 - INFO - Extracting data from page 49
2025-05-06 20:25:28,013 - INFO - Trying standard table extraction
2025-05-06 20:25:28,086 - INFO - Found funding amount column at index 6
2025-05-06 20:25:28,092 - INFO - Found headquarters column at index 7
2025-05-06 20:25:28,108 - INFO - Found 22 potential data rows
2025-05-06 20:25:28,210 - INFO - Extracted: Alamar Biosciences - 26-Feb-24
2025-05-06 20:25:28,210 - INFO - Found funding amount: 100000000
2025-05-06 20:25:28,257 - INFO - Extracted: FlowGPT - 26-Feb-24
2025-05-06 20:25:28,258 - INFO - Found funding amount: 10000000
2025-05-06 20:25:28,299 - INFO - Extracted: mTAB - 26-Feb-24
2025-05-06 20:25:28,299 - INFO - Found funding amount: 15000000
2025-05-06 20:25:28,366 - INFO - Extracted: InsightRX - 23-Feb-24
2025-05-06 20:25:28,366 - INFO - Found funding amount: 0
2025-05-06 20:25:28,415 - INFO - Extracted: Elve - 22-Feb-24
2025-05-06 20:25:28,415 - INFO - Found funding amount: 15000000
2025-05-06 20:25:28,501 - INFO - Extracted: PermitFlow - 21-Feb-24
2025-05-06 20:25:28,501 - INFO - Found funding amount: 31000000
2025-05-06 20:25:28,545 - INFO - Extracted: Jamix - 21-Feb-24
2025-05-06 20:25:28,545 - INFO - Found funding amount: 3000000
2025-05-06 20:25:28,577 - INFO - Extracted: Hadrian - 21-Feb-24
2025-05-06 20:25:28,577 - INFO - Found funding amount: 92000000
2025-05-06 20:25:28,628 - INFO - Extracted: Empowerly - 21-Feb-24
2025-05-06 20:25:28,628 - INFO - Found funding amount: 15000000
2025-05-06 20:25:28,696 - INFO - Extracted: Orkes - 21-Feb-24
2025-05-06 20:25:28,696 - INFO - Found funding amount: 20000000
2025-05-06 20:25:28,730 - INFO - Extracted: Power Life Science - 21-Feb-24
2025-05-06 20:25:28,730 - INFO - Found funding amount: 11900000
2025-05-06 20:25:28,763 - INFO - Extracted: ElastiFlow - 21-Feb-24
2025-05-06 20:25:28,763 - INFO - Found funding amount: 5000000
2025-05-06 20:25:28,795 - INFO - Extracted: NodeShift - 21-Feb-24
2025-05-06 20:25:28,795 - INFO - Found funding amount: 3200000
2025-05-06 20:25:28,839 - INFO - Extracted: VectorShift - 21-Feb-24
2025-05-06 20:25:28,839 - INFO - Found funding amount: 3000000
2025-05-06 20:25:28,869 - INFO - Extracted: Blue Wire - 20-Feb-24
2025-05-06 20:25:28,870 - INFO - Found funding amount: 0
2025-05-06 20:25:28,900 - INFO - Extracted: Zonexus - 20-Feb-24
2025-05-06 20:25:28,900 - INFO - Found funding amount: 1149998
2025-05-06 20:25:28,937 - INFO - Extracted: Recogni - 20-Feb-24
2025-05-06 20:25:28,937 - INFO - Found funding amount: 102000000
2025-05-06 20:25:28,967 - INFO - Extracted: HighRI Optics - 20-Feb-24
2025-05-06 20:25:28,967 - INFO - Found funding amount: 1099995
2025-05-06 20:25:28,997 - INFO - Extracted: Arini - 19-Feb-24
2025-05-06 20:25:28,998 - INFO - Found funding amount: 500000
2025-05-06 20:25:29,030 - INFO - Extracted: Alembic - 15-Feb-24
2025-05-06 20:25:29,030 - INFO - Found funding amount: 14000000
2025-05-06 20:25:29,030 - INFO - Successfully extracted 20 new companies from page 49
2025-05-06 20:25:29,030 - INFO - Attempting to navigate from page 49
2025-05-06 20:25:32,430 - INFO - JavaScript verification confirmed page changed
2025-05-06 20:25:33,137 - INFO - Extracting data from page 34
2025-05-06 20:25:34,250 - INFO - Trying standard table extraction
2025-05-06 20:25:34,299 - INFO - Found funding amount column at index 6
2025-05-06 20:25:34,303 - INFO - Found headquarters column at index 7
2025-05-06 20:25:34,312 - INFO - Found 22 potential data rows
2025-05-06 20:25:34,375 - INFO - Extracted: California Walnuts - 22-May-24
2025-05-06 20:25:34,375 - INFO - Found funding amount: 7000000
2025-05-06 20:25:34,426 - INFO - Extracted: Verse - 22-May-24
2025-05-06 20:25:34,426 - INFO - Found funding amount: 20500000
2025-05-06 20:25:34,471 - INFO - Extracted: KETOS - 21-May-24
2025-05-06 20:25:34,471 - INFO - Found funding amount: 10000000
2025-05-06 20:25:34,518 - INFO - Extracted: XGS Energy - 21-May-24
2025-05-06 20:25:34,518 - INFO - Found funding amount: 20000000
2025-05-06 20:25:34,556 - INFO - Extracted: Materna Medical - 21-May-24
2025-05-06 20:25:34,556 - INFO - Found funding amount: 20000000
2025-05-06 20:25:34,599 - INFO - Extracted: Coactive AI - 21-May-24
2025-05-06 20:25:34,600 - INFO - Found funding amount: 30000000
2025-05-06 20:25:34,893 - INFO - Extracted: AltruBio - 21-May-24
2025-05-06 20:25:34,894 - INFO - Found funding amount: 225000000
2025-05-06 20:25:34,971 - INFO - Extracted: Infinx - 21-May-24
2025-05-06 20:25:34,971 - INFO - Found funding amount: 0
2025-05-06 20:25:35,014 - INFO - Extracted: UberCloud - 21-May-24
2025-05-06 20:25:35,014 - INFO - Found funding amount: 20000000
2025-05-06 20:25:35,059 - INFO - Extracted: daydream Labs - 20-May-24
2025-05-06 20:25:35,059 - INFO - Found funding amount: 6217281
2025-05-06 20:25:35,108 - INFO - JavaScript verification confirmed page changed
2025-05-06 20:25:35,123 - INFO - Extracted: UTOBO - 20-May-24
2025-05-06 20:25:35,123 - INFO - Found funding amount: 0
2025-05-06 20:25:35,161 - INFO - Extracted: Bedrock Materials - 16-May-24
2025-05-06 20:25:35,161 - INFO - Found funding amount: 9000000
2025-05-06 20:25:35,196 - INFO - Extracted: Tree Line Capital Partners - 16-May-24
2025-05-06 20:25:35,196 - INFO - Found funding amount: 0
2025-05-06 20:25:35,225 - INFO - Extracted: Sigma Computing - 16-May-24
2025-05-06 20:25:35,225 - INFO - Found funding amount: 200000000
2025-05-06 20:25:35,257 - INFO - Extracted: Alkira - 15-May-24
2025-05-06 20:25:35,257 - INFO - Found funding amount: 100000000
2025-05-06 20:25:35,296 - INFO - Extracted: MULTI¬∑ON - 15-May-24
2025-05-06 20:25:35,297 - INFO - Found funding amount: 0
2025-05-06 20:25:35,336 - INFO - Extracted: Recall.ai - 15-May-24
2025-05-06 20:25:35,336 - INFO - Found funding amount: 10000000
2025-05-06 20:25:35,374 - INFO - Extracted: WEKA - 15-May-24
2025-05-06 20:25:35,374 - INFO - Found funding amount: 140000000
2025-05-06 20:25:35,421 - INFO - Extracted: AtlasPro AI - 15-May-24
2025-05-06 20:25:35,421 - INFO - Found funding amount: 0
2025-05-06 20:25:35,451 - INFO - Extracted: LanceDB - 15-May-24
2025-05-06 20:25:35,451 - INFO - Found funding amount: 8000000
2025-05-06 20:25:35,451 - INFO - Successfully extracted 20 new companies from page 34
2025-05-06 20:25:35,451 - INFO - Attempting to navigate from page 34
2025-05-06 20:25:36,020 - INFO - Extracting data from page 50
2025-05-06 20:25:36,875 - INFO - Trying standard table extraction
2025-05-06 20:25:36,907 - INFO - Found funding amount column at index 6
2025-05-06 20:25:36,911 - INFO - Found headquarters column at index 7
2025-05-06 20:25:36,918 - INFO - Found 22 potential data rows
2025-05-06 20:25:36,961 - INFO - Extracted: Scribe - 15-Feb-24
2025-05-06 20:25:36,961 - INFO - Found funding amount: 25000000
2025-05-06 20:25:36,991 - INFO - Extracted: Freenome - 15-Feb-24
2025-05-06 20:25:36,991 - INFO - Found funding amount: 254000000
2025-05-06 20:25:37,032 - INFO - Extracted: Guardrails AI - 15-Feb-24
2025-05-06 20:25:37,032 - INFO - Found funding amount: 7500000
2025-05-06 20:25:37,071 - INFO - Extracted: Zocks - 15-Feb-24
2025-05-06 20:25:37,071 - INFO - Found funding amount: 5500000
2025-05-06 20:25:37,106 - INFO - Extracted: LangChain - 15-Feb-24
2025-05-06 20:25:37,106 - INFO - Found funding amount: 25000000
2025-05-06 20:25:37,139 - INFO - Extracted: testRigor - 15-Feb-24
2025-05-06 20:25:37,139 - INFO - Found funding amount: 0
2025-05-06 20:25:37,171 - INFO - Extracted: Kairos Aerospace - 15-Feb-24
2025-05-06 20:25:37,171 - INFO - Found funding amount: 52000000
2025-05-06 20:25:37,205 - INFO - Extracted: Sanitas AI - 15-Feb-24
2025-05-06 20:25:37,206 - INFO - Found funding amount: 0
2025-05-06 20:25:37,247 - INFO - Extracted: cPacket Networks - 14-Feb-24
2025-05-06 20:25:37,247 - INFO - Found funding amount: 67000000
2025-05-06 20:25:37,283 - INFO - Extracted: Artie - 14-Feb-24
2025-05-06 20:25:37,283 - INFO - Found funding amount: 3300000
2025-05-06 20:25:37,314 - INFO - Extracted: SkyOne Federal Credit Union - 14-Feb-24
2025-05-06 20:25:37,314 - INFO - Found funding amount: 2750000
2025-05-06 20:25:37,345 - INFO - Extracted: Hippo Harvest - 14-Feb-24
2025-05-06 20:25:37,345 - INFO - Found funding amount: 21000000
2025-05-06 20:25:37,376 - INFO - Extracted: Planette - 14-Feb-24
2025-05-06 20:25:37,376 - INFO - Found funding amount: 2400000
2025-05-06 20:25:37,429 - INFO - Extracted: Rasa - 14-Feb-24
2025-05-06 20:25:37,429 - INFO - Found funding amount: 30000000
2025-05-06 20:25:37,466 - INFO - Extracted: Meter - 13-Feb-24
2025-05-06 20:25:37,466 - INFO - Found funding amount: 35000000
2025-05-06 20:25:37,496 - INFO - Extracted: Skylo - 13-Feb-24
2025-05-06 20:25:37,497 - INFO - Found funding amount: 37000000
2025-05-06 20:25:37,527 - INFO - Extracted: Mindy - 13-Feb-24
2025-05-06 20:25:37,527 - INFO - Found funding amount: 6000000
2025-05-06 20:25:37,559 - INFO - Extracted: Savor - 13-Feb-24
2025-05-06 20:25:37,560 - INFO - Found funding amount: 23000000
2025-05-06 20:25:37,592 - INFO - Extracted: Camus Energy - 13-Feb-24
2025-05-06 20:25:37,592 - INFO - Found funding amount: 10000000
2025-05-06 20:25:37,629 - INFO - Extracted: Chalk - 13-Feb-24
2025-05-06 20:25:37,629 - INFO - Found funding amount: 338298
2025-05-06 20:25:37,629 - INFO - Successfully extracted 20 new companies from page 50
2025-05-06 20:25:37,629 - INFO - Attempting to navigate from page 50
2025-05-06 20:25:41,311 - INFO - JavaScript verification confirmed page changed
2025-05-06 20:25:41,939 - INFO - Extracting data from page 35
2025-05-06 20:25:42,985 - INFO - Trying standard table extraction
2025-05-06 20:25:43,021 - INFO - Found funding amount column at index 6
2025-05-06 20:25:43,024 - INFO - Found headquarters column at index 7
2025-05-06 20:25:43,031 - INFO - Found 22 potential data rows
2025-05-06 20:25:43,081 - INFO - Extracted: Layer Financial Technologies - 15-May-24
2025-05-06 20:25:43,082 - INFO - Found funding amount: 2700000
2025-05-06 20:25:43,123 - INFO - Extracted: Apriora - 15-May-24
2025-05-06 20:25:43,124 - INFO - Found funding amount: 2800000
2025-05-06 20:25:43,180 - INFO - Extracted: Dosu - 14-May-24
2025-05-06 20:25:43,180 - INFO - Found funding amount: 8524997
2025-05-06 20:25:43,213 - INFO - JavaScript verification confirmed page changed
2025-05-06 20:25:43,226 - INFO - Extracted: Harness - 14-May-24
2025-05-06 20:25:43,227 - INFO - Found funding amount: 150000000
2025-05-06 20:25:43,258 - INFO - Extracted: Gorgias - 14-May-24
2025-05-06 20:25:43,258 - INFO - Found funding amount: 29000000
2025-05-06 20:25:43,288 - INFO - Extracted: Glydways - 14-May-24
2025-05-06 20:25:43,289 - INFO - Found funding amount: 20000000
2025-05-06 20:25:43,324 - INFO - Extracted: Anthropos - 14-May-24
2025-05-06 20:25:43,324 - INFO - Found funding amount: 2700000
2025-05-06 20:25:43,358 - INFO - Extracted: The Fresno Area Hispanic Foundation - 14-May-24
2025-05-06 20:25:43,358 - INFO - Found funding amount: 1000000
2025-05-06 20:25:43,407 - INFO - Extracted: Orange Charger - 14-May-24
2025-05-06 20:25:43,408 - INFO - Found funding amount: 6500000
2025-05-06 20:25:43,442 - INFO - Extracted: Curve Biosciences - 13-May-24
2025-05-06 20:25:43,442 - INFO - Found funding amount: 17691996
2025-05-06 20:25:43,486 - INFO - Extracted: Mitra Chem - 13-May-24
2025-05-06 20:25:43,486 - INFO - Found funding amount: 40000000
2025-05-06 20:25:43,537 - INFO - Extracted: ChainML - 13-May-24
2025-05-06 20:25:43,537 - INFO - Found funding amount: 6200000
2025-05-06 20:25:43,576 - INFO - Extracted: The Bot Company - 13-May-24
2025-05-06 20:25:43,576 - INFO - Found funding amount: 150000000
2025-05-06 20:25:43,607 - INFO - Extracted: Triomics - 9-May-24
2025-05-06 20:25:43,607 - INFO - Found funding amount: 15000000
2025-05-06 20:25:43,619 - INFO - Extracting data from page 51
2025-05-06 20:25:43,640 - INFO - Extracted: Plenty - 9-May-24
2025-05-06 20:25:43,640 - INFO - Found funding amount: 5000000
2025-05-06 20:25:43,674 - INFO - Extracted: Q'Apel Medical - 9-May-24
2025-05-06 20:25:43,674 - INFO - Found funding amount: 17130411
2025-05-06 20:25:43,707 - INFO - Extracted: Bluejay Therapeutics - 9-May-24
2025-05-06 20:25:43,707 - INFO - Found funding amount: 182000000
2025-05-06 20:25:43,744 - INFO - Extracted: Altera - 8-May-24
2025-05-06 20:25:43,744 - INFO - Found funding amount: 9000000
2025-05-06 20:25:43,784 - INFO - Extracted: DatologyAI - 8-May-24
2025-05-06 20:25:43,784 - INFO - Found funding amount: 46000000
2025-05-06 20:25:43,841 - INFO - Extracted: 4L Data Intelligence - 8-May-24
2025-05-06 20:25:43,842 - INFO - Found funding amount: 1000000
2025-05-06 20:25:43,842 - INFO - Successfully extracted 20 new companies from page 35
2025-05-06 20:25:43,842 - INFO - Attempting to navigate from page 35
2025-05-06 20:25:44,752 - INFO - Trying standard table extraction
2025-05-06 20:25:44,794 - INFO - Found funding amount column at index 6
2025-05-06 20:25:44,797 - INFO - Found headquarters column at index 7
2025-05-06 20:25:44,807 - INFO - Found 22 potential data rows
2025-05-06 20:25:44,868 - INFO - Extracted: SocialCoach - 13-Feb-24
2025-05-06 20:25:44,869 - INFO - Found funding amount: 1000000
2025-05-06 20:25:44,930 - INFO - Extracted: Motif Analytics - 12-Feb-24
2025-05-06 20:25:44,930 - INFO - Found funding amount: 5700000
2025-05-06 20:25:44,961 - INFO - Extracted: Heliux - 12-Feb-24
2025-05-06 20:25:44,961 - INFO - Found funding amount: 2265000
2025-05-06 20:25:44,994 - INFO - Extracted: Lilac Solutions - 12-Feb-24
2025-05-06 20:25:44,994 - INFO - Found funding amount: 145000000
2025-05-06 20:25:45,024 - INFO - Extracted: Magic - 12-Feb-24
2025-05-06 20:25:45,024 - INFO - Found funding amount: 117332923
2025-05-06 20:25:45,055 - INFO - Extracted: LeoLabs - 12-Feb-24
2025-05-06 20:25:45,055 - INFO - Found funding amount: 29000000
2025-05-06 20:25:45,087 - INFO - Extracted: Modern Treasury - 10-Feb-24
2025-05-06 20:25:45,087 - INFO - Found funding amount: 1000000000
2025-05-06 20:25:45,173 - INFO - Extracted: THINKIN - 9-Feb-24
2025-05-06 20:25:45,173 - INFO - Found funding amount: 0
2025-05-06 20:25:45,203 - INFO - Extracted: Unlearn.AI - 8-Feb-24
2025-05-06 20:25:45,203 - INFO - Found funding amount: 50000000
2025-05-06 20:25:45,232 - INFO - Extracted: Handle - 8-Feb-24
2025-05-06 20:25:45,232 - INFO - Found funding amount: 0
2025-05-06 20:25:45,267 - INFO - Extracted: Partners Capital - 8-Feb-24
2025-05-06 20:25:45,267 - INFO - Found funding amount: 0
2025-05-06 20:25:45,303 - INFO - Extracted: Vocode - 8-Feb-24
2025-05-06 20:25:45,303 - INFO - Found funding amount: 3250000
2025-05-06 20:25:45,342 - INFO - Extracted: brd BOT - 8-Feb-24
2025-05-06 20:25:45,350 - INFO - Found funding amount: 100000
2025-05-06 20:25:45,448 - INFO - Extracted: FuzzLand - 8-Feb-24
2025-05-06 20:25:45,448 - INFO - Found funding amount: 3000000
2025-05-06 20:25:45,479 - INFO - Extracted: Overflow - 7-Feb-24
2025-05-06 20:25:45,479 - INFO - Found funding amount: 20000000
2025-05-06 20:25:45,507 - INFO - Extracted: Polycam - 7-Feb-24
2025-05-06 20:25:45,507 - INFO - Found funding amount: 18000000
2025-05-06 20:25:45,536 - INFO - Extracted: Simplify - 7-Feb-24
2025-05-06 20:25:45,536 - INFO - Found funding amount: 3000000
2025-05-06 20:25:45,567 - INFO - Extracted: OutSail Shipping - 7-Feb-24
2025-05-06 20:25:45,567 - INFO - Found funding amount: 500000
2025-05-06 20:25:45,596 - INFO - Extracted: Upstock - 7-Feb-24
2025-05-06 20:25:45,596 - INFO - Found funding amount: 13000000
2025-05-06 20:25:45,627 - INFO - Extracted: Shepherd - 7-Feb-24
2025-05-06 20:25:45,627 - INFO - Found funding amount: 13500000
2025-05-06 20:25:45,627 - INFO - Successfully extracted 20 new companies from page 51
2025-05-06 20:25:45,627 - INFO - Attempting to navigate from page 51
2025-05-06 20:25:49,783 - INFO - JavaScript verification confirmed page changed
2025-05-06 20:25:50,155 - INFO - Extracting data from page 36
2025-05-06 20:25:51,378 - INFO - Trying standard table extraction
2025-05-06 20:25:51,414 - INFO - Found funding amount column at index 6
2025-05-06 20:25:51,418 - INFO - Found headquarters column at index 7
2025-05-06 20:25:51,427 - INFO - Found 22 potential data rows
2025-05-06 20:25:51,474 - INFO - Extracted: ChangeEngine - 8-May-24
2025-05-06 20:25:51,474 - INFO - Found funding amount: 10000000
2025-05-06 20:25:51,508 - INFO - Extracted: Voyage Foods - 8-May-24
2025-05-06 20:25:51,508 - INFO - Found funding amount: 52000000
2025-05-06 20:25:51,511 - INFO - JavaScript verification confirmed page changed
2025-05-06 20:25:51,580 - INFO - Extracted: Rad AI - 7-May-24
2025-05-06 20:25:51,580 - INFO - Found funding amount: 50000000
2025-05-06 20:25:51,614 - INFO - Extracted: Trust for Public Land - 7-May-24
2025-05-06 20:25:51,614 - INFO - Found funding amount: 200000
2025-05-06 20:25:51,663 - INFO - Extracted: Saved By Nature - 7-May-24
2025-05-06 20:25:51,663 - INFO - Found funding amount: 40000
2025-05-06 20:25:51,697 - INFO - Extracted: Composabl - 7-May-24
2025-05-06 20:25:51,697 - INFO - Found funding amount: 4250000
2025-05-06 20:25:51,730 - INFO - Extracted: Plan By - 7-May-24
2025-05-06 20:25:51,730 - INFO - Found funding amount: 0
2025-05-06 20:25:51,763 - INFO - Extracted: iFrameAI Health - 7-May-24
2025-05-06 20:25:51,763 - INFO - Found funding amount: 0
2025-05-06 20:25:51,828 - INFO - Extracted: Justice Outside - 7-May-24
2025-05-06 20:25:51,828 - INFO - Found funding amount: 100000
2025-05-06 20:25:51,873 - INFO - Extracted: Anetac - 6-May-24
2025-05-06 20:25:51,873 - INFO - Found funding amount: 16000000
2025-05-06 20:25:51,907 - INFO - Extracted: Sagetap - 6-May-24
2025-05-06 20:25:51,907 - INFO - Found funding amount: 6800000
2025-05-06 20:25:51,940 - INFO - Extracted: Karius - 2-May-24
2025-05-06 20:25:51,940 - INFO - Found funding amount: 100000000
2025-05-06 20:25:51,972 - INFO - Extracted: Altruist - 2-May-24
2025-05-06 20:25:51,972 - INFO - Found funding amount: 169000000
2025-05-06 20:25:52,013 - INFO - Extracted: Paragraph - 2-May-24
2025-05-06 20:25:52,013 - INFO - Found funding amount: 5000000
2025-05-06 20:25:52,055 - INFO - Extracted: Transcarent - 2-May-24
2025-05-06 20:25:52,055 - INFO - Found funding amount: 126000000
2025-05-06 20:25:52,098 - INFO - Extracted: Mimic - 2-May-24
2025-05-06 20:25:52,098 - INFO - Found funding amount: 27000000
2025-05-06 20:25:52,139 - INFO - Extracted: Boys & Girls Club of Silicon Valley - 2-May-24
2025-05-06 20:25:52,139 - INFO - Found funding amount: 100000
2025-05-06 20:25:52,174 - INFO - Extracted: CellChorus - 2-May-24
2025-05-06 20:25:52,174 - INFO - Found funding amount: 2500000
2025-05-06 20:25:52,204 - INFO - Extracting data from page 52
2025-05-06 20:25:52,205 - INFO - Extracted: Ex-human - 2-May-24
2025-05-06 20:25:52,205 - INFO - Found funding amount: 0
2025-05-06 20:25:52,239 - INFO - Extracted: Securitize - 1-May-24
2025-05-06 20:25:52,239 - INFO - Found funding amount: 47000000
2025-05-06 20:25:52,239 - INFO - Successfully extracted 20 new companies from page 36
2025-05-06 20:25:52,239 - INFO - Attempting to navigate from page 36
2025-05-06 20:25:52,998 - INFO - Trying standard table extraction
2025-05-06 20:25:53,083 - INFO - Found funding amount column at index 6
2025-05-06 20:25:53,101 - INFO - Found headquarters column at index 7
2025-05-06 20:25:53,169 - INFO - Found 22 potential data rows
2025-05-06 20:25:53,376 - INFO - Extracted: ZEDEDA - 7-Feb-24
2025-05-06 20:25:53,376 - INFO - Found funding amount: 72000000
2025-05-06 20:25:53,405 - INFO - Extracted: Aizon - 7-Feb-24
2025-05-06 20:25:53,405 - INFO - Found funding amount: 20000000
2025-05-06 20:25:53,435 - INFO - Extracted: Attralus - 6-Feb-24
2025-05-06 20:25:53,435 - INFO - Found funding amount: 56000000
2025-05-06 20:25:53,465 - INFO - Extracted: Jam - 6-Feb-24
2025-05-06 20:25:53,466 - INFO - Found funding amount: 8900000
2025-05-06 20:25:53,497 - INFO - Extracted: Ambience Healthcare - 6-Feb-24
2025-05-06 20:25:53,497 - INFO - Found funding amount: 70000000
2025-05-06 20:25:53,527 - INFO - Extracted: Starship Technologies - 5-Feb-24
2025-05-06 20:25:53,527 - INFO - Found funding amount: 90000000
2025-05-06 20:25:53,560 - INFO - Extracted: Rigetti Computing - 5-Feb-24
2025-05-06 20:25:53,560 - INFO - Found funding amount: 0
2025-05-06 20:25:53,590 - INFO - Extracted: LightBeam.ai - 1-Feb-24
2025-05-06 20:25:53,590 - INFO - Found funding amount: 17800000
2025-05-06 20:25:53,618 - INFO - Extracted: Artera - 1-Feb-24
2025-05-06 20:25:53,618 - INFO - Found funding amount: 20000000
2025-05-06 20:25:53,662 - INFO - Extracted: Watershed - 1-Feb-24
2025-05-06 20:25:53,662 - INFO - Found funding amount: 100000000
2025-05-06 20:25:53,696 - INFO - Extracted: CARPL.ai - 1-Feb-24
2025-05-06 20:25:53,697 - INFO - Found funding amount: 6000000
2025-05-06 20:25:53,728 - INFO - Extracted: Coris - 1-Feb-24
2025-05-06 20:25:53,728 - INFO - Found funding amount: 3700000
2025-05-06 20:25:53,757 - INFO - Extracted: Mountaintop Studios - 31-Jan-24
2025-05-06 20:25:53,757 - INFO - Found funding amount: 30000000
2025-05-06 20:25:53,786 - INFO - Extracted: Metronome - 31-Jan-24
2025-05-06 20:25:53,786 - INFO - Found funding amount: 43000000
2025-05-06 20:25:53,815 - INFO - Extracted: Reken - 31-Jan-24
2025-05-06 20:25:53,815 - INFO - Found funding amount: 10000000
2025-05-06 20:25:53,845 - INFO - Extracted: Aiden Automotive Technologies - 31-Jan-24
2025-05-06 20:25:53,845 - INFO - Found funding amount: 0
2025-05-06 20:25:53,875 - INFO - Extracted: Inngest - 30-Jan-24
2025-05-06 20:25:53,875 - INFO - Found funding amount: 6100000
2025-05-06 20:25:53,907 - INFO - Extracted: Nile - 30-Jan-24
2025-05-06 20:25:53,907 - INFO - Found funding amount: 11600000
2025-05-06 20:25:53,943 - INFO - Extracted: Aster - 30-Jan-24
2025-05-06 20:25:53,943 - INFO - Found funding amount: 2400000
2025-05-06 20:25:53,974 - INFO - Extracted: HyperBeeAI - 30-Jan-24
2025-05-06 20:25:53,974 - INFO - Found funding amount: 0
2025-05-06 20:25:53,974 - INFO - Successfully extracted 20 new companies from page 52
2025-05-06 20:25:53,974 - INFO - Attempting to navigate from page 52
2025-05-06 20:25:57,543 - INFO - JavaScript verification confirmed page changed
2025-05-06 20:25:57,947 - INFO - Extracting data from page 37
2025-05-06 20:25:58,461 - INFO - Trying standard table extraction
2025-05-06 20:25:58,525 - INFO - Found funding amount column at index 6
2025-05-06 20:25:58,530 - INFO - Found headquarters column at index 7
2025-05-06 20:25:58,539 - INFO - Found 22 potential data rows
2025-05-06 20:25:58,588 - INFO - Extracted: Peregrine Technologies - 1-May-24
2025-05-06 20:25:58,588 - INFO - Found funding amount: 30000000
2025-05-06 20:25:58,616 - INFO - Extracted: Traceable - 1-May-24
2025-05-06 20:25:58,617 - INFO - Found funding amount: 30000000
2025-05-06 20:25:58,653 - INFO - Extracted: Dodgeball - 1-May-24
2025-05-06 20:25:58,653 - INFO - Found funding amount: 0
2025-05-06 20:25:58,686 - INFO - Extracted: Corelight - 30-Apr-24
2025-05-06 20:25:58,686 - INFO - Found funding amount: 150000000
2025-05-06 20:25:58,716 - INFO - Extracted: Ansa - 30-Apr-24
2025-05-06 20:25:58,716 - INFO - Found funding amount: 14000000
2025-05-06 20:25:58,747 - INFO - Extracted: Pakal Technologies - 30-Apr-24
2025-05-06 20:25:58,747 - INFO - Found funding amount: 1666667
2025-05-06 20:25:58,778 - INFO - Extracted: Inhabitr - 30-Apr-24
2025-05-06 20:25:58,778 - INFO - Found funding amount: 27000000
2025-05-06 20:25:58,807 - INFO - Extracted: SafeBase - 30-Apr-24
2025-05-06 20:25:58,807 - INFO - Found funding amount: 33000000
2025-05-06 20:25:58,837 - INFO - Extracted: PsiQuantum - 30-Apr-24
2025-05-06 20:25:58,837 - INFO - Found funding amount: 0
2025-05-06 20:25:58,866 - INFO - Extracted: Surf Bio - 30-Apr-24
2025-05-06 20:25:58,866 - INFO - Found funding amount: 1600000
2025-05-06 20:25:58,896 - INFO - Extracted: Seam AI - 30-Apr-24
2025-05-06 20:25:58,896 - INFO - Found funding amount: 5000000
2025-05-06 20:25:58,936 - INFO - Extracted: Blend - 29-Apr-24
2025-05-06 20:25:58,936 - INFO - Found funding amount: 150000000
2025-05-06 20:25:58,967 - INFO - Extracted: Taiki - 29-Apr-24
2025-05-06 20:25:58,967 - INFO - Found funding amount: 0
2025-05-06 20:25:58,995 - INFO - Extracted: Elisity - 29-Apr-24
2025-05-06 20:25:58,995 - INFO - Found funding amount: 37000000
2025-05-06 20:25:59,024 - INFO - Extracted: Thintronics - 29-Apr-24
2025-05-06 20:25:59,024 - INFO - Found funding amount: 23000000
2025-05-06 20:25:59,053 - INFO - Extracted: RevenueCat - 25-Apr-24
2025-05-06 20:25:59,054 - INFO - Found funding amount: 12000000
2025-05-06 20:25:59,089 - INFO - Extracted: Movement Labs - 25-Apr-24
2025-05-06 20:25:59,089 - INFO - Found funding amount: 38000000
2025-05-06 20:25:59,142 - INFO - Extracted: Centro Community Partners - 25-Apr-24
2025-05-06 20:25:59,142 - INFO - Found funding amount: 325000
2025-05-06 20:25:59,172 - INFO - Extracted: Log10 - 24-Apr-24
2025-05-06 20:25:59,172 - INFO - Found funding amount: 7200000
2025-05-06 20:25:59,202 - INFO - Extracted: Midi Health - 24-Apr-24
2025-05-06 20:25:59,202 - INFO - Found funding amount: 60000000
2025-05-06 20:25:59,202 - INFO - Successfully extracted 20 new companies from page 37
2025-05-06 20:25:59,202 - INFO - Attempting to navigate from page 37
2025-05-06 20:25:59,635 - INFO - JavaScript verification confirmed page changed
2025-05-06 20:26:00,366 - INFO - Extracting data from page 53
2025-05-06 20:26:01,445 - INFO - Trying standard table extraction
2025-05-06 20:26:01,497 - INFO - Found funding amount column at index 6
2025-05-06 20:26:01,503 - INFO - Found headquarters column at index 7
2025-05-06 20:26:01,515 - INFO - Found 22 potential data rows
2025-05-06 20:26:01,566 - INFO - Extracted: Plex - 30-Jan-24
2025-05-06 20:26:01,566 - INFO - Found funding amount: 40000000
2025-05-06 20:26:01,597 - INFO - Extracted: Alchemist Accelerator - 30-Jan-24
2025-05-06 20:26:01,597 - INFO - Found funding amount: 2000000
2025-05-06 20:26:01,629 - INFO - Extracted: resistanceBio - 29-Jan-24
2025-05-06 20:26:01,629 - INFO - Found funding amount: 12776288
2025-05-06 20:26:01,663 - INFO - Extracted: Mesh - 29-Jan-24
2025-05-06 20:26:01,663 - INFO - Found funding amount: 6500000
2025-05-06 20:26:01,695 - INFO - Extracted: Chef Robotics - 26-Jan-24
2025-05-06 20:26:01,695 - INFO - Found funding amount: 10500000
2025-05-06 20:26:01,728 - INFO - Extracted: Perfumeo - 26-Jan-24
2025-05-06 20:26:01,728 - INFO - Found funding amount: 1000000
2025-05-06 20:26:01,760 - INFO - Extracted: Bastille Networks Internet Security - 25-Jan-24
2025-05-06 20:26:01,760 - INFO - Found funding amount: 44000000
2025-05-06 20:26:01,801 - INFO - Extracted: ViralMoment - 25-Jan-24
2025-05-06 20:26:01,801 - INFO - Found funding amount: 2500000
2025-05-06 20:26:01,833 - INFO - Extracted: Integral Development Corp - 25-Jan-24
2025-05-06 20:26:01,833 - INFO - Found funding amount: 30000000
2025-05-06 20:26:01,878 - INFO - Extracted: Audioshake - 25-Jan-24
2025-05-06 20:26:01,878 - INFO - Found funding amount: 1400000
2025-05-06 20:26:01,911 - INFO - Extracted: Aniai - 24-Jan-24
2025-05-06 20:26:01,911 - INFO - Found funding amount: 12000000
2025-05-06 20:26:01,943 - INFO - Extracted: unSkript, Inc - 24-Jan-24
2025-05-06 20:26:01,943 - INFO - Found funding amount: 3750000
2025-05-06 20:26:01,973 - INFO - Extracted: Masa - 23-Jan-24
2025-05-06 20:26:01,973 - INFO - Found funding amount: 5400000
2025-05-06 20:26:02,021 - INFO - Extracted: AiDash - 23-Jan-24
2025-05-06 20:26:02,022 - INFO - Found funding amount: 50000000
2025-05-06 20:26:02,157 - INFO - Extracted: SER Capital Partners - 23-Jan-24
2025-05-06 20:26:02,157 - INFO - Found funding amount: 0
2025-05-06 20:26:02,215 - INFO - Extracted: Snorkel AI - 23-Jan-24
2025-05-06 20:26:02,215 - INFO - Found funding amount: 0
2025-05-06 20:26:02,393 - INFO - Extracted: Synthesis AI - 23-Jan-24
2025-05-06 20:26:02,393 - INFO - Found funding amount: 168889
2025-05-06 20:26:02,457 - INFO - Extracted: RagaAI Inc. - 23-Jan-24
2025-05-06 20:26:02,457 - INFO - Found funding amount: 4700000
2025-05-06 20:26:02,500 - INFO - Extracted: SmithRx - 23-Jan-24
2025-05-06 20:26:02,500 - INFO - Found funding amount: 60000000
2025-05-06 20:26:02,615 - INFO - Extracted: GenEdit - 23-Jan-24
2025-05-06 20:26:02,615 - INFO - Found funding amount: 24000000
2025-05-06 20:26:02,615 - INFO - Successfully extracted 20 new companies from page 53
2025-05-06 20:26:02,615 - INFO - Attempting to navigate from page 53
2025-05-06 20:26:04,662 - INFO - JavaScript verification confirmed page changed
2025-05-06 20:26:05,806 - INFO - Extracting data from page 38
2025-05-06 20:26:06,473 - INFO - Trying standard table extraction
2025-05-06 20:26:06,531 - INFO - Found funding amount column at index 6
2025-05-06 20:26:06,536 - INFO - Found headquarters column at index 7
2025-05-06 20:26:06,546 - INFO - Found 22 potential data rows
2025-05-06 20:26:06,626 - INFO - Extracted: Faura - 24-Apr-24
2025-05-06 20:26:06,626 - INFO - Found funding amount: 500000
2025-05-06 20:26:06,667 - INFO - Extracted: Augment - 24-Apr-24
2025-05-06 20:26:06,667 - INFO - Found funding amount: 227000000
2025-05-06 20:26:06,701 - INFO - Extracted: Anon - 24-Apr-24
2025-05-06 20:26:06,702 - INFO - Found funding amount: 4500000
2025-05-06 20:26:06,773 - INFO - Extracted: Cognition - 24-Apr-24
2025-05-06 20:26:06,774 - INFO - Found funding amount: 175000000
2025-05-06 20:26:06,814 - INFO - Extracted: Amplifier Security - 24-Apr-24
2025-05-06 20:26:06,815 - INFO - Found funding amount: 3300000
2025-05-06 20:26:06,847 - INFO - Extracted: Clueso - 24-Apr-24
2025-05-06 20:26:06,848 - INFO - Found funding amount: 1400000
2025-05-06 20:26:06,892 - INFO - Extracted: Xaira Therapeutics - 23-Apr-24
2025-05-06 20:26:06,892 - INFO - Found funding amount: 1000000000
2025-05-06 20:26:06,927 - INFO - Extracted: Framework - 23-Apr-24
2025-05-06 20:26:06,927 - INFO - Found funding amount: 17000000
2025-05-06 20:26:06,963 - INFO - Extracted: Campus - 23-Apr-24
2025-05-06 20:26:06,964 - INFO - Found funding amount: 23000000
2025-05-06 20:26:07,003 - INFO - Extracted: Prophet Security - 23-Apr-24
2025-05-06 20:26:07,003 - INFO - Found funding amount: 11000000
2025-05-06 20:26:07,036 - INFO - Extracted: Clarity Pediatrics - 22-Apr-24
2025-05-06 20:26:07,036 - INFO - Found funding amount: 10000000
2025-05-06 20:26:07,081 - INFO - Extracted: Pomelo - 22-Apr-24
2025-05-06 20:26:07,081 - INFO - Found funding amount: 75000000
2025-05-06 20:26:07,112 - INFO - Extracted: Superinsight - 22-Apr-24
2025-05-06 20:26:07,112 - INFO - Found funding amount: 200000
2025-05-06 20:26:07,144 - INFO - Extracted: Observe - 22-Apr-24
2025-05-06 20:26:07,144 - INFO - Found funding amount: 124999987
2025-05-06 20:26:07,175 - INFO - Extracted: Rubedo Life Sciences - 22-Apr-24
2025-05-06 20:26:07,175 - INFO - Found funding amount: 40000000
2025-05-06 20:26:07,212 - INFO - Extracted: BuildCasa - 19-Apr-24
2025-05-06 20:26:07,212 - INFO - Found funding amount: 6592979
2025-05-06 20:26:07,246 - INFO - Extracted: XFactor - 18-Apr-24
2025-05-06 20:26:07,246 - INFO - Found funding amount: 16000000
2025-05-06 20:26:07,276 - INFO - Extracted: Clazar - 18-Apr-24
2025-05-06 20:26:07,276 - INFO - Found funding amount: 10000000
2025-05-06 20:26:07,307 - INFO - Extracted: Verne - 18-Apr-24
2025-05-06 20:26:07,307 - INFO - Found funding amount: 450000
2025-05-06 20:26:07,339 - INFO - Extracted: Anvilogic - 17-Apr-24
2025-05-06 20:26:07,339 - INFO - Found funding amount: 45000000
2025-05-06 20:26:07,339 - INFO - Successfully extracted 20 new companies from page 38
2025-05-06 20:26:07,339 - INFO - Attempting to navigate from page 38
2025-05-06 20:26:08,771 - INFO - JavaScript verification confirmed page changed
2025-05-06 20:26:09,265 - INFO - Extracting data from page 54
2025-05-06 20:26:10,258 - INFO - Trying standard table extraction
2025-05-06 20:26:10,325 - INFO - Found funding amount column at index 6
2025-05-06 20:26:10,329 - INFO - Found headquarters column at index 7
2025-05-06 20:26:10,337 - INFO - Found 22 potential data rows
2025-05-06 20:26:10,388 - INFO - Extracted: Neatleaf - 23-Jan-24
2025-05-06 20:26:10,389 - INFO - Found funding amount: 4000000
2025-05-06 20:26:10,429 - INFO - Extracted: Clerk - 23-Jan-24
2025-05-06 20:26:10,429 - INFO - Found funding amount: 30000000
2025-05-06 20:26:10,461 - INFO - Extracted: Ohana Real Estate Investors - 22-Jan-24
2025-05-06 20:26:10,461 - INFO - Found funding amount: 59000000
2025-05-06 20:26:10,492 - INFO - Extracted: Salas O'Brien - 22-Jan-24
2025-05-06 20:26:10,492 - INFO - Found funding amount: 0
2025-05-06 20:26:10,529 - INFO - Extracted: Captura - 22-Jan-24
2025-05-06 20:26:10,529 - INFO - Found funding amount: 21500000
2025-05-06 20:26:10,564 - INFO - Extracted: Better Stack - 22-Jan-24
2025-05-06 20:26:10,564 - INFO - Found funding amount: 10000000
2025-05-06 20:26:10,595 - INFO - Extracted: Bluedot - 22-Jan-24
2025-05-06 20:26:10,595 - INFO - Found funding amount: 5000000
2025-05-06 20:26:10,693 - INFO - Extracted: BuildClub - 22-Jan-24
2025-05-06 20:26:10,693 - INFO - Found funding amount: 1200000
2025-05-06 20:26:10,728 - INFO - Extracted: Metafoodx - 18-Jan-24
2025-05-06 20:26:10,728 - INFO - Found funding amount: 3000000
2025-05-06 20:26:10,756 - INFO - Extracted: Safary - 18-Jan-24
2025-05-06 20:26:10,756 - INFO - Found funding amount: 2400000
2025-05-06 20:26:10,795 - INFO - Extracted: zbyte - 18-Jan-24
2025-05-06 20:26:10,795 - INFO - Found funding amount: 4000000
2025-05-06 20:26:10,827 - INFO - Extracted: Forta - 17-Jan-24
2025-05-06 20:26:10,827 - INFO - Found funding amount: 55000000
2025-05-06 20:26:10,855 - INFO - Extracted: Incognia - 17-Jan-24
2025-05-06 20:26:10,855 - INFO - Found funding amount: 30999967
2025-05-06 20:26:10,911 - INFO - Extracted: Blueshift - 16-Jan-24
2025-05-06 20:26:10,911 - INFO - Found funding amount: 40000000
2025-05-06 20:26:10,993 - INFO - Extracted: Lutheran Social Services of Southern California - 16-Jan-24
2025-05-06 20:26:10,993 - INFO - Found funding amount: 0
2025-05-06 20:26:11,030 - INFO - Extracted: Blue Planet - 16-Jan-24
2025-05-06 20:26:11,030 - INFO - Found funding amount: 0
2025-05-06 20:26:11,067 - INFO - Extracted: Topia - 16-Jan-24
2025-05-06 20:26:11,067 - INFO - Found funding amount: 24440609
2025-05-06 20:26:11,111 - INFO - Extracted: Noctrix Health - 16-Jan-24
2025-05-06 20:26:11,111 - INFO - Found funding amount: 40000000
2025-05-06 20:26:11,145 - INFO - Extracted: Fonda Technologies - 16-Jan-24
2025-05-06 20:26:11,146 - INFO - Found funding amount: 749998
2025-05-06 20:26:11,181 - INFO - Extracted: Chezuba - 12-Jan-24
2025-05-06 20:26:11,181 - INFO - Found funding amount: 1400000
2025-05-06 20:26:11,182 - INFO - Successfully extracted 20 new companies from page 54
2025-05-06 20:26:11,182 - INFO - Attempting to navigate from page 54
2025-05-06 20:26:13,727 - INFO - JavaScript verification confirmed page changed
2025-05-06 20:26:14,946 - INFO - Extracting data from page 39
2025-05-06 20:26:15,420 - INFO - Trying standard table extraction
2025-05-06 20:26:15,469 - INFO - Found funding amount column at index 6
2025-05-06 20:26:15,475 - INFO - Found headquarters column at index 7
2025-05-06 20:26:15,486 - INFO - Found 22 potential data rows
2025-05-06 20:26:15,574 - INFO - Extracted: Vorlon - 17-Apr-24
2025-05-06 20:26:15,574 - INFO - Found funding amount: 15700000
2025-05-06 20:26:15,621 - INFO - Extracted: Quilt - 16-Apr-24
2025-05-06 20:26:15,621 - INFO - Found funding amount: 33000000
2025-05-06 20:26:15,659 - INFO - Extracted: Powerbroker AI - 16-Apr-24
2025-05-06 20:26:15,659 - INFO - Found funding amount: 1500000
2025-05-06 20:26:15,723 - INFO - Extracted: Asher Bio - 16-Apr-24
2025-05-06 20:26:15,723 - INFO - Found funding amount: 55000000
2025-05-06 20:26:15,751 - INFO - Extracted: Rivos - 16-Apr-24
2025-05-06 20:26:15,751 - INFO - Found funding amount: 250000000
2025-05-06 20:26:15,795 - INFO - Extracted: Two Chairs - 16-Apr-24
2025-05-06 20:26:15,795 - INFO - Found funding amount: 72000000
2025-05-06 20:26:15,825 - INFO - Extracted: Ripcord - 16-Apr-24
2025-05-06 20:26:15,825 - INFO - Found funding amount: 32000000
2025-05-06 20:26:15,854 - INFO - Extracted: Loft Labs - 16-Apr-24
2025-05-06 20:26:15,854 - INFO - Found funding amount: 24000000
2025-05-06 20:26:15,896 - INFO - Extracted: Common Sense Privacy - 15-Apr-24
2025-05-06 20:26:15,896 - INFO - Found funding amount: 0
2025-05-06 20:26:15,939 - INFO - Extracted: Paraform - 15-Apr-24
2025-05-06 20:26:15,939 - INFO - Found funding amount: 3600000
2025-05-06 20:26:15,972 - INFO - Extracted: Clientell - 15-Apr-24
2025-05-06 20:26:15,972 - INFO - Found funding amount: 2500000
2025-05-06 20:26:16,002 - INFO - Extracted: Integral Health - 15-Apr-24
2025-05-06 20:26:16,002 - INFO - Found funding amount: 0
2025-05-06 20:26:16,030 - INFO - Extracted: Writ - 11-Apr-24
2025-05-06 20:26:16,030 - INFO - Found funding amount: 3800000
2025-05-06 20:26:16,061 - INFO - Extracted: Simbian - 11-Apr-24
2025-05-06 20:26:16,061 - INFO - Found funding amount: 10000000
2025-05-06 20:26:16,093 - INFO - Extracted: Anrok - 11-Apr-24
2025-05-06 20:26:16,093 - INFO - Found funding amount: 30000000
2025-05-06 20:26:16,123 - INFO - Extracted: Symbolica AI - 9-Apr-24
2025-05-06 20:26:16,123 - INFO - Found funding amount: 33000000
2025-05-06 20:26:16,152 - INFO - Extracted: JARS AI - 8-Apr-24
2025-05-06 20:26:16,152 - INFO - Found funding amount: 3000000
2025-05-06 20:26:16,180 - INFO - Extracted: Windfall Bio - 8-Apr-24
2025-05-06 20:26:16,180 - INFO - Found funding amount: 28000000
2025-05-06 20:26:16,212 - INFO - Extracted: MODE - 8-Apr-24
2025-05-06 20:26:16,212 - INFO - Found funding amount: 8750000
2025-05-06 20:26:16,243 - INFO - Extracted: Varda - 5-Apr-24
2025-05-06 20:26:16,243 - INFO - Found funding amount: 90000000
2025-05-06 20:26:16,243 - INFO - Successfully extracted 20 new companies from page 39
2025-05-06 20:26:16,243 - INFO - Attempting to navigate from page 39
2025-05-06 20:26:17,087 - INFO - JavaScript verification confirmed page changed
2025-05-06 20:26:17,626 - INFO - Extracting data from page 55
2025-05-06 20:26:18,333 - INFO - Trying standard table extraction
2025-05-06 20:26:18,370 - INFO - Found funding amount column at index 6
2025-05-06 20:26:18,374 - INFO - Found headquarters column at index 7
2025-05-06 20:26:18,444 - INFO - Found 22 potential data rows
2025-05-06 20:26:18,502 - INFO - Extracted: Rune Labs - 11-Jan-24
2025-05-06 20:26:18,502 - INFO - Found funding amount: 12000000
2025-05-06 20:26:18,564 - INFO - Extracted: Viavi Solutions - 11-Jan-24
2025-05-06 20:26:18,564 - INFO - Found funding amount: 21700000
2025-05-06 20:26:18,593 - INFO - Extracted: Pier - 11-Jan-24
2025-05-06 20:26:18,593 - INFO - Found funding amount: 2400000
2025-05-06 20:26:18,624 - INFO - Extracted: FlutterFlow - 11-Jan-24
2025-05-06 20:26:18,624 - INFO - Found funding amount: 25500000
2025-05-06 20:26:18,654 - INFO - Extracted: Velou - 11-Jan-24
2025-05-06 20:26:18,654 - INFO - Found funding amount: 4000000
2025-05-06 20:26:18,685 - INFO - Extracted: Echo Labs - 10-Jan-24
2025-05-06 20:26:18,685 - INFO - Found funding amount: 7700000
2025-05-06 20:26:18,716 - INFO - Extracted: Quora - 10-Jan-24
2025-05-06 20:26:18,716 - INFO - Found funding amount: 75000000
2025-05-06 20:26:18,756 - INFO - Extracted: Rainbow - 10-Jan-24
2025-05-06 20:26:18,756 - INFO - Found funding amount: 12000000
2025-05-06 20:26:18,790 - INFO - Extracted: Shimmer - 10-Jan-24
2025-05-06 20:26:18,790 - INFO - Found funding amount: 2200000
2025-05-06 20:26:18,819 - INFO - Extracted: Leap AI - 9-Jan-24
2025-05-06 20:26:18,819 - INFO - Found funding amount: 1400000
2025-05-06 20:26:18,850 - INFO - Extracted: Raising the Future - 9-Jan-24
2025-05-06 20:26:18,850 - INFO - Found funding amount: 10000000
2025-05-06 20:26:18,884 - INFO - Extracted: Feel Therapeutics - 9-Jan-24
2025-05-06 20:26:18,884 - INFO - Found funding amount: 0
2025-05-06 20:26:18,915 - INFO - Extracted: Luma AI - 9-Jan-24
2025-05-06 20:26:18,915 - INFO - Found funding amount: 43000000
2025-05-06 20:26:18,944 - INFO - Extracted: anecdotes - 9-Jan-24
2025-05-06 20:26:18,944 - INFO - Found funding amount: 25000000
2025-05-06 20:26:18,982 - INFO - Extracted: MedaSystems - 9-Jan-24
2025-05-06 20:26:18,982 - INFO - Found funding amount: 0
2025-05-06 20:26:19,021 - INFO - Extracted: Revagenix - 5-Jan-24
2025-05-06 20:26:19,021 - INFO - Found funding amount: 0
2025-05-06 20:26:19,051 - INFO - Extracted: UpDoc - 5-Jan-24
2025-05-06 20:26:19,051 - INFO - Found funding amount: 0
2025-05-06 20:26:19,082 - INFO - Extracted: Department of Behavioral Health - 4-Jan-24
2025-05-06 20:26:19,082 - INFO - Found funding amount: 21800000
2025-05-06 20:26:19,111 - INFO - Extracted: Moonwalk Biosciences - 4-Jan-24
2025-05-06 20:26:19,112 - INFO - Found funding amount: 57000000
2025-05-06 20:26:19,141 - INFO - Extracted: Human Immunology Biosciences - 4-Jan-24
2025-05-06 20:26:19,141 - INFO - Found funding amount: 95000000
2025-05-06 20:26:19,142 - INFO - Successfully extracted 20 new companies from page 55
2025-05-06 20:26:19,142 - INFO - Attempting to navigate from page 55
2025-05-06 20:26:22,670 - INFO - JavaScript verification confirmed page changed
2025-05-06 20:26:23,376 - INFO - Extracting data from page 40
2025-05-06 20:26:24,575 - INFO - Trying standard table extraction
2025-05-06 20:26:24,667 - INFO - Found funding amount column at index 6
2025-05-06 20:26:24,698 - INFO - Found headquarters column at index 7
2025-05-06 20:26:24,713 - INFO - Found 22 potential data rows
2025-05-06 20:26:24,825 - INFO - Extracted: Enable Biosciences - 4-Apr-24
2025-05-06 20:26:24,825 - INFO - Found funding amount: 0
2025-05-06 20:26:24,860 - INFO - Extracted: SiMa.ai - 4-Apr-24
2025-05-06 20:26:24,860 - INFO - Found funding amount: 70000000
2025-05-06 20:26:24,895 - INFO - Extracted: Lambda - 4-Apr-24
2025-05-06 20:26:24,895 - INFO - Found funding amount: 500000000
2025-05-06 20:26:24,926 - INFO - Extracted: YonedaLabs - 4-Apr-24
2025-05-06 20:26:24,927 - INFO - Found funding amount: 500000
2025-05-06 20:26:24,954 - INFO - JavaScript verification confirmed page changed
2025-05-06 20:26:24,976 - INFO - Extracted: Coalesce Automation - 4-Apr-24
2025-05-06 20:26:24,976 - INFO - Found funding amount: 50000000
2025-05-06 20:26:25,028 - INFO - Extracted: Scritch - 3-Apr-24
2025-05-06 20:26:25,028 - INFO - Found funding amount: 500000
2025-05-06 20:26:25,060 - INFO - Extracted: nCompass Technologies - 3-Apr-24
2025-05-06 20:26:25,060 - INFO - Found funding amount: 500000
2025-05-06 20:26:25,092 - INFO - Extracted: Trieve - 3-Apr-24
2025-05-06 20:26:25,092 - INFO - Found funding amount: 500000
2025-05-06 20:26:25,129 - INFO - Extracted: DryMerge - 3-Apr-24
2025-05-06 20:26:25,129 - INFO - Found funding amount: 500000
2025-05-06 20:26:25,167 - INFO - Extracted: Permiso Security - 3-Apr-24
2025-05-06 20:26:25,167 - INFO - Found funding amount: 18500000
2025-05-06 20:26:25,201 - INFO - Extracted: Mango Health - 3-Apr-24
2025-05-06 20:26:25,201 - INFO - Found funding amount: 500000
2025-05-06 20:26:25,265 - INFO - Extracted: ion design - 3-Apr-24
2025-05-06 20:26:25,265 - INFO - Found funding amount: 500000
2025-05-06 20:26:25,312 - INFO - Extracted: Numo - 3-Apr-24
2025-05-06 20:26:25,313 - INFO - Found funding amount: 500000
2025-05-06 20:26:25,350 - INFO - Extracted: Celest - 3-Apr-24
2025-05-06 20:26:25,350 - INFO - Found funding amount: 500000
2025-05-06 20:26:25,388 - INFO - Extracted: Higgsfield - 3-Apr-24
2025-05-06 20:26:25,388 - INFO - Found funding amount: 8000000
2025-05-06 20:26:25,422 - INFO - Extracted: OpenFoundry - 3-Apr-24
2025-05-06 20:26:25,422 - INFO - Found funding amount: 500000
2025-05-06 20:26:25,457 - INFO - Extracted: Arch0 - 3-Apr-24
2025-05-06 20:26:25,457 - INFO - Found funding amount: 1250000
2025-05-06 20:26:25,494 - INFO - Extracted: Trellis - 3-Apr-24
2025-05-06 20:26:25,494 - INFO - Found funding amount: 500000
2025-05-06 20:26:25,532 - INFO - Extracted: PointOne Technologies - 3-Apr-24
2025-05-06 20:26:25,532 - INFO - Found funding amount: 500000
2025-05-06 20:26:25,565 - INFO - Extracted: Attunement - 3-Apr-24
2025-05-06 20:26:25,565 - INFO - Found funding amount: 500000
2025-05-06 20:26:25,565 - INFO - Successfully extracted 20 new companies from page 40
2025-05-06 20:26:25,565 - INFO - Attempting to navigate from page 40
2025-05-06 20:26:25,954 - INFO - Extracting data from page 56
2025-05-06 20:26:26,913 - INFO - Trying standard table extraction
2025-05-06 20:26:26,970 - INFO - Found funding amount column at index 6
2025-05-06 20:26:26,975 - INFO - Found headquarters column at index 7
2025-05-06 20:26:26,985 - INFO - Found 5 potential data rows
2025-05-06 20:26:27,044 - INFO - Extracted: Perplexity AI - 4-Jan-24
2025-05-06 20:26:27,044 - INFO - Found funding amount: 70000000
2025-05-06 20:26:27,110 - INFO - Extracted: GSI Technology - 3-Jan-24
2025-05-06 20:26:27,110 - INFO - Found funding amount: 1100000
2025-05-06 20:26:27,167 - INFO - Extracted: Paceline - 1-Jan-24
2025-05-06 20:26:27,167 - INFO - Found funding amount: 0
2025-05-06 20:26:27,167 - INFO - Successfully extracted 3 new companies from page 56
2025-05-06 20:26:27,167 - INFO - Attempting to navigate from page 56
2025-05-06 20:26:31,219 - INFO - JavaScript verification confirmed page changed
2025-05-06 20:26:32,106 - INFO - Extracting data from page 41
2025-05-06 20:26:33,184 - INFO - Trying standard table extraction
2025-05-06 20:26:33,216 - INFO - Found funding amount column at index 6
2025-05-06 20:26:33,220 - INFO - Found headquarters column at index 7
2025-05-06 20:26:33,227 - INFO - Found 22 potential data rows
2025-05-06 20:26:33,268 - INFO - JavaScript verification confirmed page changed
2025-05-06 20:26:33,273 - INFO - Extracted: ego - 3-Apr-24
2025-05-06 20:26:33,273 - INFO - Found funding amount: 500000
2025-05-06 20:26:33,306 - INFO - Extracted: Retell AI - 3-Apr-24
2025-05-06 20:26:33,306 - INFO - Found funding amount: 4125000
2025-05-06 20:26:33,335 - INFO - Extracted: Paradigm - 3-Apr-24
2025-05-06 20:26:33,335 - INFO - Found funding amount: 500000
2025-05-06 20:26:33,365 - INFO - Extracted: SiftHub - 3-Apr-24
2025-05-06 20:26:33,365 - INFO - Found funding amount: 5500000
2025-05-06 20:26:33,403 - INFO - Extracted: Atopile - 3-Apr-24
2025-05-06 20:26:33,403 - INFO - Found funding amount: 500000
2025-05-06 20:26:33,544 - INFO - Extracted: Hemingway - 3-Apr-24
2025-05-06 20:26:33,545 - INFO - Found funding amount: 500000
2025-05-06 20:26:33,576 - INFO - Extracted: MAIHEM - 3-Apr-24
2025-05-06 20:26:33,576 - INFO - Found funding amount: 500000
2025-05-06 20:26:33,607 - INFO - Extracted: Airfront - 3-Apr-24
2025-05-06 20:26:33,607 - INFO - Found funding amount: 500000
2025-05-06 20:26:33,638 - INFO - Extracted: Maia - 3-Apr-24
2025-05-06 20:26:33,638 - INFO - Found funding amount: 500000
2025-05-06 20:26:33,668 - INFO - Extracted: Nuanced - 3-Apr-24
2025-05-06 20:26:33,668 - INFO - Found funding amount: 500000
2025-05-06 20:26:33,698 - INFO - Extracted: Lantern - 3-Apr-24
2025-05-06 20:26:33,698 - INFO - Found funding amount: 500000
2025-05-06 20:26:33,728 - INFO - Extracted: Patchwork - 3-Apr-24
2025-05-06 20:26:33,728 - INFO - Found funding amount: 500000
2025-05-06 20:26:33,759 - INFO - Extracted: Roe AI - 3-Apr-24
2025-05-06 20:26:33,760 - INFO - Found funding amount: 500000
2025-05-06 20:26:33,789 - INFO - Extracted: Creo - 3-Apr-24
2025-05-06 20:26:33,789 - INFO - Found funding amount: 500000
2025-05-06 20:26:33,819 - INFO - Extracted: Precip - 3-Apr-24
2025-05-06 20:26:33,819 - INFO - Found funding amount: 500000
2025-05-06 20:26:33,848 - INFO - Extracted: CloudCruise - 3-Apr-24
2025-05-06 20:26:33,848 - INFO - Found funding amount: 500000
2025-05-06 20:26:33,877 - INFO - Extracted: Intercept - 3-Apr-24
2025-05-06 20:26:33,877 - INFO - Found funding amount: 500000
2025-05-06 20:26:33,906 - INFO - Extracted: Duckie - 3-Apr-24
2025-05-06 20:26:33,906 - INFO - Found funding amount: 500000
2025-05-06 20:26:33,936 - INFO - Extracted: Swift - 3-Apr-24
2025-05-06 20:26:33,936 - INFO - Found funding amount: 500000
2025-05-06 20:26:33,970 - INFO - Extracted: Resonance - 3-Apr-24
2025-05-06 20:26:33,970 - INFO - Found funding amount: 500000
2025-05-06 20:26:33,970 - INFO - Successfully extracted 20 new companies from page 41
2025-05-06 20:26:33,970 - INFO - Attempting to navigate from page 41
2025-05-06 20:26:33,980 - INFO - Extracting data from page 57
2025-05-06 20:26:34,501 - INFO - Trying standard table extraction
2025-05-06 20:26:34,542 - INFO - Found funding amount column at index 6
2025-05-06 20:26:34,546 - INFO - Found headquarters column at index 7
2025-05-06 20:26:34,553 - INFO - Found 5 potential data rows
2025-05-06 20:26:34,698 - INFO - Retry attempt 1 for data extraction
2025-05-06 20:26:36,032 - INFO - Trying standard table extraction
2025-05-06 20:26:36,088 - INFO - Found funding amount column at index 6
2025-05-06 20:26:36,091 - INFO - Found headquarters column at index 7
2025-05-06 20:26:36,111 - INFO - Found 5 potential data rows
2025-05-06 20:26:36,229 - INFO - Retry attempt 2 for data extraction
2025-05-06 20:26:38,152 - INFO - Refreshing page for final extraction attempt
2025-05-06 20:26:39,783 - INFO - JavaScript verification confirmed page changed
2025-05-06 20:26:40,934 - INFO - Extracting data from page 42
2025-05-06 20:26:41,467 - INFO - Found overlay using selector: //div[contains(@class, 'conv-wrap')]
2025-05-06 20:26:41,477 - INFO - No close button found, removing overlay with JavaScript
2025-05-06 20:26:42,028 - INFO - Trying standard table extraction
2025-05-06 20:26:42,065 - INFO - Found funding amount column at index 6
2025-05-06 20:26:42,069 - INFO - Found headquarters column at index 7
2025-05-06 20:26:42,083 - INFO - Found 22 potential data rows
2025-05-06 20:26:42,132 - INFO - Extracted: Yondu - 3-Apr-24
2025-05-06 20:26:42,132 - INFO - Found funding amount: 500000
2025-05-06 20:26:42,164 - INFO - Extracted: Ecliptor - 3-Apr-24
2025-05-06 20:26:42,164 - INFO - Found funding amount: 500000
2025-05-06 20:26:42,197 - INFO - Extracted: Assembly - 3-Apr-24
2025-05-06 20:26:42,197 - INFO - Found funding amount: 500000
2025-05-06 20:26:42,228 - INFO - Extracted: Parasale - 3-Apr-24
2025-05-06 20:26:42,228 - INFO - Found funding amount: 500000
2025-05-06 20:26:42,258 - INFO - Extracted: PartnerHQ - 3-Apr-24
2025-05-06 20:26:42,258 - INFO - Found funding amount: 500000
2025-05-06 20:26:42,290 - INFO - Extracted: Kabilah - 3-Apr-24
2025-05-06 20:26:42,290 - INFO - Found funding amount: 500000
2025-05-06 20:26:42,329 - INFO - Extracted: Relari - 3-Apr-24
2025-05-06 20:26:42,329 - INFO - Found funding amount: 500000
2025-05-06 20:26:42,330 - INFO - Found overlay using selector: //div[contains(@class, 'overlay')]
2025-05-06 20:26:42,335 - INFO - No close button found, removing overlay with JavaScript
2025-05-06 20:26:42,411 - INFO - Extracted: Momentic - 3-Apr-24
2025-05-06 20:26:42,411 - INFO - Found funding amount: 500000
2025-05-06 20:26:42,442 - INFO - Extracted: Glimmer - 3-Apr-24
2025-05-06 20:26:42,442 - INFO - Found funding amount: 500000
2025-05-06 20:26:42,474 - INFO - Extracted: Homebase - 3-Apr-24
2025-05-06 20:26:42,474 - INFO - Found funding amount: 60000000
2025-05-06 20:26:42,505 - INFO - Extracted: Centralize - 3-Apr-24
2025-05-06 20:26:42,505 - INFO - Found funding amount: 500000
2025-05-06 20:26:42,536 - INFO - Extracted: Aidy - 3-Apr-24
2025-05-06 20:26:42,536 - INFO - Found funding amount: 500000
2025-05-06 20:26:42,566 - INFO - Extracted: Buster - 3-Apr-24
2025-05-06 20:26:42,566 - INFO - Found funding amount: 500000
2025-05-06 20:26:42,597 - INFO - Extracted: Meticulate - 3-Apr-24
2025-05-06 20:26:42,597 - INFO - Found funding amount: 500000
2025-05-06 20:26:42,631 - INFO - Extracted: RadMate AI - 3-Apr-24
2025-05-06 20:26:42,631 - INFO - Found funding amount: 500000
2025-05-06 20:26:42,669 - INFO - Extracted: Quantic - 3-Apr-24
2025-05-06 20:26:42,669 - INFO - Found funding amount: 500000
2025-05-06 20:26:42,700 - INFO - Extracted: Okapi - 3-Apr-24
2025-05-06 20:26:42,700 - INFO - Found funding amount: 500000
2025-05-06 20:26:42,731 - INFO - Extracted: Aether Energy - 3-Apr-24
2025-05-06 20:26:42,731 - INFO - Found funding amount: 500000
2025-05-06 20:26:42,762 - INFO - Extracted: Decipher AI - 3-Apr-24
2025-05-06 20:26:42,762 - INFO - Found funding amount: 500000
2025-05-06 20:26:42,793 - INFO - Extracted: Modal.io - 2-Apr-24
2025-05-06 20:26:42,793 - INFO - Found funding amount: 25000000
2025-05-06 20:26:42,793 - INFO - Successfully extracted 20 new companies from page 42
2025-05-06 20:26:42,793 - INFO - Attempting to navigate from page 42
2025-05-06 20:26:44,394 - INFO - Trying standard table extraction
2025-05-06 20:26:44,458 - INFO - Found funding amount column at index 6
2025-05-06 20:26:44,462 - INFO - Found headquarters column at index 7
2025-05-06 20:26:44,472 - INFO - Found 22 potential data rows
2025-05-06 20:26:45,145 - WARNING - No new companies found on page 57. Empty page count: 1
2025-05-06 20:26:45,146 - INFO - Attempting to navigate from page 57
2025-05-06 20:26:48,562 - INFO - JavaScript verification confirmed page changed
2025-05-06 20:26:49,460 - INFO - Extracting data from page 43
2025-05-06 20:26:50,092 - INFO - Trying standard table extraction
2025-05-06 20:26:50,168 - INFO - Found funding amount column at index 6
2025-05-06 20:26:50,173 - INFO - Found headquarters column at index 7
2025-05-06 20:26:50,181 - INFO - Found 22 potential data rows
2025-05-06 20:26:50,241 - INFO - Extracted: BurnBot - 2-Apr-24
2025-05-06 20:26:50,241 - INFO - Found funding amount: 20000000
2025-05-06 20:26:50,293 - INFO - Extracted: HelicitySpace - 2-Apr-24
2025-05-06 20:26:50,293 - INFO - Found funding amount: 5000000
2025-05-06 20:26:50,333 - INFO - Extracted: SESO - 2-Apr-24
2025-05-06 20:26:50,333 - INFO - Found funding amount: 26000000
2025-05-06 20:26:50,367 - INFO - Extracted: Lumana - 2-Apr-24
2025-05-06 20:26:50,367 - INFO - Found funding amount: 24000000
2025-05-06 20:26:50,403 - INFO - Extracted: Delivery Collective - 2-Apr-24
2025-05-06 20:26:50,403 - INFO - Found funding amount: 3800000
2025-05-06 20:26:50,433 - INFO - Extracted: Meedan - 2-Apr-24
2025-05-06 20:26:50,433 - INFO - Found funding amount: 2000000
2025-05-06 20:26:50,469 - INFO - Extracted: NobleAI - 2-Apr-24
2025-05-06 20:26:50,469 - INFO - Found funding amount: 10000000
2025-05-06 20:26:50,510 - INFO - Extracted: Allermi - 1-Apr-24
2025-05-06 20:26:50,510 - INFO - Found funding amount: 3500000
2025-05-06 20:26:50,541 - INFO - Extracted: BioConsortia - 1-Apr-24
2025-05-06 20:26:50,541 - INFO - Found funding amount: 15000000
2025-05-06 20:26:50,573 - INFO - Extracted: Skyflow - 28-Mar-24
2025-05-06 20:26:50,573 - INFO - Found funding amount: 30000000
2025-05-06 20:26:50,603 - INFO - Extracted: Vizcom - 28-Mar-24
2025-05-06 20:26:50,603 - INFO - Found funding amount: 20000000
2025-05-06 20:26:50,633 - INFO - Extracted: Float Health - 28-Mar-24
2025-05-06 20:26:50,633 - INFO - Found funding amount: 10000000
2025-05-06 20:26:50,662 - INFO - Extracted: Spintly - 28-Mar-24
2025-05-06 20:26:50,662 - INFO - Found funding amount: 500000
2025-05-06 20:26:50,693 - INFO - Extracted: Aeovian Pharmaceuticals - 28-Mar-24
2025-05-06 20:26:50,693 - INFO - Found funding amount: 50000000
2025-05-06 20:26:50,725 - INFO - Extracted: ValidMind - 27-Mar-24
2025-05-06 20:26:50,725 - INFO - Found funding amount: 8100000
2025-05-06 20:26:50,755 - INFO - Extracted: Ensis - 27-Mar-24
2025-05-06 20:26:50,756 - INFO - Found funding amount: 4000000
2025-05-06 20:26:50,787 - INFO - Extracted: YourChoice Therapeutics - 27-Mar-24
2025-05-06 20:26:50,787 - INFO - Found funding amount: 500000
2025-05-06 20:26:50,818 - INFO - Extracted: TurbineOne - 27-Mar-24
2025-05-06 20:26:50,818 - INFO - Found funding amount: 15000000
2025-05-06 20:26:50,850 - INFO - Extracted: JobPixel - 27-Mar-24
2025-05-06 20:26:50,850 - INFO - Found funding amount: 4700000
2025-05-06 20:26:50,882 - INFO - Extracted: OneNotary - 26-Mar-24
2025-05-06 20:26:50,882 - INFO - Found funding amount: 5000000
2025-05-06 20:26:50,882 - INFO - Successfully extracted 20 new companies from page 43
2025-05-06 20:26:50,882 - INFO - Attempting to navigate from page 43
2025-05-06 20:26:51,333 - INFO - JavaScript verification confirmed page changed
2025-05-06 20:26:51,946 - INFO - Extracting data from page 58
2025-05-06 20:26:52,648 - INFO - Trying standard table extraction
2025-05-06 20:26:52,704 - INFO - Found funding amount column at index 6
2025-05-06 20:26:52,708 - INFO - Found headquarters column at index 7
2025-05-06 20:26:52,717 - INFO - Found 22 potential data rows
2025-05-06 20:26:53,397 - INFO - Retry attempt 1 for data extraction
2025-05-06 20:26:54,561 - INFO - Trying standard table extraction
2025-05-06 20:26:54,615 - INFO - Found funding amount column at index 6
2025-05-06 20:26:54,620 - INFO - Found headquarters column at index 7
2025-05-06 20:26:54,630 - INFO - Found 22 potential data rows
2025-05-06 20:26:55,238 - INFO - Retry attempt 2 for data extraction
2025-05-06 20:26:56,913 - INFO - Refreshing page for final extraction attempt
2025-05-06 20:26:57,099 - INFO - JavaScript verification confirmed page changed
2025-05-06 20:26:58,204 - INFO - Extracting data from page 44
2025-05-06 20:26:58,988 - INFO - Trying standard table extraction
2025-05-06 20:26:59,053 - INFO - Found funding amount column at index 6
2025-05-06 20:26:59,058 - INFO - Found headquarters column at index 7
2025-05-06 20:26:59,068 - INFO - Found 22 potential data rows
2025-05-06 20:26:59,116 - INFO - Extracted: Fieldguide - 26-Mar-24
2025-05-06 20:26:59,116 - INFO - Found funding amount: 30000000
2025-05-06 20:26:59,155 - INFO - Extracted: Brightside Health - 26-Mar-24
2025-05-06 20:26:59,155 - INFO - Found funding amount: 33000000
2025-05-06 20:26:59,188 - INFO - Extracted: Picogrid - 26-Mar-24
2025-05-06 20:26:59,188 - INFO - Found funding amount: 12319995
2025-05-06 20:26:59,222 - INFO - Extracted: OpenPipe - 26-Mar-24
2025-05-06 20:26:59,222 - INFO - Found funding amount: 6700000
2025-05-06 20:26:59,254 - INFO - Extracted: ionobell - 26-Mar-24
2025-05-06 20:26:59,254 - INFO - Found funding amount: 3900000
2025-05-06 20:26:59,288 - INFO - Extracted: Activeloop - 26-Mar-24
2025-05-06 20:26:59,288 - INFO - Found funding amount: 11000000
2025-05-06 20:26:59,324 - INFO - Extracted: Bedrock Security - 26-Mar-24
2025-05-06 20:26:59,324 - INFO - Found funding amount: 10000000
2025-05-06 20:26:59,355 - INFO - Extracted: Charlee.ai - 25-Mar-24
2025-05-06 20:26:59,355 - INFO - Found funding amount: 0
2025-05-06 20:26:59,386 - INFO - Extracted: Propel - 25-Mar-24
2025-05-06 20:26:59,386 - INFO - Found funding amount: 1050000
2025-05-06 20:26:59,417 - INFO - Extracted: Circular.co - 25-Mar-24
2025-05-06 20:26:59,417 - INFO - Found funding amount: 5300000
2025-05-06 20:26:59,448 - INFO - Extracted: Profluent Bio - 21-Mar-24
2025-05-06 20:26:59,448 - INFO - Found funding amount: 35000000
2025-05-06 20:26:59,483 - INFO - Extracted: Espresso Systems - 21-Mar-24
2025-05-06 20:26:59,483 - INFO - Found funding amount: 28000000
2025-05-06 20:26:59,508 - INFO - Found overlay using selector: //div[contains(@class, 'conv-wrap')]
2025-05-06 20:26:59,514 - INFO - No close button found, removing overlay with JavaScript
2025-05-06 20:26:59,533 - INFO - Extracted: Ediphi - 21-Mar-24
2025-05-06 20:26:59,533 - INFO - Found funding amount: 12000000
2025-05-06 20:26:59,580 - INFO - Extracted: Foundry - 21-Mar-24
2025-05-06 20:26:59,580 - INFO - Found funding amount: 80000000
2025-05-06 20:26:59,646 - INFO - Extracted: Tarsal - 21-Mar-24
2025-05-06 20:26:59,646 - INFO - Found funding amount: 6000000
2025-05-06 20:26:59,692 - INFO - Extracted: Buzz Solutions - 20-Mar-24
2025-05-06 20:26:59,692 - INFO - Found funding amount: 5000000
2025-05-06 20:26:59,723 - INFO - Extracted: Airmyne - 20-Mar-24
2025-05-06 20:26:59,723 - INFO - Found funding amount: 6900000
2025-05-06 20:26:59,754 - INFO - Extracted: Mermaid Chart - 20-Mar-24
2025-05-06 20:26:59,754 - INFO - Found funding amount: 7575000
2025-05-06 20:26:59,796 - INFO - Extracted: Euno - 19-Mar-24
2025-05-06 20:26:59,796 - INFO - Found funding amount: 6250000
2025-05-06 20:26:59,840 - INFO - Extracted: RapidFire AI - 19-Mar-24
2025-05-06 20:26:59,840 - INFO - Found funding amount: 4034999
2025-05-06 20:26:59,840 - INFO - Successfully extracted 20 new companies from page 44
2025-05-06 20:26:59,841 - INFO - Attempting to navigate from page 44
2025-05-06 20:26:59,990 - INFO - Found overlay using selector: //div[contains(@class, 'overlay')]
2025-05-06 20:26:59,994 - INFO - No close button found, removing overlay with JavaScript
2025-05-06 20:27:01,144 - INFO - Trying standard table extraction
2025-05-06 20:27:01,240 - INFO - Found funding amount column at index 6
2025-05-06 20:27:01,250 - INFO - Found headquarters column at index 7
2025-05-06 20:27:01,265 - INFO - Found 22 potential data rows
2025-05-06 20:27:02,286 - WARNING - No new companies found on page 58. Empty page count: 2
2025-05-06 20:27:02,286 - INFO - Stopping after 2 consecutive empty pages
2025-05-06 20:27:02,297 - INFO - Successfully saved CSV data to /Users/hk/Downloads/DSFinalYearProject/JSONFolder/fundraisestartup50.csv
2025-05-06 20:27:02,306 - INFO - Successfully saved JSON data to /Users/hk/Downloads/DSFinalYearProject/JSONFolder/fundraisestartup50.json
2025-05-06 20:27:02,310 - INFO - Successfully saved historical data copies in /Users/hk/Downloads/DSFinalYearProject/data_archive/2025-05-06
2025-05-06 20:27:02,311 - INFO - Extraction completed in 520.75 seconds
2025-05-06 20:27:02,311 - INFO - Extracted 1103 companies from 58 pages
2025-05-06 20:27:02,311 - INFO - Found 1103 unique companies
2025-05-06 20:27:02,311 - INFO - Most recent funding dates: ['1-Apr-24', '1-Aug-24', '1-Feb-24', '1-Jan-24', '1-Jul-24']
2025-05-06 20:27:02,416 - INFO - WebDriver closed
2025-05-06 20:27:02,416 - INFO - Next extraction scheduled for: 2025-05-07 20:27:02
2025-05-06 20:27:05,516 - INFO - JavaScript verification confirmed page changed
2025-05-06 20:27:06,464 - INFO - Extracting data from page 45
2025-05-06 20:27:07,582 - INFO - Trying standard table extraction
2025-05-06 20:27:07,668 - INFO - Found funding amount column at index 6
2025-05-06 20:27:07,676 - INFO - Found headquarters column at index 7
2025-05-06 20:27:07,691 - INFO - Found 22 potential data rows
2025-05-06 20:27:07,745 - INFO - Extracted: EKA Solutions - 19-Mar-24
2025-05-06 20:27:07,745 - INFO - Found funding amount: 150000
2025-05-06 20:27:07,789 - INFO - Extracted: Lumino - 19-Mar-24
2025-05-06 20:27:07,789 - INFO - Found funding amount: 2800000
2025-05-06 20:27:07,833 - INFO - Extracted: Chambr - 18-Mar-24
2025-05-06 20:27:07,833 - INFO - Found funding amount: 20000
2025-05-06 20:27:07,874 - INFO - Extracted: Carbonated - 15-Mar-24
2025-05-06 20:27:07,874 - INFO - Found funding amount: 11000000
2025-05-06 20:27:07,905 - INFO - Extracted: Unstructured Technologies - 14-Mar-24
2025-05-06 20:27:07,905 - INFO - Found funding amount: 40000000
2025-05-06 20:27:07,949 - INFO - Extracted: Omni - 14-Mar-24
2025-05-06 20:27:07,950 - INFO - Found funding amount: 20000000
2025-05-06 20:27:07,985 - INFO - Extracted: inDrive - 14-Mar-24
2025-05-06 20:27:07,985 - INFO - Found funding amount: 150000000
2025-05-06 20:27:08,056 - INFO - Extracted: Lily AI - 14-Mar-24
2025-05-06 20:27:08,056 - INFO - Found funding amount: 20000000
2025-05-06 20:27:08,092 - INFO - Extracted: Horizon Treatment Services - 14-Mar-24
2025-05-06 20:27:08,093 - INFO - Found funding amount: 1000000
2025-05-06 20:27:08,129 - INFO - Extracted: Vertosa - 14-Mar-24
2025-05-06 20:27:08,129 - INFO - Found funding amount: 0
2025-05-06 20:27:08,175 - INFO - Extracted: Clique - 14-Mar-24
2025-05-06 20:27:08,175 - INFO - Found funding amount: 8000000
2025-05-06 20:27:08,214 - INFO - Extracted: Sierra Gold Nurseries - 14-Mar-24
2025-05-06 20:27:08,214 - INFO - Found funding amount: 0
2025-05-06 20:27:08,250 - INFO - Extracted: Orbillion Bio - 14-Mar-24
2025-05-06 20:27:08,250 - INFO - Found funding amount: 0
2025-05-06 20:27:08,290 - INFO - Extracted: Redcoat AI - 14-Mar-24
2025-05-06 20:27:08,290 - INFO - Found funding amount: 4240000
2025-05-06 20:27:08,332 - INFO - Extracted: Assort Health - 14-Mar-24
2025-05-06 20:27:08,332 - INFO - Found funding amount: 3500000
2025-05-06 20:27:08,371 - INFO - Extracted: Deep Origin - 13-Mar-24
2025-05-06 20:27:08,372 - INFO - Found funding amount: 25500000
2025-05-06 20:27:08,419 - INFO - Extracted: LiveKit - 13-Mar-24
2025-05-06 20:27:08,419 - INFO - Found funding amount: 19742076
2025-05-06 20:27:08,501 - INFO - Extracted: Voxeleron - 13-Mar-24
2025-05-06 20:27:08,501 - INFO - Found funding amount: 0
2025-05-06 20:27:08,542 - INFO - Extracted: Nozomi Networks - 13-Mar-24
2025-05-06 20:27:08,542 - INFO - Found funding amount: 100000000
2025-05-06 20:27:08,590 - INFO - Extracted: Fermat Commerce - 13-Mar-24
2025-05-06 20:27:08,590 - INFO - Found funding amount: 17000000
2025-05-06 20:27:08,590 - INFO - Successfully extracted 20 new companies from page 45
2025-05-06 20:27:08,590 - INFO - Attempting to navigate from page 45
2025-05-06 20:27:14,928 - INFO - JavaScript verification confirmed page changed
2025-05-06 20:27:15,695 - INFO - Extracting data from page 46
2025-05-06 20:27:16,353 - INFO - Trying standard table extraction
2025-05-06 20:27:16,417 - INFO - Found funding amount column at index 6
2025-05-06 20:27:16,421 - INFO - Found headquarters column at index 7
2025-05-06 20:27:16,433 - INFO - Found 22 potential data rows
2025-05-06 20:27:16,529 - INFO - Extracted: Astronuts - 13-Mar-24
2025-05-06 20:27:16,529 - INFO - Found funding amount: 0
2025-05-06 20:27:16,574 - INFO - Extracted: eDNA Explorer - 13-Mar-24
2025-05-06 20:27:16,574 - INFO - Found funding amount: 500000
2025-05-06 20:27:16,619 - INFO - Extracted: Big Sur AI - 13-Mar-24
2025-05-06 20:27:16,619 - INFO - Found funding amount: 6900000
2025-05-06 20:27:16,703 - INFO - Extracted: HalseyPoint Asset Management - 13-Mar-24
2025-05-06 20:27:16,703 - INFO - Found funding amount: 0
2025-05-06 20:27:16,757 - INFO - Extracted: Luminary Cloud - 13-Mar-24
2025-05-06 20:27:16,757 - INFO - Found funding amount: 115000000
2025-05-06 20:27:16,802 - INFO - Extracted: Furno - 13-Mar-24
2025-05-06 20:27:16,802 - INFO - Found funding amount: 6500000
2025-05-06 20:27:16,846 - INFO - Extracted: Smartschool - 13-Mar-24
2025-05-06 20:27:16,846 - INFO - Found funding amount: 1500000
2025-05-06 20:27:16,885 - INFO - Extracted: NanoNets - 12-Mar-24
2025-05-06 20:27:16,885 - INFO - Found funding amount: 29000000
2025-05-06 20:27:16,942 - INFO - Extracted: Amara Organic Foods - 12-Mar-24
2025-05-06 20:27:16,942 - INFO - Found funding amount: 20000000
2025-05-06 20:27:16,987 - INFO - Extracted: Vouch - 11-Mar-24
2025-05-06 20:27:16,987 - INFO - Found funding amount: 25000000
2025-05-06 20:27:17,038 - INFO - Extracted: Forest Neurotech - 11-Mar-24
2025-05-06 20:27:17,038 - INFO - Found funding amount: 14000000
2025-05-06 20:27:17,086 - INFO - Extracted: Applied Intuition - 11-Mar-24
2025-05-06 20:27:17,086 - INFO - Found funding amount: 250000000
2025-05-06 20:27:17,125 - INFO - Extracted: Bear Robotics - 11-Mar-24
2025-05-06 20:27:17,125 - INFO - Found funding amount: 60000000
2025-05-06 20:27:17,178 - INFO - Extracted: Key - 11-Mar-24
2025-05-06 20:27:17,178 - INFO - Found funding amount: 4300000
2025-05-06 20:27:17,254 - INFO - Extracted: Eigen Therapeutics - 11-Mar-24
2025-05-06 20:27:17,255 - INFO - Found funding amount: 0
2025-05-06 20:27:17,408 - INFO - Extracted: RealSeq Biosciences - 11-Mar-24
2025-05-06 20:27:17,408 - INFO - Found funding amount: 1500000
2025-05-06 20:27:17,504 - INFO - Extracted: Eclipse - 11-Mar-24
2025-05-06 20:27:17,504 - INFO - Found funding amount: 50000000
2025-05-06 20:27:17,546 - INFO - Extracted: Foundation Health - 11-Mar-24
2025-05-06 20:27:17,547 - INFO - Found funding amount: 6000000
2025-05-06 20:27:17,589 - INFO - Extracted: Huski.ai - 8-Mar-24
2025-05-06 20:27:17,590 - INFO - Found funding amount: 4250010
2025-05-06 20:27:17,632 - INFO - Extracted: Ondas Networks - 8-Mar-24
2025-05-06 20:27:17,632 - INFO - Found funding amount: 4500000
2025-05-06 20:27:17,632 - INFO - Successfully extracted 20 new companies from page 46
2025-05-06 20:27:17,632 - INFO - Attempting to navigate from page 46
2025-05-06 20:27:23,258 - INFO - JavaScript verification confirmed page changed
2025-05-06 20:27:24,017 - INFO - Extracting data from page 47
2025-05-06 20:27:24,520 - INFO - Trying standard table extraction
2025-05-06 20:27:24,573 - INFO - Found funding amount column at index 6
2025-05-06 20:27:24,578 - INFO - Found headquarters column at index 7
2025-05-06 20:27:24,585 - INFO - Found 22 potential data rows
2025-05-06 20:27:24,630 - INFO - Extracted: NeuroAge Therapeutics - 7-Mar-24
2025-05-06 20:27:24,630 - INFO - Found funding amount: 250000
2025-05-06 20:27:24,662 - INFO - Extracted: Neural Propulsion Systems - 7-Mar-24
2025-05-06 20:27:24,662 - INFO - Found funding amount: 17500000
2025-05-06 20:27:24,694 - INFO - Extracted: Best Day Brewing - 7-Mar-24
2025-05-06 20:27:24,694 - INFO - Found funding amount: 10000000
2025-05-06 20:27:24,725 - INFO - Extracted: Reach Security - 7-Mar-24
2025-05-06 20:27:24,725 - INFO - Found funding amount: 20000000
2025-05-06 20:27:24,758 - INFO - Extracted: Brevian - 7-Mar-24
2025-05-06 20:27:24,758 - INFO - Found funding amount: 9000000
2025-05-06 20:27:24,823 - INFO - Extracted: Alumis - 6-Mar-24
2025-05-06 20:27:24,823 - INFO - Found funding amount: 259000000
2025-05-06 20:27:24,858 - INFO - Extracted: Abstract - 6-Mar-24
2025-05-06 20:27:24,858 - INFO - Found funding amount: 4256483
2025-05-06 20:27:24,889 - INFO - Extracted: Altro (fka Perch) - 6-Mar-24
2025-05-06 20:27:24,889 - INFO - Found funding amount: 4000000
2025-05-06 20:27:24,920 - INFO - Extracted: Remofirst - 6-Mar-24
2025-05-06 20:27:24,920 - INFO - Found funding amount: 25000000
2025-05-06 20:27:24,950 - INFO - Extracted: Proof of Impact - 6-Mar-24
2025-05-06 20:27:24,950 - INFO - Found funding amount: 569985
2025-05-06 20:27:24,987 - INFO - Extracted: Firewall - 6-Mar-24
2025-05-06 20:27:24,987 - INFO - Found funding amount: 3700000
2025-05-06 20:27:25,020 - INFO - Extracted: Glacier - 6-Mar-24
2025-05-06 20:27:25,020 - INFO - Found funding amount: 7700000
2025-05-06 20:27:25,053 - INFO - Extracted: Jabali - 6-Mar-24
2025-05-06 20:27:25,053 - INFO - Found funding amount: 5000000
2025-05-06 20:27:25,102 - INFO - Extracted: Dtex Systems - 5-Mar-24
2025-05-06 20:27:25,102 - INFO - Found funding amount: 50000000
2025-05-06 20:27:25,140 - INFO - Extracted: Ubicloud - 5-Mar-24
2025-05-06 20:27:25,140 - INFO - Found funding amount: 16000000
2025-05-06 20:27:25,171 - INFO - Extracted: Openprise - 5-Mar-24
2025-05-06 20:27:25,171 - INFO - Found funding amount: 25000000
2025-05-06 20:27:25,202 - INFO - Extracted: appCD - 5-Mar-24
2025-05-06 20:27:25,202 - INFO - Found funding amount: 6000000
2025-05-06 20:27:25,232 - INFO - Extracted: RIOS - 5-Mar-24
2025-05-06 20:27:25,232 - INFO - Found funding amount: 13000000
2025-05-06 20:27:25,264 - INFO - Extracted: Baseten - 4-Mar-24
2025-05-06 20:27:25,264 - INFO - Found funding amount: 40000000
2025-05-06 20:27:25,304 - INFO - Extracted: GALY - 4-Mar-24
2025-05-06 20:27:25,304 - INFO - Found funding amount: 20149994
2025-05-06 20:27:25,304 - INFO - Successfully extracted 20 new companies from page 47
2025-05-06 20:27:25,304 - INFO - Attempting to navigate from page 47
2025-05-06 20:27:31,781 - INFO - JavaScript verification confirmed page changed
2025-05-06 20:27:32,899 - INFO - Extracting data from page 48
2025-05-06 20:27:33,482 - INFO - Trying standard table extraction
2025-05-06 20:27:33,526 - INFO - Found funding amount column at index 6
2025-05-06 20:27:33,530 - INFO - Found headquarters column at index 7
2025-05-06 20:27:33,539 - INFO - Found 22 potential data rows
2025-05-06 20:27:33,587 - INFO - Extracted: Headlands Research - 4-Mar-24
2025-05-06 20:27:33,587 - INFO - Found funding amount: 249997
2025-05-06 20:27:33,627 - INFO - Extracted: treet - 4-Mar-24
2025-05-06 20:27:33,627 - INFO - Found funding amount: 10000000
2025-05-06 20:27:33,674 - INFO - Extracted: Entrada - 4-Mar-24
2025-05-06 20:27:33,674 - INFO - Found funding amount: 0
2025-05-06 20:27:33,713 - INFO - Extracted: Momentous - 29-Feb-24
2025-05-06 20:27:33,713 - INFO - Found funding amount: 0
2025-05-06 20:27:33,782 - INFO - Extracted: FirstHive - 29-Feb-24
2025-05-06 20:27:33,782 - INFO - Found funding amount: 5089250
2025-05-06 20:27:33,846 - INFO - Extracted: Elemeno Health - 29-Feb-24
2025-05-06 20:27:33,846 - INFO - Found funding amount: 3350344
2025-05-06 20:27:33,915 - INFO - Extracted: PawCo Foods - 29-Feb-24
2025-05-06 20:27:33,915 - INFO - Found funding amount: 2000000
2025-05-06 20:27:34,013 - INFO - Extracted: BioCorRx - 28-Feb-24
2025-05-06 20:27:34,013 - INFO - Found funding amount: 11000000
2025-05-06 20:27:34,054 - INFO - Extracted: Range Energy - 28-Feb-24
2025-05-06 20:27:34,054 - INFO - Found funding amount: 23500000
2025-05-06 20:27:34,095 - INFO - Extracted: BloomTech - 28-Feb-24
2025-05-06 20:27:34,096 - INFO - Found funding amount: 14602342
2025-05-06 20:27:34,132 - INFO - Extracted: Backpack - 28-Feb-24
2025-05-06 20:27:34,132 - INFO - Found funding amount: 17000000
2025-05-06 20:27:34,232 - INFO - Extracted: Mineprism Inc. - 28-Feb-24
2025-05-06 20:27:34,233 - INFO - Found funding amount: 75000
2025-05-06 20:27:34,282 - INFO - Extracted: Parspec - 27-Feb-24
2025-05-06 20:27:34,283 - INFO - Found funding amount: 11500000
2025-05-06 20:27:34,332 - INFO - Extracted: Catch+Release - 27-Feb-24
2025-05-06 20:27:34,332 - INFO - Found funding amount: 8800000
2025-05-06 20:27:34,368 - INFO - Extracted: MoneyHash - 27-Feb-24
2025-05-06 20:27:34,368 - INFO - Found funding amount: 4500000
2025-05-06 20:27:34,398 - INFO - Extracted: Reo.Dev - 27-Feb-24
2025-05-06 20:27:34,398 - INFO - Found funding amount: 1200000
2025-05-06 20:27:34,446 - INFO - Extracted: Campfire - 27-Feb-24
2025-05-06 20:27:34,446 - INFO - Found funding amount: 3500000
2025-05-06 20:27:34,484 - INFO - Extracted: Axiom Cloud - 27-Feb-24
2025-05-06 20:27:34,484 - INFO - Found funding amount: 5000000
2025-05-06 20:27:34,518 - INFO - Extracted: Inkitt - 27-Feb-24
2025-05-06 20:27:34,518 - INFO - Found funding amount: 37000000
2025-05-06 20:27:34,568 - INFO - Extracted: EPRI - 26-Feb-24
2025-05-06 20:27:34,568 - INFO - Found funding amount: 3400000
2025-05-06 20:27:34,569 - INFO - Successfully extracted 20 new companies from page 48
2025-05-06 20:27:34,569 - INFO - Attempting to navigate from page 48
2025-05-06 20:27:40,966 - INFO - JavaScript verification confirmed page changed
2025-05-06 20:27:41,558 - INFO - Extracting data from page 49
2025-05-06 20:27:42,814 - INFO - Trying standard table extraction
2025-05-06 20:27:42,872 - INFO - Found funding amount column at index 6
2025-05-06 20:27:42,877 - INFO - Found headquarters column at index 7
2025-05-06 20:27:42,887 - INFO - Found 22 potential data rows
2025-05-06 20:27:42,946 - INFO - Extracted: Alamar Biosciences - 26-Feb-24
2025-05-06 20:27:42,946 - INFO - Found funding amount: 100000000
2025-05-06 20:27:42,994 - INFO - Extracted: FlowGPT - 26-Feb-24
2025-05-06 20:27:42,994 - INFO - Found funding amount: 10000000
2025-05-06 20:27:43,026 - INFO - Extracted: mTAB - 26-Feb-24
2025-05-06 20:27:43,026 - INFO - Found funding amount: 15000000
2025-05-06 20:27:43,058 - INFO - Extracted: InsightRX - 23-Feb-24
2025-05-06 20:27:43,058 - INFO - Found funding amount: 0
2025-05-06 20:27:43,090 - INFO - Extracted: Elve - 22-Feb-24
2025-05-06 20:27:43,090 - INFO - Found funding amount: 15000000
2025-05-06 20:27:43,122 - INFO - Extracted: PermitFlow - 21-Feb-24
2025-05-06 20:27:43,122 - INFO - Found funding amount: 31000000
2025-05-06 20:27:43,166 - INFO - Extracted: Jamix - 21-Feb-24
2025-05-06 20:27:43,166 - INFO - Found funding amount: 3000000
2025-05-06 20:27:43,208 - INFO - Extracted: Hadrian - 21-Feb-24
2025-05-06 20:27:43,208 - INFO - Found funding amount: 92000000
2025-05-06 20:27:43,239 - INFO - Extracted: Empowerly - 21-Feb-24
2025-05-06 20:27:43,239 - INFO - Found funding amount: 15000000
2025-05-06 20:27:43,270 - INFO - Extracted: Orkes - 21-Feb-24
2025-05-06 20:27:43,270 - INFO - Found funding amount: 20000000
2025-05-06 20:27:43,302 - INFO - Extracted: Power Life Science - 21-Feb-24
2025-05-06 20:27:43,303 - INFO - Found funding amount: 11900000
2025-05-06 20:27:43,334 - INFO - Extracted: ElastiFlow - 21-Feb-24
2025-05-06 20:27:43,334 - INFO - Found funding amount: 5000000
2025-05-06 20:27:43,364 - INFO - Extracted: NodeShift - 21-Feb-24
2025-05-06 20:27:43,364 - INFO - Found funding amount: 3200000
2025-05-06 20:27:43,396 - INFO - Extracted: VectorShift - 21-Feb-24
2025-05-06 20:27:43,396 - INFO - Found funding amount: 3000000
2025-05-06 20:27:43,494 - INFO - Extracted: Blue Wire - 20-Feb-24
2025-05-06 20:27:43,494 - INFO - Found funding amount: 0
2025-05-06 20:27:43,531 - INFO - Extracted: Zonexus - 20-Feb-24
2025-05-06 20:27:43,531 - INFO - Found funding amount: 1149998
2025-05-06 20:27:43,570 - INFO - Extracted: Recogni - 20-Feb-24
2025-05-06 20:27:43,570 - INFO - Found funding amount: 102000000
2025-05-06 20:27:43,625 - INFO - Extracted: HighRI Optics - 20-Feb-24
2025-05-06 20:27:43,626 - INFO - Found funding amount: 1099995
2025-05-06 20:27:43,672 - INFO - Extracted: Arini - 19-Feb-24
2025-05-06 20:27:43,672 - INFO - Found funding amount: 500000
2025-05-06 20:27:43,707 - INFO - Extracted: Alembic - 15-Feb-24
2025-05-06 20:27:43,707 - INFO - Found funding amount: 14000000
2025-05-06 20:27:43,707 - INFO - Successfully extracted 20 new companies from page 49
2025-05-06 20:27:43,707 - INFO - Attempting to navigate from page 49
2025-05-06 20:27:50,044 - INFO - JavaScript verification confirmed page changed
2025-05-06 20:27:50,695 - INFO - Extracting data from page 50
2025-05-06 20:27:51,506 - INFO - Trying standard table extraction
2025-05-06 20:27:51,628 - INFO - Found funding amount column at index 6
2025-05-06 20:27:51,632 - INFO - Found headquarters column at index 7
2025-05-06 20:27:51,640 - INFO - Found 22 potential data rows
2025-05-06 20:27:51,682 - INFO - Extracted: Scribe - 15-Feb-24
2025-05-06 20:27:51,683 - INFO - Found funding amount: 25000000
2025-05-06 20:27:51,713 - INFO - Extracted: Freenome - 15-Feb-24
2025-05-06 20:27:51,713 - INFO - Found funding amount: 254000000
2025-05-06 20:27:51,749 - INFO - Extracted: Guardrails AI - 15-Feb-24
2025-05-06 20:27:51,749 - INFO - Found funding amount: 7500000
2025-05-06 20:27:51,779 - INFO - Extracted: Zocks - 15-Feb-24
2025-05-06 20:27:51,779 - INFO - Found funding amount: 5500000
2025-05-06 20:27:51,809 - INFO - Extracted: LangChain - 15-Feb-24
2025-05-06 20:27:51,809 - INFO - Found funding amount: 25000000
2025-05-06 20:27:51,839 - INFO - Extracted: testRigor - 15-Feb-24
2025-05-06 20:27:51,839 - INFO - Found funding amount: 0
2025-05-06 20:27:51,869 - INFO - Extracted: Kairos Aerospace - 15-Feb-24
2025-05-06 20:27:51,869 - INFO - Found funding amount: 52000000
2025-05-06 20:27:51,897 - INFO - Extracted: Sanitas AI - 15-Feb-24
2025-05-06 20:27:51,898 - INFO - Found funding amount: 0
2025-05-06 20:27:51,934 - INFO - Extracted: cPacket Networks - 14-Feb-24
2025-05-06 20:27:51,934 - INFO - Found funding amount: 67000000
2025-05-06 20:27:51,963 - INFO - Extracted: Artie - 14-Feb-24
2025-05-06 20:27:51,963 - INFO - Found funding amount: 3300000
2025-05-06 20:27:51,995 - INFO - Extracted: SkyOne Federal Credit Union - 14-Feb-24
2025-05-06 20:27:51,995 - INFO - Found funding amount: 2750000
2025-05-06 20:27:52,026 - INFO - Extracted: Hippo Harvest - 14-Feb-24
2025-05-06 20:27:52,026 - INFO - Found funding amount: 21000000
2025-05-06 20:27:52,057 - INFO - Extracted: Planette - 14-Feb-24
2025-05-06 20:27:52,057 - INFO - Found funding amount: 2400000
2025-05-06 20:27:52,094 - INFO - Extracted: Rasa - 14-Feb-24
2025-05-06 20:27:52,095 - INFO - Found funding amount: 30000000
2025-05-06 20:27:52,131 - INFO - Extracted: Meter - 13-Feb-24
2025-05-06 20:27:52,131 - INFO - Found funding amount: 35000000
2025-05-06 20:27:52,164 - INFO - Extracted: Skylo - 13-Feb-24
2025-05-06 20:27:52,164 - INFO - Found funding amount: 37000000
2025-05-06 20:27:52,198 - INFO - Extracted: Mindy - 13-Feb-24
2025-05-06 20:27:52,198 - INFO - Found funding amount: 6000000
2025-05-06 20:27:52,232 - INFO - Extracted: Savor - 13-Feb-24
2025-05-06 20:27:52,232 - INFO - Found funding amount: 23000000
2025-05-06 20:27:52,264 - INFO - Extracted: Camus Energy - 13-Feb-24
2025-05-06 20:27:52,264 - INFO - Found funding amount: 10000000
2025-05-06 20:27:52,302 - INFO - Extracted: Chalk - 13-Feb-24
2025-05-06 20:27:52,302 - INFO - Found funding amount: 338298
2025-05-06 20:27:52,302 - INFO - Successfully extracted 20 new companies from page 50
2025-05-06 20:27:52,302 - INFO - Attempting to navigate from page 50
2025-05-06 20:27:58,488 - INFO - JavaScript verification confirmed page changed
2025-05-06 20:27:59,040 - INFO - Extracting data from page 51
2025-05-06 20:28:00,243 - INFO - Trying standard table extraction
2025-05-06 20:28:00,322 - INFO - Found funding amount column at index 6
2025-05-06 20:28:00,327 - INFO - Found headquarters column at index 7
2025-05-06 20:28:00,337 - INFO - Found 22 potential data rows
2025-05-06 20:28:00,385 - INFO - Extracted: SocialCoach - 13-Feb-24
2025-05-06 20:28:00,385 - INFO - Found funding amount: 1000000
2025-05-06 20:28:00,417 - INFO - Extracted: Motif Analytics - 12-Feb-24
2025-05-06 20:28:00,417 - INFO - Found funding amount: 5700000
2025-05-06 20:28:00,448 - INFO - Extracted: Heliux - 12-Feb-24
2025-05-06 20:28:00,448 - INFO - Found funding amount: 2265000
2025-05-06 20:28:00,480 - INFO - Extracted: Lilac Solutions - 12-Feb-24
2025-05-06 20:28:00,480 - INFO - Found funding amount: 145000000
2025-05-06 20:28:00,514 - INFO - Extracted: Magic - 12-Feb-24
2025-05-06 20:28:00,514 - INFO - Found funding amount: 117332923
2025-05-06 20:28:00,556 - INFO - Extracted: LeoLabs - 12-Feb-24
2025-05-06 20:28:00,556 - INFO - Found funding amount: 29000000
2025-05-06 20:28:00,590 - INFO - Extracted: Modern Treasury - 10-Feb-24
2025-05-06 20:28:00,590 - INFO - Found funding amount: 1000000000
2025-05-06 20:28:00,621 - INFO - Extracted: THINKIN - 9-Feb-24
2025-05-06 20:28:00,621 - INFO - Found funding amount: 0
2025-05-06 20:28:00,652 - INFO - Extracted: Unlearn.AI - 8-Feb-24
2025-05-06 20:28:00,653 - INFO - Found funding amount: 50000000
2025-05-06 20:28:00,684 - INFO - Extracted: Handle - 8-Feb-24
2025-05-06 20:28:00,684 - INFO - Found funding amount: 0
2025-05-06 20:28:00,715 - INFO - Extracted: Partners Capital - 8-Feb-24
2025-05-06 20:28:00,715 - INFO - Found funding amount: 0
2025-05-06 20:28:00,747 - INFO - Extracted: Vocode - 8-Feb-24
2025-05-06 20:28:00,747 - INFO - Found funding amount: 3250000
2025-05-06 20:28:00,780 - INFO - Extracted: brd BOT - 8-Feb-24
2025-05-06 20:28:00,780 - INFO - Found funding amount: 100000
2025-05-06 20:28:00,811 - INFO - Extracted: FuzzLand - 8-Feb-24
2025-05-06 20:28:00,811 - INFO - Found funding amount: 3000000
2025-05-06 20:28:00,849 - INFO - Extracted: Overflow - 7-Feb-24
2025-05-06 20:28:00,849 - INFO - Found funding amount: 20000000
2025-05-06 20:28:00,883 - INFO - Extracted: Polycam - 7-Feb-24
2025-05-06 20:28:00,883 - INFO - Found funding amount: 18000000
2025-05-06 20:28:00,917 - INFO - Extracted: Simplify - 7-Feb-24
2025-05-06 20:28:00,917 - INFO - Found funding amount: 3000000
2025-05-06 20:28:00,946 - INFO - Extracted: OutSail Shipping - 7-Feb-24
2025-05-06 20:28:00,947 - INFO - Found funding amount: 500000
2025-05-06 20:28:00,976 - INFO - Extracted: Upstock - 7-Feb-24
2025-05-06 20:28:00,976 - INFO - Found funding amount: 13000000
2025-05-06 20:28:01,019 - INFO - Extracted: Shepherd - 7-Feb-24
2025-05-06 20:28:01,019 - INFO - Found funding amount: 13500000
2025-05-06 20:28:01,020 - INFO - Successfully extracted 20 new companies from page 51
2025-05-06 20:28:01,020 - INFO - Attempting to navigate from page 51
2025-05-06 20:28:07,513 - INFO - JavaScript verification confirmed page changed
2025-05-06 20:28:08,667 - INFO - Extracting data from page 52
2025-05-06 20:28:09,266 - INFO - Trying standard table extraction
2025-05-06 20:28:09,311 - INFO - Found funding amount column at index 6
2025-05-06 20:28:09,315 - INFO - Found headquarters column at index 7
2025-05-06 20:28:09,326 - INFO - Found 22 potential data rows
2025-05-06 20:28:09,379 - INFO - Extracted: ZEDEDA - 7-Feb-24
2025-05-06 20:28:09,379 - INFO - Found funding amount: 72000000
2025-05-06 20:28:09,473 - INFO - Extracted: Aizon - 7-Feb-24
2025-05-06 20:28:09,473 - INFO - Found funding amount: 20000000
2025-05-06 20:28:09,515 - INFO - Extracted: Attralus - 6-Feb-24
2025-05-06 20:28:09,515 - INFO - Found funding amount: 56000000
2025-05-06 20:28:09,548 - INFO - Extracted: Jam - 6-Feb-24
2025-05-06 20:28:09,548 - INFO - Found funding amount: 8900000
2025-05-06 20:28:09,582 - INFO - Extracted: Ambience Healthcare - 6-Feb-24
2025-05-06 20:28:09,582 - INFO - Found funding amount: 70000000
2025-05-06 20:28:09,628 - INFO - Extracted: Starship Technologies - 5-Feb-24
2025-05-06 20:28:09,628 - INFO - Found funding amount: 90000000
2025-05-06 20:28:09,671 - INFO - Extracted: Rigetti Computing - 5-Feb-24
2025-05-06 20:28:09,671 - INFO - Found funding amount: 0
2025-05-06 20:28:09,707 - INFO - Extracted: LightBeam.ai - 1-Feb-24
2025-05-06 20:28:09,707 - INFO - Found funding amount: 17800000
2025-05-06 20:28:09,741 - INFO - Extracted: Artera - 1-Feb-24
2025-05-06 20:28:09,741 - INFO - Found funding amount: 20000000
2025-05-06 20:28:09,774 - INFO - Extracted: Watershed - 1-Feb-24
2025-05-06 20:28:09,774 - INFO - Found funding amount: 100000000
2025-05-06 20:28:09,807 - INFO - Extracted: CARPL.ai - 1-Feb-24
2025-05-06 20:28:09,807 - INFO - Found funding amount: 6000000
2025-05-06 20:28:09,844 - INFO - Extracted: Coris - 1-Feb-24
2025-05-06 20:28:09,844 - INFO - Found funding amount: 3700000
2025-05-06 20:28:09,998 - INFO - Extracted: Mountaintop Studios - 31-Jan-24
2025-05-06 20:28:09,998 - INFO - Found funding amount: 30000000
2025-05-06 20:28:10,075 - INFO - Extracted: Metronome - 31-Jan-24
2025-05-06 20:28:10,075 - INFO - Found funding amount: 43000000
2025-05-06 20:28:10,109 - INFO - Extracted: Reken - 31-Jan-24
2025-05-06 20:28:10,109 - INFO - Found funding amount: 10000000
2025-05-06 20:28:10,141 - INFO - Extracted: Aiden Automotive Technologies - 31-Jan-24
2025-05-06 20:28:10,141 - INFO - Found funding amount: 0
2025-05-06 20:28:10,179 - INFO - Extracted: Inngest - 30-Jan-24
2025-05-06 20:28:10,179 - INFO - Found funding amount: 6100000
2025-05-06 20:28:10,226 - INFO - Extracted: Nile - 30-Jan-24
2025-05-06 20:28:10,227 - INFO - Found funding amount: 11600000
2025-05-06 20:28:10,260 - INFO - Extracted: Aster - 30-Jan-24
2025-05-06 20:28:10,260 - INFO - Found funding amount: 2400000
2025-05-06 20:28:10,293 - INFO - Extracted: HyperBeeAI - 30-Jan-24
2025-05-06 20:28:10,293 - INFO - Found funding amount: 0
2025-05-06 20:28:10,293 - INFO - Successfully extracted 20 new companies from page 52
2025-05-06 20:28:10,293 - INFO - Attempting to navigate from page 52
2025-05-06 20:28:15,967 - INFO - JavaScript verification confirmed page changed
2025-05-06 20:28:16,496 - INFO - Extracting data from page 53
2025-05-06 20:28:17,090 - INFO - Trying standard table extraction
2025-05-06 20:28:17,136 - INFO - Found funding amount column at index 6
2025-05-06 20:28:17,139 - INFO - Found headquarters column at index 7
2025-05-06 20:28:17,151 - INFO - Found 22 potential data rows
2025-05-06 20:28:17,202 - INFO - Extracted: Plex - 30-Jan-24
2025-05-06 20:28:17,202 - INFO - Found funding amount: 40000000
2025-05-06 20:28:17,241 - INFO - Extracted: Alchemist Accelerator - 30-Jan-24
2025-05-06 20:28:17,241 - INFO - Found funding amount: 2000000
2025-05-06 20:28:17,288 - INFO - Extracted: resistanceBio - 29-Jan-24
2025-05-06 20:28:17,288 - INFO - Found funding amount: 12776288
2025-05-06 20:28:17,329 - INFO - Extracted: Mesh - 29-Jan-24
2025-05-06 20:28:17,329 - INFO - Found funding amount: 6500000
2025-05-06 20:28:17,373 - INFO - Extracted: Chef Robotics - 26-Jan-24
2025-05-06 20:28:17,373 - INFO - Found funding amount: 10500000
2025-05-06 20:28:17,419 - INFO - Extracted: Perfumeo - 26-Jan-24
2025-05-06 20:28:17,419 - INFO - Found funding amount: 1000000
2025-05-06 20:28:17,462 - INFO - Extracted: Bastille Networks Internet Security - 25-Jan-24
2025-05-06 20:28:17,462 - INFO - Found funding amount: 44000000
2025-05-06 20:28:17,503 - INFO - Extracted: ViralMoment - 25-Jan-24
2025-05-06 20:28:17,503 - INFO - Found funding amount: 2500000
2025-05-06 20:28:17,547 - INFO - Extracted: Integral Development Corp - 25-Jan-24
2025-05-06 20:28:17,547 - INFO - Found funding amount: 30000000
2025-05-06 20:28:17,621 - INFO - Extracted: Audioshake - 25-Jan-24
2025-05-06 20:28:17,622 - INFO - Found funding amount: 1400000
2025-05-06 20:28:17,713 - INFO - Extracted: Aniai - 24-Jan-24
2025-05-06 20:28:17,714 - INFO - Found funding amount: 12000000
2025-05-06 20:28:17,793 - INFO - Extracted: unSkript, Inc - 24-Jan-24
2025-05-06 20:28:17,793 - INFO - Found funding amount: 3750000
2025-05-06 20:28:17,870 - INFO - Extracted: Masa - 23-Jan-24
2025-05-06 20:28:17,870 - INFO - Found funding amount: 5400000
2025-05-06 20:28:17,941 - INFO - Extracted: AiDash - 23-Jan-24
2025-05-06 20:28:17,941 - INFO - Found funding amount: 50000000
2025-05-06 20:28:18,052 - INFO - Extracted: SER Capital Partners - 23-Jan-24
2025-05-06 20:28:18,052 - INFO - Found funding amount: 0
2025-05-06 20:28:18,162 - INFO - Extracted: Snorkel AI - 23-Jan-24
2025-05-06 20:28:18,162 - INFO - Found funding amount: 0
2025-05-06 20:28:18,397 - INFO - Extracted: Synthesis AI - 23-Jan-24
2025-05-06 20:28:18,397 - INFO - Found funding amount: 168889
2025-05-06 20:28:18,459 - INFO - Extracted: RagaAI Inc. - 23-Jan-24
2025-05-06 20:28:18,459 - INFO - Found funding amount: 4700000
2025-05-06 20:28:18,498 - INFO - Extracted: SmithRx - 23-Jan-24
2025-05-06 20:28:18,498 - INFO - Found funding amount: 60000000
2025-05-06 20:28:18,547 - INFO - Extracted: GenEdit - 23-Jan-24
2025-05-06 20:28:18,547 - INFO - Found funding amount: 24000000
2025-05-06 20:28:18,547 - INFO - Successfully extracted 20 new companies from page 53
2025-05-06 20:28:18,547 - INFO - Attempting to navigate from page 53
2025-05-06 20:28:23,716 - INFO - JavaScript verification confirmed page changed
2025-05-06 20:28:24,832 - INFO - Extracting data from page 54
2025-05-06 20:28:25,489 - INFO - Trying standard table extraction
2025-05-06 20:28:25,544 - INFO - Found funding amount column at index 6
2025-05-06 20:28:25,551 - INFO - Found headquarters column at index 7
2025-05-06 20:28:25,559 - INFO - Found 22 potential data rows
2025-05-06 20:28:25,664 - INFO - Extracted: Neatleaf - 23-Jan-24
2025-05-06 20:28:25,664 - INFO - Found funding amount: 4000000
2025-05-06 20:28:25,712 - INFO - Extracted: Clerk - 23-Jan-24
2025-05-06 20:28:25,713 - INFO - Found funding amount: 30000000
2025-05-06 20:28:25,752 - INFO - Extracted: Ohana Real Estate Investors - 22-Jan-24
2025-05-06 20:28:25,752 - INFO - Found funding amount: 59000000
2025-05-06 20:28:25,794 - INFO - Extracted: Salas O'Brien - 22-Jan-24
2025-05-06 20:28:25,794 - INFO - Found funding amount: 0
2025-05-06 20:28:25,867 - INFO - Extracted: Captura - 22-Jan-24
2025-05-06 20:28:25,867 - INFO - Found funding amount: 21500000
2025-05-06 20:28:26,014 - INFO - Extracted: Better Stack - 22-Jan-24
2025-05-06 20:28:26,015 - INFO - Found funding amount: 10000000
2025-05-06 20:28:26,136 - INFO - Extracted: Bluedot - 22-Jan-24
2025-05-06 20:28:26,137 - INFO - Found funding amount: 5000000
2025-05-06 20:28:26,243 - INFO - Extracted: BuildClub - 22-Jan-24
2025-05-06 20:28:26,243 - INFO - Found funding amount: 1200000
2025-05-06 20:28:26,340 - INFO - Extracted: Metafoodx - 18-Jan-24
2025-05-06 20:28:26,340 - INFO - Found funding amount: 3000000
2025-05-06 20:28:26,438 - INFO - Extracted: Safary - 18-Jan-24
2025-05-06 20:28:26,438 - INFO - Found funding amount: 2400000
2025-05-06 20:28:26,572 - INFO - Extracted: zbyte - 18-Jan-24
2025-05-06 20:28:26,574 - INFO - Found funding amount: 4000000
2025-05-06 20:28:26,694 - INFO - Extracted: Forta - 17-Jan-24
2025-05-06 20:28:26,694 - INFO - Found funding amount: 55000000
2025-05-06 20:28:26,760 - INFO - Extracted: Incognia - 17-Jan-24
2025-05-06 20:28:26,760 - INFO - Found funding amount: 30999967
2025-05-06 20:28:26,912 - INFO - Extracted: Blueshift - 16-Jan-24
2025-05-06 20:28:26,912 - INFO - Found funding amount: 40000000
2025-05-06 20:28:26,974 - INFO - Extracted: Lutheran Social Services of Southern California - 16-Jan-24
2025-05-06 20:28:26,974 - INFO - Found funding amount: 0
2025-05-06 20:28:27,043 - INFO - Extracted: Blue Planet - 16-Jan-24
2025-05-06 20:28:27,044 - INFO - Found funding amount: 0
2025-05-06 20:28:27,108 - INFO - Extracted: Topia - 16-Jan-24
2025-05-06 20:28:27,108 - INFO - Found funding amount: 24440609
2025-05-06 20:28:27,274 - INFO - Extracted: Noctrix Health - 16-Jan-24
2025-05-06 20:28:27,275 - INFO - Found funding amount: 40000000
2025-05-06 20:28:27,342 - INFO - Extracted: Fonda Technologies - 16-Jan-24
2025-05-06 20:28:27,342 - INFO - Found funding amount: 749998
2025-05-06 20:28:27,391 - INFO - Extracted: Chezuba - 12-Jan-24
2025-05-06 20:28:27,391 - INFO - Found funding amount: 1400000
2025-05-06 20:28:27,391 - INFO - Successfully extracted 20 new companies from page 54
2025-05-06 20:28:27,391 - INFO - Attempting to navigate from page 54
2025-05-06 20:28:33,639 - INFO - JavaScript verification confirmed page changed
2025-05-06 20:28:34,242 - INFO - Extracting data from page 55
2025-05-06 20:28:34,677 - INFO - Trying standard table extraction
2025-05-06 20:28:34,727 - INFO - Found funding amount column at index 6
2025-05-06 20:28:34,734 - INFO - Found headquarters column at index 7
2025-05-06 20:28:34,746 - INFO - Found 22 potential data rows
2025-05-06 20:28:34,826 - INFO - Extracted: Rune Labs - 11-Jan-24
2025-05-06 20:28:34,826 - INFO - Found funding amount: 12000000
2025-05-06 20:28:34,895 - INFO - Extracted: Viavi Solutions - 11-Jan-24
2025-05-06 20:28:34,895 - INFO - Found funding amount: 21700000
2025-05-06 20:28:34,953 - INFO - Extracted: Pier - 11-Jan-24
2025-05-06 20:28:34,953 - INFO - Found funding amount: 2400000
2025-05-06 20:28:35,001 - INFO - Extracted: FlutterFlow - 11-Jan-24
2025-05-06 20:28:35,001 - INFO - Found funding amount: 25500000
2025-05-06 20:28:35,055 - INFO - Extracted: Velou - 11-Jan-24
2025-05-06 20:28:35,055 - INFO - Found funding amount: 4000000
2025-05-06 20:28:35,114 - INFO - Extracted: Echo Labs - 10-Jan-24
2025-05-06 20:28:35,114 - INFO - Found funding amount: 7700000
2025-05-06 20:28:35,172 - INFO - Extracted: Quora - 10-Jan-24
2025-05-06 20:28:35,172 - INFO - Found funding amount: 75000000
2025-05-06 20:28:35,220 - INFO - Extracted: Rainbow - 10-Jan-24
2025-05-06 20:28:35,220 - INFO - Found funding amount: 12000000
2025-05-06 20:28:35,260 - INFO - Extracted: Shimmer - 10-Jan-24
2025-05-06 20:28:35,260 - INFO - Found funding amount: 2200000
2025-05-06 20:28:35,297 - INFO - Extracted: Leap AI - 9-Jan-24
2025-05-06 20:28:35,297 - INFO - Found funding amount: 1400000
2025-05-06 20:28:35,331 - INFO - Extracted: Raising the Future - 9-Jan-24
2025-05-06 20:28:35,331 - INFO - Found funding amount: 10000000
2025-05-06 20:28:35,376 - INFO - Extracted: Feel Therapeutics - 9-Jan-24
2025-05-06 20:28:35,377 - INFO - Found funding amount: 0
2025-05-06 20:28:35,439 - INFO - Extracted: Luma AI - 9-Jan-24
2025-05-06 20:28:35,439 - INFO - Found funding amount: 43000000
2025-05-06 20:28:35,478 - INFO - Extracted: anecdotes - 9-Jan-24
2025-05-06 20:28:35,478 - INFO - Found funding amount: 25000000
2025-05-06 20:28:35,513 - INFO - Extracted: MedaSystems - 9-Jan-24
2025-05-06 20:28:35,513 - INFO - Found funding amount: 0
2025-05-06 20:28:35,553 - INFO - Extracted: Revagenix - 5-Jan-24
2025-05-06 20:28:35,553 - INFO - Found funding amount: 0
2025-05-06 20:28:35,587 - INFO - Extracted: UpDoc - 5-Jan-24
2025-05-06 20:28:35,588 - INFO - Found funding amount: 0
2025-05-06 20:28:35,619 - INFO - Extracted: Department of Behavioral Health - 4-Jan-24
2025-05-06 20:28:35,619 - INFO - Found funding amount: 21800000
2025-05-06 20:28:35,663 - INFO - Extracted: Moonwalk Biosciences - 4-Jan-24
2025-05-06 20:28:35,663 - INFO - Found funding amount: 57000000
2025-05-06 20:28:35,733 - INFO - Extracted: Human Immunology Biosciences - 4-Jan-24
2025-05-06 20:28:35,734 - INFO - Found funding amount: 95000000
2025-05-06 20:28:35,734 - INFO - Successfully extracted 20 new companies from page 55
2025-05-06 20:28:35,734 - INFO - Attempting to navigate from page 55
2025-05-06 20:28:42,251 - INFO - JavaScript verification confirmed page changed
2025-05-06 20:28:43,436 - INFO - Extracting data from page 56
2025-05-06 20:28:43,882 - INFO - Trying standard table extraction
2025-05-06 20:28:43,926 - INFO - Found funding amount column at index 6
2025-05-06 20:28:43,930 - INFO - Found headquarters column at index 7
2025-05-06 20:28:43,942 - INFO - Found 5 potential data rows
2025-05-06 20:28:43,985 - INFO - Extracted: Perplexity AI - 4-Jan-24
2025-05-06 20:28:43,985 - INFO - Found funding amount: 70000000
2025-05-06 20:28:44,015 - INFO - Extracted: GSI Technology - 3-Jan-24
2025-05-06 20:28:44,015 - INFO - Found funding amount: 1100000
2025-05-06 20:28:44,045 - INFO - Extracted: Paceline - 1-Jan-24
2025-05-06 20:28:44,045 - INFO - Found funding amount: 0
2025-05-06 20:28:44,045 - INFO - Successfully extracted 3 new companies from page 56
2025-05-06 20:28:44,045 - INFO - Attempting to navigate from page 56
2025-05-06 20:28:50,159 - INFO - JavaScript verification confirmed page changed
2025-05-06 20:28:51,391 - INFO - Extracting data from page 57
2025-05-06 20:28:51,783 - INFO - Trying standard table extraction
2025-05-06 20:28:51,852 - INFO - Found funding amount column at index 6
2025-05-06 20:28:51,856 - INFO - Found headquarters column at index 7
2025-05-06 20:28:51,862 - INFO - Found 5 potential data rows
2025-05-06 20:28:51,974 - INFO - Retry attempt 1 for data extraction
2025-05-06 20:28:53,807 - INFO - Trying standard table extraction
2025-05-06 20:28:53,843 - INFO - Found funding amount column at index 6
2025-05-06 20:28:53,847 - INFO - Found headquarters column at index 7
2025-05-06 20:28:53,853 - INFO - Found 5 potential data rows
2025-05-06 20:28:53,969 - INFO - Retry attempt 2 for data extraction
2025-05-06 20:28:55,209 - INFO - Refreshing page for final extraction attempt
2025-05-06 20:28:58,110 - INFO - Found overlay using selector: //div[contains(@class, 'conv-wrap')]
2025-05-06 20:28:58,139 - INFO - No close button found, removing overlay with JavaScript
2025-05-06 20:28:58,814 - INFO - Found overlay using selector: //div[contains(@class, 'overlay')]
2025-05-06 20:28:58,820 - INFO - No close button found, removing overlay with JavaScript
2025-05-06 20:29:00,657 - INFO - Trying standard table extraction
2025-05-06 20:29:00,706 - INFO - Found funding amount column at index 6
2025-05-06 20:29:00,710 - INFO - Found headquarters column at index 7
2025-05-06 20:29:00,724 - INFO - Found 22 potential data rows
2025-05-06 20:29:01,520 - WARNING - No new companies found on page 57. Empty page count: 1
2025-05-06 20:29:01,520 - INFO - Attempting to navigate from page 57
2025-05-06 20:29:07,381 - INFO - JavaScript verification confirmed page changed
2025-05-06 20:29:08,423 - INFO - Extracting data from page 58
2025-05-06 20:29:08,885 - INFO - Trying standard table extraction
2025-05-06 20:29:08,919 - INFO - Found funding amount column at index 6
2025-05-06 20:29:08,924 - INFO - Found headquarters column at index 7
2025-05-06 20:29:08,933 - INFO - Found 22 potential data rows
2025-05-06 20:29:09,710 - INFO - Retry attempt 1 for data extraction
2025-05-06 20:29:11,032 - INFO - Trying standard table extraction
2025-05-06 20:29:11,141 - INFO - Found funding amount column at index 6
2025-05-06 20:29:11,153 - INFO - Found headquarters column at index 7
2025-05-06 20:29:11,171 - INFO - Found 22 potential data rows
2025-05-06 20:29:12,893 - INFO - Retry attempt 2 for data extraction
2025-05-06 20:29:14,287 - INFO - Refreshing page for final extraction attempt
2025-05-06 20:29:16,612 - INFO - Found overlay using selector: //div[contains(@class, 'conv-wrap')]
2025-05-06 20:29:16,616 - INFO - No close button found, removing overlay with JavaScript
2025-05-06 20:29:17,779 - INFO - Found overlay using selector: //div[contains(@class, 'overlay')]
2025-05-06 20:29:17,783 - INFO - No close button found, removing overlay with JavaScript
2025-05-06 20:29:19,315 - INFO - Trying standard table extraction
2025-05-06 20:29:19,361 - INFO - Found funding amount column at index 6
2025-05-06 20:29:19,367 - INFO - Found headquarters column at index 7
2025-05-06 20:29:19,379 - INFO - Found 22 potential data rows
2025-05-06 20:29:20,257 - WARNING - No new companies found on page 58. Empty page count: 2
2025-05-06 20:29:20,257 - INFO - Stopping after 2 consecutive empty pages
2025-05-06 20:29:20,267 - INFO - Successfully saved CSV data to /Users/hk/Downloads/DSFinalYearProject/JSONFolder/fundraisestartup50.csv
2025-05-06 20:29:20,276 - INFO - Successfully saved JSON data to /Users/hk/Downloads/DSFinalYearProject/JSONFolder/fundraisestartup50.json
2025-05-06 20:29:20,283 - INFO - Successfully saved historical data copies in /Users/hk/Downloads/DSFinalYearProject/data_archive/2025-05-06
2025-05-06 20:29:20,284 - INFO - Extraction completed in 528.62 seconds
2025-05-06 20:29:20,284 - INFO - Extracted 1103 companies from 58 pages
2025-05-06 20:29:20,284 - INFO - Found 1103 unique companies
2025-05-06 20:29:20,284 - INFO - Most recent funding dates: ['1-Apr-24', '1-Aug-24', '1-Feb-24', '1-Jan-24', '1-Jul-24']
2025-05-06 20:29:20,375 - INFO - WebDriver closed
2025-05-06 20:29:20,376 - INFO - Next extraction scheduled for: 2025-05-07 20:29:20
